entry_ts,exit_ts,r,side,pair,mode,side_sleeve,cost
1721912400.0,1721919600.0,-1.0785,short,EURJPY,standard_00_50,short,base
1723453200.0,1723460400.0,-1.213,short,EURJPY,standard_00_50,short,base
1723640400.0,1723723200.0,-1.1168,short,EURJPY,standard_00_50,short,base
1724122800.0,1724162400.0,2.3556,short,EURJPY,standard_00_50,short,base
1724230800.0,1724248800.0,-1.1617,short,EURJPY,standard_00_50,short,base
1725037200.0,1725231600.0,-1.1806,short,EURJPY,standard_00_50,short,base
1725544800.0,1725598800.0,2.3823,short,EURJPY,standard_00_50,short,base
1726124400.0,1726149600.0,-1.1554,short,EURJPY,standard_00_50,short,base
1726732800.0,1726740000.0,-1.098,short,EURJPY,standard_00_50,short,base
1726830000.0,1727074800.0,2.3967,short,EURJPY,standard_00_50,short,base
1727164800.0,1727200800.0,2.3396,short,EURJPY,standard_00_50,short,base
1727251200.0,1727254800.0,-1.1849,short,EURJPY,standard_00_50,short,base
1727388000.0,1727395200.0,-1.1476,short,EURJPY,standard_00_50,short,base
1727398800.0,1727463600.0,2.3552,short,EURJPY,standard_00_50,short,base
1727719200.0,1727740800.0,-1.1123,short,EURJPY,standard_00_50,short,base
1727744400.0,1727751600.0,-1.153,short,EURJPY,standard_00_50,short,base
1727881200.0,1727895600.0,-1.1061,short,EURJPY,standard_00_50,short,base
1728046800.0,1728057600.0,-1.1473,short,EURJPY,standard_00_50,short,base
1728468000.0,1728478800.0,-1.1911,short,EURJPY,standard_00_50,short,base
1728532800.0,1728543600.0,2.2034,short,EURJPY,standard_00_50,short,base
1728644400.0,1728648000.0,-1.2433,short,EURJPY,standard_00_50,short,base
1728907200.0,1728910800.0,-1.3033,short,EURJPY,standard_00_50,short,base
1729652400.0,1729656000.0,-1.2389,short,EURJPY,standard_00_50,short,base
1729663200.0,1729674000.0,-1.2273,short,EURJPY,standard_00_50,short,base
1729688400.0,1729742400.0,2.3377,short,EURJPY,standard_00_50,short,base
1729843200.0,1729861200.0,-1.22,short,EURJPY,standard_00_50,short,base
1730192400.0,1730210400.0,2.2677,short,EURJPY,standard_00_50,short,base
1730275200.0,1730278800.0,-1.2612,short,EURJPY,standard_00_50,short,base
1730300400.0,1730354400.0,2.3385,short,EURJPY,standard_00_50,short,base
1730462400.0,1730469600.0,-1.181,short,EURJPY,standard_00_50,short,base
1730822400.0,1730851200.0,2.2618,short,EURJPY,standard_00_50,short,base
1730912400.0,1731034800.0,2.375,short,EURJPY,standard_00_50,short,base
1731301200.0,1731315600.0,2.2964,short,EURJPY,standard_00_50,short,base
1731420000.0,1731430800.0,-1.196,short,EURJPY,standard_00_50,short,base
1731459600.0,1731477600.0,-1.2268,short,EURJPY,standard_00_50,short,base
1731628800.0,1731657600.0,2.3171,short,EURJPY,standard_00_50,short,base
1731945600.0,1732003200.0,2.3414,short,EURJPY,standard_00_50,short,base
1732514400.0,1732525200.0,-1.149,short,EURJPY,standard_00_50,short,base
1732752000.0,1732838400.0,2.3506,short,EURJPY,standard_00_50,short,base
1733400000.0,1733403600.0,-1.1549,short,EURJPY,standard_00_50,short,base
1733490000.0,1733716800.0,2.3443,short,EURJPY,standard_00_50,short,base
1733817600.0,1733900400.0,2.3094,short,EURJPY,standard_00_50,short,base
1733922000.0,1734012000.0,2.3806,short,EURJPY,standard_00_50,short,base
1734084000.0,1734091200.0,-1.1648,short,EURJPY,standard_00_50,short,base
1734314400.0,1734361200.0,-1.191,short,EURJPY,standard_00_50,short,base
1734526800.0,1734548400.0,2.2682,short,EURJPY,standard_00_50,short,base
1734922800.0,1735052400.0,-1.1991,short,EURJPY,standard_00_50,short,base
1735902000.0,1735934400.0,-1.2489,short,EURJPY,standard_00_50,short,base
1736805600.0,1736816400.0,-1.1214,short,EURJPY,standard_00_50,short,base
1737532800.0,1737536400.0,-1.2171,short,EURJPY,standard_00_50,short,base
1738656000.0,1738717200.0,2.3645,short,EURJPY,standard_00_50,short,base
1739347200.0,1739365200.0,-1.1584,short,EURJPY,standard_00_50,short,base
1741158000.0,1741165200.0,-1.0875,short,EURJPY,standard_00_50,short,base
1741672800.0,1741680000.0,-1.1435,short,EURJPY,standard_00_50,short,base
1741698000.0,1741762800.0,-1.1095,short,EURJPY,standard_00_50,short,base
1741766400.0,1741770000.0,-1.169,short,EURJPY,standard_00_50,short,base
1742540400.0,1742558400.0,2.2772,short,EURJPY,standard_00_50,short,base
1742803200.0,1742824800.0,-1.2084,short,EURJPY,standard_00_50,short,base
1743001200.0,1743008400.0,2.2906,short,EURJPY,standard_00_50,short,base
1743624000.0,1743631200.0,2.4032,short,EURJPY,standard_00_50,short,base
1744027200.0,1744034400.0,-1.0728,short,EURJPY,standard_00_50,short,base
1744329600.0,1744358400.0,-1.0849,short,EURJPY,standard_00_50,short,base
1744876800.0,1744891200.0,2.3283,short,EURJPY,standard_00_50,short,base
1745226000.0,1745294400.0,2.3526,short,EURJPY,standard_00_50,short,base
1745564400.0,1745586000.0,-1.2209,short,EURJPY,standard_00_50,short,base
1745996400.0,1746003600.0,-1.2474,short,EURJPY,standard_00_50,short,base
1746694800.0,1746705600.0,-1.2237,short,EURJPY,standard_00_50,short,base
1746745200.0,1746759600.0,2.2591,short,EURJPY,standard_00_50,short,base
1747008000.0,1747011600.0,-1.2304,short,EURJPY,standard_00_50,short,base
1748325600.0,1748332800.0,-1.2772,short,EURJPY,standard_00_50,short,base
1748343600.0,1748347200.0,-1.2063,short,EURJPY,standard_00_50,short,base
1748473200.0,1748476800.0,-1.2639,short,EURJPY,standard_00_50,short,base
1748998800.0,1749009600.0,-1.2368,short,EURJPY,standard_00_50,short,base
1749132000.0,1749135600.0,-1.1857,short,EURJPY,standard_00_50,short,base
1749560400.0,1749571200.0,-1.2248,short,EURJPY,standard_00_50,short,base
1749722400.0,1749729600.0,-1.2191,short,EURJPY,standard_00_50,short,base
1750644000.0,1750651200.0,-1.2271,short,EURJPY,standard_00_50,short,base
1750658400.0,1750669200.0,-1.201,short,EURJPY,standard_00_50,short,base
1751439600.0,1751446800.0,-1.2915,short,EURJPY,standard_00_50,short,base
1752541200.0,1752562800.0,-1.3039,short,EURJPY,standard_00_50,short,base
1752588000.0,1752638400.0,-1.2706,short,EURJPY,standard_00_50,short,base
1753156800.0,1753164000.0,-1.3045,short,EURJPY,standard_00_50,short,base
1753362000.0,1753369200.0,-1.2201,short,EURJPY,standard_00_50,short,base
1753945200.0,1753952400.0,-1.1507,short,EURJPY,standard_00_50,short,base
1754398800.0,1754406000.0,-1.2502,short,EURJPY,standard_00_50,short,base
1754528400.0,1754535600.0,-1.2538,short,EURJPY,standard_00_50,short,base
1755471600.0,1755475200.0,-1.3044,short,EURJPY,standard_00_50,short,base
1755478800.0,1755489600.0,-1.2919,short,EURJPY,standard_00_50,short,base
1755824400.0,1755864000.0,-1.2727,short,EURJPY,standard_00_50,short,base
1757937600.0,1757984400.0,-1.381,short,EURJPY,standard_00_50,short,base
1758236400.0,1758250800.0,2.1432,short,EURJPY,standard_00_50,short,base
1758596400.0,1758610800.0,2.006,short,EURJPY,standard_00_50,short,base
1758672000.0,1758686400.0,-1.3812,short,EURJPY,standard_00_50,short,base
1758816000.0,1758870000.0,-1.3086,short,EURJPY,standard_00_50,short,base
1758895200.0,1758906000.0,-1.3759,short,EURJPY,standard_00_50,short,base
1760922000.0,1760950800.0,2.2666,short,EURJPY,standard_00_50,short,base
1761019200.0,1761022800.0,-1.3214,short,EURJPY,standard_00_50,short,base
1761044400.0,1761181200.0,-1.182,short,EURJPY,standard_00_50,short,base
1761206400.0,1761224400.0,-1.3312,short,EURJPY,standard_00_50,short,base
1761282000.0,1761289200.0,-1.4093,short,EURJPY,standard_00_50,short,base
1761516000.0,1761570000.0,-1.3398,short,EURJPY,standard_00_50,short,base
1761760800.0,1761793200.0,-1.1858,short,EURJPY,standard_00_50,short,base
1762848000.0,1762855200.0,-1.3881,short,EURJPY,standard_00_50,short,base
1762923600.0,1762934400.0,-1.3586,short,EURJPY,standard_00_50,short,base
1762981200.0,1763017200.0,-1.3698,short,EURJPY,standard_00_50,short,base
1763103600.0,1763118000.0,2.1482,short,EURJPY,standard_00_50,short,base
1763474400.0,1763488800.0,-1.2789,short,EURJPY,standard_00_50,short,base
1763553600.0,1763586000.0,-1.272,short,EURJPY,standard_00_50,short,base
1764133200.0,1764140400.0,-1.2793,short,EURJPY,standard_00_50,short,base
1764766800.0,1764774000.0,2.1353,short,EURJPY,standard_00_50,short,base
1764946800.0,1765173600.0,-1.2933,short,EURJPY,standard_00_50,short,base
1765234800.0,1765238400.0,-1.3611,short,EURJPY,standard_00_50,short,base
1765551600.0,1765764000.0,2.1545,short,EURJPY,standard_00_50,short,base
1766124000.0,1766127600.0,-1.2491,short,EURJPY,standard_00_50,short,base
1766394000.0,1766455200.0,2.2597,short,EURJPY,standard_00_50,short,base
1767974400.0,1768183200.0,-1.3029,short,EURJPY,standard_00_50,short,base
1768201200.0,1768233600.0,-1.36,short,EURJPY,standard_00_50,short,base
1768352400.0,1768377600.0,2.162,short,EURJPY,standard_00_50,short,base
1768924800.0,1769061600.0,-1.2153,short,EURJPY,standard_00_50,short,base
1769086800.0,1769108400.0,-1.2872,short,EURJPY,standard_00_50,short,base
1769137200.0,1769148000.0,-1.3233,short,EURJPY,standard_00_50,short,base
1769482800.0,1769497200.0,-1.2379,short,EURJPY,standard_00_50,short,base
1769781600.0,1769990400.0,-1.1867,short,EURJPY,standard_00_50,short,base
1770120000.0,1770134400.0,-1.303,short,EURJPY,standard_00_50,short,base
1770181200.0,1770192000.0,-1.2832,short,EURJPY,standard_00_50,short,base
1770390000.0,1770393600.0,-1.2827,short,EURJPY,standard_00_50,short,base
1770681600.0,1770688800.0,2.2438,short,EURJPY,standard_00_50,short,base
1771408800.0,1771423200.0,-1.3133,short,EURJPY,standard_00_50,short,base
1771426800.0,1771462800.0,-1.2829,short,EURJPY,standard_00_50,short,base
1771578000.0,1771599600.0,-1.2353,short,EURJPY,standard_00_50,short,base
1771920000.0,1772006400.0,-1.2008,short,EURJPY,standard_00_50,short,base
1772175600.0,1772402400.0,2.2355,short,EURJPY,standard_00_50,short,base
1772427600.0,1772434800.0,2.2864,short,EURJPY,standard_00_50,short,base
1772715600.0,1772773200.0,-1.2124,short,EURJPY,standard_00_50,short,base
1773075600.0,1773093600.0,-1.2052,short,EURJPY,standard_00_50,short,base
1773194400.0,1773219600.0,2.1362,short,EURJPY,standard_00_50,short,base
1773680400.0,1773738000.0,-1.2497,short,EURJPY,standard_00_50,short,base
1773774000.0,1773817200.0,2.2005,short,EURJPY,standard_00_50,short,base
1774004400.0,1774018800.0,-1.2957,short,EURJPY,standard_00_50,short,base
1774353600.0,1774371600.0,-1.3023,short,EURJPY,standard_00_50,short,base
1774627200.0,1774828800.0,2.1821,short,EURJPY,standard_00_50,short,base
1774965600.0,1774972800.0,-1.2451,short,EURJPY,standard_00_50,short,base
1775746800.0,1775761200.0,-1.3514,short,EURJPY,standard_00_50,short,base
1775815200.0,1775826000.0,-1.4383,short,EURJPY,standard_00_50,short,base
1776088800.0,1776092400.0,-1.3963,short,EURJPY,standard_00_50,short,base
1776096000.0,1776103200.0,-1.3752,short,EURJPY,standard_00_50,short,base
1776373200.0,1776384000.0,-1.4826,short,EURJPY,standard_00_50,short,base
1776402000.0,1776412800.0,1.9864,short,EURJPY,standard_00_50,short,base
1777269600.0,1777273200.0,-1.5323,short,EURJPY,standard_00_50,short,base
1777276800.0,1777294800.0,-1.4622,short,EURJPY,standard_00_50,short,base
1777399200.0,1777467600.0,-1.289,short,EURJPY,standard_00_50,short,base
1777532400.0,1777536000.0,2.2143,short,EURJPY,standard_00_50,short,base
1777989600.0,1778022000.0,-1.3081,short,EURJPY,standard_00_50,short,base
1778036400.0,1778040000.0,2.0599,short,EURJPY,standard_00_50,short,base
1778234400.0,1778263200.0,-1.4636,short,EURJPY,standard_00_50,short,base
1778486400.0,1778504400.0,-1.3113,short,EURJPY,standard_00_50,short,base
1778562000.0,1778731200.0,2.1754,short,EURJPY,standard_00_50,short,base
1779087600.0,1779105600.0,-1.3463,short,EURJPY,standard_00_50,short,base
1779116400.0,1779120000.0,-1.3685,short,EURJPY,standard_00_50,short,base
1779696000.0,1779778800.0,-1.4871,short,EURJPY,standard_00_50,short,base
1779865200.0,1779868800.0,-1.6142,short,EURJPY,standard_00_50,short,base
1779976800.0,1780012800.0,-1.3428,short,EURJPY,standard_00_50,short,base
1780398000.0,1780401600.0,-1.627,short,EURJPY,standard_00_50,short,base
1781010000.0,1781053200.0,2.074,short,EURJPY,standard_00_50,short,base
1781096400.0,1781172000.0,2.1633,short,EURJPY,standard_00_50,short,base
1781269200.0,1781474400.0,-1.3108,short,EURJPY,standard_00_50,short,base
1781521200.0,1781571600.0,2.1002,short,EURJPY,standard_00_50,short,base
1781600400.0,1781604000.0,-1.3793,short,EURJPY,standard_00_50,short,base
1782378000.0,1782385200.0,2.0891,short,EURJPY,standard_00_50,short,base
1783090800.0,1783292400.0,-1.3164,short,EURJPY,standard_00_50,short,base
1721912400.0,1721919600.0,-1.1308,short,EURJPY,standard_00_50,short,stress
1723453200.0,1723460400.0,-1.355,short,EURJPY,standard_00_50,short,stress
1723640400.0,1723723200.0,-1.1947,short,EURJPY,standard_00_50,short,stress
1724122800.0,1724162400.0,2.2593,short,EURJPY,standard_00_50,short,stress
1724230800.0,1724248800.0,-1.2695,short,EURJPY,standard_00_50,short,stress
1725037200.0,1725231600.0,-1.301,short,EURJPY,standard_00_50,short,stress
1725544800.0,1725598800.0,2.3039,short,EURJPY,standard_00_50,short,stress
1726124400.0,1726149600.0,-1.259,short,EURJPY,standard_00_50,short,stress
1726732800.0,1726740000.0,-1.1634,short,EURJPY,standard_00_50,short,stress
1726830000.0,1727074800.0,2.3278,short,EURJPY,standard_00_50,short,stress
1727164800.0,1727200800.0,2.2327,short,EURJPY,standard_00_50,short,stress
1727251200.0,1727254800.0,-1.3082,short,EURJPY,standard_00_50,short,stress
1727388000.0,1727395200.0,-1.2461,short,EURJPY,standard_00_50,short,stress
1727398800.0,1727463600.0,2.2586,short,EURJPY,standard_00_50,short,stress
1727719200.0,1727740800.0,-1.1871,short,EURJPY,standard_00_50,short,stress
1727744400.0,1727751600.0,-1.255,short,EURJPY,standard_00_50,short,stress
1727881200.0,1727895600.0,-1.1768,short,EURJPY,standard_00_50,short,stress
1728046800.0,1728057600.0,-1.2455,short,EURJPY,standard_00_50,short,stress
1728468000.0,1728478800.0,-1.3185,short,EURJPY,standard_00_50,short,stress
1728532800.0,1728543600.0,2.0057,short,EURJPY,standard_00_50,short,stress
1728644400.0,1728648000.0,-1.4055,short,EURJPY,standard_00_50,short,stress
1728907200.0,1728910800.0,-1.5054,short,EURJPY,standard_00_50,short,stress
1729652400.0,1729656000.0,-1.3982,short,EURJPY,standard_00_50,short,stress
1729663200.0,1729674000.0,-1.3789,short,EURJPY,standard_00_50,short,stress
1729688400.0,1729742400.0,2.2295,short,EURJPY,standard_00_50,short,stress
1729843200.0,1729861200.0,-1.3667,short,EURJPY,standard_00_50,short,stress
1730192400.0,1730210400.0,2.1128,short,EURJPY,standard_00_50,short,stress
1730275200.0,1730278800.0,-1.4354,short,EURJPY,standard_00_50,short,stress
1730300400.0,1730354400.0,2.2309,short,EURJPY,standard_00_50,short,stress
1730462400.0,1730469600.0,-1.3017,short,EURJPY,standard_00_50,short,stress
1730822400.0,1730851200.0,2.1029,short,EURJPY,standard_00_50,short,stress
1730912400.0,1731034800.0,2.2917,short,EURJPY,standard_00_50,short,stress
1731301200.0,1731315600.0,2.1606,short,EURJPY,standard_00_50,short,stress
1731420000.0,1731430800.0,-1.3266,short,EURJPY,standard_00_50,short,stress
1731459600.0,1731477600.0,-1.378,short,EURJPY,standard_00_50,short,stress
1731628800.0,1731657600.0,2.1952,short,EURJPY,standard_00_50,short,stress
1731945600.0,1732003200.0,2.2357,short,EURJPY,standard_00_50,short,stress
1732514400.0,1732525200.0,-1.2483,short,EURJPY,standard_00_50,short,stress
1732752000.0,1732838400.0,2.2511,short,EURJPY,standard_00_50,short,stress
1733400000.0,1733403600.0,-1.2582,short,EURJPY,standard_00_50,short,stress
1733490000.0,1733716800.0,2.2405,short,EURJPY,standard_00_50,short,stress
1733817600.0,1733900400.0,2.1824,short,EURJPY,standard_00_50,short,stress
1733922000.0,1734012000.0,2.3009,short,EURJPY,standard_00_50,short,stress
1734084000.0,1734091200.0,-1.2746,short,EURJPY,standard_00_50,short,stress
1734314400.0,1734361200.0,-1.3183,short,EURJPY,standard_00_50,short,stress
1734526800.0,1734548400.0,2.1136,short,EURJPY,standard_00_50,short,stress
1734922800.0,1735052400.0,-1.3319,short,EURJPY,standard_00_50,short,stress
1735902000.0,1735934400.0,-1.4148,short,EURJPY,standard_00_50,short,stress
1736805600.0,1736816400.0,-1.2023,short,EURJPY,standard_00_50,short,stress
1737532800.0,1737536400.0,-1.3618,short,EURJPY,standard_00_50,short,stress
1738656000.0,1738717200.0,2.2742,short,EURJPY,standard_00_50,short,stress
1739347200.0,1739365200.0,-1.2641,short,EURJPY,standard_00_50,short,stress
1741158000.0,1741165200.0,-1.1459,short,EURJPY,standard_00_50,short,stress
1741672800.0,1741680000.0,-1.2392,short,EURJPY,standard_00_50,short,stress
1741698000.0,1741762800.0,-1.1825,short,EURJPY,standard_00_50,short,stress
1741766400.0,1741770000.0,-1.2816,short,EURJPY,standard_00_50,short,stress
1742540400.0,1742558400.0,2.1286,short,EURJPY,standard_00_50,short,stress
1742803200.0,1742824800.0,-1.3474,short,EURJPY,standard_00_50,short,stress
1743001200.0,1743008400.0,2.1511,short,EURJPY,standard_00_50,short,stress
1743624000.0,1743631200.0,2.3386,short,EURJPY,standard_00_50,short,stress
1744027200.0,1744034400.0,-1.1214,short,EURJPY,standard_00_50,short,stress
1744329600.0,1744358400.0,-1.1415,short,EURJPY,standard_00_50,short,stress
1744876800.0,1744891200.0,2.2138,short,EURJPY,standard_00_50,short,stress
1745226000.0,1745294400.0,2.2543,short,EURJPY,standard_00_50,short,stress
1745564400.0,1745586000.0,-1.3682,short,EURJPY,standard_00_50,short,stress
1745996400.0,1746003600.0,-1.4123,short,EURJPY,standard_00_50,short,stress
1746694800.0,1746705600.0,-1.3729,short,EURJPY,standard_00_50,short,stress
1746745200.0,1746759600.0,2.0985,short,EURJPY,standard_00_50,short,stress
1747008000.0,1747011600.0,-1.3839,short,EURJPY,standard_00_50,short,stress
1748325600.0,1748332800.0,-1.4621,short,EURJPY,standard_00_50,short,stress
1748343600.0,1748347200.0,-1.3439,short,EURJPY,standard_00_50,short,stress
1748473200.0,1748476800.0,-1.4398,short,EURJPY,standard_00_50,short,stress
1748998800.0,1749009600.0,-1.3947,short,EURJPY,standard_00_50,short,stress
1749132000.0,1749135600.0,-1.3094,short,EURJPY,standard_00_50,short,stress
1749560400.0,1749571200.0,-1.3747,short,EURJPY,standard_00_50,short,stress
1749722400.0,1749729600.0,-1.3651,short,EURJPY,standard_00_50,short,stress
1750644000.0,1750651200.0,-1.3784,short,EURJPY,standard_00_50,short,stress
1750658400.0,1750669200.0,-1.3349,short,EURJPY,standard_00_50,short,stress
1751439600.0,1751446800.0,-1.4858,short,EURJPY,standard_00_50,short,stress
1752541200.0,1752562800.0,-1.5065,short,EURJPY,standard_00_50,short,stress
1752588000.0,1752638400.0,-1.451,short,EURJPY,standard_00_50,short,stress
1753156800.0,1753164000.0,-1.5074,short,EURJPY,standard_00_50,short,stress
1753362000.0,1753369200.0,-1.3668,short,EURJPY,standard_00_50,short,stress
1753945200.0,1753952400.0,-1.2511,short,EURJPY,standard_00_50,short,stress
1754398800.0,1754406000.0,-1.4169,short,EURJPY,standard_00_50,short,stress
1754528400.0,1754535600.0,-1.423,short,EURJPY,standard_00_50,short,stress
1755471600.0,1755475200.0,-1.5073,short,EURJPY,standard_00_50,short,stress
1755478800.0,1755489600.0,-1.4865,short,EURJPY,standard_00_50,short,stress
1755824400.0,1755864000.0,-1.4546,short,EURJPY,standard_00_50,short,stress
1757937600.0,1757984400.0,-1.6349,short,EURJPY,standard_00_50,short,stress
1758236400.0,1758250800.0,1.9053,short,EURJPY,standard_00_50,short,stress
1758596400.0,1758610800.0,1.6766,short,EURJPY,standard_00_50,short,stress
1758672000.0,1758686400.0,-1.6353,short,EURJPY,standard_00_50,short,stress
1758816000.0,1758870000.0,-1.5144,short,EURJPY,standard_00_50,short,stress
1758895200.0,1758906000.0,-1.6265,short,EURJPY,standard_00_50,short,stress
1760922000.0,1760950800.0,2.111,short,EURJPY,standard_00_50,short,stress
1761019200.0,1761022800.0,-1.5357,short,EURJPY,standard_00_50,short,stress
1761044400.0,1761181200.0,-1.3033,short,EURJPY,standard_00_50,short,stress
1761206400.0,1761224400.0,-1.5519,short,EURJPY,standard_00_50,short,stress
1761282000.0,1761289200.0,-1.6822,short,EURJPY,standard_00_50,short,stress
1761516000.0,1761570000.0,-1.5663,short,EURJPY,standard_00_50,short,stress
1761760800.0,1761793200.0,-1.3096,short,EURJPY,standard_00_50,short,stress
1762848000.0,1762855200.0,-1.6468,short,EURJPY,standard_00_50,short,stress
1762923600.0,1762934400.0,-1.5977,short,EURJPY,standard_00_50,short,stress
1762981200.0,1763017200.0,-1.6164,short,EURJPY,standard_00_50,short,stress
1763103600.0,1763118000.0,1.9137,short,EURJPY,standard_00_50,short,stress
1763474400.0,1763488800.0,-1.4648,short,EURJPY,standard_00_50,short,stress
1763553600.0,1763586000.0,-1.4533,short,EURJPY,standard_00_50,short,stress
1764133200.0,1764140400.0,-1.4654,short,EURJPY,standard_00_50,short,stress
1764766800.0,1764774000.0,1.8921,short,EURJPY,standard_00_50,short,stress
1764946800.0,1765173600.0,-1.4889,short,EURJPY,standard_00_50,short,stress
1765234800.0,1765238400.0,-1.6019,short,EURJPY,standard_00_50,short,stress
1765551600.0,1765764000.0,1.9242,short,EURJPY,standard_00_50,short,stress
1766124000.0,1766127600.0,-1.4152,short,EURJPY,standard_00_50,short,stress
1766394000.0,1766455200.0,2.0995,short,EURJPY,standard_00_50,short,stress
1767974400.0,1768183200.0,-1.5048,short,EURJPY,standard_00_50,short,stress
1768201200.0,1768233600.0,-1.6,short,EURJPY,standard_00_50,short,stress
1768352400.0,1768377600.0,1.9367,short,EURJPY,standard_00_50,short,stress
1768924800.0,1769061600.0,-1.3589,short,EURJPY,standard_00_50,short,stress
1769086800.0,1769108400.0,-1.4786,short,EURJPY,standard_00_50,short,stress
1769137200.0,1769148000.0,-1.5388,short,EURJPY,standard_00_50,short,stress
1769482800.0,1769497200.0,-1.3966,short,EURJPY,standard_00_50,short,stress
1769781600.0,1769990400.0,-1.3112,short,EURJPY,standard_00_50,short,stress
1770120000.0,1770134400.0,-1.5051,short,EURJPY,standard_00_50,short,stress
1770181200.0,1770192000.0,-1.472,short,EURJPY,standard_00_50,short,stress
1770390000.0,1770393600.0,-1.4712,short,EURJPY,standard_00_50,short,stress
1770681600.0,1770688800.0,2.073,short,EURJPY,standard_00_50,short,stress
1771408800.0,1771423200.0,-1.5222,short,EURJPY,standard_00_50,short,stress
1771426800.0,1771462800.0,-1.4714,short,EURJPY,standard_00_50,short,stress
1771578000.0,1771599600.0,-1.3922,short,EURJPY,standard_00_50,short,stress
1771920000.0,1772006400.0,-1.3347,short,EURJPY,standard_00_50,short,stress
1772175600.0,1772402400.0,2.0591,short,EURJPY,standard_00_50,short,stress
1772427600.0,1772434800.0,2.1439,short,EURJPY,standard_00_50,short,stress
1772715600.0,1772773200.0,-1.354,short,EURJPY,standard_00_50,short,stress
1773075600.0,1773093600.0,-1.342,short,EURJPY,standard_00_50,short,stress
1773194400.0,1773219600.0,1.8936,short,EURJPY,standard_00_50,short,stress
1773680400.0,1773738000.0,-1.4161,short,EURJPY,standard_00_50,short,stress
1773774000.0,1773817200.0,2.0008,short,EURJPY,standard_00_50,short,stress
1774004400.0,1774018800.0,-1.4928,short,EURJPY,standard_00_50,short,stress
1774353600.0,1774371600.0,-1.5038,short,EURJPY,standard_00_50,short,stress
1774627200.0,1774828800.0,1.9701,short,EURJPY,standard_00_50,short,stress
1774965600.0,1774972800.0,-1.4085,short,EURJPY,standard_00_50,short,stress
1775746800.0,1775761200.0,-1.5857,short,EURJPY,standard_00_50,short,stress
1775815200.0,1775826000.0,-1.7304,short,EURJPY,standard_00_50,short,stress
1776088800.0,1776092400.0,-1.6605,short,EURJPY,standard_00_50,short,stress
1776096000.0,1776103200.0,-1.6253,short,EURJPY,standard_00_50,short,stress
1776373200.0,1776384000.0,-1.8043,short,EURJPY,standard_00_50,short,stress
1776402000.0,1776412800.0,1.6441,short,EURJPY,standard_00_50,short,stress
1777269600.0,1777273200.0,-1.8872,short,EURJPY,standard_00_50,short,stress
1777276800.0,1777294800.0,-1.7704,short,EURJPY,standard_00_50,short,stress
1777399200.0,1777467600.0,-1.4817,short,EURJPY,standard_00_50,short,stress
1777532400.0,1777536000.0,2.0239,short,EURJPY,standard_00_50,short,stress
1777989600.0,1778022000.0,-1.5134,short,EURJPY,standard_00_50,short,stress
1778036400.0,1778040000.0,1.7666,short,EURJPY,standard_00_50,short,stress
1778234400.0,1778263200.0,-1.7726,short,EURJPY,standard_00_50,short,stress
1778486400.0,1778504400.0,-1.5189,short,EURJPY,standard_00_50,short,stress
1778562000.0,1778731200.0,1.9589,short,EURJPY,standard_00_50,short,stress
1779087600.0,1779105600.0,-1.5772,short,EURJPY,standard_00_50,short,stress
1779116400.0,1779120000.0,-1.6141,short,EURJPY,standard_00_50,short,stress
1779696000.0,1779778800.0,-1.8118,short,EURJPY,standard_00_50,short,stress
1779865200.0,1779868800.0,-2.0237,short,EURJPY,standard_00_50,short,stress
1779976800.0,1780012800.0,-1.5713,short,EURJPY,standard_00_50,short,stress
1780398000.0,1780401600.0,-2.0451,short,EURJPY,standard_00_50,short,stress
1781010000.0,1781053200.0,1.7901,short,EURJPY,standard_00_50,short,stress
1781096400.0,1781172000.0,1.9388,short,EURJPY,standard_00_50,short,stress
1781269200.0,1781474400.0,-1.5181,short,EURJPY,standard_00_50,short,stress
1781521200.0,1781571600.0,1.8336,short,EURJPY,standard_00_50,short,stress
1781600400.0,1781604000.0,-1.6322,short,EURJPY,standard_00_50,short,stress
1782378000.0,1782385200.0,1.8151,short,EURJPY,standard_00_50,short,stress
1783090800.0,1783292400.0,-1.5274,short,EURJPY,standard_00_50,short,stress
1720702800.0,1720706400.0,-1.1278,long,EURJPY,standard_00_50,long,base
1721890800.0,1721908800.0,2.3887,long,EURJPY,standard_00_50,long,base
1722002400.0,1722319200.0,2.3939,long,EURJPY,standard_00_50,long,base
1722376800.0,1722380400.0,-1.115,long,EURJPY,standard_00_50,long,base
1722394800.0,1722398400.0,-1.0755,long,EURJPY,standard_00_50,long,base
1722412800.0,1722434400.0,-1.0539,long,EURJPY,standard_00_50,long,base
1722837600.0,1722870000.0,2.4455,long,EURJPY,standard_00_50,long,base
1723071600.0,1723075200.0,-1.0964,long,EURJPY,standard_00_50,long,base
1724173200.0,1724191200.0,-1.1375,long,EURJPY,standard_00_50,long,base
1724626800.0,1724630400.0,-1.1411,long,EURJPY,standard_00_50,long,base
1724677200.0,1724742000.0,2.3581,long,EURJPY,standard_00_50,long,base
1724760000.0,1724796000.0,-1.1598,long,EURJPY,standard_00_50,long,base
1725336000.0,1725339600.0,-1.2285,long,EURJPY,standard_00_50,long,base
1725404400.0,1725408000.0,-1.1627,long,EURJPY,standard_00_50,long,base
1726016400.0,1726023600.0,-1.1477,long,EURJPY,standard_00_50,long,base
1726185600.0,1726192800.0,-1.1255,long,EURJPY,standard_00_50,long,base
1726214400.0,1726232400.0,-1.1438,long,EURJPY,standard_00_50,long,base
1726459200.0,1726466400.0,-1.1875,long,EURJPY,standard_00_50,long,base
1726812000.0,1726826400.0,2.3713,long,EURJPY,standard_00_50,long,base
1728291600.0,1728338400.0,-1.1648,long,EURJPY,standard_00_50,long,base
1728352800.0,1728450000.0,2.3304,long,EURJPY,standard_00_50,long,base
1728982800.0,1729033200.0,-1.23,long,EURJPY,standard_00_50,long,base
1729170000.0,1729476000.0,-1.2015,long,EURJPY,standard_00_50,long,base
1729479600.0,1729494000.0,2.2346,long,EURJPY,standard_00_50,long,base
1729753200.0,1729760400.0,-1.202,long,EURJPY,standard_00_50,long,base
1730286000.0,1730296800.0,2.3031,long,EURJPY,standard_00_50,long,base
1730358000.0,1730361600.0,-1.1532,long,EURJPY,standard_00_50,long,base
1730851200.0,1730862000.0,-1.1838,long,EURJPY,standard_00_50,long,base
1730894400.0,1731038400.0,-1.1096,long,EURJPY,standard_00_50,long,base
1731085200.0,1731290400.0,2.3593,long,EURJPY,standard_00_50,long,base
1732006800.0,1732032000.0,2.3861,long,EURJPY,standard_00_50,long,base
1732114800.0,1732118400.0,-1.1611,long,EURJPY,standard_00_50,long,base
1732683600.0,1732687200.0,-1.1768,long,EURJPY,standard_00_50,long,base
1732834800.0,1732838400.0,-1.2334,long,EURJPY,standard_00_50,long,base
1733140800.0,1733148000.0,-1.1339,long,EURJPY,standard_00_50,long,base
1734674400.0,1734685200.0,-1.1533,long,EURJPY,standard_00_50,long,base
1735621200.0,1735635600.0,2.2862,long,EURJPY,standard_00_50,long,base
1735833600.0,1736150400.0,2.3872,long,EURJPY,standard_00_50,long,base
1736499600.0,1736514000.0,-1.2088,long,EURJPY,standard_00_50,long,base
1736992800.0,1737043200.0,-1.157,long,EURJPY,standard_00_50,long,base
1738728000.0,1738749600.0,-1.165,long,EURJPY,standard_00_50,long,base
1738839600.0,1738846800.0,-1.1693,long,EURJPY,standard_00_50,long,base
1739455200.0,1739469600.0,-1.1343,long,EURJPY,standard_00_50,long,base
1740016800.0,1740020400.0,-1.1779,long,EURJPY,standard_00_50,long,base
1740589200.0,1740592800.0,-1.1536,long,EURJPY,standard_00_50,long,base
1740596400.0,1740646800.0,2.353,long,EURJPY,standard_00_50,long,base
1740668400.0,1740686400.0,-1.1189,long,EURJPY,standard_00_50,long,base
1740708000.0,1740726000.0,2.3975,long,EURJPY,standard_00_50,long,base
1741100400.0,1741111200.0,2.4031,long,EURJPY,standard_00_50,long,base
1741251600.0,1741262400.0,-1.1396,long,EURJPY,standard_00_50,long,base
1741604400.0,1741611600.0,-1.1094,long,EURJPY,standard_00_50,long,base
1741852800.0,1741863600.0,-1.1823,long,EURJPY,standard_00_50,long,base
1741867200.0,1741885200.0,-1.1384,long,EURJPY,standard_00_50,long,base
1742562000.0,1742569200.0,-1.1445,long,EURJPY,standard_00_50,long,base
1743750000.0,1743760800.0,-1.1051,long,EURJPY,standard_00_50,long,base
1743775200.0,1743973200.0,-1.0692,long,EURJPY,standard_00_50,long,base
1744153200.0,1744156800.0,-1.112,long,EURJPY,standard_00_50,long,base
1744725600.0,1744732800.0,-1.1339,long,EURJPY,standard_00_50,long,base
1744891200.0,1744898400.0,-1.1515,long,EURJPY,standard_00_50,long,base
1745323200.0,1745355600.0,2.3159,long,EURJPY,standard_00_50,long,base
1745931600.0,1745946000.0,-1.2511,long,EURJPY,standard_00_50,long,base
1746406800.0,1746432000.0,-1.1934,long,EURJPY,standard_00_50,long,base
1746489600.0,1746518400.0,-1.2551,long,EURJPY,standard_00_50,long,base
1746522000.0,1746529200.0,-1.2356,long,EURJPY,standard_00_50,long,base
1747278000.0,1747285200.0,-1.2208,long,EURJPY,standard_00_50,long,base
1747602000.0,1747605600.0,-1.2583,long,EURJPY,standard_00_50,long,base
1748516400.0,1748570400.0,-1.1935,long,EURJPY,standard_00_50,long,base
1748606400.0,1748613600.0,2.294,long,EURJPY,standard_00_50,long,base
1748937600.0,1748955600.0,2.2645,long,EURJPY,standard_00_50,long,base
1749070800.0,1749106800.0,2.2714,long,EURJPY,standard_00_50,long,base
1750251600.0,1750294800.0,-1.2328,long,EURJPY,standard_00_50,long,base
1750748400.0,1750752000.0,-1.2573,long,EURJPY,standard_00_50,long,base
1750770000.0,1750838400.0,2.2899,long,EURJPY,standard_00_50,long,base
1752058800.0,1752066000.0,-1.2894,long,EURJPY,standard_00_50,long,base
1752069600.0,1752076800.0,-1.2774,long,EURJPY,standard_00_50,long,base
1752192000.0,1752199200.0,2.2103,long,EURJPY,standard_00_50,long,base
1752678000.0,1752685200.0,-1.2067,long,EURJPY,standard_00_50,long,base
1753077600.0,1753099200.0,-1.2073,long,EURJPY,standard_00_50,long,base
1753192800.0,1753214400.0,2.3084,long,EURJPY,standard_00_50,long,base
1753707600.0,1753718400.0,-1.2145,long,EURJPY,standard_00_50,long,base
1753801200.0,1753844400.0,-1.1685,long,EURJPY,standard_00_50,long,base
1753902000.0,1753905600.0,-1.2569,long,EURJPY,standard_00_50,long,base
1753930800.0,1753941600.0,2.2838,long,EURJPY,standard_00_50,long,base
1754049600.0,1754053200.0,-1.2171,long,EURJPY,standard_00_50,long,base
1754060400.0,1754064000.0,-1.1855,long,EURJPY,standard_00_50,long,base
1754326800.0,1754373600.0,-1.2169,long,EURJPY,standard_00_50,long,base
1754575200.0,1754650800.0,2.2884,long,EURJPY,standard_00_50,long,base
1755565200.0,1755597600.0,2.2548,long,EURJPY,standard_00_50,long,base
1755655200.0,1755669600.0,-1.2626,long,EURJPY,standard_00_50,long,base
1755871200.0,1757019600.0,2.2687,long,EURJPY,standard_00_50,long,base
1757397600.0,1757404800.0,-1.3403,long,EURJPY,standard_00_50,long,base
1757908800.0,1757934000.0,2.0547,long,EURJPY,standard_00_50,long,base
1758002400.0,1758006000.0,-1.4329,long,EURJPY,standard_00_50,long,base
1758096000.0,1758099600.0,-1.3639,long,EURJPY,standard_00_50,long,base
1759204800.0,1759212000.0,-1.3369,long,EURJPY,standard_00_50,long,base
1759240800.0,1759298400.0,-1.2449,long,EURJPY,standard_00_50,long,base
1759320000.0,1759453200.0,2.2708,long,EURJPY,standard_00_50,long,base
1760122800.0,1760126400.0,-1.1774,long,EURJPY,standard_00_50,long,base
1760414400.0,1760418000.0,-1.3424,long,EURJPY,standard_00_50,long,base
1760508000.0,1760518800.0,2.2177,long,EURJPY,standard_00_50,long,base
1760630400.0,1760680800.0,-1.2127,long,EURJPY,standard_00_50,long,base
1761642000.0,1761692400.0,-1.2572,long,EURJPY,standard_00_50,long,base
1761922800.0,1761933600.0,-1.2144,long,EURJPY,standard_00_50,long,base
1762236000.0,1762239600.0,-1.3389,long,EURJPY,standard_00_50,long,base
1762250400.0,1762254000.0,-1.2334,long,EURJPY,standard_00_50,long,base
1762304400.0,1762318800.0,2.2346,long,EURJPY,standard_00_50,long,base
1762448400.0,1762506000.0,2.251,long,EURJPY,standard_00_50,long,base
1764046800.0,1764061200.0,-1.4153,long,EURJPY,standard_00_50,long,base
1764295200.0,1764298800.0,-1.3991,long,EURJPY,standard_00_50,long,base
1764327600.0,1764349200.0,2.2503,long,EURJPY,standard_00_50,long,base
1765418400.0,1765461600.0,-1.2331,long,EURJPY,standard_00_50,long,base
1765465200.0,1765544400.0,2.2656,long,EURJPY,standard_00_50,long,base
1765778400.0,1765810800.0,2.1991,long,EURJPY,standard_00_50,long,base
1765854000.0,1765861200.0,-1.297,long,EURJPY,standard_00_50,long,base
1766059200.0,1766066400.0,-1.2984,long,EURJPY,standard_00_50,long,base
1766480400.0,1766538000.0,-1.2554,long,EURJPY,standard_00_50,long,base
1766559600.0,1766584800.0,-1.2817,long,EURJPY,standard_00_50,long,base
1767024000.0,1767189600.0,2.2787,long,EURJPY,standard_00_50,long,base
1767582000.0,1767600000.0,-1.3039,long,EURJPY,standard_00_50,long,base
1767700800.0,1767762000.0,-1.328,long,EURJPY,standard_00_50,long,base
1768377600.0,1768381200.0,-1.3601,long,EURJPY,standard_00_50,long,base
1768572000.0,1768575600.0,-1.2442,long,EURJPY,standard_00_50,long,base
1769194800.0,1769378400.0,-1.1025,long,EURJPY,standard_00_50,long,base
1769410800.0,1769414400.0,-1.1181,long,EURJPY,standard_00_50,long,base
1769425200.0,1769490000.0,2.3969,long,EURJPY,standard_00_50,long,base
1769504400.0,1769544000.0,2.3164,long,EURJPY,standard_00_50,long,base
1770336000.0,1770368400.0,2.2951,long,EURJPY,standard_00_50,long,base
1770739200.0,1770768000.0,-1.1783,long,EURJPY,standard_00_50,long,base
1770829200.0,1770861600.0,-1.1289,long,EURJPY,standard_00_50,long,base
1771311600.0,1771315200.0,-1.2691,long,EURJPY,standard_00_50,long,base
1771862400.0,1771894800.0,2.2099,long,EURJPY,standard_00_50,long,base
1772092800.0,1772118000.0,-1.3015,long,EURJPY,standard_00_50,long,base
1772550000.0,1772668800.0,-1.1623,long,EURJPY,standard_00_50,long,base
1773280800.0,1773298800.0,-1.3646,long,EURJPY,standard_00_50,long,base
1773900000.0,1773903600.0,-1.2977,long,EURJPY,standard_00_50,long,base
1774569600.0,1774623600.0,2.1784,long,EURJPY,standard_00_50,long,base
1774857600.0,1774861200.0,-1.2809,long,EURJPY,standard_00_50,long,base
1775221200.0,1775224800.0,-1.4779,long,EURJPY,standard_00_50,long,base
1777863600.0,1777971600.0,2.3162,long,EURJPY,standard_00_50,long,base
1778763600.0,1778824800.0,-1.3082,long,EURJPY,standard_00_50,long,base
1779458400.0,1779469200.0,2.0401,long,EURJPY,standard_00_50,long,base
1779757200.0,1779778800.0,1.9201,long,EURJPY,standard_00_50,long,base
1779940800.0,1779966000.0,2.0207,long,EURJPY,standard_00_50,long,base
1780322400.0,1780372800.0,2.0521,long,EURJPY,standard_00_50,long,base
1781172000.0,1781179200.0,-1.4421,long,EURJPY,standard_00_50,long,base
1781578800.0,1781589600.0,-1.4666,long,EURJPY,standard_00_50,long,base
1782205200.0,1782208800.0,-1.356,long,EURJPY,standard_00_50,long,base
1782216000.0,1782223200.0,-1.3092,long,EURJPY,standard_00_50,long,base
1782273600.0,1782280800.0,1.9603,long,EURJPY,standard_00_50,long,base
1782288000.0,1782291600.0,-1.4314,long,EURJPY,standard_00_50,long,base
1782385200.0,1782392400.0,2.1355,long,EURJPY,standard_00_50,long,base
1782910800.0,1782918000.0,-1.2891,long,EURJPY,standard_00_50,long,base
1720702800.0,1720706400.0,-1.213,long,EURJPY,standard_00_50,long,stress
1721890800.0,1721908800.0,2.3144,long,EURJPY,standard_00_50,long,stress
1722002400.0,1722319200.0,2.3231,long,EURJPY,standard_00_50,long,stress
1722376800.0,1722380400.0,-1.1917,long,EURJPY,standard_00_50,long,stress
1722394800.0,1722398400.0,-1.1258,long,EURJPY,standard_00_50,long,stress
1722412800.0,1722434400.0,-1.0898,long,EURJPY,standard_00_50,long,stress
1722837600.0,1722870000.0,2.4091,long,EURJPY,standard_00_50,long,stress
1723071600.0,1723075200.0,-1.1606,long,EURJPY,standard_00_50,long,stress
1724173200.0,1724191200.0,-1.2292,long,EURJPY,standard_00_50,long,stress
1724626800.0,1724630400.0,-1.2352,long,EURJPY,standard_00_50,long,stress
1724677200.0,1724742000.0,2.2635,long,EURJPY,standard_00_50,long,stress
1724760000.0,1724796000.0,-1.2664,long,EURJPY,standard_00_50,long,stress
1725336000.0,1725339600.0,-1.3808,long,EURJPY,standard_00_50,long,stress
1725404400.0,1725408000.0,-1.2712,long,EURJPY,standard_00_50,long,stress
1726016400.0,1726023600.0,-1.2462,long,EURJPY,standard_00_50,long,stress
1726185600.0,1726192800.0,-1.2091,long,EURJPY,standard_00_50,long,stress
1726214400.0,1726232400.0,-1.2397,long,EURJPY,standard_00_50,long,stress
1726459200.0,1726466400.0,-1.3125,long,EURJPY,standard_00_50,long,stress
1726812000.0,1726826400.0,2.2854,long,EURJPY,standard_00_50,long,stress
1728291600.0,1728338400.0,-1.2747,long,EURJPY,standard_00_50,long,stress
1728352800.0,1728450000.0,2.2174,long,EURJPY,standard_00_50,long,stress
1728982800.0,1729033200.0,-1.3833,long,EURJPY,standard_00_50,long,stress
1729170000.0,1729476000.0,-1.3359,long,EURJPY,standard_00_50,long,stress
1729479600.0,1729494000.0,2.0576,long,EURJPY,standard_00_50,long,stress
1729753200.0,1729760400.0,-1.3367,long,EURJPY,standard_00_50,long,stress
1730286000.0,1730296800.0,2.1718,long,EURJPY,standard_00_50,long,stress
1730358000.0,1730361600.0,-1.2553,long,EURJPY,standard_00_50,long,stress
1730851200.0,1730862000.0,-1.3063,long,EURJPY,standard_00_50,long,stress
1730894400.0,1731038400.0,-1.1827,long,EURJPY,standard_00_50,long,stress
1731085200.0,1731290400.0,2.2655,long,EURJPY,standard_00_50,long,stress
1732006800.0,1732032000.0,2.3102,long,EURJPY,standard_00_50,long,stress
1732114800.0,1732118400.0,-1.2686,long,EURJPY,standard_00_50,long,stress
1732683600.0,1732687200.0,-1.2947,long,EURJPY,standard_00_50,long,stress
1732834800.0,1732838400.0,-1.389,long,EURJPY,standard_00_50,long,stress
1733140800.0,1733148000.0,-1.2232,long,EURJPY,standard_00_50,long,stress
1734674400.0,1734685200.0,-1.2555,long,EURJPY,standard_00_50,long,stress
1735621200.0,1735635600.0,2.1436,long,EURJPY,standard_00_50,long,stress
1735833600.0,1736150400.0,2.3121,long,EURJPY,standard_00_50,long,stress
1736499600.0,1736514000.0,-1.3479,long,EURJPY,standard_00_50,long,stress
1736992800.0,1737043200.0,-1.2616,long,EURJPY,standard_00_50,long,stress
1738728000.0,1738749600.0,-1.275,long,EURJPY,standard_00_50,long,stress
1738839600.0,1738846800.0,-1.2822,long,EURJPY,standard_00_50,long,stress
1739455200.0,1739469600.0,-1.2238,long,EURJPY,standard_00_50,long,stress
1740016800.0,1740020400.0,-1.2965,long,EURJPY,standard_00_50,long,stress
1740589200.0,1740592800.0,-1.256,long,EURJPY,standard_00_50,long,stress
1740596400.0,1740646800.0,2.2551,long,EURJPY,standard_00_50,long,stress
1740668400.0,1740686400.0,-1.1982,long,EURJPY,standard_00_50,long,stress
1740708000.0,1740726000.0,2.3291,long,EURJPY,standard_00_50,long,stress
1741100400.0,1741111200.0,2.3385,long,EURJPY,standard_00_50,long,stress
1741251600.0,1741262400.0,-1.2327,long,EURJPY,standard_00_50,long,stress
1741604400.0,1741611600.0,-1.1823,long,EURJPY,standard_00_50,long,stress
1741852800.0,1741863600.0,-1.3038,long,EURJPY,standard_00_50,long,stress
1741867200.0,1741885200.0,-1.2306,long,EURJPY,standard_00_50,long,stress
1742562000.0,1742569200.0,-1.2408,long,EURJPY,standard_00_50,long,stress
1743750000.0,1743760800.0,-1.1752,long,EURJPY,standard_00_50,long,stress
1743775200.0,1743973200.0,-1.1154,long,EURJPY,standard_00_50,long,stress
1744153200.0,1744156800.0,-1.1867,long,EURJPY,standard_00_50,long,stress
1744725600.0,1744732800.0,-1.2232,long,EURJPY,standard_00_50,long,stress
1744891200.0,1744898400.0,-1.2525,long,EURJPY,standard_00_50,long,stress
1745323200.0,1745355600.0,2.1932,long,EURJPY,standard_00_50,long,stress
1745931600.0,1745946000.0,-1.4185,long,EURJPY,standard_00_50,long,stress
1746406800.0,1746432000.0,-1.3223,long,EURJPY,standard_00_50,long,stress
1746489600.0,1746518400.0,-1.4251,long,EURJPY,standard_00_50,long,stress
1746522000.0,1746529200.0,-1.3927,long,EURJPY,standard_00_50,long,stress
1747278000.0,1747285200.0,-1.368,long,EURJPY,standard_00_50,long,stress
1747602000.0,1747605600.0,-1.4304,long,EURJPY,standard_00_50,long,stress
1748516400.0,1748570400.0,-1.3225,long,EURJPY,standard_00_50,long,stress
1748606400.0,1748613600.0,2.1567,long,EURJPY,standard_00_50,long,stress
1748937600.0,1748955600.0,2.1075,long,EURJPY,standard_00_50,long,stress
1749070800.0,1749106800.0,2.1189,long,EURJPY,standard_00_50,long,stress
1750251600.0,1750294800.0,-1.388,long,EURJPY,standard_00_50,long,stress
1750748400.0,1750752000.0,-1.4289,long,EURJPY,standard_00_50,long,stress
1750770000.0,1750838400.0,2.1498,long,EURJPY,standard_00_50,long,stress
1752058800.0,1752066000.0,-1.4823,long,EURJPY,standard_00_50,long,stress
1752069600.0,1752076800.0,-1.4624,long,EURJPY,standard_00_50,long,stress
1752192000.0,1752199200.0,2.0172,long,EURJPY,standard_00_50,long,stress
1752678000.0,1752685200.0,-1.3444,long,EURJPY,standard_00_50,long,stress
1753077600.0,1753099200.0,-1.3455,long,EURJPY,standard_00_50,long,stress
1753192800.0,1753214400.0,2.1807,long,EURJPY,standard_00_50,long,stress
1753707600.0,1753718400.0,-1.3575,long,EURJPY,standard_00_50,long,stress
1753801200.0,1753844400.0,-1.2808,long,EURJPY,standard_00_50,long,stress
1753902000.0,1753905600.0,-1.4282,long,EURJPY,standard_00_50,long,stress
1753930800.0,1753941600.0,2.1397,long,EURJPY,standard_00_50,long,stress
1754049600.0,1754053200.0,-1.3619,long,EURJPY,standard_00_50,long,stress
1754060400.0,1754064000.0,-1.3091,long,EURJPY,standard_00_50,long,stress
1754326800.0,1754373600.0,-1.3615,long,EURJPY,standard_00_50,long,stress
1754575200.0,1754650800.0,2.1474,long,EURJPY,standard_00_50,long,stress
1755565200.0,1755597600.0,2.0913,long,EURJPY,standard_00_50,long,stress
1755655200.0,1755669600.0,-1.4377,long,EURJPY,standard_00_50,long,stress
1755871200.0,1757019600.0,2.1145,long,EURJPY,standard_00_50,long,stress
1757397600.0,1757404800.0,-1.5671,long,EURJPY,standard_00_50,long,stress
1757908800.0,1757934000.0,1.7579,long,EURJPY,standard_00_50,long,stress
1758002400.0,1758006000.0,-1.7215,long,EURJPY,standard_00_50,long,stress
1758096000.0,1758099600.0,-1.6066,long,EURJPY,standard_00_50,long,stress
1759204800.0,1759212000.0,-1.5615,long,EURJPY,standard_00_50,long,stress
1759240800.0,1759298400.0,-1.4081,long,EURJPY,standard_00_50,long,stress
1759320000.0,1759453200.0,2.1179,long,EURJPY,standard_00_50,long,stress
1760122800.0,1760126400.0,-1.2957,long,EURJPY,standard_00_50,long,stress
1760414400.0,1760418000.0,-1.5707,long,EURJPY,standard_00_50,long,stress
1760508000.0,1760518800.0,2.0294,long,EURJPY,standard_00_50,long,stress
1760630400.0,1760680800.0,-1.3545,long,EURJPY,standard_00_50,long,stress
1761642000.0,1761692400.0,-1.4287,long,EURJPY,standard_00_50,long,stress
1761922800.0,1761933600.0,-1.3573,long,EURJPY,standard_00_50,long,stress
1762236000.0,1762239600.0,-1.5648,long,EURJPY,standard_00_50,long,stress
1762250400.0,1762254000.0,-1.389,long,EURJPY,standard_00_50,long,stress
1762304400.0,1762318800.0,2.0577,long,EURJPY,standard_00_50,long,stress
1762448400.0,1762506000.0,2.085,long,EURJPY,standard_00_50,long,stress
1764046800.0,1764061200.0,-1.6922,long,EURJPY,standard_00_50,long,stress
1764295200.0,1764298800.0,-1.6652,long,EURJPY,standard_00_50,long,stress
1764327600.0,1764349200.0,2.0838,long,EURJPY,standard_00_50,long,stress
1765418400.0,1765461600.0,-1.3885,long,EURJPY,standard_00_50,long,stress
1765465200.0,1765544400.0,2.1094,long,EURJPY,standard_00_50,long,stress
1765778400.0,1765810800.0,1.9985,long,EURJPY,standard_00_50,long,stress
1765854000.0,1765861200.0,-1.4949,long,EURJPY,standard_00_50,long,stress
1766059200.0,1766066400.0,-1.4973,long,EURJPY,standard_00_50,long,stress
1766480400.0,1766538000.0,-1.4256,long,EURJPY,standard_00_50,long,stress
1766559600.0,1766584800.0,-1.4695,long,EURJPY,standard_00_50,long,stress
1767024000.0,1767189600.0,2.1312,long,EURJPY,standard_00_50,long,stress
1767582000.0,1767600000.0,-1.5065,long,EURJPY,standard_00_50,long,stress
1767700800.0,1767762000.0,-1.5466,long,EURJPY,standard_00_50,long,stress
1768377600.0,1768381200.0,-1.6002,long,EURJPY,standard_00_50,long,stress
1768572000.0,1768575600.0,-1.407,long,EURJPY,standard_00_50,long,stress
1769194800.0,1769378400.0,-1.1709,long,EURJPY,standard_00_50,long,stress
1769410800.0,1769414400.0,-1.1968,long,EURJPY,standard_00_50,long,stress
1769425200.0,1769490000.0,2.3281,long,EURJPY,standard_00_50,long,stress
1769504400.0,1769544000.0,2.194,long,EURJPY,standard_00_50,long,stress
1770336000.0,1770368400.0,2.1585,long,EURJPY,standard_00_50,long,stress
1770739200.0,1770768000.0,-1.2971,long,EURJPY,standard_00_50,long,stress
1770829200.0,1770861600.0,-1.2149,long,EURJPY,standard_00_50,long,stress
1771311600.0,1771315200.0,-1.4485,long,EURJPY,standard_00_50,long,stress
1771862400.0,1771894800.0,2.0165,long,EURJPY,standard_00_50,long,stress
1772092800.0,1772118000.0,-1.5025,long,EURJPY,standard_00_50,long,stress
1772550000.0,1772668800.0,-1.2705,long,EURJPY,standard_00_50,long,stress
1773280800.0,1773298800.0,-1.6077,long,EURJPY,standard_00_50,long,stress
1773900000.0,1773903600.0,-1.4962,long,EURJPY,standard_00_50,long,stress
1774569600.0,1774623600.0,1.9639,long,EURJPY,standard_00_50,long,stress
1774857600.0,1774861200.0,-1.4681,long,EURJPY,standard_00_50,long,stress
1775221200.0,1775224800.0,-1.7965,long,EURJPY,standard_00_50,long,stress
1777863600.0,1777971600.0,2.1936,long,EURJPY,standard_00_50,long,stress
1778763600.0,1778824800.0,-1.5137,long,EURJPY,standard_00_50,long,stress
1779458400.0,1779469200.0,1.7334,long,EURJPY,standard_00_50,long,stress
1779757200.0,1779778800.0,1.5335,long,EURJPY,standard_00_50,long,stress
1779940800.0,1779966000.0,1.7012,long,EURJPY,standard_00_50,long,stress
1780322400.0,1780372800.0,1.7535,long,EURJPY,standard_00_50,long,stress
1781172000.0,1781179200.0,-1.7369,long,EURJPY,standard_00_50,long,stress
1781578800.0,1781589600.0,-1.7776,long,EURJPY,standard_00_50,long,stress
1782205200.0,1782208800.0,-1.5934,long,EURJPY,standard_00_50,long,stress
1782216000.0,1782223200.0,-1.5153,long,EURJPY,standard_00_50,long,stress
1782273600.0,1782280800.0,1.6004,long,EURJPY,standard_00_50,long,stress
1782288000.0,1782291600.0,-1.7189,long,EURJPY,standard_00_50,long,stress
1782385200.0,1782392400.0,1.8925,long,EURJPY,standard_00_50,long,stress
1782910800.0,1782918000.0,-1.4819,long,EURJPY,standard_00_50,long,stress
1721912400.0,1721919600.0,-1.0785,short,EURJPY,big_figure_00,short,base
1723453200.0,1723460400.0,-1.213,short,EURJPY,big_figure_00,short,base
1724122800.0,1724162400.0,2.3556,short,EURJPY,big_figure_00,short,base
1726830000.0,1727074800.0,2.3967,short,EURJPY,big_figure_00,short,base
1727164800.0,1727200800.0,2.3396,short,EURJPY,big_figure_00,short,base
1727251200.0,1727254800.0,-1.1849,short,EURJPY,big_figure_00,short,base
1727388000.0,1727395200.0,-1.1476,short,EURJPY,big_figure_00,short,base
1727719200.0,1727740800.0,-1.1123,short,EURJPY,big_figure_00,short,base
1728046800.0,1728057600.0,-1.1473,short,EURJPY,big_figure_00,short,base
1728468000.0,1728478800.0,-1.1911,short,EURJPY,big_figure_00,short,base
1728644400.0,1728648000.0,-1.2433,short,EURJPY,big_figure_00,short,base
1729652400.0,1729656000.0,-1.2389,short,EURJPY,big_figure_00,short,base
1729688400.0,1729742400.0,2.3377,short,EURJPY,big_figure_00,short,base
1730192400.0,1730210400.0,2.2677,short,EURJPY,big_figure_00,short,base
1730275200.0,1730278800.0,-1.2612,short,EURJPY,big_figure_00,short,base
1730462400.0,1730469600.0,-1.181,short,EURJPY,big_figure_00,short,base
1730822400.0,1730851200.0,2.2618,short,EURJPY,big_figure_00,short,base
1730912400.0,1731034800.0,2.375,short,EURJPY,big_figure_00,short,base
1731420000.0,1731430800.0,-1.196,short,EURJPY,big_figure_00,short,base
1731628800.0,1731657600.0,2.3171,short,EURJPY,big_figure_00,short,base
1731945600.0,1732003200.0,2.3414,short,EURJPY,big_figure_00,short,base
1732514400.0,1732525200.0,-1.149,short,EURJPY,big_figure_00,short,base
1732752000.0,1732838400.0,2.3506,short,EURJPY,big_figure_00,short,base
1733817600.0,1733900400.0,2.3094,short,EURJPY,big_figure_00,short,base
1734084000.0,1734091200.0,-1.1648,short,EURJPY,big_figure_00,short,base
1734314400.0,1734361200.0,-1.191,short,EURJPY,big_figure_00,short,base
1735902000.0,1735934400.0,-1.2489,short,EURJPY,big_figure_00,short,base
1741672800.0,1741680000.0,-1.1435,short,EURJPY,big_figure_00,short,base
1741766400.0,1741770000.0,-1.169,short,EURJPY,big_figure_00,short,base
1742540400.0,1742558400.0,2.2772,short,EURJPY,big_figure_00,short,base
1743624000.0,1743631200.0,2.4032,short,EURJPY,big_figure_00,short,base
1745564400.0,1745586000.0,-1.2209,short,EURJPY,big_figure_00,short,base
1746745200.0,1746759600.0,2.2591,short,EURJPY,big_figure_00,short,base
1747008000.0,1747011600.0,-1.2304,short,EURJPY,big_figure_00,short,base
1748325600.0,1748332800.0,-1.2772,short,EURJPY,big_figure_00,short,base
1748473200.0,1748476800.0,-1.2639,short,EURJPY,big_figure_00,short,base
1748998800.0,1749009600.0,-1.2368,short,EURJPY,big_figure_00,short,base
1752588000.0,1752638400.0,-1.2706,short,EURJPY,big_figure_00,short,base
1753945200.0,1753952400.0,-1.1507,short,EURJPY,big_figure_00,short,base
1754528400.0,1754535600.0,-1.2538,short,EURJPY,big_figure_00,short,base
1758816000.0,1758870000.0,-1.3086,short,EURJPY,big_figure_00,short,base
1758895200.0,1758906000.0,-1.3759,short,EURJPY,big_figure_00,short,base
1760922000.0,1760950800.0,2.2666,short,EURJPY,big_figure_00,short,base
1761019200.0,1761022800.0,-1.3214,short,EURJPY,big_figure_00,short,base
1761206400.0,1761224400.0,-1.3312,short,EURJPY,big_figure_00,short,base
1761516000.0,1761570000.0,-1.3398,short,EURJPY,big_figure_00,short,base
1762923600.0,1762934400.0,-1.3586,short,EURJPY,big_figure_00,short,base
1763103600.0,1763118000.0,2.1482,short,EURJPY,big_figure_00,short,base
1763474400.0,1763488800.0,-1.2789,short,EURJPY,big_figure_00,short,base
1763553600.0,1763586000.0,-1.272,short,EURJPY,big_figure_00,short,base
1764133200.0,1764140400.0,-1.2793,short,EURJPY,big_figure_00,short,base
1764946800.0,1765173600.0,-1.2933,short,EURJPY,big_figure_00,short,base
1765551600.0,1765764000.0,2.1545,short,EURJPY,big_figure_00,short,base
1766124000.0,1766127600.0,-1.2491,short,EURJPY,big_figure_00,short,base
1766394000.0,1766455200.0,2.2597,short,EURJPY,big_figure_00,short,base
1767974400.0,1768183200.0,-1.3029,short,EURJPY,big_figure_00,short,base
1769086800.0,1769108400.0,-1.2872,short,EURJPY,big_figure_00,short,base
1769781600.0,1769990400.0,-1.1867,short,EURJPY,big_figure_00,short,base
1770120000.0,1770134400.0,-1.303,short,EURJPY,big_figure_00,short,base
1770181200.0,1770192000.0,-1.2832,short,EURJPY,big_figure_00,short,base
1770681600.0,1770688800.0,2.2438,short,EURJPY,big_figure_00,short,base
1771408800.0,1771423200.0,-1.3133,short,EURJPY,big_figure_00,short,base
1771578000.0,1771599600.0,-1.2353,short,EURJPY,big_figure_00,short,base
1771920000.0,1772006400.0,-1.2008,short,EURJPY,big_figure_00,short,base
1772715600.0,1772773200.0,-1.2124,short,EURJPY,big_figure_00,short,base
1773194400.0,1773219600.0,2.1362,short,EURJPY,big_figure_00,short,base
1773680400.0,1773738000.0,-1.2497,short,EURJPY,big_figure_00,short,base
1774353600.0,1774371600.0,-1.3023,short,EURJPY,big_figure_00,short,base
1775746800.0,1775761200.0,-1.3514,short,EURJPY,big_figure_00,short,base
1776088800.0,1776092400.0,-1.3963,short,EURJPY,big_figure_00,short,base
1776096000.0,1776103200.0,-1.3752,short,EURJPY,big_figure_00,short,base
1776402000.0,1776412800.0,1.9864,short,EURJPY,big_figure_00,short,base
1777269600.0,1777273200.0,-1.5323,short,EURJPY,big_figure_00,short,base
1777276800.0,1777294800.0,-1.4622,short,EURJPY,big_figure_00,short,base
1777399200.0,1777467600.0,-1.289,short,EURJPY,big_figure_00,short,base
1778036400.0,1778040000.0,2.0599,short,EURJPY,big_figure_00,short,base
1778486400.0,1778504400.0,-1.3113,short,EURJPY,big_figure_00,short,base
1779087600.0,1779105600.0,-1.3463,short,EURJPY,big_figure_00,short,base
1779116400.0,1779120000.0,-1.3685,short,EURJPY,big_figure_00,short,base
1779696000.0,1779778800.0,-1.4871,short,EURJPY,big_figure_00,short,base
1780398000.0,1780401600.0,-1.627,short,EURJPY,big_figure_00,short,base
1781521200.0,1781571600.0,2.1002,short,EURJPY,big_figure_00,short,base
1781600400.0,1781604000.0,-1.3793,short,EURJPY,big_figure_00,short,base
1782378000.0,1782385200.0,2.0891,short,EURJPY,big_figure_00,short,base
1721912400.0,1721919600.0,-1.1308,short,EURJPY,big_figure_00,short,stress
1723453200.0,1723460400.0,-1.355,short,EURJPY,big_figure_00,short,stress
1724122800.0,1724162400.0,2.2593,short,EURJPY,big_figure_00,short,stress
1726830000.0,1727074800.0,2.3278,short,EURJPY,big_figure_00,short,stress
1727164800.0,1727200800.0,2.2327,short,EURJPY,big_figure_00,short,stress
1727251200.0,1727254800.0,-1.3082,short,EURJPY,big_figure_00,short,stress
1727388000.0,1727395200.0,-1.2461,short,EURJPY,big_figure_00,short,stress
1727719200.0,1727740800.0,-1.1871,short,EURJPY,big_figure_00,short,stress
1728046800.0,1728057600.0,-1.2455,short,EURJPY,big_figure_00,short,stress
1728468000.0,1728478800.0,-1.3185,short,EURJPY,big_figure_00,short,stress
1728644400.0,1728648000.0,-1.4055,short,EURJPY,big_figure_00,short,stress
1729652400.0,1729656000.0,-1.3982,short,EURJPY,big_figure_00,short,stress
1729688400.0,1729742400.0,2.2295,short,EURJPY,big_figure_00,short,stress
1730192400.0,1730210400.0,2.1128,short,EURJPY,big_figure_00,short,stress
1730275200.0,1730278800.0,-1.4354,short,EURJPY,big_figure_00,short,stress
1730462400.0,1730469600.0,-1.3017,short,EURJPY,big_figure_00,short,stress
1730822400.0,1730851200.0,2.1029,short,EURJPY,big_figure_00,short,stress
1730912400.0,1731034800.0,2.2917,short,EURJPY,big_figure_00,short,stress
1731420000.0,1731430800.0,-1.3266,short,EURJPY,big_figure_00,short,stress
1731628800.0,1731657600.0,2.1952,short,EURJPY,big_figure_00,short,stress
1731945600.0,1732003200.0,2.2357,short,EURJPY,big_figure_00,short,stress
1732514400.0,1732525200.0,-1.2483,short,EURJPY,big_figure_00,short,stress
1732752000.0,1732838400.0,2.2511,short,EURJPY,big_figure_00,short,stress
1733817600.0,1733900400.0,2.1824,short,EURJPY,big_figure_00,short,stress
1734084000.0,1734091200.0,-1.2746,short,EURJPY,big_figure_00,short,stress
1734314400.0,1734361200.0,-1.3183,short,EURJPY,big_figure_00,short,stress
1735902000.0,1735934400.0,-1.4148,short,EURJPY,big_figure_00,short,stress
1741672800.0,1741680000.0,-1.2392,short,EURJPY,big_figure_00,short,stress
1741766400.0,1741770000.0,-1.2816,short,EURJPY,big_figure_00,short,stress
1742540400.0,1742558400.0,2.1286,short,EURJPY,big_figure_00,short,stress
1743624000.0,1743631200.0,2.3386,short,EURJPY,big_figure_00,short,stress
1745564400.0,1745586000.0,-1.3682,short,EURJPY,big_figure_00,short,stress
1746745200.0,1746759600.0,2.0985,short,EURJPY,big_figure_00,short,stress
1747008000.0,1747011600.0,-1.3839,short,EURJPY,big_figure_00,short,stress
1748325600.0,1748332800.0,-1.4621,short,EURJPY,big_figure_00,short,stress
1748473200.0,1748476800.0,-1.4398,short,EURJPY,big_figure_00,short,stress
1748998800.0,1749009600.0,-1.3947,short,EURJPY,big_figure_00,short,stress
1752588000.0,1752638400.0,-1.451,short,EURJPY,big_figure_00,short,stress
1753945200.0,1753952400.0,-1.2511,short,EURJPY,big_figure_00,short,stress
1754528400.0,1754535600.0,-1.423,short,EURJPY,big_figure_00,short,stress
1758816000.0,1758870000.0,-1.5144,short,EURJPY,big_figure_00,short,stress
1758895200.0,1758906000.0,-1.6265,short,EURJPY,big_figure_00,short,stress
1760922000.0,1760950800.0,2.111,short,EURJPY,big_figure_00,short,stress
1761019200.0,1761022800.0,-1.5357,short,EURJPY,big_figure_00,short,stress
1761206400.0,1761224400.0,-1.5519,short,EURJPY,big_figure_00,short,stress
1761516000.0,1761570000.0,-1.5663,short,EURJPY,big_figure_00,short,stress
1762923600.0,1762934400.0,-1.5977,short,EURJPY,big_figure_00,short,stress
1763103600.0,1763118000.0,1.9137,short,EURJPY,big_figure_00,short,stress
1763474400.0,1763488800.0,-1.4648,short,EURJPY,big_figure_00,short,stress
1763553600.0,1763586000.0,-1.4533,short,EURJPY,big_figure_00,short,stress
1764133200.0,1764140400.0,-1.4654,short,EURJPY,big_figure_00,short,stress
1764946800.0,1765173600.0,-1.4889,short,EURJPY,big_figure_00,short,stress
1765551600.0,1765764000.0,1.9242,short,EURJPY,big_figure_00,short,stress
1766124000.0,1766127600.0,-1.4152,short,EURJPY,big_figure_00,short,stress
1766394000.0,1766455200.0,2.0995,short,EURJPY,big_figure_00,short,stress
1767974400.0,1768183200.0,-1.5048,short,EURJPY,big_figure_00,short,stress
1769086800.0,1769108400.0,-1.4786,short,EURJPY,big_figure_00,short,stress
1769781600.0,1769990400.0,-1.3112,short,EURJPY,big_figure_00,short,stress
1770120000.0,1770134400.0,-1.5051,short,EURJPY,big_figure_00,short,stress
1770181200.0,1770192000.0,-1.472,short,EURJPY,big_figure_00,short,stress
1770681600.0,1770688800.0,2.073,short,EURJPY,big_figure_00,short,stress
1771408800.0,1771423200.0,-1.5222,short,EURJPY,big_figure_00,short,stress
1771578000.0,1771599600.0,-1.3922,short,EURJPY,big_figure_00,short,stress
1771920000.0,1772006400.0,-1.3347,short,EURJPY,big_figure_00,short,stress
1772715600.0,1772773200.0,-1.354,short,EURJPY,big_figure_00,short,stress
1773194400.0,1773219600.0,1.8936,short,EURJPY,big_figure_00,short,stress
1773680400.0,1773738000.0,-1.4161,short,EURJPY,big_figure_00,short,stress
1774353600.0,1774371600.0,-1.5038,short,EURJPY,big_figure_00,short,stress
1775746800.0,1775761200.0,-1.5857,short,EURJPY,big_figure_00,short,stress
1776088800.0,1776092400.0,-1.6605,short,EURJPY,big_figure_00,short,stress
1776096000.0,1776103200.0,-1.6253,short,EURJPY,big_figure_00,short,stress
1776402000.0,1776412800.0,1.6441,short,EURJPY,big_figure_00,short,stress
1777269600.0,1777273200.0,-1.8872,short,EURJPY,big_figure_00,short,stress
1777276800.0,1777294800.0,-1.7704,short,EURJPY,big_figure_00,short,stress
1777399200.0,1777467600.0,-1.4817,short,EURJPY,big_figure_00,short,stress
1778036400.0,1778040000.0,1.7666,short,EURJPY,big_figure_00,short,stress
1778486400.0,1778504400.0,-1.5189,short,EURJPY,big_figure_00,short,stress
1779087600.0,1779105600.0,-1.5772,short,EURJPY,big_figure_00,short,stress
1779116400.0,1779120000.0,-1.6141,short,EURJPY,big_figure_00,short,stress
1779696000.0,1779778800.0,-1.8118,short,EURJPY,big_figure_00,short,stress
1780398000.0,1780401600.0,-2.0451,short,EURJPY,big_figure_00,short,stress
1781521200.0,1781571600.0,1.8336,short,EURJPY,big_figure_00,short,stress
1781600400.0,1781604000.0,-1.6322,short,EURJPY,big_figure_00,short,stress
1782378000.0,1782385200.0,1.8151,short,EURJPY,big_figure_00,short,stress
1721890800.0,1721908800.0,2.3887,long,EURJPY,big_figure_00,long,base
1722376800.0,1722380400.0,-1.115,long,EURJPY,big_figure_00,long,base
1722412800.0,1722434400.0,-1.0539,long,EURJPY,big_figure_00,long,base
1724626800.0,1724630400.0,-1.1411,long,EURJPY,big_figure_00,long,base
1724760000.0,1724796000.0,-1.1598,long,EURJPY,big_figure_00,long,base
1725336000.0,1725339600.0,-1.2285,long,EURJPY,big_figure_00,long,base
1726214400.0,1726232400.0,-1.1438,long,EURJPY,big_figure_00,long,base
1728352800.0,1728450000.0,2.3304,long,EURJPY,big_figure_00,long,base
1729170000.0,1729476000.0,-1.2015,long,EURJPY,big_figure_00,long,base
1729479600.0,1729494000.0,2.2346,long,EURJPY,big_figure_00,long,base
1729753200.0,1729760400.0,-1.202,long,EURJPY,big_figure_00,long,base
1730358000.0,1730361600.0,-1.1532,long,EURJPY,big_figure_00,long,base
1730894400.0,1731038400.0,-1.1096,long,EURJPY,big_figure_00,long,base
1732006800.0,1732032000.0,2.3861,long,EURJPY,big_figure_00,long,base
1736992800.0,1737043200.0,-1.157,long,EURJPY,big_figure_00,long,base
1738728000.0,1738749600.0,-1.165,long,EURJPY,big_figure_00,long,base
1738839600.0,1738846800.0,-1.1693,long,EURJPY,big_figure_00,long,base
1740016800.0,1740020400.0,-1.1779,long,EURJPY,big_figure_00,long,base
1740596400.0,1740646800.0,2.353,long,EURJPY,big_figure_00,long,base
1740668400.0,1740686400.0,-1.1189,long,EURJPY,big_figure_00,long,base
1740708000.0,1740726000.0,2.3975,long,EURJPY,big_figure_00,long,base
1741100400.0,1741111200.0,2.4031,long,EURJPY,big_figure_00,long,base
1741604400.0,1741611600.0,-1.1094,long,EURJPY,big_figure_00,long,base
1742562000.0,1742569200.0,-1.1445,long,EURJPY,big_figure_00,long,base
1743750000.0,1743760800.0,-1.1051,long,EURJPY,big_figure_00,long,base
1744153200.0,1744156800.0,-1.112,long,EURJPY,big_figure_00,long,base
1745323200.0,1745355600.0,2.3159,long,EURJPY,big_figure_00,long,base
1745931600.0,1745946000.0,-1.2511,long,EURJPY,big_figure_00,long,base
1746522000.0,1746529200.0,-1.2356,long,EURJPY,big_figure_00,long,base
1748606400.0,1748613600.0,2.294,long,EURJPY,big_figure_00,long,base
1748937600.0,1748955600.0,2.2645,long,EURJPY,big_figure_00,long,base
1749070800.0,1749106800.0,2.2714,long,EURJPY,big_figure_00,long,base
1750770000.0,1750838400.0,2.2899,long,EURJPY,big_figure_00,long,base
1752192000.0,1752199200.0,2.2103,long,EURJPY,big_figure_00,long,base
1752678000.0,1752685200.0,-1.2067,long,EURJPY,big_figure_00,long,base
1753077600.0,1753099200.0,-1.2073,long,EURJPY,big_figure_00,long,base
1753801200.0,1753844400.0,-1.1685,long,EURJPY,big_figure_00,long,base
1753930800.0,1753941600.0,2.2838,long,EURJPY,big_figure_00,long,base
1754060400.0,1754064000.0,-1.1855,long,EURJPY,big_figure_00,long,base
1754326800.0,1754373600.0,-1.2169,long,EURJPY,big_figure_00,long,base
1755565200.0,1755597600.0,2.2548,long,EURJPY,big_figure_00,long,base
1755871200.0,1757019600.0,2.2687,long,EURJPY,big_figure_00,long,base
1757397600.0,1757404800.0,-1.3403,long,EURJPY,big_figure_00,long,base
1757908800.0,1757934000.0,2.0547,long,EURJPY,big_figure_00,long,base
1758002400.0,1758006000.0,-1.4329,long,EURJPY,big_figure_00,long,base
1759204800.0,1759212000.0,-1.3369,long,EURJPY,big_figure_00,long,base
1760122800.0,1760126400.0,-1.1774,long,EURJPY,big_figure_00,long,base
1760414400.0,1760418000.0,-1.3424,long,EURJPY,big_figure_00,long,base
1761642000.0,1761692400.0,-1.2572,long,EURJPY,big_figure_00,long,base
1762236000.0,1762239600.0,-1.3389,long,EURJPY,big_figure_00,long,base
1762304400.0,1762318800.0,2.2346,long,EURJPY,big_figure_00,long,base
1764295200.0,1764298800.0,-1.3991,long,EURJPY,big_figure_00,long,base
1765418400.0,1765461600.0,-1.2331,long,EURJPY,big_figure_00,long,base
1765465200.0,1765544400.0,2.2656,long,EURJPY,big_figure_00,long,base
1765778400.0,1765810800.0,2.1991,long,EURJPY,big_figure_00,long,base
1765854000.0,1765861200.0,-1.297,long,EURJPY,big_figure_00,long,base
1767700800.0,1767762000.0,-1.328,long,EURJPY,big_figure_00,long,base
1768377600.0,1768381200.0,-1.3601,long,EURJPY,big_figure_00,long,base
1769194800.0,1769378400.0,-1.1025,long,EURJPY,big_figure_00,long,base
1769425200.0,1769490000.0,2.3969,long,EURJPY,big_figure_00,long,base
1771311600.0,1771315200.0,-1.2691,long,EURJPY,big_figure_00,long,base
1771862400.0,1771894800.0,2.2099,long,EURJPY,big_figure_00,long,base
1772092800.0,1772118000.0,-1.3015,long,EURJPY,big_figure_00,long,base
1773900000.0,1773903600.0,-1.2977,long,EURJPY,big_figure_00,long,base
1774569600.0,1774623600.0,2.1784,long,EURJPY,big_figure_00,long,base
1775221200.0,1775224800.0,-1.4779,long,EURJPY,big_figure_00,long,base
1777863600.0,1777971600.0,2.3162,long,EURJPY,big_figure_00,long,base
1779757200.0,1779778800.0,1.9201,long,EURJPY,big_figure_00,long,base
1779940800.0,1779966000.0,2.0207,long,EURJPY,big_figure_00,long,base
1781172000.0,1781179200.0,-1.4421,long,EURJPY,big_figure_00,long,base
1782205200.0,1782208800.0,-1.356,long,EURJPY,big_figure_00,long,base
1782216000.0,1782223200.0,-1.3092,long,EURJPY,big_figure_00,long,base
1782910800.0,1782918000.0,-1.2891,long,EURJPY,big_figure_00,long,base
1721890800.0,1721908800.0,2.3144,long,EURJPY,big_figure_00,long,stress
1722376800.0,1722380400.0,-1.1917,long,EURJPY,big_figure_00,long,stress
1722412800.0,1722434400.0,-1.0898,long,EURJPY,big_figure_00,long,stress
1724626800.0,1724630400.0,-1.2352,long,EURJPY,big_figure_00,long,stress
1724760000.0,1724796000.0,-1.2664,long,EURJPY,big_figure_00,long,stress
1725336000.0,1725339600.0,-1.3808,long,EURJPY,big_figure_00,long,stress
1726214400.0,1726232400.0,-1.2397,long,EURJPY,big_figure_00,long,stress
1728352800.0,1728450000.0,2.2174,long,EURJPY,big_figure_00,long,stress
1729170000.0,1729476000.0,-1.3359,long,EURJPY,big_figure_00,long,stress
1729479600.0,1729494000.0,2.0576,long,EURJPY,big_figure_00,long,stress
1729753200.0,1729760400.0,-1.3367,long,EURJPY,big_figure_00,long,stress
1730358000.0,1730361600.0,-1.2553,long,EURJPY,big_figure_00,long,stress
1730894400.0,1731038400.0,-1.1827,long,EURJPY,big_figure_00,long,stress
1732006800.0,1732032000.0,2.3102,long,EURJPY,big_figure_00,long,stress
1736992800.0,1737043200.0,-1.2616,long,EURJPY,big_figure_00,long,stress
1738728000.0,1738749600.0,-1.275,long,EURJPY,big_figure_00,long,stress
1738839600.0,1738846800.0,-1.2822,long,EURJPY,big_figure_00,long,stress
1740016800.0,1740020400.0,-1.2965,long,EURJPY,big_figure_00,long,stress
1740596400.0,1740646800.0,2.2551,long,EURJPY,big_figure_00,long,stress
1740668400.0,1740686400.0,-1.1982,long,EURJPY,big_figure_00,long,stress
1740708000.0,1740726000.0,2.3291,long,EURJPY,big_figure_00,long,stress
1741100400.0,1741111200.0,2.3385,long,EURJPY,big_figure_00,long,stress
1741604400.0,1741611600.0,-1.1823,long,EURJPY,big_figure_00,long,stress
1742562000.0,1742569200.0,-1.2408,long,EURJPY,big_figure_00,long,stress
1743750000.0,1743760800.0,-1.1752,long,EURJPY,big_figure_00,long,stress
1744153200.0,1744156800.0,-1.1867,long,EURJPY,big_figure_00,long,stress
1745323200.0,1745355600.0,2.1932,long,EURJPY,big_figure_00,long,stress
1745931600.0,1745946000.0,-1.4185,long,EURJPY,big_figure_00,long,stress
1746522000.0,1746529200.0,-1.3927,long,EURJPY,big_figure_00,long,stress
1748606400.0,1748613600.0,2.1567,long,EURJPY,big_figure_00,long,stress
1748937600.0,1748955600.0,2.1075,long,EURJPY,big_figure_00,long,stress
1749070800.0,1749106800.0,2.1189,long,EURJPY,big_figure_00,long,stress
1750770000.0,1750838400.0,2.1498,long,EURJPY,big_figure_00,long,stress
1752192000.0,1752199200.0,2.0172,long,EURJPY,big_figure_00,long,stress
1752678000.0,1752685200.0,-1.3444,long,EURJPY,big_figure_00,long,stress
1753077600.0,1753099200.0,-1.3455,long,EURJPY,big_figure_00,long,stress
1753801200.0,1753844400.0,-1.2808,long,EURJPY,big_figure_00,long,stress
1753930800.0,1753941600.0,2.1397,long,EURJPY,big_figure_00,long,stress
1754060400.0,1754064000.0,-1.3091,long,EURJPY,big_figure_00,long,stress
1754326800.0,1754373600.0,-1.3615,long,EURJPY,big_figure_00,long,stress
1755565200.0,1755597600.0,2.0913,long,EURJPY,big_figure_00,long,stress
1755871200.0,1757019600.0,2.1145,long,EURJPY,big_figure_00,long,stress
1757397600.0,1757404800.0,-1.5671,long,EURJPY,big_figure_00,long,stress
1757908800.0,1757934000.0,1.7579,long,EURJPY,big_figure_00,long,stress
1758002400.0,1758006000.0,-1.7215,long,EURJPY,big_figure_00,long,stress
1759204800.0,1759212000.0,-1.5615,long,EURJPY,big_figure_00,long,stress
1760122800.0,1760126400.0,-1.2957,long,EURJPY,big_figure_00,long,stress
1760414400.0,1760418000.0,-1.5707,long,EURJPY,big_figure_00,long,stress
1761642000.0,1761692400.0,-1.4287,long,EURJPY,big_figure_00,long,stress
1762236000.0,1762239600.0,-1.5648,long,EURJPY,big_figure_00,long,stress
1762304400.0,1762318800.0,2.0577,long,EURJPY,big_figure_00,long,stress
1764295200.0,1764298800.0,-1.6652,long,EURJPY,big_figure_00,long,stress
1765418400.0,1765461600.0,-1.3885,long,EURJPY,big_figure_00,long,stress
1765465200.0,1765544400.0,2.1094,long,EURJPY,big_figure_00,long,stress
1765778400.0,1765810800.0,1.9985,long,EURJPY,big_figure_00,long,stress
1765854000.0,1765861200.0,-1.4949,long,EURJPY,big_figure_00,long,stress
1767700800.0,1767762000.0,-1.5466,long,EURJPY,big_figure_00,long,stress
1768377600.0,1768381200.0,-1.6002,long,EURJPY,big_figure_00,long,stress
1769194800.0,1769378400.0,-1.1709,long,EURJPY,big_figure_00,long,stress
1769425200.0,1769490000.0,2.3281,long,EURJPY,big_figure_00,long,stress
1771311600.0,1771315200.0,-1.4485,long,EURJPY,big_figure_00,long,stress
1771862400.0,1771894800.0,2.0165,long,EURJPY,big_figure_00,long,stress
1772092800.0,1772118000.0,-1.5025,long,EURJPY,big_figure_00,long,stress
1773900000.0,1773903600.0,-1.4962,long,EURJPY,big_figure_00,long,stress
1774569600.0,1774623600.0,1.9639,long,EURJPY,big_figure_00,long,stress
1775221200.0,1775224800.0,-1.7965,long,EURJPY,big_figure_00,long,stress
1777863600.0,1777971600.0,2.1936,long,EURJPY,big_figure_00,long,stress
1779757200.0,1779778800.0,1.5335,long,EURJPY,big_figure_00,long,stress
1779940800.0,1779966000.0,1.7012,long,EURJPY,big_figure_00,long,stress
1781172000.0,1781179200.0,-1.7369,long,EURJPY,big_figure_00,long,stress
1782205200.0,1782208800.0,-1.5934,long,EURJPY,big_figure_00,long,stress
1782216000.0,1782223200.0,-1.5153,long,EURJPY,big_figure_00,long,stress
1782910800.0,1782918000.0,-1.4819,long,EURJPY,big_figure_00,long,stress
1722902400.0,1722992400.0,-1.0446,short,GBPJPY,standard_00_50,short,base
1723442400.0,1723460400.0,-1.2121,short,GBPJPY,standard_00_50,short,base
1724122800.0,1724162400.0,2.3586,short,GBPJPY,standard_00_50,short,base
1724324400.0,1724331600.0,-1.1253,short,GBPJPY,standard_00_50,short,base
1724720400.0,1724742000.0,-1.1847,short,GBPJPY,standard_00_50,short,base
1724914800.0,1724918400.0,2.3256,short,GBPJPY,standard_00_50,short,base
1724940000.0,1725015600.0,-1.1379,short,GBPJPY,standard_00_50,short,base
1725879600.0,1725886800.0,2.3549,short,GBPJPY,standard_00_50,short,base
1726124400.0,1726149600.0,-1.155,short,GBPJPY,standard_00_50,short,base
1726495200.0,1726498800.0,-1.1325,short,GBPJPY,standard_00_50,short,base
1726513200.0,1726527600.0,-1.1348,short,GBPJPY,standard_00_50,short,base
1726657200.0,1726664400.0,-1.1416,short,GBPJPY,standard_00_50,short,base
1726686000.0,1726700400.0,-1.1176,short,GBPJPY,standard_00_50,short,base
1726743600.0,1726812000.0,-1.0959,short,GBPJPY,standard_00_50,short,base
1727154000.0,1727157600.0,-1.1734,short,GBPJPY,standard_00_50,short,base
1727161200.0,1727164800.0,-1.1518,short,GBPJPY,standard_00_50,short,base
1727917200.0,1727931600.0,2.3792,short,GBPJPY,standard_00_50,short,base
1728036000.0,1728043200.0,-1.1819,short,GBPJPY,standard_00_50,short,base
1728046800.0,1728054000.0,-1.1296,short,GBPJPY,standard_00_50,short,base
1728252000.0,1728284400.0,2.3648,short,GBPJPY,standard_00_50,short,base
1728388800.0,1728450000.0,-1.1353,short,GBPJPY,standard_00_50,short,base
1728468000.0,1728478800.0,-1.1812,short,GBPJPY,standard_00_50,short,base
1728482400.0,1728532800.0,-1.1776,short,GBPJPY,standard_00_50,short,base
1728651600.0,1728655200.0,-1.1965,short,GBPJPY,standard_00_50,short,base
1729191600.0,1729231200.0,-1.1904,short,GBPJPY,standard_00_50,short,base
1729234800.0,1729245600.0,2.2548,short,GBPJPY,standard_00_50,short,base
1729512000.0,1729530000.0,-1.2314,short,GBPJPY,standard_00_50,short,base
1729562400.0,1729566000.0,-1.2399,short,GBPJPY,standard_00_50,short,base
1730203200.0,1730282400.0,2.307,short,GBPJPY,standard_00_50,short,base
1730912400.0,1731034800.0,2.3751,short,GBPJPY,standard_00_50,short,base
1731312000.0,1731355200.0,2.2764,short,GBPJPY,standard_00_50,short,base
1731546000.0,1731596400.0,-1.1847,short,GBPJPY,standard_00_50,short,base
1731934800.0,1731945600.0,-1.1198,short,GBPJPY,standard_00_50,short,base
1732791600.0,1732838400.0,2.3168,short,GBPJPY,standard_00_50,short,base
1733292000.0,1733299200.0,-1.1805,short,GBPJPY,standard_00_50,short,base
1733407200.0,1733450400.0,2.3514,short,GBPJPY,standard_00_50,short,base
1733824800.0,1733842800.0,-1.1838,short,GBPJPY,standard_00_50,short,base
1733918400.0,1733983200.0,-1.1395,short,GBPJPY,standard_00_50,short,base
1734314400.0,1734339600.0,-1.2005,short,GBPJPY,standard_00_50,short,base
1734526800.0,1734534000.0,-1.1847,short,GBPJPY,standard_00_50,short,base
1734915600.0,1735041600.0,-1.1861,short,GBPJPY,standard_00_50,short,base
1735185600.0,1735218000.0,-1.2258,short,GBPJPY,standard_00_50,short,base
1735236000.0,1735264800.0,2.2269,short,GBPJPY,standard_00_50,short,base
1735308000.0,1735326000.0,-1.1932,short,GBPJPY,standard_00_50,short,base
1735660800.0,1735772400.0,-1.1498,short,GBPJPY,standard_00_50,short,base
1736125200.0,1736139600.0,-1.2208,short,GBPJPY,standard_00_50,short,base
1736881200.0,1736924400.0,2.3709,short,GBPJPY,standard_00_50,short,base
1737687600.0,1737698400.0,-1.1683,short,GBPJPY,standard_00_50,short,base
1737734400.0,1737968400.0,2.4013,short,GBPJPY,standard_00_50,short,base
1738054800.0,1738155600.0,2.3269,short,GBPJPY,standard_00_50,short,base
1738328400.0,1738339200.0,-1.1598,short,GBPJPY,standard_00_50,short,base
1739325600.0,1739343600.0,-1.1652,short,GBPJPY,standard_00_50,short,base
1739347200.0,1739368800.0,-1.1565,short,GBPJPY,standard_00_50,short,base
1739538000.0,1739541600.0,-1.1432,short,GBPJPY,standard_00_50,short,base
1740445200.0,1740466800.0,2.3492,short,GBPJPY,standard_00_50,short,base
1740747600.0,1740996000.0,-1.1185,short,GBPJPY,standard_00_50,short,base
1741118400.0,1741122000.0,-1.0837,short,GBPJPY,standard_00_50,short,base
1741136400.0,1741161600.0,-1.0879,short,GBPJPY,standard_00_50,short,base
1741352400.0,1741356000.0,-1.119,short,GBPJPY,standard_00_50,short,base
1741690800.0,1741694400.0,-1.1244,short,GBPJPY,standard_00_50,short,base
1741698000.0,1741716000.0,-1.111,short,GBPJPY,standard_00_50,short,base
1741935600.0,1741939200.0,-1.1859,short,GBPJPY,standard_00_50,short,base
1742259600.0,1742277600.0,-1.1695,short,GBPJPY,standard_00_50,short,base
1742533200.0,1742554800.0,2.2772,short,GBPJPY,standard_00_50,short,base
1743094800.0,1743170400.0,2.3549,short,GBPJPY,standard_00_50,short,base
1743624000.0,1743631200.0,2.3894,short,GBPJPY,standard_00_50,short,base
1744635600.0,1744700400.0,-1.1052,short,GBPJPY,standard_00_50,short,base
1744790400.0,1744819200.0,2.3337,short,GBPJPY,standard_00_50,short,base
1745532000.0,1745550000.0,-1.2018,short,GBPJPY,standard_00_50,short,base
1745553600.0,1745564400.0,-1.2142,short,GBPJPY,standard_00_50,short,base
1746705600.0,1746716400.0,-1.1616,short,GBPJPY,standard_00_50,short,base
1746730800.0,1746997200.0,-1.1543,short,GBPJPY,standard_00_50,short,base
1747054800.0,1747137600.0,-1.1468,short,GBPJPY,standard_00_50,short,base
1747699200.0,1747713600.0,2.242,short,GBPJPY,standard_00_50,short,base
1747864800.0,1747872000.0,2.3118,short,GBPJPY,standard_00_50,short,base
1748354400.0,1748412000.0,2.3164,short,GBPJPY,standard_00_50,short,base
1748613600.0,1748811600.0,2.3367,short,GBPJPY,standard_00_50,short,base
1749024000.0,1749031200.0,-1.2361,short,GBPJPY,standard_00_50,short,base
1749132000.0,1749135600.0,-1.1788,short,GBPJPY,standard_00_50,short,base
1749218400.0,1749520800.0,-1.2351,short,GBPJPY,standard_00_50,short,base
1749643200.0,1749646800.0,-1.2047,short,GBPJPY,standard_00_50,short,base
1750024800.0,1750093200.0,-1.1532,short,GBPJPY,standard_00_50,short,base
1750334400.0,1750370400.0,-1.1886,short,GBPJPY,standard_00_50,short,base
1750449600.0,1750629600.0,-1.2277,short,GBPJPY,standard_00_50,short,base
1750665600.0,1750726800.0,2.3269,short,GBPJPY,standard_00_50,short,base
1750834800.0,1750838400.0,-1.236,short,GBPJPY,standard_00_50,short,base
1750978800.0,1750982400.0,-1.2738,short,GBPJPY,standard_00_50,short,base
1751558400.0,1751612400.0,2.3147,short,GBPJPY,standard_00_50,short,base
1751868000.0,1751878800.0,-1.2728,short,GBPJPY,standard_00_50,short,base
1751900400.0,1751932800.0,-1.1954,short,GBPJPY,standard_00_50,short,base
1752022800.0,1752033600.0,-1.2495,short,GBPJPY,standard_00_50,short,base
1752580800.0,1752584400.0,-1.2657,short,GBPJPY,standard_00_50,short,base
1752638400.0,1752667200.0,2.2015,short,GBPJPY,standard_00_50,short,base
1752753600.0,1752796800.0,-1.227,short,GBPJPY,standard_00_50,short,base
1752800400.0,1752818400.0,-1.2688,short,GBPJPY,standard_00_50,short,base
1753405200.0,1753419600.0,2.2711,short,GBPJPY,standard_00_50,short,base
1753686000.0,1753693200.0,-1.2795,short,GBPJPY,standard_00_50,short,base
1753876800.0,1753927200.0,2.2686,short,GBPJPY,standard_00_50,short,base
1753959600.0,1753970400.0,-1.171,short,GBPJPY,standard_00_50,short,base
1754413200.0,1754492400.0,-1.2008,short,GBPJPY,standard_00_50,short,base
1754510400.0,1754528400.0,-1.2361,short,GBPJPY,standard_00_50,short,base
1754582400.0,1754640000.0,-1.1693,short,GBPJPY,standard_00_50,short,base
1754953200.0,1754956800.0,-1.3371,short,GBPJPY,standard_00_50,short,base
1754978400.0,1754982000.0,-1.3121,short,GBPJPY,standard_00_50,short,base
1755003600.0,1755082800.0,-1.2087,short,GBPJPY,standard_00_50,short,base
1755478800.0,1755518400.0,-1.2439,short,GBPJPY,standard_00_50,short,base
1755860400.0,1755871200.0,2.2049,short,GBPJPY,standard_00_50,short,base
1756216800.0,1756296000.0,-1.2547,short,GBPJPY,standard_00_50,short,base
1756713600.0,1756728000.0,-1.2993,short,GBPJPY,standard_00_50,short,base
1756990800.0,1756994400.0,-1.266,short,GBPJPY,standard_00_50,short,base
1757480400.0,1757494800.0,-1.4051,short,GBPJPY,standard_00_50,short,base
1757588400.0,1757592000.0,-1.3575,short,GBPJPY,standard_00_50,short,base
1757671200.0,1757930400.0,-1.3316,short,GBPJPY,standard_00_50,short,base
1758488400.0,1758502800.0,-1.1718,short,GBPJPY,standard_00_50,short,base
1758704400.0,1758722400.0,-1.3397,short,GBPJPY,standard_00_50,short,base
1758726000.0,1758736800.0,-1.3003,short,GBPJPY,standard_00_50,short,base
1758895200.0,1759125600.0,2.1557,short,GBPJPY,standard_00_50,short,base
1759384800.0,1759395600.0,2.1732,short,GBPJPY,standard_00_50,short,base
1759878000.0,1759881600.0,-1.1993,short,GBPJPY,standard_00_50,short,base
1760403600.0,1760414400.0,2.1724,short,GBPJPY,standard_00_50,short,base
1760544000.0,1760590800.0,-1.2179,short,GBPJPY,standard_00_50,short,base
1761310800.0,1761314400.0,2.255,short,GBPJPY,standard_00_50,short,base
1761516000.0,1761570000.0,-1.2383,short,GBPJPY,standard_00_50,short,base
1762743600.0,1762758000.0,-1.2041,short,GBPJPY,standard_00_50,short,base
1763017200.0,1763020800.0,-1.3211,short,GBPJPY,standard_00_50,short,base
1763031600.0,1763035200.0,-1.2462,short,GBPJPY,standard_00_50,short,base
1763053200.0,1763082000.0,2.3167,short,GBPJPY,standard_00_50,short,base
1763607600.0,1763614800.0,-1.2054,short,GBPJPY,standard_00_50,short,base
1764086400.0,1764144000.0,-1.2176,short,GBPJPY,standard_00_50,short,base
1764183600.0,1764327600.0,2.3206,short,GBPJPY,standard_00_50,short,base
1764770400.0,1764784800.0,-1.2653,short,GBPJPY,standard_00_50,short,base
1765260000.0,1765263600.0,-1.3727,short,GBPJPY,standard_00_50,short,base
1765879200.0,1765897200.0,2.2462,short,GBPJPY,standard_00_50,short,base
1766041200.0,1766059200.0,-1.3433,short,GBPJPY,standard_00_50,short,base
1766124000.0,1766127600.0,-1.2342,short,GBPJPY,standard_00_50,short,base
1766160000.0,1766178000.0,-1.1514,short,GBPJPY,standard_00_50,short,base
1766394000.0,1766455200.0,2.2581,short,GBPJPY,standard_00_50,short,base
1767326400.0,1767351600.0,2.2204,short,GBPJPY,standard_00_50,short,base
1767654000.0,1767704400.0,2.2282,short,GBPJPY,standard_00_50,short,base
1767938400.0,1767945600.0,-1.3889,short,GBPJPY,standard_00_50,short,base
1767963600.0,1767967200.0,-1.3354,short,GBPJPY,standard_00_50,short,base
1767970800.0,1767974400.0,-1.2871,short,GBPJPY,standard_00_50,short,base
1768276800.0,1768291200.0,-1.2692,short,GBPJPY,standard_00_50,short,base
1768813200.0,1768834800.0,-1.2142,short,GBPJPY,standard_00_50,short,base
1769122800.0,1769148000.0,-1.227,short,GBPJPY,standard_00_50,short,base
1769486400.0,1769497200.0,-1.2141,short,GBPJPY,standard_00_50,short,base
1769626800.0,1769670000.0,-1.1855,short,GBPJPY,standard_00_50,short,base
1769760000.0,1769781600.0,-1.2255,short,GBPJPY,standard_00_50,short,base
1769983200.0,1770012000.0,2.3275,short,GBPJPY,standard_00_50,short,base
1770184800.0,1770192000.0,-1.2738,short,GBPJPY,standard_00_50,short,base
1770379200.0,1770393600.0,-1.1875,short,GBPJPY,standard_00_50,short,base
1770400800.0,1770588000.0,-1.2093,short,GBPJPY,standard_00_50,short,base
1770897600.0,1770908400.0,2.3437,short,GBPJPY,standard_00_50,short,base
1771426800.0,1771470000.0,-1.242,short,GBPJPY,standard_00_50,short,base
1771484400.0,1771495200.0,2.2681,short,GBPJPY,standard_00_50,short,base
1771920000.0,1771945200.0,-1.1985,short,GBPJPY,standard_00_50,short,base
1772024400.0,1772042400.0,-1.1716,short,GBPJPY,standard_00_50,short,base
1772046000.0,1772082000.0,2.3001,short,GBPJPY,standard_00_50,short,base
1772449200.0,1772456400.0,-1.1343,short,GBPJPY,standard_00_50,short,base
1772719200.0,1772762400.0,-1.1889,short,GBPJPY,standard_00_50,short,base
1772776800.0,1772787600.0,2.2268,short,GBPJPY,standard_00_50,short,base
1773068400.0,1773079200.0,-1.1896,short,GBPJPY,standard_00_50,short,base
1773082800.0,1773140400.0,-1.2039,short,GBPJPY,standard_00_50,short,base
1773226800.0,1773248400.0,-1.2632,short,GBPJPY,standard_00_50,short,base
1773680400.0,1773687600.0,-1.2637,short,GBPJPY,standard_00_50,short,base
1773712800.0,1773741600.0,-1.3205,short,GBPJPY,standard_00_50,short,base
1773774000.0,1773842400.0,-1.276,short,GBPJPY,standard_00_50,short,base
1774274400.0,1774836000.0,2.3693,short,GBPJPY,standard_00_50,short,base
1775037600.0,1775048400.0,-1.2226,short,GBPJPY,standard_00_50,short,base
1775484000.0,1775541600.0,-1.3104,short,GBPJPY,standard_00_50,short,base
1775746800.0,1775761200.0,-1.3331,short,GBPJPY,standard_00_50,short,base
1775829600.0,1775833200.0,-1.3795,short,GBPJPY,standard_00_50,short,base
1776078000.0,1776085200.0,-1.3401,short,GBPJPY,standard_00_50,short,base
1776096000.0,1776103200.0,-1.3431,short,GBPJPY,standard_00_50,short,base
1776157200.0,1776164400.0,-1.3389,short,GBPJPY,standard_00_50,short,base
1776700800.0,1776708000.0,-1.3367,short,GBPJPY,standard_00_50,short,base
1776715200.0,1776769200.0,-1.3272,short,GBPJPY,standard_00_50,short,base
1776848400.0,1776855600.0,2.1282,short,GBPJPY,standard_00_50,short,base
1777460400.0,1777464000.0,-1.4828,short,GBPJPY,standard_00_50,short,base
1777467600.0,1777471200.0,-1.4176,short,GBPJPY,standard_00_50,short,base
1777532400.0,1777536000.0,2.2283,short,GBPJPY,standard_00_50,short,base
1777989600.0,1778032800.0,-1.276,short,GBPJPY,standard_00_50,short,base
1778148000.0,1778187600.0,2.1992,short,GBPJPY,standard_00_50,short,base
1778252400.0,1778266800.0,-1.3345,short,GBPJPY,standard_00_50,short,base
1778270400.0,1778446800.0,2.1253,short,GBPJPY,standard_00_50,short,base
1779699600.0,1779706800.0,-1.4508,short,GBPJPY,standard_00_50,short,base
1779890400.0,1779897600.0,-1.3927,short,GBPJPY,standard_00_50,short,base
1780066800.0,1780293600.0,-1.3312,short,GBPJPY,standard_00_50,short,base
1780376400.0,1780380000.0,-1.5219,short,GBPJPY,standard_00_50,short,base
1780970400.0,1780977600.0,-1.4203,short,GBPJPY,standard_00_50,short,base
1780984800.0,1780988400.0,-1.4697,short,GBPJPY,standard_00_50,short,base
1781085600.0,1781096400.0,-1.3493,short,GBPJPY,standard_00_50,short,base
1781236800.0,1781474400.0,-1.3054,short,GBPJPY,standard_00_50,short,base
1781888400.0,1782075600.0,2.2559,short,GBPJPY,standard_00_50,short,base
1782090000.0,1782118800.0,-1.2573,short,GBPJPY,standard_00_50,short,base
1782378000.0,1782385200.0,2.0974,short,GBPJPY,standard_00_50,short,base
1782396000.0,1782403200.0,-1.2771,short,GBPJPY,standard_00_50,short,base
1782936000.0,1782957600.0,-1.3121,short,GBPJPY,standard_00_50,short,base
1783098000.0,1783296000.0,-1.3352,short,GBPJPY,standard_00_50,short,base
1722902400.0,1722992400.0,-1.0744,short,GBPJPY,standard_00_50,short,stress
1723442400.0,1723460400.0,-1.3534,short,GBPJPY,standard_00_50,short,stress
1724122800.0,1724162400.0,2.2644,short,GBPJPY,standard_00_50,short,stress
1724324400.0,1724331600.0,-1.2089,short,GBPJPY,standard_00_50,short,stress
1724720400.0,1724742000.0,-1.3079,short,GBPJPY,standard_00_50,short,stress
1724914800.0,1724918400.0,2.2093,short,GBPJPY,standard_00_50,short,stress
1724940000.0,1725015600.0,-1.2299,short,GBPJPY,standard_00_50,short,stress
1725879600.0,1725886800.0,2.2581,short,GBPJPY,standard_00_50,short,stress
1726124400.0,1726149600.0,-1.2583,short,GBPJPY,standard_00_50,short,stress
1726495200.0,1726498800.0,-1.2208,short,GBPJPY,standard_00_50,short,stress
1726513200.0,1726527600.0,-1.2247,short,GBPJPY,standard_00_50,short,stress
1726657200.0,1726664400.0,-1.236,short,GBPJPY,standard_00_50,short,stress
1726686000.0,1726700400.0,-1.1959,short,GBPJPY,standard_00_50,short,stress
1726743600.0,1726812000.0,-1.1599,short,GBPJPY,standard_00_50,short,stress
1727154000.0,1727157600.0,-1.289,short,GBPJPY,standard_00_50,short,stress
1727161200.0,1727164800.0,-1.253,short,GBPJPY,standard_00_50,short,stress
1727917200.0,1727931600.0,2.2986,short,GBPJPY,standard_00_50,short,stress
1728036000.0,1728043200.0,-1.3031,short,GBPJPY,standard_00_50,short,stress
1728046800.0,1728054000.0,-1.2159,short,GBPJPY,standard_00_50,short,stress
1728252000.0,1728284400.0,2.2747,short,GBPJPY,standard_00_50,short,stress
1728388800.0,1728450000.0,-1.2255,short,GBPJPY,standard_00_50,short,stress
1728468000.0,1728478800.0,-1.302,short,GBPJPY,standard_00_50,short,stress
1728482400.0,1728532800.0,-1.2961,short,GBPJPY,standard_00_50,short,stress
1728651600.0,1728655200.0,-1.3275,short,GBPJPY,standard_00_50,short,stress
1729191600.0,1729231200.0,-1.3173,short,GBPJPY,standard_00_50,short,stress
1729234800.0,1729245600.0,2.0914,short,GBPJPY,standard_00_50,short,stress
1729512000.0,1729530000.0,-1.3857,short,GBPJPY,standard_00_50,short,stress
1729562400.0,1729566000.0,-1.3998,short,GBPJPY,standard_00_50,short,stress
1730203200.0,1730282400.0,2.1783,short,GBPJPY,standard_00_50,short,stress
1730912400.0,1731034800.0,2.2919,short,GBPJPY,standard_00_50,short,stress
1731312000.0,1731355200.0,2.1273,short,GBPJPY,standard_00_50,short,stress
1731546000.0,1731596400.0,-1.3078,short,GBPJPY,standard_00_50,short,stress
1731934800.0,1731945600.0,-1.1996,short,GBPJPY,standard_00_50,short,stress
1732791600.0,1732838400.0,2.1947,short,GBPJPY,standard_00_50,short,stress
1733292000.0,1733299200.0,-1.3008,short,GBPJPY,standard_00_50,short,stress
1733407200.0,1733450400.0,2.2524,short,GBPJPY,standard_00_50,short,stress
1733824800.0,1733842800.0,-1.3064,short,GBPJPY,standard_00_50,short,stress
1733918400.0,1733983200.0,-1.2326,short,GBPJPY,standard_00_50,short,stress
1734314400.0,1734339600.0,-1.3342,short,GBPJPY,standard_00_50,short,stress
1734526800.0,1734534000.0,-1.3079,short,GBPJPY,standard_00_50,short,stress
1734915600.0,1735041600.0,-1.3102,short,GBPJPY,standard_00_50,short,stress
1735185600.0,1735218000.0,-1.3763,short,GBPJPY,standard_00_50,short,stress
1735236000.0,1735264800.0,2.0448,short,GBPJPY,standard_00_50,short,stress
1735308000.0,1735326000.0,-1.322,short,GBPJPY,standard_00_50,short,stress
1735660800.0,1735772400.0,-1.2497,short,GBPJPY,standard_00_50,short,stress
1736125200.0,1736139600.0,-1.3679,short,GBPJPY,standard_00_50,short,stress
1736881200.0,1736924400.0,2.2849,short,GBPJPY,standard_00_50,short,stress
1737687600.0,1737698400.0,-1.2805,short,GBPJPY,standard_00_50,short,stress
1737734400.0,1737968400.0,2.3355,short,GBPJPY,standard_00_50,short,stress
1738054800.0,1738155600.0,2.2115,short,GBPJPY,standard_00_50,short,stress
1738328400.0,1738339200.0,-1.2663,short,GBPJPY,standard_00_50,short,stress
1739325600.0,1739343600.0,-1.2753,short,GBPJPY,standard_00_50,short,stress
1739347200.0,1739368800.0,-1.2608,short,GBPJPY,standard_00_50,short,stress
1739538000.0,1739541600.0,-1.2386,short,GBPJPY,standard_00_50,short,stress
1740445200.0,1740466800.0,2.2486,short,GBPJPY,standard_00_50,short,stress
1740747600.0,1740996000.0,-1.1975,short,GBPJPY,standard_00_50,short,stress
1741118400.0,1741122000.0,-1.1395,short,GBPJPY,standard_00_50,short,stress
1741136400.0,1741161600.0,-1.1465,short,GBPJPY,standard_00_50,short,stress
1741352400.0,1741356000.0,-1.1983,short,GBPJPY,standard_00_50,short,stress
1741690800.0,1741694400.0,-1.2073,short,GBPJPY,standard_00_50,short,stress
1741698000.0,1741716000.0,-1.185,short,GBPJPY,standard_00_50,short,stress
1741935600.0,1741939200.0,-1.3098,short,GBPJPY,standard_00_50,short,stress
1742259600.0,1742277600.0,-1.2824,short,GBPJPY,standard_00_50,short,stress
1742533200.0,1742554800.0,2.1286,short,GBPJPY,standard_00_50,short,stress
1743094800.0,1743170400.0,2.2581,short,GBPJPY,standard_00_50,short,stress
1743624000.0,1743631200.0,2.3157,short,GBPJPY,standard_00_50,short,stress
1744635600.0,1744700400.0,-1.1754,short,GBPJPY,standard_00_50,short,stress
1744790400.0,1744819200.0,2.2228,short,GBPJPY,standard_00_50,short,stress
1745532000.0,1745550000.0,-1.3363,short,GBPJPY,standard_00_50,short,stress
1745553600.0,1745564400.0,-1.3571,short,GBPJPY,standard_00_50,short,stress
1746705600.0,1746716400.0,-1.2693,short,GBPJPY,standard_00_50,short,stress
1746730800.0,1746997200.0,-1.2571,short,GBPJPY,standard_00_50,short,stress
1747054800.0,1747137600.0,-1.2447,short,GBPJPY,standard_00_50,short,stress
1747699200.0,1747713600.0,2.0701,short,GBPJPY,standard_00_50,short,stress
1747864800.0,1747872000.0,2.1863,short,GBPJPY,standard_00_50,short,stress
1748354400.0,1748412000.0,2.1939,short,GBPJPY,standard_00_50,short,stress
1748613600.0,1748811600.0,2.2279,short,GBPJPY,standard_00_50,short,stress
1749024000.0,1749031200.0,-1.3935,short,GBPJPY,standard_00_50,short,stress
1749132000.0,1749135600.0,-1.298,short,GBPJPY,standard_00_50,short,stress
1749218400.0,1749520800.0,-1.3919,short,GBPJPY,standard_00_50,short,stress
1749643200.0,1749646800.0,-1.3412,short,GBPJPY,standard_00_50,short,stress
1750024800.0,1750093200.0,-1.2553,short,GBPJPY,standard_00_50,short,stress
1750334400.0,1750370400.0,-1.3144,short,GBPJPY,standard_00_50,short,stress
1750449600.0,1750629600.0,-1.3794,short,GBPJPY,standard_00_50,short,stress
1750665600.0,1750726800.0,2.2114,short,GBPJPY,standard_00_50,short,stress
1750834800.0,1750838400.0,-1.3934,short,GBPJPY,standard_00_50,short,stress
1750978800.0,1750982400.0,-1.4563,short,GBPJPY,standard_00_50,short,stress
1751558400.0,1751612400.0,2.1912,short,GBPJPY,standard_00_50,short,stress
1751868000.0,1751878800.0,-1.4547,short,GBPJPY,standard_00_50,short,stress
1751900400.0,1751932800.0,-1.3257,short,GBPJPY,standard_00_50,short,stress
1752022800.0,1752033600.0,-1.4158,short,GBPJPY,standard_00_50,short,stress
1752580800.0,1752584400.0,-1.4428,short,GBPJPY,standard_00_50,short,stress
1752638400.0,1752667200.0,2.0025,short,GBPJPY,standard_00_50,short,stress
1752753600.0,1752796800.0,-1.3783,short,GBPJPY,standard_00_50,short,stress
1752800400.0,1752818400.0,-1.4481,short,GBPJPY,standard_00_50,short,stress
1753405200.0,1753419600.0,2.1184,short,GBPJPY,standard_00_50,short,stress
1753686000.0,1753693200.0,-1.4658,short,GBPJPY,standard_00_50,short,stress
1753876800.0,1753927200.0,2.1144,short,GBPJPY,standard_00_50,short,stress
1753959600.0,1753970400.0,-1.285,short,GBPJPY,standard_00_50,short,stress
1754413200.0,1754492400.0,-1.3347,short,GBPJPY,standard_00_50,short,stress
1754510400.0,1754528400.0,-1.3936,short,GBPJPY,standard_00_50,short,stress
1754582400.0,1754640000.0,-1.2821,short,GBPJPY,standard_00_50,short,stress
1754953200.0,1754956800.0,-1.5618,short,GBPJPY,standard_00_50,short,stress
1754978400.0,1754982000.0,-1.5202,short,GBPJPY,standard_00_50,short,stress
1755003600.0,1755082800.0,-1.3479,short,GBPJPY,standard_00_50,short,stress
1755478800.0,1755518400.0,-1.4065,short,GBPJPY,standard_00_50,short,stress
1755860400.0,1755871200.0,2.0082,short,GBPJPY,standard_00_50,short,stress
1756216800.0,1756296000.0,-1.4246,short,GBPJPY,standard_00_50,short,stress
1756713600.0,1756728000.0,-1.4988,short,GBPJPY,standard_00_50,short,stress
1756990800.0,1756994400.0,-1.4434,short,GBPJPY,standard_00_50,short,stress
1757480400.0,1757494800.0,-1.6751,short,GBPJPY,standard_00_50,short,stress
1757588400.0,1757592000.0,-1.5959,short,GBPJPY,standard_00_50,short,stress
1757671200.0,1757930400.0,-1.5527,short,GBPJPY,standard_00_50,short,stress
1758488400.0,1758502800.0,-1.2863,short,GBPJPY,standard_00_50,short,stress
1758704400.0,1758722400.0,-1.5661,short,GBPJPY,standard_00_50,short,stress
1758726000.0,1758736800.0,-1.5006,short,GBPJPY,standard_00_50,short,stress
1758895200.0,1759125600.0,1.9261,short,GBPJPY,standard_00_50,short,stress
1759384800.0,1759395600.0,1.9554,short,GBPJPY,standard_00_50,short,stress
1759878000.0,1759881600.0,-1.3322,short,GBPJPY,standard_00_50,short,stress
1760403600.0,1760414400.0,1.954,short,GBPJPY,standard_00_50,short,stress
1760544000.0,1760590800.0,-1.3632,short,GBPJPY,standard_00_50,short,stress
1761310800.0,1761314400.0,2.0916,short,GBPJPY,standard_00_50,short,stress
1761516000.0,1761570000.0,-1.3972,short,GBPJPY,standard_00_50,short,stress
1762743600.0,1762758000.0,-1.3401,short,GBPJPY,standard_00_50,short,stress
1763017200.0,1763020800.0,-1.5352,short,GBPJPY,standard_00_50,short,stress
1763031600.0,1763035200.0,-1.4103,short,GBPJPY,standard_00_50,short,stress
1763053200.0,1763082000.0,2.1945,short,GBPJPY,standard_00_50,short,stress
1763607600.0,1763614800.0,-1.3424,short,GBPJPY,standard_00_50,short,stress
1764086400.0,1764144000.0,-1.3627,short,GBPJPY,standard_00_50,short,stress
1764183600.0,1764327600.0,2.2011,short,GBPJPY,standard_00_50,short,stress
1764770400.0,1764784800.0,-1.4422,short,GBPJPY,standard_00_50,short,stress
1765260000.0,1765263600.0,-1.6212,short,GBPJPY,standard_00_50,short,stress
1765879200.0,1765897200.0,2.077,short,GBPJPY,standard_00_50,short,stress
1766041200.0,1766059200.0,-1.5722,short,GBPJPY,standard_00_50,short,stress
1766124000.0,1766127600.0,-1.3903,short,GBPJPY,standard_00_50,short,stress
1766160000.0,1766178000.0,-1.2523,short,GBPJPY,standard_00_50,short,stress
1766394000.0,1766455200.0,2.0969,short,GBPJPY,standard_00_50,short,stress
1767326400.0,1767351600.0,2.034,short,GBPJPY,standard_00_50,short,stress
1767654000.0,1767704400.0,2.047,short,GBPJPY,standard_00_50,short,stress
1767938400.0,1767945600.0,-1.6482,short,GBPJPY,standard_00_50,short,stress
1767963600.0,1767967200.0,-1.5589,short,GBPJPY,standard_00_50,short,stress
1767970800.0,1767974400.0,-1.4786,short,GBPJPY,standard_00_50,short,stress
1768276800.0,1768291200.0,-1.4486,short,GBPJPY,standard_00_50,short,stress
1768813200.0,1768834800.0,-1.3569,short,GBPJPY,standard_00_50,short,stress
1769122800.0,1769148000.0,-1.3783,short,GBPJPY,standard_00_50,short,stress
1769486400.0,1769497200.0,-1.3569,short,GBPJPY,standard_00_50,short,stress
1769626800.0,1769670000.0,-1.3091,short,GBPJPY,standard_00_50,short,stress
1769760000.0,1769781600.0,-1.3758,short,GBPJPY,standard_00_50,short,stress
1769983200.0,1770012000.0,2.2125,short,GBPJPY,standard_00_50,short,stress
1770184800.0,1770192000.0,-1.4563,short,GBPJPY,standard_00_50,short,stress
1770379200.0,1770393600.0,-1.3125,short,GBPJPY,standard_00_50,short,stress
1770400800.0,1770588000.0,-1.3488,short,GBPJPY,standard_00_50,short,stress
1770897600.0,1770908400.0,2.2395,short,GBPJPY,standard_00_50,short,stress
1771426800.0,1771470000.0,-1.4033,short,GBPJPY,standard_00_50,short,stress
1771484400.0,1771495200.0,2.1135,short,GBPJPY,standard_00_50,short,stress
1771920000.0,1771945200.0,-1.3308,short,GBPJPY,standard_00_50,short,stress
1772024400.0,1772042400.0,-1.286,short,GBPJPY,standard_00_50,short,stress
1772046000.0,1772082000.0,2.1669,short,GBPJPY,standard_00_50,short,stress
1772449200.0,1772456400.0,-1.2238,short,GBPJPY,standard_00_50,short,stress
1772719200.0,1772762400.0,-1.3148,short,GBPJPY,standard_00_50,short,stress
1772776800.0,1772787600.0,2.0446,short,GBPJPY,standard_00_50,short,stress
1773068400.0,1773079200.0,-1.316,short,GBPJPY,standard_00_50,short,stress
1773082800.0,1773140400.0,-1.3399,short,GBPJPY,standard_00_50,short,stress
1773226800.0,1773248400.0,-1.4387,short,GBPJPY,standard_00_50,short,stress
1773680400.0,1773687600.0,-1.4396,short,GBPJPY,standard_00_50,short,stress
1773712800.0,1773741600.0,-1.5342,short,GBPJPY,standard_00_50,short,stress
1773774000.0,1773842400.0,-1.4601,short,GBPJPY,standard_00_50,short,stress
1774274400.0,1774836000.0,2.2822,short,GBPJPY,standard_00_50,short,stress
1775037600.0,1775048400.0,-1.371,short,GBPJPY,standard_00_50,short,stress
1775484000.0,1775541600.0,-1.5174,short,GBPJPY,standard_00_50,short,stress
1775746800.0,1775761200.0,-1.5552,short,GBPJPY,standard_00_50,short,stress
1775829600.0,1775833200.0,-1.6325,short,GBPJPY,standard_00_50,short,stress
1776078000.0,1776085200.0,-1.5668,short,GBPJPY,standard_00_50,short,stress
1776096000.0,1776103200.0,-1.5719,short,GBPJPY,standard_00_50,short,stress
1776157200.0,1776164400.0,-1.5649,short,GBPJPY,standard_00_50,short,stress
1776700800.0,1776708000.0,-1.5612,short,GBPJPY,standard_00_50,short,stress
1776715200.0,1776769200.0,-1.5453,short,GBPJPY,standard_00_50,short,stress
1776848400.0,1776855600.0,1.8804,short,GBPJPY,standard_00_50,short,stress
1777460400.0,1777464000.0,-1.8046,short,GBPJPY,standard_00_50,short,stress
1777467600.0,1777471200.0,-1.696,short,GBPJPY,standard_00_50,short,stress
1777532400.0,1777536000.0,2.0472,short,GBPJPY,standard_00_50,short,stress
1777989600.0,1778032800.0,-1.46,short,GBPJPY,standard_00_50,short,stress
1778148000.0,1778187600.0,1.9987,short,GBPJPY,standard_00_50,short,stress
1778252400.0,1778266800.0,-1.5574,short,GBPJPY,standard_00_50,short,stress
1778270400.0,1778446800.0,1.8755,short,GBPJPY,standard_00_50,short,stress
1779699600.0,1779706800.0,-1.7513,short,GBPJPY,standard_00_50,short,stress
1779890400.0,1779897600.0,-1.6544,short,GBPJPY,standard_00_50,short,stress
1780066800.0,1780293600.0,-1.552,short,GBPJPY,standard_00_50,short,stress
1780376400.0,1780380000.0,-1.8698,short,GBPJPY,standard_00_50,short,stress
1780970400.0,1780977600.0,-1.7004,short,GBPJPY,standard_00_50,short,stress
1780984800.0,1780988400.0,-1.7828,short,GBPJPY,standard_00_50,short,stress
1781085600.0,1781096400.0,-1.5822,short,GBPJPY,standard_00_50,short,stress
1781236800.0,1781474400.0,-1.509,short,GBPJPY,standard_00_50,short,stress
1781888400.0,1782075600.0,2.0932,short,GBPJPY,standard_00_50,short,stress
1782090000.0,1782118800.0,-1.4288,short,GBPJPY,standard_00_50,short,stress
1782378000.0,1782385200.0,1.8291,short,GBPJPY,standard_00_50,short,stress
1782396000.0,1782403200.0,-1.4618,short,GBPJPY,standard_00_50,short,stress
1782936000.0,1782957600.0,-1.5202,short,GBPJPY,standard_00_50,short,stress
1783098000.0,1783296000.0,-1.5587,short,GBPJPY,standard_00_50,short,stress
1720702800.0,1720738800.0,-1.1391,long,GBPJPY,standard_00_50,long,base
1721253600.0,1721257200.0,-1.1551,long,GBPJPY,standard_00_50,long,base
1721703600.0,1721718000.0,-1.2291,long,GBPJPY,standard_00_50,long,base
1721721600.0,1721725200.0,-1.182,long,GBPJPY,standard_00_50,long,base
1721901600.0,1721908800.0,2.4092,long,GBPJPY,standard_00_50,long,base
1722240000.0,1722258000.0,2.3604,long,GBPJPY,standard_00_50,long,base
1722358800.0,1722369600.0,-1.111,long,GBPJPY,standard_00_50,long,base
1722376800.0,1722380400.0,-1.1146,long,GBPJPY,standard_00_50,long,base
1722412800.0,1722427200.0,-1.0541,long,GBPJPY,standard_00_50,long,base
1722582000.0,1722600000.0,-1.1028,long,GBPJPY,standard_00_50,long,base
1722610800.0,1722808800.0,-1.0702,long,GBPJPY,standard_00_50,long,base
1722949200.0,1722992400.0,2.4519,long,GBPJPY,standard_00_50,long,base
1723075200.0,1723122000.0,2.4202,long,GBPJPY,standard_00_50,long,base
1723600800.0,1723622400.0,2.3565,long,GBPJPY,standard_00_50,long,base
1723813200.0,1724036400.0,-1.1491,long,GBPJPY,standard_00_50,long,base
1724047200.0,1724079600.0,2.3903,long,GBPJPY,standard_00_50,long,base
1724191200.0,1724216400.0,2.3178,long,GBPJPY,standard_00_50,long,base
1724626800.0,1724630400.0,-1.1229,long,GBPJPY,standard_00_50,long,base
1724655600.0,1724720400.0,2.3769,long,GBPJPY,standard_00_50,long,base
1724860800.0,1724864400.0,-1.1601,long,GBPJPY,standard_00_50,long,base
1724868000.0,1724882400.0,-1.1463,long,GBPJPY,standard_00_50,long,base
1725433200.0,1725458400.0,-1.1337,long,GBPJPY,standard_00_50,long,base
1725606000.0,1725624000.0,2.328,long,GBPJPY,standard_00_50,long,base
1725832800.0,1725980400.0,-1.0849,long,GBPJPY,standard_00_50,long,base
1726030800.0,1726038000.0,-1.131,long,GBPJPY,standard_00_50,long,base
1726200000.0,1726214400.0,-1.1457,long,GBPJPY,standard_00_50,long,base
1726221600.0,1726455600.0,-1.1354,long,GBPJPY,standard_00_50,long,base
1726470000.0,1726480800.0,2.3296,long,GBPJPY,standard_00_50,long,base
1727078400.0,1727092800.0,2.3489,long,GBPJPY,standard_00_50,long,base
1727445600.0,1727452800.0,-1.064,long,GBPJPY,standard_00_50,long,base
1727791200.0,1727798400.0,-1.0951,long,GBPJPY,standard_00_50,long,base
1727802000.0,1727866800.0,2.4161,long,GBPJPY,standard_00_50,long,base
1728370800.0,1728450000.0,2.3586,long,GBPJPY,standard_00_50,long,base
1728968400.0,1728972000.0,-1.2998,long,GBPJPY,standard_00_50,long,base
1729602000.0,1729641600.0,2.3333,long,GBPJPY,standard_00_50,long,base
1729832400.0,1729857600.0,2.2907,long,GBPJPY,standard_00_50,long,base
1731387600.0,1731398400.0,-1.2481,long,GBPJPY,standard_00_50,long,base
1731679200.0,1731682800.0,-1.1279,long,GBPJPY,standard_00_50,long,base
1732006800.0,1732032000.0,2.381,long,GBPJPY,standard_00_50,long,base
1732172400.0,1732176000.0,-1.1689,long,GBPJPY,standard_00_50,long,base
1732197600.0,1732230000.0,-1.1146,long,GBPJPY,standard_00_50,long,base
1732233600.0,1732266000.0,-1.146,long,GBPJPY,standard_00_50,long,base
1732269600.0,1732514400.0,2.3703,long,GBPJPY,standard_00_50,long,base
1732543200.0,1732579200.0,-1.1417,long,GBPJPY,standard_00_50,long,base
1732636800.0,1732640400.0,-1.1495,long,GBPJPY,standard_00_50,long,base
1732651200.0,1732669200.0,-1.1603,long,GBPJPY,standard_00_50,long,base
1733378400.0,1733392800.0,2.3241,long,GBPJPY,standard_00_50,long,base
1733493600.0,1733731200.0,2.3475,long,GBPJPY,standard_00_50,long,base
1733907600.0,1733925600.0,-1.154,long,GBPJPY,standard_00_50,long,base
1734015600.0,1734091200.0,2.3679,long,GBPJPY,standard_00_50,long,base
1734429600.0,1734444000.0,-1.1803,long,GBPJPY,standard_00_50,long,base
1734663600.0,1734922800.0,2.3571,long,GBPJPY,standard_00_50,long,base
1735632000.0,1735639200.0,2.3003,long,GBPJPY,standard_00_50,long,base
1735815600.0,1735819200.0,-1.141,long,GBPJPY,standard_00_50,long,base
1736265600.0,1736323200.0,-1.1621,long,GBPJPY,standard_00_50,long,base
1736337600.0,1736341200.0,-1.1481,long,GBPJPY,standard_00_50,long,base
1736744400.0,1736751600.0,-1.1538,long,GBPJPY,standard_00_50,long,base
1736924400.0,1736928000.0,-1.1824,long,GBPJPY,standard_00_50,long,base
1737648000.0,1737684000.0,2.2862,long,GBPJPY,standard_00_50,long,base
1738198800.0,1738202400.0,-1.1724,long,GBPJPY,standard_00_50,long,base
1738231200.0,1738238400.0,-1.1722,long,GBPJPY,standard_00_50,long,base
1738728000.0,1738767600.0,-1.1598,long,GBPJPY,standard_00_50,long,base
1739232000.0,1739260800.0,-1.2185,long,GBPJPY,standard_00_50,long,base
1739754000.0,1739757600.0,-1.1704,long,GBPJPY,standard_00_50,long,base
1739966400.0,1739973600.0,-1.1627,long,GBPJPY,standard_00_50,long,base
1739977200.0,1740006000.0,-1.1616,long,GBPJPY,standard_00_50,long,base
1740009600.0,1740013200.0,-1.1958,long,GBPJPY,standard_00_50,long,base
1740016800.0,1740020400.0,-1.174,long,GBPJPY,standard_00_50,long,base
1740153600.0,1740157200.0,-1.1454,long,GBPJPY,standard_00_50,long,base
1740708000.0,1740726000.0,2.3918,long,GBPJPY,standard_00_50,long,base
1741100400.0,1741111200.0,2.4039,long,GBPJPY,standard_00_50,long,base
1741615200.0,1741647600.0,-1.1122,long,GBPJPY,standard_00_50,long,base
1741651200.0,1741680000.0,2.3856,long,GBPJPY,standard_00_50,long,base
1741885200.0,1741924800.0,2.3747,long,GBPJPY,standard_00_50,long,base
1742461200.0,1742464800.0,-1.2119,long,GBPJPY,standard_00_50,long,base
1743390000.0,1743505200.0,-1.1363,long,GBPJPY,standard_00_50,long,base
1743631200.0,1743649200.0,-1.0917,long,GBPJPY,standard_00_50,long,base
1743688800.0,1743717600.0,-1.0941,long,GBPJPY,standard_00_50,long,base
1743742800.0,1743750000.0,-1.1088,long,GBPJPY,standard_00_50,long,base
1743757200.0,1743760800.0,-1.1072,long,GBPJPY,standard_00_50,long,base
1743764400.0,1743775200.0,-1.0803,long,GBPJPY,standard_00_50,long,base
1744102800.0,1744128000.0,-1.1203,long,GBPJPY,standard_00_50,long,base
1744293600.0,1744297200.0,-1.1047,long,GBPJPY,standard_00_50,long,base
1744786800.0,1744790400.0,2.2982,long,GBPJPY,standard_00_50,long,base
1744844400.0,1744869600.0,2.341,long,GBPJPY,standard_00_50,long,base
1745935200.0,1746003600.0,2.2665,long,GBPJPY,standard_00_50,long,base
1746021600.0,1746072000.0,2.3092,long,GBPJPY,standard_00_50,long,base
1746187200.0,1746190800.0,-1.163,long,GBPJPY,standard_00_50,long,base
1746482400.0,1746514800.0,-1.2519,long,GBPJPY,standard_00_50,long,base
1747270800.0,1747281600.0,-1.1742,long,GBPJPY,standard_00_50,long,base
1747317600.0,1747353600.0,-1.189,long,GBPJPY,standard_00_50,long,base
1747602000.0,1747605600.0,-1.2247,long,GBPJPY,standard_00_50,long,base
1747800000.0,1747821600.0,-1.2265,long,GBPJPY,standard_00_50,long,base
1747872000.0,1747893600.0,-1.1732,long,GBPJPY,standard_00_50,long,base
1747900800.0,1747918800.0,2.3268,long,GBPJPY,standard_00_50,long,base
1748412000.0,1748415600.0,-1.2027,long,GBPJPY,standard_00_50,long,base
1748520000.0,1748527200.0,-1.1604,long,GBPJPY,standard_00_50,long,base
1748872800.0,1748901600.0,-1.2202,long,GBPJPY,standard_00_50,long,base
1748934000.0,1748937600.0,-1.2207,long,GBPJPY,standard_00_50,long,base
1749067200.0,1749106800.0,2.3217,long,GBPJPY,standard_00_50,long,base
1749538800.0,1749564000.0,2.2901,long,GBPJPY,standard_00_50,long,base
1749690000.0,1749704400.0,-1.1982,long,GBPJPY,standard_00_50,long,base
1750161600.0,1750172400.0,-1.1628,long,GBPJPY,standard_00_50,long,base
1750219200.0,1750240800.0,-1.2246,long,GBPJPY,standard_00_50,long,base
1750269600.0,1750291200.0,-1.1971,long,GBPJPY,standard_00_50,long,base
1750734000.0,1750748400.0,-1.2367,long,GBPJPY,standard_00_50,long,base
1751047200.0,1751230800.0,-1.2064,long,GBPJPY,standard_00_50,long,base
1751248800.0,1751256000.0,-1.2052,long,GBPJPY,standard_00_50,long,base
1751356800.0,1751367600.0,-1.2401,long,GBPJPY,standard_00_50,long,base
1751464800.0,1751544000.0,2.3468,long,GBPJPY,standard_00_50,long,base
1751626800.0,1751850000.0,-1.3125,long,GBPJPY,standard_00_50,long,base
1752069600.0,1752076800.0,-1.2587,long,GBPJPY,standard_00_50,long,base
1752192000.0,1752199200.0,2.211,long,GBPJPY,standard_00_50,long,base
1752667200.0,1752674400.0,-1.2248,long,GBPJPY,standard_00_50,long,base
1753113600.0,1753167600.0,2.2785,long,GBPJPY,standard_00_50,long,base
1753192800.0,1753221600.0,2.3139,long,GBPJPY,standard_00_50,long,base
1755248400.0,1755471600.0,2.2283,long,GBPJPY,standard_00_50,long,base
1755626400.0,1755651600.0,-1.2754,long,GBPJPY,standard_00_50,long,base
1756360800.0,1756364400.0,-1.2716,long,GBPJPY,standard_00_50,long,base
1756378800.0,1756425600.0,-1.2513,long,GBPJPY,standard_00_50,long,base
1756458000.0,1756479600.0,2.1979,long,GBPJPY,standard_00_50,long,base
1756800000.0,1756807200.0,-1.2036,long,GBPJPY,standard_00_50,long,base
1756818000.0,1756821600.0,-1.162,long,GBPJPY,standard_00_50,long,base
1757908800.0,1757919600.0,2.0734,long,GBPJPY,standard_00_50,long,base
1758006000.0,1758024000.0,2.1399,long,GBPJPY,standard_00_50,long,base
1758034800.0,1758042000.0,-1.2678,long,GBPJPY,standard_00_50,long,base
1758261600.0,1758265200.0,-1.2387,long,GBPJPY,standard_00_50,long,base
1759125600.0,1759129200.0,-1.3552,long,GBPJPY,standard_00_50,long,base
1759136400.0,1759154400.0,-1.298,long,GBPJPY,standard_00_50,long,base
1759215600.0,1759219200.0,-1.2745,long,GBPJPY,standard_00_50,long,base
1759320000.0,1759352400.0,-1.2516,long,GBPJPY,standard_00_50,long,base
1759413600.0,1759460400.0,2.3015,long,GBPJPY,standard_00_50,long,base
1760000400.0,1760014800.0,-1.2303,long,GBPJPY,standard_00_50,long,base
1760029200.0,1760076000.0,-1.1599,long,GBPJPY,standard_00_50,long,base
1760094000.0,1760108400.0,-1.1826,long,GBPJPY,standard_00_50,long,base
1761127200.0,1761141600.0,2.2922,long,GBPJPY,standard_00_50,long,base
1761609600.0,1761620400.0,-1.2891,long,GBPJPY,standard_00_50,long,base
1761627600.0,1761638400.0,-1.2873,long,GBPJPY,standard_00_50,long,base
1761739200.0,1761742800.0,-1.1807,long,GBPJPY,standard_00_50,long,base
1762182000.0,1762221600.0,-1.2309,long,GBPJPY,standard_00_50,long,base
1762239600.0,1762243200.0,-1.26,long,GBPJPY,standard_00_50,long,base
1762250400.0,1762257600.0,-1.1764,long,GBPJPY,standard_00_50,long,base
1762282800.0,1762300800.0,-1.1612,long,GBPJPY,standard_00_50,long,base
1762448400.0,1762524000.0,2.3163,long,GBPJPY,standard_00_50,long,base
1763096400.0,1763107200.0,-1.199,long,GBPJPY,standard_00_50,long,base
1763737200.0,1764136800.0,2.3749,long,GBPJPY,standard_00_50,long,base
1764320400.0,1764327600.0,-1.2611,long,GBPJPY,standard_00_50,long,base
1764576000.0,1764662400.0,2.2826,long,GBPJPY,standard_00_50,long,base
1765854000.0,1765861200.0,-1.2763,long,GBPJPY,standard_00_50,long,base
1765958400.0,1765983600.0,2.2774,long,GBPJPY,standard_00_50,long,base
1766995200.0,1767020400.0,-1.2676,long,GBPJPY,standard_00_50,long,base
1767096000.0,1767168000.0,-1.2944,long,GBPJPY,standard_00_50,long,base
1767772800.0,1767790800.0,-1.3322,long,GBPJPY,standard_00_50,long,base
1767805200.0,1767848400.0,-1.2855,long,GBPJPY,standard_00_50,long,base
1767859200.0,1767884400.0,2.151,long,GBPJPY,standard_00_50,long,base
1768381200.0,1768384800.0,-1.3333,long,GBPJPY,standard_00_50,long,base
1769389200.0,1769400000.0,-1.101,long,GBPJPY,standard_00_50,long,base
1769414400.0,1769425200.0,-1.1022,long,GBPJPY,standard_00_50,long,base
1770620400.0,1770645600.0,-1.1574,long,GBPJPY,standard_00_50,long,base
1770739200.0,1770768000.0,-1.1499,long,GBPJPY,standard_00_50,long,base
1770771600.0,1770782400.0,-1.1758,long,GBPJPY,standard_00_50,long,base
1770814800.0,1770818400.0,-1.1413,long,GBPJPY,standard_00_50,long,base
1770865200.0,1770894000.0,2.352,long,GBPJPY,standard_00_50,long,base
1771297200.0,1771300800.0,-1.2935,long,GBPJPY,standard_00_50,long,base
1771808400.0,1771866000.0,-1.2011,long,GBPJPY,standard_00_50,long,base
1772096400.0,1772118000.0,-1.2517,long,GBPJPY,standard_00_50,long,base
1772197200.0,1772402400.0,-1.1954,long,GBPJPY,standard_00_50,long,base
1772528400.0,1772550000.0,-1.1987,long,GBPJPY,standard_00_50,long,base
1772672400.0,1772690400.0,-1.2198,long,GBPJPY,standard_00_50,long,base
1773309600.0,1773381600.0,-1.3446,long,GBPJPY,standard_00_50,long,base
1773608400.0,1773640800.0,-1.2219,long,GBPJPY,standard_00_50,long,base
1773644400.0,1773666000.0,2.2249,long,GBPJPY,standard_00_50,long,base
1773867600.0,1773900000.0,-1.2527,long,GBPJPY,standard_00_50,long,base
1775246400.0,1775422800.0,-1.3802,long,GBPJPY,standard_00_50,long,base
1776859200.0,1776877200.0,2.1565,long,GBPJPY,standard_00_50,long,base
1776960000.0,1777060800.0,2.2365,long,GBPJPY,standard_00_50,long,base
1777539600.0,1777543200.0,-1.2096,long,GBPJPY,standard_00_50,long,base
1778446800.0,1778457600.0,2.2507,long,GBPJPY,standard_00_50,long,base
1778562000.0,1778565600.0,-1.2879,long,GBPJPY,standard_00_50,long,base
1778806800.0,1778824800.0,-1.2079,long,GBPJPY,standard_00_50,long,base
1778832000.0,1778835600.0,-1.303,long,GBPJPY,standard_00_50,long,base
1779192000.0,1779195600.0,-1.3157,long,GBPJPY,standard_00_50,long,base
1779926400.0,1779930000.0,-1.4049,long,GBPJPY,standard_00_50,long,base
1779940800.0,1779951600.0,2.0861,long,GBPJPY,standard_00_50,long,base
1780466400.0,1780470000.0,-1.5012,long,GBPJPY,standard_00_50,long,base
1780545600.0,1780556400.0,-1.4301,long,GBPJPY,standard_00_50,long,base
1780675200.0,1780682400.0,-1.2433,long,GBPJPY,standard_00_50,long,base
1781132400.0,1781179200.0,-1.2789,long,GBPJPY,standard_00_50,long,base
1781470800.0,1781481600.0,2.1716,long,GBPJPY,standard_00_50,long,base
1781578800.0,1781596800.0,2.1137,long,GBPJPY,standard_00_50,long,base
1781683200.0,1781694000.0,-1.4895,long,GBPJPY,standard_00_50,long,base
1781712000.0,1781719200.0,-1.3824,long,GBPJPY,standard_00_50,long,base
1781780400.0,1781794800.0,2.2708,long,GBPJPY,standard_00_50,long,base
1781809200.0,1781841600.0,-1.1451,long,GBPJPY,standard_00_50,long,base
1782302400.0,1782370800.0,2.2501,long,GBPJPY,standard_00_50,long,base
1782820800.0,1782828000.0,2.2286,long,GBPJPY,standard_00_50,long,base
1782972000.0,1782975600.0,-1.3255,long,GBPJPY,standard_00_50,long,base
1720702800.0,1720738800.0,-1.2318,long,GBPJPY,standard_00_50,long,stress
1721253600.0,1721257200.0,-1.2586,long,GBPJPY,standard_00_50,long,stress
1721703600.0,1721718000.0,-1.3818,long,GBPJPY,standard_00_50,long,stress
1721721600.0,1721725200.0,-1.3033,long,GBPJPY,standard_00_50,long,stress
1721901600.0,1721908800.0,2.3486,long,GBPJPY,standard_00_50,long,stress
1722240000.0,1722258000.0,2.2674,long,GBPJPY,standard_00_50,long,stress
1722358800.0,1722369600.0,-1.185,long,GBPJPY,standard_00_50,long,stress
1722376800.0,1722380400.0,-1.191,long,GBPJPY,standard_00_50,long,stress
1722412800.0,1722427200.0,-1.0902,long,GBPJPY,standard_00_50,long,stress
1722582000.0,1722600000.0,-1.1713,long,GBPJPY,standard_00_50,long,stress
1722610800.0,1722808800.0,-1.1171,long,GBPJPY,standard_00_50,long,stress
1722949200.0,1722992400.0,2.4198,long,GBPJPY,standard_00_50,long,stress
1723075200.0,1723122000.0,2.367,long,GBPJPY,standard_00_50,long,stress
1723600800.0,1723622400.0,2.2609,long,GBPJPY,standard_00_50,long,stress
1723813200.0,1724036400.0,-1.2484,long,GBPJPY,standard_00_50,long,stress
1724047200.0,1724079600.0,2.3172,long,GBPJPY,standard_00_50,long,stress
1724191200.0,1724216400.0,2.1964,long,GBPJPY,standard_00_50,long,stress
1724626800.0,1724630400.0,-1.2048,long,GBPJPY,standard_00_50,long,stress
1724655600.0,1724720400.0,2.2948,long,GBPJPY,standard_00_50,long,stress
1724860800.0,1724864400.0,-1.2668,long,GBPJPY,standard_00_50,long,stress
1724868000.0,1724882400.0,-1.2438,long,GBPJPY,standard_00_50,long,stress
1725433200.0,1725458400.0,-1.2229,long,GBPJPY,standard_00_50,long,stress
1725606000.0,1725624000.0,2.2134,long,GBPJPY,standard_00_50,long,stress
1725832800.0,1725980400.0,-1.1415,long,GBPJPY,standard_00_50,long,stress
1726030800.0,1726038000.0,-1.2184,long,GBPJPY,standard_00_50,long,stress
1726200000.0,1726214400.0,-1.2428,long,GBPJPY,standard_00_50,long,stress
1726221600.0,1726455600.0,-1.2257,long,GBPJPY,standard_00_50,long,stress
1726470000.0,1726480800.0,2.2159,long,GBPJPY,standard_00_50,long,stress
1727078400.0,1727092800.0,2.2481,long,GBPJPY,standard_00_50,long,stress
1727445600.0,1727452800.0,-1.1067,long,GBPJPY,standard_00_50,long,stress
1727791200.0,1727798400.0,-1.1586,long,GBPJPY,standard_00_50,long,stress
1727802000.0,1727866800.0,2.3601,long,GBPJPY,standard_00_50,long,stress
1728370800.0,1728450000.0,2.2644,long,GBPJPY,standard_00_50,long,stress
1728968400.0,1728972000.0,-1.4997,long,GBPJPY,standard_00_50,long,stress
1729602000.0,1729641600.0,2.2222,long,GBPJPY,standard_00_50,long,stress
1729832400.0,1729857600.0,2.1512,long,GBPJPY,standard_00_50,long,stress
1731387600.0,1731398400.0,-1.4135,long,GBPJPY,standard_00_50,long,stress
1731679200.0,1731682800.0,-1.2131,long,GBPJPY,standard_00_50,long,stress
1732006800.0,1732032000.0,2.3017,long,GBPJPY,standard_00_50,long,stress
1732172400.0,1732176000.0,-1.2815,long,GBPJPY,standard_00_50,long,stress
1732197600.0,1732230000.0,-1.1909,long,GBPJPY,standard_00_50,long,stress
1732233600.0,1732266000.0,-1.2434,long,GBPJPY,standard_00_50,long,stress
1732269600.0,1732514400.0,2.2839,long,GBPJPY,standard_00_50,long,stress
1732543200.0,1732579200.0,-1.2362,long,GBPJPY,standard_00_50,long,stress
1732636800.0,1732640400.0,-1.2491,long,GBPJPY,standard_00_50,long,stress
1732651200.0,1732669200.0,-1.2671,long,GBPJPY,standard_00_50,long,stress
1733378400.0,1733392800.0,2.2068,long,GBPJPY,standard_00_50,long,stress
1733493600.0,1733731200.0,2.2459,long,GBPJPY,standard_00_50,long,stress
1733907600.0,1733925600.0,-1.2567,long,GBPJPY,standard_00_50,long,stress
1734015600.0,1734091200.0,2.2798,long,GBPJPY,standard_00_50,long,stress
1734429600.0,1734444000.0,-1.3004,long,GBPJPY,standard_00_50,long,stress
1734663600.0,1734922800.0,2.2619,long,GBPJPY,standard_00_50,long,stress
1735632000.0,1735639200.0,2.1672,long,GBPJPY,standard_00_50,long,stress
1735815600.0,1735819200.0,-1.235,long,GBPJPY,standard_00_50,long,stress
1736265600.0,1736323200.0,-1.2702,long,GBPJPY,standard_00_50,long,stress
1736337600.0,1736341200.0,-1.2468,long,GBPJPY,standard_00_50,long,stress
1736744400.0,1736751600.0,-1.2563,long,GBPJPY,standard_00_50,long,stress
1736924400.0,1736928000.0,-1.3039,long,GBPJPY,standard_00_50,long,stress
1737648000.0,1737684000.0,2.1436,long,GBPJPY,standard_00_50,long,stress
1738198800.0,1738202400.0,-1.2873,long,GBPJPY,standard_00_50,long,stress
1738231200.0,1738238400.0,-1.2871,long,GBPJPY,standard_00_50,long,stress
1738728000.0,1738767600.0,-1.2664,long,GBPJPY,standard_00_50,long,stress
1739232000.0,1739260800.0,-1.3642,long,GBPJPY,standard_00_50,long,stress
1739754000.0,1739757600.0,-1.2841,long,GBPJPY,standard_00_50,long,stress
1739966400.0,1739973600.0,-1.2711,long,GBPJPY,standard_00_50,long,stress
1739977200.0,1740006000.0,-1.2694,long,GBPJPY,standard_00_50,long,stress
1740009600.0,1740013200.0,-1.3264,long,GBPJPY,standard_00_50,long,stress
1740016800.0,1740020400.0,-1.29,long,GBPJPY,standard_00_50,long,stress
1740153600.0,1740157200.0,-1.2423,long,GBPJPY,standard_00_50,long,stress
1740708000.0,1740726000.0,2.3197,long,GBPJPY,standard_00_50,long,stress
1741100400.0,1741111200.0,2.3399,long,GBPJPY,standard_00_50,long,stress
1741615200.0,1741647600.0,-1.187,long,GBPJPY,standard_00_50,long,stress
1741651200.0,1741680000.0,2.3093,long,GBPJPY,standard_00_50,long,stress
1741885200.0,1741924800.0,2.2911,long,GBPJPY,standard_00_50,long,stress
1742461200.0,1742464800.0,-1.3531,long,GBPJPY,standard_00_50,long,stress
1743390000.0,1743505200.0,-1.2271,long,GBPJPY,standard_00_50,long,stress
1743631200.0,1743649200.0,-1.1529,long,GBPJPY,standard_00_50,long,stress
1743688800.0,1743717600.0,-1.1568,long,GBPJPY,standard_00_50,long,stress
1743742800.0,1743750000.0,-1.1813,long,GBPJPY,standard_00_50,long,stress
1743757200.0,1743760800.0,-1.1786,long,GBPJPY,standard_00_50,long,stress
1743764400.0,1743775200.0,-1.1338,long,GBPJPY,standard_00_50,long,stress
1744102800.0,1744128000.0,-1.2004,long,GBPJPY,standard_00_50,long,stress
1744293600.0,1744297200.0,-1.1744,long,GBPJPY,standard_00_50,long,stress
1744786800.0,1744790400.0,2.1637,long,GBPJPY,standard_00_50,long,stress
1744844400.0,1744869600.0,2.2351,long,GBPJPY,standard_00_50,long,stress
1745935200.0,1746003600.0,2.1108,long,GBPJPY,standard_00_50,long,stress
1746021600.0,1746072000.0,2.1819,long,GBPJPY,standard_00_50,long,stress
1746187200.0,1746190800.0,-1.2717,long,GBPJPY,standard_00_50,long,stress
1746482400.0,1746514800.0,-1.4198,long,GBPJPY,standard_00_50,long,stress
1747270800.0,1747281600.0,-1.2903,long,GBPJPY,standard_00_50,long,stress
1747317600.0,1747353600.0,-1.315,long,GBPJPY,standard_00_50,long,stress
1747602000.0,1747605600.0,-1.3744,long,GBPJPY,standard_00_50,long,stress
1747800000.0,1747821600.0,-1.3774,long,GBPJPY,standard_00_50,long,stress
1747872000.0,1747893600.0,-1.2887,long,GBPJPY,standard_00_50,long,stress
1747900800.0,1747918800.0,2.2113,long,GBPJPY,standard_00_50,long,stress
1748412000.0,1748415600.0,-1.3379,long,GBPJPY,standard_00_50,long,stress
1748520000.0,1748527200.0,-1.2673,long,GBPJPY,standard_00_50,long,stress
1748872800.0,1748901600.0,-1.3671,long,GBPJPY,standard_00_50,long,stress
1748934000.0,1748937600.0,-1.3678,long,GBPJPY,standard_00_50,long,stress
1749067200.0,1749106800.0,2.2028,long,GBPJPY,standard_00_50,long,stress
1749538800.0,1749564000.0,2.1502,long,GBPJPY,standard_00_50,long,stress
1749690000.0,1749704400.0,-1.3304,long,GBPJPY,standard_00_50,long,stress
1750161600.0,1750172400.0,-1.2714,long,GBPJPY,standard_00_50,long,stress
1750219200.0,1750240800.0,-1.3743,long,GBPJPY,standard_00_50,long,stress
1750269600.0,1750291200.0,-1.3285,long,GBPJPY,standard_00_50,long,stress
1750734000.0,1750748400.0,-1.3944,long,GBPJPY,standard_00_50,long,stress
1751047200.0,1751230800.0,-1.344,long,GBPJPY,standard_00_50,long,stress
1751248800.0,1751256000.0,-1.342,long,GBPJPY,standard_00_50,long,stress
1751356800.0,1751367600.0,-1.4002,long,GBPJPY,standard_00_50,long,stress
1751464800.0,1751544000.0,2.2446,long,GBPJPY,standard_00_50,long,stress
1751626800.0,1751850000.0,-1.5209,long,GBPJPY,standard_00_50,long,stress
1752069600.0,1752076800.0,-1.4311,long,GBPJPY,standard_00_50,long,stress
1752192000.0,1752199200.0,2.0184,long,GBPJPY,standard_00_50,long,stress
1752667200.0,1752674400.0,-1.3746,long,GBPJPY,standard_00_50,long,stress
1753113600.0,1753167600.0,2.1308,long,GBPJPY,standard_00_50,long,stress
1753192800.0,1753221600.0,2.1898,long,GBPJPY,standard_00_50,long,stress
1755248400.0,1755471600.0,2.0472,long,GBPJPY,standard_00_50,long,stress
1755626400.0,1755651600.0,-1.459,long,GBPJPY,standard_00_50,long,stress
1756360800.0,1756364400.0,-1.4526,long,GBPJPY,standard_00_50,long,stress
1756378800.0,1756425600.0,-1.4189,long,GBPJPY,standard_00_50,long,stress
1756458000.0,1756479600.0,1.9966,long,GBPJPY,standard_00_50,long,stress
1756800000.0,1756807200.0,-1.3394,long,GBPJPY,standard_00_50,long,stress
1756818000.0,1756821600.0,-1.2699,long,GBPJPY,standard_00_50,long,stress
1757908800.0,1757919600.0,1.789,long,GBPJPY,standard_00_50,long,stress
1758006000.0,1758024000.0,1.8999,long,GBPJPY,standard_00_50,long,stress
1758034800.0,1758042000.0,-1.4464,long,GBPJPY,standard_00_50,long,stress
1758261600.0,1758265200.0,-1.3978,long,GBPJPY,standard_00_50,long,stress
1759125600.0,1759129200.0,-1.5921,long,GBPJPY,standard_00_50,long,stress
1759136400.0,1759154400.0,-1.4966,long,GBPJPY,standard_00_50,long,stress
1759215600.0,1759219200.0,-1.4575,long,GBPJPY,standard_00_50,long,stress
1759320000.0,1759352400.0,-1.4194,long,GBPJPY,standard_00_50,long,stress
1759413600.0,1759460400.0,2.1691,long,GBPJPY,standard_00_50,long,stress
1760000400.0,1760014800.0,-1.3838,long,GBPJPY,standard_00_50,long,stress
1760029200.0,1760076000.0,-1.2665,long,GBPJPY,standard_00_50,long,stress
1760094000.0,1760108400.0,-1.3043,long,GBPJPY,standard_00_50,long,stress
1761127200.0,1761141600.0,2.1536,long,GBPJPY,standard_00_50,long,stress
1761609600.0,1761620400.0,-1.4819,long,GBPJPY,standard_00_50,long,stress
1761627600.0,1761638400.0,-1.4788,long,GBPJPY,standard_00_50,long,stress
1761739200.0,1761742800.0,-1.3012,long,GBPJPY,standard_00_50,long,stress
1762182000.0,1762221600.0,-1.3848,long,GBPJPY,standard_00_50,long,stress
1762239600.0,1762243200.0,-1.4333,long,GBPJPY,standard_00_50,long,stress
1762250400.0,1762257600.0,-1.2939,long,GBPJPY,standard_00_50,long,stress
1762282800.0,1762300800.0,-1.2687,long,GBPJPY,standard_00_50,long,stress
1762448400.0,1762524000.0,2.1939,long,GBPJPY,standard_00_50,long,stress
1763096400.0,1763107200.0,-1.3317,long,GBPJPY,standard_00_50,long,stress
1763737200.0,1764136800.0,2.2915,long,GBPJPY,standard_00_50,long,stress
1764320400.0,1764327600.0,-1.4351,long,GBPJPY,standard_00_50,long,stress
1764576000.0,1764662400.0,2.1376,long,GBPJPY,standard_00_50,long,stress
1765854000.0,1765861200.0,-1.4604,long,GBPJPY,standard_00_50,long,stress
1765958400.0,1765983600.0,2.1291,long,GBPJPY,standard_00_50,long,stress
1766995200.0,1767020400.0,-1.446,long,GBPJPY,standard_00_50,long,stress
1767096000.0,1767168000.0,-1.4906,long,GBPJPY,standard_00_50,long,stress
1767772800.0,1767790800.0,-1.5536,long,GBPJPY,standard_00_50,long,stress
1767805200.0,1767848400.0,-1.4758,long,GBPJPY,standard_00_50,long,stress
1767859200.0,1767884400.0,1.9184,long,GBPJPY,standard_00_50,long,stress
1768381200.0,1768384800.0,-1.5555,long,GBPJPY,standard_00_50,long,stress
1769389200.0,1769400000.0,-1.1683,long,GBPJPY,standard_00_50,long,stress
1769414400.0,1769425200.0,-1.1704,long,GBPJPY,standard_00_50,long,stress
1770620400.0,1770645600.0,-1.2623,long,GBPJPY,standard_00_50,long,stress
1770739200.0,1770768000.0,-1.2499,long,GBPJPY,standard_00_50,long,stress
1770771600.0,1770782400.0,-1.293,long,GBPJPY,standard_00_50,long,stress
1770814800.0,1770818400.0,-1.2355,long,GBPJPY,standard_00_50,long,stress
1770865200.0,1770894000.0,2.2533,long,GBPJPY,standard_00_50,long,stress
1771297200.0,1771300800.0,-1.4892,long,GBPJPY,standard_00_50,long,stress
1771808400.0,1771866000.0,-1.3352,long,GBPJPY,standard_00_50,long,stress
1772096400.0,1772118000.0,-1.4194,long,GBPJPY,standard_00_50,long,stress
1772197200.0,1772402400.0,-1.3257,long,GBPJPY,standard_00_50,long,stress
1772528400.0,1772550000.0,-1.3311,long,GBPJPY,standard_00_50,long,stress
1772672400.0,1772690400.0,-1.3664,long,GBPJPY,standard_00_50,long,stress
1773309600.0,1773381600.0,-1.5744,long,GBPJPY,standard_00_50,long,stress
1773608400.0,1773640800.0,-1.3698,long,GBPJPY,standard_00_50,long,stress
1773644400.0,1773666000.0,2.0415,long,GBPJPY,standard_00_50,long,stress
1773867600.0,1773900000.0,-1.4212,long,GBPJPY,standard_00_50,long,stress
1775246400.0,1775422800.0,-1.6336,long,GBPJPY,standard_00_50,long,stress
1776859200.0,1776877200.0,1.9275,long,GBPJPY,standard_00_50,long,stress
1776960000.0,1777060800.0,2.0608,long,GBPJPY,standard_00_50,long,stress
1777539600.0,1777543200.0,-1.3494,long,GBPJPY,standard_00_50,long,stress
1778446800.0,1778457600.0,2.0844,long,GBPJPY,standard_00_50,long,stress
1778562000.0,1778565600.0,-1.4798,long,GBPJPY,standard_00_50,long,stress
1778806800.0,1778824800.0,-1.3466,long,GBPJPY,standard_00_50,long,stress
1778832000.0,1778835600.0,-1.505,long,GBPJPY,standard_00_50,long,stress
1779192000.0,1779195600.0,-1.5262,long,GBPJPY,standard_00_50,long,stress
1779926400.0,1779930000.0,-1.6749,long,GBPJPY,standard_00_50,long,stress
1779940800.0,1779951600.0,1.8101,long,GBPJPY,standard_00_50,long,stress
1780466400.0,1780470000.0,-1.8354,long,GBPJPY,standard_00_50,long,stress
1780545600.0,1780556400.0,-1.7168,long,GBPJPY,standard_00_50,long,stress
1780675200.0,1780682400.0,-1.4054,long,GBPJPY,standard_00_50,long,stress
1781132400.0,1781179200.0,-1.4648,long,GBPJPY,standard_00_50,long,stress
1781470800.0,1781481600.0,1.9526,long,GBPJPY,standard_00_50,long,stress
1781578800.0,1781596800.0,1.8561,long,GBPJPY,standard_00_50,long,stress
1781683200.0,1781694000.0,-1.8158,long,GBPJPY,standard_00_50,long,stress
1781712000.0,1781719200.0,-1.6374,long,GBPJPY,standard_00_50,long,stress
1781780400.0,1781794800.0,2.118,long,GBPJPY,standard_00_50,long,stress
1781809200.0,1781841600.0,-1.2419,long,GBPJPY,standard_00_50,long,stress
1782302400.0,1782370800.0,2.0836,long,GBPJPY,standard_00_50,long,stress
1782820800.0,1782828000.0,2.0477,long,GBPJPY,standard_00_50,long,stress
1782972000.0,1782975600.0,-1.5426,long,GBPJPY,standard_00_50,long,stress
1723442400.0,1723460400.0,-1.2121,short,GBPJPY,big_figure_00,short,base
1724122800.0,1724162400.0,2.3586,short,GBPJPY,big_figure_00,short,base
1724720400.0,1724742000.0,-1.1847,short,GBPJPY,big_figure_00,short,base
1725879600.0,1725886800.0,2.3549,short,GBPJPY,big_figure_00,short,base
1726513200.0,1726527600.0,-1.1348,short,GBPJPY,big_figure_00,short,base
1726686000.0,1726700400.0,-1.1176,short,GBPJPY,big_figure_00,short,base
1726743600.0,1726812000.0,-1.0959,short,GBPJPY,big_figure_00,short,base
1727161200.0,1727164800.0,-1.1518,short,GBPJPY,big_figure_00,short,base
1727917200.0,1727931600.0,2.3792,short,GBPJPY,big_figure_00,short,base
1728036000.0,1728043200.0,-1.1819,short,GBPJPY,big_figure_00,short,base
1728388800.0,1728450000.0,-1.1353,short,GBPJPY,big_figure_00,short,base
1728482400.0,1728532800.0,-1.1776,short,GBPJPY,big_figure_00,short,base
1728651600.0,1728655200.0,-1.1965,short,GBPJPY,big_figure_00,short,base
1729234800.0,1729245600.0,2.2548,short,GBPJPY,big_figure_00,short,base
1729562400.0,1729566000.0,-1.2399,short,GBPJPY,big_figure_00,short,base
1731546000.0,1731596400.0,-1.1847,short,GBPJPY,big_figure_00,short,base
1731934800.0,1731945600.0,-1.1198,short,GBPJPY,big_figure_00,short,base
1733407200.0,1733450400.0,2.3514,short,GBPJPY,big_figure_00,short,base
1734915600.0,1735041600.0,-1.1861,short,GBPJPY,big_figure_00,short,base
1735236000.0,1735264800.0,2.2269,short,GBPJPY,big_figure_00,short,base
1735660800.0,1735772400.0,-1.1498,short,GBPJPY,big_figure_00,short,base
1736125200.0,1736139600.0,-1.2208,short,GBPJPY,big_figure_00,short,base
1736881200.0,1736924400.0,2.3709,short,GBPJPY,big_figure_00,short,base
1738054800.0,1738155600.0,2.3269,short,GBPJPY,big_figure_00,short,base
1739325600.0,1739343600.0,-1.1652,short,GBPJPY,big_figure_00,short,base
1740747600.0,1740996000.0,-1.1185,short,GBPJPY,big_figure_00,short,base
1741118400.0,1741122000.0,-1.0837,short,GBPJPY,big_figure_00,short,base
1741136400.0,1741161600.0,-1.0879,short,GBPJPY,big_figure_00,short,base
1741352400.0,1741356000.0,-1.119,short,GBPJPY,big_figure_00,short,base
1741690800.0,1741694400.0,-1.1244,short,GBPJPY,big_figure_00,short,base
1742259600.0,1742277600.0,-1.1695,short,GBPJPY,big_figure_00,short,base
1743094800.0,1743170400.0,2.3549,short,GBPJPY,big_figure_00,short,base
1743624000.0,1743631200.0,2.3894,short,GBPJPY,big_figure_00,short,base
1744635600.0,1744700400.0,-1.1052,short,GBPJPY,big_figure_00,short,base
1745553600.0,1745564400.0,-1.2142,short,GBPJPY,big_figure_00,short,base
1746705600.0,1746716400.0,-1.1616,short,GBPJPY,big_figure_00,short,base
1747699200.0,1747713600.0,2.242,short,GBPJPY,big_figure_00,short,base
1749024000.0,1749031200.0,-1.2361,short,GBPJPY,big_figure_00,short,base
1749132000.0,1749135600.0,-1.1788,short,GBPJPY,big_figure_00,short,base
1749218400.0,1749520800.0,-1.2351,short,GBPJPY,big_figure_00,short,base
1749643200.0,1749646800.0,-1.2047,short,GBPJPY,big_figure_00,short,base
1750024800.0,1750093200.0,-1.1532,short,GBPJPY,big_figure_00,short,base
1750334400.0,1750370400.0,-1.1886,short,GBPJPY,big_figure_00,short,base
1750665600.0,1750726800.0,2.3269,short,GBPJPY,big_figure_00,short,base
1750834800.0,1750838400.0,-1.236,short,GBPJPY,big_figure_00,short,base
1751558400.0,1751612400.0,2.3147,short,GBPJPY,big_figure_00,short,base
1751900400.0,1751932800.0,-1.1954,short,GBPJPY,big_figure_00,short,base
1752580800.0,1752584400.0,-1.2657,short,GBPJPY,big_figure_00,short,base
1753405200.0,1753419600.0,2.2711,short,GBPJPY,big_figure_00,short,base
1753686000.0,1753693200.0,-1.2795,short,GBPJPY,big_figure_00,short,base
1754510400.0,1754528400.0,-1.2361,short,GBPJPY,big_figure_00,short,base
1754582400.0,1754640000.0,-1.1693,short,GBPJPY,big_figure_00,short,base
1754953200.0,1754956800.0,-1.3371,short,GBPJPY,big_figure_00,short,base
1755003600.0,1755082800.0,-1.2087,short,GBPJPY,big_figure_00,short,base
1755478800.0,1755518400.0,-1.2439,short,GBPJPY,big_figure_00,short,base
1756216800.0,1756296000.0,-1.2547,short,GBPJPY,big_figure_00,short,base
1756713600.0,1756728000.0,-1.2993,short,GBPJPY,big_figure_00,short,base
1757588400.0,1757592000.0,-1.3575,short,GBPJPY,big_figure_00,short,base
1758704400.0,1758722400.0,-1.3397,short,GBPJPY,big_figure_00,short,base
1758726000.0,1758736800.0,-1.3003,short,GBPJPY,big_figure_00,short,base
1759878000.0,1759881600.0,-1.1993,short,GBPJPY,big_figure_00,short,base
1761310800.0,1761314400.0,2.255,short,GBPJPY,big_figure_00,short,base
1761516000.0,1761570000.0,-1.2383,short,GBPJPY,big_figure_00,short,base
1763053200.0,1763082000.0,2.3167,short,GBPJPY,big_figure_00,short,base
1764086400.0,1764144000.0,-1.2176,short,GBPJPY,big_figure_00,short,base
1764183600.0,1764327600.0,2.3206,short,GBPJPY,big_figure_00,short,base
1764770400.0,1764784800.0,-1.2653,short,GBPJPY,big_figure_00,short,base
1765260000.0,1765263600.0,-1.3727,short,GBPJPY,big_figure_00,short,base
1765879200.0,1765897200.0,2.2462,short,GBPJPY,big_figure_00,short,base
1766124000.0,1766127600.0,-1.2342,short,GBPJPY,big_figure_00,short,base
1767654000.0,1767704400.0,2.2282,short,GBPJPY,big_figure_00,short,base
1767970800.0,1767974400.0,-1.2871,short,GBPJPY,big_figure_00,short,base
1768276800.0,1768291200.0,-1.2692,short,GBPJPY,big_figure_00,short,base
1768813200.0,1768834800.0,-1.2142,short,GBPJPY,big_figure_00,short,base
1769122800.0,1769148000.0,-1.227,short,GBPJPY,big_figure_00,short,base
1769626800.0,1769670000.0,-1.1855,short,GBPJPY,big_figure_00,short,base
1769760000.0,1769781600.0,-1.2255,short,GBPJPY,big_figure_00,short,base
1770400800.0,1770588000.0,-1.2093,short,GBPJPY,big_figure_00,short,base
1771426800.0,1771470000.0,-1.242,short,GBPJPY,big_figure_00,short,base
1772024400.0,1772042400.0,-1.1716,short,GBPJPY,big_figure_00,short,base
1772046000.0,1772082000.0,2.3001,short,GBPJPY,big_figure_00,short,base
1772456400.0,1772460000.0,-1.1632,short,GBPJPY,big_figure_00,short,base
1772776800.0,1772787600.0,2.2268,short,GBPJPY,big_figure_00,short,base
1773068400.0,1773079200.0,-1.1896,short,GBPJPY,big_figure_00,short,base
1773082800.0,1773140400.0,-1.2039,short,GBPJPY,big_figure_00,short,base
1773226800.0,1773248400.0,-1.2632,short,GBPJPY,big_figure_00,short,base
1773680400.0,1773687600.0,-1.2637,short,GBPJPY,big_figure_00,short,base
1773712800.0,1773741600.0,-1.3205,short,GBPJPY,big_figure_00,short,base
1774274400.0,1774836000.0,2.3693,short,GBPJPY,big_figure_00,short,base
1775037600.0,1775048400.0,-1.2226,short,GBPJPY,big_figure_00,short,base
1776096000.0,1776103200.0,-1.3431,short,GBPJPY,big_figure_00,short,base
1776700800.0,1776708000.0,-1.3367,short,GBPJPY,big_figure_00,short,base
1776715200.0,1776769200.0,-1.3272,short,GBPJPY,big_figure_00,short,base
1777460400.0,1777464000.0,-1.4828,short,GBPJPY,big_figure_00,short,base
1777467600.0,1777471200.0,-1.4176,short,GBPJPY,big_figure_00,short,base
1777989600.0,1778032800.0,-1.276,short,GBPJPY,big_figure_00,short,base
1778148000.0,1778187600.0,2.1992,short,GBPJPY,big_figure_00,short,base
1780376400.0,1780380000.0,-1.5219,short,GBPJPY,big_figure_00,short,base
1780970400.0,1780977600.0,-1.4203,short,GBPJPY,big_figure_00,short,base
1780984800.0,1780988400.0,-1.4697,short,GBPJPY,big_figure_00,short,base
1781085600.0,1781096400.0,-1.3493,short,GBPJPY,big_figure_00,short,base
1781236800.0,1781474400.0,-1.3054,short,GBPJPY,big_figure_00,short,base
1782936000.0,1782957600.0,-1.3121,short,GBPJPY,big_figure_00,short,base
1723442400.0,1723460400.0,-1.3534,short,GBPJPY,big_figure_00,short,stress
1724122800.0,1724162400.0,2.2644,short,GBPJPY,big_figure_00,short,stress
1724720400.0,1724742000.0,-1.3079,short,GBPJPY,big_figure_00,short,stress
1725879600.0,1725886800.0,2.2581,short,GBPJPY,big_figure_00,short,stress
1726513200.0,1726527600.0,-1.2247,short,GBPJPY,big_figure_00,short,stress
1726686000.0,1726700400.0,-1.1959,short,GBPJPY,big_figure_00,short,stress
1726743600.0,1726812000.0,-1.1599,short,GBPJPY,big_figure_00,short,stress
1727161200.0,1727164800.0,-1.253,short,GBPJPY,big_figure_00,short,stress
1727917200.0,1727931600.0,2.2986,short,GBPJPY,big_figure_00,short,stress
1728036000.0,1728043200.0,-1.3031,short,GBPJPY,big_figure_00,short,stress
1728388800.0,1728450000.0,-1.2255,short,GBPJPY,big_figure_00,short,stress
1728482400.0,1728532800.0,-1.2961,short,GBPJPY,big_figure_00,short,stress
1728651600.0,1728655200.0,-1.3275,short,GBPJPY,big_figure_00,short,stress
1729234800.0,1729245600.0,2.0914,short,GBPJPY,big_figure_00,short,stress
1729562400.0,1729566000.0,-1.3998,short,GBPJPY,big_figure_00,short,stress
1731546000.0,1731596400.0,-1.3078,short,GBPJPY,big_figure_00,short,stress
1731934800.0,1731945600.0,-1.1996,short,GBPJPY,big_figure_00,short,stress
1733407200.0,1733450400.0,2.2524,short,GBPJPY,big_figure_00,short,stress
1734915600.0,1735041600.0,-1.3102,short,GBPJPY,big_figure_00,short,stress
1735236000.0,1735264800.0,2.0448,short,GBPJPY,big_figure_00,short,stress
1735660800.0,1735772400.0,-1.2497,short,GBPJPY,big_figure_00,short,stress
1736125200.0,1736139600.0,-1.3679,short,GBPJPY,big_figure_00,short,stress
1736881200.0,1736924400.0,2.2849,short,GBPJPY,big_figure_00,short,stress
1738054800.0,1738155600.0,2.2115,short,GBPJPY,big_figure_00,short,stress
1739325600.0,1739343600.0,-1.2753,short,GBPJPY,big_figure_00,short,stress
1740747600.0,1740996000.0,-1.1975,short,GBPJPY,big_figure_00,short,stress
1741118400.0,1741122000.0,-1.1395,short,GBPJPY,big_figure_00,short,stress
1741136400.0,1741161600.0,-1.1465,short,GBPJPY,big_figure_00,short,stress
1741352400.0,1741356000.0,-1.1983,short,GBPJPY,big_figure_00,short,stress
1741690800.0,1741694400.0,-1.2073,short,GBPJPY,big_figure_00,short,stress
1742259600.0,1742277600.0,-1.2824,short,GBPJPY,big_figure_00,short,stress
1743094800.0,1743170400.0,2.2581,short,GBPJPY,big_figure_00,short,stress
1743624000.0,1743631200.0,2.3157,short,GBPJPY,big_figure_00,short,stress
1744635600.0,1744700400.0,-1.1754,short,GBPJPY,big_figure_00,short,stress
1745553600.0,1745564400.0,-1.3571,short,GBPJPY,big_figure_00,short,stress
1746705600.0,1746716400.0,-1.2693,short,GBPJPY,big_figure_00,short,stress
1747699200.0,1747713600.0,2.0701,short,GBPJPY,big_figure_00,short,stress
1749024000.0,1749031200.0,-1.3935,short,GBPJPY,big_figure_00,short,stress
1749132000.0,1749135600.0,-1.298,short,GBPJPY,big_figure_00,short,stress
1749218400.0,1749520800.0,-1.3919,short,GBPJPY,big_figure_00,short,stress
1749643200.0,1749646800.0,-1.3412,short,GBPJPY,big_figure_00,short,stress
1750024800.0,1750093200.0,-1.2553,short,GBPJPY,big_figure_00,short,stress
1750334400.0,1750370400.0,-1.3144,short,GBPJPY,big_figure_00,short,stress
1750665600.0,1750726800.0,2.2114,short,GBPJPY,big_figure_00,short,stress
1750834800.0,1750838400.0,-1.3934,short,GBPJPY,big_figure_00,short,stress
1751558400.0,1751612400.0,2.1912,short,GBPJPY,big_figure_00,short,stress
1751900400.0,1751932800.0,-1.3257,short,GBPJPY,big_figure_00,short,stress
1752580800.0,1752584400.0,-1.4428,short,GBPJPY,big_figure_00,short,stress
1753405200.0,1753419600.0,2.1184,short,GBPJPY,big_figure_00,short,stress
1753686000.0,1753693200.0,-1.4658,short,GBPJPY,big_figure_00,short,stress
1754510400.0,1754528400.0,-1.3936,short,GBPJPY,big_figure_00,short,stress
1754582400.0,1754640000.0,-1.2821,short,GBPJPY,big_figure_00,short,stress
1754953200.0,1754956800.0,-1.5618,short,GBPJPY,big_figure_00,short,stress
1755003600.0,1755082800.0,-1.3479,short,GBPJPY,big_figure_00,short,stress
1755478800.0,1755518400.0,-1.4065,short,GBPJPY,big_figure_00,short,stress
1756216800.0,1756296000.0,-1.4246,short,GBPJPY,big_figure_00,short,stress
1756713600.0,1756728000.0,-1.4988,short,GBPJPY,big_figure_00,short,stress
1757588400.0,1757592000.0,-1.5959,short,GBPJPY,big_figure_00,short,stress
1758704400.0,1758722400.0,-1.5661,short,GBPJPY,big_figure_00,short,stress
1758726000.0,1758736800.0,-1.5006,short,GBPJPY,big_figure_00,short,stress
1759878000.0,1759881600.0,-1.3322,short,GBPJPY,big_figure_00,short,stress
1761310800.0,1761314400.0,2.0916,short,GBPJPY,big_figure_00,short,stress
1761516000.0,1761570000.0,-1.3972,short,GBPJPY,big_figure_00,short,stress
1763053200.0,1763082000.0,2.1945,short,GBPJPY,big_figure_00,short,stress
1764086400.0,1764144000.0,-1.3627,short,GBPJPY,big_figure_00,short,stress
1764183600.0,1764327600.0,2.2011,short,GBPJPY,big_figure_00,short,stress
1764770400.0,1764784800.0,-1.4422,short,GBPJPY,big_figure_00,short,stress
1765260000.0,1765263600.0,-1.6212,short,GBPJPY,big_figure_00,short,stress
1765879200.0,1765897200.0,2.077,short,GBPJPY,big_figure_00,short,stress
1766124000.0,1766127600.0,-1.3903,short,GBPJPY,big_figure_00,short,stress
1767654000.0,1767704400.0,2.047,short,GBPJPY,big_figure_00,short,stress
1767970800.0,1767974400.0,-1.4786,short,GBPJPY,big_figure_00,short,stress
1768276800.0,1768291200.0,-1.4486,short,GBPJPY,big_figure_00,short,stress
1768813200.0,1768834800.0,-1.3569,short,GBPJPY,big_figure_00,short,stress
1769122800.0,1769148000.0,-1.3783,short,GBPJPY,big_figure_00,short,stress
1769626800.0,1769670000.0,-1.3091,short,GBPJPY,big_figure_00,short,stress
1769760000.0,1769781600.0,-1.3758,short,GBPJPY,big_figure_00,short,stress
1770400800.0,1770588000.0,-1.3488,short,GBPJPY,big_figure_00,short,stress
1771426800.0,1771470000.0,-1.4033,short,GBPJPY,big_figure_00,short,stress
1772024400.0,1772042400.0,-1.286,short,GBPJPY,big_figure_00,short,stress
1772046000.0,1772082000.0,2.1669,short,GBPJPY,big_figure_00,short,stress
1772456400.0,1772460000.0,-1.272,short,GBPJPY,big_figure_00,short,stress
1772776800.0,1772787600.0,2.0446,short,GBPJPY,big_figure_00,short,stress
1773068400.0,1773079200.0,-1.316,short,GBPJPY,big_figure_00,short,stress
1773082800.0,1773140400.0,-1.3399,short,GBPJPY,big_figure_00,short,stress
1773226800.0,1773248400.0,-1.4387,short,GBPJPY,big_figure_00,short,stress
1773680400.0,1773687600.0,-1.4396,short,GBPJPY,big_figure_00,short,stress
1773712800.0,1773741600.0,-1.5342,short,GBPJPY,big_figure_00,short,stress
1774274400.0,1774836000.0,2.2822,short,GBPJPY,big_figure_00,short,stress
1775037600.0,1775048400.0,-1.371,short,GBPJPY,big_figure_00,short,stress
1776096000.0,1776103200.0,-1.5719,short,GBPJPY,big_figure_00,short,stress
1776700800.0,1776708000.0,-1.5612,short,GBPJPY,big_figure_00,short,stress
1776715200.0,1776769200.0,-1.5453,short,GBPJPY,big_figure_00,short,stress
1777460400.0,1777464000.0,-1.8046,short,GBPJPY,big_figure_00,short,stress
1777467600.0,1777471200.0,-1.696,short,GBPJPY,big_figure_00,short,stress
1777989600.0,1778032800.0,-1.46,short,GBPJPY,big_figure_00,short,stress
1778148000.0,1778187600.0,1.9987,short,GBPJPY,big_figure_00,short,stress
1780376400.0,1780380000.0,-1.8698,short,GBPJPY,big_figure_00,short,stress
1780970400.0,1780977600.0,-1.7004,short,GBPJPY,big_figure_00,short,stress
1780984800.0,1780988400.0,-1.7828,short,GBPJPY,big_figure_00,short,stress
1781085600.0,1781096400.0,-1.5822,short,GBPJPY,big_figure_00,short,stress
1781236800.0,1781474400.0,-1.509,short,GBPJPY,big_figure_00,short,stress
1782936000.0,1782957600.0,-1.5202,short,GBPJPY,big_figure_00,short,stress
1720702800.0,1720738800.0,-1.1391,long,GBPJPY,big_figure_00,long,base
1721253600.0,1721257200.0,-1.1551,long,GBPJPY,big_figure_00,long,base
1721703600.0,1721718000.0,-1.2291,long,GBPJPY,big_figure_00,long,base
1721901600.0,1721908800.0,2.4092,long,GBPJPY,big_figure_00,long,base
1722240000.0,1722258000.0,2.3604,long,GBPJPY,big_figure_00,long,base
1722376800.0,1722380400.0,-1.1146,long,GBPJPY,big_figure_00,long,base
1722949200.0,1722992400.0,2.4519,long,GBPJPY,big_figure_00,long,base
1723600800.0,1723622400.0,2.3565,long,GBPJPY,big_figure_00,long,base
1724191200.0,1724216400.0,2.3178,long,GBPJPY,big_figure_00,long,base
1724626800.0,1724630400.0,-1.1229,long,GBPJPY,big_figure_00,long,base
1725433200.0,1725458400.0,-1.1337,long,GBPJPY,big_figure_00,long,base
1726200000.0,1726214400.0,-1.1457,long,GBPJPY,big_figure_00,long,base
1726470000.0,1726480800.0,2.3296,long,GBPJPY,big_figure_00,long,base
1727445600.0,1727452800.0,-1.064,long,GBPJPY,big_figure_00,long,base
1727802000.0,1727866800.0,2.4161,long,GBPJPY,big_figure_00,long,base
1728370800.0,1728450000.0,2.3586,long,GBPJPY,big_figure_00,long,base
1728968400.0,1728972000.0,-1.2998,long,GBPJPY,big_figure_00,long,base
1731387600.0,1731398400.0,-1.2481,long,GBPJPY,big_figure_00,long,base
1732006800.0,1732032000.0,2.381,long,GBPJPY,big_figure_00,long,base
1732233600.0,1732266000.0,-1.146,long,GBPJPY,big_figure_00,long,base
1732269600.0,1732514400.0,2.3703,long,GBPJPY,big_figure_00,long,base
1732651200.0,1732669200.0,-1.1603,long,GBPJPY,big_figure_00,long,base
1733493600.0,1733731200.0,2.3475,long,GBPJPY,big_figure_00,long,base
1733907600.0,1733925600.0,-1.154,long,GBPJPY,big_figure_00,long,base
1734015600.0,1734091200.0,2.3679,long,GBPJPY,big_figure_00,long,base
1734429600.0,1734444000.0,-1.1803,long,GBPJPY,big_figure_00,long,base
1734663600.0,1734922800.0,2.3571,long,GBPJPY,big_figure_00,long,base
1735632000.0,1735639200.0,2.3003,long,GBPJPY,big_figure_00,long,base
1736265600.0,1736323200.0,-1.1621,long,GBPJPY,big_figure_00,long,base
1736744400.0,1736751600.0,-1.1538,long,GBPJPY,big_figure_00,long,base
1738231200.0,1738238400.0,-1.1722,long,GBPJPY,big_figure_00,long,base
1738728000.0,1738767600.0,-1.1598,long,GBPJPY,big_figure_00,long,base
1739754000.0,1739757600.0,-1.1704,long,GBPJPY,big_figure_00,long,base
1739966400.0,1739973600.0,-1.1627,long,GBPJPY,big_figure_00,long,base
1740009600.0,1740013200.0,-1.1958,long,GBPJPY,big_figure_00,long,base
1740153600.0,1740157200.0,-1.1454,long,GBPJPY,big_figure_00,long,base
1740708000.0,1740726000.0,2.3918,long,GBPJPY,big_figure_00,long,base
1741651200.0,1741680000.0,2.3856,long,GBPJPY,big_figure_00,long,base
1741885200.0,1741924800.0,2.3747,long,GBPJPY,big_figure_00,long,base
1743390000.0,1743505200.0,-1.1363,long,GBPJPY,big_figure_00,long,base
1743631200.0,1743649200.0,-1.0917,long,GBPJPY,big_figure_00,long,base
1743757200.0,1743760800.0,-1.1072,long,GBPJPY,big_figure_00,long,base
1743775200.0,1743973200.0,-1.0678,long,GBPJPY,big_figure_00,long,base
1744293600.0,1744297200.0,-1.1047,long,GBPJPY,big_figure_00,long,base
1746021600.0,1746072000.0,2.3092,long,GBPJPY,big_figure_00,long,base
1746187200.0,1746190800.0,-1.163,long,GBPJPY,big_figure_00,long,base
1746482400.0,1746514800.0,-1.2519,long,GBPJPY,big_figure_00,long,base
1747270800.0,1747281600.0,-1.1742,long,GBPJPY,big_figure_00,long,base
1747602000.0,1747605600.0,-1.2247,long,GBPJPY,big_figure_00,long,base
1747800000.0,1747821600.0,-1.2265,long,GBPJPY,big_figure_00,long,base
1747900800.0,1747918800.0,2.3268,long,GBPJPY,big_figure_00,long,base
1748520000.0,1748527200.0,-1.1604,long,GBPJPY,big_figure_00,long,base
1748872800.0,1748901600.0,-1.2202,long,GBPJPY,big_figure_00,long,base
1748934000.0,1748937600.0,-1.2207,long,GBPJPY,big_figure_00,long,base
1749538800.0,1749564000.0,2.2901,long,GBPJPY,big_figure_00,long,base
1750161600.0,1750172400.0,-1.1628,long,GBPJPY,big_figure_00,long,base
1750219200.0,1750240800.0,-1.2246,long,GBPJPY,big_figure_00,long,base
1750734000.0,1750748400.0,-1.2367,long,GBPJPY,big_figure_00,long,base
1751047200.0,1751230800.0,-1.2064,long,GBPJPY,big_figure_00,long,base
1751248800.0,1751256000.0,-1.2052,long,GBPJPY,big_figure_00,long,base
1751356800.0,1751367600.0,-1.2401,long,GBPJPY,big_figure_00,long,base
1751626800.0,1751850000.0,-1.3125,long,GBPJPY,big_figure_00,long,base
1752069600.0,1752076800.0,-1.2587,long,GBPJPY,big_figure_00,long,base
1752667200.0,1752674400.0,-1.2248,long,GBPJPY,big_figure_00,long,base
1755248400.0,1755471600.0,2.2283,long,GBPJPY,big_figure_00,long,base
1755626400.0,1755651600.0,-1.2754,long,GBPJPY,big_figure_00,long,base
1756458000.0,1756479600.0,2.1979,long,GBPJPY,big_figure_00,long,base
1756800000.0,1756807200.0,-1.2036,long,GBPJPY,big_figure_00,long,base
1757908800.0,1757919600.0,2.0734,long,GBPJPY,big_figure_00,long,base
1758006000.0,1758024000.0,2.1399,long,GBPJPY,big_figure_00,long,base
1758034800.0,1758042000.0,-1.2678,long,GBPJPY,big_figure_00,long,base
1759125600.0,1759129200.0,-1.3552,long,GBPJPY,big_figure_00,long,base
1759215600.0,1759219200.0,-1.2745,long,GBPJPY,big_figure_00,long,base
1759320000.0,1759352400.0,-1.2516,long,GBPJPY,big_figure_00,long,base
1760000400.0,1760014800.0,-1.2303,long,GBPJPY,big_figure_00,long,base
1761127200.0,1761141600.0,2.2922,long,GBPJPY,big_figure_00,long,base
1761627600.0,1761638400.0,-1.2873,long,GBPJPY,big_figure_00,long,base
1761739200.0,1761742800.0,-1.1807,long,GBPJPY,big_figure_00,long,base
1762182000.0,1762221600.0,-1.2309,long,GBPJPY,big_figure_00,long,base
1762282800.0,1762300800.0,-1.1612,long,GBPJPY,big_figure_00,long,base
1763096400.0,1763107200.0,-1.199,long,GBPJPY,big_figure_00,long,base
1765854000.0,1765861200.0,-1.2763,long,GBPJPY,big_figure_00,long,base
1765958400.0,1765983600.0,2.2774,long,GBPJPY,big_figure_00,long,base
1767772800.0,1767790800.0,-1.3322,long,GBPJPY,big_figure_00,long,base
1767805200.0,1767848400.0,-1.2855,long,GBPJPY,big_figure_00,long,base
1769389200.0,1769400000.0,-1.101,long,GBPJPY,big_figure_00,long,base
1769414400.0,1769425200.0,-1.1022,long,GBPJPY,big_figure_00,long,base
1770771600.0,1770782400.0,-1.1758,long,GBPJPY,big_figure_00,long,base
1770814800.0,1770818400.0,-1.1413,long,GBPJPY,big_figure_00,long,base
1770865200.0,1770894000.0,2.352,long,GBPJPY,big_figure_00,long,base
1772096400.0,1772118000.0,-1.2517,long,GBPJPY,big_figure_00,long,base
1772197200.0,1772402400.0,-1.1954,long,GBPJPY,big_figure_00,long,base
1773608400.0,1773640800.0,-1.2219,long,GBPJPY,big_figure_00,long,base
1773644400.0,1773666000.0,2.2249,long,GBPJPY,big_figure_00,long,base
1773867600.0,1773900000.0,-1.2527,long,GBPJPY,big_figure_00,long,base
1776859200.0,1776877200.0,2.1565,long,GBPJPY,big_figure_00,long,base
1776960000.0,1777060800.0,2.2365,long,GBPJPY,big_figure_00,long,base
1777539600.0,1777543200.0,-1.2096,long,GBPJPY,big_figure_00,long,base
1778806800.0,1778824800.0,-1.2079,long,GBPJPY,big_figure_00,long,base
1779192000.0,1779195600.0,-1.3157,long,GBPJPY,big_figure_00,long,base
1779926400.0,1779930000.0,-1.4049,long,GBPJPY,big_figure_00,long,base
1780466400.0,1780470000.0,-1.5012,long,GBPJPY,big_figure_00,long,base
1780675200.0,1780682400.0,-1.2433,long,GBPJPY,big_figure_00,long,base
1781683200.0,1781694000.0,-1.4895,long,GBPJPY,big_figure_00,long,base
1782972000.0,1782975600.0,-1.3255,long,GBPJPY,big_figure_00,long,base
1720702800.0,1720738800.0,-1.2318,long,GBPJPY,big_figure_00,long,stress
1721253600.0,1721257200.0,-1.2586,long,GBPJPY,big_figure_00,long,stress
1721703600.0,1721718000.0,-1.3818,long,GBPJPY,big_figure_00,long,stress
1721901600.0,1721908800.0,2.3486,long,GBPJPY,big_figure_00,long,stress
1722240000.0,1722258000.0,2.2674,long,GBPJPY,big_figure_00,long,stress
1722376800.0,1722380400.0,-1.191,long,GBPJPY,big_figure_00,long,stress
1722949200.0,1722992400.0,2.4198,long,GBPJPY,big_figure_00,long,stress
1723600800.0,1723622400.0,2.2609,long,GBPJPY,big_figure_00,long,stress
1724191200.0,1724216400.0,2.1964,long,GBPJPY,big_figure_00,long,stress
1724626800.0,1724630400.0,-1.2048,long,GBPJPY,big_figure_00,long,stress
1725433200.0,1725458400.0,-1.2229,long,GBPJPY,big_figure_00,long,stress
1726200000.0,1726214400.0,-1.2428,long,GBPJPY,big_figure_00,long,stress
1726470000.0,1726480800.0,2.2159,long,GBPJPY,big_figure_00,long,stress
1727445600.0,1727452800.0,-1.1067,long,GBPJPY,big_figure_00,long,stress
1727802000.0,1727866800.0,2.3601,long,GBPJPY,big_figure_00,long,stress
1728370800.0,1728450000.0,2.2644,long,GBPJPY,big_figure_00,long,stress
1728968400.0,1728972000.0,-1.4997,long,GBPJPY,big_figure_00,long,stress
1731387600.0,1731398400.0,-1.4135,long,GBPJPY,big_figure_00,long,stress
1732006800.0,1732032000.0,2.3017,long,GBPJPY,big_figure_00,long,stress
1732233600.0,1732266000.0,-1.2434,long,GBPJPY,big_figure_00,long,stress
1732269600.0,1732514400.0,2.2839,long,GBPJPY,big_figure_00,long,stress
1732651200.0,1732669200.0,-1.2671,long,GBPJPY,big_figure_00,long,stress
1733493600.0,1733731200.0,2.2459,long,GBPJPY,big_figure_00,long,stress
1733907600.0,1733925600.0,-1.2567,long,GBPJPY,big_figure_00,long,stress
1734015600.0,1734091200.0,2.2798,long,GBPJPY,big_figure_00,long,stress
1734429600.0,1734444000.0,-1.3004,long,GBPJPY,big_figure_00,long,stress
1734663600.0,1734922800.0,2.2619,long,GBPJPY,big_figure_00,long,stress
1735632000.0,1735639200.0,2.1672,long,GBPJPY,big_figure_00,long,stress
1736265600.0,1736323200.0,-1.2702,long,GBPJPY,big_figure_00,long,stress
1736744400.0,1736751600.0,-1.2563,long,GBPJPY,big_figure_00,long,stress
1738231200.0,1738238400.0,-1.2871,long,GBPJPY,big_figure_00,long,stress
1738728000.0,1738767600.0,-1.2664,long,GBPJPY,big_figure_00,long,stress
1739754000.0,1739757600.0,-1.2841,long,GBPJPY,big_figure_00,long,stress
1739966400.0,1739973600.0,-1.2711,long,GBPJPY,big_figure_00,long,stress
1740009600.0,1740013200.0,-1.3264,long,GBPJPY,big_figure_00,long,stress
1740153600.0,1740157200.0,-1.2423,long,GBPJPY,big_figure_00,long,stress
1740708000.0,1740726000.0,2.3197,long,GBPJPY,big_figure_00,long,stress
1741651200.0,1741680000.0,2.3093,long,GBPJPY,big_figure_00,long,stress
1741885200.0,1741924800.0,2.2911,long,GBPJPY,big_figure_00,long,stress
1743390000.0,1743505200.0,-1.2271,long,GBPJPY,big_figure_00,long,stress
1743631200.0,1743649200.0,-1.1529,long,GBPJPY,big_figure_00,long,stress
1743757200.0,1743760800.0,-1.1786,long,GBPJPY,big_figure_00,long,stress
1743775200.0,1743973200.0,-1.1129,long,GBPJPY,big_figure_00,long,stress
1744293600.0,1744297200.0,-1.1744,long,GBPJPY,big_figure_00,long,stress
1746021600.0,1746072000.0,2.1819,long,GBPJPY,big_figure_00,long,stress
1746187200.0,1746190800.0,-1.2717,long,GBPJPY,big_figure_00,long,stress
1746482400.0,1746514800.0,-1.4198,long,GBPJPY,big_figure_00,long,stress
1747270800.0,1747281600.0,-1.2903,long,GBPJPY,big_figure_00,long,stress
1747602000.0,1747605600.0,-1.3744,long,GBPJPY,big_figure_00,long,stress
1747800000.0,1747821600.0,-1.3774,long,GBPJPY,big_figure_00,long,stress
1747900800.0,1747918800.0,2.2113,long,GBPJPY,big_figure_00,long,stress
1748520000.0,1748527200.0,-1.2673,long,GBPJPY,big_figure_00,long,stress
1748872800.0,1748901600.0,-1.3671,long,GBPJPY,big_figure_00,long,stress
1748934000.0,1748937600.0,-1.3678,long,GBPJPY,big_figure_00,long,stress
1749538800.0,1749564000.0,2.1502,long,GBPJPY,big_figure_00,long,stress
1750161600.0,1750172400.0,-1.2714,long,GBPJPY,big_figure_00,long,stress
1750219200.0,1750240800.0,-1.3743,long,GBPJPY,big_figure_00,long,stress
1750734000.0,1750748400.0,-1.3944,long,GBPJPY,big_figure_00,long,stress
1751047200.0,1751230800.0,-1.344,long,GBPJPY,big_figure_00,long,stress
1751248800.0,1751256000.0,-1.342,long,GBPJPY,big_figure_00,long,stress
1751356800.0,1751367600.0,-1.4002,long,GBPJPY,big_figure_00,long,stress
1751626800.0,1751850000.0,-1.5209,long,GBPJPY,big_figure_00,long,stress
1752069600.0,1752076800.0,-1.4311,long,GBPJPY,big_figure_00,long,stress
1752667200.0,1752674400.0,-1.3746,long,GBPJPY,big_figure_00,long,stress
1755248400.0,1755471600.0,2.0472,long,GBPJPY,big_figure_00,long,stress
1755626400.0,1755651600.0,-1.459,long,GBPJPY,big_figure_00,long,stress
1756458000.0,1756479600.0,1.9966,long,GBPJPY,big_figure_00,long,stress
1756800000.0,1756807200.0,-1.3394,long,GBPJPY,big_figure_00,long,stress
1757908800.0,1757919600.0,1.789,long,GBPJPY,big_figure_00,long,stress
1758006000.0,1758024000.0,1.8999,long,GBPJPY,big_figure_00,long,stress
1758034800.0,1758042000.0,-1.4464,long,GBPJPY,big_figure_00,long,stress
1759125600.0,1759129200.0,-1.5921,long,GBPJPY,big_figure_00,long,stress
1759215600.0,1759219200.0,-1.4575,long,GBPJPY,big_figure_00,long,stress
1759320000.0,1759352400.0,-1.4194,long,GBPJPY,big_figure_00,long,stress
1760000400.0,1760014800.0,-1.3838,long,GBPJPY,big_figure_00,long,stress
1761127200.0,1761141600.0,2.1536,long,GBPJPY,big_figure_00,long,stress
1761627600.0,1761638400.0,-1.4788,long,GBPJPY,big_figure_00,long,stress
1761739200.0,1761742800.0,-1.3012,long,GBPJPY,big_figure_00,long,stress
1762182000.0,1762221600.0,-1.3848,long,GBPJPY,big_figure_00,long,stress
1762282800.0,1762300800.0,-1.2687,long,GBPJPY,big_figure_00,long,stress
1763096400.0,1763107200.0,-1.3317,long,GBPJPY,big_figure_00,long,stress
1765854000.0,1765861200.0,-1.4604,long,GBPJPY,big_figure_00,long,stress
1765958400.0,1765983600.0,2.1291,long,GBPJPY,big_figure_00,long,stress
1767772800.0,1767790800.0,-1.5536,long,GBPJPY,big_figure_00,long,stress
1767805200.0,1767848400.0,-1.4758,long,GBPJPY,big_figure_00,long,stress
1769389200.0,1769400000.0,-1.1683,long,GBPJPY,big_figure_00,long,stress
1769414400.0,1769425200.0,-1.1704,long,GBPJPY,big_figure_00,long,stress
1770771600.0,1770782400.0,-1.293,long,GBPJPY,big_figure_00,long,stress
1770814800.0,1770818400.0,-1.2355,long,GBPJPY,big_figure_00,long,stress
1770865200.0,1770894000.0,2.2533,long,GBPJPY,big_figure_00,long,stress
1772096400.0,1772118000.0,-1.4194,long,GBPJPY,big_figure_00,long,stress
1772197200.0,1772402400.0,-1.3257,long,GBPJPY,big_figure_00,long,stress
1773608400.0,1773640800.0,-1.3698,long,GBPJPY,big_figure_00,long,stress
1773644400.0,1773666000.0,2.0415,long,GBPJPY,big_figure_00,long,stress
1773867600.0,1773900000.0,-1.4212,long,GBPJPY,big_figure_00,long,stress
1776859200.0,1776877200.0,1.9275,long,GBPJPY,big_figure_00,long,stress
1776960000.0,1777060800.0,2.0608,long,GBPJPY,big_figure_00,long,stress
1777539600.0,1777543200.0,-1.3494,long,GBPJPY,big_figure_00,long,stress
1778806800.0,1778824800.0,-1.3466,long,GBPJPY,big_figure_00,long,stress
1779192000.0,1779195600.0,-1.5262,long,GBPJPY,big_figure_00,long,stress
1779926400.0,1779930000.0,-1.6749,long,GBPJPY,big_figure_00,long,stress
1780466400.0,1780470000.0,-1.8354,long,GBPJPY,big_figure_00,long,stress
1780675200.0,1780682400.0,-1.4054,long,GBPJPY,big_figure_00,long,stress
1781683200.0,1781694000.0,-1.8158,long,GBPJPY,big_figure_00,long,stress
1782972000.0,1782975600.0,-1.5426,long,GBPJPY,big_figure_00,long,stress
