pair,entry_day,exit_day,held_days,side,entry_z,exit_z,beta,ar1_phi,gross_bps,cost_bps,pnl_bps,reason
BTCUSDT/ETHUSDT,19733,19748,15,long_spread,-1.661914,-0.150371,1.369537,0.938031,398.971707,32.0,366.9717068373088,z_exit
BTCUSDT/ETHUSDT,19772,19792,20,long_spread,-1.775515,-2.64242,1.214971,0.930154,-216.755115,32.0,-248.75511450610503,max_hold
BTCUSDT/ETHUSDT,19809,19829,20,short_spread,1.636983,2.57758,1.014875,0.898773,-217.490025,32.0,-249.4900248150354,max_hold
BTCUSDT/ETHUSDT,19830,19850,20,short_spread,1.950825,2.156296,1.014809,0.927053,-49.821275,32.0,-81.82127469333682,max_hold
BTCUSDT/ETHUSDT,19851,19871,20,short_spread,1.542423,-1.403938,1.063484,0.943489,783.120432,32.0,751.1204322299761,max_hold
BTCUSDT/ETHUSDT,19930,19950,20,short_spread,1.520507,2.512182,0.915103,0.954182,-292.333555,32.0,-324.3335551523186,max_hold
BTCUSDT/ETHUSDT,19958,19972,14,short_spread,1.699888,0.055826,0.459182,0.85093,491.662458,32.0,459.6624582572124,z_exit
BTCUSDT/ETHUSDT,19983,20003,20,short_spread,1.646229,2.094246,0.404536,0.908619,-124.879698,32.0,-156.87969837333003,max_hold
BTCUSDT/ETHUSDT,20010,20030,20,short_spread,2.041486,3.40914,0.293596,0.913539,-459.032324,32.0,-491.03232428902413,max_hold
BTCUSDT/ETHUSDT,20031,20051,20,short_spread,1.905916,6.876975,0.222177,0.956046,-2396.905843,32.0,-2428.905843488824,max_hold
1000PEPEUSDT/SOLUSDT,20099,20104,5,short_spread,1.537942,0.191554,1.925755,0.937794,738.132853,32.0,706.1328527525635,z_exit
ADAUSDT/AVAXUSDT,20099,20119,20,short_spread,2.121834,2.609377,1.691539,0.935728,-271.626379,32.0,-303.6263789539848,max_hold
ADAUSDT/ETHUSDT,20099,20119,20,short_spread,1.704699,1.410242,2.481341,0.94608,194.125993,32.0,162.12599311469742,max_hold
ADAUSDT/SOLUSDT,20099,20108,9,short_spread,2.173053,-0.066309,2.104574,0.968473,1663.207307,32.0,1631.2073072389617,z_exit
AVAXUSDT/XRPUSDT,20099,20119,20,long_spread,-1.829239,-2.997765,0.388892,0.93721,-1001.596646,32.0,-1033.5966460946302,max_hold
BNBUSDT/SOLUSDT,20099,20115,16,short_spread,1.801185,-0.209175,0.457239,0.956507,861.065151,32.0,829.0651514345733,z_exit
BNBUSDT/TAOUSDT,20099,20119,20,short_spread,1.882558,1.489407,0.252186,0.965359,238.142602,32.0,206.142602467943,max_hold
BTCUSDT/SOLUSDT,20099,20108,9,short_spread,2.154671,0.01479,0.990524,0.961247,862.161772,32.0,830.161772122732,z_exit
DOGEUSDT/SOLUSDT,20099,20119,20,short_spread,2.169912,-0.918808,2.737168,0.919926,1626.902778,32.0,1594.9027780260467,max_hold
ONDOUSDT/XRPUSDT,20099,20119,20,long_spread,-1.853743,-1.354271,0.530729,0.916708,455.681306,32.0,423.68130555764185,max_hold
TAOUSDT/WIFUSDT,20099,20119,20,short_spread,1.598996,3.033678,0.864679,0.965386,-1570.090144,32.0,-1602.0901443260282,max_hold
WIFUSDT/XRPUSDT,20099,20119,20,long_spread,-1.947202,-3.31374,0.152098,0.976357,-3067.039076,32.0,-3099.039075935656,max_hold
ADAUSDT/ONDOUSDT,20100,20117,17,short_spread,1.574985,0.192542,1.230719,0.960781,1203.234666,32.0,1171.2346659143598,z_exit
1000PEPEUSDT/XRPUSDT,20101,20121,20,long_spread,-1.545781,-3.966387,0.591733,0.945752,-2899.987135,32.0,-2931.9871346662585,max_hold
AVAXUSDT/BNBUSDT,20101,20121,20,long_spread,-1.554787,-1.5648,2.248916,0.870932,-2.964205,32.0,-34.964205070042084,max_hold
BNBUSDT/ETHUSDT,20101,20121,20,short_spread,1.604868,0.638393,0.552514,0.943461,381.446188,32.0,349.44618765314885,max_hold
BTCUSDT/ETHUSDT,20101,20121,20,short_spread,1.608064,2.814996,1.095666,0.958576,-622.435038,32.0,-654.4350375594639,max_hold
ETHUSDT/XRPUSDT,20101,20121,20,long_spread,-1.724709,-2.71254,0.220321,0.931514,-770.963821,32.0,-802.9638210710598,max_hold
SOLUSDT/XRPUSDT,20101,20108,7,long_spread,-1.524992,0.245167,0.237423,0.963876,1867.75801,32.0,1835.758009630796,z_exit
BNBUSDT/ONDOUSDT,20102,20112,10,short_spread,1.544554,0.124487,0.27797,0.909552,566.918079,32.0,534.9180791665607,z_exit
ADAUSDT/XRPUSDT,20103,20123,20,long_spread,-1.659107,-3.327353,0.741658,0.943247,-1192.015059,32.0,-1224.0150591868924,max_hold
1000PEPEUSDT/ADAUSDT,20104,20124,20,long_spread,-1.567863,-3.662034,0.814569,0.901379,-1490.587115,32.0,-1522.5871150877615,max_hold
BTCUSDT/ONDOUSDT,20104,20124,20,short_spread,1.553295,0.785076,0.538477,0.964466,482.985456,32.0,450.98545611308316,max_hold
1000PEPEUSDT/BTCUSDT,20106,20126,20,long_spread,-1.979566,-7.205804,1.865977,0.901011,-2011.279105,32.0,-2043.279105471998,max_hold
1000PEPEUSDT/SOLUSDT,20106,20126,20,long_spread,-2.342321,-3.074288,1.950353,0.934705,-403.345948,32.0,-435.34594766571865,max_hold
AVAXUSDT/SOLUSDT,20106,20126,20,long_spread,-1.797111,-2.583688,1.194797,0.957876,-460.564447,32.0,-492.56444749570466,max_hold
BTCUSDT/DOGEUSDT,20106,20126,20,short_spread,1.688431,4.266923,0.364935,0.896812,-681.685337,32.0,-713.6853368439813,max_hold
ETHUSDT/SOLUSDT,20106,20126,20,long_spread,-2.293402,-2.327359,0.73835,0.940241,-15.042515,32.0,-47.04251451078215,max_hold
SOLUSDT/SUIUSDT,20106,20124,18,short_spread,1.61081,0.01796,0.22531,0.955157,1616.269186,32.0,1584.2691859696586,z_exit
AVAXUSDT/BTCUSDT,20107,20127,20,long_spread,-2.086318,-5.454724,1.161083,0.926496,-1458.711521,32.0,-1490.711520942182,max_hold
1000PEPEUSDT/DOGEUSDT,20108,20128,20,long_spread,-1.540929,-3.762282,0.685014,0.901642,-1561.117158,32.0,-1593.1171580196124,max_hold
1000PEPEUSDT/ONDOUSDT,20114,20134,20,long_spread,-1.533687,-3.056084,1.051615,0.937112,-1319.71378,32.0,-1351.713780320591,max_hold
1000PEPEUSDT/BNBUSDT,20115,20123,8,long_spread,-1.62973,0.023566,3.261349,0.918102,715.670957,32.0,683.6709569856725,z_exit
1000PEPEUSDT/SUIUSDT,20115,20135,20,long_spread,-1.518824,-2.546142,0.565162,0.932309,-1224.998418,32.0,-1256.9984179856483,max_hold
AVAXUSDT/DOGEUSDT,20116,20136,20,long_spread,-1.54569,-3.060011,0.417706,0.93448,-1130.82216,32.0,-1162.822160141,max_hold
AVAXUSDT/ONDOUSDT,20116,20136,20,long_spread,-1.756998,-3.517855,0.674378,0.946541,-1170.812481,32.0,-1202.8124810147813,max_hold
BNBUSDT/XRPUSDT,20116,20131,15,long_spread,-1.504894,0.000267,0.147132,0.898454,728.436738,32.0,696.4367381947786,z_exit
ETHUSDT/ONDOUSDT,20116,20136,20,long_spread,-1.677527,-3.127633,0.421834,0.882867,-576.438076,32.0,-608.438076464373,max_hold
BTCUSDT/SUIUSDT,20117,20137,20,short_spread,1.728615,1.473046,0.323037,0.949158,153.101611,32.0,121.1016107721992,max_hold
ADAUSDT/AVAXUSDT,20120,20140,20,short_spread,2.232175,3.968442,1.785946,0.95026,-1134.301087,32.0,-1166.301087021904,max_hold
ADAUSDT/ETHUSDT,20120,20140,20,short_spread,1.796293,3.775321,2.95981,0.86713,-769.257273,32.0,-801.2572732039313,max_hold
AVAXUSDT/XRPUSDT,20120,20140,20,long_spread,-2.071389,-3.701469,0.31913,0.954713,-1747.614162,32.0,-1779.614162309054,max_hold
TAOUSDT/WIFUSDT,20120,20140,20,short_spread,1.950243,4.207851,0.69564,0.974453,-2589.523124,32.0,-2621.523123735774,max_hold
WIFUSDT/XRPUSDT,20120,20140,20,long_spread,-2.366611,-3.826139,0.003272,0.978193,-4481.181857,32.0,-4513.181856603874,max_hold
ADAUSDT/BNBUSDT,20121,20132,11,short_spread,1.524067,0.177479,4.070996,0.907836,567.49852,32.0,535.4985198707533,z_exit
AVAXUSDT/SUIUSDT,20121,20141,20,long_spread,-2.102839,-2.755481,0.370432,0.944087,-577.616351,32.0,-609.6163505289809,max_hold
BNBUSDT/BTCUSDT,20121,20135,14,long_spread,-2.444689,-0.191214,0.464902,0.876097,634.822782,32.0,602.8227817109032,z_exit
DOGEUSDT/ETHUSDT,20121,20141,20,short_spread,1.717908,1.925546,3.393881,0.904645,-97.429696,32.0,-129.42969647876794,max_hold
1000PEPEUSDT/XRPUSDT,20122,20142,20,long_spread,-2.479838,-3.078581,0.48103,0.975759,-946.085202,32.0,-978.0852020187388,max_hold
ADAUSDT/BTCUSDT,20122,20142,20,long_spread,-1.581392,-1.163167,2.154556,0.938861,179.990646,32.0,147.99064584497862,max_hold
BNBUSDT/ONDOUSDT,20122,20134,12,long_spread,-2.239324,-0.112475,0.277845,0.871616,760.291996,32.0,728.2919964684316,z_exit
BNBUSDT/SUIUSDT,20122,20133,11,long_spread,-1.751257,-0.003678,0.166477,0.859043,612.673925,32.0,580.6739249030684,z_exit
BTCUSDT/ETHUSDT,20122,20142,20,short_spread,3.436475,3.145244,1.295804,0.960877,106.622144,32.0,74.62214368317342,max_hold
ETHUSDT/XRPUSDT,20122,20142,20,long_spread,-2.580417,-2.720775,0.19997,0.931545,-93.191447,32.0,-125.19144716918379,max_hold
BNBUSDT/DOGEUSDT,20123,20130,7,long_spread,-2.337133,0.114632,0.168912,0.905242,1030.697223,32.0,998.697222575774,z_exit
BNBUSDT/SOLUSDT,20123,20130,7,long_spread,-2.094842,0.041896,0.429581,0.935441,923.603226,32.0,891.6032264108541,z_exit
ETHUSDT/SUIUSDT,20123,20143,20,long_spread,-1.871168,-2.219862,0.219525,0.944941,-253.011179,32.0,-285.0111788619357,max_hold
ADAUSDT/XRPUSDT,20124,20144,20,long_spread,-2.007111,-2.360922,0.675152,0.976607,-310.314674,32.0,-342.31467416042784,max_hold
BTCUSDT/SOLUSDT,20124,20144,20,short_spread,1.683481,4.502266,0.99417,0.930662,-1099.929864,32.0,-1131.929864370224,max_hold
1000PEPEUSDT/ADAUSDT,20125,20145,20,long_spread,-2.827402,-3.053844,0.749028,0.953491,-211.317159,32.0,-243.31715946858412,max_hold
TAOUSDT/XRPUSDT,20125,20139,14,long_spread,-1.517175,-0.23385,0.105599,0.976061,3095.964996,32.0,3063.9649958868567,z_exit
ADAUSDT/ONDOUSDT,20126,20136,10,long_spread,-1.504838,0.185066,1.274685,0.949884,1303.406188,32.0,1271.4061879408316,z_exit
1000PEPEUSDT/SOLUSDT,20127,20144,17,long_spread,-1.993799,-0.203262,1.64565,0.969369,1450.473758,32.0,1418.473758183053,z_exit
AVAXUSDT/BNBUSDT,20127,20147,20,long_spread,-2.233078,-2.272658,2.192727,0.892176,-12.624646,32.0,-44.6246460867677,max_hold
AVAXUSDT/SOLUSDT,20127,20147,20,long_spread,-2.33574,-0.926502,1.001361,0.968962,1015.425173,32.0,983.425173220266,max_hold
BTCUSDT/DOGEUSDT,20127,20147,20,short_spread,2.551175,1.585344,0.379655,0.973337,351.399348,32.0,319.39934760238,max_hold
ETHUSDT/SOLUSDT,20127,20142,15,long_spread,-2.111567,0.138775,0.659268,0.954637,1096.389902,32.0,1064.3899017034498,z_exit
1000PEPEUSDT/DOGEUSDT,20129,20149,20,long_spread,-2.613364,-2.871577,0.658369,0.962089,-238.929028,32.0,-270.9290279485415,max_hold
1000PEPEUSDT/BNBUSDT,20130,20150,20,long_spread,-2.153154,-1.672832,3.444575,0.913814,201.095029,32.0,169.09502922976267,max_hold
BNBUSDT/ETHUSDT,20130,20150,20,short_spread,2.591514,2.746586,0.59874,0.882276,-40.845139,32.0,-72.84513857312025,max_hold
BNBUSDT/DOGEUSDT,20131,20143,12,short_spread,1.647413,-0.129951,0.161511,0.900028,766.66436,32.0,734.6643601055994,z_exit
BNBUSDT/TAOUSDT,20131,20151,20,short_spread,1.693445,0.53396,0.225596,0.969612,820.968172,32.0,788.9681716627899,max_hold
BNBUSDT/WIFUSDT,20131,20147,16,short_spread,1.815672,0.149872,0.05692,0.969697,1628.683311,32.0,1596.683310923883,z_exit
AVAXUSDT/BTCUSDT,20132,20152,20,long_spread,-2.664229,-3.330935,0.914181,0.977953,-509.631641,32.0,-541.631641125387,max_hold
1000PEPEUSDT/ONDOUSDT,20135,20155,20,long_spread,-2.005956,-2.498939,0.871861,0.973353,-626.80548,32.0,-658.8054801914966,max_hold
1000PEPEUSDT/SUIUSDT,20136,20156,20,long_spread,-1.711641,-3.320001,0.599528,0.968975,-2133.464044,32.0,-2165.4640440184453,max_hold
ADAUSDT/SOLUSDT,20136,20156,20,short_spread,1.581379,4.104683,2.083615,0.957002,-1918.824108,32.0,-1950.8241082939855,max_hold
AVAXUSDT/ETHUSDT,20136,20146,10,long_spread,-1.973108,0.194258,1.461691,0.852518,601.477667,32.0,569.4776670169191,z_exit
SOLUSDT/XRPUSDT,20136,20156,20,long_spread,-1.652417,-3.871619,0.221459,0.962207,-2380.729151,32.0,-2412.729150555955,max_hold
AVAXUSDT/DOGEUSDT,20137,20157,20,long_spread,-2.626069,-4.040542,0.370904,0.969567,-1368.541743,32.0,-1400.5417425721466,max_hold
DOGEUSDT/SOLUSDT,20137,20157,20,short_spread,1.914187,4.174962,2.547482,0.908489,-1194.292008,32.0,-1226.292008475311,max_hold
ETHUSDT/ONDOUSDT,20137,20157,20,long_spread,-1.944569,-4.349645,0.375883,0.958876,-1442.708187,32.0,-1474.7081870126465,max_hold
ONDOUSDT/XRPUSDT,20138,20158,20,long_spread,-1.585422,-3.63478,0.473226,0.939963,-1831.66577,32.0,-1863.6657698281274,max_hold
ADAUSDT/ETHUSDT,20141,20161,20,short_spread,1.85073,6.348111,2.715792,0.953168,-2570.010903,32.0,-2602.010903451044,max_hold
BNBUSDT/SOLUSDT,20141,20149,8,short_spread,1.557417,0.190986,0.402343,0.940103,606.999996,32.0,574.9999960894596,z_exit
1000PEPEUSDT/ETHUSDT,20142,20149,7,long_spread,-1.683359,-0.067542,2.330005,0.885579,620.802747,32.0,588.8027474577717,z_exit
AVAXUSDT/SUIUSDT,20142,20162,20,long_spread,-2.018535,-2.773299,0.353083,0.972991,-888.883618,32.0,-920.8836176118183,max_hold
SOLUSDT/SUIUSDT,20142,20162,20,long_spread,-1.607187,-2.48323,0.325255,0.951474,-709.696504,32.0,-741.6965042574598,max_hold
TAOUSDT/WIFUSDT,20142,20147,5,short_spread,1.528399,0.13126,0.337831,0.961206,2022.931817,32.0,1990.9318172421129,z_exit
BNBUSDT/XRPUSDT,20143,20163,20,long_spread,-1.540864,-1.905516,0.115866,0.904584,-187.463578,32.0,-219.46357811970563,max_hold
BTCUSDT/ONDOUSDT,20143,20163,20,short_spread,1.545952,1.54871,0.546291,0.963106,-1.515009,32.0,-33.51500919537015,max_hold
DOGEUSDT/ETHUSDT,20143,20163,20,short_spread,1.83584,4.720756,3.068943,0.938134,-1611.180795,32.0,-1643.1807946028302,max_hold
ETHUSDT/XRPUSDT,20143,20163,20,long_spread,-2.29235,-4.90336,0.161021,0.968458,-2480.608816,32.0,-2512.608815758713,max_hold
ETHUSDT/SUIUSDT,20144,20164,20,long_spread,-2.031205,-4.270829,0.254373,0.948695,-1626.810352,32.0,-1658.8103520187872,max_hold
ADAUSDT/XRPUSDT,20145,20151,6,long_spread,-1.770864,0.015855,0.615548,0.979505,1893.663368,32.0,1861.663367935238,z_exit
BTCUSDT/XRPUSDT,20145,20165,20,long_spread,-1.551841,-1.903253,0.271755,0.963164,-227.449553,32.0,-259.4495532445627,max_hold
1000PEPEUSDT/ADAUSDT,20146,20166,20,long_spread,-2.043248,-2.909227,0.680674,0.976899,-1156.481476,32.0,-1188.481476092747,max_hold
BNBUSDT/BTCUSDT,20147,20164,17,long_spread,-1.524121,-0.006794,0.411843,0.895859,519.192893,32.0,487.19289288965444,z_exit
BNBUSDT/SUIUSDT,20147,20163,16,long_spread,-1.723751,-0.06627,0.182104,0.840266,570.025893,32.0,538.0258934153107,z_exit
AVAXUSDT/BNBUSDT,20148,20168,20,long_spread,-2.002749,-3.480518,2.02001,0.954564,-727.959603,32.0,-759.9596028325136,max_hold
BTCUSDT/SOLUSDT,20148,20168,20,short_spread,2.482523,3.200976,0.89402,0.977441,-404.447988,32.0,-436.44798755873904,max_hold
ADAUSDT/BNBUSDT,20149,20169,20,short_spread,2.790779,0.521872,4.27308,0.908419,954.421337,32.0,922.4213369340263,max_hold
ADAUSDT/BTCUSDT,20149,20169,20,short_spread,2.14766,0.570312,2.156084,0.947867,721.161617,32.0,689.1616169193841,max_hold
ADAUSDT/DOGEUSDT,20149,20169,20,short_spread,3.632111,2.473802,0.856601,0.964978,940.778471,32.0,908.7784712742565,max_hold
ADAUSDT/ONDOUSDT,20149,20169,20,short_spread,2.346874,2.170947,1.233381,0.950395,138.278746,32.0,106.2787464160476,max_hold
ADAUSDT/SUIUSDT,20149,20169,20,short_spread,2.273157,1.417347,0.88383,0.956629,934.141914,32.0,902.1419143817131,max_hold
BTCUSDT/DOGEUSDT,20149,20169,20,short_spread,1.755391,2.049013,0.380602,0.975484,-134.600968,32.0,-166.6009684192244,max_hold
1000PEPEUSDT/DOGEUSDT,20150,20170,20,long_spread,-2.349167,-1.807651,0.649643,0.978108,663.68407,32.0,631.6840696555772,max_hold
BNBUSDT/ONDOUSDT,20150,20170,20,long_spread,-1.640722,0.914264,0.242313,0.873916,929.652927,32.0,897.6529265331797,max_hold
SUIUSDT/XRPUSDT,20150,20170,20,long_spread,-1.53105,-2.085549,0.545036,0.954331,-936.15749,32.0,-968.157489973023,max_hold
1000PEPEUSDT/BNBUSDT,20151,20171,20,long_spread,-1.504534,-2.149948,3.298898,0.945202,-353.212455,32.0,-385.21245455857746,max_hold
BNBUSDT/ETHUSDT,20151,20171,20,short_spread,1.562889,3.81268,0.502779,0.901874,-720.422169,32.0,-752.4221685196596,max_hold
BTCUSDT/SUIUSDT,20152,20172,20,short_spread,1.644241,1.543071,0.421273,0.938778,49.620335,32.0,17.620334646112532,max_hold
ONDOUSDT/SOLUSDT,20152,20172,20,short_spread,1.514443,0.7846,1.258729,0.978823,785.241713,32.0,753.2417130017737,max_hold
BNBUSDT/DOGEUSDT,20156,20163,7,long_spread,-1.69867,0.036555,0.150374,0.875772,716.088833,32.0,684.0888327085611,z_exit
TAOUSDT/WIFUSDT,20156,20176,20,long_spread,-1.6807,-2.019754,0.310349,0.893545,-349.359907,32.0,-381.35990728892364,max_hold
1000PEPEUSDT/ETHUSDT,20157,20177,20,short_spread,1.542577,3.649555,2.226084,0.870854,-824.911445,32.0,-856.9114447167631,max_hold
BNBUSDT/WIFUSDT,20157,20162,5,long_spread,-1.765521,-0.029142,0.014096,0.945832,1499.219611,32.0,1467.2196108308167,z_exit
ETHUSDT/WIFUSDT,20157,20177,20,long_spread,-1.697454,-1.923622,0.13845,0.975859,-297.214113,32.0,-329.21411309123187,max_hold
SOLUSDT/WIFUSDT,20157,20177,20,long_spread,-1.614561,-1.343543,0.103757,0.969716,463.566753,32.0,431.5667531543413,max_hold
DOGEUSDT/SOLUSDT,20158,20178,20,short_spread,2.051774,2.164373,2.162637,0.956706,-84.453068,32.0,-116.45306792344846,max_hold
1000PEPEUSDT/SUIUSDT,20159,20179,20,long_spread,-1.553541,-1.303658,0.764891,0.977413,368.934344,32.0,336.9343442187523,max_hold
AVAXUSDT/ETHUSDT,20159,20179,20,short_spread,1.563925,2.260358,1.447671,0.862413,-199.895876,32.0,-231.89587583017243,max_hold
ETHUSDT/SOLUSDT,20159,20179,20,long_spread,-1.538837,-1.563098,0.744252,0.953193,-12.516354,32.0,-44.516353601060594,max_hold
ONDOUSDT/XRPUSDT,20159,20179,20,long_spread,-2.391982,-2.66842,0.413309,0.967819,-314.809725,32.0,-346.80972481034144,max_hold
SOLUSDT/XRPUSDT,20162,20182,20,long_spread,-2.100172,-2.578871,0.131444,0.976991,-758.767921,32.0,-790.7679211249493,max_hold
SOLUSDT/SUIUSDT,20163,20183,20,long_spread,-1.964418,-2.293034,0.406848,0.965985,-313.358139,32.0,-345.3581388470024,max_hold
BNBUSDT/SOLUSDT,20164,20184,20,short_spread,1.792401,0.59994,0.300619,0.930844,549.667949,32.0,517.6679490185863,max_hold
ETHUSDT/SUIUSDT,20166,20186,20,long_spread,-2.079141,-3.967869,0.401461,0.978743,-1667.133505,32.0,-1699.1335054432557,max_hold
1000PEPEUSDT/AVAXUSDT,20167,20187,20,short_spread,1.534748,0.9896,1.392162,0.840989,282.720836,32.0,250.72083607376942,max_hold
BTCUSDT/XRPUSDT,20167,20187,20,long_spread,-1.70066,-1.448135,0.225431,0.961324,160.069252,32.0,128.0692523445387,max_hold
BNBUSDT/SUIUSDT,20168,20173,5,short_spread,1.514797,0.11084,0.209639,0.832958,484.764705,32.0,452.7647049427188,z_exit
AVAXUSDT/BNBUSDT,20169,20189,20,long_spread,-2.288496,-1.446989,2.54637,0.971034,439.437,32.0,407.4369999262645,max_hold
ADAUSDT/DOGEUSDT,20170,20190,20,short_spread,1.540513,1.288767,0.826257,0.972228,277.891113,32.0,245.89111339607604,max_hold
ADAUSDT/SUIUSDT,20170,20190,20,short_spread,1.680119,1.187122,1.091718,0.957349,478.971392,32.0,446.97139214233664,max_hold
SUIUSDT/XRPUSDT,20171,20191,20,long_spread,-1.852771,-1.929404,0.371447,0.979224,-126.220319,32.0,-158.22031879090804,max_hold
1000PEPEUSDT/BNBUSDT,20172,20192,20,long_spread,-1.537075,-0.84112,3.687374,0.955119,402.783266,32.0,370.78326591221406,max_hold
BNBUSDT/ETHUSDT,20172,20192,20,short_spread,1.822005,1.878634,0.324288,0.923576,-22.57007,32.0,-54.57006978186628,max_hold
DOGEUSDT/ETHUSDT,20175,20195,20,short_spread,1.504463,2.152576,1.730833,0.974761,-613.121774,32.0,-645.1217735666321,max_hold
TAOUSDT/WIFUSDT,20177,20196,19,long_spread,-1.793945,0.085134,0.371598,0.917171,1607.666684,32.0,1575.6666839986735,z_exit
1000PEPEUSDT/ETHUSDT,20178,20198,20,short_spread,1.891825,3.986605,1.861934,0.922353,-1056.328693,32.0,-1088.328692727704,max_hold
AVAXUSDT/DOGEUSDT,20180,20200,20,long_spread,-1.51116,-0.665117,0.551119,0.974849,1025.505904,32.0,993.5059038819197,max_hold
AVAXUSDT/SUIUSDT,20180,20200,20,long_spread,-1.523518,-0.997558,0.692213,0.977988,627.513915,32.0,595.5139152886467,max_hold
ONDOUSDT/XRPUSDT,20180,20200,20,long_spread,-1.913294,-1.326012,0.358032,0.978756,897.655538,32.0,865.6555384852638,max_hold
ADAUSDT/XRPUSDT,20184,20204,20,long_spread,-1.614027,-0.875973,0.534018,0.965291,904.863786,32.0,872.8637862365489,max_hold
AVAXUSDT/ETHUSDT,20184,20204,20,short_spread,1.806831,3.669978,1.330828,0.893383,-626.48758,32.0,-658.4875801270485,max_hold
BNBUSDT/BTCUSDT,20184,20204,20,long_spread,-1.717707,-1.483676,0.410291,0.903928,87.096741,32.0,55.09674057052405,max_hold
BNBUSDT/XRPUSDT,20184,20204,20,long_spread,-2.284595,-1.052983,0.071394,0.922511,746.722705,32.0,714.722705458929,max_hold
ETHUSDT/WIFUSDT,20184,20204,20,long_spread,-1.679478,-1.752896,0.228832,0.972007,-87.737364,32.0,-119.73736449462555,max_hold
SOLUSDT/SUIUSDT,20184,20204,20,long_spread,-1.879989,-1.674516,0.513714,0.977691,210.972994,32.0,178.9729941460811,max_hold
SOLUSDT/WIFUSDT,20184,20195,11,long_spread,-1.536655,-0.232818,0.200294,0.959579,1817.959655,32.0,1785.9596554104935,z_exit
BTCUSDT/XRPUSDT,20188,20200,12,long_spread,-1.731342,0.079732,0.182203,0.953859,1172.960582,32.0,1140.960582298197,z_exit
ETHUSDT/SOLUSDT,20188,20208,20,long_spread,-1.641258,-2.565425,0.938748,0.938886,-454.573449,32.0,-486.5734489160992,max_hold
ETHUSDT/TAOUSDT,20188,20208,20,long_spread,-1.87639,-2.71076,0.627036,0.944894,-638.792603,32.0,-670.792602948833,max_hold
ETHUSDT/SUIUSDT,20193,20213,20,long_spread,-1.809724,-3.049376,0.660409,0.979305,-1144.729497,32.0,-1176.7294966826103,max_hold
1000PEPEUSDT/ETHUSDT,20199,20219,20,short_spread,2.064272,1.29286,1.516023,0.960658,555.447543,32.0,523.4475433991379,max_hold
BTCUSDT/SUIUSDT,20199,20203,4,short_spread,1.536675,0.215009,0.320428,0.910635,551.104784,32.0,519.1047837373736,z_exit
ADAUSDT/BTCUSDT,20200,20220,20,long_spread,-1.502758,-1.953779,2.579147,0.917098,-171.461318,32.0,-203.4613178522892,max_hold
BTCUSDT/DOGEUSDT,20200,20220,20,short_spread,1.910701,2.42719,0.242319,0.954679,-266.454174,32.0,-298.45417394216474,max_hold
BTCUSDT/ETHUSDT,20200,20220,20,short_spread,1.619292,1.709305,0.249236,0.949592,-62.362266,32.0,-94.36226625146293,max_hold
BTCUSDT/ONDOUSDT,20200,20220,20,short_spread,1.811747,2.902985,0.329208,0.911413,-424.535885,32.0,-456.53588457237163,max_hold
DOGEUSDT/SUIUSDT,20201,20221,20,long_spread,-1.955498,-2.280431,1.105571,0.950419,-236.930018,32.0,-268.930018100385,max_hold
1000PEPEUSDT/SUIUSDT,20202,20222,20,long_spread,-1.584529,-0.505691,1.271192,0.954262,1151.482991,32.0,1119.4829905488768,max_hold
AVAXUSDT/SUIUSDT,20202,20222,20,long_spread,-1.663113,-1.871585,0.93327,0.958016,-198.447058,32.0,-230.44705793405282,max_hold
BNBUSDT/SUIUSDT,20202,20217,15,long_spread,-1.851083,-0.198725,0.229356,0.82773,525.611569,32.0,493.61156946844665,z_exit
TAOUSDT/WIFUSDT,20202,20222,20,short_spread,1.544268,1.259714,0.387575,0.92401,257.512653,32.0,225.5126528319305,max_hold
AVAXUSDT/ETHUSDT,20205,20225,20,short_spread,1.508926,-1.615914,1.123627,0.952204,1612.38698,32.0,1580.3869800092564,max_hold
ONDOUSDT/SUIUSDT,20205,20225,20,long_spread,-1.750583,-2.36613,0.853914,0.949287,-476.372147,32.0,-508.3721469158662,max_hold
SOLUSDT/SUIUSDT,20205,20225,20,long_spread,-1.667278,-1.205093,0.65765,0.967795,430.984519,32.0,398.98451860957385,max_hold
AVAXUSDT/TAOUSDT,20206,20226,20,long_spread,-1.744591,-2.140172,0.935058,0.938674,-288.545738,32.0,-320.5457382385885,max_hold
DOGEUSDT/TAOUSDT,20206,20226,20,long_spread,-1.773666,-0.976214,0.93612,0.943818,794.883122,32.0,762.8831218277677,max_hold
BNBUSDT/BTCUSDT,20207,20227,20,long_spread,-1.549463,-1.400796,0.621442,0.906597,47.157207,32.0,15.15720746904718,max_hold
AVAXUSDT/BTCUSDT,20208,20228,20,long_spread,-1.54057,-2.460239,2.430743,0.975636,-667.780578,32.0,-699.7805782889499,max_hold
ETHUSDT/WIFUSDT,20208,20216,8,long_spread,-1.526341,-0.207683,0.32454,0.967184,1349.819504,32.0,1317.8195041069341,z_exit
ETHUSDT/SOLUSDT,20209,20218,9,long_spread,-1.582005,-0.209525,1.065794,0.956507,791.469217,32.0,759.4692172083674,z_exit
ETHUSDT/TAOUSDT,20209,20229,20,long_spread,-2.427075,-1.251978,0.801911,0.968795,801.888046,32.0,769.8880456521148,max_hold
BTCUSDT/SOLUSDT,20210,20230,20,short_spread,1.616223,3.082679,0.262416,0.90637,-724.216004,32.0,-756.2160042250229,max_hold
1000PEPEUSDT/BTCUSDT,20211,20231,20,long_spread,-1.529761,-1.131463,3.444759,0.973128,304.082386,32.0,272.0823861400652,max_hold
1000PEPEUSDT/TAOUSDT,20213,20221,8,long_spread,-1.845529,-0.165581,1.243098,0.914524,1512.589432,32.0,1480.5894317579614,z_exit
ETHUSDT/SUIUSDT,20214,20234,20,long_spread,-2.347956,-0.476192,0.907549,0.965408,1602.718568,32.0,1570.7185677316868,max_hold
1000PEPEUSDT/AVAXUSDT,20216,20236,20,short_spread,2.301571,3.656981,1.284463,0.819933,-648.886068,32.0,-680.8860675979416,max_hold
1000PEPEUSDT/DOGEUSDT,20216,20236,20,short_spread,1.866451,2.578386,1.20525,0.932708,-446.535452,32.0,-478.53545200192775,max_hold
BTCUSDT/TAOUSDT,20216,20236,20,short_spread,1.694645,2.404559,0.174821,0.864554,-322.948888,32.0,-354.948888186491,max_hold
BTCUSDT/WIFUSDT,20216,20236,20,short_spread,2.060359,2.291599,0.057511,0.891273,-139.503002,32.0,-171.50300160990255,max_hold
SUIUSDT/WIFUSDT,20216,20234,18,short_spread,1.748272,0.220189,0.259534,0.94826,2156.072503,32.0,2124.0725030132553,z_exit
1000PEPEUSDT/WIFUSDT,20217,20237,20,short_spread,1.845341,0.935657,0.564912,0.877397,707.917323,32.0,675.9173225096008,max_hold
AVAXUSDT/BNBUSDT,20217,20237,20,long_spread,-1.89573,-2.387187,3.797296,0.900978,-190.85693,32.0,-222.85692985538637,max_hold
BNBUSDT/DOGEUSDT,20217,20237,20,short_spread,1.725347,1.823355,0.168494,0.875781,-39.090332,32.0,-71.09033166761483,max_hold
BNBUSDT/ONDOUSDT,20217,20237,20,short_spread,1.519425,2.381641,0.236006,0.869364,-312.689809,32.0,-344.68980890748395,max_hold
BTCUSDT/SUIUSDT,20217,20237,20,short_spread,1.504774,2.862828,0.246619,0.838781,-425.514719,32.0,-457.5147185176456,max_hold
DOGEUSDT/SOLUSDT,20217,20237,20,long_spread,-1.772543,-0.958235,1.368389,0.914029,400.785823,32.0,368.78582263685394,max_hold
BTCUSDT/XRPUSDT,20218,20238,20,short_spread,1.501537,1.575254,0.090356,0.951922,-49.082607,32.0,-81.08260745333175,max_hold
AVAXUSDT/WIFUSDT,20220,20240,20,long_spread,-1.618671,-2.134232,0.426815,0.883638,-397.80631,32.0,-429.8063100708232,max_hold
BTCUSDT/DOGEUSDT,20221,20241,20,short_spread,2.297206,3.261195,0.160442,0.927284,-435.315161,32.0,-467.3151605739148,max_hold
BTCUSDT/ETHUSDT,20221,20241,20,short_spread,1.986006,2.411919,0.195763,0.92703,-184.659685,32.0,-216.65968547345688,max_hold
BTCUSDT/ONDOUSDT,20221,20241,20,short_spread,2.631437,3.945814,0.231614,0.942821,-521.762825,32.0,-553.7628246159182,max_hold
ADAUSDT/BTCUSDT,20222,20242,20,long_spread,-1.519059,-2.871094,1.784469,0.945478,-674.042277,32.0,-706.0422768469048,max_hold
AVAXUSDT/SUIUSDT,20223,20243,20,long_spread,-1.726382,-1.469698,1.05427,0.973085,240.483839,32.0,208.4838387850848,max_hold
DOGEUSDT/ETHUSDT,20223,20243,20,long_spread,-1.740946,-4.012309,1.174528,0.919994,-829.784237,32.0,-861.784237074807,max_hold
DOGEUSDT/SUIUSDT,20223,20243,20,long_spread,-1.556337,-1.262781,1.084717,0.975824,282.515144,32.0,250.51514416774506,max_hold
ONDOUSDT/TAOUSDT,20223,20243,20,long_spread,-1.530309,-1.936011,0.640396,0.953978,-397.158102,32.0,-429.15810208029535,max_hold
ONDOUSDT/SUIUSDT,20226,20246,20,long_spread,-1.924558,-1.841424,0.769057,0.966101,72.907165,32.0,40.90716502269396,max_hold
1000PEPEUSDT/ONDOUSDT,20227,20247,20,short_spread,1.54162,1.618932,1.371128,0.951901,-85.321836,32.0,-117.32183610943378,max_hold
AVAXUSDT/ETHUSDT,20227,20247,20,long_spread,-1.821587,-2.23693,1.106082,0.954209,-222.869333,32.0,-254.8693332344755,max_hold
AVAXUSDT/TAOUSDT,20227,20247,20,long_spread,-1.988454,-1.905261,0.978622,0.961163,63.315269,32.0,31.31526884111684,max_hold
1000PEPEUSDT/ADAUSDT,20231,20251,20,short_spread,1.635541,1.890295,1.946793,0.894222,-186.484674,32.0,-218.48467366677843,max_hold
ADAUSDT/WIFUSDT,20231,20251,20,long_spread,-1.575708,-2.347619,0.251054,0.773976,-515.662007,32.0,-547.6620066162349,max_hold
BTCUSDT/SOLUSDT,20231,20251,20,short_spread,2.76813,3.246063,0.286427,0.961286,-175.144583,32.0,-207.14458284131075,max_hold
DOGEUSDT/WIFUSDT,20231,20251,20,long_spread,-1.591051,-2.581922,0.466891,0.952687,-757.225252,32.0,-789.2252519760417,max_hold
ONDOUSDT/WIFUSDT,20231,20251,20,long_spread,-1.59984,-2.045265,0.303753,0.92832,-517.845304,32.0,-549.8453041988469,max_hold
ADAUSDT/BNBUSDT,20232,20252,20,long_spread,-1.530667,-2.533607,2.068636,0.858972,-365.181589,32.0,-397.18158933410893,max_hold
ONDOUSDT/SOLUSDT,20232,20252,20,long_spread,-1.507984,-1.541747,0.946332,0.928782,-23.763231,32.0,-55.763231141455954,max_hold
ETHUSDT/ONDOUSDT,20234,20254,20,short_spread,1.61338,2.985798,1.00648,0.914925,-824.114598,32.0,-856.1145976849431,max_hold
DOGEUSDT/TAOUSDT,20235,20255,20,long_spread,-1.569527,-2.056983,0.957245,0.972399,-402.77535,32.0,-434.7753499903211,max_hold
1000PEPEUSDT/AVAXUSDT,20237,20257,20,short_spread,2.776852,2.654169,1.208172,0.954352,78.354355,32.0,46.35435529299092,max_hold
ADAUSDT/ETHUSDT,20237,20257,20,long_spread,-1.61507,-3.397739,0.595457,0.837895,-963.870228,32.0,-995.8702277655632,max_hold
BTCUSDT/TAOUSDT,20237,20257,20,short_spread,1.743462,2.232655,0.227767,0.932584,-203.355897,32.0,-235.355897002878,max_hold
BTCUSDT/WIFUSDT,20237,20257,20,short_spread,1.564964,1.853329,0.087392,0.945903,-169.92835,32.0,-201.9283497904359,max_hold
AVAXUSDT/BNBUSDT,20238,20258,20,long_spread,-1.99479,-2.405243,3.695463,0.884813,-146.967144,32.0,-178.9671440539166,max_hold
BNBUSDT/DOGEUSDT,20238,20258,20,short_spread,1.705516,1.937617,0.202402,0.819947,-73.694612,32.0,-105.69461206215516,max_hold
BNBUSDT/ONDOUSDT,20238,20258,20,short_spread,1.788477,1.739575,0.222892,0.908877,20.024579,32.0,-11.975420936003214,max_hold
BTCUSDT/SUIUSDT,20238,20258,20,short_spread,2.28517,3.074842,0.265389,0.936579,-298.74122,32.0,-330.7412202801696,max_hold
ADAUSDT/TAOUSDT,20239,20259,20,long_spread,-2.012559,-2.504284,0.495546,0.896513,-379.730172,32.0,-411.73017191370235,max_hold
SOLUSDT/TAOUSDT,20239,20259,20,long_spread,-1.503021,-1.157223,0.646362,0.946562,243.514815,32.0,211.51481517778885,max_hold
AVAXUSDT/WIFUSDT,20241,20261,20,long_spread,-2.573521,-3.510561,0.482871,0.945256,-624.382436,32.0,-656.3824355292338,max_hold
BTCUSDT/DOGEUSDT,20242,20262,20,short_spread,2.17211,2.597959,0.176674,0.97297,-244.004673,32.0,-276.004673391973,max_hold
BTCUSDT/ETHUSDT,20242,20262,20,short_spread,1.571234,1.811626,0.217286,0.962701,-126.582506,32.0,-158.58250639318413,max_hold
ADAUSDT/BTCUSDT,20243,20263,20,long_spread,-1.964583,-2.893789,1.134943,0.941118,-653.482408,32.0,-685.4824077090079,max_hold
ADAUSDT/SUIUSDT,20244,20264,20,long_spread,-1.587974,-2.168221,0.520688,0.87866,-413.271343,32.0,-445.2713430305894,max_hold
DOGEUSDT/ETHUSDT,20244,20264,20,long_spread,-3.529648,-4.014735,1.111751,0.970131,-190.400616,32.0,-222.4006164042944,max_hold
ONDOUSDT/TAOUSDT,20244,20264,20,long_spread,-1.952691,-1.714492,0.706401,0.977471,228.172096,32.0,196.17209594364536,max_hold
BTCUSDT/ONDOUSDT,20245,20265,20,short_spread,2.000694,2.552367,0.177833,0.978684,-355.86469,32.0,-387.8646897402961,max_hold
DOGEUSDT/SUIUSDT,20245,20265,20,long_spread,-1.552975,-0.937213,1.006126,0.951959,475.730678,32.0,443.73067814844694,max_hold
ONDOUSDT/SUIUSDT,20247,20267,20,long_spread,-1.509091,-1.430229,0.727492,0.966855,75.9028,32.0,43.90279958546962,max_hold
AVAXUSDT/ETHUSDT,20248,20268,20,long_spread,-1.891197,-2.593131,1.019461,0.975166,-433.490173,32.0,-465.4901726931982,max_hold
AVAXUSDT/TAOUSDT,20248,20268,20,long_spread,-1.575314,-1.495509,0.884996,0.977463,75.119529,32.0,43.1195291743291,max_hold
1000PEPEUSDT/ADAUSDT,20252,20272,20,short_spread,1.505737,1.574409,1.711334,0.944935,-60.473895,32.0,-92.47389514311976,max_hold
ADAUSDT/WIFUSDT,20252,20272,20,long_spread,-2.066284,-2.991636,0.247925,0.846796,-713.246307,32.0,-745.2463071254309,max_hold
DOGEUSDT/WIFUSDT,20252,20272,20,long_spread,-1.881243,-2.514125,0.480607,0.977863,-578.434809,32.0,-610.434809439568,max_hold
ONDOUSDT/WIFUSDT,20252,20272,20,long_spread,-1.975376,-2.158775,0.350543,0.966004,-207.66897,32.0,-239.66897022567875,max_hold
ADAUSDT/BNBUSDT,20253,20273,20,long_spread,-2.070623,-3.03243,1.707289,0.899149,-398.681392,32.0,-430.6813924669176,max_hold
ADAUSDT/SOLUSDT,20254,20274,20,long_spread,-1.569209,-2.322617,0.626411,0.893073,-451.581905,32.0,-483.581905389639,max_hold
ONDOUSDT/SOLUSDT,20254,20274,20,long_spread,-1.736662,-1.562716,0.962657,0.944738,110.616191,32.0,78.61619110157822,max_hold
SUIUSDT/TAOUSDT,20257,20272,15,long_spread,-1.521833,-0.187843,0.940586,0.903858,680.594901,32.0,648.594901156635,z_exit
ADAUSDT/ETHUSDT,20258,20278,20,long_spread,-2.556794,-2.703994,0.516105,0.898754,-98.960564,32.0,-130.960563960468,max_hold
BTCUSDT/TAOUSDT,20258,20278,20,short_spread,1.92194,3.128247,0.296087,0.955191,-492.935565,32.0,-524.9355650168288,max_hold
ADAUSDT/DOGEUSDT,20259,20279,20,long_spread,-1.602689,-0.694176,0.514248,0.801693,435.449775,32.0,403.44977529036436,max_hold
ADAUSDT/XRPUSDT,20259,20279,20,long_spread,-1.555231,-1.819634,1.027214,0.946313,-140.428276,32.0,-172.42827601655705,max_hold
AVAXUSDT/BNBUSDT,20259,20279,20,long_spread,-2.132975,-2.268733,2.965962,0.951566,-56.441421,32.0,-88.4414206407346,max_hold
BNBUSDT/DOGEUSDT,20259,20279,20,short_spread,1.53136,2.278726,0.189486,0.90403,-269.734726,32.0,-301.73472615574013,max_hold
BTCUSDT/SUIUSDT,20259,20279,20,short_spread,2.042883,2.844574,0.262539,0.971245,-399.857724,32.0,-431.8577242529317,max_hold
ADAUSDT/TAOUSDT,20260,20280,20,long_spread,-2.067524,-0.865073,0.401712,0.925952,1105.37288,32.0,1073.372879745323,max_hold
SUIUSDT/WIFUSDT,20260,20280,20,long_spread,-1.627406,-0.421407,0.474647,0.91509,852.799727,32.0,820.7997266404545,max_hold
ADAUSDT/AVAXUSDT,20261,20280,19,long_spread,-1.647464,0.22656,0.560879,0.823093,926.435809,32.0,894.4358086337529,z_exit
1000PEPEUSDT/WIFUSDT,20263,20281,18,long_spread,-1.533926,0.212515,0.68398,0.851861,781.933053,32.0,749.9330525387134,z_exit
1000PEPEUSDT/BTCUSDT,20264,20284,20,long_spread,-1.69151,-1.398185,2.557329,0.968472,195.036635,32.0,163.03663453290284,max_hold
ADAUSDT/BTCUSDT,20264,20284,20,long_spread,-2.172974,-0.763096,0.537338,0.950248,1468.945249,32.0,1436.94524851325,max_hold
BTCUSDT/ETHUSDT,20264,20284,20,short_spread,1.661928,2.019952,0.260671,0.972253,-199.145722,32.0,-231.1457223779435,max_hold
BTCUSDT/WIFUSDT,20264,20284,20,short_spread,1.717048,2.488982,0.136389,0.953113,-456.720725,32.0,-488.72072528024194,max_hold
ADAUSDT/SUIUSDT,20265,20285,20,long_spread,-1.832954,-0.800952,0.496378,0.913399,772.115576,32.0,740.1155761241746,max_hold
ONDOUSDT/TAOUSDT,20265,20285,20,long_spread,-1.549275,-0.951694,0.556351,0.974659,646.934976,32.0,614.9349761590962,max_hold
AVAXUSDT/SOLUSDT,20267,20287,20,long_spread,-1.657096,-0.85953,1.079984,0.947887,449.953251,32.0,417.95325101888517,max_hold
DOGEUSDT/SOLUSDT,20267,20287,20,long_spread,-1.795895,-0.303168,1.254451,0.93311,718.490997,32.0,686.4909969582252,max_hold
BNBUSDT/SUIUSDT,20269,20289,20,short_spread,1.513192,3.31539,0.206989,0.889535,-594.806176,32.0,-626.8061758550782,max_hold
ADAUSDT/WIFUSDT,20273,20286,13,long_spread,-2.164259,0.146534,0.252722,0.926757,2421.018644,32.0,2389.0186443949283,z_exit
AVAXUSDT/BTCUSDT,20273,20293,20,long_spread,-1.553002,-0.614772,0.818903,0.971263,1155.8715,32.0,1123.871499672447,max_hold
ONDOUSDT/WIFUSDT,20273,20286,13,long_spread,-1.524484,-0.222657,0.265555,0.973522,1804.048391,32.0,1772.048390982207,z_exit
ADAUSDT/BNBUSDT,20274,20294,20,long_spread,-2.017289,-1.344358,1.399909,0.943356,403.255896,32.0,371.2558959752676,max_hold
ADAUSDT/SOLUSDT,20275,20282,7,long_spread,-1.712982,0.00338,0.61771,0.926528,1194.287607,32.0,1162.287607026245,z_exit
AVAXUSDT/XRPUSDT,20278,20298,20,long_spread,-1.577606,-3.408807,1.594261,0.832622,-760.526626,32.0,-792.5266261348571,max_hold
DOGEUSDT/XRPUSDT,20278,20298,20,long_spread,-1.535766,-4.086968,1.916796,0.812442,-992.700799,32.0,-1024.7007992060262,max_hold
ETHUSDT/SOLUSDT,20278,20298,20,short_spread,1.540628,3.12571,0.914505,0.961869,-954.398602,32.0,-986.3986019430744,max_hold
ONDOUSDT/XRPUSDT,20278,20298,20,long_spread,-1.539099,-3.547462,1.397147,0.895956,-942.036415,32.0,-974.0364146278176,max_hold
BNBUSDT/ONDOUSDT,20279,20299,20,short_spread,1.554574,4.003339,0.109724,0.936196,-1258.913077,32.0,-1290.91307749671,max_hold
BNBUSDT/SOLUSDT,20279,20299,20,short_spread,1.612415,4.483036,0.209689,0.909533,-1068.89067,32.0,-1100.8906700681857,max_hold
BNBUSDT/TAOUSDT,20279,20299,20,short_spread,1.509689,5.116124,0.199495,0.898757,-1228.017145,32.0,-1260.0171452834545,max_hold
BTCUSDT/TAOUSDT,20279,20299,20,short_spread,2.567422,2.8681,0.350258,0.967164,-133.264412,32.0,-165.26441150413365,max_hold
ADAUSDT/XRPUSDT,20280,20300,20,long_spread,-2.434695,-3.411439,1.182416,0.910456,-355.034627,32.0,-387.0346267247694,max_hold
BNBUSDT/DOGEUSDT,20280,20300,20,short_spread,1.866752,4.362448,0.148094,0.930589,-1048.886506,32.0,-1080.8865057537362,max_hold
BTCUSDT/SUIUSDT,20280,20300,20,short_spread,2.336423,1.829786,0.315945,0.975258,274.418536,32.0,242.41853643654974,max_hold
SOLUSDT/XRPUSDT,20280,20300,20,long_spread,-1.7532,-2.579704,1.398891,0.921488,-349.722587,32.0,-381.7225870759267,max_hold
AVAXUSDT/ETHUSDT,20281,20301,20,long_spread,-1.513405,-2.02941,0.692828,0.979268,-463.391457,32.0,-495.3914568106555,max_hold
AVAXUSDT/SUIUSDT,20283,20303,20,long_spread,-1.664644,-0.943601,0.726982,0.964564,537.675444,32.0,505.6754435850854,max_hold
DOGEUSDT/SUIUSDT,20283,20288,5,long_spread,-1.631154,-0.213754,0.874206,0.974454,1137.214276,32.0,1105.2142759294823,z_exit
SOLUSDT/SUIUSDT,20283,20290,7,long_spread,-1.570844,0.145021,0.763861,0.95115,987.919319,32.0,955.9193187428843,z_exit
BNBUSDT/WIFUSDT,20285,20305,20,short_spread,1.716829,4.397049,0.132918,0.831669,-808.415611,32.0,-840.4156112950892,max_hold
BTCUSDT/WIFUSDT,20285,20305,20,short_spread,1.880166,2.148213,0.24671,0.914405,-113.79047,32.0,-145.7904695472506,max_hold
DOGEUSDT/ETHUSDT,20285,20305,20,long_spread,-1.732249,-2.533006,0.852205,0.976002,-658.081325,32.0,-690.081325252528,max_hold
ETHUSDT/TAOUSDT,20285,20305,20,short_spread,1.502516,3.235472,0.708822,0.968665,-1369.245542,32.0,-1401.2455415322559,max_hold
ETHUSDT/WIFUSDT,20285,20305,20,short_spread,1.654453,3.400336,0.491506,0.950139,-1171.025262,32.0,-1203.0252624256718,max_hold
1000PEPEUSDT/BNBUSDT,20287,20307,20,long_spread,-1.616152,-4.793733,3.563623,0.899626,-941.576996,32.0,-973.5769955085709,max_hold
BNBUSDT/BTCUSDT,20287,20307,20,short_spread,1.58247,3.861718,0.456277,0.854467,-540.923613,32.0,-572.9236128646168,max_hold
AVAXUSDT/DOGEUSDT,20289,20295,6,long_spread,-2.103726,0.233401,0.78924,0.8774,641.84648,32.0,609.846480039993,z_exit
BNBUSDT/ETHUSDT,20289,20309,20,short_spread,1.830169,2.477981,0.236332,0.880781,-189.741232,32.0,-221.74123232661265,max_hold
DOGEUSDT/ONDOUSDT,20289,20303,14,short_spread,2.440275,0.246568,1.032109,0.916283,922.72631,32.0,890.726309895323,z_exit
DOGEUSDT/SOLUSDT,20289,20291,2,short_spread,1.880306,0.043449,1.090008,0.929337,706.796432,32.0,674.7964323808673,z_exit
ADAUSDT/ONDOUSDT,20290,20310,20,short_spread,1.716174,0.834033,0.581207,0.867038,485.276766,32.0,453.27676649847336,max_hold
BNBUSDT/SUIUSDT,20290,20310,20,short_spread,2.965942,4.218893,0.210314,0.934156,-467.219038,32.0,-499.21903807429123,max_hold
ADAUSDT/BTCUSDT,20291,20300,9,short_spread,1.509511,0.086886,0.169932,0.8985,1675.329741,32.0,1643.3297411785393,z_exit
BNBUSDT/XRPUSDT,20291,20311,20,short_spread,1.709816,3.030301,0.333021,0.927317,-477.170148,32.0,-509.1701484071321,max_hold
SUIUSDT/TAOUSDT,20295,20315,20,short_spread,1.820993,1.890266,0.843107,0.861493,-27.776576,32.0,-59.77657593539061,max_hold
AVAXUSDT/ONDOUSDT,20296,20303,7,short_spread,1.660512,0.215751,0.75503,0.897185,494.888771,32.0,462.8887712170108,z_exit
1000PEPEUSDT/BTCUSDT,20298,20318,20,long_spread,-1.585563,-2.033346,1.867386,0.913702,-167.006024,32.0,-199.0060237992473,max_hold
1000PEPEUSDT/ETHUSDT,20298,20318,20,long_spread,-1.591775,-2.854804,0.864246,0.970136,-1001.876221,32.0,-1033.8762209512613,max_hold
BNBUSDT/SOLUSDT,20300,20320,20,short_spread,2.61822,3.813353,0.328976,0.972783,-570.510543,32.0,-602.5105430446143,max_hold
ADAUSDT/XRPUSDT,20301,20321,20,long_spread,-1.568741,0.747623,0.68035,0.908852,1200.993112,32.0,1168.9931117248448,max_hold
DOGEUSDT/XRPUSDT,20301,20321,20,long_spread,-1.509288,-0.652638,0.935401,0.957252,526.129838,32.0,494.1298383095241,max_hold
BNBUSDT/DOGEUSDT,20302,20322,20,short_spread,2.033462,4.046014,0.251018,0.974058,-1148.793861,32.0,-1180.7938611377992,max_hold
BNBUSDT/ONDOUSDT,20302,20322,20,short_spread,1.788015,4.083634,0.099325,0.977315,-1703.355556,32.0,-1735.3555558228986,max_hold
BNBUSDT/TAOUSDT,20302,20322,20,short_spread,2.270294,5.038965,0.240333,0.971674,-1418.791102,32.0,-1450.791102239828,max_hold
ETHUSDT/SOLUSDT,20302,20322,20,short_spread,2.26733,2.725743,1.21847,0.979039,-295.425858,32.0,-327.4258582095731,max_hold
BNBUSDT/WIFUSDT,20306,20326,20,short_spread,2.442573,5.011636,0.192359,0.93268,-1140.817665,32.0,-1172.8176650856503,max_hold
BTCUSDT/WIFUSDT,20306,20326,20,short_spread,1.622982,1.779114,0.329159,0.896788,-51.635398,32.0,-83.63539832794814,max_hold
ETHUSDT/WIFUSDT,20306,20326,20,short_spread,2.29242,4.499518,0.576903,0.976098,-1801.641819,32.0,-1833.6418187335446,max_hold
BNBUSDT/BTCUSDT,20308,20328,20,short_spread,2.306983,4.887054,0.599995,0.937536,-735.365691,32.0,-767.3656911359662,max_hold
BTCUSDT/TAOUSDT,20310,20330,20,short_spread,1.675281,1.549311,0.443074,0.974672,66.587391,32.0,34.5873914045207,max_hold
SOLUSDT/TAOUSDT,20310,20330,20,short_spread,1.695693,4.930462,0.554918,0.854168,-1332.527461,32.0,-1364.5274611500136,max_hold
1000PEPEUSDT/BNBUSDT,20311,20331,20,long_spread,-1.764338,-3.490331,2.008946,0.968725,-925.156204,32.0,-957.1562036143556,max_hold
BNBUSDT/SUIUSDT,20311,20331,20,short_spread,2.493662,4.080418,0.315261,0.976872,-760.836343,32.0,-792.8363431867082,max_hold
BNBUSDT/XRPUSDT,20312,20332,20,short_spread,1.697754,3.772496,0.529003,0.926544,-687.133768,32.0,-719.1337677999676,max_hold
SOLUSDT/WIFUSDT,20312,20332,20,short_spread,1.666679,3.184166,0.328204,0.857014,-858.182754,32.0,-890.18275448961,max_hold
1000PEPEUSDT/SOLUSDT,20313,20333,20,long_spread,-1.519229,-3.741881,1.518697,0.917903,-1129.897327,32.0,-1161.89732746912,max_hold
ADAUSDT/BTCUSDT,20313,20333,20,short_spread,1.658524,1.191296,0.224804,0.888037,465.767347,32.0,433.7673469185997,max_hold
ADAUSDT/ONDOUSDT,20313,20333,20,short_spread,1.570861,1.867859,0.796095,0.832495,-117.938838,32.0,-149.93883756886862,max_hold
ADAUSDT/SUIUSDT,20313,20333,20,short_spread,1.528216,1.338904,0.318886,0.886531,152.40801,32.0,120.40800954373356,max_hold
ADAUSDT/TAOUSDT,20313,20333,20,short_spread,1.914384,1.609247,0.232825,0.887549,282.723126,32.0,250.7231258828512,max_hold
ADAUSDT/WIFUSDT,20313,20333,20,short_spread,1.750403,1.305185,0.119961,0.886749,469.451616,32.0,437.4516161429853,max_hold
AVAXUSDT/TAOUSDT,20313,20333,20,short_spread,1.681785,2.080857,0.381716,0.904058,-244.092587,32.0,-276.09258699739485,max_hold
DOGEUSDT/TAOUSDT,20313,20333,20,short_spread,1.548478,1.26673,0.511581,0.930445,202.535034,32.0,170.53503370268433,max_hold
ETHUSDT/XRPUSDT,20313,20333,20,short_spread,1.549538,2.293129,1.47506,0.951875,-430.045056,32.0,-462.0450558830471,max_hold
SOLUSDT/SUIUSDT,20313,20333,20,short_spread,2.024605,4.621444,0.594579,0.849563,-949.42816,32.0,-981.4281604585062,max_hold
ADAUSDT/AVAXUSDT,20314,20334,20,short_spread,2.249916,0.209578,0.848015,0.859143,836.226791,32.0,804.2267914918442,z_exit
ADAUSDT/DOGEUSDT,20314,20334,20,short_spread,2.30688,1.115588,0.6455,0.844803,552.588318,32.0,520.5883184769508,max_hold
ADAUSDT/SOLUSDT,20315,20327,12,short_spread,1.768514,0.227256,0.567666,0.916588,995.901686,32.0,963.9016864288785,z_exit
SUIUSDT/TAOUSDT,20316,20336,20,short_spread,1.564768,1.900903,0.868601,0.912068,-152.570387,32.0,-184.57038732255998,max_hold
AVAXUSDT/ONDOUSDT,20317,20337,20,short_spread,1.555124,2.955101,0.889218,0.884776,-377.808878,32.0,-409.80887778421334,max_hold
BNBUSDT/ETHUSDT,20317,20337,20,short_spread,1.784712,2.439658,0.346234,0.905161,-162.868624,32.0,-194.86862392653921,max_hold
1000PEPEUSDT/ETHUSDT,20319,20339,20,long_spread,-1.631879,-1.778222,0.63441,0.973749,-150.523032,32.0,-182.52303150151886,max_hold
BNBUSDT/SOLUSDT,20321,20341,20,short_spread,2.233822,0.945214,0.646926,0.950522,472.159478,32.0,440.15947797470557,max_hold
BTCUSDT/ETHUSDT,20321,20341,20,long_spread,-1.53651,-1.518599,0.398293,0.978223,8.152177,32.0,-23.847823313295997,max_hold
AVAXUSDT/BTCUSDT,20323,20343,20,short_spread,1.635246,2.612932,0.479049,0.917414,-649.925058,32.0,-681.9250576322925,max_hold
AVAXUSDT/DOGEUSDT,20323,20343,20,short_spread,1.636893,1.323293,0.732756,0.854839,81.105808,32.0,49.105807712960754,max_hold
AVAXUSDT/SUIUSDT,20323,20343,20,short_spread,1.96276,3.384376,0.437532,0.894325,-699.238676,32.0,-731.2386755872716,max_hold
AVAXUSDT/WIFUSDT,20323,20343,20,short_spread,1.976035,2.932971,0.200828,0.919961,-739.119684,32.0,-771.1196838973013,max_hold
BNBUSDT/DOGEUSDT,20323,20343,20,short_spread,2.215502,1.768752,0.546214,0.979361,227.758888,32.0,195.75888810796113,max_hold
BTCUSDT/SOLUSDT,20323,20343,20,long_spread,-1.599345,-3.751513,0.823189,0.933817,-741.878593,32.0,-773.8785927424499,max_hold
DOGEUSDT/LINKUSDT,20323,20343,20,long_spread,-2.106007,0.166049,0.700204,0.945735,1089.662573,32.0,1057.6625729939392,z_exit
LINKUSDT/SOLUSDT,20324,20343,19,short_spread,2.088422,0.228251,1.028904,0.97636,953.478227,32.0,921.4782273924499,z_exit
LINKUSDT/XRPUSDT,20324,20344,20,short_spread,3.27536,2.570737,0.976566,0.978605,337.569781,32.0,305.56978051692766,max_hold
SOLUSDT/XRPUSDT,20324,20344,20,short_spread,1.602262,3.168873,0.70935,0.959531,-822.053111,32.0,-854.0531107145815,max_hold
AVAXUSDT/LINKUSDT,20325,20340,15,long_spread,-1.709499,-0.05348,0.530138,0.910444,737.335505,32.0,705.3355047340137,z_exit
DOGEUSDT/SOLUSDT,20327,20344,17,long_spread,-1.719891,0.003842,0.901856,0.91626,629.186853,32.0,597.186852604423,z_exit
ONDOUSDT/SOLUSDT,20329,20342,13,long_spread,-1.653296,-0.099709,0.50581,0.893432,807.80864,32.0,775.8086398977757,z_exit
1000PEPEUSDT/BNBUSDT,20332,20352,20,long_spread,-1.630336,-2.436761,1.171507,0.977661,-713.782948,32.0,-745.782948208585,max_hold
BTCUSDT/TAOUSDT,20332,20352,20,short_spread,1.572613,1.793174,0.495079,0.977064,-108.034257,32.0,-140.03425727786902,max_hold
BNBUSDT/XRPUSDT,20333,20353,20,short_spread,2.058006,4.498193,0.678441,0.946768,-926.42726,32.0,-958.427259727113,max_hold
SOLUSDT/WIFUSDT,20333,20353,20,short_spread,3.118076,3.840368,0.365894,0.967324,-445.166177,32.0,-477.1661774830743,max_hold
AVAXUSDT/TAOUSDT,20334,20354,20,short_spread,2.135947,5.500397,0.373069,0.943855,-2230.980742,32.0,-2262.980741559252,max_hold
BNBUSDT/ONDOUSDT,20334,20354,20,short_spread,1.888648,3.689618,0.67564,0.979975,-1135.373327,32.0,-1167.373326748224,max_hold
ETHUSDT/XRPUSDT,20334,20354,20,short_spread,1.732682,1.400458,1.766159,0.966414,196.415536,32.0,164.41553629124155,max_hold
SOLUSDT/SUIUSDT,20334,20354,20,short_spread,3.21254,3.539374,0.636193,0.972795,-152.410742,32.0,-184.41074190106062,max_hold
1000PEPEUSDT/BTCUSDT,20335,20344,9,long_spread,-1.544621,-0.193765,1.590202,0.9445,617.925494,32.0,585.9254937692734,z_exit
1000PEPEUSDT/SOLUSDT,20335,20355,20,long_spread,-2.497181,-2.729105,1.196375,0.977877,-153.24654,32.0,-185.24653954439492,max_hold
ADAUSDT/ONDOUSDT,20335,20342,7,short_spread,1.524878,0.075935,1.1233,0.931756,443.661231,32.0,411.6612308151085,z_exit
1000PEPEUSDT/DOGEUSDT,20338,20358,20,long_spread,-1.554358,-2.10776,1.207121,0.969418,-351.773211,32.0,-383.77321108712385,max_hold
AVAXUSDT/ONDOUSDT,20338,20358,20,short_spread,2.690822,6.563141,1.084323,0.887763,-880.510822,32.0,-912.5108220268601,max_hold
BNBUSDT/ETHUSDT,20338,20358,20,short_spread,2.424536,6.48445,0.374537,0.87181,-883.947977,32.0,-915.9479765616279,max_hold
DOGEUSDT/ONDOUSDT,20338,20358,20,short_spread,1.871662,2.467144,1.24724,0.925969,-200.121474,32.0,-232.12147407016568,max_hold
DOGEUSDT/TAOUSDT,20338,20358,20,short_spread,1.783658,2.278283,0.494893,0.955765,-351.451843,32.0,-383.45184335253174,max_hold
ADAUSDT/TAOUSDT,20339,20359,20,short_spread,1.528779,1.22484,0.273198,0.9745,291.052892,32.0,259.05289232496443,max_hold
DOGEUSDT/SUIUSDT,20339,20359,20,short_spread,1.924286,2.19287,0.607937,0.925993,-133.339728,32.0,-165.3397280016421,max_hold
DOGEUSDT/WIFUSDT,20339,20359,20,short_spread,1.794947,2.127823,0.329418,0.948908,-243.67074,32.0,-275.6707400071722,max_hold
ADAUSDT/AVAXUSDT,20341,20361,20,long_spread,-2.314173,-4.399225,1.027006,0.89201,-547.92443,32.0,-579.9244302374694,max_hold
AVAXUSDT/BNBUSDT,20341,20361,20,short_spread,1.722725,0.964361,0.678262,0.913455,380.373139,32.0,348.3731391270797,max_hold
AVAXUSDT/ETHUSDT,20341,20361,20,short_spread,2.289414,2.627329,0.249379,0.918732,-239.687644,32.0,-271.68764370796316,max_hold
AVAXUSDT/LINKUSDT,20341,20361,20,short_spread,2.106713,3.079406,0.469383,0.913325,-445.307442,32.0,-477.30744186102913,max_hold
AVAXUSDT/SOLUSDT,20341,20361,20,short_spread,1.564539,2.606074,0.657571,0.91597,-390.518062,32.0,-422.5180623895777,max_hold
AVAXUSDT/XRPUSDT,20341,20361,20,short_spread,2.781246,3.360814,0.581509,0.920418,-286.048761,32.0,-318.04876118345163,max_hold
ONDOUSDT/TAOUSDT,20341,20356,15,short_spread,1.563786,0.205714,0.2813,0.925438,900.435499,32.0,868.4354990020141,z_exit
ADAUSDT/WIFUSDT,20342,20362,20,short_spread,1.523967,1.380492,0.187509,0.972832,146.822622,32.0,114.82262193855894,max_hold
ONDOUSDT/SUIUSDT,20342,20354,12,short_spread,1.937244,0.108967,0.379004,0.905009,917.100637,32.0,885.1006373043061,z_exit
ONDOUSDT/WIFUSDT,20342,20356,14,short_spread,1.829075,-0.172654,0.14987,0.922026,1573.361686,32.0,1541.3616858860828,z_exit
ADAUSDT/SUIUSDT,20343,20363,20,short_spread,1.65264,1.306526,0.46588,0.972439,237.637486,32.0,205.63748551956863,max_hold
DOGEUSDT/ETHUSDT,20343,20356,13,short_spread,1.577751,0.056296,0.353191,0.928375,1057.488219,32.0,1025.4882189427303,z_exit
DOGEUSDT/XRPUSDT,20343,20363,20,short_spread,2.020264,1.628323,0.771925,0.935448,190.681107,32.0,158.68110715951707,max_hold
ADAUSDT/BTCUSDT,20344,20356,12,short_spread,1.584745,0.241655,0.591378,0.97133,1007.572039,32.0,975.572039192545,z_exit
AVAXUSDT/BTCUSDT,20344,20364,20,short_spread,2.593409,2.669353,0.611343,0.952313,-48.859737,32.0,-80.85973705888232,max_hold
AVAXUSDT/SUIUSDT,20344,20364,20,short_spread,3.031573,3.915046,0.487653,0.953259,-481.469805,32.0,-513.4698053196569,max_hold
AVAXUSDT/WIFUSDT,20344,20364,20,short_spread,2.729763,3.57075,0.218575,0.961852,-718.369768,32.0,-750.3697680501847,max_hold
DOGEUSDT/LINKUSDT,20344,20356,12,short_spread,1.659393,0.052383,0.568019,0.944385,901.095852,32.0,869.0958518407658,z_exit
SUIUSDT/TAOUSDT,20344,20364,20,short_spread,1.627941,2.00329,0.880304,0.941736,-181.418238,32.0,-213.41823805599742,max_hold
SOLUSDT/XRPUSDT,20345,20365,20,short_spread,2.408272,2.061579,0.81391,0.974093,192.505655,32.0,160.50565515061552,max_hold
AVAXUSDT/DOGEUSDT,20346,20366,20,short_spread,1.746239,2.904,0.773733,0.867121,-308.155876,32.0,-340.1558755922201,max_hold
BNBUSDT/LINKUSDT,20347,20367,20,short_spread,2.227021,7.252947,0.568277,0.949717,-1587.980522,32.0,-1619.9805217746853,max_hold
BNBUSDT/DOGEUSDT,20350,20370,20,short_spread,1.578989,4.963367,0.711972,0.966051,-1696.18096,32.0,-1728.1809595062211,max_hold
BNBUSDT/SOLUSDT,20351,20371,20,short_spread,1.858469,5.833742,0.756782,0.955509,-1350.810266,32.0,-1382.8102661150629,max_hold
1000PEPEUSDT/AVAXUSDT,20352,20372,20,long_spread,-1.730204,-2.380524,0.75136,0.979563,-645.669604,32.0,-677.6696035245743,max_hold
ADAUSDT/BNBUSDT,20353,20373,20,long_spread,-1.597469,-5.895694,0.776859,0.946801,-2117.644035,32.0,-2149.6440349867416,max_hold
1000PEPEUSDT/BNBUSDT,20354,20374,20,long_spread,-1.529015,-3.336999,0.566288,0.969428,-2146.963533,32.0,-2178.96353304553,max_hold
BTCUSDT/WIFUSDT,20355,20375,20,short_spread,1.608774,3.690547,0.321757,0.929994,-716.218863,32.0,-748.2188628487028,max_hold
LINKUSDT/ONDOUSDT,20356,20376,20,short_spread,1.546887,2.200379,1.607797,0.975868,-404.507115,32.0,-436.50711511917524,max_hold
1000PEPEUSDT/SOLUSDT,20358,20378,20,long_spread,-1.509529,-3.087107,0.642539,0.975162,-1565.641475,32.0,-1597.6414748776904,max_hold
DOGEUSDT/ONDOUSDT,20359,20379,20,short_spread,1.888509,2.988814,1.336393,0.939552,-404.303128,32.0,-436.30312780500685,max_hold
DOGEUSDT/TAOUSDT,20359,20372,13,short_spread,1.640326,0.001184,0.511771,0.976958,1523.194989,32.0,1491.1949885408324,z_exit
1000PEPEUSDT/BTCUSDT,20360,20380,20,long_spread,-1.684205,-3.46385,1.42569,0.956481,-917.929344,32.0,-949.9293439066762,max_hold
1000PEPEUSDT/DOGEUSDT,20360,20380,20,long_spread,-1.554655,-2.580872,0.796464,0.979393,-826.045538,32.0,-858.0455382455732,max_hold
ADAUSDT/ONDOUSDT,20360,20380,20,short_spread,1.654316,2.117075,1.209548,0.925171,-142.970885,32.0,-174.97088500527315,max_hold
DOGEUSDT/WIFUSDT,20360,20380,20,short_spread,1.52762,0.995179,0.37842,0.971838,471.089541,32.0,439.08954078399324,max_hold
ONDOUSDT/SOLUSDT,20360,20380,20,long_spread,-1.544558,-3.488248,0.434323,0.921312,-1020.118402,32.0,-1052.118402493053,max_hold
AVAXUSDT/ETHUSDT,20362,20382,20,short_spread,1.537205,-2.046579,0.343112,0.96027,3080.627068,32.0,3048.627068040901,max_hold
AVAXUSDT/LINKUSDT,20362,20382,20,short_spread,1.585512,-1.815544,0.580298,0.960589,1955.375813,32.0,1923.3758131248783,max_hold
AVAXUSDT/XRPUSDT,20362,20371,9,short_spread,1.837673,-0.243283,0.731726,0.970487,1355.763278,32.0,1323.7632779639166,z_exit
DOGEUSDT/SUIUSDT,20362,20382,20,short_spread,1.502351,1.601725,0.744196,0.955398,-57.565514,32.0,-89.56551417988587,max_hold
AVAXUSDT/ONDOUSDT,20364,20384,20,short_spread,2.692161,1.10004,1.226866,0.979463,746.385211,32.0,714.3852108006478,max_hold
SUIUSDT/TAOUSDT,20365,20385,20,short_spread,1.847211,-3.402174,0.87463,0.959958,2804.285335,32.0,2772.285334814991,max_hold
AVAXUSDT/TAOUSDT,20366,20372,6,short_spread,1.85975,-0.117672,0.216918,0.97965,2668.137776,32.0,2636.137775783001,z_exit
BTCUSDT/ONDOUSDT,20366,20386,20,short_spread,1.56528,1.462665,0.413741,0.976749,63.278134,32.0,31.278133653874576,max_hold
BTCUSDT/SUIUSDT,20366,20386,20,short_spread,1.664369,2.390987,0.433907,0.975719,-328.316874,32.0,-360.31687361222885,max_hold
SOLUSDT/XRPUSDT,20366,20386,20,short_spread,1.610188,1.113701,0.842012,0.967737,277.949344,32.0,245.94934373198907,max_hold
AVAXUSDT/BNBUSDT,20368,20388,20,long_spread,-2.766003,-5.11561,0.786738,0.92993,-1180.664539,32.0,-1212.6645394456311,max_hold
BTCUSDT/XRPUSDT,20369,20389,20,short_spread,1.509874,0.726184,0.447429,0.958549,297.261036,32.0,265.2610360002395,max_hold
SOLUSDT/TAOUSDT,20369,20378,9,short_spread,1.732965,0.225852,0.161872,0.978596,2151.990351,32.0,2119.9903507145173,z_exit
1000PEPEUSDT/ADAUSDT,20371,20391,20,long_spread,-2.617234,-2.680633,0.434969,0.955745,-67.784472,32.0,-99.78447209708428,max_hold
1000PEPEUSDT/ETHUSDT,20371,20391,20,long_spread,-3.236362,-3.442479,0.163412,0.948517,-277.53179,32.0,-309.53178964874087,max_hold
1000PEPEUSDT/LINKUSDT,20371,20391,20,long_spread,-2.890445,-3.067058,0.130152,0.946048,-254.704302,32.0,-286.704301689227,max_hold
1000PEPEUSDT/ONDOUSDT,20371,20391,20,long_spread,-1.808821,-1.991417,0.755904,0.963865,-152.200356,32.0,-184.20035642192047,max_hold
1000PEPEUSDT/SUIUSDT,20371,20391,20,long_spread,-2.341807,-1.750068,0.794286,0.960997,377.770706,32.0,345.7707055930203,max_hold
1000PEPEUSDT/TAOUSDT,20371,20391,20,long_spread,-3.077379,-7.931809,1.061228,0.90919,-1946.142699,32.0,-1978.1426991596243,max_hold
1000PEPEUSDT/WIFUSDT,20371,20391,20,long_spread,-1.556239,-2.63342,0.633227,0.896197,-429.97684,32.0,-461.9768403722635,max_hold
1000PEPEUSDT/XRPUSDT,20371,20391,20,long_spread,-2.827466,-3.10898,0.375261,0.94858,-316.465004,32.0,-348.4650044136249,max_hold
ADAUSDT/BTCUSDT,20371,20391,20,long_spread,-1.677543,-1.801393,0.974517,0.973407,-73.306655,32.0,-105.30665451324849,max_hold
ADAUSDT/DOGEUSDT,20371,20391,20,long_spread,-1.816005,-1.912226,0.807907,0.944978,-30.700986,32.0,-62.70098593889351,max_hold
ADAUSDT/ETHUSDT,20371,20391,20,long_spread,-2.512729,-3.074333,0.333563,0.956581,-390.668315,32.0,-422.668314923782,max_hold
ADAUSDT/LINKUSDT,20371,20391,20,long_spread,-2.720247,-3.313618,0.561604,0.940327,-223.905495,32.0,-255.9054950459664,max_hold
ADAUSDT/SOLUSDT,20371,20391,20,long_spread,-2.991641,-3.541416,0.754425,0.961348,-226.476517,32.0,-258.4765166650942,max_hold
AVAXUSDT/SOLUSDT,20371,20391,20,long_spread,-2.629295,-4.39935,0.929036,0.914419,-610.271053,32.0,-642.2710525974439,max_hold
DOGEUSDT/ETHUSDT,20371,20391,20,long_spread,-1.55423,-2.135121,0.392881,0.93902,-414.419348,32.0,-446.41934787823214,max_hold
DOGEUSDT/SOLUSDT,20371,20391,20,long_spread,-2.069709,-2.72209,0.906165,0.91354,-224.692558,32.0,-256.6925578711219,max_hold
ETHUSDT/XRPUSDT,20371,20391,20,short_spread,2.396582,2.04957,1.824935,0.962295,197.336179,32.0,165.3361790679721,max_hold
ONDOUSDT/SUIUSDT,20371,20391,20,long_spread,-2.105605,-1.215622,0.526999,0.921448,382.782335,32.0,350.7823351887968,max_hold
ONDOUSDT/TAOUSDT,20371,20391,20,long_spread,-2.203749,-3.56548,0.338372,0.949566,-940.401714,32.0,-972.4017144342266,max_hold
ONDOUSDT/WIFUSDT,20371,20391,20,long_spread,-1.829462,-2.025264,0.170792,0.943572,-158.242071,32.0,-190.24207146658762,max_hold
ONDOUSDT/XRPUSDT,20371,20391,20,long_spread,-3.25334,-3.556191,0.46885,0.916455,-146.105867,32.0,-178.10586670139224,max_hold
SUIUSDT/XRPUSDT,20371,20391,20,long_spread,-1.738669,-2.989066,0.61081,0.93187,-893.630738,32.0,-925.6307376478569,max_hold
WIFUSDT/XRPUSDT,20371,20391,20,long_spread,-2.46629,-2.284759,0.743103,0.953693,218.118533,32.0,186.11853319869388,max_hold
ADAUSDT/AVAXUSDT,20372,20384,12,long_spread,-1.539233,-0.113876,0.746107,0.961801,592.529899,32.0,560.5298986227667,z_exit
BNBUSDT/SOLUSDT,20372,20392,20,short_spread,4.837611,3.639964,1.054515,0.97358,479.700245,32.0,447.7002446807497,max_hold
1000PEPEUSDT/AVAXUSDT,20373,20393,20,long_spread,-2.111338,-2.545047,0.22209,0.958417,-582.613732,32.0,-614.6137324900387,max_hold
TAOUSDT/WIFUSDT,20373,20393,20,short_spread,2.499512,5.521623,0.392427,0.923817,-1957.210079,32.0,-1989.210078790722,max_hold
ADAUSDT/BNBUSDT,20374,20394,20,long_spread,-2.508147,-3.350395,0.472664,0.973647,-629.100765,32.0,-661.1007654244199,max_hold
TAOUSDT/XRPUSDT,20374,20394,20,short_spread,1.720793,2.441916,0.088301,0.891954,-827.879561,32.0,-859.8795607890225,max_hold
BTCUSDT/WIFUSDT,20376,20396,20,short_spread,1.713034,1.31195,0.211577,0.976348,200.51647,32.0,168.51646955616204,max_hold
ETHUSDT/LINKUSDT,20377,20397,20,short_spread,1.507618,1.831817,1.220053,0.969681,-211.288126,32.0,-243.28812595343328,max_hold
BTCUSDT/ETHUSDT,20378,20398,20,long_spread,-1.856772,-2.40277,0.197825,0.915646,-168.474977,32.0,-200.47497744419846,max_hold
1000PEPEUSDT/SOLUSDT,20379,20399,20,long_spread,-2.725343,-3.16674,0.067677,0.953965,-697.446527,32.0,-729.4465267174542,max_hold
DOGEUSDT/ONDOUSDT,20380,20400,20,short_spread,1.788946,1.885021,1.094511,0.959584,-42.134979,32.0,-74.13497911140826,max_hold
1000PEPEUSDT/BTCUSDT,20381,20401,20,long_spread,-2.39171,-3.146013,0.739867,0.971728,-720.060357,32.0,-752.0603570276136,max_hold
ONDOUSDT/SOLUSDT,20381,20401,20,long_spread,-2.240841,-2.845552,0.394783,0.954974,-409.531619,32.0,-441.53161948893506,max_hold
1000PEPEUSDT/LTCUSDT,20383,20403,20,long_spread,-2.465444,-3.424697,0.314213,0.970996,-1259.473564,32.0,-1291.4735644585508,max_hold
AVAXUSDT/ETHUSDT,20383,20403,20,long_spread,-2.068587,-2.646283,0.379952,0.954447,-514.961376,32.0,-546.9613763774486,max_hold
AVAXUSDT/LINKUSDT,20383,20403,20,long_spread,-1.835382,-2.255885,0.602216,0.959659,-253.969828,32.0,-285.9698281661193,max_hold
DOGEUSDT/SUIUSDT,20383,20403,20,short_spread,1.689684,2.057894,0.815068,0.961417,-222.570782,32.0,-254.57078177729406,max_hold
DOTUSDT/LINKUSDT,20383,20403,20,long_spread,-2.626588,-2.101744,0.121241,0.952971,535.102123,32.0,503.1021228156387,max_hold
DOTUSDT/LTCUSDT,20383,20403,20,long_spread,-2.479825,-2.288531,0.301177,0.957936,162.831726,32.0,130.8317259435001,max_hold
DOTUSDT/SOLUSDT,20383,20403,20,long_spread,-2.693238,-2.025874,0.19698,0.956653,632.797643,32.0,600.7976433503893,max_hold
DOTUSDT/TAOUSDT,20383,20403,20,long_spread,-3.087548,-2.443009,0.468581,0.975161,455.468914,32.0,423.4689140538226,max_hold
DOTUSDT/XRPUSDT,20383,20403,20,long_spread,-2.495846,-2.113632,0.19901,0.950887,361.872082,32.0,329.8720819983058,max_hold
ETHUSDT/LTCUSDT,20383,20402,19,short_spread,2.181022,0.229219,1.899474,0.946324,1049.58637,32.0,1017.5863703243401,z_exit
AVAXUSDT/DOGEUSDT,20384,20404,20,long_spread,-1.653714,-1.550236,1.001715,0.899583,35.322728,32.0,3.322728057668037,max_hold
LTCUSDT/SOLUSDT,20384,20404,20,long_spread,-1.569705,0.859981,0.679325,0.948872,1116.890932,32.0,1084.890931691128,max_hold
LTCUSDT/ONDOUSDT,20388,20408,20,short_spread,1.511486,3.865758,0.806601,0.950224,-1096.216429,32.0,-1128.216429200921,max_hold
SUIUSDT/TAOUSDT,20388,20408,20,long_spread,-2.386303,-4.960025,0.441026,0.975276,-2270.747609,32.0,-2302.747609157609,max_hold
ADAUSDT/XRPUSDT,20389,20409,20,long_spread,-1.59457,-3.736691,0.787943,0.963914,-1005.034809,32.0,-1037.0348091794808,max_hold
AVAXUSDT/BNBUSDT,20389,20409,20,long_spread,-2.236011,-3.724451,0.442551,0.964775,-1435.704395,32.0,-1467.7043950622744,max_hold
ADAUSDT/LTCUSDT,20390,20410,20,long_spread,-1.77117,-5.754728,1.015377,0.926486,-1326.491968,32.0,-1358.4919678452586,max_hold
ADAUSDT/TAOUSDT,20391,20411,20,long_spread,-1.536957,-3.178314,0.090434,0.968166,-2178.70587,32.0,-2210.70587019009,max_hold
1000PEPEUSDT/XRPUSDT,20392,20412,20,long_spread,-2.371778,-4.055125,0.295636,0.976413,-2480.031481,32.0,-2512.0314805821113,max_hold
ADAUSDT/DOGEUSDT,20392,20412,20,long_spread,-1.502735,-3.913282,0.904914,0.930885,-731.153167,32.0,-763.1531669151342,max_hold
ADAUSDT/ETHUSDT,20392,20412,20,long_spread,-2.270832,-4.375155,0.372298,0.970251,-1666.497187,32.0,-1698.497187345044,max_hold
ADAUSDT/LINKUSDT,20392,20412,20,long_spread,-2.387506,-4.774467,0.572448,0.969265,-1132.546364,32.0,-1164.5463636688116,max_hold
AVAXUSDT/LTCUSDT,20392,20412,20,long_spread,-1.552889,-3.25451,1.042834,0.965701,-894.224118,32.0,-926.2241184686185,max_hold
AVAXUSDT/SOLUSDT,20392,20412,20,long_spread,-3.117527,-2.494903,0.978389,0.962963,271.690626,32.0,239.69062551224448,max_hold
AVAXUSDT/XRPUSDT,20392,20412,20,long_spread,-1.605751,-2.382458,0.800757,0.96825,-522.674463,32.0,-554.6744626600886,max_hold
DOGEUSDT/ETHUSDT,20392,20412,20,long_spread,-1.564006,-2.553117,0.377873,0.946481,-791.545707,32.0,-823.545706819913,max_hold
DOGEUSDT/SOLUSDT,20392,20412,20,long_spread,-1.939818,-1.201778,0.840544,0.945877,317.89046,32.0,285.8904597272844,max_hold
ONDOUSDT/TAOUSDT,20392,20412,20,long_spread,-2.719179,-4.448835,0.240062,0.972186,-1669.016071,32.0,-1701.0160708667925,max_hold
ONDOUSDT/XRPUSDT,20392,20412,20,long_spread,-2.728235,-4.841581,0.60376,0.955725,-1118.546759,32.0,-1150.5467592197915,max_hold
SUIUSDT/XRPUSDT,20392,20412,20,long_spread,-2.687684,-5.479758,0.577896,0.969956,-2063.931773,32.0,-2095.931773284298,max_hold
WIFUSDT/XRPUSDT,20392,20412,20,long_spread,-2.214552,-3.160156,0.4831,0.96449,-1333.207345,32.0,-1365.2073453167159,max_hold
BNBUSDT/SOLUSDT,20393,20413,20,short_spread,2.078591,3.215814,1.140567,0.978081,-685.922231,32.0,-717.9222309948846,max_hold
LTCUSDT/SUIUSDT,20393,20413,20,short_spread,1.728887,2.520283,0.524318,0.959373,-510.593151,32.0,-542.5931507256159,max_hold
1000PEPEUSDT/AVAXUSDT,20394,20414,20,long_spread,-1.982213,-3.931647,0.315014,0.977486,-2851.519829,32.0,-2883.51982914406,max_hold
ADAUSDT/BTCUSDT,20394,20414,20,long_spread,-1.530457,-1.164192,1.712897,0.979406,160.16539,32.0,128.16539025641958,max_hold
TAOUSDT/WIFUSDT,20394,20404,10,short_spread,2.751995,0.136895,0.124836,0.944127,2792.895327,32.0,2760.895327282927,z_exit
ADAUSDT/BNBUSDT,20395,20415,20,long_spread,-2.395393,-4.299255,0.212487,0.972395,-2205.806804,32.0,-2237.8068038125166,max_hold
AVAXUSDT/BTCUSDT,20395,20412,17,long_spread,-1.661227,-0.126465,1.944518,0.976228,732.952397,32.0,700.9523971417696,z_exit
DOGEUSDT/LINKUSDT,20395,20415,20,long_spread,-1.62779,-2.053888,0.535543,0.939486,-248.195969,32.0,-280.1959692646385,max_hold
DOGEUSDT/TAOUSDT,20395,20415,20,long_spread,-1.788772,-2.40412,0.120153,0.947727,-800.148258,32.0,-832.1482584594218,max_hold
ETHUSDT/XRPUSDT,20395,20415,20,short_spread,1.535663,0.949437,1.356881,0.967214,379.115817,32.0,347.1158169137136,max_hold
BTCUSDT/DOTUSDT,20396,20416,20,long_spread,-1.500882,-4.329023,0.052366,0.940619,-1290.463731,32.0,-1322.463730611672,max_hold
BTCUSDT/LINKUSDT,20396,20416,20,long_spread,-1.758652,-5.00224,0.1428,0.936488,-1064.724071,32.0,-1096.7240709233486,max_hold
BTCUSDT/SOLUSDT,20396,20416,20,long_spread,-1.625486,-4.643534,0.202198,0.947854,-969.730231,32.0,-1001.7302306775401,max_hold
BTCUSDT/XRPUSDT,20396,20416,20,long_spread,-1.659284,-7.126155,0.283239,0.892322,-1109.321047,32.0,-1141.3210466814699,max_hold
BTCUSDT/LTCUSDT,20398,20418,20,long_spread,-1.564783,-5.16983,0.297985,0.914526,-871.042381,32.0,-903.0423812161429,max_hold
ETHUSDT/LINKUSDT,20398,20418,20,short_spread,1.646117,1.663157,1.018054,0.953262,-8.150016,32.0,-40.150016119156945,max_hold
1000PEPEUSDT/DOTUSDT,20399,20419,20,long_spread,-2.993082,-1.090982,1.37322,0.970964,760.059798,32.0,728.0597977589063,max_hold
BTCUSDT/ETHUSDT,20399,20419,20,long_spread,-2.130442,-5.103956,0.141219,0.936612,-922.010429,32.0,-954.0104294678039,max_hold
DOGEUSDT/LTCUSDT,20399,20419,20,long_spread,-2.02614,-1.961866,1.004575,0.938428,25.907017,32.0,-6.0929825491009275,max_hold
DOTUSDT/SUIUSDT,20399,20419,20,short_spread,2.916193,1.707418,0.791703,0.922849,392.824905,32.0,360.82490451174795,max_hold
DOTUSDT/WIFUSDT,20399,20412,13,short_spread,1.581986,-0.113364,0.511409,0.921019,820.625931,32.0,788.6259311752095,z_exit
LTCUSDT/XRPUSDT,20399,20415,16,short_spread,2.030041,-0.058681,0.784774,0.874879,604.647204,32.0,572.647204320154,z_exit
1000PEPEUSDT/LINKUSDT,20400,20420,20,long_spread,-2.34605,-3.578664,0.009108,0.97839,-2698.792311,32.0,-2730.79231072938,max_hold
LINKUSDT/LTCUSDT,20400,20420,20,long_spread,-2.178508,-0.214472,1.532219,0.928564,785.463119,32.0,753.46311851006,z_exit
ONDOUSDT/SUIUSDT,20401,20421,20,short_spread,1.521671,1.683121,0.787868,0.873345,-35.472433,32.0,-67.47243303651999,max_hold
ONDOUSDT/SOLUSDT,20402,20422,20,long_spread,-1.598567,-3.326085,0.493407,0.973783,-1391.240068,32.0,-1423.240068296649,max_hold
DOTUSDT/ETHUSDT,20403,20423,20,long_spread,-1.547877,-4.438836,0.0106,0.93929,-3971.740933,32.0,-4003.740932994735,max_hold
ETHUSDT/SOLUSDT,20403,20423,20,short_spread,1.691993,2.341137,1.384508,0.958442,-320.330564,32.0,-352.33056409238577,max_hold
AVAXUSDT/ETHUSDT,20404,20424,20,long_spread,-2.049808,-3.091922,0.498565,0.970968,-965.827493,32.0,-997.8274930439391,max_hold
AVAXUSDT/LINKUSDT,20404,20424,20,long_spread,-1.662297,-2.846889,0.655613,0.972035,-801.529795,32.0,-833.5297947689401,max_hold
DOTUSDT/LINKUSDT,20404,20424,20,long_spread,-1.68386,-3.504841,0.208196,0.950839,-1975.426506,32.0,-2007.4265064132842,max_hold
DOTUSDT/LTCUSDT,20404,20424,20,long_spread,-1.889153,-3.356253,0.491189,0.96434,-1222.119742,32.0,-1254.1197418656443,max_hold
DOTUSDT/SOLUSDT,20404,20424,20,long_spread,-1.572027,-3.344978,0.293824,0.952768,-1805.049816,32.0,-1837.0498156984702,max_hold
DOTUSDT/TAOUSDT,20404,20424,20,long_spread,-1.821743,-3.63535,0.051175,0.945883,-2390.438584,32.0,-2422.438583564282,max_hold
DOTUSDT/XRPUSDT,20404,20424,20,long_spread,-1.712602,-3.47795,0.403956,0.948899,-1577.693004,32.0,-1609.6930037477982,max_hold
1000PEPEUSDT/WIFUSDT,20405,20425,20,long_spread,-1.732239,-2.48994,0.891755,0.835369,-172.923322,32.0,-204.92332152044455,max_hold
BTCUSDT/DOGEUSDT,20405,20425,20,long_spread,-1.661288,-3.056682,0.237845,0.927221,-374.405994,32.0,-406.4059940058434,max_hold
BTCUSDT/TAOUSDT,20405,20425,20,long_spread,-2.284259,-3.588406,0.004612,0.935941,-637.141668,32.0,-669.1416676756584,max_hold
SUIUSDT/WIFUSDT,20405,20425,20,long_spread,-1.89239,-2.386098,0.623348,0.952228,-253.402875,32.0,-285.4028752092515,max_hold
BTCUSDT/ONDOUSDT,20406,20426,20,long_spread,-1.898642,-1.546825,0.245545,0.938695,95.796396,32.0,63.796395577283576,max_hold
BTCUSDT/SUIUSDT,20406,20426,20,long_spread,-1.51236,-2.010362,0.182085,0.931249,-153.122704,32.0,-185.1227037155387,max_hold
BTCUSDT/WIFUSDT,20406,20426,20,long_spread,-2.462695,-2.964912,0.078355,0.948862,-209.827785,32.0,-241.82778531679486,max_hold
DOGEUSDT/XRPUSDT,20406,20426,20,long_spread,-1.559759,-1.664684,0.841879,0.942106,-51.68736,32.0,-83.68736001833406,max_hold
LTCUSDT/SOLUSDT,20406,20413,7,short_spread,1.517972,0.083576,0.635389,0.947714,724.520735,32.0,692.5207349323497,z_exit
SOLUSDT/WIFUSDT,20406,20426,20,long_spread,-1.664326,-1.651147,0.021844,0.969709,19.184958,32.0,-12.815041582635669,max_hold
LTCUSDT/ONDOUSDT,20409,20429,20,short_spread,1.692053,1.376406,0.552224,0.970237,186.256379,32.0,154.25637888766443,max_hold
ONDOUSDT/WIFUSDT,20409,20429,20,long_spread,-1.6424,-3.162555,0.480657,0.967546,-864.245415,32.0,-896.2454152168648,max_hold
SOLUSDT/XRPUSDT,20409,20429,20,long_spread,-1.604116,-1.140477,0.721825,0.976544,294.278083,32.0,262.2780833493441,max_hold
ADAUSDT/XRPUSDT,20410,20430,20,long_spread,-2.612448,-2.910569,0.975744,0.979592,-142.358645,32.0,-174.35864469755958,max_hold
AVAXUSDT/DOGEUSDT,20410,20430,20,long_spread,-2.098843,-0.964978,1.150127,0.894401,361.42797,32.0,329.42796951504533,max_hold
DOGEUSDT/ONDOUSDT,20410,20430,20,short_spread,1.637183,1.334412,0.844351,0.965255,135.042521,32.0,103.04252066407713,max_hold
ADAUSDT/AVAXUSDT,20412,20432,20,long_spread,-1.58931,-1.187076,0.810358,0.96397,167.353656,32.0,135.353656460256,max_hold
ADAUSDT/DOGEUSDT,20413,20433,20,long_spread,-2.397265,-1.806689,1.054609,0.954892,186.132028,32.0,154.13202799641832,max_hold
AVAXUSDT/XRPUSDT,20413,20433,20,long_spread,-1.559091,-1.802828,1.01194,0.973259,-161.335923,32.0,-193.33592316727868,max_hold
DOGEUSDT/ETHUSDT,20413,20433,20,long_spread,-2.320586,-3.08798,0.531323,0.948391,-542.076346,32.0,-574.076345748493,max_hold
ONDOUSDT/XRPUSDT,20413,20433,20,long_spread,-3.166619,-3.378633,0.900909,0.979256,-115.520666,32.0,-147.52066631611768,max_hold
TAOUSDT/WIFUSDT,20413,20433,20,long_spread,-1.947412,-1.505508,0.042735,0.901929,493.308425,32.0,461.3084253177271,max_hold
TAOUSDT/XRPUSDT,20413,20433,20,long_spread,-2.135467,-1.638154,0.045396,0.898559,555.826232,32.0,523.8262323807727,max_hold
SOLUSDT/TAOUSDT,20414,20434,20,long_spread,-2.100236,-1.875075,0.002296,0.978306,359.568339,32.0,327.5683392183187,max_hold
ADAUSDT/LTCUSDT,20415,20435,20,long_spread,-2.75065,-2.495254,1.207018,0.979805,129.674471,32.0,97.6744713959774,max_hold
AVAXUSDT/SOLUSDT,20415,20435,20,long_spread,-1.516588,-1.663808,1.134872,0.956585,-68.401042,32.0,-100.40104214663033,max_hold
DOTUSDT/WIFUSDT,20415,20435,20,long_spread,-1.548839,-4.232948,0.460266,0.936974,-1228.518116,32.0,-1260.5181157243358,max_hold
DOGEUSDT/TAOUSDT,20416,20436,20,long_spread,-1.543465,-2.247196,0.171907,0.977467,-997.394274,32.0,-1029.3942739010904,max_hold
BTCUSDT/DOTUSDT,20417,20432,15,long_spread,-1.636338,-0.218765,0.338579,0.95777,507.331554,32.0,475.33155434233583,z_exit
DOTUSDT/ONDOUSDT,20422,20442,20,long_spread,-1.605036,-1.635328,0.793843,0.920524,-9.435766,32.0,-41.43576645790062,max_hold
DOGEUSDT/LINKUSDT,20423,20443,20,long_spread,-1.694553,-2.327241,0.674583,0.954241,-312.291828,32.0,-344.29182832452557,max_hold
LTCUSDT/TAOUSDT,20423,20443,20,long_spread,-1.756265,-1.657906,0.125967,0.961635,113.864121,32.0,81.86412075198653,max_hold
DOTUSDT/SUIUSDT,20424,20444,20,long_spread,-1.737036,-4.743613,0.610592,0.893915,-1032.0026,32.0,-1064.0026000773332,max_hold
DOTUSDT/XRPUSDT,20425,20445,20,long_spread,-1.979808,-3.211564,0.876113,0.970255,-815.239811,32.0,-847.2398111092411,max_hold
SUIUSDT/XRPUSDT,20425,20445,20,long_spread,-1.645516,-1.251986,1.450702,0.976695,282.725727,32.0,250.7257272448262,max_hold
BTCUSDT/XRPUSDT,20426,20446,20,long_spread,-1.511733,-1.466458,0.433755,0.976093,15.862666,32.0,-16.13733449344906,max_hold
DOTUSDT/SOLUSDT,20426,20446,20,long_spread,-1.903695,-3.175735,0.705786,0.978848,-1050.248063,32.0,-1082.2480628950013,max_hold
ONDOUSDT/SUIUSDT,20426,20446,20,long_spread,-2.201372,-6.057185,0.750086,0.862659,-843.749088,32.0,-875.7490877988463,max_hold
1000PEPEUSDT/WIFUSDT,20427,20447,20,long_spread,-1.675018,-0.377209,0.945683,0.838241,304.146655,32.0,272.1466550340362,max_hold
AVAXUSDT/LINKUSDT,20427,20447,20,long_spread,-2.048042,-1.940872,0.862744,0.978227,72.327542,32.0,40.32754232626557,max_hold
BTCUSDT/LTCUSDT,20427,20447,20,long_spread,-1.664127,-1.606425,0.452806,0.975542,23.583355,32.0,-8.416644860368297,max_hold
ETHUSDT/SOLUSDT,20430,20450,20,short_spread,1.56604,1.638466,1.045578,0.975642,-35.799441,32.0,-67.79944083059335,max_hold
ONDOUSDT/WIFUSDT,20431,20451,20,long_spread,-1.948677,-2.185869,0.629246,0.971077,-130.215162,32.0,-162.2151615623462,max_hold
SUIUSDT/WIFUSDT,20431,20450,19,long_spread,-1.537145,-0.114881,0.824418,0.961438,761.605835,32.0,729.605834985004,z_exit
DOTUSDT/LTCUSDT,20432,20452,20,long_spread,-1.88757,-2.74691,1.124799,0.978785,-540.081402,32.0,-572.0814018542084,max_hold
ETHUSDT/LINKUSDT,20432,20452,20,short_spread,1.542174,1.466756,0.834809,0.959347,30.059134,32.0,-1.940865903474183,max_hold
ONDOUSDT/XRPUSDT,20434,20454,20,long_spread,-1.66209,-2.36983,1.371909,0.962838,-335.045277,32.0,-367.045277014157,max_hold
BTCUSDT/WIFUSDT,20436,20452,16,long_spread,-1.505484,-0.040845,0.221491,0.967121,601.572096,32.0,569.5720964110985,z_exit
DOTUSDT/WIFUSDT,20436,20456,20,long_spread,-2.658643,-0.918501,0.554435,0.97839,944.803166,32.0,912.8031663948171,max_hold
BTCUSDT/SUIUSDT,20437,20457,20,long_spread,-1.530298,-0.941497,0.281761,0.929906,138.959651,32.0,106.95965105038161,max_hold
TAOUSDT/WIFUSDT,20438,20458,20,long_spread,-1.643079,-1.562549,0.140589,0.935413,87.546347,32.0,55.54634712499198,max_hold
TAOUSDT/XRPUSDT,20439,20459,20,long_spread,-2.046885,-1.009565,0.397568,0.934539,886.065964,32.0,854.0659638285329,max_hold
1000PEPEUSDT/ONDOUSDT,20440,20460,20,short_spread,1.685001,5.589829,1.294018,0.957649,-1708.350406,32.0,-1740.350405516228,max_hold
ADAUSDT/LINKUSDT,20441,20461,20,long_spread,-1.772165,-1.824421,1.041251,0.978779,-30.219731,32.0,-62.21973054956943,max_hold
1000PEPEUSDT/DOTUSDT,20443,20463,20,short_spread,1.523808,3.013593,1.446409,0.970735,-713.23088,32.0,-745.2308795737617,max_hold
DOTUSDT/SUIUSDT,20445,20465,20,long_spread,-2.537614,-2.42623,0.701784,0.955831,46.172536,32.0,14.172535708790818,max_hold
DOTUSDT/XRPUSDT,20446,20466,20,long_spread,-1.688956,-1.079954,1.386802,0.934086,267.706261,32.0,235.70626050376444,max_hold
ADAUSDT/AVAXUSDT,20447,20467,20,long_spread,-1.530733,-1.487444,0.964093,0.964171,19.060018,32.0,-12.939981536225552,max_hold
ONDOUSDT/SUIUSDT,20447,20467,20,long_spread,-2.818417,-5.911917,0.83603,0.954472,-929.179241,32.0,-961.1792407165178,max_hold
ATOMUSDT/DOTUSDT,20448,20456,8,short_spread,2.106725,-0.047858,1.069697,0.959656,650.464022,32.0,618.4640223209452,z_exit
ATOMUSDT/ONDOUSDT,20448,20468,20,short_spread,1.746732,4.742912,0.935846,0.92723,-926.957966,32.0,-958.9579655953889,max_hold
BCHUSDT/DOGEUSDT,20448,20468,20,short_spread,1.944079,1.624787,0.106456,0.893043,199.09577,32.0,167.09577036842873,max_hold
BCHUSDT/DOTUSDT,20448,20468,20,short_spread,1.553697,1.327938,0.042792,0.886134,155.76837,32.0,123.76836986695236,max_hold
BCHUSDT/ETHUSDT,20448,20468,20,short_spread,2.019533,1.509178,0.198684,0.884794,269.8207,32.0,237.82069971537425,max_hold
BCHUSDT/HYPEUSDT,20448,20468,20,short_spread,1.515893,1.444819,0.054971,0.886205,48.53882,32.0,16.538820070733564,max_hold
BCHUSDT/LTCUSDT,20448,20468,20,short_spread,2.02924,2.100507,0.194672,0.895633,-40.013606,32.0,-72.01360634517815,max_hold
BCHUSDT/ONDOUSDT,20448,20468,20,short_spread,1.602211,1.491181,0.043265,0.8853,76.245032,32.0,44.24503156891939,max_hold
BCHUSDT/SOLUSDT,20448,20468,20,short_spread,1.868052,1.48362,0.124743,0.890716,235.055683,32.0,203.05568279513827,max_hold
BCHUSDT/SUIUSDT,20448,20468,20,short_spread,1.602925,1.344722,0.045136,0.884382,175.516393,32.0,143.51639326371472,max_hold
BCHUSDT/WIFUSDT,20448,20468,20,short_spread,1.539574,1.335806,0.035207,0.884518,140.761837,32.0,108.76183736018092,max_hold
BCHUSDT/XLMUSDT,20448,20468,20,short_spread,1.739375,1.549783,0.086873,0.886714,121.833174,32.0,89.8331741098566,max_hold
BCHUSDT/XRPUSDT,20448,20468,20,short_spread,1.853785,1.522429,0.129638,0.89031,203.37964,32.0,171.37963989947968,max_hold
DOGEUSDT/LINKUSDT,20448,20468,20,long_spread,-1.622365,-1.281088,0.844015,0.973812,177.200714,32.0,145.20071431947335,max_hold
DOTUSDT/XLMUSDT,20448,20455,7,long_spread,-1.737896,-0.117224,0.989262,0.946689,1014.096954,32.0,982.0969544667133,z_exit
ONDOUSDT/XLMUSDT,20448,20468,20,long_spread,-1.615247,-2.1419,1.168216,0.946884,-304.43484,32.0,-336.4348395725431,max_hold
TAOUSDT/XLMUSDT,20448,20459,11,long_spread,-2.10393,-0.200646,0.421361,0.955057,1781.38783,32.0,1749.3878299070057,z_exit
BCHUSDT/BNBUSDT,20449,20469,20,short_spread,1.836665,1.216838,0.053357,0.885989,425.919597,32.0,393.91959685752227,max_hold
BCHUSDT/BTCUSDT,20449,20469,20,short_spread,2.027682,1.386431,0.084305,0.885972,427.508985,32.0,395.5089848003516,max_hold
DOGEUSDT/LTCUSDT,20449,20457,8,long_spread,-1.584148,0.123821,1.385729,0.928558,634.854712,32.0,602.8547121111775,z_exit
HYPEUSDT/LTCUSDT,20449,20469,20,long_spread,-1.704244,-1.408654,1.101292,0.925677,162.711885,32.0,130.71188470301988,max_hold
HYPEUSDT/XLMUSDT,20449,20469,20,long_spread,-1.500103,-1.935295,0.656156,0.949269,-320.871556,32.0,-352.87155580594896,max_hold
HYPEUSDT/SOLUSDT,20450,20470,20,long_spread,-1.701617,-2.914199,0.897177,0.940379,-634.962031,32.0,-666.962030727284,max_hold
HYPEUSDT/SUIUSDT,20450,20470,20,long_spread,-1.608053,-2.459968,0.462599,0.946945,-649.818069,32.0,-681.8180689501171,max_hold
1000PEPEUSDT/WIFUSDT,20451,20471,20,short_spread,2.378972,4.418582,0.978151,0.870427,-528.506798,32.0,-560.5067975865469,max_hold
ADAUSDT/SUIUSDT,20451,20471,20,long_spread,-1.557529,-2.442016,0.794491,0.952836,-380.225963,32.0,-412.22596267440275,max_hold
1000PEPEUSDT/ATOMUSDT,20452,20472,20,short_spread,1.539049,0.90266,1.302852,0.944365,208.023798,32.0,176.02379822872544,max_hold
ADAUSDT/ETHUSDT,20452,20472,20,long_spread,-1.810595,-2.092582,1.441905,0.977935,-197.153767,32.0,-229.15376656748762,max_hold
DOGEUSDT/ETHUSDT,20452,20472,20,long_spread,-1.77349,-2.017072,1.093993,0.978741,-146.244172,32.0,-178.2441716525444,max_hold
DOTUSDT/ETHUSDT,20452,20472,20,long_spread,-1.710538,-1.538795,1.132926,0.978697,159.584483,32.0,127.58448320022336,max_hold
ADAUSDT/BTCUSDT,20453,20473,20,long_spread,-1.520598,-1.246018,2.574921,0.956249,77.330077,32.0,45.330076608406856,max_hold
ADAUSDT/SOLUSDT,20453,20473,20,long_spread,-1.567359,-1.261433,1.408518,0.973613,158.776321,32.0,126.77632119624704,max_hold
ATOMUSDT/ETHUSDT,20453,20473,20,long_spread,-1.51645,-0.698521,1.173133,0.977317,855.980421,32.0,823.9804214773152,max_hold
AVAXUSDT/DOGEUSDT,20453,20455,2,short_spread,1.895429,0.065467,1.258144,0.867463,542.962436,32.0,510.9624359346043,z_exit
DOGEUSDT/SOLUSDT,20453,20455,2,long_spread,-1.800613,-0.194495,1.090783,0.96019,595.375401,32.0,563.3754009416461,z_exit
DOGEUSDT/SUIUSDT,20453,20457,4,long_spread,-1.607723,0.011137,0.580938,0.928039,842.037696,32.0,810.0376964028319,z_exit
1000PEPEUSDT/ADAUSDT,20454,20474,20,short_spread,1.964465,2.049535,1.227394,0.967945,-52.50565,32.0,-84.50564953061331,max_hold
1000PEPEUSDT/SUIUSDT,20454,20474,20,short_spread,2.566749,2.825425,1.070738,0.923358,-80.914592,32.0,-112.91459236467442,max_hold
1000PEPEUSDT/XLMUSDT,20454,20474,20,short_spread,1.799621,1.916876,1.566481,0.870346,-62.785941,32.0,-94.78594055154906,max_hold
1000PEPEUSDT/XRPUSDT,20454,20474,20,short_spread,1.732317,1.486111,2.134891,0.875726,99.994336,32.0,67.99433640617096,max_hold
AVAXUSDT/HYPEUSDT,20454,20474,20,short_spread,1.610237,2.028071,1.252344,0.939456,-258.979026,32.0,-290.9790257503219,max_hold
DOTUSDT/ONDOUSDT,20454,20474,20,short_spread,1.805975,3.705013,0.855961,0.898166,-478.264511,32.0,-510.2645114409565,max_hold
HYPEUSDT/WIFUSDT,20454,20474,20,long_spread,-1.546086,-2.867082,0.411303,0.951047,-1178.550941,32.0,-1210.5509414520975,max_hold
HYPEUSDT/XRPUSDT,20454,20474,20,long_spread,-1.639367,-3.040748,1.004829,0.937063,-770.454559,32.0,-802.4545588145452,max_hold
1000PEPEUSDT/BTCUSDT,20455,20475,20,short_spread,2.193902,0.946359,3.33516,0.955285,404.062257,32.0,372.0622568655201,max_hold
1000PEPEUSDT/HYPEUSDT,20455,20475,20,short_spread,2.198186,2.301091,1.564126,0.96522,-91.524874,32.0,-123.52487435697992,max_hold
DOGEUSDT/HYPEUSDT,20455,20475,20,short_spread,1.795881,1.847162,0.996037,0.91298,-24.766767,32.0,-56.76676700417832,max_hold
DOTUSDT/HYPEUSDT,20455,20475,20,short_spread,1.917581,2.411852,1.239594,0.900577,-240.474347,32.0,-272.4743471054702,max_hold
HYPEUSDT/ONDOUSDT,20455,20475,20,long_spread,-1.711303,-1.848883,0.584914,0.921008,-79.400293,32.0,-111.40029335031268,max_hold
HYPEUSDT/TAOUSDT,20455,20475,20,long_spread,-1.531959,-2.21302,0.814599,0.964879,-573.62347,32.0,-605.6234701034349,max_hold
ADAUSDT/DOGEUSDT,20456,20474,18,long_spread,-1.538743,-0.152158,1.30353,0.911067,430.332072,32.0,398.3320717297149,z_exit
1000PEPEUSDT/AVAXUSDT,20457,20477,20,short_spread,1.899128,1.027084,1.194715,0.973742,728.418499,32.0,696.4184990098761,max_hold
1000PEPEUSDT/DOGEUSDT,20457,20477,20,short_spread,2.04469,1.622128,1.575733,0.959032,264.335788,32.0,232.3357882495141,max_hold
1000PEPEUSDT/LTCUSDT,20457,20477,20,short_spread,1.933556,2.321948,2.335205,0.931235,-232.646158,32.0,-264.6461584083979,max_hold
DOGEUSDT/ONDOUSDT,20457,20477,20,short_spread,1.598398,1.270823,0.677891,0.890802,116.662949,32.0,84.66294916970452,max_hold
ONDOUSDT/WIFUSDT,20457,20477,20,long_spread,-1.985266,-2.995998,0.770037,0.957785,-534.141552,32.0,-566.1415518615798,max_hold
ONDOUSDT/XRPUSDT,20457,20477,20,long_spread,-1.808146,-2.924701,1.799547,0.853621,-307.51226,32.0,-339.5122595855079,max_hold
ADAUSDT/XRPUSDT,20458,20478,20,long_spread,-2.825445,-0.736788,1.668072,0.934752,727.89812,32.0,695.8981204103231,max_hold
ATOMUSDT/SUIUSDT,20458,20462,4,long_spread,-1.733893,0.144925,0.805323,0.913249,711.84209,32.0,679.8420896813724,z_exit
ATOMUSDT/XRPUSDT,20458,20461,3,long_spread,-2.792415,-0.179382,1.657889,0.80599,771.142551,32.0,739.1425513752863,z_exit
AVAXUSDT/XRPUSDT,20458,20478,20,long_spread,-1.513133,-0.417276,1.504514,0.957308,565.923395,32.0,533.9233953275616,max_hold
BTCUSDT/XRPUSDT,20458,20466,8,long_spread,-1.628172,-0.113218,0.589721,0.937851,404.620518,32.0,372.62051775437095,z_exit
DOGEUSDT/XRPUSDT,20458,20478,20,long_spread,-1.655196,-0.821744,1.227078,0.931523,283.171403,32.0,251.17140346403937,max_hold
LTCUSDT/XRPUSDT,20458,20478,20,long_spread,-1.945612,-2.399749,0.769717,0.870811,-144.651731,32.0,-176.65173141918336,max_hold
WIFUSDT/XRPUSDT,20458,20462,4,long_spread,-1.916557,-0.110916,2.22368,0.792373,617.037478,32.0,585.0374775388401,z_exit
XLMUSDT/XRPUSDT,20458,20478,20,long_spread,-3.001686,-0.535319,1.326439,0.841608,468.806414,32.0,436.8064139133373,max_hold
ADAUSDT/ATOMUSDT,20459,20479,20,long_spread,-1.52962,-2.122572,0.990509,0.92243,-230.924348,32.0,-262.92434790624907,max_hold
SUIUSDT/XLMUSDT,20459,20479,20,short_spread,1.58847,1.183778,1.503637,0.783341,128.864927,32.0,96.86492655567517,max_hold
ATOMUSDT/DOTUSDT,20461,20481,20,short_spread,1.584121,2.10629,1.047401,0.936324,-151.47803,32.0,-183.47802998003098,max_hold
BTCUSDT/SUIUSDT,20461,20468,7,long_spread,-1.509261,0.248804,0.295727,0.936434,416.53996,32.0,384.5399599339178,z_exit
ONDOUSDT/SOLUSDT,20461,20481,20,long_spread,-1.554243,-1.651469,1.499002,0.972864,-61.024455,32.0,-93.0244545486871,max_hold
ATOMUSDT/HYPEUSDT,20462,20482,20,short_spread,1.824542,-1.1641,1.211198,0.951251,2017.203266,32.0,1985.2032657007094,max_hold
ATOMUSDT/XLMUSDT,20462,20482,20,short_spread,2.280234,1.887766,1.224805,0.892857,123.844119,32.0,91.84411907771731,max_hold
ATOMUSDT/LTCUSDT,20464,20484,20,short_spread,1.727839,4.343169,1.908955,0.844907,-923.707981,32.0,-955.707980858183,max_hold
DOGEUSDT/SUIUSDT,20464,20484,20,long_spread,-1.544986,-1.69996,0.608012,0.900879,-69.108767,32.0,-101.10876686993889,max_hold
LTCUSDT/SUIUSDT,20464,20484,20,long_spread,-1.74582,-3.692291,0.378827,0.850518,-817.474379,32.0,-849.4743790291038,max_hold
1000PEPEUSDT/DOTUSDT,20465,20485,20,short_spread,1.828163,2.382229,1.247638,0.97854,-332.289474,32.0,-364.28947431780426,max_hold
ADAUSDT/ONDOUSDT,20465,20485,20,short_spread,1.64128,1.924892,0.924807,0.937927,-73.680772,32.0,-105.68077233000258,max_hold
BTCUSDT/ONDOUSDT,20465,20484,19,short_spread,1.549979,-0.039748,0.318662,0.946144,405.590745,32.0,373.59074493869656,z_exit
LTCUSDT/SOLUSDT,20465,20485,20,long_spread,-1.580813,-2.273392,0.637324,0.948337,-353.977328,32.0,-385.97732788807923,max_hold
LTCUSDT/WIFUSDT,20465,20485,20,long_spread,-1.671265,-3.718061,0.344599,0.86298,-915.416604,32.0,-947.4166041590481,max_hold
WIFUSDT/XLMUSDT,20465,20485,20,short_spread,1.565517,1.125974,1.639628,0.889699,146.299941,32.0,114.299940947138,max_hold
DOTUSDT/LTCUSDT,20466,20486,20,short_spread,1.69645,2.857949,1.829352,0.838649,-327.636713,32.0,-359.63671347162096,max_hold
ETHUSDT/HYPEUSDT,20466,20479,13,short_spread,1.503777,0.249733,0.580738,0.944326,683.020367,32.0,651.0203669426106,z_exit
AVAXUSDT/ONDOUSDT,20467,20487,20,short_spread,1.631546,0.808708,0.832494,0.972248,455.832458,32.0,423.83245840538217,max_hold
BTCUSDT/LTCUSDT,20467,20487,20,short_spread,2.070876,0.481357,0.68065,0.901087,437.964499,32.0,405.9644990378652,max_hold
BTCUSDT/XLMUSDT,20467,20482,15,short_spread,1.571865,-0.097252,0.451432,0.944484,397.242137,32.0,365.24213727058157,z_exit
ETHUSDT/LTCUSDT,20467,20485,18,short_spread,1.670119,-0.196716,0.892783,0.946128,784.855611,32.0,752.8556107245458,z_exit
ETHUSDT/ONDOUSDT,20467,20487,20,short_spread,1.806164,-1.730461,0.406792,0.940842,1839.1559,32.0,1807.1558996802073,max_hold
LTCUSDT/TAOUSDT,20467,20487,20,long_spread,-1.515975,-1.821757,0.53362,0.967305,-245.253256,32.0,-277.25325565965375,max_hold
LTCUSDT/XLMUSDT,20467,20487,20,long_spread,-1.572113,-3.088177,0.606071,0.796594,-466.927597,32.0,-498.9275967460804,max_hold
ADAUSDT/LTCUSDT,20468,20488,20,short_spread,1.758425,2.629804,1.989756,0.87146,-293.728208,32.0,-325.72820769844805,max_hold
AVAXUSDT/LTCUSDT,20468,20488,20,short_spread,1.511371,1.575973,1.773912,0.950199,-31.620348,32.0,-63.62034756888865,max_hold
BTCUSDT/HYPEUSDT,20468,20479,11,short_spread,1.54364,0.16697,0.419917,0.962556,582.031671,32.0,550.0316706862268,z_exit
DOGEUSDT/LTCUSDT,20468,20488,20,short_spread,1.776592,1.70271,1.436265,0.926609,26.291914,32.0,-5.708085501581387,max_hold
LINKUSDT/LTCUSDT,20468,20488,20,short_spread,1.806687,0.708097,1.370067,0.945765,505.271233,32.0,473.2712326931824,max_hold
ATOMUSDT/ONDOUSDT,20469,20489,20,short_spread,3.066044,4.944967,0.841844,0.970271,-728.372465,32.0,-760.3724649794395,max_hold
DOGEUSDT/SOLUSDT,20469,20485,16,long_spread,-1.684257,0.01455,1.119536,0.906475,593.236407,32.0,561.2364073124688,z_exit
ONDOUSDT/XLMUSDT,20469,20489,20,long_spread,-1.857035,-0.644772,1.427721,0.932565,327.113159,32.0,295.11315868126644,max_hold
AVAXUSDT/ETHUSDT,20471,20491,20,long_spread,-1.671623,2.269618,1.793046,0.937084,1685.159482,32.0,1653.159482473898,max_hold
ETHUSDT/LINKUSDT,20471,20473,2,short_spread,1.634242,0.176205,0.647947,0.863196,307.082431,32.0,275.0824306204429,z_exit
HYPEUSDT/SOLUSDT,20471,20491,20,long_spread,-2.014568,4.766112,1.051587,0.95635,3547.457328,32.0,3515.4573277141994,max_hold
HYPEUSDT/SUIUSDT,20471,20491,20,long_spread,-1.737901,2.233879,0.544973,0.968733,3464.447982,32.0,3432.4479818982777,max_hold
ATOMUSDT/DOGEUSDT,20472,20492,20,short_spread,1.721132,3.024973,1.203365,0.948249,-535.281287,32.0,-567.2812870604215,max_hold
ATOMUSDT/XRPUSDT,20472,20492,20,short_spread,1.546796,6.36229,1.674108,0.816774,-1189.476967,32.0,-1221.4769668288668,max_hold
HYPEUSDT/XLMUSDT,20473,20493,20,long_spread,-1.879537,3.269465,0.881763,0.953074,3349.971983,32.0,3317.9719832632977,max_hold
1000PEPEUSDT/XRPUSDT,20475,20495,20,short_spread,1.532887,5.19934,2.014379,0.899947,-1177.49042,32.0,-1209.4904196945702,max_hold
DOTUSDT/ONDOUSDT,20475,20489,14,short_spread,1.764406,0.016389,0.796766,0.936295,562.550056,32.0,530.5500555063707,z_exit
HYPEUSDT/WIFUSDT,20475,20495,20,long_spread,-1.990006,2.062163,0.531845,0.965822,3700.609804,32.0,3668.609804110394,max_hold
HYPEUSDT/XRPUSDT,20475,20495,20,long_spread,-1.926717,4.025853,1.245171,0.954592,3286.261306,32.0,3254.2613058344605,max_hold
1000PEPEUSDT/SUIUSDT,20476,20496,20,short_spread,1.722139,4.034043,0.976171,0.921857,-840.791165,32.0,-872.7911651539001,max_hold
1000PEPEUSDT/LTCUSDT,20478,20498,20,short_spread,1.679221,3.918623,1.900918,0.959555,-1297.73833,32.0,-1329.7383304466532,max_hold
ONDOUSDT/WIFUSDT,20478,20498,20,long_spread,-2.057705,-1.042129,0.902554,0.967829,567.031023,32.0,535.0310233892582,max_hold
1000PEPEUSDT/XLMUSDT,20479,20499,20,short_spread,1.617961,2.847215,1.407139,0.968714,-625.961748,32.0,-657.9617482503489,max_hold
LTCUSDT/XRPUSDT,20479,20499,20,long_spread,-1.638813,-1.600913,0.929891,0.858684,10.239987,32.0,-21.760012819499657,max_hold
ONDOUSDT/XRPUSDT,20479,20484,5,long_spread,-1.775745,-0.123732,2.035908,0.904656,502.72861,32.0,470.7286103788443,z_exit
ADAUSDT/HYPEUSDT,20480,20500,20,long_spread,-2.01125,-3.856714,1.197039,0.941584,-1136.500343,32.0,-1168.5003431830498,max_hold
AVAXUSDT/HYPEUSDT,20480,20500,20,long_spread,-1.694832,-3.654926,1.096955,0.950919,-1359.74794,32.0,-1391.7479395488156,max_hold
DOGEUSDT/HYPEUSDT,20480,20500,20,long_spread,-2.210519,-4.733692,0.880385,0.923175,-1247.919071,32.0,-1279.9190714363865,max_hold
DOTUSDT/HYPEUSDT,20480,20500,20,long_spread,-2.298808,-5.25407,1.065317,0.911344,-1572.173676,32.0,-1604.1736762107932,max_hold
HYPEUSDT/LTCUSDT,20480,20500,20,short_spread,2.269257,5.305158,1.370871,0.903451,-1439.648064,32.0,-1471.648064460985,max_hold
HYPEUSDT/ONDOUSDT,20480,20500,20,short_spread,2.753522,4.361927,0.659665,0.912212,-884.891887,32.0,-916.8918868082244,max_hold
BTCUSDT/HYPEUSDT,20481,20501,20,long_spread,-1.95448,-5.65785,0.37994,0.957927,-1601.961704,32.0,-1633.961703631988,max_hold
ETHUSDT/HYPEUSDT,20481,20501,20,long_spread,-1.768917,-5.515098,0.545043,0.953303,-2127.43494,32.0,-2159.4349402508956,max_hold
1000PEPEUSDT/WIFUSDT,20482,20502,20,short_spread,1.633273,3.1666,0.891584,0.970004,-771.76454,32.0,-803.7645399523043,max_hold
ATOMUSDT/DOTUSDT,20482,20502,20,short_spread,1.582091,7.121265,0.969496,0.952939,-1871.172697,32.0,-1903.1726965385947,max_hold
1000PEPEUSDT/ETHUSDT,20483,20503,20,short_spread,1.509421,5.846106,2.001473,0.900678,-1881.850556,32.0,-1913.8505555131692,max_hold
1000PEPEUSDT/LINKUSDT,20483,20503,20,short_spread,1.51988,3.122388,1.313948,0.93138,-903.378853,32.0,-935.37885303957,max_hold
ADAUSDT/ATOMUSDT,20483,20503,20,long_spread,-1.778177,-4.825336,1.117414,0.941679,-1195.025555,32.0,-1227.0255550261957,max_hold
ATOMUSDT/XLMUSDT,20483,20503,20,short_spread,1.58201,5.411626,1.178763,0.936269,-1390.942124,32.0,-1422.9421235303068,max_hold
1000PEPEUSDT/BTCUSDT,20484,20504,20,short_spread,1.701786,4.786559,2.834459,0.959556,-1149.524721,32.0,-1181.5247213860182,max_hold
1000PEPEUSDT/DOGEUSDT,20484,20504,20,short_spread,1.565649,2.152402,1.316721,0.979989,-342.510171,32.0,-374.510171057059,max_hold
ATOMUSDT/ETHUSDT,20484,20504,20,short_spread,1.843122,7.024018,1.665457,0.904626,-2043.552378,32.0,-2075.552378418768,max_hold
ATOMUSDT/HYPEUSDT,20484,20504,20,long_spread,-1.947697,-0.621267,0.99591,0.949567,1004.175281,32.0,972.175281477398,max_hold
BTCUSDT/SUIUSDT,20484,20504,20,long_spread,-1.65811,-4.516816,0.30432,0.935593,-680.237688,32.0,-712.2376877757338,max_hold
ETHUSDT/LINKUSDT,20484,20504,20,long_spread,-1.569711,-5.846295,0.643199,0.867154,-902.57994,32.0,-934.5799396672907,max_hold
ETHUSDT/SUIUSDT,20484,20504,20,long_spread,-2.07575,-5.401486,0.444191,0.821286,-936.552239,32.0,-968.5522392237474,max_hold
ETHUSDT/WIFUSDT,20484,20504,20,long_spread,-1.575652,-4.500745,0.407406,0.890216,-1213.02477,32.0,-1245.0247699857578,max_hold
HYPEUSDT/TAOUSDT,20484,20504,20,short_spread,1.757384,2.172261,1.025303,0.964317,-365.642559,32.0,-397.64255914869835,max_hold
LTCUSDT/ONDOUSDT,20484,20504,20,long_spread,-2.317906,-3.248503,0.454397,0.847431,-290.67369,32.0,-322.67368957431853,max_hold
TAOUSDT/WIFUSDT,20484,20504,20,long_spread,-1.586235,-1.958335,0.305338,0.967865,-432.095611,32.0,-464.09561116626384,max_hold
ADAUSDT/ETHUSDT,20485,20505,20,short_spread,2.585959,5.513196,1.974552,0.876632,-862.649764,32.0,-894.6497640688538,max_hold
ATOMUSDT/LTCUSDT,20485,20505,20,short_spread,2.254494,4.80359,1.542961,0.960969,-1135.272132,32.0,-1167.272132402682,max_hold
BNBUSDT/HYPEUSDT,20485,20505,20,long_spread,-1.673275,-3.41377,0.144163,0.961262,-1645.444291,32.0,-1677.4442910686116,max_hold
BNBUSDT/WIFUSDT,20485,20505,20,long_spread,-1.525333,-3.179713,0.043445,0.959605,-1799.982925,32.0,-1831.9829246630993,max_hold
BTCUSDT/WIFUSDT,20485,20505,20,long_spread,-1.5268,-3.61535,0.277733,0.960369,-751.661707,32.0,-783.6617070900141,max_hold
DOGEUSDT/ETHUSDT,20485,20505,20,short_spread,1.735765,3.6221,1.429972,0.935769,-586.716402,32.0,-618.7164022590039,max_hold
ETHUSDT/SOLUSDT,20485,20505,20,long_spread,-1.984251,-2.274449,0.751217,0.941347,-77.588276,32.0,-109.58827640669638,max_hold
ETHUSDT/XLMUSDT,20485,20505,20,long_spread,-2.223658,-3.777363,0.656977,0.889705,-515.554513,32.0,-547.5545125760767,max_hold
ETHUSDT/XRPUSDT,20485,20505,20,long_spread,-1.596378,-2.370739,0.899672,0.903812,-234.231164,32.0,-266.2311640241395,max_hold
LTCUSDT/SUIUSDT,20485,20505,20,long_spread,-2.197807,-2.137909,0.453961,0.943352,27.655983,32.0,-4.3440170616852605,max_hold
TAOUSDT/XLMUSDT,20485,20505,20,long_spread,-1.586029,-1.517098,0.552691,0.960812,61.746685,32.0,29.746684829426975,max_hold
WIFUSDT/XRPUSDT,20485,20505,20,short_spread,1.670338,3.327765,2.138918,0.826185,-398.615223,32.0,-430.6152229386679,max_hold
1000PEPEUSDT/HYPEUSDT,20486,20506,20,long_spread,-1.632373,-1.177862,1.088153,0.96531,486.341478,32.0,454.34147810941874,max_hold
LTCUSDT/WIFUSDT,20486,20506,20,long_spread,-2.132168,-2.641139,0.43818,0.941108,-224.919353,32.0,-256.91935331585364,max_hold
1000PEPEUSDT/SOLUSDT,20487,20507,20,short_spread,1.644047,3.478769,1.440337,0.955495,-1191.209833,32.0,-1223.2098325786292,max_hold
ADAUSDT/BTCUSDT,20487,20507,20,short_spread,1.68517,5.07647,2.830615,0.946171,-893.780975,32.0,-925.7809750861231,max_hold
ADAUSDT/XRPUSDT,20487,20507,20,short_spread,1.516761,3.810862,1.885712,0.873294,-646.142152,32.0,-678.1421519501434,max_hold
ATOMUSDT/BTCUSDT,20487,20507,20,short_spread,2.201303,5.57465,2.311773,0.955515,-1232.244978,32.0,-1264.2449784520331,max_hold
ATOMUSDT/SOLUSDT,20487,20507,20,short_spread,1.926878,4.621705,1.237286,0.947884,-1445.454498,32.0,-1477.4544977203586,max_hold
ATOMUSDT/SUIUSDT,20487,20507,20,short_spread,2.044128,5.29739,0.783458,0.927216,-1261.883308,32.0,-1293.8833075880314,max_hold
ATOMUSDT/WIFUSDT,20487,20507,20,short_spread,2.044862,5.275733,0.748046,0.935998,-1190.484393,32.0,-1222.484393045265,max_hold
AVAXUSDT/SOLUSDT,20487,20507,20,short_spread,1.810195,3.838347,1.446082,0.889745,-647.643887,32.0,-679.6438870427477,max_hold
BTCUSDT/DOGEUSDT,20487,20507,20,long_spread,-1.904147,-4.689135,0.441274,0.93574,-690.53429,32.0,-722.5342900991827,max_hold
BTCUSDT/DOTUSDT,20487,20507,20,long_spread,-1.600442,-4.045307,0.364684,0.938328,-705.900149,32.0,-737.9001485097647,max_hold
BTCUSDT/ONDOUSDT,20487,20507,20,long_spread,-1.503199,-4.655915,0.291342,0.952825,-968.670691,32.0,-1000.6706905605066,max_hold
BTCUSDT/XLMUSDT,20487,20507,20,long_spread,-1.71735,-4.310079,0.459874,0.943861,-615.173385,32.0,-647.1733854222724,max_hold
DOTUSDT/ETHUSDT,20487,20507,20,short_spread,1.572306,2.902617,1.667158,0.930292,-516.33814,32.0,-548.3381404804159,max_hold
LINKUSDT/WIFUSDT,20487,20507,20,long_spread,-1.500845,-1.34018,0.659004,0.820317,55.30347,32.0,23.30346982604822,max_hold
SOLUSDT/SUIUSDT,20487,20507,20,long_spread,-1.64498,-2.964729,0.569039,0.93046,-602.425885,32.0,-634.4258853053472,max_hold
SOLUSDT/WIFUSDT,20487,20507,20,long_spread,-1.53792,-2.769201,0.52411,0.946246,-729.049953,32.0,-761.049953278308,max_hold
SUIUSDT/XRPUSDT,20487,20507,20,short_spread,1.59327,2.560664,2.006814,0.90119,-257.699995,32.0,-289.6999953119935,max_hold
1000PEPEUSDT/DOTUSDT,20488,20508,20,short_spread,1.687973,2.512775,1.059577,0.97868,-543.188287,32.0,-575.1882871800908,max_hold
ADAUSDT/SOLUSDT,20488,20508,20,short_spread,1.837775,3.079005,1.499318,0.940969,-516.358306,32.0,-548.3583061393724,max_hold
AVAXUSDT/BTCUSDT,20488,20508,20,short_spread,1.919073,3.532574,2.606491,0.95469,-517.691255,32.0,-549.6912554418149,max_hold
AVAXUSDT/XRPUSDT,20488,20508,20,short_spread,1.5317,1.90517,1.738859,0.91844,-145.760479,32.0,-177.76047938665465,max_hold
BNBUSDT/DOGEUSDT,20488,20508,20,long_spread,-1.859232,-3.344912,0.184758,0.96138,-1302.667655,32.0,-1334.6676550442228,max_hold
BNBUSDT/DOTUSDT,20488,20508,20,long_spread,-1.893993,-3.353455,0.136262,0.961391,-1367.390486,32.0,-1399.3904859995455,max_hold
BNBUSDT/LTCUSDT,20488,20508,20,long_spread,-1.869611,-3.255625,0.186681,0.963258,-1278.499169,32.0,-1310.4991692746858,max_hold
BNBUSDT/ONDOUSDT,20488,20508,20,long_spread,-1.903146,-3.474483,0.104507,0.958865,-1525.03132,32.0,-1557.0313201225483,max_hold
BNBUSDT/SUIUSDT,20488,20508,20,long_spread,-1.986968,-3.411988,0.105459,0.960077,-1388.538242,32.0,-1420.5382415306105,max_hold
BNBUSDT/XLMUSDT,20488,20508,20,long_spread,-1.94039,-3.392907,0.152037,0.958953,-1365.305174,32.0,-1397.305174386719,max_hold
BNBUSDT/XRPUSDT,20488,20508,20,long_spread,-1.863421,-3.290149,0.190255,0.961878,-1311.82742,32.0,-1343.8274195046172,max_hold
DOGEUSDT/SOLUSDT,20488,20508,20,short_spread,2.054481,2.820186,1.124207,0.903854,-212.677734,32.0,-244.67773423755563,max_hold
DOGEUSDT/XRPUSDT,20488,20508,20,short_spread,1.749135,2.273564,1.391521,0.890689,-132.671798,32.0,-164.67179762158187,max_hold
DOTUSDT/XRPUSDT,20488,20508,20,short_spread,1.549556,1.921297,1.670573,0.86025,-96.703293,32.0,-128.7032930958215,max_hold
ETHUSDT/ONDOUSDT,20488,20508,20,long_spread,-2.596773,-4.449803,0.435177,0.926958,-756.691366,32.0,-788.6913655213034,max_hold
LTCUSDT/XLMUSDT,20488,20508,20,long_spread,-1.566959,-2.399937,0.715491,0.883329,-252.401039,32.0,-284.40103873798955,max_hold
SOLUSDT/XLMUSDT,20488,20508,20,long_spread,-1.549737,-2.015398,0.84573,0.928745,-210.936825,32.0,-242.93682527240253,max_hold
XLMUSDT/XRPUSDT,20488,20508,20,short_spread,2.045744,2.497286,1.350133,0.895162,-80.322104,32.0,-112.32210413952093,max_hold
ADAUSDT/LTCUSDT,20489,20509,20,short_spread,2.530176,2.438114,1.816383,0.917422,35.382131,32.0,3.382131295252499,max_hold
ADAUSDT/XLMUSDT,20489,20509,20,short_spread,2.298389,3.186331,1.405272,0.865058,-205.270907,32.0,-237.27090681491978,max_hold
AVAXUSDT/LTCUSDT,20489,20509,20,short_spread,1.553489,1.213387,1.645469,0.958347,177.938009,32.0,145.93800924036415,max_hold
BCHUSDT/BTCUSDT,20489,20497,8,long_spread,-2.737723,0.071661,0.004363,0.899145,2160.127695,32.0,2128.1276954840955,z_exit
BCHUSDT/DOGEUSDT,20489,20497,8,long_spread,-2.682073,0.123033,0.009501,0.90015,2144.721458,32.0,2112.721458366978,z_exit
BCHUSDT/ETHUSDT,20489,20499,10,long_spread,-2.38175,0.163664,0.045812,0.90303,1867.861359,32.0,1835.8613592138604,z_exit
BCHUSDT/LTCUSDT,20489,20497,8,long_spread,-2.671463,0.131642,0.012062,0.900278,2137.982736,32.0,2105.9827361029043,z_exit
BCHUSDT/SOLUSDT,20489,20497,8,long_spread,-2.652805,0.15213,0.011929,0.900285,2139.196798,32.0,2107.1967979120773,z_exit
BCHUSDT/SUIUSDT,20489,20498,9,long_spread,-2.522947,0.239593,0.021459,0.901029,2076.454185,32.0,2044.454184931818,z_exit
BCHUSDT/WIFUSDT,20489,20498,9,long_spread,-2.508047,0.239456,0.02376,0.901592,2056.348369,32.0,2024.3483692679497,z_exit
BCHUSDT/XLMUSDT,20489,20497,8,long_spread,-2.709575,0.096225,0.006341,0.899508,2152.701245,32.0,2120.701244983793,z_exit
BCHUSDT/XRPUSDT,20489,20498,9,long_spread,-2.444243,0.249319,0.038218,0.901858,1994.730247,32.0,1962.7302472580232,z_exit
BNBUSDT/BTCUSDT,20489,20509,20,long_spread,-1.877453,-1.930039,0.516164,0.955931,-33.503911,32.0,-65.50391136111877,max_hold
BNBUSDT/ETHUSDT,20489,20509,20,long_spread,-2.279472,-2.26682,0.282927,0.966423,10.222409,32.0,-21.777590801527005,max_hold
BNBUSDT/SOLUSDT,20489,20509,20,long_spread,-2.325904,-2.29336,0.273283,0.963767,24.756102,32.0,-7.243897625320212,max_hold
BNBUSDT/TAOUSDT,20489,20509,20,long_spread,-2.254901,-2.265649,0.3227,0.953882,-7.724929,32.0,-39.72492943982496,max_hold
BTCUSDT/LTCUSDT,20489,20509,20,long_spread,-2.243294,-2.024985,0.600662,0.944987,67.854019,32.0,35.85401870648363,max_hold
BTCUSDT/SOLUSDT,20489,20509,20,long_spread,-2.823669,-2.304856,0.512277,0.926035,118.72042,32.0,86.72041963621412,max_hold
BTCUSDT/TAOUSDT,20489,20509,20,long_spread,-2.078536,-1.762725,0.473519,0.973379,168.471005,32.0,136.47100480481396,max_hold
DOTUSDT/LTCUSDT,20489,20509,20,short_spread,2.061565,3.334303,1.621636,0.93285,-409.181977,32.0,-441.18197733892686,max_hold
DOTUSDT/SOLUSDT,20489,20509,20,short_spread,1.574612,2.959361,1.305147,0.92833,-587.883466,32.0,-619.8834660757673,max_hold
ETHUSDT/LTCUSDT,20489,20509,20,long_spread,-1.765267,-1.501513,0.899087,0.939687,100.808964,32.0,68.80896423188157,max_hold
ONDOUSDT/XRPUSDT,20489,20509,20,short_spread,4.257112,2.704042,2.080693,0.909206,463.212593,32.0,431.2125934751909,max_hold
WIFUSDT/XLMUSDT,20489,20499,10,short_spread,1.607658,0.216405,1.533765,0.918139,474.183708,32.0,442.18370755464815,z_exit
ATOMUSDT/ONDOUSDT,20492,20512,20,short_spread,1.686026,1.043358,0.706474,0.97942,368.110515,32.0,336.1105150481759,max_hold
AVAXUSDT/ETHUSDT,20492,20512,20,short_spread,1.706144,2.662371,1.670484,0.949724,-422.77633,32.0,-454.7763302111626,max_hold
HYPEUSDT/SOLUSDT,20492,20512,20,short_spread,2.877197,2.797975,0.875986,0.977627,63.766577,32.0,31.7665772910322,max_hold
HYPEUSDT/SUIUSDT,20492,20512,20,short_spread,2.212461,2.222782,0.553875,0.966706,-10.153769,32.0,-42.15376908820486,max_hold
ADAUSDT/DOTUSDT,20493,20513,20,short_spread,1.592201,-0.856789,1.108097,0.935655,725.676707,32.0,693.676707068918,max_hold
ATOMUSDT/DOGEUSDT,20493,20513,20,short_spread,2.031603,1.598597,1.048257,0.962976,195.673213,32.0,163.673212710792,max_hold
ATOMUSDT/XRPUSDT,20493,20513,20,short_spread,2.991835,3.012243,1.466296,0.931215,-7.961142,32.0,-39.96114246587147,max_hold
TAOUSDT/XRPUSDT,20493,20513,20,long_spread,-1.587931,-0.508492,0.856333,0.968437,850.3444,32.0,818.3443998572463,max_hold
HYPEUSDT/XLMUSDT,20494,20514,20,short_spread,1.801068,2.798566,0.839882,0.967463,-783.049276,32.0,-815.0492759098657,max_hold
ATOMUSDT/AVAXUSDT,20495,20515,20,short_spread,1.580332,0.332941,0.805412,0.963774,661.679538,32.0,629.6795378240041,max_hold
ONDOUSDT/SOLUSDT,20495,20515,20,short_spread,1.656061,0.928361,1.548952,0.945404,335.19301,32.0,303.19301011848046,max_hold
1000PEPEUSDT/XRPUSDT,20496,20516,20,short_spread,2.399877,1.66785,1.637746,0.964359,369.718943,32.0,337.71894330863614,max_hold
HYPEUSDT/WIFUSDT,20496,20516,20,short_spread,1.873096,2.11835,0.526078,0.961185,-242.58975,32.0,-274.5897497189479,max_hold
HYPEUSDT/XRPUSDT,20496,20516,20,short_spread,2.454981,2.35713,1.022903,0.967451,77.542414,32.0,45.542413761263475,max_hold
1000PEPEUSDT/ATOMUSDT,20497,20499,2,long_spread,-1.559065,0.008583,1.139291,0.937157,689.969442,32.0,657.9694419272605,z_exit
1000PEPEUSDT/SUIUSDT,20497,20517,20,short_spread,1.770548,0.931342,0.866735,0.953825,403.102826,32.0,371.102826140707,max_hold
1000PEPEUSDT/ADAUSDT,20498,20512,14,short_spread,2.041558,0.131408,0.886158,0.974676,1249.14202,32.0,1217.142020197114,z_exit
1000PEPEUSDT/AVAXUSDT,20498,20513,15,short_spread,2.250741,-0.039937,0.91891,0.95309,1467.754646,32.0,1435.7546459048033,z_exit
1000PEPEUSDT/ONDOUSDT,20498,20513,15,short_spread,1.560281,0.161462,0.760621,0.978072,1240.350085,32.0,1208.3500852903953,z_exit
BTCUSDT/XRPUSDT,20498,20516,18,long_spread,-1.671456,0.243767,0.671405,0.950339,452.807212,32.0,420.80721155176326,z_exit
DOGEUSDT/DOTUSDT,20498,20518,20,short_spread,2.179169,-2.94683,0.824414,0.905961,1282.608184,32.0,1250.6081844175899,max_hold
DOGEUSDT/LINKUSDT,20498,20505,7,short_spread,1.576446,0.16957,0.94374,0.944335,503.21839,32.0,471.21839030959836,z_exit
DOGEUSDT/LTCUSDT,20498,20515,17,short_spread,2.290215,0.149946,1.302217,0.945888,790.980985,32.0,758.9809854974827,z_exit
DOGEUSDT/XLMUSDT,20498,20500,2,short_spread,1.548145,0.196934,1.066933,0.887199,315.08441,32.0,283.08441013648047,z_exit
1000PEPEUSDT/XLMUSDT,20500,20520,20,short_spread,1.775044,0.514453,1.218835,0.976384,794.972326,32.0,762.9723259588503,max_hold
ADAUSDT/HYPEUSDT,20501,20521,20,long_spread,-1.853825,-3.306488,1.245601,0.969402,-1325.987839,32.0,-1357.987838621625,max_hold
DOGEUSDT/HYPEUSDT,20501,20521,20,long_spread,-1.969452,-3.539985,0.940439,0.975206,-1330.71267,32.0,-1362.712670037363,max_hold
DOTUSDT/HYPEUSDT,20501,20521,20,long_spread,-2.263155,-2.667421,1.131226,0.975911,-374.684443,32.0,-406.68444344429656,max_hold
HYPEUSDT/LTCUSDT,20501,20521,20,short_spread,1.544055,2.509725,0.910642,0.968679,-860.486338,32.0,-892.4863376200063,max_hold
1000PEPEUSDT/ATOMUSDT,20502,20510,8,long_spread,-1.515222,0.065861,1.137064,0.919224,701.764517,32.0,669.7645173973183,z_exit
AVAXUSDT/HYPEUSDT,20502,20522,20,long_spread,-1.826188,-2.439703,1.182075,0.9778,-610.678958,32.0,-642.678957545455,max_hold
HYPEUSDT/ONDOUSDT,20504,20524,20,short_spread,1.540802,3.110561,0.507585,0.956352,-1462.176844,32.0,-1494.17684368659,max_hold
1000PEPEUSDT/BTCUSDT,20505,20516,11,short_spread,1.602632,0.167021,1.899539,0.974034,882.488708,32.0,850.4887075641458,z_exit
1000PEPEUSDT/ETHUSDT,20505,20524,19,short_spread,1.929369,0.207358,1.322723,0.979514,1206.645558,32.0,1174.6455584067037,z_exit
1000PEPEUSDT/WIFUSDT,20505,20525,20,short_spread,1.63088,1.738269,0.791455,0.979484,-67.812999,32.0,-99.81299872968063,max_hold
BTCUSDT/SUIUSDT,20505,20525,20,long_spread,-1.817861,-1.256665,0.367513,0.954746,182.217424,32.0,150.2174243790993,max_hold
ETHUSDT/SUIUSDT,20505,20525,20,long_spread,-2.257499,-1.660341,0.550032,0.952008,206.758157,32.0,174.75815697946632,max_hold
ETHUSDT/WIFUSDT,20505,20521,16,long_spread,-2.005316,0.079524,0.534157,0.952766,971.782214,32.0,939.7822142151418,z_exit
LTCUSDT/ONDOUSDT,20505,20525,20,long_spread,-1.686143,-1.428685,0.500595,0.920658,99.930114,32.0,67.93011439476847,max_hold
ONDOUSDT/XLMUSDT,20506,20526,20,short_spread,2.136455,0.139068,1.58163,0.901768,439.529832,32.0,407.5298322457216,z_exit
ADAUSDT/ETHUSDT,20507,20527,20,short_spread,2.069157,0.252015,1.541394,0.979617,854.166893,32.0,822.1668932080556,max_hold
BNBUSDT/WIFUSDT,20507,20527,20,long_spread,-1.66659,-0.317822,0.264499,0.978936,1317.634232,32.0,1285.6342322947037,max_hold
BTCUSDT/WIFUSDT,20507,20521,14,long_spread,-1.797874,0.091961,0.358131,0.956362,841.353565,32.0,809.3535651063345,z_exit
DOGEUSDT/ETHUSDT,20507,20517,10,short_spread,1.627458,0.245588,1.21479,0.963558,563.64493,32.0,531.6449297463797,z_exit
ETHUSDT/SOLUSDT,20507,20527,20,long_spread,-1.545695,-0.820658,0.785718,0.899611,147.874104,32.0,115.87410448782344,max_hold
ETHUSDT/XLMUSDT,20507,20527,20,long_spread,-1.890362,-0.785508,0.836236,0.946255,359.644928,32.0,327.64492761155395,max_hold
1000PEPEUSDT/SOLUSDT,20508,20515,7,short_spread,1.705654,0.135755,1.038137,0.969378,1136.90385,32.0,1104.9038504628584,z_exit
ADAUSDT/ATOMUSDT,20508,20513,5,long_spread,-1.754492,-0.217932,1.268613,0.977062,818.857121,32.0,786.8571214311094,z_exit
ADAUSDT/BTCUSDT,20508,20516,8,short_spread,1.935924,0.232417,2.228023,0.972107,666.519935,32.0,634.5199354519527,z_exit
ADAUSDT/XRPUSDT,20508,20528,20,short_spread,1.734415,0.576871,1.678385,0.938177,413.477836,32.0,381.4778360385124,max_hold
ATOMUSDT/BTCUSDT,20508,20516,8,short_spread,1.52956,0.017956,1.472523,0.974733,986.061026,32.0,954.0610260824075,z_exit
ATOMUSDT/SOLUSDT,20508,20515,7,short_spread,1.554423,0.22269,0.853978,0.976663,948.045101,32.0,916.0451009670745,z_exit
ATOMUSDT/SUIUSDT,20508,20521,13,short_spread,1.730075,-0.125394,0.645877,0.969706,1169.711921,32.0,1137.7119212224718,z_exit
ATOMUSDT/XLMUSDT,20508,20526,18,short_spread,1.690041,0.242296,0.959933,0.975754,848.67291,32.0,816.6729095814903,z_exit
BCHUSDT/BTCUSDT,20508,20528,20,long_spread,-1.572535,-1.805355,0.041704,0.882973,-176.195126,32.0,-208.19512599156042,max_hold
BCHUSDT/DOGEUSDT,20508,20528,20,long_spread,-1.622014,-1.807063,0.022784,0.882625,-142.616876,32.0,-174.6168763659931,max_hold
BCHUSDT/DOTUSDT,20508,20528,20,long_spread,-1.69739,-1.880072,0.009228,0.881513,-143.113797,32.0,-175.11379691266671,max_hold
BCHUSDT/LTCUSDT,20508,20528,20,long_spread,-1.589273,-1.791758,0.029982,0.88298,-154.963431,32.0,-186.9634305218201,max_hold
BCHUSDT/ONDOUSDT,20508,20528,20,long_spread,-1.771452,-1.922212,0.000554,0.880617,-119.240567,32.0,-151.2405666459414,max_hold
BCHUSDT/SOLUSDT,20508,20528,20,long_spread,-1.543438,-1.769809,0.030187,0.88261,-172.707927,32.0,-204.70792726555246,max_hold
BCHUSDT/SUIUSDT,20508,20528,20,long_spread,-1.521904,-1.748304,0.026553,0.881972,-172.760822,32.0,-204.7608220038873,max_hold
BCHUSDT/WIFUSDT,20508,20528,20,long_spread,-1.502807,-1.645245,0.028273,0.882213,-108.345608,32.0,-140.3456080718184,max_hold
BCHUSDT/XLMUSDT,20508,20528,20,long_spread,-1.650766,-1.838684,0.018394,0.881913,-145.71717,32.0,-177.7171702409875,max_hold
BTCUSDT/DOGEUSDT,20508,20528,20,long_spread,-2.212499,-0.345618,0.513071,0.961658,623.560271,32.0,591.5602708651642,max_hold
BTCUSDT/DOTUSDT,20508,20528,20,long_spread,-2.033035,-1.322145,0.426408,0.950596,251.974133,32.0,219.97413258080766,max_hold
BTCUSDT/ONDOUSDT,20508,20528,20,long_spread,-2.342043,-0.529454,0.350886,0.974394,739.642535,32.0,707.6425353378457,max_hold
BTCUSDT/XLMUSDT,20508,20516,8,long_spread,-1.896193,0.206185,0.571785,0.952558,566.669185,32.0,534.6691852171462,z_exit
ADAUSDT/SOLUSDT,20509,20527,18,short_spread,1.736636,-0.041489,1.236903,0.962718,690.786057,32.0,658.7860572603009,z_exit
ADAUSDT/SUIUSDT,20509,20521,12,short_spread,1.739149,-0.188261,0.905927,0.970627,671.449071,32.0,639.4490714195828,z_exit
ADAUSDT/WIFUSDT,20509,20529,20,short_spread,1.980758,3.240491,0.900242,0.930235,-463.873392,32.0,-495.8733921668333,max_hold
AVAXUSDT/BTCUSDT,20509,20529,20,short_spread,1.500265,0.668082,2.187027,0.969209,357.492413,32.0,325.49241324427675,max_hold
AVAXUSDT/DOTUSDT,20509,20522,13,long_spread,-1.536893,-0.09443,1.030449,0.95413,577.888337,32.0,545.8883366321649,z_exit
AVAXUSDT/XRPUSDT,20509,20529,20,short_spread,1.538837,1.285348,1.662004,0.92228,100.481375,32.0,68.48137491659409,max_hold
BNBUSDT/DOTUSDT,20509,20529,20,long_spread,-1.944294,-1.328157,0.354705,0.977248,506.99283,32.0,474.9928295184127,max_hold
DOGEUSDT/XRPUSDT,20509,20529,20,short_spread,1.644454,0.277809,1.3351,0.895114,360.875535,32.0,328.87553505638635,max_hold
DOTUSDT/ETHUSDT,20509,20529,20,short_spread,2.391553,0.654202,1.442512,0.960479,807.131087,32.0,775.1310874539308,max_hold
DOTUSDT/ONDOUSDT,20509,20527,18,short_spread,2.273912,0.205614,0.820818,0.938977,699.366406,32.0,667.3664056829127,z_exit
DOTUSDT/SUIUSDT,20509,20526,17,short_spread,2.321185,-0.058516,0.854314,0.955699,1027.676382,32.0,995.6763819429036,z_exit
DOTUSDT/WIFUSDT,20509,20529,20,short_spread,2.598678,3.650516,0.85025,0.943703,-456.340302,32.0,-488.3403021358115,max_hold
DOTUSDT/XLMUSDT,20509,20529,20,short_spread,3.755788,1.841809,1.30417,0.902448,479.243165,32.0,447.2431652856371,max_hold
DOTUSDT/XRPUSDT,20509,20529,20,short_spread,3.825862,2.196354,1.60707,0.856929,451.683933,32.0,419.68393311346364,max_hold
ETHUSDT/ONDOUSDT,20509,20528,19,long_spread,-1.534558,-0.181601,0.519232,0.979586,716.302457,32.0,684.302456536241,z_exit
ADAUSDT/DOGEUSDT,20510,20526,16,short_spread,1.598646,0.212917,1.247256,0.896883,322.924926,32.0,290.9249257468671,z_exit
ADAUSDT/XLMUSDT,20510,20526,16,short_spread,2.096564,-0.212092,1.368744,0.941629,511.945206,32.0,479.94520581129456,z_exit
BCHUSDT/BNBUSDT,20510,20530,20,long_spread,-1.822814,-2.405613,0.017427,0.887081,-459.488933,32.0,-491.4889331099635,max_hold
BCHUSDT/ETHUSDT,20510,20530,20,long_spread,-1.549792,-2.203551,0.064955,0.888355,-482.830766,32.0,-514.8307659530547,max_hold
BCHUSDT/XRPUSDT,20510,20530,20,long_spread,-1.578796,-2.197343,0.064104,0.889254,-458.785563,32.0,-490.785562805031,max_hold
BTCUSDT/SOLUSDT,20510,20516,6,long_spread,-1.638857,-0.119337,0.53925,0.911371,285.094974,32.0,253.09497429382412,z_exit
DOTUSDT/LTCUSDT,20510,20530,20,short_spread,2.399955,2.05331,1.520363,0.95746,124.000673,32.0,92.00067295883835,max_hold
DOTUSDT/SOLUSDT,20510,20527,17,short_spread,2.5357,0.241229,1.16895,0.941304,896.731699,32.0,864.7316993900323,z_exit
ONDOUSDT/XRPUSDT,20511,20531,20,short_spread,1.624775,0.505975,1.895794,0.929026,415.162672,32.0,383.16267241755446,max_hold
XLMUSDT/XRPUSDT,20511,20531,20,short_spread,1.732685,0.92301,1.217832,0.908426,174.34398,32.0,142.3439803136804,max_hold
1000PEPEUSDT/HYPEUSDT,20512,20532,20,long_spread,-1.676869,-3.109413,1.031433,0.963597,-1540.808868,32.0,-1572.8088684442562,max_hold
ATOMUSDT/HYPEUSDT,20512,20532,20,long_spread,-2.05223,-3.621806,0.947377,0.945465,-1189.152381,32.0,-1221.152380523586,max_hold
AVAXUSDT/SUIUSDT,20512,20532,20,short_spread,1.539664,1.264999,0.906906,0.92549,99.868331,32.0,67.86833094133539,max_hold
AVAXUSDT/WIFUSDT,20512,20532,20,short_spread,1.89852,3.406622,0.899536,0.902573,-637.290873,32.0,-669.2908728835586,max_hold
AVAXUSDT/DOGEUSDT,20513,20533,20,short_spread,1.637783,2.102416,1.244206,0.863593,-124.796417,32.0,-156.79641661574163,max_hold
AVAXUSDT/XLMUSDT,20513,20533,20,short_spread,1.586704,0.960296,1.357968,0.931606,204.439243,32.0,172.43924322709293,max_hold
HYPEUSDT/SUIUSDT,20513,20533,20,short_spread,1.521432,2.66837,0.463328,0.96977,-1320.168158,32.0,-1352.1681576623519,max_hold
HYPEUSDT/SOLUSDT,20514,20534,20,short_spread,1.516845,2.417535,0.603577,0.974421,-991.563824,32.0,-1023.5638242019161,max_hold
ADAUSDT/DOTUSDT,20515,20535,20,long_spread,-2.00204,-0.767632,1.039604,0.927192,374.367503,32.0,342.3675028847804,max_hold
HYPEUSDT/XLMUSDT,20515,20535,20,short_spread,1.664756,2.34075,0.702507,0.970414,-643.402791,32.0,-675.4027910459164,max_hold
SOLUSDT/XRPUSDT,20515,20535,20,short_spread,1.590242,1.243824,1.330073,0.862379,79.138584,32.0,47.13858427024762,max_hold
BCHUSDT/TAOUSDT,20516,20536,20,long_spread,-1.905931,-1.67652,0.002811,0.913948,201.167646,32.0,169.16764596112912,max_hold
HYPEUSDT/WIFUSDT,20518,20538,20,short_spread,1.541584,2.974955,0.452049,0.964442,-1636.491724,32.0,-1668.4917242522083,max_hold
DOGEUSDT/DOTUSDT,20519,20537,18,long_spread,-2.004573,0.168928,0.857061,0.903694,642.376594,32.0,610.3765937429906,z_exit
DOGEUSDT/WIFUSDT,20519,20539,20,short_spread,1.693522,2.353862,0.733383,0.857097,-177.847469,32.0,-209.84746880261616,max_hold
SUIUSDT/WIFUSDT,20519,20539,20,short_spread,1.770376,2.092639,0.98616,0.884841,-114.397938,32.0,-146.39793805880137,max_hold
ADAUSDT/AVAXUSDT,20521,20541,20,long_spread,-1.674141,-1.510835,0.963177,0.943039,51.42122,32.0,19.42122007451649,max_hold
HYPEUSDT/XRPUSDT,20521,20541,20,short_spread,1.802227,2.386136,0.718865,0.966938,-619.640759,32.0,-651.6407585651236,max_hold
ONDOUSDT/WIFUSDT,20521,20541,20,short_spread,1.889761,2.098981,1.01611,0.94792,-109.002223,32.0,-141.00222251258936,max_hold
SOLUSDT/WIFUSDT,20521,20541,20,short_spread,1.711623,1.01991,0.729694,0.895598,265.852599,32.0,233.8525988764361,max_hold
WIFUSDT/XLMUSDT,20521,20541,20,long_spread,-1.670493,-3.197284,1.453875,0.888514,-499.59095,32.0,-531.5909503070282,max_hold
ATOMUSDT/WIFUSDT,20522,20538,16,short_spread,1.538948,0.159194,0.598398,0.966297,819.47406,32.0,787.474059679719,z_exit
DOTUSDT/HYPEUSDT,20522,20542,20,long_spread,-1.994624,-3.149923,1.153115,0.977948,-1229.811531,32.0,-1261.8115311623817,max_hold
HYPEUSDT/LTCUSDT,20522,20542,20,short_spread,1.586264,2.03378,0.680247,0.967515,-487.299707,32.0,-519.2997070327935,max_hold
WIFUSDT/XRPUSDT,20522,20538,16,long_spread,-1.966657,-0.117831,1.759849,0.868464,598.240331,32.0,566.2403310878423,z_exit
BNBUSDT/TAOUSDT,20524,20544,20,long_spread,-1.782605,-4.835195,0.609544,0.951615,-1712.882335,32.0,-1744.8823347601294,max_hold
BTCUSDT/TAOUSDT,20524,20544,20,long_spread,-1.624122,-4.393891,0.564183,0.959137,-1467.817602,32.0,-1499.817601599562,max_hold
ETHUSDT/TAOUSDT,20524,20544,20,long_spread,-1.683855,-3.586358,0.789906,0.968523,-1349.638817,32.0,-1381.6388170459702,max_hold
LTCUSDT/TAOUSDT,20524,20544,20,long_spread,-1.801542,-4.065671,0.749072,0.953921,-1558.411446,32.0,-1590.4114462240059,max_hold
SOLUSDT/TAOUSDT,20524,20544,20,long_spread,-1.586885,-4.164401,0.97427,0.967455,-2046.671091,32.0,-2078.671090833557,max_hold
1000PEPEUSDT/TAOUSDT,20525,20545,20,long_spread,-1.512756,-2.414775,0.824625,0.968015,-1159.186163,32.0,-1191.1861628198294,max_hold
ADAUSDT/TAOUSDT,20525,20545,20,long_spread,-1.758136,-3.633495,1.12735,0.97043,-1771.226091,32.0,-1803.2260912002648,max_hold
DOGEUSDT/TAOUSDT,20525,20545,20,long_spread,-1.742365,-3.412556,0.927023,0.965359,-1475.340003,32.0,-1507.3400033788816,max_hold
DOTUSDT/TAOUSDT,20525,20545,20,long_spread,-1.532642,-3.785069,1.062803,0.95814,-2063.342771,32.0,-2095.342770935483,max_hold
HYPEUSDT/ONDOUSDT,20525,20545,20,short_spread,2.050538,1.884445,0.406289,0.967974,185.879481,32.0,153.87948064086817,max_hold
ONDOUSDT/TAOUSDT,20525,20545,20,long_spread,-1.818752,-3.439457,1.351793,0.965113,-1484.665127,32.0,-1516.6651273103462,max_hold
SUIUSDT/TAOUSDT,20525,20545,20,long_spread,-1.549743,-3.441426,1.231502,0.972826,-1989.687413,32.0,-2021.6874126136452,max_hold
TAOUSDT/WIFUSDT,20525,20545,20,short_spread,1.888095,3.125758,0.549187,0.970131,-1327.230258,32.0,-1359.2302575215494,max_hold
TAOUSDT/XRPUSDT,20525,20545,20,short_spread,1.795226,3.930078,1.048402,0.957029,-1480.541566,32.0,-1512.541566261483,max_hold
BTCUSDT/WIFUSDT,20526,20538,12,short_spread,1.633533,0.149657,0.405797,0.926214,577.411537,32.0,545.4115373681589,z_exit
ETHUSDT/WIFUSDT,20526,20546,20,short_spread,1.510502,0.52533,0.581073,0.93272,448.994464,32.0,416.99446414114584,max_hold
TAOUSDT/XLMUSDT,20526,20546,20,short_spread,1.609406,3.234295,0.863538,0.962712,-1256.877663,32.0,-1288.8776627896273,max_hold
ATOMUSDT/TAOUSDT,20527,20547,20,long_spread,-1.940104,-2.6382,0.677045,0.968728,-740.757999,32.0,-772.757998612948,max_hold
AVAXUSDT/TAOUSDT,20527,20547,20,long_spread,-1.80891,-2.505152,1.053566,0.976354,-813.997043,32.0,-845.9970432317812,max_hold
1000PEPEUSDT/WIFUSDT,20528,20548,20,short_spread,1.651907,0.734403,0.705255,0.971149,645.168237,32.0,613.1682368296331,max_hold
ADAUSDT/WIFUSDT,20530,20550,20,short_spread,1.809642,0.344943,0.854315,0.96035,675.09697,32.0,643.0969695575777,max_hold
BCHUSDT/DOTUSDT,20530,20550,20,long_spread,-1.595744,-1.747937,0.050901,0.926676,-139.184797,32.0,-171.18479746399825,max_hold
BCHUSDT/ONDOUSDT,20530,20550,20,long_spread,-1.531417,-1.785911,0.044659,0.925437,-233.385873,32.0,-265.38587347125866,max_hold
DOGEUSDT/XLMUSDT,20530,20550,20,long_spread,-1.933024,-0.64202,1.066898,0.771008,191.394975,32.0,159.39497534392206,max_hold
DOTUSDT/WIFUSDT,20530,20538,8,short_spread,2.128383,0.169607,0.78879,0.965671,1139.352508,32.0,1107.3525082105432,z_exit
AVAXUSDT/WIFUSDT,20533,20553,20,short_spread,1.698884,0.824518,0.833543,0.95562,489.883368,32.0,457.8833678949657,max_hold
HYPEUSDT/SUIUSDT,20534,20554,20,short_spread,1.686533,2.150129,0.280082,0.974374,-671.110663,32.0,-703.1106633203939,max_hold
1000PEPEUSDT/HYPEUSDT,20536,20556,20,long_spread,-1.847771,-1.858305,0.66653,0.979093,-16.804902,32.0,-48.804901725855636,max_hold
ADAUSDT/XLMUSDT,20536,20554,18,long_spread,-1.720434,0.161299,1.277058,0.922476,404.470606,32.0,372.47060615732875,z_exit
ATOMUSDT/HYPEUSDT,20536,20556,20,long_spread,-2.370734,-2.733991,0.687344,0.979016,-409.991829,32.0,-441.99182923503776,max_hold
HYPEUSDT/SOLUSDT,20536,20556,20,short_spread,1.703174,2.281582,0.329382,0.973135,-826.182792,32.0,-858.1827922079092,max_hold
HYPEUSDT/XLMUSDT,20536,20556,20,short_spread,1.761915,2.521972,0.414058,0.971612,-975.670142,32.0,-1007.670142309284,max_hold
ONDOUSDT/XLMUSDT,20536,20539,3,long_spread,-1.94321,-0.140079,1.500421,0.92249,423.006188,32.0,391.00618787695026,z_exit
SUIUSDT/XLMUSDT,20536,20550,14,long_spread,-1.567367,-0.249785,1.415077,0.941315,389.349196,32.0,357.349195811299,z_exit
XLMUSDT/XRPUSDT,20536,20556,20,short_spread,2.009632,0.556561,1.172643,0.919742,333.977842,32.0,301.97784212825485,max_hold
DOTUSDT/XLMUSDT,20537,20557,20,long_spread,-1.982635,-1.921812,1.177389,0.908613,20.495821,32.0,-11.50417873678705,max_hold
ADAUSDT/ONDOUSDT,20538,20558,20,long_spread,-1.706044,-1.748891,0.842154,0.945243,-10.695424,32.0,-42.695423677683124,max_hold
ATOMUSDT/XLMUSDT,20538,20551,13,long_spread,-1.508073,-0.190399,0.788433,0.943295,688.358264,32.0,656.358264392271,z_exit
BCHUSDT/TAOUSDT,20538,20558,20,long_spread,-1.517076,-1.929461,0.015034,0.931626,-411.249229,32.0,-443.24922874268987,max_hold
BNBUSDT/XLMUSDT,20538,20558,20,long_spread,-1.602334,-0.704899,0.724047,0.919869,344.452373,32.0,312.4523725108876,max_hold
BTCUSDT/XLMUSDT,20538,20549,11,long_spread,-1.922063,-0.056478,0.64686,0.918354,434.236177,32.0,402.23617704622586,z_exit
DOGEUSDT/ONDOUSDT,20538,20558,20,long_spread,-1.667837,-0.376177,0.694339,0.915246,342.260774,32.0,310.2607736898395,max_hold
DOTUSDT/ONDOUSDT,20538,20558,20,long_spread,-1.504264,-2.679088,0.778814,0.915386,-457.358547,32.0,-489.35854670336903,max_hold
ETHUSDT/XLMUSDT,20538,20558,20,long_spread,-1.626473,1.980112,0.89666,0.939725,1169.965162,32.0,1137.965161610465,max_hold
LTCUSDT/XLMUSDT,20538,20552,14,long_spread,-1.639456,0.009209,0.860911,0.916882,528.925274,32.0,496.92527380584977,z_exit
SOLUSDT/XLMUSDT,20538,20553,15,long_spread,-2.12207,0.010721,1.093294,0.8966,494.922615,32.0,462.9226146518247,z_exit
BTCUSDT/ONDOUSDT,20539,20550,11,long_spread,-1.671593,-0.177895,0.42041,0.95234,552.508601,32.0,520.5086013099382,z_exit
HYPEUSDT/WIFUSDT,20539,20559,20,short_spread,1.505565,1.894681,0.193311,0.973151,-646.267388,32.0,-678.2673878672459,max_hold
ONDOUSDT/XRPUSDT,20539,20559,20,short_spread,1.722987,0.310709,1.725042,0.948549,565.73325,32.0,533.7332499544908,max_hold
WIFUSDT/XLMUSDT,20542,20552,10,long_spread,-2.131876,0.248729,1.458258,0.940656,941.196409,32.0,909.1964090004135,z_exit
BNBUSDT/ETHUSDT,20543,20563,20,long_spread,-1.750217,-3.650675,0.837176,0.770469,-324.69003,32.0,-356.69003046303015,max_hold
BTCUSDT/ETHUSDT,20544,20552,8,long_spread,-2.043507,-0.230533,0.715794,0.844883,209.152108,32.0,177.15210809008155,z_exit
ETHUSDT/SOLUSDT,20544,20564,20,short_spread,2.417124,3.486328,0.836099,0.888776,-192.501769,32.0,-224.50176867565003,max_hold
ETHUSDT/XRPUSDT,20544,20564,20,short_spread,1.669702,2.017657,1.077405,0.903106,-84.369002,32.0,-116.36900161369228,max_hold
BNBUSDT/BTCUSDT,20545,20565,20,long_spread,-1.880533,-5.088615,1.176035,0.756324,-435.35658,32.0,-467.35658011682034,max_hold
BNBUSDT/ONDOUSDT,20545,20565,20,long_spread,-1.640662,-0.542932,0.505468,0.969608,544.493554,32.0,512.4935537972189,max_hold
LTCUSDT/TAOUSDT,20545,20565,20,long_spread,-2.632884,-1.445479,0.635988,0.977526,1147.893265,32.0,1115.8932651953496,max_hold
1000PEPEUSDT/TAOUSDT,20546,20566,20,long_spread,-2.011835,-0.872515,0.612461,0.956867,1466.959984,32.0,1434.9599836094865,max_hold
ADAUSDT/TAOUSDT,20546,20566,20,long_spread,-2.716033,-1.793684,0.90861,0.978683,1027.453645,32.0,995.4536449442699,max_hold
DOGEUSDT/TAOUSDT,20546,20566,20,long_spread,-2.593642,-1.431457,0.742602,0.972313,1192.562171,32.0,1160.5621713952548,max_hold
DOTUSDT/TAOUSDT,20546,20566,20,long_spread,-2.981121,-2.12032,0.856441,0.968576,932.701162,32.0,900.7011620537431,max_hold
ONDOUSDT/TAOUSDT,20546,20566,20,long_spread,-2.592266,-1.583142,1.118953,0.975895,1111.994358,32.0,1079.9943581897785,max_hold
SUIUSDT/TAOUSDT,20546,20566,20,long_spread,-2.640317,-1.524139,0.987674,0.978549,1393.276448,32.0,1361.2764475182785,max_hold
TAOUSDT/XLMUSDT,20547,20567,20,short_spread,2.268535,0.790444,0.900436,0.975412,1319.257441,32.0,1287.2574411258636,max_hold
ATOMUSDT/TAOUSDT,20548,20568,20,long_spread,-2.385321,-0.54748,0.490075,0.960348,1934.032459,32.0,1902.0324593527678,max_hold
AVAXUSDT/TAOUSDT,20548,20568,20,long_spread,-2.438996,-1.300513,0.798724,0.961435,1176.360133,32.0,1144.3601330402748,max_hold
BCHUSDT/BNBUSDT,20548,20568,20,long_spread,-1.537804,-1.04613,0.211341,0.93522,386.993633,32.0,354.9936326788334,max_hold
BCHUSDT/BTCUSDT,20548,20568,20,long_spread,-1.674802,-1.383153,0.237579,0.93933,228.042311,32.0,196.04231125981318,max_hold
BCHUSDT/DOGEUSDT,20548,20568,20,long_spread,-1.68621,-1.200456,0.134876,0.940655,424.176687,32.0,392.1766866337708,max_hold
BCHUSDT/ETHUSDT,20548,20568,20,long_spread,-1.696636,-1.29279,0.188524,0.938231,322.169984,32.0,290.16998409796486,max_hold
BCHUSDT/SOLUSDT,20548,20568,20,long_spread,-1.616305,-1.112967,0.139249,0.938149,430.523179,32.0,398.52317854778784,max_hold
BCHUSDT/SUIUSDT,20548,20568,20,long_spread,-1.609114,-1.118581,0.111779,0.937558,429.239622,32.0,397.2396223752797,max_hold
BCHUSDT/WIFUSDT,20548,20568,20,long_spread,-1.534269,-0.903371,0.126222,0.932781,524.191459,32.0,492.19145895261397,max_hold
BCHUSDT/XLMUSDT,20548,20568,20,long_spread,-1.740198,-1.235963,0.134772,0.940057,444.269836,32.0,412.26983554079465,max_hold
BCHUSDT/XRPUSDT,20548,20568,20,long_spread,-1.507382,-1.071353,0.210988,0.93767,339.570382,32.0,307.5703824987593,max_hold
BTCUSDT/SOLUSDT,20549,20569,20,short_spread,2.061909,6.559039,0.605276,0.779055,-518.110259,32.0,-550.1102589271644,max_hold
BTCUSDT/XRPUSDT,20550,20570,20,short_spread,1.634212,3.426002,0.77045,0.90599,-343.882625,32.0,-375.88262489467814,max_hold
AVAXUSDT/XLMUSDT,20552,20571,19,short_spread,1.808878,0.172373,1.122752,0.875184,330.700332,32.0,298.7003324999916,z_exit
BTCUSDT/XLMUSDT,20552,20572,20,short_spread,1.542938,2.41255,0.693444,0.927411,-195.832812,32.0,-227.83281249274398,max_hold
BNBUSDT/SUIUSDT,20553,20565,12,long_spread,-1.559903,-0.20892,0.587618,0.903948,323.603791,32.0,291.60379149201907,z_exit
BTCUSDT/SUIUSDT,20553,20573,20,short_spread,1.703337,4.182037,0.484469,0.847913,-432.222909,32.0,-464.2229093977546,max_hold
HYPEUSDT/ONDOUSDT,20553,20573,20,short_spread,1.729575,1.456916,0.158518,0.97111,434.015851,32.0,402.01585119813643,max_hold
HYPEUSDT/TAOUSDT,20553,20573,20,short_spread,1.704934,1.493782,0.395731,0.959586,238.292731,32.0,206.29273123925032,max_hold
ADAUSDT/AVAXUSDT,20554,20574,20,long_spread,-1.684549,-1.038351,1.136166,0.927721,144.180421,32.0,112.18042138653692,max_hold
ADAUSDT/BTCUSDT,20554,20574,20,long_spread,-1.710904,-3.228867,1.759197,0.950331,-452.86496,32.0,-484.86495966567514,max_hold
ADAUSDT/ETHUSDT,20554,20574,20,long_spread,-1.732634,-1.836266,1.24029,0.974583,-45.648234,32.0,-77.6482337900976,max_hold
DOGEUSDT/ETHUSDT,20554,20572,18,long_spread,-1.767811,0.084092,1.039352,0.949643,618.906617,32.0,586.9066168463206,z_exit
ETHUSDT/SUIUSDT,20554,20574,20,short_spread,1.886814,2.354497,0.671869,0.913057,-124.781815,32.0,-156.78181483882588,max_hold
HYPEUSDT/XRPUSDT,20554,20574,20,short_spread,1.504996,1.359895,0.073001,0.967388,261.499715,32.0,229.49971505499127,max_hold
BCHUSDT/ONDOUSDT,20555,20575,20,long_spread,-1.714712,-1.308172,0.085573,0.949259,397.992724,32.0,365.99272355408726,max_hold
AVAXUSDT/DOGEUSDT,20556,20562,6,short_spread,1.584397,0.059608,1.031621,0.839443,286.585228,32.0,254.5852275678822,z_exit
BTCUSDT/DOGEUSDT,20556,20576,20,short_spread,1.710813,0.764834,0.647614,0.915186,221.094139,32.0,189.09413859883068,max_hold
ETHUSDT/WIFUSDT,20556,20576,20,short_spread,1.618636,1.947578,0.60222,0.931184,-138.172352,32.0,-170.1723519696433,max_hold
HYPEUSDT/SUIUSDT,20556,20576,20,short_spread,1.714492,1.393783,0.043387,0.970559,595.330621,32.0,563.3306207125834,max_hold
ADAUSDT/DOGEUSDT,20557,20577,20,long_spread,-1.522747,-5.410474,1.197465,0.89071,-730.395263,32.0,-762.3952634545786,max_hold
ATOMUSDT/HYPEUSDT,20557,20577,20,long_spread,-1.54931,-1.08459,0.170291,0.979429,741.914774,32.0,709.9147744013595,max_hold
AVAXUSDT/BTCUSDT,20557,20577,20,long_spread,-1.54671,-3.919727,1.524978,0.885883,-504.989815,32.0,-536.9898153256916,max_hold
AVAXUSDT/ETHUSDT,20557,20577,20,long_spread,-1.574128,-1.964862,1.083571,0.938114,-122.04689,32.0,-154.04688966551961,max_hold
BTCUSDT/WIFUSDT,20557,20577,20,short_spread,1.548353,3.334185,0.433329,0.912095,-563.05699,32.0,-595.0569900593301,max_hold
HYPEUSDT/SOLUSDT,20557,20577,20,short_spread,1.60453,1.398153,0.045159,0.973606,384.993265,32.0,352.99326531198005,max_hold
HYPEUSDT/XLMUSDT,20557,20577,20,short_spread,1.735822,1.516706,0.125521,0.976096,375.969456,32.0,343.96945641053645,max_hold
DOTUSDT/WIFUSDT,20558,20567,9,long_spread,-1.529785,-0.207283,0.741014,0.960698,813.89829,32.0,781.8982901274809,z_exit
ADAUSDT/XLMUSDT,20560,20577,17,long_spread,-1.955344,-0.225062,1.264592,0.939455,409.556128,32.0,377.5561281717877,z_exit
DOGEUSDT/XLMUSDT,20561,20581,20,long_spread,-1.719184,3.872055,1.057412,0.843947,912.36422,32.0,880.3642204215346,max_hold
ONDOUSDT/XLMUSDT,20563,20570,7,long_spread,-1.927568,-0.030734,1.51304,0.919472,448.201321,32.0,416.20132122773583,z_exit
SOLUSDT/XLMUSDT,20563,20576,13,long_spread,-1.886172,-0.101279,1.161705,0.913875,440.519235,32.0,408.51923495751265,z_exit
BNBUSDT/ETHUSDT,20564,20584,20,long_spread,-2.273649,-0.984901,0.86886,0.946738,295.995916,32.0,263.9959155678226,max_hold
BNBUSDT/XLMUSDT,20564,20577,13,long_spread,-1.77162,-0.118546,0.84265,0.953575,509.053359,32.0,477.05335874755383,z_exit
SUIUSDT/XLMUSDT,20564,20573,9,long_spread,-1.857377,-0.227192,1.389909,0.955842,531.531815,32.0,499.53181493209536,z_exit
WIFUSDT/XLMUSDT,20564,20577,13,long_spread,-1.841995,-0.172299,1.54505,0.940426,654.562327,32.0,622.5623270541098,z_exit
XLMUSDT/XRPUSDT,20564,20573,9,short_spread,1.892697,0.103963,1.011344,0.898831,376.719374,32.0,344.7193740415684,z_exit
BTCUSDT/ONDOUSDT,20565,20585,20,short_spread,1.649235,-0.938789,0.433539,0.963965,999.984383,32.0,967.9843832241694,max_hold
ETHUSDT/SOLUSDT,20565,20584,19,short_spread,2.446309,0.001878,0.815241,0.945904,592.808529,32.0,560.808529466792,z_exit
ETHUSDT/XRPUSDT,20565,20585,20,short_spread,1.736569,0.877047,0.980481,0.933198,242.387958,32.0,210.38795829440562,max_hold
BNBUSDT/BTCUSDT,20566,20586,20,long_spread,-3.257136,-2.44264,1.214844,0.955629,151.578523,32.0,119.57852311173369,max_hold
BTCUSDT/ETHUSDT,20566,20586,20,short_spread,1.996549,3.807222,0.712201,0.85635,-208.301592,32.0,-240.30159231438446,max_hold
DOGEUSDT/WIFUSDT,20566,20586,20,short_spread,1.681969,2.192257,0.644247,0.907047,-161.580207,32.0,-193.58020742514225,max_hold
WIFUSDT/XRPUSDT,20566,20578,12,long_spread,-1.93432,-0.088548,1.614184,0.859529,541.418874,32.0,509.4188743581516,z_exit
ADAUSDT/ATOMUSDT,20567,20587,20,long_spread,-1.725975,-1.380773,1.470207,0.953949,163.302103,32.0,131.30210339644893,max_hold
ATOMUSDT/WIFUSDT,20568,20578,10,short_spread,1.70585,0.169334,0.424186,0.955316,873.196586,32.0,841.1965860193689,z_exit
ADAUSDT/ONDOUSDT,20570,20590,20,long_spread,-1.686415,-5.782555,0.819833,0.945796,-1090.640234,32.0,-1122.6402339773203,max_hold
BTCUSDT/SOLUSDT,20570,20590,20,short_spread,3.260863,3.205556,0.58078,0.951867,10.990014,32.0,-21.009985536726653,max_hold
BTCUSDT/XRPUSDT,20571,20591,20,short_spread,2.333023,2.438655,0.684333,0.950986,-24.147253,32.0,-56.147253098725145,max_hold
DOGEUSDT/XRPUSDT,20571,20591,20,short_spread,1.837154,3.182897,1.05725,0.787801,-223.861556,32.0,-255.86155556213924,max_hold
AVAXUSDT/DOGEUSDT,20572,20592,20,long_spread,-3.004199,-2.762535,0.992291,0.845229,41.101324,32.0,9.10132378562173,max_hold
BNBUSDT/DOGEUSDT,20572,20592,20,long_spread,-1.985996,-1.181567,0.805033,0.949886,244.983898,32.0,212.98389807742242,max_hold
DOGEUSDT/ONDOUSDT,20572,20577,5,short_spread,1.577092,0.086209,0.684886,0.924981,379.792489,32.0,347.7924885494889,z_exit
DOGEUSDT/SOLUSDT,20572,20592,20,short_spread,2.536388,2.038443,0.87589,0.90588,124.939025,32.0,92.93902549507965,max_hold
DOGEUSDT/SUIUSDT,20572,20591,19,short_spread,2.371552,0.1226,0.726291,0.927121,635.437106,32.0,603.4371064577865,z_exit
BTCUSDT/XLMUSDT,20573,20593,20,short_spread,2.128677,4.005438,0.676595,0.946406,-482.829333,32.0,-514.829333195192,max_hold
BTCUSDT/SUIUSDT,20574,20584,10,short_spread,3.133793,-0.142356,0.475229,0.938157,795.403118,32.0,763.4031181783726,z_exit
AVAXUSDT/ONDOUSDT,20575,20595,20,long_spread,-1.528938,-5.75836,0.683248,0.938271,-1252.372509,32.0,-1284.3725088245656,max_hold
ETHUSDT/SUIUSDT,20575,20582,7,short_spread,1.763433,0.010762,0.668494,0.943063,549.569415,32.0,517.5694145199816,z_exit
ONDOUSDT/XLMUSDT,20575,20595,20,short_spread,1.895168,9.38107,1.493454,0.923594,-1865.053389,32.0,-1897.053388933941,max_hold
TAOUSDT/XLMUSDT,20575,20595,20,short_spread,1.516796,1.504007,0.705924,0.969029,13.57282,32.0,-18.42717995394419,max_hold
ADAUSDT/ETHUSDT,20576,20596,20,long_spread,-1.524295,-0.652647,1.154841,0.977915,431.960747,32.0,399.9607469832462,max_hold
ETHUSDT/XLMUSDT,20576,20596,20,short_spread,1.606518,1.112794,0.93897,0.949709,166.869625,32.0,134.8696249365641,max_hold
BCHUSDT/BTCUSDT,20577,20597,20,long_spread,-1.558214,-3.927718,0.536124,0.949566,-1486.071781,32.0,-1518.0717814231114,max_hold
ONDOUSDT/SOLUSDT,20577,20597,20,short_spread,2.037994,5.119226,1.187351,0.975517,-1464.252664,32.0,-1496.2526642371572,max_hold
ONDOUSDT/WIFUSDT,20577,20597,20,short_spread,1.867506,5.072733,0.820313,0.965765,-1925.048037,32.0,-1957.0480374555536,max_hold
ONDOUSDT/XRPUSDT,20577,20597,20,short_spread,2.233567,6.468989,1.411907,0.95276,-1571.128365,32.0,-1603.1283649413424,max_hold
ADAUSDT/DOGEUSDT,20578,20598,20,long_spread,-3.875152,-2.680015,1.16739,0.969467,296.248982,32.0,264.24898163617337,max_hold
AVAXUSDT/BTCUSDT,20578,20598,20,long_spread,-2.840263,-1.972548,1.460359,0.966043,226.84509,32.0,194.8450897886969,max_hold
BTCUSDT/WIFUSDT,20578,20598,20,short_spread,2.088347,1.509295,0.369864,0.950898,232.563664,32.0,200.563663532796,max_hold
ADAUSDT/BTCUSDT,20579,20599,20,long_spread,-2.095326,-2.019312,1.640013,0.978783,30.22046,32.0,-1.7795398241725167,max_hold
TAOUSDT/XRPUSDT,20579,20599,20,short_spread,1.534875,1.171111,0.499608,0.975033,469.135867,32.0,437.13586708453886,max_hold
DOGEUSDT/ONDOUSDT,20580,20600,20,long_spread,-2.254407,-5.177111,0.689734,0.916749,-762.891666,32.0,-794.8916658444313,max_hold
ETHUSDT/ONDOUSDT,20580,20600,20,long_spread,-1.508832,-3.519507,0.599843,0.969522,-1089.714559,32.0,-1121.714559207799,max_hold
WIFUSDT/XRPUSDT,20580,20587,7,short_spread,1.53939,0.199221,1.626386,0.867749,408.841922,32.0,376.8419217644371,z_exit
ATOMUSDT/ONDOUSDT,20581,20601,20,long_spread,-2.293999,-0.637682,0.430676,0.971406,986.884683,32.0,954.8846828790148,max_hold
AVAXUSDT/XRPUSDT,20581,20589,8,short_spread,1.62802,-0.082735,1.007144,0.757836,303.608742,32.0,271.6087423582388,z_exit
BCHUSDT/ONDOUSDT,20581,20601,20,long_spread,-2.104775,-5.648924,0.247857,0.947066,-2857.22952,32.0,-2889.229520188793,max_hold
AVAXUSDT/XLMUSDT,20582,20602,20,short_spread,1.746419,-12.879598,1.031093,0.883315,2967.912062,32.0,2935.9120624041243,max_hold
BNBUSDT/SUIUSDT,20582,20599,17,long_spread,-1.625487,-0.102531,0.639418,0.888481,319.750079,32.0,287.75007911114557,z_exit
DOGEUSDT/XLMUSDT,20582,20602,20,short_spread,2.326776,-8.781497,1.010109,0.934753,2780.635639,32.0,2748.635638851788,max_hold
SOLUSDT/XRPUSDT,20582,20587,5,short_spread,1.769433,-0.014655,1.142249,0.8077,285.578272,32.0,253.57827181369527,z_exit
SUIUSDT/XRPUSDT,20582,20602,20,short_spread,2.122073,0.515373,1.355877,0.887926,332.169016,32.0,300.16901617476515,max_hold
ADAUSDT/SUIUSDT,20583,20603,20,long_spread,-3.159842,-1.096987,0.825163,0.957437,747.392577,32.0,715.3925768156056,max_hold
AVAXUSDT/SUIUSDT,20583,20603,20,long_spread,-3.531028,-0.172488,0.715711,0.895764,817.803849,32.0,785.8038485695413,z_exit
BCHUSDT/SUIUSDT,20583,20603,20,long_spread,-1.870599,-5.574068,0.360742,0.911815,-2104.263896,32.0,-2136.263896318714,max_hold
BNBUSDT/SOLUSDT,20583,20603,20,long_spread,-1.694887,6.620809,0.774172,0.860637,1119.81128,32.0,1087.811280469835,max_hold
ETHUSDT/SUIUSDT,20583,20603,20,long_spread,-2.498595,-0.619831,0.676194,0.940221,595.505109,32.0,563.5051086184085,max_hold
SOLUSDT/SUIUSDT,20583,20603,20,long_spread,-4.889895,-0.284141,0.829198,0.880802,896.613951,32.0,864.6139509743842,max_hold
SUIUSDT/WIFUSDT,20583,20602,19,short_spread,2.877543,-0.220359,0.79518,0.917024,1221.659201,32.0,1189.6592011296054,z_exit
SUIUSDT/XLMUSDT,20583,20600,17,short_spread,3.369465,-0.126832,1.36584,0.960622,1192.713882,32.0,1160.713882348748,z_exit
1000PEPEUSDT/BCHUSDT,20584,20604,20,short_spread,1.561591,3.218727,1.090944,0.88628,-933.857993,32.0,-965.8579926626229,max_hold
ONDOUSDT/SUIUSDT,20584,20604,20,short_spread,1.557591,2.977615,0.911776,0.961976,-889.502355,32.0,-921.5023552081049,max_hold
BCHUSDT/DOGEUSDT,20585,20605,20,long_spread,-1.642977,-5.784607,0.461841,0.935908,-2494.09184,32.0,-2526.091840437553,max_hold
BCHUSDT/BNBUSDT,20586,20606,20,long_spread,-1.585383,-7.693643,0.574566,0.910437,-2934.597783,32.0,-2966.5977825278346,max_hold
BCHUSDT/WIFUSDT,20586,20606,20,long_spread,-1.547314,-7.120946,0.317585,0.889451,-3132.729368,32.0,-3164.7293675932415,max_hold
BCHUSDT/XRPUSDT,20587,20607,20,long_spread,-1.502746,-7.638274,0.52853,0.918421,-3064.539008,32.0,-3096.5390079515323,max_hold
BNBUSDT/BTCUSDT,20587,20607,20,long_spread,-1.695175,1.714121,1.28709,0.972586,930.315395,32.0,898.3153954445123,max_hold
BTCUSDT/ETHUSDT,20587,20607,20,short_spread,3.47283,0.035178,0.663335,0.925457,489.571934,32.0,457.57193352881984,z_exit
DOGEUSDT/ETHUSDT,20587,20607,20,short_spread,1.535498,1.28454,0.938028,0.940118,88.280107,32.0,56.280106540473696,max_hold
DOGEUSDT/WIFUSDT,20587,20607,20,short_spread,1.873996,-0.730526,0.561424,0.921571,955.450223,32.0,923.4502229690743,max_hold
XLMUSDT/XRPUSDT,20587,20607,20,long_spread,-1.571223,10.936056,0.935842,0.900234,2324.461485,32.0,2292.461485455209,max_hold
BCHUSDT/ETHUSDT,20588,20608,20,long_spread,-1.501147,-6.572343,0.498122,0.942856,-2931.514169,32.0,-2963.514168634851,max_hold
BCHUSDT/SOLUSDT,20588,20608,20,long_spread,-1.533645,-7.171048,0.457936,0.922274,-2977.132659,32.0,-3009.132659172814,max_hold
BNBUSDT/XLMUSDT,20588,20600,12,short_spread,1.7194,0.117153,0.906089,0.947641,470.510172,32.0,438.51017150857547,z_exit
ADAUSDT/ATOMUSDT,20589,20609,20,long_spread,-1.598182,-3.355248,1.345096,0.967648,-895.024078,32.0,-927.0240776401336,max_hold
ATOMUSDT/BCHUSDT,20589,20609,20,short_spread,1.661551,4.905426,0.732832,0.91616,-1698.478795,32.0,-1730.4787951300739,max_hold
HYPEUSDT/TAOUSDT,20590,20610,20,short_spread,1.690406,3.376931,0.344442,0.975424,-2363.017551,32.0,-2395.017550668181,max_hold
ADAUSDT/BCHUSDT,20591,20611,20,short_spread,1.606348,3.528085,1.314366,0.900027,-1004.708632,32.0,-1036.7086321515549,max_hold
ATOMUSDT/XLMUSDT,20591,20611,20,short_spread,1.759594,-2.740313,0.540643,0.955167,2418.036046,32.0,2386.036046333712,max_hold
AVAXUSDT/BCHUSDT,20591,20611,20,short_spread,1.554323,3.562194,1.078366,0.933959,-1113.492931,32.0,-1145.4929309413362,max_hold
BCHUSDT/XLMUSDT,20591,20611,20,long_spread,-2.072303,-10.564035,0.568151,0.921706,-4383.658558,32.0,-4415.658557928016,max_hold
BTCUSDT/ONDOUSDT,20591,20611,20,long_spread,-1.63362,-4.192106,0.429753,0.952165,-1067.489562,32.0,-1099.48956156265,max_hold
BTCUSDT/SOLUSDT,20591,20606,15,short_spread,1.648253,0.095097,0.525327,0.9707,452.345454,32.0,420.3454543409111,z_exit
SOLUSDT/XLMUSDT,20591,20611,20,short_spread,1.694594,-9.808223,1.181239,0.925261,2958.452964,32.0,2926.4529635355843,max_hold
ADAUSDT/XLMUSDT,20592,20612,20,short_spread,1.52253,-12.883988,1.136681,0.944816,3596.31833,32.0,3564.318329731249,max_hold
BTCUSDT/XRPUSDT,20592,20606,14,short_spread,1.639673,0.224188,0.604537,0.973343,437.245061,32.0,405.2450607931424,z_exit
DOGEUSDT/XRPUSDT,20592,20612,20,short_spread,1.681877,0.978951,0.92925,0.90573,176.774035,32.0,144.7740345108755,max_hold
1000PEPEUSDT/ONDOUSDT,20593,20613,20,long_spread,-1.582816,-3.375406,0.474975,0.954052,-1606.577217,32.0,-1638.5772171116596,max_hold
1000PEPEUSDT/ATOMUSDT,20595,20615,20,long_spread,-1.844534,-4.486436,1.261201,0.871518,-1034.561895,32.0,-1066.56189514457,max_hold
ADAUSDT/BNBUSDT,20595,20615,20,long_spread,-1.749691,-6.03105,1.162715,0.929433,-1237.337647,32.0,-1269.337646573789,max_hold
ATOMUSDT/XRPUSDT,20595,20609,14,short_spread,1.674367,0.020146,0.528549,0.945296,777.388628,32.0,745.3886280119796,z_exit
BNBUSDT/XRPUSDT,20595,20615,20,short_spread,1.721556,3.485966,0.89442,0.891559,-357.192135,32.0,-389.19213491463535,max_hold
BTCUSDT/XLMUSDT,20595,20615,20,short_spread,1.85324,-3.958064,0.595925,0.978043,2162.220948,32.0,2130.2209477732054,max_hold
ADAUSDT/AVAXUSDT,20596,20616,20,long_spread,-1.532497,-1.007981,1.113206,0.946292,123.249366,32.0,91.24936600412451,max_hold
ATOMUSDT/WIFUSDT,20596,20606,10,short_spread,1.662377,0.040242,0.312685,0.948031,881.170015,32.0,849.1700151573565,z_exit
ATOMUSDT/AVAXUSDT,20598,20610,12,short_spread,1.50432,0.155652,0.498828,0.958799,699.107965,32.0,667.1079652914234,z_exit
ATOMUSDT/SOLUSDT,20598,20609,11,short_spread,1.602637,-0.104749,0.413428,0.950799,942.600787,32.0,910.6007871894494,z_exit
ADAUSDT/DOGEUSDT,20599,20619,20,long_spread,-1.87555,-3.937514,1.124271,0.975134,-671.044937,32.0,-703.0449371778294,max_hold
ADAUSDT/WIFUSDT,20599,20619,20,long_spread,-1.520901,-5.603929,0.644444,0.897318,-1231.132151,32.0,-1263.1321510720359,max_hold
ATOMUSDT/BNBUSDT,20599,20603,4,short_spread,1.764212,-0.031718,0.515076,0.94531,931.669592,32.0,899.6695924272135,z_exit
ATOMUSDT/DOGEUSDT,20599,20605,6,short_spread,1.985048,-0.15706,0.548097,0.946892,980.378245,32.0,948.3782449504565,z_exit
ATOMUSDT/ETHUSDT,20599,20606,7,short_spread,1.885126,0.142892,0.427725,0.957183,1052.804938,32.0,1020.8049383763025,z_exit
ATOMUSDT/SUIUSDT,20599,20609,10,short_spread,2.052711,-0.201748,0.37097,0.940248,1167.489242,32.0,1135.4892415013053,z_exit
1000PEPEUSDT/XLMUSDT,20601,20621,20,long_spread,-2.359292,-4.167853,0.76657,0.944887,-1220.287934,32.0,-1252.2879341911848,max_hold
BNBUSDT/XLMUSDT,20601,20621,20,long_spread,-3.678847,-6.251109,0.90347,0.935021,-796.797891,32.0,-828.797891299627,max_hold
DOGEUSDT/ONDOUSDT,20601,20621,20,long_spread,-2.374047,-4.186582,0.629812,0.964684,-861.418285,32.0,-893.4182853747433,max_hold
ETHUSDT/XLMUSDT,20601,20621,20,long_spread,-4.776299,-8.533563,0.995419,0.929399,-1201.042929,32.0,-1233.0429285971388,max_hold
SUIUSDT/XLMUSDT,20601,20621,20,long_spread,-3.668905,-6.964951,1.326777,0.949268,-1407.545043,32.0,-1439.54504316491,max_hold
WIFUSDT/XLMUSDT,20601,20621,20,long_spread,-4.301979,-6.719837,1.642924,0.937693,-999.175524,32.0,-1031.175524399165,max_hold
ADAUSDT/BTCUSDT,20602,20622,20,long_spread,-1.505243,-2.756196,1.411286,0.979301,-554.718263,32.0,-586.7182633179658,max_hold
ONDOUSDT/WIFUSDT,20602,20622,20,short_spread,1.721475,2.422521,0.582727,0.976757,-647.747006,32.0,-679.7470060287351,max_hold
ONDOUSDT/XLMUSDT,20602,20606,4,long_spread,-1.576349,-0.04746,0.976239,0.967479,1215.835555,32.0,1183.8355551419418,z_exit
1000PEPEUSDT/BNBUSDT,20603,20623,20,long_spread,-1.68257,-1.763559,0.838837,0.925649,-49.53903,32.0,-81.53903013088706,max_hold
AVAXUSDT/BNBUSDT,20603,20623,20,long_spread,-3.612259,-8.189923,0.995211,0.897043,-1030.343127,32.0,-1062.343127158152,max_hold
BNBUSDT/ETHUSDT,20603,20623,20,short_spread,3.128091,1.807375,0.857512,0.964848,371.275846,32.0,339.2758463915518,max_hold
BNBUSDT/SUIUSDT,20603,20623,20,short_spread,3.901703,2.422679,0.643853,0.902566,362.164416,32.0,330.164416313753,max_hold
BNBUSDT/WIFUSDT,20603,20607,4,short_spread,2.427715,-0.217281,0.516704,0.934342,958.399898,32.0,926.399898280411,z_exit
ONDOUSDT/SOLUSDT,20603,20623,20,short_spread,2.166291,2.768614,0.830026,0.979153,-477.870885,32.0,-509.87088454563025,max_hold
AVAXUSDT/XLMUSDT,20604,20624,20,long_spread,-6.837252,-9.684368,0.910285,0.9655,-1032.797084,32.0,-1064.7970841545693,max_hold
BNBUSDT/SOLUSDT,20604,20624,20,short_spread,5.402191,1.753908,0.778599,0.921716,545.888402,32.0,513.8884015698632,max_hold
DOGEUSDT/SUIUSDT,20604,20610,6,short_spread,1.589957,0.112268,0.629925,0.87382,396.066079,32.0,364.06607862768925,z_exit
DOGEUSDT/XLMUSDT,20604,20624,20,long_spread,-4.894638,-5.262612,0.834885,0.955795,-156.821932,32.0,-188.82193192943035,max_hold
1000PEPEUSDT/BCHUSDT,20605,20625,20,short_spread,1.775232,2.62442,0.754682,0.936015,-599.142779,32.0,-631.1427792028691,max_hold
ONDOUSDT/SUIUSDT,20605,20625,20,short_spread,2.301046,3.033754,0.730313,0.976742,-549.544406,32.0,-581.5444060494406,max_hold
ADAUSDT/TAOUSDT,20606,20626,20,long_spread,-1.63957,-3.182265,0.079463,0.976532,-2751.070864,32.0,-2783.0708637313855,max_hold
ATOMUSDT/ONDOUSDT,20606,20626,20,long_spread,-1.874873,-1.397312,0.320348,0.959473,311.111136,32.0,279.1111355354858,max_hold
ADAUSDT/SOLUSDT,20607,20627,20,long_spread,-1.830755,-7.06309,0.920099,0.92444,-1328.910099,32.0,-1360.9100987622821,max_hold
ADAUSDT/SUIUSDT,20607,20627,20,long_spread,-2.320413,-4.873782,0.749317,0.947705,-925.000082,32.0,-957.0000820188392,max_hold
ADAUSDT/XRPUSDT,20607,20627,20,long_spread,-2.193613,-6.852135,1.108386,0.877894,-913.398739,32.0,-945.3987390006121,max_hold
AVAXUSDT/DOGEUSDT,20607,20627,20,long_spread,-1.503013,-2.822573,0.996931,0.93899,-346.17841,32.0,-378.17840966246814,max_hold
AVAXUSDT/WIFUSDT,20607,20627,20,long_spread,-2.213106,-4.228499,0.52891,0.937934,-763.009981,32.0,-795.0099811372185,max_hold
BTCUSDT/DOGEUSDT,20607,20624,17,long_spread,-1.866125,-0.217961,0.698943,0.910539,376.03767,32.0,344.03766988156303,z_exit
BTCUSDT/WIFUSDT,20607,20627,20,long_spread,-1.902265,-1.202834,0.341332,0.955009,311.205227,32.0,279.20522727417915,max_hold
ETHUSDT/WIFUSDT,20607,20627,20,long_spread,-2.013582,-1.738023,0.557944,0.953637,133.633481,32.0,101.63348134106451,max_hold
ONDOUSDT/TAOUSDT,20607,20627,20,short_spread,1.508585,0.185151,0.436044,0.975527,1821.767208,32.0,1789.767207973594,z_exit
SOLUSDT/WIFUSDT,20607,20627,20,long_spread,-2.67662,-1.109617,0.663786,0.930733,587.385934,32.0,555.3859335084561,max_hold
SUIUSDT/WIFUSDT,20607,20627,20,long_spread,-1.688427,-1.804542,0.79066,0.928416,-51.208547,32.0,-83.20854657593586,max_hold
WIFUSDT/XRPUSDT,20607,20627,20,short_spread,2.559384,1.830129,1.643403,0.883349,220.488876,32.0,188.48887598201034,max_hold
1000PEPEUSDT/TAOUSDT,20608,20628,20,long_spread,-1.68379,-2.573035,0.109085,0.965811,-1425.969884,32.0,-1457.9698841450374,max_hold
ADAUSDT/ETHUSDT,20608,20628,20,long_spread,-2.390303,-3.783567,0.979282,0.968275,-564.727148,32.0,-596.7271478148031,max_hold
XLMUSDT/XRPUSDT,20608,20628,20,short_spread,3.673047,3.514163,0.806403,0.9746,81.375734,32.0,49.37573438510195,max_hold
1000PEPEUSDT/WIFUSDT,20609,20629,20,long_spread,-1.788679,-2.803754,0.523091,0.942366,-667.26211,32.0,-699.2621100842139,max_hold
AVAXUSDT/BTCUSDT,20609,20629,20,long_spread,-1.759343,-2.500618,1.290271,0.95577,-213.760676,32.0,-245.76067610358675,max_hold
AVAXUSDT/SOLUSDT,20609,20629,20,long_spread,-2.862026,-7.343766,0.797035,0.822456,-698.614057,32.0,-730.6140570227379,max_hold
AVAXUSDT/SUIUSDT,20609,20629,20,long_spread,-3.216696,-4.826137,0.659566,0.862867,-347.574489,32.0,-379.5744885153445,max_hold
AVAXUSDT/XRPUSDT,20609,20629,20,long_spread,-2.904743,-3.774083,0.9484,0.804356,-143.175826,32.0,-175.17582614265677,max_hold
DOGEUSDT/TAOUSDT,20609,20629,20,long_spread,-1.57093,-2.244878,0.194081,0.975324,-844.306873,32.0,-876.3068734732661,max_hold
ETHUSDT/SUIUSDT,20610,20624,14,long_spread,-1.752629,0.013895,0.699046,0.947234,631.37487,32.0,599.3748697394711,z_exit
SOLUSDT/SUIUSDT,20610,20619,9,long_spread,-2.033462,0.084458,0.817852,0.903548,504.529372,32.0,472.52937158072746,z_exit
ADAUSDT/ATOMUSDT,20611,20631,20,long_spread,-2.545546,-2.721583,1.263323,0.979026,-110.62016,32.0,-142.6201598820406,max_hold
AVAXUSDT/ETHUSDT,20611,20631,20,long_spread,-2.36803,-2.253816,0.88617,0.9179,26.313199,32.0,-5.68680071753333,max_hold
ONDOUSDT/XRPUSDT,20611,20631,20,short_spread,1.914074,1.653232,0.749326,0.977456,246.484676,32.0,214.48467606678182,max_hold
ATOMUSDT/XLMUSDT,20612,20615,3,long_spread,-1.68393,-0.007683,0.357133,0.962526,1184.723804,32.0,1152.7238043160266,z_exit
ATOMUSDT/AVAXUSDT,20615,20628,13,short_spread,2.600004,0.182859,0.450793,0.958173,1343.836986,32.0,1311.8369859657223,z_exit
ATOMUSDT/BCHUSDT,20615,20629,14,short_spread,2.449341,0.149341,0.248211,0.959216,1741.753995,32.0,1709.7539952964296,z_exit
ATOMUSDT/BTCUSDT,20615,20624,9,short_spread,1.736161,0.180922,0.642187,0.952589,776.310348,32.0,744.3103477588211,z_exit
ATOMUSDT/DOGEUSDT,20615,20628,13,short_spread,1.97543,0.032939,0.564007,0.939127,892.776479,32.0,860.7764789579537,z_exit
ATOMUSDT/ETHUSDT,20615,20624,9,short_spread,1.768514,0.197763,0.386989,0.957054,980.867046,32.0,948.8670459239153,z_exit
ATOMUSDT/SOLUSDT,20615,20624,9,short_spread,1.982178,0.048818,0.377996,0.94943,1123.954606,32.0,1091.9546058902945,z_exit
ATOMUSDT/SUIUSDT,20615,20627,12,short_spread,2.140336,0.132944,0.350947,0.941476,1069.377626,32.0,1037.377625601196,z_exit
ATOMUSDT/WIFUSDT,20615,20622,7,short_spread,1.864158,0.073688,0.300462,0.94356,1015.668652,32.0,983.6686520914468,z_exit
ATOMUSDT/XRPUSDT,20615,20627,12,short_spread,2.109037,0.087599,0.47728,0.947539,1048.695614,32.0,1016.695614347113,z_exit
1000PEPEUSDT/ATOMUSDT,20616,20636,20,long_spread,-3.280853,-1.266586,1.455394,0.943697,854.614421,32.0,822.6144208065413,max_hold
BNBUSDT/XRPUSDT,20616,20636,20,short_spread,2.328156,1.428748,0.858514,0.940701,231.604448,32.0,199.60444757013778,max_hold
ADAUSDT/BCHUSDT,20618,20627,9,short_spread,1.560173,0.16308,0.716307,0.93314,773.219091,32.0,741.2190910858446,z_exit
1000PEPEUSDT/AVAXUSDT,20623,20627,4,short_spread,1.771738,0.244435,0.974271,0.928723,717.363323,32.0,685.3633231972218,z_exit
BNBUSDT/SUIUSDT,20624,20635,11,short_spread,1.50863,0.154325,0.576522,0.935828,426.54856,32.0,394.5485604019094,z_exit
1000PEPEUSDT/AVAXUSDT,20633,20637,4,long_spread,-1.583714,-0.08498,1.042353,0.892439,599.304869,32.0,567.3048688235764,z_exit
