entry_ts,exit_ts,r,side,symbol,setup,tp_rr,sl_atr,max_hold
1721023200.0,1721059200.0,1.3769,short,USDJPY,session_range_fade,1.5,1.3,24
1721106000.0,1721131200.0,1.3698,short,USDJPY,session_range_fade,1.5,1.3,24
1721142000.0,1721192400.0,1.3528,short,USDJPY,session_range_fade,1.5,1.3,24
1721368800.0,1721372400.0,-1.1368,short,USDJPY,session_range_fade,1.5,1.3,24
1721595600.0,1721602800.0,-1.1633,long,USDJPY,session_range_fade,1.5,1.3,24
1721606400.0,1721624400.0,-1.167,long,USDJPY,session_range_fade,1.5,1.3,24
1721970000.0,1721977200.0,-1.087,short,USDJPY,session_range_fade,1.5,1.3,24
1721980800.0,1722002400.0,1.4197,short,USDJPY,session_range_fade,1.5,1.3,24
1722243600.0,1722312000.0,1.422,long,USDJPY,session_range_fade,1.5,1.3,24
1722949200.0,1722992400.0,-1.0318,short,USDJPY,session_range_fade,1.5,1.3,24
1723057200.0,1723071600.0,-1.0514,long,USDJPY,session_range_fade,1.5,1.3,24
1723111200.0,1723118400.0,1.4496,long,USDJPY,session_range_fade,1.5,1.3,24
1723172400.0,1723204800.0,1.4182,short,USDJPY,session_range_fade,1.5,1.3,24
1723417200.0,1723449600.0,-1.1074,short,USDJPY,session_range_fade,1.5,1.3,24
1723521600.0,1723550400.0,1.3948,short,USDJPY,session_range_fade,1.5,1.3,24
1723690800.0,1723723200.0,-1.1288,short,USDJPY,session_range_fade,1.5,1.3,24
1724112000.0,1724119200.0,-1.1018,short,USDJPY,session_range_fade,1.5,1.3,24
1724216400.0,1724223600.0,-1.1007,short,USDJPY,session_range_fade,1.5,1.3,24
1724677200.0,1724720400.0,-1.0767,short,USDJPY,session_range_fade,1.5,1.3,24
1724724000.0,1724760000.0,1.4024,short,USDJPY,session_range_fade,1.5,1.3,24
1724763600.0,1724796000.0,1.4065,short,USDJPY,session_range_fade,1.5,1.3,24
1724810400.0,1724835600.0,-1.1212,long,USDJPY,session_range_fade,1.5,1.3,24
1724882400.0,1724907600.0,1.4023,long,USDJPY,session_range_fade,1.5,1.3,24
1724914800.0,1724932800.0,-1.1105,short,USDJPY,session_range_fade,1.5,1.3,24
1724976000.0,1725012000.0,1.4001,long,USDJPY,session_range_fade,1.5,1.3,24
1725328800.0,1725339600.0,-1.1359,long,USDJPY,session_range_fade,1.5,1.3,24
1725591600.0,1725598800.0,1.405,short,USDJPY,session_range_fade,1.5,1.3,24
1725933600.0,1725969600.0,1.3924,short,USDJPY,session_range_fade,1.5,1.3,24
1725973200.0,1725976800.0,-1.0952,long,USDJPY,session_range_fade,1.5,1.3,24
1726135200.0,1726142400.0,1.4062,short,USDJPY,session_range_fade,1.5,1.3,24
1726160400.0,1726167600.0,-1.0697,long,USDJPY,session_range_fade,1.5,1.3,24
1726437600.0,1726455600.0,1.4136,short,USDJPY,session_range_fade,1.5,1.3,24
1726549200.0,1726574400.0,-1.1095,short,USDJPY,session_range_fade,1.5,1.3,24
1726578000.0,1726588800.0,-1.0836,short,USDJPY,session_range_fade,1.5,1.3,24
1726664400.0,1726682400.0,-1.091,long,USDJPY,session_range_fade,1.5,1.3,24
1727053200.0,1727074800.0,1.4275,short,USDJPY,session_range_fade,1.5,1.3,24
1727082000.0,1727085600.0,-1.1003,long,USDJPY,session_range_fade,1.5,1.3,24
1727128800.0,1727157600.0,1.4162,long,USDJPY,session_range_fade,1.5,1.3,24
1727244000.0,1727251200.0,-1.1029,short,USDJPY,session_range_fade,1.5,1.3,24
1727308800.0,1727312400.0,-1.1265,short,USDJPY,session_range_fade,1.5,1.3,24
1727316000.0,1727334000.0,-1.1184,short,USDJPY,session_range_fade,1.5,1.3,24
1727337600.0,1727348400.0,1.3955,short,USDJPY,session_range_fade,1.5,1.3,24
1727362800.0,1727395200.0,1.4276,long,USDJPY,session_range_fade,1.5,1.3,24
1727780400.0,1727791200.0,1.4159,short,USDJPY,session_range_fade,1.5,1.3,24
1727827200.0,1727863200.0,1.4282,long,USDJPY,session_range_fade,1.5,1.3,24
1727956800.0,1728014400.0,-1.0801,long,USDJPY,session_range_fade,1.5,1.3,24
1728298800.0,1728306000.0,-1.0875,long,USDJPY,session_range_fade,1.5,1.3,24
1728313200.0,1728338400.0,-1.089,long,USDJPY,session_range_fade,1.5,1.3,24
1728352800.0,1728392400.0,1.4032,long,USDJPY,session_range_fade,1.5,1.3,24
1728410400.0,1728460800.0,-1.0988,short,USDJPY,session_range_fade,1.5,1.3,24
1728464400.0,1728475200.0,-1.1403,short,USDJPY,session_range_fade,1.5,1.3,24
1728525600.0,1728532800.0,-1.1626,short,USDJPY,session_range_fade,1.5,1.3,24
1728536400.0,1728543600.0,-1.1607,long,USDJPY,session_range_fade,1.5,1.3,24
1728615600.0,1728648000.0,1.397,long,USDJPY,session_range_fade,1.5,1.3,24
1728666000.0,1728856800.0,-1.1407,short,USDJPY,session_range_fade,1.5,1.3,24
1728864000.0,1728892800.0,-1.1503,short,USDJPY,session_range_fade,1.5,1.3,24
1728896400.0,1728903600.0,-1.2044,short,USDJPY,session_range_fade,1.5,1.3,24
1728954000.0,1728972000.0,-1.1954,long,USDJPY,session_range_fade,1.5,1.3,24
1729072800.0,1729087200.0,-1.1292,short,USDJPY,session_range_fade,1.5,1.3,24
1729130400.0,1729144800.0,-1.1643,short,USDJPY,session_range_fade,1.5,1.3,24
1729148400.0,1729162800.0,1.3108,short,USDJPY,session_range_fade,1.5,1.3,24
1729238400.0,1729245600.0,-1.1682,long,USDJPY,session_range_fade,1.5,1.3,24
1729576800.0,1729605600.0,-1.1499,short,USDJPY,session_range_fade,1.5,1.3,24
1729627200.0,1729641600.0,1.3577,long,USDJPY,session_range_fade,1.5,1.3,24
1729839600.0,1729872000.0,-1.1414,short,USDJPY,session_range_fade,1.5,1.3,24
1730156400.0,1730163600.0,-1.1376,long,USDJPY,session_range_fade,1.5,1.3,24
1730174400.0,1730185200.0,1.3431,long,USDJPY,session_range_fade,1.5,1.3,24
1730268000.0,1730275200.0,-1.153,long,USDJPY,session_range_fade,1.5,1.3,24
1730282400.0,1730289600.0,1.3744,long,USDJPY,session_range_fade,1.5,1.3,24
1730293200.0,1730332800.0,1.4012,long,USDJPY,session_range_fade,1.5,1.3,24
1730757600.0,1730768400.0,-1.1225,short,USDJPY,session_range_fade,1.5,1.3,24
1730797200.0,1730815200.0,1.3241,short,USDJPY,session_range_fade,1.5,1.3,24
1730944800.0,1730952000.0,-1.1022,long,USDJPY,session_range_fade,1.5,1.3,24
1730955600.0,1730984400.0,-1.1031,long,USDJPY,session_range_fade,1.5,1.3,24
1731067200.0,1731279600.0,1.3992,long,USDJPY,session_range_fade,1.5,1.3,24
1731351600.0,1731376800.0,-1.1547,short,USDJPY,session_range_fade,1.5,1.3,24
1731391200.0,1731420000.0,1.3496,long,USDJPY,session_range_fade,1.5,1.3,24
1731596400.0,1731625200.0,1.3894,long,USDJPY,session_range_fade,1.5,1.3,24
1732032000.0,1732064400.0,-1.0601,short,USDJPY,session_range_fade,1.5,1.3,24
1732114800.0,1732147200.0,1.3852,short,USDJPY,session_range_fade,1.5,1.3,24
1732165200.0,1732168800.0,-1.1339,long,USDJPY,session_range_fade,1.5,1.3,24
1732287600.0,1732485600.0,1.4147,short,USDJPY,session_range_fade,1.5,1.3,24
1732590000.0,1732622400.0,-1.0894,long,USDJPY,session_range_fade,1.5,1.3,24
1732798800.0,1732834800.0,1.3781,short,USDJPY,session_range_fade,1.5,1.3,24
1732899600.0,1733101200.0,1.4265,long,USDJPY,session_range_fade,1.5,1.3,24
1733378400.0,1733400000.0,1.4084,long,USDJPY,session_range_fade,1.5,1.3,24
1733418000.0,1733490000.0,-1.0862,long,USDJPY,session_range_fade,1.5,1.3,24
1733497200.0,1733731200.0,1.412,long,USDJPY,session_range_fade,1.5,1.3,24
1733806800.0,1733814000.0,1.3659,long,USDJPY,session_range_fade,1.5,1.3,24
1733875200.0,1733882400.0,-1.1485,long,USDJPY,session_range_fade,1.5,1.3,24
1734307200.0,1734350400.0,-1.1311,short,USDJPY,session_range_fade,1.5,1.3,24
1734372000.0,1734426000.0,-1.1353,long,USDJPY,session_range_fade,1.5,1.3,24
1734429600.0,1734444000.0,-1.1317,long,USDJPY,session_range_fade,1.5,1.3,24
1734512400.0,1734534000.0,1.3598,long,USDJPY,session_range_fade,1.5,1.3,24
1735005600.0,1735052400.0,-1.1944,short,USDJPY,session_range_fade,1.5,1.3,24
1735110000.0,1735210800.0,1.3274,long,USDJPY,session_range_fade,1.5,1.3,24
1735304400.0,1735311600.0,-1.1594,long,USDJPY,session_range_fade,1.5,1.3,24
1735318800.0,1735556400.0,-1.1495,long,USDJPY,session_range_fade,1.5,1.3,24
1735909200.0,1735923600.0,-1.1438,long,USDJPY,session_range_fade,1.5,1.3,24
1735927200.0,1736121600.0,1.3683,long,USDJPY,session_range_fade,1.5,1.3,24
1736125200.0,1736157600.0,-1.1372,short,USDJPY,session_range_fade,1.5,1.3,24
1736161200.0,1736164800.0,-1.1301,long,USDJPY,session_range_fade,1.5,1.3,24
1736355600.0,1736380800.0,-1.1436,long,USDJPY,session_range_fade,1.5,1.3,24
1736384400.0,1736395200.0,-1.1483,long,USDJPY,session_range_fade,1.5,1.3,24
1736438400.0,1736481600.0,1.3514,long,USDJPY,session_range_fade,1.5,1.3,24
1736794800.0,1736809200.0,1.4134,short,USDJPY,session_range_fade,1.5,1.3,24
1736812800.0,1736816400.0,-1.0938,short,USDJPY,session_range_fade,1.5,1.3,24
1736834400.0,1736845200.0,-1.0893,short,USDJPY,session_range_fade,1.5,1.3,24
1736913600.0,1736917200.0,-1.1517,long,USDJPY,session_range_fade,1.5,1.3,24
1737090000.0,1737122400.0,-1.1152,short,USDJPY,session_range_fade,1.5,1.3,24
1737342000.0,1737356400.0,1.3781,long,USDJPY,session_range_fade,1.5,1.3,24
1737360000.0,1737370800.0,-1.1321,short,USDJPY,session_range_fade,1.5,1.3,24
1737374400.0,1737378000.0,1.3769,short,USDJPY,session_range_fade,1.5,1.3,24
1737511200.0,1737529200.0,-1.1188,short,USDJPY,session_range_fade,1.5,1.3,24
1737532800.0,1737547200.0,-1.1193,short,USDJPY,session_range_fade,1.5,1.3,24
1737550800.0,1737558000.0,-1.1113,short,USDJPY,session_range_fade,1.5,1.3,24
1737612000.0,1737626400.0,1.2957,short,USDJPY,session_range_fade,1.5,1.3,24
1737630000.0,1737637200.0,-1.1732,long,USDJPY,session_range_fade,1.5,1.3,24
1737640800.0,1737648000.0,-1.1444,long,USDJPY,session_range_fade,1.5,1.3,24
1738076400.0,1738126800.0,1.4138,short,USDJPY,session_range_fade,1.5,1.3,24
1738170000.0,1738177200.0,1.3856,long,USDJPY,session_range_fade,1.5,1.3,24
1738180800.0,1738195200.0,-1.1095,long,USDJPY,session_range_fade,1.5,1.3,24
1738216800.0,1738242000.0,-1.104,long,USDJPY,session_range_fade,1.5,1.3,24
1738281600.0,1738299600.0,-1.0876,short,USDJPY,session_range_fade,1.5,1.3,24
1738342800.0,1738346400.0,-1.1118,short,USDJPY,session_range_fade,1.5,1.3,24
1738350000.0,1738540800.0,-1.109,short,USDJPY,session_range_fade,1.5,1.3,24
1738821600.0,1738846800.0,1.3911,short,USDJPY,session_range_fade,1.5,1.3,24
1738908000.0,1738926000.0,-1.1103,short,USDJPY,session_range_fade,1.5,1.3,24
1738929600.0,1738933200.0,-1.1129,short,USDJPY,session_range_fade,1.5,1.3,24
1739210400.0,1739271600.0,-1.1205,short,USDJPY,session_range_fade,1.5,1.3,24
1739275200.0,1739314800.0,-1.1493,short,USDJPY,session_range_fade,1.5,1.3,24
1739422800.0,1739440800.0,-1.1158,long,USDJPY,session_range_fade,1.5,1.3,24
1739527200.0,1739538000.0,-1.1086,long,USDJPY,session_range_fade,1.5,1.3,24
1739808000.0,1739836800.0,-1.1598,short,USDJPY,session_range_fade,1.5,1.3,24
1739840400.0,1739847600.0,-1.2113,short,USDJPY,session_range_fade,1.5,1.3,24
1739862000.0,1739876400.0,1.3452,short,USDJPY,session_range_fade,1.5,1.3,24
1739887200.0,1739912400.0,-1.1427,short,USDJPY,session_range_fade,1.5,1.3,24
1739916000.0,1739926800.0,1.3241,short,USDJPY,session_range_fade,1.5,1.3,24
1739930400.0,1739944800.0,1.3612,short,USDJPY,session_range_fade,1.5,1.3,24
1740376800.0,1740398400.0,-1.1051,short,USDJPY,session_range_fade,1.5,1.3,24
1740412800.0,1740441600.0,-1.1051,short,USDJPY,session_range_fade,1.5,1.3,24
1740448800.0,1740466800.0,1.3904,short,USDJPY,session_range_fade,1.5,1.3,24
1740567600.0,1740589200.0,1.3986,short,USDJPY,session_range_fade,1.5,1.3,24
1740610800.0,1740636000.0,1.4014,long,USDJPY,session_range_fade,1.5,1.3,24
1740639600.0,1740643200.0,-1.1174,short,USDJPY,session_range_fade,1.5,1.3,24
1740697200.0,1740700800.0,1.4127,short,USDJPY,session_range_fade,1.5,1.3,24
1740704400.0,1740722400.0,1.4244,long,USDJPY,session_range_fade,1.5,1.3,24
1740963600.0,1740992400.0,-1.0818,long,USDJPY,session_range_fade,1.5,1.3,24
1741176000.0,1741183200.0,1.4124,short,USDJPY,session_range_fade,1.5,1.3,24
1741240800.0,1741244400.0,-1.1101,long,USDJPY,session_range_fade,1.5,1.3,24
1741302000.0,1741316400.0,1.4236,short,USDJPY,session_range_fade,1.5,1.3,24
1741330800.0,1741356000.0,1.4072,short,USDJPY,session_range_fade,1.5,1.3,24
1741370400.0,1741568400.0,1.4392,short,USDJPY,session_range_fade,1.5,1.3,24
1741572000.0,1741608000.0,1.4371,short,USDJPY,session_range_fade,1.5,1.3,24
1741680000.0,1741690800.0,-1.0826,short,USDJPY,session_range_fade,1.5,1.3,24
1741780800.0,1741788000.0,1.4165,short,USDJPY,session_range_fade,1.5,1.3,24
1741856400.0,1741867200.0,-1.1243,long,USDJPY,session_range_fade,1.5,1.3,24
1741870800.0,1741878000.0,-1.1016,long,USDJPY,session_range_fade,1.5,1.3,24
1741881600.0,1741910400.0,1.4067,long,USDJPY,session_range_fade,1.5,1.3,24
1741921200.0,1741928400.0,-1.1189,short,USDJPY,session_range_fade,1.5,1.3,24
1741964400.0,1742169600.0,-1.1029,short,USDJPY,session_range_fade,1.5,1.3,24
1742202000.0,1742212800.0,-1.1081,long,USDJPY,session_range_fade,1.5,1.3,24
1742220000.0,1742234400.0,1.4041,long,USDJPY,session_range_fade,1.5,1.3,24
1742310000.0,1742320800.0,-1.1232,long,USDJPY,session_range_fade,1.5,1.3,24
1742338800.0,1742364000.0,1.3755,long,USDJPY,session_range_fade,1.5,1.3,24
1742508000.0,1742515200.0,-1.1321,short,USDJPY,session_range_fade,1.5,1.3,24
1742893200.0,1742896800.0,-1.1562,long,USDJPY,session_range_fade,1.5,1.3,24
1742947200.0,1742961600.0,1.3375,long,USDJPY,session_range_fade,1.5,1.3,24
1743037200.0,1743062400.0,1.383,long,USDJPY,session_range_fade,1.5,1.3,24
1743066000.0,1743120000.0,-1.133,short,USDJPY,session_range_fade,1.5,1.3,24
1743138000.0,1743145200.0,-1.1608,long,USDJPY,session_range_fade,1.5,1.3,24
1743498000.0,1743505200.0,1.3753,short,USDJPY,session_range_fade,1.5,1.3,24
1743577200.0,1743584400.0,-1.1565,long,USDJPY,session_range_fade,1.5,1.3,24
1743588000.0,1743595200.0,-1.155,long,USDJPY,session_range_fade,1.5,1.3,24
1743742800.0,1743753600.0,-1.0626,short,USDJPY,session_range_fade,1.5,1.3,24
1743757200.0,1743760800.0,1.4373,short,USDJPY,session_range_fade,1.5,1.3,24
1744092000.0,1744110000.0,-1.0752,long,USDJPY,session_range_fade,1.5,1.3,24
1744120800.0,1744124400.0,-1.0693,long,USDJPY,session_range_fade,1.5,1.3,24
1744380000.0,1744639200.0,0.2254,short,USDJPY,session_range_fade,1.5,1.3,24
1744646400.0,1744732800.0,0.1436,short,USDJPY,session_range_fade,1.5,1.3,24
1744747200.0,1744768800.0,1.4076,short,USDJPY,session_range_fade,1.5,1.3,24
1744851600.0,1744898400.0,1.4278,short,USDJPY,session_range_fade,1.5,1.3,24
1744988400.0,1744992000.0,-1.3638,long,USDJPY,session_range_fade,1.5,1.3,24
1745276400.0,1745290800.0,1.4,short,USDJPY,session_range_fade,1.5,1.3,24
1745510400.0,1745550000.0,1.3942,long,USDJPY,session_range_fade,1.5,1.3,24
1745604000.0,1745845200.0,-1.0838,long,USDJPY,session_range_fade,1.5,1.3,24
1745899200.0,1745931600.0,-1.1184,long,USDJPY,session_range_fade,1.5,1.3,24
1745978400.0,1745996400.0,-1.112,short,USDJPY,session_range_fade,1.5,1.3,24
1746061200.0,1746068400.0,-1.1066,short,USDJPY,session_range_fade,1.5,1.3,24
1746162000.0,1746172800.0,-1.1021,long,USDJPY,session_range_fade,1.5,1.3,24
1746489600.0,1746514800.0,1.3882,short,USDJPY,session_range_fade,1.5,1.3,24
1746576000.0,1746604800.0,-1.0776,short,USDJPY,session_range_fade,1.5,1.3,24
1746622800.0,1746633600.0,-1.0971,short,USDJPY,session_range_fade,1.5,1.3,24
1746637200.0,1746640800.0,-1.1056,short,USDJPY,session_range_fade,1.5,1.3,24
1746655200.0,1746684000.0,-1.0957,short,USDJPY,session_range_fade,1.5,1.3,24
1746774000.0,1746799200.0,-1.1041,long,USDJPY,session_range_fade,1.5,1.3,24
1746820800.0,1746997200.0,1.385,long,USDJPY,session_range_fade,1.5,1.3,24
1747094400.0,1747162800.0,-1.0926,long,USDJPY,session_range_fade,1.5,1.3,24
1747386000.0,1747404000.0,-1.0992,short,USDJPY,session_range_fade,1.5,1.3,24
1747717200.0,1747746000.0,1.4003,long,USDJPY,session_range_fade,1.5,1.3,24
1747782000.0,1747792800.0,-1.1256,long,USDJPY,session_range_fade,1.5,1.3,24
1747965600.0,1747998000.0,1.3927,short,USDJPY,session_range_fade,1.5,1.3,24
1748242800.0,1748304000.0,1.3923,short,USDJPY,session_range_fade,1.5,1.3,24
1748318400.0,1748322000.0,-1.1514,short,USDJPY,session_range_fade,1.5,1.3,24
1748397600.0,1748415600.0,1.3812,short,USDJPY,session_range_fade,1.5,1.3,24
1748422800.0,1748437200.0,1.4151,long,USDJPY,session_range_fade,1.5,1.3,24
1748588400.0,1748606400.0,-1.1143,long,USDJPY,session_range_fade,1.5,1.3,24
1748818800.0,1748844000.0,1.3995,short,USDJPY,session_range_fade,1.5,1.3,24
1748901600.0,1748912400.0,1.3625,long,USDJPY,session_range_fade,1.5,1.3,24
1748916000.0,1748934000.0,1.3846,short,USDJPY,session_range_fade,1.5,1.3,24
1748941200.0,1748952000.0,-1.1066,short,USDJPY,session_range_fade,1.5,1.3,24
1749038400.0,1749045600.0,-1.0785,long,USDJPY,session_range_fade,1.5,1.3,24
1749099600.0,1749124800.0,-1.1275,long,USDJPY,session_range_fade,1.5,1.3,24
1749438000.0,1749448800.0,-1.1282,long,USDJPY,session_range_fade,1.5,1.3,24
1749466800.0,1749517200.0,1.3804,long,USDJPY,session_range_fade,1.5,1.3,24
1749531600.0,1749571200.0,1.3738,long,USDJPY,session_range_fade,1.5,1.3,24
1749625200.0,1749643200.0,-1.1371,short,USDJPY,session_range_fade,1.5,1.3,24
1750096800.0,1750118400.0,-1.1058,short,USDJPY,session_range_fade,1.5,1.3,24
1750168800.0,1750255200.0,0.8426,short,USDJPY,session_range_fade,1.5,1.3,24
1750309200.0,1750320000.0,-1.1183,short,USDJPY,session_range_fade,1.5,1.3,24
1750374000.0,1750417200.0,1.3619,long,USDJPY,session_range_fade,1.5,1.3,24
1750820400.0,1750831200.0,-1.116,short,USDJPY,session_range_fade,1.5,1.3,24
1750874400.0,1750896000.0,1.3761,short,USDJPY,session_range_fade,1.5,1.3,24
1750996800.0,1751032800.0,-1.1122,short,USDJPY,session_range_fade,1.5,1.3,24
1751234400.0,1751256000.0,1.3896,short,USDJPY,session_range_fade,1.5,1.3,24
1751274000.0,1751313600.0,-1.1121,long,USDJPY,session_range_fade,1.5,1.3,24
1751317200.0,1751328000.0,-1.1345,long,USDJPY,session_range_fade,1.5,1.3,24
1751432400.0,1751439600.0,-1.1304,short,USDJPY,session_range_fade,1.5,1.3,24
1751648400.0,1751846400.0,-1.2204,long,USDJPY,session_range_fade,1.5,1.3,24
1751850000.0,1751853600.0,1.2954,long,USDJPY,session_range_fade,1.5,1.3,24
1752037200.0,1752044400.0,-1.1703,long,USDJPY,session_range_fade,1.5,1.3,24
1752174000.0,1752192000.0,-1.1311,short,USDJPY,session_range_fade,1.5,1.3,24
1752480000.0,1752530400.0,1.3872,long,USDJPY,session_range_fade,1.5,1.3,24
1752555600.0,1752577200.0,1.2685,long,USDJPY,session_range_fade,1.5,1.3,24
1752645600.0,1752674400.0,-1.1543,long,USDJPY,session_range_fade,1.5,1.3,24
1752807600.0,1752843600.0,1.3487,short,USDJPY,session_range_fade,1.5,1.3,24
1753153200.0,1753164000.0,-1.1514,short,USDJPY,session_range_fade,1.5,1.3,24
1753178400.0,1753182000.0,1.3539,short,USDJPY,session_range_fade,1.5,1.3,24
1753257600.0,1753268400.0,1.4209,short,USDJPY,session_range_fade,1.5,1.3,24
1753660800.0,1753668000.0,1.3464,long,USDJPY,session_range_fade,1.5,1.3,24
1753671600.0,1753682400.0,1.3321,long,USDJPY,session_range_fade,1.5,1.3,24
1753743600.0,1753765200.0,-1.1629,long,USDJPY,session_range_fade,1.5,1.3,24
1753768800.0,1753833600.0,-1.1533,long,USDJPY,session_range_fade,1.5,1.3,24
1754017200.0,1754042400.0,-1.1466,long,USDJPY,session_range_fade,1.5,1.3,24
1754359200.0,1754380800.0,-1.1167,short,USDJPY,session_range_fade,1.5,1.3,24
1754431200.0,1754467200.0,-1.1483,short,USDJPY,session_range_fade,1.5,1.3,24
1754470800.0,1754478000.0,1.337,short,USDJPY,session_range_fade,1.5,1.3,24
1754481600.0,1754503200.0,-1.1398,long,USDJPY,session_range_fade,1.5,1.3,24
1754506800.0,1754510400.0,1.379,long,USDJPY,session_range_fade,1.5,1.3,24
1754629200.0,1754643600.0,-1.1206,short,USDJPY,session_range_fade,1.5,1.3,24
1754863200.0,1754895600.0,1.3448,short,USDJPY,session_range_fade,1.5,1.3,24
1754902800.0,1754920800.0,1.3225,long,USDJPY,session_range_fade,1.5,1.3,24
1755057600.0,1755068400.0,-1.1517,long,USDJPY,session_range_fade,1.5,1.3,24
1755504000.0,1755518400.0,1.3453,long,USDJPY,session_range_fade,1.5,1.3,24
1755568800.0,1755622800.0,1.3503,short,USDJPY,session_range_fade,1.5,1.3,24
1755626400.0,1755669600.0,-1.1554,long,USDJPY,session_range_fade,1.5,1.3,24
1755766800.0,1755770400.0,-1.1794,short,USDJPY,session_range_fade,1.5,1.3,24
1755777600.0,1755784800.0,-1.1576,short,USDJPY,session_range_fade,1.5,1.3,24
1755842400.0,1755856800.0,-1.1789,short,USDJPY,session_range_fade,1.5,1.3,24
1755867600.0,1755871200.0,-1.1566,long,USDJPY,session_range_fade,1.5,1.3,24
1756126800.0,1756134000.0,-1.1578,short,USDJPY,session_range_fade,1.5,1.3,24
1756141200.0,1756144800.0,-1.1618,short,USDJPY,session_range_fade,1.5,1.3,24
1756245600.0,1756263600.0,1.3403,long,USDJPY,session_range_fade,1.5,1.3,24
1756267200.0,1756288800.0,-1.1828,short,USDJPY,session_range_fade,1.5,1.3,24
1756364400.0,1756375200.0,-1.1482,long,USDJPY,session_range_fade,1.5,1.3,24
1756425600.0,1756447200.0,1.3421,long,USDJPY,session_range_fade,1.5,1.3,24
1756454400.0,1756461600.0,-1.1586,short,USDJPY,session_range_fade,1.5,1.3,24
1756465200.0,1756476000.0,1.3485,short,USDJPY,session_range_fade,1.5,1.3,24
1756674000.0,1756684800.0,-1.1585,short,USDJPY,session_range_fade,1.5,1.3,24
1756688400.0,1756692000.0,1.3407,short,USDJPY,session_range_fade,1.5,1.3,24
1756731600.0,1756774800.0,-1.1493,short,USDJPY,session_range_fade,1.5,1.3,24
1756962000.0,1756987200.0,1.323,long,USDJPY,session_range_fade,1.5,1.3,24
1757368800.0,1757376000.0,-1.16,long,USDJPY,session_range_fade,1.5,1.3,24
1757469600.0,1757484000.0,-1.1602,short,USDJPY,session_range_fade,1.5,1.3,24
1757487600.0,1757505600.0,1.3041,short,USDJPY,session_range_fade,1.5,1.3,24
1757509200.0,1757570400.0,-1.1397,short,USDJPY,session_range_fade,1.5,1.3,24
1757592000.0,1757599200.0,-1.1609,long,USDJPY,session_range_fade,1.5,1.3,24
1757660400.0,1757664000.0,-1.1944,short,USDJPY,session_range_fade,1.5,1.3,24
1757901600.0,1757930400.0,-1.1636,long,USDJPY,session_range_fade,1.5,1.3,24
1757944800.0,1757952000.0,-1.2133,long,USDJPY,session_range_fade,1.5,1.3,24
1757955600.0,1757984400.0,1.3082,long,USDJPY,session_range_fade,1.5,1.3,24
1757988000.0,1757995200.0,-1.2069,long,USDJPY,session_range_fade,1.5,1.3,24
1758088800.0,1758092400.0,-1.1997,short,USDJPY,session_range_fade,1.5,1.3,24
1758096000.0,1758132000.0,-1.171,short,USDJPY,session_range_fade,1.5,1.3,24
1758488400.0,1758499200.0,1.3259,long,USDJPY,session_range_fade,1.5,1.3,24
1758502800.0,1758520800.0,-1.1997,long,USDJPY,session_range_fade,1.5,1.3,24
1758524400.0,1758528000.0,-1.2223,long,USDJPY,session_range_fade,1.5,1.3,24
1758531600.0,1758560400.0,-1.1866,long,USDJPY,session_range_fade,1.5,1.3,24
1758578400.0,1758618000.0,-1.2092,long,USDJPY,session_range_fade,1.5,1.3,24
1758621600.0,1758646800.0,-1.195,long,USDJPY,session_range_fade,1.5,1.3,24
1758672000.0,1758693600.0,-1.1725,short,USDJPY,session_range_fade,1.5,1.3,24
1758758400.0,1758762000.0,-1.2127,short,USDJPY,session_range_fade,1.5,1.3,24
1758765600.0,1758801600.0,-1.2108,short,USDJPY,session_range_fade,1.5,1.3,24
1758862800.0,1758891600.0,-1.1887,long,USDJPY,session_range_fade,1.5,1.3,24
1758895200.0,1759104000.0,-1.1696,long,USDJPY,session_range_fade,1.5,1.3,24
1759183200.0,1759190400.0,-1.2078,short,USDJPY,session_range_fade,1.5,1.3,24
1759194000.0,1759204800.0,1.3085,short,USDJPY,session_range_fade,1.5,1.3,24
1759269600.0,1759276800.0,-1.157,short,USDJPY,session_range_fade,1.5,1.3,24
1759280400.0,1759291200.0,1.356,short,USDJPY,session_range_fade,1.5,1.3,24
1759384800.0,1759392000.0,1.3369,short,USDJPY,session_range_fade,1.5,1.3,24
1759946400.0,1759993200.0,1.3885,long,USDJPY,session_range_fade,1.5,1.3,24
1760004000.0,1760014800.0,-1.1044,long,USDJPY,session_range_fade,1.5,1.3,24
1760068800.0,1760076000.0,-1.1464,long,USDJPY,session_range_fade,1.5,1.3,24
1760356800.0,1760400000.0,-1.1302,short,USDJPY,session_range_fade,1.5,1.3,24
1760410800.0,1760414400.0,1.3122,short,USDJPY,session_range_fade,1.5,1.3,24
1760475600.0,1760490000.0,-1.1381,long,USDJPY,session_range_fade,1.5,1.3,24
1760932800.0,1761008400.0,-1.1303,short,USDJPY,session_range_fade,1.5,1.3,24
1761012000.0,1761022800.0,-1.1428,short,USDJPY,session_range_fade,1.5,1.3,24
1761120000.0,1761138000.0,1.3289,long,USDJPY,session_range_fade,1.5,1.3,24
1761141600.0,1761148800.0,-1.1488,long,USDJPY,session_range_fade,1.5,1.3,24
1761152400.0,1761177600.0,1.3557,long,USDJPY,session_range_fade,1.5,1.3,24
1761235200.0,1761282000.0,-1.1525,short,USDJPY,session_range_fade,1.5,1.3,24
1761289200.0,1761307200.0,-1.2042,long,USDJPY,session_range_fade,1.5,1.3,24
1761552000.0,1761609600.0,-1.1384,long,USDJPY,session_range_fade,1.5,1.3,24
1761688800.0,1761692400.0,1.346,short,USDJPY,session_range_fade,1.5,1.3,24
1761753600.0,1761760800.0,-1.1167,short,USDJPY,session_range_fade,1.5,1.3,24
1761868800.0,1761894000.0,1.3504,long,USDJPY,session_range_fade,1.5,1.3,24
1761897600.0,1761912000.0,-1.1503,long,USDJPY,session_range_fade,1.5,1.3,24
1761926400.0,1762189200.0,0.0075,long,USDJPY,session_range_fade,1.5,1.3,24
1762203600.0,1762214400.0,-1.2615,short,USDJPY,session_range_fade,1.5,1.3,24
1762221600.0,1762228800.0,-1.2181,long,USDJPY,session_range_fade,1.5,1.3,24
1762232400.0,1762236000.0,-1.1932,long,USDJPY,session_range_fade,1.5,1.3,24
1762398000.0,1762416000.0,1.3138,short,USDJPY,session_range_fade,1.5,1.3,24
1762538400.0,1762542000.0,-1.1286,short,USDJPY,session_range_fade,1.5,1.3,24
1762545600.0,1762725600.0,-1.1221,short,USDJPY,session_range_fade,1.5,1.3,24
1762779600.0,1762819200.0,-1.1581,short,USDJPY,session_range_fade,1.5,1.3,24
1762837200.0,1762851600.0,1.2987,long,USDJPY,session_range_fade,1.5,1.3,24
1762862400.0,1762866000.0,-1.1924,long,USDJPY,session_range_fade,1.5,1.3,24
1762887600.0,1762920000.0,1.3324,long,USDJPY,session_range_fade,1.5,1.3,24
1762992000.0,1762999200.0,1.2919,short,USDJPY,session_range_fade,1.5,1.3,24
1763006400.0,1763020800.0,-1.1889,long,USDJPY,session_range_fade,1.5,1.3,24
1763114400.0,1763121600.0,1.3391,short,USDJPY,session_range_fade,1.5,1.3,24
1763355600.0,1763377200.0,-1.2106,short,USDJPY,session_range_fade,1.5,1.3,24
1763380800.0,1763391600.0,-1.1904,short,USDJPY,session_range_fade,1.5,1.3,24
1763481600.0,1763542800.0,1.3756,long,USDJPY,session_range_fade,1.5,1.3,24
1763654400.0,1763704800.0,-1.1018,long,USDJPY,session_range_fade,1.5,1.3,24
1763967600.0,1763992800.0,-1.1674,short,USDJPY,session_range_fade,1.5,1.3,24
1764018000.0,1764054000.0,1.3415,short,USDJPY,session_range_fade,1.5,1.3,24
1764111600.0,1764118800.0,-1.1167,long,USDJPY,session_range_fade,1.5,1.3,24
1764126000.0,1764140400.0,1.3967,long,USDJPY,session_range_fade,1.5,1.3,24
1764183600.0,1764201600.0,1.354,short,USDJPY,session_range_fade,1.5,1.3,24
1764334800.0,1764338400.0,1.3272,long,USDJPY,session_range_fade,1.5,1.3,24
1764342000.0,1764547200.0,-1.1586,long,USDJPY,session_range_fade,1.5,1.3,24
1764630000.0,1764655200.0,-1.1627,short,USDJPY,session_range_fade,1.5,1.3,24
1764691200.0,1764741600.0,1.3266,short,USDJPY,session_range_fade,1.5,1.3,24
1765162800.0,1765177200.0,-1.1817,short,USDJPY,session_range_fade,1.5,1.3,24
1765180800.0,1765195200.0,-1.1848,short,USDJPY,session_range_fade,1.5,1.3,24
1765335600.0,1765357200.0,1.3056,long,USDJPY,session_range_fade,1.5,1.3,24
1765360800.0,1765371600.0,-1.2317,long,USDJPY,session_range_fade,1.5,1.3,24
1765389600.0,1765393200.0,-1.2021,long,USDJPY,session_range_fade,1.5,1.3,24
1765540800.0,1765555200.0,1.3251,short,USDJPY,session_range_fade,1.5,1.3,24
1765749600.0,1765764000.0,1.3297,short,USDJPY,session_range_fade,1.5,1.3,24
1765936800.0,1765951200.0,-1.1152,short,USDJPY,session_range_fade,1.5,1.3,24
1766005200.0,1766034000.0,-1.1887,short,USDJPY,session_range_fade,1.5,1.3,24
1766106000.0,1766113200.0,1.3439,long,USDJPY,session_range_fade,1.5,1.3,24
1766379600.0,1766408400.0,-1.1588,long,USDJPY,session_range_fade,1.5,1.3,24
1766592000.0,1766646000.0,-1.1577,short,USDJPY,session_range_fade,1.5,1.3,24
1766700000.0,1766703600.0,-1.1947,short,USDJPY,session_range_fade,1.5,1.3,24
1766757600.0,1766768400.0,-1.1628,short,USDJPY,session_range_fade,1.5,1.3,24
1767016800.0,1767081600.0,-1.1582,long,USDJPY,session_range_fade,1.5,1.3,24
1767085200.0,1767103200.0,1.3204,long,USDJPY,session_range_fade,1.5,1.3,24
1767106800.0,1767153600.0,-1.1633,short,USDJPY,session_range_fade,1.5,1.3,24
1767204000.0,1767211200.0,1.2683,short,USDJPY,session_range_fade,1.5,1.3,24
1767214800.0,1767330000.0,1.2947,long,USDJPY,session_range_fade,1.5,1.3,24
1767337200.0,1767366000.0,-1.2108,long,USDJPY,session_range_fade,1.5,1.3,24
1767369600.0,1767567600.0,1.3036,long,USDJPY,session_range_fade,1.5,1.3,24
1767711600.0,1767798000.0,-0.5598,short,USDJPY,session_range_fade,1.5,1.3,24
1767801600.0,1767834000.0,-1.1951,short,USDJPY,session_range_fade,1.5,1.3,24
1767848400.0,1767852000.0,-1.2439,long,USDJPY,session_range_fade,1.5,1.3,24
1767855600.0,1767859200.0,1.2698,long,USDJPY,session_range_fade,1.5,1.3,24
1767916800.0,1767924000.0,-1.2102,short,USDJPY,session_range_fade,1.5,1.3,24
1768323600.0,1768352400.0,-1.1438,short,USDJPY,session_range_fade,1.5,1.3,24
1768377600.0,1768381200.0,-1.1956,long,USDJPY,session_range_fade,1.5,1.3,24
1768442400.0,1768528800.0,-1.1327,long,USDJPY,session_range_fade,1.5,1.3,24
1768773600.0,1768777200.0,-1.1624,long,USDJPY,session_range_fade,1.5,1.3,24
1768820400.0,1768888800.0,-1.1176,short,USDJPY,session_range_fade,1.5,1.3,24
1768982400.0,1769007600.0,1.341,long,USDJPY,session_range_fade,1.5,1.3,24
1769011200.0,1769022000.0,-1.1474,short,USDJPY,session_range_fade,1.5,1.3,24
1769094000.0,1769137200.0,1.3356,long,USDJPY,session_range_fade,1.5,1.3,24
1769446800.0,1769486400.0,-1.0673,short,USDJPY,session_range_fade,1.5,1.3,24
1769605200.0,1769612400.0,-1.0969,short,USDJPY,session_range_fade,1.5,1.3,24
1769670000.0,1769698800.0,1.4107,short,USDJPY,session_range_fade,1.5,1.3,24
1769713200.0,1769734800.0,1.4041,long,USDJPY,session_range_fade,1.5,1.3,24
1769738400.0,1769763600.0,-1.0917,short,USDJPY,session_range_fade,1.5,1.3,24
1770030000.0,1770040800.0,1.4119,long,USDJPY,session_range_fade,1.5,1.3,24
1770091200.0,1770109200.0,1.3413,long,USDJPY,session_range_fade,1.5,1.3,24
1770138000.0,1770166800.0,1.3443,long,USDJPY,session_range_fade,1.5,1.3,24
1770264000.0,1770274800.0,1.3355,long,USDJPY,session_range_fade,1.5,1.3,24
1770346800.0,1770375600.0,1.3539,long,USDJPY,session_range_fade,1.5,1.3,24
1771214400.0,1771232400.0,-1.1343,short,USDJPY,session_range_fade,1.5,1.3,24
1771279200.0,1771282800.0,-1.2192,short,USDJPY,session_range_fade,1.5,1.3,24
1771286400.0,1771300800.0,-1.1948,long,USDJPY,session_range_fade,1.5,1.3,24
1771304400.0,1771315200.0,-1.1657,long,USDJPY,session_range_fade,1.5,1.3,24
1771322400.0,1771336800.0,1.3797,long,USDJPY,session_range_fade,1.5,1.3,24
1771513200.0,1771574400.0,1.3939,long,USDJPY,session_range_fade,1.5,1.3,24
1771581600.0,1771599600.0,-1.1126,long,USDJPY,session_range_fade,1.5,1.3,24
1771862400.0,1771880400.0,1.3716,long,USDJPY,session_range_fade,1.5,1.3,24
1771891200.0,1771894800.0,-1.1406,short,USDJPY,session_range_fade,1.5,1.3,24
1771898400.0,1771905600.0,-1.134,short,USDJPY,session_range_fade,1.5,1.3,24
1771970400.0,1771984800.0,1.3557,short,USDJPY,session_range_fade,1.5,1.3,24
1771999200.0,1772006400.0,1.3773,long,USDJPY,session_range_fade,1.5,1.3,24
1772056800.0,1772064000.0,-1.1547,long,USDJPY,session_range_fade,1.5,1.3,24
1772089200.0,1772150400.0,-1.1441,long,USDJPY,session_range_fade,1.5,1.3,24
1772208000.0,1772402400.0,-1.1383,short,USDJPY,session_range_fade,1.5,1.3,24
1772506800.0,1772528400.0,1.3757,long,USDJPY,session_range_fade,1.5,1.3,24
1772560800.0,1772596800.0,-1.1075,long,USDJPY,session_range_fade,1.5,1.3,24
1772600400.0,1772614800.0,-1.1097,long,USDJPY,session_range_fade,1.5,1.3,24
1772661600.0,1772668800.0,-1.1263,long,USDJPY,session_range_fade,1.5,1.3,24
1772694000.0,1772715600.0,-1.133,short,USDJPY,session_range_fade,1.5,1.3,24
1772755200.0,1772773200.0,-1.1248,short,USDJPY,session_range_fade,1.5,1.3,24
1772776800.0,1772794800.0,-1.1548,short,USDJPY,session_range_fade,1.5,1.3,24
1772802000.0,1773007200.0,-1.1409,short,USDJPY,session_range_fade,1.5,1.3,24
1773061200.0,1773082800.0,-1.105,long,USDJPY,session_range_fade,1.5,1.3,24
1773147600.0,1773162000.0,-1.1146,long,USDJPY,session_range_fade,1.5,1.3,24
1773165600.0,1773194400.0,1.3888,long,USDJPY,session_range_fade,1.5,1.3,24
1773201600.0,1773216000.0,-1.1526,short,USDJPY,session_range_fade,1.5,1.3,24
1773219600.0,1773241200.0,-1.164,short,USDJPY,session_range_fade,1.5,1.3,24
1773244800.0,1773270000.0,-1.1344,short,USDJPY,session_range_fade,1.5,1.3,24
1773298800.0,1773313200.0,-1.18,long,USDJPY,session_range_fade,1.5,1.3,24
1773316800.0,1773334800.0,1.3564,long,USDJPY,session_range_fade,1.5,1.3,24
1773388800.0,1773406800.0,-1.158,long,USDJPY,session_range_fade,1.5,1.3,24
1773432000.0,1773619200.0,1.3433,short,USDJPY,session_range_fade,1.5,1.3,24
1773637200.0,1773658800.0,-1.1691,long,USDJPY,session_range_fade,1.5,1.3,24
1773723600.0,1773734400.0,1.3333,short,USDJPY,session_range_fade,1.5,1.3,24
1773792000.0,1773810000.0,1.3317,short,USDJPY,session_range_fade,1.5,1.3,24
1773820800.0,1773835200.0,-1.1896,short,USDJPY,session_range_fade,1.5,1.3,24
1773846000.0,1773856800.0,-1.1584,short,USDJPY,session_range_fade,1.5,1.3,24
1773889200.0,1773903600.0,1.3158,short,USDJPY,session_range_fade,1.5,1.3,24
1774249200.0,1774263600.0,1.3662,short,USDJPY,session_range_fade,1.5,1.3,24
1774342800.0,1774371600.0,1.3328,long,USDJPY,session_range_fade,1.5,1.3,24
1774418400.0,1774454400.0,-1.1464,short,USDJPY,session_range_fade,1.5,1.3,24
1774458000.0,1774490400.0,-1.1456,short,USDJPY,session_range_fade,1.5,1.3,24
1774504800.0,1774519200.0,1.2522,long,USDJPY,session_range_fade,1.5,1.3,24
1774522800.0,1774551600.0,-1.2283,short,USDJPY,session_range_fade,1.5,1.3,24
1774555200.0,1774569600.0,1.3191,short,USDJPY,session_range_fade,1.5,1.3,24
1774573200.0,1774594800.0,1.3232,long,USDJPY,session_range_fade,1.5,1.3,24
1774900800.0,1774954800.0,-1.1653,long,USDJPY,session_range_fade,1.5,1.3,24
1775066400.0,1775091600.0,-1.101,short,USDJPY,session_range_fade,1.5,1.3,24
1775170800.0,1775217600.0,1.2883,long,USDJPY,session_range_fade,1.5,1.3,24
1775246400.0,1775422800.0,-1.3409,long,USDJPY,session_range_fade,1.5,1.3,24
1775426400.0,1775458800.0,-1.2468,long,USDJPY,session_range_fade,1.5,1.3,24
1775484000.0,1775523600.0,-1.1908,short,USDJPY,session_range_fade,1.5,1.3,24
1775538000.0,1775548800.0,1.2162,short,USDJPY,session_range_fade,1.5,1.3,24
1775556000.0,1775570400.0,-1.2246,short,USDJPY,session_range_fade,1.5,1.3,24
1775592000.0,1775599200.0,-1.1561,long,USDJPY,session_range_fade,1.5,1.3,24
1775822400.0,1776027600.0,1.2795,long,USDJPY,session_range_fade,1.5,1.3,24
1776078000.0,1776085200.0,1.2794,short,USDJPY,session_range_fade,1.5,1.3,24
1776088800.0,1776099600.0,-1.2238,long,USDJPY,session_range_fade,1.5,1.3,24
1776214800.0,1776254400.0,-1.1978,short,USDJPY,session_range_fade,1.5,1.3,24
1776294000.0,1776304800.0,1.3027,short,USDJPY,session_range_fade,1.5,1.3,24
1776394800.0,1776416400.0,1.2801,short,USDJPY,session_range_fade,1.5,1.3,24
1776420000.0,1776427200.0,-1.2295,long,USDJPY,session_range_fade,1.5,1.3,24
1776729600.0,1776758400.0,-1.1746,short,USDJPY,session_range_fade,1.5,1.3,24
1776772800.0,1776780000.0,-1.2323,short,USDJPY,session_range_fade,1.5,1.3,24
1776808800.0,1776895200.0,-0.3501,short,USDJPY,session_range_fade,1.5,1.3,24
1776956400.0,1776963600.0,1.2905,long,USDJPY,session_range_fade,1.5,1.3,24
1777024800.0,1777028400.0,-1.3162,long,USDJPY,session_range_fade,1.5,1.3,24
1777266000.0,1777273200.0,-1.2396,long,USDJPY,session_range_fade,1.5,1.3,24
1777276800.0,1777309200.0,1.2861,long,USDJPY,session_range_fade,1.5,1.3,24
1777312800.0,1777345200.0,1.2838,short,USDJPY,session_range_fade,1.5,1.3,24
1777438800.0,1777453200.0,-1.3582,short,USDJPY,session_range_fade,1.5,1.3,24
1777935600.0,1777971600.0,-1.1277,short,USDJPY,session_range_fade,1.5,1.3,24
1778022000.0,1778040000.0,-1.2006,long,USDJPY,session_range_fade,1.5,1.3,24
1778133600.0,1778169600.0,-1.1591,short,USDJPY,session_range_fade,1.5,1.3,24
1778173200.0,1778184000.0,-1.1598,short,USDJPY,session_range_fade,1.5,1.3,24
1778270400.0,1778450400.0,1.3007,long,USDJPY,session_range_fade,1.5,1.3,24
1778457600.0,1778464800.0,-1.1875,short,USDJPY,session_range_fade,1.5,1.3,24
1778522400.0,1778544000.0,-1.259,short,USDJPY,session_range_fade,1.5,1.3,24
1778648400.0,1778662800.0,1.2028,long,USDJPY,session_range_fade,1.5,1.3,24
1778677200.0,1778727600.0,1.2372,long,USDJPY,session_range_fade,1.5,1.3,24
1778842800.0,1778871600.0,-1.2003,short,USDJPY,session_range_fade,1.5,1.3,24
1779130800.0,1779192000.0,-1.1847,long,USDJPY,session_range_fade,1.5,1.3,24
1779285600.0,1779289200.0,-1.2231,long,USDJPY,session_range_fade,1.5,1.3,24
1779382800.0,1779429600.0,1.2763,long,USDJPY,session_range_fade,1.5,1.3,24
1779462000.0,1779656400.0,1.1326,short,USDJPY,session_range_fade,1.5,1.3,24
1779692400.0,1779778800.0,1.2392,long,USDJPY,session_range_fade,1.5,1.3,24
1779832800.0,1779858000.0,-1.4438,short,USDJPY,session_range_fade,1.5,1.3,24
1779948000.0,1779958800.0,-1.4206,long,USDJPY,session_range_fade,1.5,1.3,24
1780084800.0,1780264800.0,-1.3409,short,USDJPY,session_range_fade,1.5,1.3,24
1780390800.0,1780408800.0,0.9617,long,USDJPY,session_range_fade,1.5,1.3,24
1780452000.0,1780470000.0,-1.4325,long,USDJPY,session_range_fade,1.5,1.3,24
1780599600.0,1780657200.0,1.0945,short,USDJPY,session_range_fade,1.5,1.3,24
1780894800.0,1780905600.0,1.2142,short,USDJPY,session_range_fade,1.5,1.3,24
1781067600.0,1781089200.0,1.1074,long,USDJPY,session_range_fade,1.5,1.3,24
1781150400.0,1781197200.0,-1.4989,long,USDJPY,session_range_fade,1.5,1.3,24
1781535600.0,1781546400.0,-1.3513,short,USDJPY,session_range_fade,1.5,1.3,24
1781564400.0,1781578800.0,1.12,short,USDJPY,session_range_fade,1.5,1.3,24
1781643600.0,1781668800.0,1.0961,short,USDJPY,session_range_fade,1.5,1.3,24
1781708400.0,1781719200.0,1.1795,long,USDJPY,session_range_fade,1.5,1.3,24
1781773200.0,1781776800.0,-1.2497,short,USDJPY,session_range_fade,1.5,1.3,24
1781888400.0,1782082800.0,1.23,long,USDJPY,session_range_fade,1.5,1.3,24
1782198000.0,1782201600.0,-1.2785,long,USDJPY,session_range_fade,1.5,1.3,24
1782208800.0,1782280800.0,1.2248,long,USDJPY,session_range_fade,1.5,1.3,24
1782334800.0,1782349200.0,1.1199,short,USDJPY,session_range_fade,1.5,1.3,24
1782367200.0,1782392400.0,1.1161,short,USDJPY,session_range_fade,1.5,1.3,24
1782453600.0,1782460800.0,-1.3395,long,USDJPY,session_range_fade,1.5,1.3,24
1782500400.0,1782723600.0,-1.3006,short,USDJPY,session_range_fade,1.5,1.3,24
1782763200.0,1782777600.0,-1.5148,short,USDJPY,session_range_fade,1.5,1.3,24
1782900000.0,1782910800.0,-1.272,long,USDJPY,session_range_fade,1.5,1.3,24
1782964800.0,1782968400.0,-1.367,long,USDJPY,session_range_fade,1.5,1.3,24
1721023200.0,1721059200.0,1.3769,short,USDJPY,session_range_fade,1.5,1.3,72
1721106000.0,1721131200.0,1.3698,short,USDJPY,session_range_fade,1.5,1.3,72
1721142000.0,1721192400.0,1.3528,short,USDJPY,session_range_fade,1.5,1.3,72
1721368800.0,1721372400.0,-1.1368,short,USDJPY,session_range_fade,1.5,1.3,72
1721595600.0,1721602800.0,-1.1633,long,USDJPY,session_range_fade,1.5,1.3,72
1721606400.0,1721624400.0,-1.167,long,USDJPY,session_range_fade,1.5,1.3,72
1721970000.0,1721977200.0,-1.087,short,USDJPY,session_range_fade,1.5,1.3,72
1721980800.0,1722002400.0,1.4197,short,USDJPY,session_range_fade,1.5,1.3,72
1722243600.0,1722312000.0,1.422,long,USDJPY,session_range_fade,1.5,1.3,72
1722949200.0,1722992400.0,-1.0318,short,USDJPY,session_range_fade,1.5,1.3,72
1723057200.0,1723071600.0,-1.0514,long,USDJPY,session_range_fade,1.5,1.3,72
1723111200.0,1723118400.0,1.4496,long,USDJPY,session_range_fade,1.5,1.3,72
1723172400.0,1723204800.0,1.4182,short,USDJPY,session_range_fade,1.5,1.3,72
1723417200.0,1723449600.0,-1.1074,short,USDJPY,session_range_fade,1.5,1.3,72
1723521600.0,1723550400.0,1.3948,short,USDJPY,session_range_fade,1.5,1.3,72
1723690800.0,1723723200.0,-1.1288,short,USDJPY,session_range_fade,1.5,1.3,72
1724112000.0,1724119200.0,-1.1018,short,USDJPY,session_range_fade,1.5,1.3,72
1724216400.0,1724223600.0,-1.1007,short,USDJPY,session_range_fade,1.5,1.3,72
1724677200.0,1724720400.0,-1.0767,short,USDJPY,session_range_fade,1.5,1.3,72
1724724000.0,1724760000.0,1.4024,short,USDJPY,session_range_fade,1.5,1.3,72
1724763600.0,1724796000.0,1.4065,short,USDJPY,session_range_fade,1.5,1.3,72
1724810400.0,1724835600.0,-1.1212,long,USDJPY,session_range_fade,1.5,1.3,72
1724882400.0,1724907600.0,1.4023,long,USDJPY,session_range_fade,1.5,1.3,72
1724914800.0,1724932800.0,-1.1105,short,USDJPY,session_range_fade,1.5,1.3,72
1724976000.0,1725012000.0,1.4001,long,USDJPY,session_range_fade,1.5,1.3,72
1725328800.0,1725339600.0,-1.1359,long,USDJPY,session_range_fade,1.5,1.3,72
1725591600.0,1725598800.0,1.405,short,USDJPY,session_range_fade,1.5,1.3,72
1725933600.0,1725969600.0,1.3924,short,USDJPY,session_range_fade,1.5,1.3,72
1725973200.0,1725976800.0,-1.0952,long,USDJPY,session_range_fade,1.5,1.3,72
1726135200.0,1726142400.0,1.4062,short,USDJPY,session_range_fade,1.5,1.3,72
1726160400.0,1726167600.0,-1.0697,long,USDJPY,session_range_fade,1.5,1.3,72
1726437600.0,1726455600.0,1.4136,short,USDJPY,session_range_fade,1.5,1.3,72
1726549200.0,1726574400.0,-1.1095,short,USDJPY,session_range_fade,1.5,1.3,72
1726578000.0,1726588800.0,-1.0836,short,USDJPY,session_range_fade,1.5,1.3,72
1726664400.0,1726682400.0,-1.091,long,USDJPY,session_range_fade,1.5,1.3,72
1727053200.0,1727074800.0,1.4275,short,USDJPY,session_range_fade,1.5,1.3,72
1727082000.0,1727085600.0,-1.1003,long,USDJPY,session_range_fade,1.5,1.3,72
1727128800.0,1727157600.0,1.4162,long,USDJPY,session_range_fade,1.5,1.3,72
1727244000.0,1727251200.0,-1.1029,short,USDJPY,session_range_fade,1.5,1.3,72
1727308800.0,1727312400.0,-1.1265,short,USDJPY,session_range_fade,1.5,1.3,72
1727316000.0,1727334000.0,-1.1184,short,USDJPY,session_range_fade,1.5,1.3,72
1727337600.0,1727348400.0,1.3955,short,USDJPY,session_range_fade,1.5,1.3,72
1727362800.0,1727395200.0,1.4276,long,USDJPY,session_range_fade,1.5,1.3,72
1727780400.0,1727791200.0,1.4159,short,USDJPY,session_range_fade,1.5,1.3,72
1727827200.0,1727863200.0,1.4282,long,USDJPY,session_range_fade,1.5,1.3,72
1727956800.0,1728014400.0,-1.0801,long,USDJPY,session_range_fade,1.5,1.3,72
1728298800.0,1728306000.0,-1.0875,long,USDJPY,session_range_fade,1.5,1.3,72
1728313200.0,1728338400.0,-1.089,long,USDJPY,session_range_fade,1.5,1.3,72
1728352800.0,1728392400.0,1.4032,long,USDJPY,session_range_fade,1.5,1.3,72
1728410400.0,1728460800.0,-1.0988,short,USDJPY,session_range_fade,1.5,1.3,72
1728464400.0,1728475200.0,-1.1403,short,USDJPY,session_range_fade,1.5,1.3,72
1728525600.0,1728532800.0,-1.1626,short,USDJPY,session_range_fade,1.5,1.3,72
1728536400.0,1728543600.0,-1.1607,long,USDJPY,session_range_fade,1.5,1.3,72
1728615600.0,1728648000.0,1.397,long,USDJPY,session_range_fade,1.5,1.3,72
1728666000.0,1728856800.0,-1.1407,short,USDJPY,session_range_fade,1.5,1.3,72
1728864000.0,1728892800.0,-1.1503,short,USDJPY,session_range_fade,1.5,1.3,72
1728896400.0,1728903600.0,-1.2044,short,USDJPY,session_range_fade,1.5,1.3,72
1728954000.0,1728972000.0,-1.1954,long,USDJPY,session_range_fade,1.5,1.3,72
1729072800.0,1729087200.0,-1.1292,short,USDJPY,session_range_fade,1.5,1.3,72
1729130400.0,1729144800.0,-1.1643,short,USDJPY,session_range_fade,1.5,1.3,72
1729148400.0,1729162800.0,1.3108,short,USDJPY,session_range_fade,1.5,1.3,72
1729238400.0,1729245600.0,-1.1682,long,USDJPY,session_range_fade,1.5,1.3,72
1729576800.0,1729605600.0,-1.1499,short,USDJPY,session_range_fade,1.5,1.3,72
1729627200.0,1729641600.0,1.3577,long,USDJPY,session_range_fade,1.5,1.3,72
1729839600.0,1729872000.0,-1.1414,short,USDJPY,session_range_fade,1.5,1.3,72
1730156400.0,1730163600.0,-1.1376,long,USDJPY,session_range_fade,1.5,1.3,72
1730174400.0,1730185200.0,1.3431,long,USDJPY,session_range_fade,1.5,1.3,72
1730268000.0,1730275200.0,-1.153,long,USDJPY,session_range_fade,1.5,1.3,72
1730282400.0,1730289600.0,1.3744,long,USDJPY,session_range_fade,1.5,1.3,72
1730293200.0,1730332800.0,1.4012,long,USDJPY,session_range_fade,1.5,1.3,72
1730757600.0,1730768400.0,-1.1225,short,USDJPY,session_range_fade,1.5,1.3,72
1730797200.0,1730815200.0,1.3241,short,USDJPY,session_range_fade,1.5,1.3,72
1730944800.0,1730952000.0,-1.1022,long,USDJPY,session_range_fade,1.5,1.3,72
1730955600.0,1730984400.0,-1.1031,long,USDJPY,session_range_fade,1.5,1.3,72
1731067200.0,1731279600.0,1.3992,long,USDJPY,session_range_fade,1.5,1.3,72
1731351600.0,1731376800.0,-1.1547,short,USDJPY,session_range_fade,1.5,1.3,72
1731391200.0,1731420000.0,1.3496,long,USDJPY,session_range_fade,1.5,1.3,72
1731596400.0,1731625200.0,1.3894,long,USDJPY,session_range_fade,1.5,1.3,72
1732032000.0,1732064400.0,-1.0601,short,USDJPY,session_range_fade,1.5,1.3,72
1732114800.0,1732147200.0,1.3852,short,USDJPY,session_range_fade,1.5,1.3,72
1732165200.0,1732168800.0,-1.1339,long,USDJPY,session_range_fade,1.5,1.3,72
1732287600.0,1732485600.0,1.4147,short,USDJPY,session_range_fade,1.5,1.3,72
1732590000.0,1732622400.0,-1.0894,long,USDJPY,session_range_fade,1.5,1.3,72
1732798800.0,1732834800.0,1.3781,short,USDJPY,session_range_fade,1.5,1.3,72
1732899600.0,1733101200.0,1.4265,long,USDJPY,session_range_fade,1.5,1.3,72
1733378400.0,1733400000.0,1.4084,long,USDJPY,session_range_fade,1.5,1.3,72
1733418000.0,1733490000.0,-1.0862,long,USDJPY,session_range_fade,1.5,1.3,72
1733497200.0,1733731200.0,1.412,long,USDJPY,session_range_fade,1.5,1.3,72
1733806800.0,1733814000.0,1.3659,long,USDJPY,session_range_fade,1.5,1.3,72
1733875200.0,1733882400.0,-1.1485,long,USDJPY,session_range_fade,1.5,1.3,72
1734307200.0,1734350400.0,-1.1311,short,USDJPY,session_range_fade,1.5,1.3,72
1734372000.0,1734426000.0,-1.1353,long,USDJPY,session_range_fade,1.5,1.3,72
1734429600.0,1734444000.0,-1.1317,long,USDJPY,session_range_fade,1.5,1.3,72
1734512400.0,1734534000.0,1.3598,long,USDJPY,session_range_fade,1.5,1.3,72
1735005600.0,1735052400.0,-1.1944,short,USDJPY,session_range_fade,1.5,1.3,72
1735110000.0,1735210800.0,1.3274,long,USDJPY,session_range_fade,1.5,1.3,72
1735304400.0,1735311600.0,-1.1594,long,USDJPY,session_range_fade,1.5,1.3,72
1735318800.0,1735556400.0,-1.1495,long,USDJPY,session_range_fade,1.5,1.3,72
1735909200.0,1735923600.0,-1.1438,long,USDJPY,session_range_fade,1.5,1.3,72
1735927200.0,1736121600.0,1.3683,long,USDJPY,session_range_fade,1.5,1.3,72
1736125200.0,1736157600.0,-1.1372,short,USDJPY,session_range_fade,1.5,1.3,72
1736161200.0,1736164800.0,-1.1301,long,USDJPY,session_range_fade,1.5,1.3,72
1736355600.0,1736380800.0,-1.1436,long,USDJPY,session_range_fade,1.5,1.3,72
1736384400.0,1736395200.0,-1.1483,long,USDJPY,session_range_fade,1.5,1.3,72
1736438400.0,1736481600.0,1.3514,long,USDJPY,session_range_fade,1.5,1.3,72
1736794800.0,1736809200.0,1.4134,short,USDJPY,session_range_fade,1.5,1.3,72
1736812800.0,1736816400.0,-1.0938,short,USDJPY,session_range_fade,1.5,1.3,72
1736834400.0,1736845200.0,-1.0893,short,USDJPY,session_range_fade,1.5,1.3,72
1736913600.0,1736917200.0,-1.1517,long,USDJPY,session_range_fade,1.5,1.3,72
1737090000.0,1737122400.0,-1.1152,short,USDJPY,session_range_fade,1.5,1.3,72
1737342000.0,1737356400.0,1.3781,long,USDJPY,session_range_fade,1.5,1.3,72
1737360000.0,1737370800.0,-1.1321,short,USDJPY,session_range_fade,1.5,1.3,72
1737374400.0,1737378000.0,1.3769,short,USDJPY,session_range_fade,1.5,1.3,72
1737511200.0,1737529200.0,-1.1188,short,USDJPY,session_range_fade,1.5,1.3,72
1737532800.0,1737547200.0,-1.1193,short,USDJPY,session_range_fade,1.5,1.3,72
1737550800.0,1737558000.0,-1.1113,short,USDJPY,session_range_fade,1.5,1.3,72
1737612000.0,1737626400.0,1.2957,short,USDJPY,session_range_fade,1.5,1.3,72
1737630000.0,1737637200.0,-1.1732,long,USDJPY,session_range_fade,1.5,1.3,72
1737640800.0,1737648000.0,-1.1444,long,USDJPY,session_range_fade,1.5,1.3,72
1738076400.0,1738126800.0,1.4138,short,USDJPY,session_range_fade,1.5,1.3,72
1738170000.0,1738177200.0,1.3856,long,USDJPY,session_range_fade,1.5,1.3,72
1738180800.0,1738195200.0,-1.1095,long,USDJPY,session_range_fade,1.5,1.3,72
1738216800.0,1738242000.0,-1.104,long,USDJPY,session_range_fade,1.5,1.3,72
1738281600.0,1738299600.0,-1.0876,short,USDJPY,session_range_fade,1.5,1.3,72
1738342800.0,1738346400.0,-1.1118,short,USDJPY,session_range_fade,1.5,1.3,72
1738350000.0,1738540800.0,-1.109,short,USDJPY,session_range_fade,1.5,1.3,72
1738821600.0,1738846800.0,1.3911,short,USDJPY,session_range_fade,1.5,1.3,72
1738908000.0,1738926000.0,-1.1103,short,USDJPY,session_range_fade,1.5,1.3,72
1738929600.0,1738933200.0,-1.1129,short,USDJPY,session_range_fade,1.5,1.3,72
1739210400.0,1739271600.0,-1.1205,short,USDJPY,session_range_fade,1.5,1.3,72
1739275200.0,1739314800.0,-1.1493,short,USDJPY,session_range_fade,1.5,1.3,72
1739422800.0,1739440800.0,-1.1158,long,USDJPY,session_range_fade,1.5,1.3,72
1739527200.0,1739538000.0,-1.1086,long,USDJPY,session_range_fade,1.5,1.3,72
1739808000.0,1739836800.0,-1.1598,short,USDJPY,session_range_fade,1.5,1.3,72
1739840400.0,1739847600.0,-1.2113,short,USDJPY,session_range_fade,1.5,1.3,72
1739862000.0,1739876400.0,1.3452,short,USDJPY,session_range_fade,1.5,1.3,72
1739887200.0,1739912400.0,-1.1427,short,USDJPY,session_range_fade,1.5,1.3,72
1739916000.0,1739926800.0,1.3241,short,USDJPY,session_range_fade,1.5,1.3,72
1739930400.0,1739944800.0,1.3612,short,USDJPY,session_range_fade,1.5,1.3,72
1740376800.0,1740398400.0,-1.1051,short,USDJPY,session_range_fade,1.5,1.3,72
1740412800.0,1740441600.0,-1.1051,short,USDJPY,session_range_fade,1.5,1.3,72
1740448800.0,1740466800.0,1.3904,short,USDJPY,session_range_fade,1.5,1.3,72
1740567600.0,1740589200.0,1.3986,short,USDJPY,session_range_fade,1.5,1.3,72
1740610800.0,1740636000.0,1.4014,long,USDJPY,session_range_fade,1.5,1.3,72
1740639600.0,1740643200.0,-1.1174,short,USDJPY,session_range_fade,1.5,1.3,72
1740697200.0,1740700800.0,1.4127,short,USDJPY,session_range_fade,1.5,1.3,72
1740704400.0,1740722400.0,1.4244,long,USDJPY,session_range_fade,1.5,1.3,72
1740963600.0,1740992400.0,-1.0818,long,USDJPY,session_range_fade,1.5,1.3,72
1741176000.0,1741183200.0,1.4124,short,USDJPY,session_range_fade,1.5,1.3,72
1741240800.0,1741244400.0,-1.1101,long,USDJPY,session_range_fade,1.5,1.3,72
1741302000.0,1741316400.0,1.4236,short,USDJPY,session_range_fade,1.5,1.3,72
1741330800.0,1741356000.0,1.4072,short,USDJPY,session_range_fade,1.5,1.3,72
1741370400.0,1741568400.0,1.4392,short,USDJPY,session_range_fade,1.5,1.3,72
1741572000.0,1741608000.0,1.4371,short,USDJPY,session_range_fade,1.5,1.3,72
1741680000.0,1741690800.0,-1.0826,short,USDJPY,session_range_fade,1.5,1.3,72
1741780800.0,1741788000.0,1.4165,short,USDJPY,session_range_fade,1.5,1.3,72
1741856400.0,1741867200.0,-1.1243,long,USDJPY,session_range_fade,1.5,1.3,72
1741870800.0,1741878000.0,-1.1016,long,USDJPY,session_range_fade,1.5,1.3,72
1741881600.0,1741910400.0,1.4067,long,USDJPY,session_range_fade,1.5,1.3,72
1741921200.0,1741928400.0,-1.1189,short,USDJPY,session_range_fade,1.5,1.3,72
1741964400.0,1742169600.0,-1.1029,short,USDJPY,session_range_fade,1.5,1.3,72
1742202000.0,1742212800.0,-1.1081,long,USDJPY,session_range_fade,1.5,1.3,72
1742220000.0,1742234400.0,1.4041,long,USDJPY,session_range_fade,1.5,1.3,72
1742310000.0,1742320800.0,-1.1232,long,USDJPY,session_range_fade,1.5,1.3,72
1742338800.0,1742364000.0,1.3755,long,USDJPY,session_range_fade,1.5,1.3,72
1742508000.0,1742515200.0,-1.1321,short,USDJPY,session_range_fade,1.5,1.3,72
1742893200.0,1742896800.0,-1.1562,long,USDJPY,session_range_fade,1.5,1.3,72
1742947200.0,1742961600.0,1.3375,long,USDJPY,session_range_fade,1.5,1.3,72
1743037200.0,1743062400.0,1.383,long,USDJPY,session_range_fade,1.5,1.3,72
1743066000.0,1743120000.0,-1.133,short,USDJPY,session_range_fade,1.5,1.3,72
1743138000.0,1743145200.0,-1.1608,long,USDJPY,session_range_fade,1.5,1.3,72
1743498000.0,1743505200.0,1.3753,short,USDJPY,session_range_fade,1.5,1.3,72
1743577200.0,1743584400.0,-1.1565,long,USDJPY,session_range_fade,1.5,1.3,72
1743588000.0,1743595200.0,-1.155,long,USDJPY,session_range_fade,1.5,1.3,72
1743742800.0,1743753600.0,-1.0626,short,USDJPY,session_range_fade,1.5,1.3,72
1743757200.0,1743760800.0,1.4373,short,USDJPY,session_range_fade,1.5,1.3,72
1744092000.0,1744110000.0,-1.0752,long,USDJPY,session_range_fade,1.5,1.3,72
1744120800.0,1744124400.0,-1.0693,long,USDJPY,session_range_fade,1.5,1.3,72
1744380000.0,1744779600.0,1.4634,short,USDJPY,session_range_fade,1.5,1.3,72
1744851600.0,1744898400.0,1.4278,short,USDJPY,session_range_fade,1.5,1.3,72
1744988400.0,1744992000.0,-1.3638,long,USDJPY,session_range_fade,1.5,1.3,72
1745276400.0,1745290800.0,1.4,short,USDJPY,session_range_fade,1.5,1.3,72
1745510400.0,1745550000.0,1.3942,long,USDJPY,session_range_fade,1.5,1.3,72
1745604000.0,1745845200.0,-1.0838,long,USDJPY,session_range_fade,1.5,1.3,72
1745899200.0,1745931600.0,-1.1184,long,USDJPY,session_range_fade,1.5,1.3,72
1745978400.0,1745996400.0,-1.112,short,USDJPY,session_range_fade,1.5,1.3,72
1746061200.0,1746068400.0,-1.1066,short,USDJPY,session_range_fade,1.5,1.3,72
1746162000.0,1746172800.0,-1.1021,long,USDJPY,session_range_fade,1.5,1.3,72
1746489600.0,1746514800.0,1.3882,short,USDJPY,session_range_fade,1.5,1.3,72
1746576000.0,1746604800.0,-1.0776,short,USDJPY,session_range_fade,1.5,1.3,72
1746622800.0,1746633600.0,-1.0971,short,USDJPY,session_range_fade,1.5,1.3,72
1746637200.0,1746640800.0,-1.1056,short,USDJPY,session_range_fade,1.5,1.3,72
1746655200.0,1746684000.0,-1.0957,short,USDJPY,session_range_fade,1.5,1.3,72
1746774000.0,1746799200.0,-1.1041,long,USDJPY,session_range_fade,1.5,1.3,72
1746820800.0,1746997200.0,1.385,long,USDJPY,session_range_fade,1.5,1.3,72
1747094400.0,1747162800.0,-1.0926,long,USDJPY,session_range_fade,1.5,1.3,72
1747386000.0,1747404000.0,-1.0992,short,USDJPY,session_range_fade,1.5,1.3,72
1747717200.0,1747746000.0,1.4003,long,USDJPY,session_range_fade,1.5,1.3,72
1747782000.0,1747792800.0,-1.1256,long,USDJPY,session_range_fade,1.5,1.3,72
1747965600.0,1747998000.0,1.3927,short,USDJPY,session_range_fade,1.5,1.3,72
1748242800.0,1748304000.0,1.3923,short,USDJPY,session_range_fade,1.5,1.3,72
1748318400.0,1748322000.0,-1.1514,short,USDJPY,session_range_fade,1.5,1.3,72
1748397600.0,1748415600.0,1.3812,short,USDJPY,session_range_fade,1.5,1.3,72
1748422800.0,1748437200.0,1.4151,long,USDJPY,session_range_fade,1.5,1.3,72
1748588400.0,1748606400.0,-1.1143,long,USDJPY,session_range_fade,1.5,1.3,72
1748818800.0,1748844000.0,1.3995,short,USDJPY,session_range_fade,1.5,1.3,72
1748901600.0,1748912400.0,1.3625,long,USDJPY,session_range_fade,1.5,1.3,72
1748916000.0,1748934000.0,1.3846,short,USDJPY,session_range_fade,1.5,1.3,72
1748941200.0,1748952000.0,-1.1066,short,USDJPY,session_range_fade,1.5,1.3,72
1749038400.0,1749045600.0,-1.0785,long,USDJPY,session_range_fade,1.5,1.3,72
1749099600.0,1749124800.0,-1.1275,long,USDJPY,session_range_fade,1.5,1.3,72
1749438000.0,1749448800.0,-1.1282,long,USDJPY,session_range_fade,1.5,1.3,72
1749466800.0,1749517200.0,1.3804,long,USDJPY,session_range_fade,1.5,1.3,72
1749531600.0,1749571200.0,1.3738,long,USDJPY,session_range_fade,1.5,1.3,72
1749625200.0,1749643200.0,-1.1371,short,USDJPY,session_range_fade,1.5,1.3,72
1750096800.0,1750118400.0,-1.1058,short,USDJPY,session_range_fade,1.5,1.3,72
1750168800.0,1750258800.0,1.4158,short,USDJPY,session_range_fade,1.5,1.3,72
1750309200.0,1750320000.0,-1.1183,short,USDJPY,session_range_fade,1.5,1.3,72
1750374000.0,1750417200.0,1.3619,long,USDJPY,session_range_fade,1.5,1.3,72
1750820400.0,1750831200.0,-1.116,short,USDJPY,session_range_fade,1.5,1.3,72
1750874400.0,1750896000.0,1.3761,short,USDJPY,session_range_fade,1.5,1.3,72
1750996800.0,1751032800.0,-1.1122,short,USDJPY,session_range_fade,1.5,1.3,72
1751234400.0,1751256000.0,1.3896,short,USDJPY,session_range_fade,1.5,1.3,72
1751274000.0,1751313600.0,-1.1121,long,USDJPY,session_range_fade,1.5,1.3,72
1751317200.0,1751328000.0,-1.1345,long,USDJPY,session_range_fade,1.5,1.3,72
1751432400.0,1751439600.0,-1.1304,short,USDJPY,session_range_fade,1.5,1.3,72
1751648400.0,1751846400.0,-1.2204,long,USDJPY,session_range_fade,1.5,1.3,72
1751850000.0,1751853600.0,1.2954,long,USDJPY,session_range_fade,1.5,1.3,72
1752037200.0,1752044400.0,-1.1703,long,USDJPY,session_range_fade,1.5,1.3,72
1752174000.0,1752192000.0,-1.1311,short,USDJPY,session_range_fade,1.5,1.3,72
1752480000.0,1752530400.0,1.3872,long,USDJPY,session_range_fade,1.5,1.3,72
1752555600.0,1752577200.0,1.2685,long,USDJPY,session_range_fade,1.5,1.3,72
1752645600.0,1752674400.0,-1.1543,long,USDJPY,session_range_fade,1.5,1.3,72
1752807600.0,1752843600.0,1.3487,short,USDJPY,session_range_fade,1.5,1.3,72
1753153200.0,1753164000.0,-1.1514,short,USDJPY,session_range_fade,1.5,1.3,72
1753178400.0,1753182000.0,1.3539,short,USDJPY,session_range_fade,1.5,1.3,72
1753257600.0,1753268400.0,1.4209,short,USDJPY,session_range_fade,1.5,1.3,72
1753660800.0,1753668000.0,1.3464,long,USDJPY,session_range_fade,1.5,1.3,72
1753671600.0,1753682400.0,1.3321,long,USDJPY,session_range_fade,1.5,1.3,72
1753743600.0,1753765200.0,-1.1629,long,USDJPY,session_range_fade,1.5,1.3,72
1753768800.0,1753833600.0,-1.1533,long,USDJPY,session_range_fade,1.5,1.3,72
1754017200.0,1754042400.0,-1.1466,long,USDJPY,session_range_fade,1.5,1.3,72
1754359200.0,1754380800.0,-1.1167,short,USDJPY,session_range_fade,1.5,1.3,72
1754431200.0,1754467200.0,-1.1483,short,USDJPY,session_range_fade,1.5,1.3,72
1754470800.0,1754478000.0,1.337,short,USDJPY,session_range_fade,1.5,1.3,72
1754481600.0,1754503200.0,-1.1398,long,USDJPY,session_range_fade,1.5,1.3,72
1754506800.0,1754510400.0,1.379,long,USDJPY,session_range_fade,1.5,1.3,72
1754629200.0,1754643600.0,-1.1206,short,USDJPY,session_range_fade,1.5,1.3,72
1754863200.0,1754895600.0,1.3448,short,USDJPY,session_range_fade,1.5,1.3,72
1754902800.0,1754920800.0,1.3225,long,USDJPY,session_range_fade,1.5,1.3,72
1755057600.0,1755068400.0,-1.1517,long,USDJPY,session_range_fade,1.5,1.3,72
1755504000.0,1755518400.0,1.3453,long,USDJPY,session_range_fade,1.5,1.3,72
1755568800.0,1755622800.0,1.3503,short,USDJPY,session_range_fade,1.5,1.3,72
1755626400.0,1755669600.0,-1.1554,long,USDJPY,session_range_fade,1.5,1.3,72
1755766800.0,1755770400.0,-1.1794,short,USDJPY,session_range_fade,1.5,1.3,72
1755777600.0,1755784800.0,-1.1576,short,USDJPY,session_range_fade,1.5,1.3,72
1755842400.0,1755856800.0,-1.1789,short,USDJPY,session_range_fade,1.5,1.3,72
1755867600.0,1755871200.0,-1.1566,long,USDJPY,session_range_fade,1.5,1.3,72
1756126800.0,1756134000.0,-1.1578,short,USDJPY,session_range_fade,1.5,1.3,72
1756141200.0,1756144800.0,-1.1618,short,USDJPY,session_range_fade,1.5,1.3,72
1756245600.0,1756263600.0,1.3403,long,USDJPY,session_range_fade,1.5,1.3,72
1756267200.0,1756288800.0,-1.1828,short,USDJPY,session_range_fade,1.5,1.3,72
1756364400.0,1756375200.0,-1.1482,long,USDJPY,session_range_fade,1.5,1.3,72
1756425600.0,1756447200.0,1.3421,long,USDJPY,session_range_fade,1.5,1.3,72
1756454400.0,1756461600.0,-1.1586,short,USDJPY,session_range_fade,1.5,1.3,72
1756465200.0,1756476000.0,1.3485,short,USDJPY,session_range_fade,1.5,1.3,72
1756674000.0,1756684800.0,-1.1585,short,USDJPY,session_range_fade,1.5,1.3,72
1756688400.0,1756692000.0,1.3407,short,USDJPY,session_range_fade,1.5,1.3,72
1756731600.0,1756774800.0,-1.1493,short,USDJPY,session_range_fade,1.5,1.3,72
1756962000.0,1756987200.0,1.323,long,USDJPY,session_range_fade,1.5,1.3,72
1757368800.0,1757376000.0,-1.16,long,USDJPY,session_range_fade,1.5,1.3,72
1757469600.0,1757484000.0,-1.1602,short,USDJPY,session_range_fade,1.5,1.3,72
1757487600.0,1757505600.0,1.3041,short,USDJPY,session_range_fade,1.5,1.3,72
1757509200.0,1757570400.0,-1.1397,short,USDJPY,session_range_fade,1.5,1.3,72
1757592000.0,1757599200.0,-1.1609,long,USDJPY,session_range_fade,1.5,1.3,72
1757660400.0,1757664000.0,-1.1944,short,USDJPY,session_range_fade,1.5,1.3,72
1757901600.0,1757930400.0,-1.1636,long,USDJPY,session_range_fade,1.5,1.3,72
1757944800.0,1757952000.0,-1.2133,long,USDJPY,session_range_fade,1.5,1.3,72
1757955600.0,1757984400.0,1.3082,long,USDJPY,session_range_fade,1.5,1.3,72
1757988000.0,1757995200.0,-1.2069,long,USDJPY,session_range_fade,1.5,1.3,72
1758088800.0,1758092400.0,-1.1997,short,USDJPY,session_range_fade,1.5,1.3,72
1758096000.0,1758132000.0,-1.171,short,USDJPY,session_range_fade,1.5,1.3,72
1758488400.0,1758499200.0,1.3259,long,USDJPY,session_range_fade,1.5,1.3,72
1758502800.0,1758520800.0,-1.1997,long,USDJPY,session_range_fade,1.5,1.3,72
1758524400.0,1758528000.0,-1.2223,long,USDJPY,session_range_fade,1.5,1.3,72
1758531600.0,1758560400.0,-1.1866,long,USDJPY,session_range_fade,1.5,1.3,72
1758578400.0,1758618000.0,-1.2092,long,USDJPY,session_range_fade,1.5,1.3,72
1758621600.0,1758646800.0,-1.195,long,USDJPY,session_range_fade,1.5,1.3,72
1758672000.0,1758693600.0,-1.1725,short,USDJPY,session_range_fade,1.5,1.3,72
1758758400.0,1758762000.0,-1.2127,short,USDJPY,session_range_fade,1.5,1.3,72
1758765600.0,1758801600.0,-1.2108,short,USDJPY,session_range_fade,1.5,1.3,72
1758862800.0,1758891600.0,-1.1887,long,USDJPY,session_range_fade,1.5,1.3,72
1758895200.0,1759104000.0,-1.1696,long,USDJPY,session_range_fade,1.5,1.3,72
1759183200.0,1759190400.0,-1.2078,short,USDJPY,session_range_fade,1.5,1.3,72
1759194000.0,1759204800.0,1.3085,short,USDJPY,session_range_fade,1.5,1.3,72
1759269600.0,1759276800.0,-1.157,short,USDJPY,session_range_fade,1.5,1.3,72
1759280400.0,1759291200.0,1.356,short,USDJPY,session_range_fade,1.5,1.3,72
1759384800.0,1759392000.0,1.3369,short,USDJPY,session_range_fade,1.5,1.3,72
1759946400.0,1759993200.0,1.3885,long,USDJPY,session_range_fade,1.5,1.3,72
1760004000.0,1760014800.0,-1.1044,long,USDJPY,session_range_fade,1.5,1.3,72
1760068800.0,1760076000.0,-1.1464,long,USDJPY,session_range_fade,1.5,1.3,72
1760356800.0,1760400000.0,-1.1302,short,USDJPY,session_range_fade,1.5,1.3,72
1760410800.0,1760414400.0,1.3122,short,USDJPY,session_range_fade,1.5,1.3,72
1760475600.0,1760490000.0,-1.1381,long,USDJPY,session_range_fade,1.5,1.3,72
1760932800.0,1761008400.0,-1.1303,short,USDJPY,session_range_fade,1.5,1.3,72
1761012000.0,1761022800.0,-1.1428,short,USDJPY,session_range_fade,1.5,1.3,72
1761120000.0,1761138000.0,1.3289,long,USDJPY,session_range_fade,1.5,1.3,72
1761141600.0,1761148800.0,-1.1488,long,USDJPY,session_range_fade,1.5,1.3,72
1761152400.0,1761177600.0,1.3557,long,USDJPY,session_range_fade,1.5,1.3,72
1761235200.0,1761282000.0,-1.1525,short,USDJPY,session_range_fade,1.5,1.3,72
1761289200.0,1761307200.0,-1.2042,long,USDJPY,session_range_fade,1.5,1.3,72
1761552000.0,1761609600.0,-1.1384,long,USDJPY,session_range_fade,1.5,1.3,72
1761688800.0,1761692400.0,1.346,short,USDJPY,session_range_fade,1.5,1.3,72
1761753600.0,1761760800.0,-1.1167,short,USDJPY,session_range_fade,1.5,1.3,72
1761868800.0,1761894000.0,1.3504,long,USDJPY,session_range_fade,1.5,1.3,72
1761897600.0,1761912000.0,-1.1503,long,USDJPY,session_range_fade,1.5,1.3,72
1761926400.0,1762228800.0,-1.1382,long,USDJPY,session_range_fade,1.5,1.3,72
1762232400.0,1762236000.0,-1.1932,long,USDJPY,session_range_fade,1.5,1.3,72
1762398000.0,1762416000.0,1.3138,short,USDJPY,session_range_fade,1.5,1.3,72
1762538400.0,1762542000.0,-1.1286,short,USDJPY,session_range_fade,1.5,1.3,72
1762545600.0,1762725600.0,-1.1221,short,USDJPY,session_range_fade,1.5,1.3,72
1762779600.0,1762819200.0,-1.1581,short,USDJPY,session_range_fade,1.5,1.3,72
1762837200.0,1762851600.0,1.2987,long,USDJPY,session_range_fade,1.5,1.3,72
1762862400.0,1762866000.0,-1.1924,long,USDJPY,session_range_fade,1.5,1.3,72
1762887600.0,1762920000.0,1.3324,long,USDJPY,session_range_fade,1.5,1.3,72
1762992000.0,1762999200.0,1.2919,short,USDJPY,session_range_fade,1.5,1.3,72
1763006400.0,1763020800.0,-1.1889,long,USDJPY,session_range_fade,1.5,1.3,72
1763114400.0,1763121600.0,1.3391,short,USDJPY,session_range_fade,1.5,1.3,72
1763355600.0,1763377200.0,-1.2106,short,USDJPY,session_range_fade,1.5,1.3,72
1763380800.0,1763391600.0,-1.1904,short,USDJPY,session_range_fade,1.5,1.3,72
1763481600.0,1763542800.0,1.3756,long,USDJPY,session_range_fade,1.5,1.3,72
1763654400.0,1763704800.0,-1.1018,long,USDJPY,session_range_fade,1.5,1.3,72
1763967600.0,1763992800.0,-1.1674,short,USDJPY,session_range_fade,1.5,1.3,72
1764018000.0,1764054000.0,1.3415,short,USDJPY,session_range_fade,1.5,1.3,72
1764111600.0,1764118800.0,-1.1167,long,USDJPY,session_range_fade,1.5,1.3,72
1764126000.0,1764140400.0,1.3967,long,USDJPY,session_range_fade,1.5,1.3,72
1764183600.0,1764201600.0,1.354,short,USDJPY,session_range_fade,1.5,1.3,72
1764334800.0,1764338400.0,1.3272,long,USDJPY,session_range_fade,1.5,1.3,72
1764342000.0,1764547200.0,-1.1586,long,USDJPY,session_range_fade,1.5,1.3,72
1764630000.0,1764655200.0,-1.1627,short,USDJPY,session_range_fade,1.5,1.3,72
1764691200.0,1764741600.0,1.3266,short,USDJPY,session_range_fade,1.5,1.3,72
1765162800.0,1765177200.0,-1.1817,short,USDJPY,session_range_fade,1.5,1.3,72
1765180800.0,1765195200.0,-1.1848,short,USDJPY,session_range_fade,1.5,1.3,72
1765335600.0,1765357200.0,1.3056,long,USDJPY,session_range_fade,1.5,1.3,72
1765360800.0,1765371600.0,-1.2317,long,USDJPY,session_range_fade,1.5,1.3,72
1765389600.0,1765393200.0,-1.2021,long,USDJPY,session_range_fade,1.5,1.3,72
1765540800.0,1765555200.0,1.3251,short,USDJPY,session_range_fade,1.5,1.3,72
1765749600.0,1765764000.0,1.3297,short,USDJPY,session_range_fade,1.5,1.3,72
1765936800.0,1765951200.0,-1.1152,short,USDJPY,session_range_fade,1.5,1.3,72
1766005200.0,1766034000.0,-1.1887,short,USDJPY,session_range_fade,1.5,1.3,72
1766106000.0,1766113200.0,1.3439,long,USDJPY,session_range_fade,1.5,1.3,72
1766379600.0,1766408400.0,-1.1588,long,USDJPY,session_range_fade,1.5,1.3,72
1766592000.0,1766646000.0,-1.1577,short,USDJPY,session_range_fade,1.5,1.3,72
1766700000.0,1766703600.0,-1.1947,short,USDJPY,session_range_fade,1.5,1.3,72
1766757600.0,1766768400.0,-1.1628,short,USDJPY,session_range_fade,1.5,1.3,72
1767016800.0,1767081600.0,-1.1582,long,USDJPY,session_range_fade,1.5,1.3,72
1767085200.0,1767103200.0,1.3204,long,USDJPY,session_range_fade,1.5,1.3,72
1767106800.0,1767153600.0,-1.1633,short,USDJPY,session_range_fade,1.5,1.3,72
1767204000.0,1767211200.0,1.2683,short,USDJPY,session_range_fade,1.5,1.3,72
1767214800.0,1767330000.0,1.2947,long,USDJPY,session_range_fade,1.5,1.3,72
1767337200.0,1767366000.0,-1.2108,long,USDJPY,session_range_fade,1.5,1.3,72
1767369600.0,1767567600.0,1.3036,long,USDJPY,session_range_fade,1.5,1.3,72
1767711600.0,1767834000.0,-1.1491,short,USDJPY,session_range_fade,1.5,1.3,72
1767848400.0,1767852000.0,-1.2439,long,USDJPY,session_range_fade,1.5,1.3,72
1767855600.0,1767859200.0,1.2698,long,USDJPY,session_range_fade,1.5,1.3,72
1767916800.0,1767924000.0,-1.2102,short,USDJPY,session_range_fade,1.5,1.3,72
1768323600.0,1768352400.0,-1.1438,short,USDJPY,session_range_fade,1.5,1.3,72
1768377600.0,1768381200.0,-1.1956,long,USDJPY,session_range_fade,1.5,1.3,72
1768442400.0,1768528800.0,-1.1327,long,USDJPY,session_range_fade,1.5,1.3,72
1768773600.0,1768777200.0,-1.1624,long,USDJPY,session_range_fade,1.5,1.3,72
1768820400.0,1768888800.0,-1.1176,short,USDJPY,session_range_fade,1.5,1.3,72
1768982400.0,1769007600.0,1.341,long,USDJPY,session_range_fade,1.5,1.3,72
1769011200.0,1769022000.0,-1.1474,short,USDJPY,session_range_fade,1.5,1.3,72
1769094000.0,1769137200.0,1.3356,long,USDJPY,session_range_fade,1.5,1.3,72
1769446800.0,1769486400.0,-1.0673,short,USDJPY,session_range_fade,1.5,1.3,72
1769605200.0,1769612400.0,-1.0969,short,USDJPY,session_range_fade,1.5,1.3,72
1769670000.0,1769698800.0,1.4107,short,USDJPY,session_range_fade,1.5,1.3,72
1769713200.0,1769734800.0,1.4041,long,USDJPY,session_range_fade,1.5,1.3,72
1769738400.0,1769763600.0,-1.0917,short,USDJPY,session_range_fade,1.5,1.3,72
1770030000.0,1770040800.0,1.4119,long,USDJPY,session_range_fade,1.5,1.3,72
1770091200.0,1770109200.0,1.3413,long,USDJPY,session_range_fade,1.5,1.3,72
1770138000.0,1770166800.0,1.3443,long,USDJPY,session_range_fade,1.5,1.3,72
1770264000.0,1770274800.0,1.3355,long,USDJPY,session_range_fade,1.5,1.3,72
1770346800.0,1770375600.0,1.3539,long,USDJPY,session_range_fade,1.5,1.3,72
1771214400.0,1771232400.0,-1.1343,short,USDJPY,session_range_fade,1.5,1.3,72
1771279200.0,1771282800.0,-1.2192,short,USDJPY,session_range_fade,1.5,1.3,72
1771286400.0,1771300800.0,-1.1948,long,USDJPY,session_range_fade,1.5,1.3,72
1771304400.0,1771315200.0,-1.1657,long,USDJPY,session_range_fade,1.5,1.3,72
1771322400.0,1771336800.0,1.3797,long,USDJPY,session_range_fade,1.5,1.3,72
1771513200.0,1771574400.0,1.3939,long,USDJPY,session_range_fade,1.5,1.3,72
1771581600.0,1771599600.0,-1.1126,long,USDJPY,session_range_fade,1.5,1.3,72
1771862400.0,1771880400.0,1.3716,long,USDJPY,session_range_fade,1.5,1.3,72
1771891200.0,1771894800.0,-1.1406,short,USDJPY,session_range_fade,1.5,1.3,72
1771898400.0,1771905600.0,-1.134,short,USDJPY,session_range_fade,1.5,1.3,72
1771970400.0,1771984800.0,1.3557,short,USDJPY,session_range_fade,1.5,1.3,72
1771999200.0,1772006400.0,1.3773,long,USDJPY,session_range_fade,1.5,1.3,72
1772056800.0,1772064000.0,-1.1547,long,USDJPY,session_range_fade,1.5,1.3,72
1772089200.0,1772150400.0,-1.1441,long,USDJPY,session_range_fade,1.5,1.3,72
1772208000.0,1772402400.0,-1.1383,short,USDJPY,session_range_fade,1.5,1.3,72
1772506800.0,1772528400.0,1.3757,long,USDJPY,session_range_fade,1.5,1.3,72
1772560800.0,1772596800.0,-1.1075,long,USDJPY,session_range_fade,1.5,1.3,72
1772600400.0,1772614800.0,-1.1097,long,USDJPY,session_range_fade,1.5,1.3,72
1772661600.0,1772668800.0,-1.1263,long,USDJPY,session_range_fade,1.5,1.3,72
1772694000.0,1772715600.0,-1.133,short,USDJPY,session_range_fade,1.5,1.3,72
1772755200.0,1772773200.0,-1.1248,short,USDJPY,session_range_fade,1.5,1.3,72
1772776800.0,1772794800.0,-1.1548,short,USDJPY,session_range_fade,1.5,1.3,72
1772802000.0,1773007200.0,-1.1409,short,USDJPY,session_range_fade,1.5,1.3,72
1773061200.0,1773082800.0,-1.105,long,USDJPY,session_range_fade,1.5,1.3,72
1773147600.0,1773162000.0,-1.1146,long,USDJPY,session_range_fade,1.5,1.3,72
1773165600.0,1773194400.0,1.3888,long,USDJPY,session_range_fade,1.5,1.3,72
1773201600.0,1773216000.0,-1.1526,short,USDJPY,session_range_fade,1.5,1.3,72
1773219600.0,1773241200.0,-1.164,short,USDJPY,session_range_fade,1.5,1.3,72
1773244800.0,1773270000.0,-1.1344,short,USDJPY,session_range_fade,1.5,1.3,72
1773298800.0,1773313200.0,-1.18,long,USDJPY,session_range_fade,1.5,1.3,72
1773316800.0,1773334800.0,1.3564,long,USDJPY,session_range_fade,1.5,1.3,72
1773388800.0,1773406800.0,-1.158,long,USDJPY,session_range_fade,1.5,1.3,72
1773432000.0,1773619200.0,1.3433,short,USDJPY,session_range_fade,1.5,1.3,72
1773637200.0,1773658800.0,-1.1691,long,USDJPY,session_range_fade,1.5,1.3,72
1773723600.0,1773734400.0,1.3333,short,USDJPY,session_range_fade,1.5,1.3,72
1773792000.0,1773810000.0,1.3317,short,USDJPY,session_range_fade,1.5,1.3,72
1773820800.0,1773835200.0,-1.1896,short,USDJPY,session_range_fade,1.5,1.3,72
1773846000.0,1773856800.0,-1.1584,short,USDJPY,session_range_fade,1.5,1.3,72
1773889200.0,1773903600.0,1.3158,short,USDJPY,session_range_fade,1.5,1.3,72
1774249200.0,1774263600.0,1.3662,short,USDJPY,session_range_fade,1.5,1.3,72
1774342800.0,1774371600.0,1.3328,long,USDJPY,session_range_fade,1.5,1.3,72
1774418400.0,1774454400.0,-1.1464,short,USDJPY,session_range_fade,1.5,1.3,72
1774458000.0,1774490400.0,-1.1456,short,USDJPY,session_range_fade,1.5,1.3,72
1774504800.0,1774519200.0,1.2522,long,USDJPY,session_range_fade,1.5,1.3,72
1774522800.0,1774551600.0,-1.2283,short,USDJPY,session_range_fade,1.5,1.3,72
1774555200.0,1774569600.0,1.3191,short,USDJPY,session_range_fade,1.5,1.3,72
1774573200.0,1774594800.0,1.3232,long,USDJPY,session_range_fade,1.5,1.3,72
1774900800.0,1774954800.0,-1.1653,long,USDJPY,session_range_fade,1.5,1.3,72
1775066400.0,1775091600.0,-1.101,short,USDJPY,session_range_fade,1.5,1.3,72
1775170800.0,1775217600.0,1.2883,long,USDJPY,session_range_fade,1.5,1.3,72
1775246400.0,1775422800.0,-1.3409,long,USDJPY,session_range_fade,1.5,1.3,72
1775426400.0,1775458800.0,-1.2468,long,USDJPY,session_range_fade,1.5,1.3,72
1775484000.0,1775523600.0,-1.1908,short,USDJPY,session_range_fade,1.5,1.3,72
1775538000.0,1775548800.0,1.2162,short,USDJPY,session_range_fade,1.5,1.3,72
1775556000.0,1775570400.0,-1.2246,short,USDJPY,session_range_fade,1.5,1.3,72
1775592000.0,1775599200.0,-1.1561,long,USDJPY,session_range_fade,1.5,1.3,72
1775822400.0,1776027600.0,1.2795,long,USDJPY,session_range_fade,1.5,1.3,72
1776078000.0,1776085200.0,1.2794,short,USDJPY,session_range_fade,1.5,1.3,72
1776088800.0,1776099600.0,-1.2238,long,USDJPY,session_range_fade,1.5,1.3,72
1776214800.0,1776254400.0,-1.1978,short,USDJPY,session_range_fade,1.5,1.3,72
1776294000.0,1776304800.0,1.3027,short,USDJPY,session_range_fade,1.5,1.3,72
1776394800.0,1776416400.0,1.2801,short,USDJPY,session_range_fade,1.5,1.3,72
1776420000.0,1776427200.0,-1.2295,long,USDJPY,session_range_fade,1.5,1.3,72
1776729600.0,1776758400.0,-1.1746,short,USDJPY,session_range_fade,1.5,1.3,72
1776772800.0,1776780000.0,-1.2323,short,USDJPY,session_range_fade,1.5,1.3,72
1776808800.0,1776934800.0,-1.1356,short,USDJPY,session_range_fade,1.5,1.3,72
1776956400.0,1776963600.0,1.2905,long,USDJPY,session_range_fade,1.5,1.3,72
1777024800.0,1777028400.0,-1.3162,long,USDJPY,session_range_fade,1.5,1.3,72
1777266000.0,1777273200.0,-1.2396,long,USDJPY,session_range_fade,1.5,1.3,72
1777276800.0,1777309200.0,1.2861,long,USDJPY,session_range_fade,1.5,1.3,72
1777312800.0,1777345200.0,1.2838,short,USDJPY,session_range_fade,1.5,1.3,72
1777438800.0,1777453200.0,-1.3582,short,USDJPY,session_range_fade,1.5,1.3,72
1777935600.0,1777971600.0,-1.1277,short,USDJPY,session_range_fade,1.5,1.3,72
1778022000.0,1778040000.0,-1.2006,long,USDJPY,session_range_fade,1.5,1.3,72
1778133600.0,1778169600.0,-1.1591,short,USDJPY,session_range_fade,1.5,1.3,72
1778173200.0,1778184000.0,-1.1598,short,USDJPY,session_range_fade,1.5,1.3,72
1778270400.0,1778450400.0,1.3007,long,USDJPY,session_range_fade,1.5,1.3,72
1778457600.0,1778464800.0,-1.1875,short,USDJPY,session_range_fade,1.5,1.3,72
1778522400.0,1778544000.0,-1.259,short,USDJPY,session_range_fade,1.5,1.3,72
1778648400.0,1778662800.0,1.2028,long,USDJPY,session_range_fade,1.5,1.3,72
1778677200.0,1778727600.0,1.2372,long,USDJPY,session_range_fade,1.5,1.3,72
1778842800.0,1778871600.0,-1.2003,short,USDJPY,session_range_fade,1.5,1.3,72
1779130800.0,1779192000.0,-1.1847,long,USDJPY,session_range_fade,1.5,1.3,72
1779285600.0,1779289200.0,-1.2231,long,USDJPY,session_range_fade,1.5,1.3,72
1779382800.0,1779429600.0,1.2763,long,USDJPY,session_range_fade,1.5,1.3,72
1779462000.0,1779656400.0,1.1326,short,USDJPY,session_range_fade,1.5,1.3,72
1779692400.0,1779778800.0,1.2392,long,USDJPY,session_range_fade,1.5,1.3,72
1779832800.0,1779858000.0,-1.4438,short,USDJPY,session_range_fade,1.5,1.3,72
1779948000.0,1779958800.0,-1.4206,long,USDJPY,session_range_fade,1.5,1.3,72
1780084800.0,1780264800.0,-1.3409,short,USDJPY,session_range_fade,1.5,1.3,72
1780390800.0,1780408800.0,0.9617,long,USDJPY,session_range_fade,1.5,1.3,72
1780452000.0,1780470000.0,-1.4325,long,USDJPY,session_range_fade,1.5,1.3,72
1780599600.0,1780657200.0,1.0945,short,USDJPY,session_range_fade,1.5,1.3,72
1780894800.0,1780905600.0,1.2142,short,USDJPY,session_range_fade,1.5,1.3,72
1781067600.0,1781089200.0,1.1074,long,USDJPY,session_range_fade,1.5,1.3,72
1781150400.0,1781197200.0,-1.4989,long,USDJPY,session_range_fade,1.5,1.3,72
1781535600.0,1781546400.0,-1.3513,short,USDJPY,session_range_fade,1.5,1.3,72
1781564400.0,1781578800.0,1.12,short,USDJPY,session_range_fade,1.5,1.3,72
1781643600.0,1781668800.0,1.0961,short,USDJPY,session_range_fade,1.5,1.3,72
1781708400.0,1781719200.0,1.1795,long,USDJPY,session_range_fade,1.5,1.3,72
1781773200.0,1781776800.0,-1.2497,short,USDJPY,session_range_fade,1.5,1.3,72
1781888400.0,1782082800.0,1.23,long,USDJPY,session_range_fade,1.5,1.3,72
1782198000.0,1782201600.0,-1.2785,long,USDJPY,session_range_fade,1.5,1.3,72
1782208800.0,1782280800.0,1.2248,long,USDJPY,session_range_fade,1.5,1.3,72
1782334800.0,1782349200.0,1.1199,short,USDJPY,session_range_fade,1.5,1.3,72
1782367200.0,1782392400.0,1.1161,short,USDJPY,session_range_fade,1.5,1.3,72
1782453600.0,1782460800.0,-1.3395,long,USDJPY,session_range_fade,1.5,1.3,72
1782500400.0,1782723600.0,-1.3006,short,USDJPY,session_range_fade,1.5,1.3,72
1782763200.0,1782777600.0,-1.5148,short,USDJPY,session_range_fade,1.5,1.3,72
1782900000.0,1782910800.0,-1.272,long,USDJPY,session_range_fade,1.5,1.3,72
1782964800.0,1782968400.0,-1.367,long,USDJPY,session_range_fade,1.5,1.3,72
1721023200.0,1721059200.0,1.8769,short,USDJPY,session_range_fade,2.0,1.3,24
1721106000.0,1721192400.0,1.8698,short,USDJPY,session_range_fade,2.0,1.3,24
1721368800.0,1721372400.0,-1.1368,short,USDJPY,session_range_fade,2.0,1.3,24
1721595600.0,1721602800.0,-1.1633,long,USDJPY,session_range_fade,2.0,1.3,24
1721606400.0,1721624400.0,-1.167,long,USDJPY,session_range_fade,2.0,1.3,24
1721970000.0,1721977200.0,-1.087,short,USDJPY,session_range_fade,2.0,1.3,24
1721980800.0,1722002400.0,1.9197,short,USDJPY,session_range_fade,2.0,1.3,24
1722243600.0,1722315600.0,1.922,long,USDJPY,session_range_fade,2.0,1.3,24
1722949200.0,1722992400.0,-1.0318,short,USDJPY,session_range_fade,2.0,1.3,24
1723057200.0,1723071600.0,-1.0514,long,USDJPY,session_range_fade,2.0,1.3,24
1723111200.0,1723122000.0,1.9496,long,USDJPY,session_range_fade,2.0,1.3,24
1723172400.0,1723212000.0,1.9182,short,USDJPY,session_range_fade,2.0,1.3,24
1723417200.0,1723449600.0,-1.1074,short,USDJPY,session_range_fade,2.0,1.3,24
1723521600.0,1723554000.0,1.8948,short,USDJPY,session_range_fade,2.0,1.3,24
1723690800.0,1723723200.0,-1.1288,short,USDJPY,session_range_fade,2.0,1.3,24
1724112000.0,1724119200.0,-1.1018,short,USDJPY,session_range_fade,2.0,1.3,24
1724216400.0,1724223600.0,-1.1007,short,USDJPY,session_range_fade,2.0,1.3,24
1724677200.0,1724720400.0,-1.0767,short,USDJPY,session_range_fade,2.0,1.3,24
1724724000.0,1724767200.0,1.9024,short,USDJPY,session_range_fade,2.0,1.3,24
1724810400.0,1724835600.0,-1.1212,long,USDJPY,session_range_fade,2.0,1.3,24
1724882400.0,1724932800.0,1.9023,long,USDJPY,session_range_fade,2.0,1.3,24
1724976000.0,1725015600.0,1.9001,long,USDJPY,session_range_fade,2.0,1.3,24
1725328800.0,1725339600.0,-1.1359,long,USDJPY,session_range_fade,2.0,1.3,24
1725591600.0,1725602400.0,1.905,short,USDJPY,session_range_fade,2.0,1.3,24
1725933600.0,1725969600.0,1.8924,short,USDJPY,session_range_fade,2.0,1.3,24
1725973200.0,1725976800.0,-1.0952,long,USDJPY,session_range_fade,2.0,1.3,24
1726135200.0,1726167600.0,1.9062,short,USDJPY,session_range_fade,2.0,1.3,24
1726437600.0,1726466400.0,1.9136,short,USDJPY,session_range_fade,2.0,1.3,24
1726549200.0,1726574400.0,-1.1095,short,USDJPY,session_range_fade,2.0,1.3,24
1726578000.0,1726588800.0,-1.0836,short,USDJPY,session_range_fade,2.0,1.3,24
1726664400.0,1726682400.0,-1.091,long,USDJPY,session_range_fade,2.0,1.3,24
1727053200.0,1727085600.0,1.9275,short,USDJPY,session_range_fade,2.0,1.3,24
1727128800.0,1727157600.0,1.9162,long,USDJPY,session_range_fade,2.0,1.3,24
1727244000.0,1727251200.0,-1.1029,short,USDJPY,session_range_fade,2.0,1.3,24
1727308800.0,1727312400.0,-1.1265,short,USDJPY,session_range_fade,2.0,1.3,24
1727316000.0,1727334000.0,-1.1184,short,USDJPY,session_range_fade,2.0,1.3,24
1727337600.0,1727348400.0,1.8955,short,USDJPY,session_range_fade,2.0,1.3,24
1727362800.0,1727409600.0,1.9276,long,USDJPY,session_range_fade,2.0,1.3,24
1727780400.0,1727838000.0,-1.0841,short,USDJPY,session_range_fade,2.0,1.3,24
1727841600.0,1727863200.0,1.9115,long,USDJPY,session_range_fade,2.0,1.3,24
1727956800.0,1728014400.0,-1.0801,long,USDJPY,session_range_fade,2.0,1.3,24
1728298800.0,1728306000.0,-1.0875,long,USDJPY,session_range_fade,2.0,1.3,24
1728313200.0,1728338400.0,-1.089,long,USDJPY,session_range_fade,2.0,1.3,24
1728352800.0,1728435600.0,1.9032,long,USDJPY,session_range_fade,2.0,1.3,24
1728439200.0,1728450000.0,-1.1465,short,USDJPY,session_range_fade,2.0,1.3,24
1728457200.0,1728475200.0,-1.149,short,USDJPY,session_range_fade,2.0,1.3,24
1728525600.0,1728532800.0,-1.1626,short,USDJPY,session_range_fade,2.0,1.3,24
1728536400.0,1728543600.0,-1.1607,long,USDJPY,session_range_fade,2.0,1.3,24
1728615600.0,1728874800.0,1.6772,long,USDJPY,session_range_fade,2.0,1.3,24
1728882000.0,1728889200.0,-1.2102,short,USDJPY,session_range_fade,2.0,1.3,24
1728896400.0,1728903600.0,-1.2044,short,USDJPY,session_range_fade,2.0,1.3,24
1728954000.0,1728972000.0,-1.1954,long,USDJPY,session_range_fade,2.0,1.3,24
1729072800.0,1729087200.0,-1.1292,short,USDJPY,session_range_fade,2.0,1.3,24
1729130400.0,1729144800.0,-1.1643,short,USDJPY,session_range_fade,2.0,1.3,24
1729148400.0,1729166400.0,-1.1892,short,USDJPY,session_range_fade,2.0,1.3,24
1729238400.0,1729245600.0,-1.1682,long,USDJPY,session_range_fade,2.0,1.3,24
1729576800.0,1729605600.0,-1.1499,short,USDJPY,session_range_fade,2.0,1.3,24
1729627200.0,1729645200.0,1.8577,long,USDJPY,session_range_fade,2.0,1.3,24
1729839600.0,1729872000.0,-1.1414,short,USDJPY,session_range_fade,2.0,1.3,24
1730156400.0,1730163600.0,-1.1376,long,USDJPY,session_range_fade,2.0,1.3,24
1730174400.0,1730188800.0,1.8431,long,USDJPY,session_range_fade,2.0,1.3,24
1730268000.0,1730275200.0,-1.153,long,USDJPY,session_range_fade,2.0,1.3,24
1730282400.0,1730289600.0,1.8744,long,USDJPY,session_range_fade,2.0,1.3,24
1730293200.0,1730354400.0,-1.0988,long,USDJPY,session_range_fade,2.0,1.3,24
1730757600.0,1730768400.0,-1.1225,short,USDJPY,session_range_fade,2.0,1.3,24
1730797200.0,1730826000.0,1.8241,short,USDJPY,session_range_fade,2.0,1.3,24
1730944800.0,1730952000.0,-1.1022,long,USDJPY,session_range_fade,2.0,1.3,24
1730955600.0,1730984400.0,-1.1031,long,USDJPY,session_range_fade,2.0,1.3,24
1731067200.0,1731283200.0,1.8992,long,USDJPY,session_range_fade,2.0,1.3,24
1731351600.0,1731376800.0,-1.1547,short,USDJPY,session_range_fade,2.0,1.3,24
1731391200.0,1731420000.0,1.8496,long,USDJPY,session_range_fade,2.0,1.3,24
1731596400.0,1731628800.0,1.8894,long,USDJPY,session_range_fade,2.0,1.3,24
1732032000.0,1732064400.0,-1.0601,short,USDJPY,session_range_fade,2.0,1.3,24
1732114800.0,1732154400.0,1.8852,short,USDJPY,session_range_fade,2.0,1.3,24
1732165200.0,1732168800.0,-1.1339,long,USDJPY,session_range_fade,2.0,1.3,24
1732287600.0,1732492800.0,1.9147,short,USDJPY,session_range_fade,2.0,1.3,24
1732590000.0,1732622400.0,-1.0894,long,USDJPY,session_range_fade,2.0,1.3,24
1732798800.0,1732838400.0,1.8781,short,USDJPY,session_range_fade,2.0,1.3,24
1732899600.0,1733104800.0,1.9265,long,USDJPY,session_range_fade,2.0,1.3,24
1733378400.0,1733403600.0,1.9084,long,USDJPY,session_range_fade,2.0,1.3,24
1733418000.0,1733490000.0,-1.0862,long,USDJPY,session_range_fade,2.0,1.3,24
1733497200.0,1733745600.0,1.912,long,USDJPY,session_range_fade,2.0,1.3,24
1733806800.0,1733814000.0,1.8659,long,USDJPY,session_range_fade,2.0,1.3,24
1733875200.0,1733882400.0,-1.1485,long,USDJPY,session_range_fade,2.0,1.3,24
1734307200.0,1734350400.0,-1.1311,short,USDJPY,session_range_fade,2.0,1.3,24
1734372000.0,1734426000.0,-1.1353,long,USDJPY,session_range_fade,2.0,1.3,24
1734429600.0,1734444000.0,-1.1317,long,USDJPY,session_range_fade,2.0,1.3,24
1734512400.0,1734548400.0,1.8598,long,USDJPY,session_range_fade,2.0,1.3,24
1735005600.0,1735052400.0,-1.1944,short,USDJPY,session_range_fade,2.0,1.3,24
1735110000.0,1735214400.0,1.8274,long,USDJPY,session_range_fade,2.0,1.3,24
1735304400.0,1735311600.0,-1.1594,long,USDJPY,session_range_fade,2.0,1.3,24
1735318800.0,1735556400.0,-1.1495,long,USDJPY,session_range_fade,2.0,1.3,24
1735909200.0,1735923600.0,-1.1438,long,USDJPY,session_range_fade,2.0,1.3,24
1735927200.0,1736121600.0,1.8683,long,USDJPY,session_range_fade,2.0,1.3,24
1736125200.0,1736157600.0,-1.1372,short,USDJPY,session_range_fade,2.0,1.3,24
1736161200.0,1736164800.0,-1.1301,long,USDJPY,session_range_fade,2.0,1.3,24
1736355600.0,1736380800.0,-1.1436,long,USDJPY,session_range_fade,2.0,1.3,24
1736384400.0,1736395200.0,-1.1483,long,USDJPY,session_range_fade,2.0,1.3,24
1736438400.0,1736496000.0,-1.1486,long,USDJPY,session_range_fade,2.0,1.3,24
1736794800.0,1736881200.0,-0.3783,short,USDJPY,session_range_fade,2.0,1.3,24
1736913600.0,1736917200.0,-1.1517,long,USDJPY,session_range_fade,2.0,1.3,24
1737090000.0,1737122400.0,-1.1152,short,USDJPY,session_range_fade,2.0,1.3,24
1737342000.0,1737363600.0,1.8781,long,USDJPY,session_range_fade,2.0,1.3,24
1737367200.0,1737378000.0,1.8762,short,USDJPY,session_range_fade,2.0,1.3,24
1737511200.0,1737529200.0,-1.1188,short,USDJPY,session_range_fade,2.0,1.3,24
1737532800.0,1737547200.0,-1.1193,short,USDJPY,session_range_fade,2.0,1.3,24
1737550800.0,1737558000.0,-1.1113,short,USDJPY,session_range_fade,2.0,1.3,24
1737612000.0,1737626400.0,1.7957,short,USDJPY,session_range_fade,2.0,1.3,24
1737630000.0,1737637200.0,-1.1732,long,USDJPY,session_range_fade,2.0,1.3,24
1737640800.0,1737648000.0,-1.1444,long,USDJPY,session_range_fade,2.0,1.3,24
1738076400.0,1738162800.0,1.5429,short,USDJPY,session_range_fade,2.0,1.3,24
1738170000.0,1738195200.0,-1.1144,long,USDJPY,session_range_fade,2.0,1.3,24
1738216800.0,1738242000.0,-1.104,long,USDJPY,session_range_fade,2.0,1.3,24
1738281600.0,1738299600.0,-1.0876,short,USDJPY,session_range_fade,2.0,1.3,24
1738342800.0,1738346400.0,-1.1118,short,USDJPY,session_range_fade,2.0,1.3,24
1738350000.0,1738540800.0,-1.109,short,USDJPY,session_range_fade,2.0,1.3,24
1738821600.0,1738850400.0,1.8911,short,USDJPY,session_range_fade,2.0,1.3,24
1738908000.0,1738926000.0,-1.1103,short,USDJPY,session_range_fade,2.0,1.3,24
1738929600.0,1738933200.0,-1.1129,short,USDJPY,session_range_fade,2.0,1.3,24
1739210400.0,1739271600.0,-1.1205,short,USDJPY,session_range_fade,2.0,1.3,24
1739275200.0,1739314800.0,-1.1493,short,USDJPY,session_range_fade,2.0,1.3,24
1739422800.0,1739440800.0,-1.1158,long,USDJPY,session_range_fade,2.0,1.3,24
1739527200.0,1739538000.0,-1.1086,long,USDJPY,session_range_fade,2.0,1.3,24
1739808000.0,1739836800.0,-1.1598,short,USDJPY,session_range_fade,2.0,1.3,24
1739840400.0,1739847600.0,-1.2113,short,USDJPY,session_range_fade,2.0,1.3,24
1739862000.0,1739890800.0,1.8452,short,USDJPY,session_range_fade,2.0,1.3,24
1739894400.0,1739908800.0,-1.1358,short,USDJPY,session_range_fade,2.0,1.3,24
1739912400.0,1739930400.0,-1.1612,short,USDJPY,session_range_fade,2.0,1.3,24
1739934000.0,1739973600.0,1.8659,short,USDJPY,session_range_fade,2.0,1.3,24
1740376800.0,1740398400.0,-1.1051,short,USDJPY,session_range_fade,2.0,1.3,24
1740412800.0,1740441600.0,-1.1051,short,USDJPY,session_range_fade,2.0,1.3,24
1740448800.0,1740492000.0,1.8904,short,USDJPY,session_range_fade,2.0,1.3,24
1740567600.0,1740592800.0,1.8986,short,USDJPY,session_range_fade,2.0,1.3,24
1740610800.0,1740643200.0,1.9014,long,USDJPY,session_range_fade,2.0,1.3,24
1740697200.0,1740708000.0,1.9127,short,USDJPY,session_range_fade,2.0,1.3,24
1740711600.0,1740726000.0,1.9222,long,USDJPY,session_range_fade,2.0,1.3,24
1740963600.0,1740992400.0,-1.0818,long,USDJPY,session_range_fade,2.0,1.3,24
1741176000.0,1741183200.0,1.9124,short,USDJPY,session_range_fade,2.0,1.3,24
1741240800.0,1741244400.0,-1.1101,long,USDJPY,session_range_fade,2.0,1.3,24
1741302000.0,1741334400.0,1.9236,short,USDJPY,session_range_fade,2.0,1.3,24
1741348800.0,1741374000.0,-1.0883,short,USDJPY,session_range_fade,2.0,1.3,24
1741377600.0,1741608000.0,1.9393,short,USDJPY,session_range_fade,2.0,1.3,24
1741680000.0,1741690800.0,-1.0826,short,USDJPY,session_range_fade,2.0,1.3,24
1741780800.0,1741791600.0,1.9165,short,USDJPY,session_range_fade,2.0,1.3,24
1741856400.0,1741867200.0,-1.1243,long,USDJPY,session_range_fade,2.0,1.3,24
1741870800.0,1741878000.0,-1.1016,long,USDJPY,session_range_fade,2.0,1.3,24
1741881600.0,1741914000.0,1.9067,long,USDJPY,session_range_fade,2.0,1.3,24
1741921200.0,1741928400.0,-1.1189,short,USDJPY,session_range_fade,2.0,1.3,24
1741964400.0,1742169600.0,-1.1029,short,USDJPY,session_range_fade,2.0,1.3,24
1742202000.0,1742212800.0,-1.1081,long,USDJPY,session_range_fade,2.0,1.3,24
1742220000.0,1742252400.0,1.9041,long,USDJPY,session_range_fade,2.0,1.3,24
1742310000.0,1742320800.0,-1.1232,long,USDJPY,session_range_fade,2.0,1.3,24
1742338800.0,1742364000.0,1.8755,long,USDJPY,session_range_fade,2.0,1.3,24
1742508000.0,1742515200.0,-1.1321,short,USDJPY,session_range_fade,2.0,1.3,24
1742893200.0,1742896800.0,-1.1562,long,USDJPY,session_range_fade,2.0,1.3,24
1742947200.0,1742965200.0,1.8375,long,USDJPY,session_range_fade,2.0,1.3,24
1743037200.0,1743066000.0,1.883,long,USDJPY,session_range_fade,2.0,1.3,24
1743069600.0,1743120000.0,-1.1329,short,USDJPY,session_range_fade,2.0,1.3,24
1743138000.0,1743145200.0,-1.1608,long,USDJPY,session_range_fade,2.0,1.3,24
1743498000.0,1743516000.0,1.8753,short,USDJPY,session_range_fade,2.0,1.3,24
1743577200.0,1743584400.0,-1.1565,long,USDJPY,session_range_fade,2.0,1.3,24
1743588000.0,1743595200.0,-1.155,long,USDJPY,session_range_fade,2.0,1.3,24
1743742800.0,1743753600.0,-1.0626,short,USDJPY,session_range_fade,2.0,1.3,24
1743757200.0,1743760800.0,1.9373,short,USDJPY,session_range_fade,2.0,1.3,24
1744092000.0,1744110000.0,-1.0752,long,USDJPY,session_range_fade,2.0,1.3,24
1744120800.0,1744124400.0,-1.0693,long,USDJPY,session_range_fade,2.0,1.3,24
1744380000.0,1744639200.0,0.2254,short,USDJPY,session_range_fade,2.0,1.3,24
1744646400.0,1744732800.0,0.1436,short,USDJPY,session_range_fade,2.0,1.3,24
1744747200.0,1744772400.0,1.9076,short,USDJPY,session_range_fade,2.0,1.3,24
1744851600.0,1744938000.0,0.6766,short,USDJPY,session_range_fade,2.0,1.3,24
1744988400.0,1744992000.0,-1.3638,long,USDJPY,session_range_fade,2.0,1.3,24
1745276400.0,1745290800.0,1.9,short,USDJPY,session_range_fade,2.0,1.3,24
1745510400.0,1745550000.0,1.8942,long,USDJPY,session_range_fade,2.0,1.3,24
1745604000.0,1745845200.0,-1.0838,long,USDJPY,session_range_fade,2.0,1.3,24
1745899200.0,1745931600.0,-1.1184,long,USDJPY,session_range_fade,2.0,1.3,24
1745978400.0,1745996400.0,-1.112,short,USDJPY,session_range_fade,2.0,1.3,24
1746061200.0,1746068400.0,-1.1066,short,USDJPY,session_range_fade,2.0,1.3,24
1746162000.0,1746172800.0,-1.1021,long,USDJPY,session_range_fade,2.0,1.3,24
1746489600.0,1746514800.0,1.8882,short,USDJPY,session_range_fade,2.0,1.3,24
1746576000.0,1746604800.0,-1.0776,short,USDJPY,session_range_fade,2.0,1.3,24
1746622800.0,1746633600.0,-1.0971,short,USDJPY,session_range_fade,2.0,1.3,24
1746637200.0,1746640800.0,-1.1056,short,USDJPY,session_range_fade,2.0,1.3,24
1746655200.0,1746684000.0,-1.0957,short,USDJPY,session_range_fade,2.0,1.3,24
1746774000.0,1746799200.0,-1.1041,long,USDJPY,session_range_fade,2.0,1.3,24
1746820800.0,1746997200.0,1.885,long,USDJPY,session_range_fade,2.0,1.3,24
1747094400.0,1747162800.0,-1.0926,long,USDJPY,session_range_fade,2.0,1.3,24
1747386000.0,1747404000.0,-1.0992,short,USDJPY,session_range_fade,2.0,1.3,24
1747717200.0,1747792800.0,-1.0997,long,USDJPY,session_range_fade,2.0,1.3,24
1747965600.0,1747998000.0,1.8927,short,USDJPY,session_range_fade,2.0,1.3,24
1748242800.0,1748304000.0,1.8923,short,USDJPY,session_range_fade,2.0,1.3,24
1748318400.0,1748322000.0,-1.1514,short,USDJPY,session_range_fade,2.0,1.3,24
1748397600.0,1748419200.0,1.8812,short,USDJPY,session_range_fade,2.0,1.3,24
1748422800.0,1748444400.0,1.9151,long,USDJPY,session_range_fade,2.0,1.3,24
1748588400.0,1748606400.0,-1.1143,long,USDJPY,session_range_fade,2.0,1.3,24
1748818800.0,1748847600.0,1.8995,short,USDJPY,session_range_fade,2.0,1.3,24
1748901600.0,1748912400.0,1.8625,long,USDJPY,session_range_fade,2.0,1.3,24
1748916000.0,1748952000.0,-1.1154,short,USDJPY,session_range_fade,2.0,1.3,24
1749038400.0,1749045600.0,-1.0785,long,USDJPY,session_range_fade,2.0,1.3,24
1749099600.0,1749124800.0,-1.1275,long,USDJPY,session_range_fade,2.0,1.3,24
1749438000.0,1749448800.0,-1.1282,long,USDJPY,session_range_fade,2.0,1.3,24
1749466800.0,1749520800.0,1.8804,long,USDJPY,session_range_fade,2.0,1.3,24
1749531600.0,1749596400.0,1.8738,long,USDJPY,session_range_fade,2.0,1.3,24
1749625200.0,1749643200.0,-1.1371,short,USDJPY,session_range_fade,2.0,1.3,24
1750096800.0,1750118400.0,-1.1058,short,USDJPY,session_range_fade,2.0,1.3,24
1750168800.0,1750255200.0,0.8426,short,USDJPY,session_range_fade,2.0,1.3,24
1750309200.0,1750320000.0,-1.1183,short,USDJPY,session_range_fade,2.0,1.3,24
1750374000.0,1750424400.0,1.8619,long,USDJPY,session_range_fade,2.0,1.3,24
1750820400.0,1750831200.0,-1.116,short,USDJPY,session_range_fade,2.0,1.3,24
1750874400.0,1750906800.0,1.8761,short,USDJPY,session_range_fade,2.0,1.3,24
1750996800.0,1751032800.0,-1.1122,short,USDJPY,session_range_fade,2.0,1.3,24
1751234400.0,1751259600.0,1.8896,short,USDJPY,session_range_fade,2.0,1.3,24
1751274000.0,1751313600.0,-1.1121,long,USDJPY,session_range_fade,2.0,1.3,24
1751317200.0,1751328000.0,-1.1345,long,USDJPY,session_range_fade,2.0,1.3,24
1751432400.0,1751439600.0,-1.1304,short,USDJPY,session_range_fade,2.0,1.3,24
1751648400.0,1751846400.0,-1.2204,long,USDJPY,session_range_fade,2.0,1.3,24
1751850000.0,1751860800.0,1.7954,long,USDJPY,session_range_fade,2.0,1.3,24
1752037200.0,1752044400.0,-1.1703,long,USDJPY,session_range_fade,2.0,1.3,24
1752174000.0,1752192000.0,-1.1311,short,USDJPY,session_range_fade,2.0,1.3,24
1752480000.0,1752566400.0,1.0321,long,USDJPY,session_range_fade,2.0,1.3,24
1752577200.0,1752580800.0,-1.1761,short,USDJPY,session_range_fade,2.0,1.3,24
1752645600.0,1752674400.0,-1.1543,long,USDJPY,session_range_fade,2.0,1.3,24
1752807600.0,1752843600.0,1.8487,short,USDJPY,session_range_fade,2.0,1.3,24
1753153200.0,1753164000.0,-1.1514,short,USDJPY,session_range_fade,2.0,1.3,24
1753178400.0,1753185600.0,1.8539,short,USDJPY,session_range_fade,2.0,1.3,24
1753257600.0,1753318800.0,1.9209,short,USDJPY,session_range_fade,2.0,1.3,24
1753660800.0,1753682400.0,1.8464,long,USDJPY,session_range_fade,2.0,1.3,24
1753743600.0,1753765200.0,-1.1629,long,USDJPY,session_range_fade,2.0,1.3,24
1753768800.0,1753833600.0,-1.1533,long,USDJPY,session_range_fade,2.0,1.3,24
1754017200.0,1754042400.0,-1.1466,long,USDJPY,session_range_fade,2.0,1.3,24
1754359200.0,1754380800.0,-1.1167,short,USDJPY,session_range_fade,2.0,1.3,24
1754431200.0,1754467200.0,-1.1483,short,USDJPY,session_range_fade,2.0,1.3,24
1754470800.0,1754485200.0,1.837,short,USDJPY,session_range_fade,2.0,1.3,24
1754488800.0,1754503200.0,-1.1348,long,USDJPY,session_range_fade,2.0,1.3,24
1754506800.0,1754546400.0,-1.121,long,USDJPY,session_range_fade,2.0,1.3,24
1754629200.0,1754643600.0,-1.1206,short,USDJPY,session_range_fade,2.0,1.3,24
1754863200.0,1754920800.0,-1.1552,short,USDJPY,session_range_fade,2.0,1.3,24
1755057600.0,1755068400.0,-1.1517,long,USDJPY,session_range_fade,2.0,1.3,24
1755504000.0,1755522000.0,1.8453,long,USDJPY,session_range_fade,2.0,1.3,24
1755568800.0,1755655200.0,0.8167,short,USDJPY,session_range_fade,2.0,1.3,24
1755658800.0,1755669600.0,-1.1659,long,USDJPY,session_range_fade,2.0,1.3,24
1755766800.0,1755770400.0,-1.1794,short,USDJPY,session_range_fade,2.0,1.3,24
1755777600.0,1755784800.0,-1.1576,short,USDJPY,session_range_fade,2.0,1.3,24
1755842400.0,1755856800.0,-1.1789,short,USDJPY,session_range_fade,2.0,1.3,24
1755867600.0,1755871200.0,-1.1566,long,USDJPY,session_range_fade,2.0,1.3,24
1756126800.0,1756134000.0,-1.1578,short,USDJPY,session_range_fade,2.0,1.3,24
1756141200.0,1756144800.0,-1.1618,short,USDJPY,session_range_fade,2.0,1.3,24
1756245600.0,1756267200.0,1.8403,long,USDJPY,session_range_fade,2.0,1.3,24
1756364400.0,1756375200.0,-1.1482,long,USDJPY,session_range_fade,2.0,1.3,24
1756425600.0,1756468800.0,1.8421,long,USDJPY,session_range_fade,2.0,1.3,24
1756674000.0,1756684800.0,-1.1585,short,USDJPY,session_range_fade,2.0,1.3,24
1756688400.0,1756695600.0,1.8407,short,USDJPY,session_range_fade,2.0,1.3,24
1756731600.0,1756774800.0,-1.1493,short,USDJPY,session_range_fade,2.0,1.3,24
1756962000.0,1756994400.0,1.823,long,USDJPY,session_range_fade,2.0,1.3,24
1757368800.0,1757376000.0,-1.16,long,USDJPY,session_range_fade,2.0,1.3,24
1757469600.0,1757484000.0,-1.1602,short,USDJPY,session_range_fade,2.0,1.3,24
1757487600.0,1757505600.0,1.8041,short,USDJPY,session_range_fade,2.0,1.3,24
1757509200.0,1757570400.0,-1.1397,short,USDJPY,session_range_fade,2.0,1.3,24
1757592000.0,1757599200.0,-1.1609,long,USDJPY,session_range_fade,2.0,1.3,24
1757660400.0,1757664000.0,-1.1944,short,USDJPY,session_range_fade,2.0,1.3,24
1757901600.0,1757930400.0,-1.1636,long,USDJPY,session_range_fade,2.0,1.3,24
1757944800.0,1757952000.0,-1.2133,long,USDJPY,session_range_fade,2.0,1.3,24
1757955600.0,1757991600.0,-1.1918,long,USDJPY,session_range_fade,2.0,1.3,24
1758088800.0,1758092400.0,-1.1997,short,USDJPY,session_range_fade,2.0,1.3,24
1758096000.0,1758132000.0,-1.171,short,USDJPY,session_range_fade,2.0,1.3,24
1758488400.0,1758506400.0,1.8259,long,USDJPY,session_range_fade,2.0,1.3,24
1758520800.0,1758524400.0,-1.2405,long,USDJPY,session_range_fade,2.0,1.3,24
1758528000.0,1758560400.0,-1.1934,long,USDJPY,session_range_fade,2.0,1.3,24
1758578400.0,1758618000.0,-1.2092,long,USDJPY,session_range_fade,2.0,1.3,24
1758621600.0,1758646800.0,-1.195,long,USDJPY,session_range_fade,2.0,1.3,24
1758672000.0,1758693600.0,-1.1725,short,USDJPY,session_range_fade,2.0,1.3,24
1758758400.0,1758762000.0,-1.2127,short,USDJPY,session_range_fade,2.0,1.3,24
1758765600.0,1758801600.0,-1.2108,short,USDJPY,session_range_fade,2.0,1.3,24
1758862800.0,1758891600.0,-1.1887,long,USDJPY,session_range_fade,2.0,1.3,24
1758895200.0,1759104000.0,-1.1696,long,USDJPY,session_range_fade,2.0,1.3,24
1759183200.0,1759190400.0,-1.2078,short,USDJPY,session_range_fade,2.0,1.3,24
1759194000.0,1759208400.0,1.8085,short,USDJPY,session_range_fade,2.0,1.3,24
1759269600.0,1759276800.0,-1.157,short,USDJPY,session_range_fade,2.0,1.3,24
1759280400.0,1759298400.0,1.856,short,USDJPY,session_range_fade,2.0,1.3,24
1759384800.0,1759395600.0,1.8369,short,USDJPY,session_range_fade,2.0,1.3,24
1759946400.0,1760014800.0,-1.1115,long,USDJPY,session_range_fade,2.0,1.3,24
1760068800.0,1760076000.0,-1.1464,long,USDJPY,session_range_fade,2.0,1.3,24
1760356800.0,1760400000.0,-1.1302,short,USDJPY,session_range_fade,2.0,1.3,24
1760410800.0,1760418000.0,1.8122,short,USDJPY,session_range_fade,2.0,1.3,24
1760475600.0,1760490000.0,-1.1381,long,USDJPY,session_range_fade,2.0,1.3,24
1760932800.0,1761008400.0,-1.1303,short,USDJPY,session_range_fade,2.0,1.3,24
1761012000.0,1761022800.0,-1.1428,short,USDJPY,session_range_fade,2.0,1.3,24
1761120000.0,1761177600.0,1.8289,long,USDJPY,session_range_fade,2.0,1.3,24
1761235200.0,1761282000.0,-1.1525,short,USDJPY,session_range_fade,2.0,1.3,24
1761289200.0,1761307200.0,-1.2042,long,USDJPY,session_range_fade,2.0,1.3,24
1761552000.0,1761609600.0,-1.1384,long,USDJPY,session_range_fade,2.0,1.3,24
1761688800.0,1761696000.0,1.846,short,USDJPY,session_range_fade,2.0,1.3,24
1761753600.0,1761760800.0,-1.1167,short,USDJPY,session_range_fade,2.0,1.3,24
1761868800.0,1761894000.0,1.8504,long,USDJPY,session_range_fade,2.0,1.3,24
1761897600.0,1761912000.0,-1.1503,long,USDJPY,session_range_fade,2.0,1.3,24
1761926400.0,1762189200.0,0.0075,long,USDJPY,session_range_fade,2.0,1.3,24
1762203600.0,1762214400.0,-1.2615,short,USDJPY,session_range_fade,2.0,1.3,24
1762221600.0,1762228800.0,-1.2181,long,USDJPY,session_range_fade,2.0,1.3,24
1762232400.0,1762236000.0,-1.1932,long,USDJPY,session_range_fade,2.0,1.3,24
1762398000.0,1762434000.0,1.8138,short,USDJPY,session_range_fade,2.0,1.3,24
1762538400.0,1762542000.0,-1.1286,short,USDJPY,session_range_fade,2.0,1.3,24
1762545600.0,1762725600.0,-1.1221,short,USDJPY,session_range_fade,2.0,1.3,24
1762779600.0,1762819200.0,-1.1581,short,USDJPY,session_range_fade,2.0,1.3,24
1762837200.0,1762866000.0,-1.2013,long,USDJPY,session_range_fade,2.0,1.3,24
1762887600.0,1762920000.0,1.8324,long,USDJPY,session_range_fade,2.0,1.3,24
1762992000.0,1763020800.0,1.7919,short,USDJPY,session_range_fade,2.0,1.3,24
1763114400.0,1763121600.0,1.8391,short,USDJPY,session_range_fade,2.0,1.3,24
1763355600.0,1763377200.0,-1.2106,short,USDJPY,session_range_fade,2.0,1.3,24
1763380800.0,1763391600.0,-1.1904,short,USDJPY,session_range_fade,2.0,1.3,24
1763481600.0,1763546400.0,1.8756,long,USDJPY,session_range_fade,2.0,1.3,24
1763654400.0,1763704800.0,-1.1018,long,USDJPY,session_range_fade,2.0,1.3,24
1763967600.0,1763992800.0,-1.1674,short,USDJPY,session_range_fade,2.0,1.3,24
1764018000.0,1764061200.0,1.8415,short,USDJPY,session_range_fade,2.0,1.3,24
1764111600.0,1764118800.0,-1.1167,long,USDJPY,session_range_fade,2.0,1.3,24
1764126000.0,1764162000.0,1.8967,long,USDJPY,session_range_fade,2.0,1.3,24
1764183600.0,1764201600.0,1.854,short,USDJPY,session_range_fade,2.0,1.3,24
1764334800.0,1764547200.0,-1.1728,long,USDJPY,session_range_fade,2.0,1.3,24
1764630000.0,1764655200.0,-1.1627,short,USDJPY,session_range_fade,2.0,1.3,24
1764691200.0,1764759600.0,1.8266,short,USDJPY,session_range_fade,2.0,1.3,24
1765162800.0,1765177200.0,-1.1817,short,USDJPY,session_range_fade,2.0,1.3,24
1765180800.0,1765195200.0,-1.1848,short,USDJPY,session_range_fade,2.0,1.3,24
1765335600.0,1765378800.0,-1.1944,long,USDJPY,session_range_fade,2.0,1.3,24
1765389600.0,1765393200.0,-1.2021,long,USDJPY,session_range_fade,2.0,1.3,24
1765540800.0,1765760400.0,1.8251,short,USDJPY,session_range_fade,2.0,1.3,24
1765936800.0,1765951200.0,-1.1152,short,USDJPY,session_range_fade,2.0,1.3,24
1766005200.0,1766034000.0,-1.1887,short,USDJPY,session_range_fade,2.0,1.3,24
1766106000.0,1766124000.0,1.8439,long,USDJPY,session_range_fade,2.0,1.3,24
1766379600.0,1766408400.0,-1.1588,long,USDJPY,session_range_fade,2.0,1.3,24
1766592000.0,1766646000.0,-1.1577,short,USDJPY,session_range_fade,2.0,1.3,24
1766700000.0,1766703600.0,-1.1947,short,USDJPY,session_range_fade,2.0,1.3,24
1766757600.0,1766768400.0,-1.1628,short,USDJPY,session_range_fade,2.0,1.3,24
1767016800.0,1767081600.0,-1.1582,long,USDJPY,session_range_fade,2.0,1.3,24
1767085200.0,1767106800.0,1.8204,long,USDJPY,session_range_fade,2.0,1.3,24
1767114000.0,1767153600.0,-1.1628,short,USDJPY,session_range_fade,2.0,1.3,24
1767204000.0,1767312000.0,1.7683,short,USDJPY,session_range_fade,2.0,1.3,24
1767315600.0,1767571200.0,1.8241,long,USDJPY,session_range_fade,2.0,1.3,24
1767711600.0,1767798000.0,-0.5598,short,USDJPY,session_range_fade,2.0,1.3,24
1767801600.0,1767834000.0,-1.1951,short,USDJPY,session_range_fade,2.0,1.3,24
1767848400.0,1767852000.0,-1.2439,long,USDJPY,session_range_fade,2.0,1.3,24
1767855600.0,1767877200.0,1.7698,long,USDJPY,session_range_fade,2.0,1.3,24
1767916800.0,1767924000.0,-1.2102,short,USDJPY,session_range_fade,2.0,1.3,24
1768323600.0,1768352400.0,-1.1438,short,USDJPY,session_range_fade,2.0,1.3,24
1768377600.0,1768381200.0,-1.1956,long,USDJPY,session_range_fade,2.0,1.3,24
1768442400.0,1768528800.0,-1.1327,long,USDJPY,session_range_fade,2.0,1.3,24
1768773600.0,1768777200.0,-1.1624,long,USDJPY,session_range_fade,2.0,1.3,24
1768820400.0,1768888800.0,-1.1176,short,USDJPY,session_range_fade,2.0,1.3,24
1768982400.0,1769022000.0,1.841,long,USDJPY,session_range_fade,2.0,1.3,24
1769094000.0,1769148000.0,1.8356,long,USDJPY,session_range_fade,2.0,1.3,24
1769446800.0,1769486400.0,-1.0673,short,USDJPY,session_range_fade,2.0,1.3,24
1769605200.0,1769612400.0,-1.0969,short,USDJPY,session_range_fade,2.0,1.3,24
1769670000.0,1769734800.0,-1.0893,short,USDJPY,session_range_fade,2.0,1.3,24
1769738400.0,1769763600.0,-1.0917,short,USDJPY,session_range_fade,2.0,1.3,24
1770030000.0,1770044400.0,1.9119,long,USDJPY,session_range_fade,2.0,1.3,24
1770091200.0,1770112800.0,1.8413,long,USDJPY,session_range_fade,2.0,1.3,24
1770138000.0,1770170400.0,1.8443,long,USDJPY,session_range_fade,2.0,1.3,24
1770264000.0,1770282000.0,1.8355,long,USDJPY,session_range_fade,2.0,1.3,24
1770346800.0,1770411600.0,1.8539,long,USDJPY,session_range_fade,2.0,1.3,24
1771214400.0,1771232400.0,-1.1343,short,USDJPY,session_range_fade,2.0,1.3,24
1771279200.0,1771282800.0,-1.2192,short,USDJPY,session_range_fade,2.0,1.3,24
1771286400.0,1771300800.0,-1.1948,long,USDJPY,session_range_fade,2.0,1.3,24
1771304400.0,1771315200.0,-1.1657,long,USDJPY,session_range_fade,2.0,1.3,24
1771322400.0,1771340400.0,1.8797,long,USDJPY,session_range_fade,2.0,1.3,24
1771513200.0,1771599600.0,-0.5281,long,USDJPY,session_range_fade,2.0,1.3,24
1771862400.0,1771894800.0,1.8716,long,USDJPY,session_range_fade,2.0,1.3,24
1771898400.0,1771905600.0,-1.134,short,USDJPY,session_range_fade,2.0,1.3,24
1771970400.0,1772006400.0,-1.1443,short,USDJPY,session_range_fade,2.0,1.3,24
1772056800.0,1772064000.0,-1.1547,long,USDJPY,session_range_fade,2.0,1.3,24
1772089200.0,1772150400.0,-1.1441,long,USDJPY,session_range_fade,2.0,1.3,24
1772208000.0,1772402400.0,-1.1383,short,USDJPY,session_range_fade,2.0,1.3,24
1772506800.0,1772535600.0,1.8757,long,USDJPY,session_range_fade,2.0,1.3,24
1772560800.0,1772596800.0,-1.1075,long,USDJPY,session_range_fade,2.0,1.3,24
1772600400.0,1772614800.0,-1.1097,long,USDJPY,session_range_fade,2.0,1.3,24
1772661600.0,1772668800.0,-1.1263,long,USDJPY,session_range_fade,2.0,1.3,24
1772694000.0,1772715600.0,-1.133,short,USDJPY,session_range_fade,2.0,1.3,24
1772755200.0,1772773200.0,-1.1248,short,USDJPY,session_range_fade,2.0,1.3,24
1772776800.0,1772794800.0,-1.1548,short,USDJPY,session_range_fade,2.0,1.3,24
1772802000.0,1773007200.0,-1.1409,short,USDJPY,session_range_fade,2.0,1.3,24
1773061200.0,1773082800.0,-1.105,long,USDJPY,session_range_fade,2.0,1.3,24
1773147600.0,1773162000.0,-1.1146,long,USDJPY,session_range_fade,2.0,1.3,24
1773165600.0,1773230400.0,1.8888,long,USDJPY,session_range_fade,2.0,1.3,24
1773234000.0,1773241200.0,-1.1356,short,USDJPY,session_range_fade,2.0,1.3,24
1773244800.0,1773270000.0,-1.1344,short,USDJPY,session_range_fade,2.0,1.3,24
1773298800.0,1773313200.0,-1.18,long,USDJPY,session_range_fade,2.0,1.3,24
1773316800.0,1773342000.0,1.8564,long,USDJPY,session_range_fade,2.0,1.3,24
1773388800.0,1773406800.0,-1.158,long,USDJPY,session_range_fade,2.0,1.3,24
1773432000.0,1773644400.0,1.8433,short,USDJPY,session_range_fade,2.0,1.3,24
1773723600.0,1773745200.0,1.8333,short,USDJPY,session_range_fade,2.0,1.3,24
1773792000.0,1773813600.0,1.8317,short,USDJPY,session_range_fade,2.0,1.3,24
1773820800.0,1773835200.0,-1.1896,short,USDJPY,session_range_fade,2.0,1.3,24
1773846000.0,1773856800.0,-1.1584,short,USDJPY,session_range_fade,2.0,1.3,24
1773889200.0,1773903600.0,1.8158,short,USDJPY,session_range_fade,2.0,1.3,24
1774249200.0,1774263600.0,1.8662,short,USDJPY,session_range_fade,2.0,1.3,24
1774342800.0,1774371600.0,1.8328,long,USDJPY,session_range_fade,2.0,1.3,24
1774418400.0,1774454400.0,-1.1464,short,USDJPY,session_range_fade,2.0,1.3,24
1774458000.0,1774490400.0,-1.1456,short,USDJPY,session_range_fade,2.0,1.3,24
1774504800.0,1774522800.0,1.7522,long,USDJPY,session_range_fade,2.0,1.3,24
1774544400.0,1774555200.0,1.7968,short,USDJPY,session_range_fade,2.0,1.3,24
1774569600.0,1774623600.0,1.8273,long,USDJPY,session_range_fade,2.0,1.3,24
1774900800.0,1774954800.0,-1.1653,long,USDJPY,session_range_fade,2.0,1.3,24
1775066400.0,1775091600.0,-1.101,short,USDJPY,session_range_fade,2.0,1.3,24
1775170800.0,1775430000.0,1.373,long,USDJPY,session_range_fade,2.0,1.3,24
1775433600.0,1775440800.0,-1.2108,long,USDJPY,session_range_fade,2.0,1.3,24
1775444400.0,1775458800.0,-1.2221,long,USDJPY,session_range_fade,2.0,1.3,24
1775484000.0,1775523600.0,-1.1908,short,USDJPY,session_range_fade,2.0,1.3,24
1775538000.0,1775548800.0,1.7162,short,USDJPY,session_range_fade,2.0,1.3,24
1775556000.0,1775570400.0,-1.2246,short,USDJPY,session_range_fade,2.0,1.3,24
1775592000.0,1775599200.0,-1.1561,long,USDJPY,session_range_fade,2.0,1.3,24
1775822400.0,1776027600.0,1.7795,long,USDJPY,session_range_fade,2.0,1.3,24
1776078000.0,1776096000.0,1.7794,short,USDJPY,session_range_fade,2.0,1.3,24
1776214800.0,1776254400.0,-1.1978,short,USDJPY,session_range_fade,2.0,1.3,24
1776294000.0,1776308400.0,1.8027,short,USDJPY,session_range_fade,2.0,1.3,24
1776394800.0,1776416400.0,1.7801,short,USDJPY,session_range_fade,2.0,1.3,24
1776420000.0,1776427200.0,-1.2295,long,USDJPY,session_range_fade,2.0,1.3,24
1776729600.0,1776758400.0,-1.1746,short,USDJPY,session_range_fade,2.0,1.3,24
1776772800.0,1776780000.0,-1.2323,short,USDJPY,session_range_fade,2.0,1.3,24
1776808800.0,1776895200.0,-0.3501,short,USDJPY,session_range_fade,2.0,1.3,24
1776956400.0,1776963600.0,1.7905,long,USDJPY,session_range_fade,2.0,1.3,24
1777024800.0,1777028400.0,-1.3162,long,USDJPY,session_range_fade,2.0,1.3,24
1777266000.0,1777273200.0,-1.2396,long,USDJPY,session_range_fade,2.0,1.3,24
1777276800.0,1777338000.0,1.7861,long,USDJPY,session_range_fade,2.0,1.3,24
1777438800.0,1777453200.0,-1.3582,short,USDJPY,session_range_fade,2.0,1.3,24
1777935600.0,1777971600.0,-1.1277,short,USDJPY,session_range_fade,2.0,1.3,24
1778022000.0,1778040000.0,-1.2006,long,USDJPY,session_range_fade,2.0,1.3,24
1778133600.0,1778169600.0,-1.1591,short,USDJPY,session_range_fade,2.0,1.3,24
1778173200.0,1778184000.0,-1.1598,short,USDJPY,session_range_fade,2.0,1.3,24
1778270400.0,1778457600.0,1.8007,long,USDJPY,session_range_fade,2.0,1.3,24
1778461200.0,1778544000.0,-1.1784,short,USDJPY,session_range_fade,2.0,1.3,24
1778648400.0,1778724000.0,1.7028,long,USDJPY,session_range_fade,2.0,1.3,24
1778727600.0,1778731200.0,-1.3425,long,USDJPY,session_range_fade,2.0,1.3,24
1778842800.0,1778871600.0,-1.2003,short,USDJPY,session_range_fade,2.0,1.3,24
1779130800.0,1779192000.0,-1.1847,long,USDJPY,session_range_fade,2.0,1.3,24
1779285600.0,1779289200.0,-1.2231,long,USDJPY,session_range_fade,2.0,1.3,24
1779382800.0,1779462000.0,1.7763,long,USDJPY,session_range_fade,2.0,1.3,24
1779465600.0,1779656400.0,1.6231,short,USDJPY,session_range_fade,2.0,1.3,24
1779692400.0,1779778800.0,1.2772,long,USDJPY,session_range_fade,2.0,1.3,24
1779832800.0,1779858000.0,-1.4438,short,USDJPY,session_range_fade,2.0,1.3,24
1779948000.0,1779958800.0,-1.4206,long,USDJPY,session_range_fade,2.0,1.3,24
1780084800.0,1780264800.0,-1.3409,short,USDJPY,session_range_fade,2.0,1.3,24
1780390800.0,1780412400.0,1.4617,long,USDJPY,session_range_fade,2.0,1.3,24
1780452000.0,1780470000.0,-1.4325,long,USDJPY,session_range_fade,2.0,1.3,24
1780599600.0,1780660800.0,-1.4055,short,USDJPY,session_range_fade,2.0,1.3,24
1780894800.0,1780905600.0,1.7142,short,USDJPY,session_range_fade,2.0,1.3,24
1781067600.0,1781121600.0,1.6074,long,USDJPY,session_range_fade,2.0,1.3,24
1781150400.0,1781197200.0,-1.4989,long,USDJPY,session_range_fade,2.0,1.3,24
1781535600.0,1781546400.0,-1.3513,short,USDJPY,session_range_fade,2.0,1.3,24
1781564400.0,1781600400.0,-1.38,short,USDJPY,session_range_fade,2.0,1.3,24
1781643600.0,1781679600.0,1.5961,short,USDJPY,session_range_fade,2.0,1.3,24
1781708400.0,1781719200.0,1.6795,long,USDJPY,session_range_fade,2.0,1.3,24
1781773200.0,1781776800.0,-1.2497,short,USDJPY,session_range_fade,2.0,1.3,24
1781888400.0,1782086400.0,1.73,long,USDJPY,session_range_fade,2.0,1.3,24
1782198000.0,1782201600.0,-1.2785,long,USDJPY,session_range_fade,2.0,1.3,24
1782208800.0,1782284400.0,1.7248,long,USDJPY,session_range_fade,2.0,1.3,24
1782334800.0,1782349200.0,1.6199,short,USDJPY,session_range_fade,2.0,1.3,24
1782367200.0,1782396000.0,1.6161,short,USDJPY,session_range_fade,2.0,1.3,24
1782453600.0,1782460800.0,-1.3395,long,USDJPY,session_range_fade,2.0,1.3,24
1782500400.0,1782723600.0,-1.3006,short,USDJPY,session_range_fade,2.0,1.3,24
1782763200.0,1782777600.0,-1.5148,short,USDJPY,session_range_fade,2.0,1.3,24
1782900000.0,1782910800.0,-1.272,long,USDJPY,session_range_fade,2.0,1.3,24
1782964800.0,1782968400.0,-1.367,long,USDJPY,session_range_fade,2.0,1.3,24
1721023200.0,1721059200.0,1.8769,short,USDJPY,session_range_fade,2.0,1.3,72
1721106000.0,1721192400.0,1.8698,short,USDJPY,session_range_fade,2.0,1.3,72
1721368800.0,1721372400.0,-1.1368,short,USDJPY,session_range_fade,2.0,1.3,72
1721595600.0,1721602800.0,-1.1633,long,USDJPY,session_range_fade,2.0,1.3,72
1721606400.0,1721624400.0,-1.167,long,USDJPY,session_range_fade,2.0,1.3,72
1721970000.0,1721977200.0,-1.087,short,USDJPY,session_range_fade,2.0,1.3,72
1721980800.0,1722002400.0,1.9197,short,USDJPY,session_range_fade,2.0,1.3,72
1722243600.0,1722315600.0,1.922,long,USDJPY,session_range_fade,2.0,1.3,72
1722949200.0,1722992400.0,-1.0318,short,USDJPY,session_range_fade,2.0,1.3,72
1723057200.0,1723071600.0,-1.0514,long,USDJPY,session_range_fade,2.0,1.3,72
1723111200.0,1723122000.0,1.9496,long,USDJPY,session_range_fade,2.0,1.3,72
1723172400.0,1723212000.0,1.9182,short,USDJPY,session_range_fade,2.0,1.3,72
1723417200.0,1723449600.0,-1.1074,short,USDJPY,session_range_fade,2.0,1.3,72
1723521600.0,1723554000.0,1.8948,short,USDJPY,session_range_fade,2.0,1.3,72
1723690800.0,1723723200.0,-1.1288,short,USDJPY,session_range_fade,2.0,1.3,72
1724112000.0,1724119200.0,-1.1018,short,USDJPY,session_range_fade,2.0,1.3,72
1724216400.0,1724223600.0,-1.1007,short,USDJPY,session_range_fade,2.0,1.3,72
1724677200.0,1724720400.0,-1.0767,short,USDJPY,session_range_fade,2.0,1.3,72
1724724000.0,1724767200.0,1.9024,short,USDJPY,session_range_fade,2.0,1.3,72
1724810400.0,1724835600.0,-1.1212,long,USDJPY,session_range_fade,2.0,1.3,72
1724882400.0,1724932800.0,1.9023,long,USDJPY,session_range_fade,2.0,1.3,72
1724976000.0,1725015600.0,1.9001,long,USDJPY,session_range_fade,2.0,1.3,72
1725328800.0,1725339600.0,-1.1359,long,USDJPY,session_range_fade,2.0,1.3,72
1725591600.0,1725602400.0,1.905,short,USDJPY,session_range_fade,2.0,1.3,72
1725933600.0,1725969600.0,1.8924,short,USDJPY,session_range_fade,2.0,1.3,72
1725973200.0,1725976800.0,-1.0952,long,USDJPY,session_range_fade,2.0,1.3,72
1726135200.0,1726167600.0,1.9062,short,USDJPY,session_range_fade,2.0,1.3,72
1726437600.0,1726466400.0,1.9136,short,USDJPY,session_range_fade,2.0,1.3,72
1726549200.0,1726574400.0,-1.1095,short,USDJPY,session_range_fade,2.0,1.3,72
1726578000.0,1726588800.0,-1.0836,short,USDJPY,session_range_fade,2.0,1.3,72
1726664400.0,1726682400.0,-1.091,long,USDJPY,session_range_fade,2.0,1.3,72
1727053200.0,1727085600.0,1.9275,short,USDJPY,session_range_fade,2.0,1.3,72
1727128800.0,1727157600.0,1.9162,long,USDJPY,session_range_fade,2.0,1.3,72
1727244000.0,1727251200.0,-1.1029,short,USDJPY,session_range_fade,2.0,1.3,72
1727308800.0,1727312400.0,-1.1265,short,USDJPY,session_range_fade,2.0,1.3,72
1727316000.0,1727334000.0,-1.1184,short,USDJPY,session_range_fade,2.0,1.3,72
1727337600.0,1727348400.0,1.8955,short,USDJPY,session_range_fade,2.0,1.3,72
1727362800.0,1727409600.0,1.9276,long,USDJPY,session_range_fade,2.0,1.3,72
1727780400.0,1727838000.0,-1.0841,short,USDJPY,session_range_fade,2.0,1.3,72
1727841600.0,1727863200.0,1.9115,long,USDJPY,session_range_fade,2.0,1.3,72
1727956800.0,1728014400.0,-1.0801,long,USDJPY,session_range_fade,2.0,1.3,72
1728298800.0,1728306000.0,-1.0875,long,USDJPY,session_range_fade,2.0,1.3,72
1728313200.0,1728338400.0,-1.089,long,USDJPY,session_range_fade,2.0,1.3,72
1728352800.0,1728435600.0,1.9032,long,USDJPY,session_range_fade,2.0,1.3,72
1728439200.0,1728450000.0,-1.1465,short,USDJPY,session_range_fade,2.0,1.3,72
1728457200.0,1728475200.0,-1.149,short,USDJPY,session_range_fade,2.0,1.3,72
1728525600.0,1728532800.0,-1.1626,short,USDJPY,session_range_fade,2.0,1.3,72
1728536400.0,1728543600.0,-1.1607,long,USDJPY,session_range_fade,2.0,1.3,72
1728615600.0,1728892800.0,1.897,long,USDJPY,session_range_fade,2.0,1.3,72
1728896400.0,1728903600.0,-1.2044,short,USDJPY,session_range_fade,2.0,1.3,72
1728954000.0,1728972000.0,-1.1954,long,USDJPY,session_range_fade,2.0,1.3,72
1729072800.0,1729087200.0,-1.1292,short,USDJPY,session_range_fade,2.0,1.3,72
1729130400.0,1729144800.0,-1.1643,short,USDJPY,session_range_fade,2.0,1.3,72
1729148400.0,1729166400.0,-1.1892,short,USDJPY,session_range_fade,2.0,1.3,72
1729238400.0,1729245600.0,-1.1682,long,USDJPY,session_range_fade,2.0,1.3,72
1729576800.0,1729605600.0,-1.1499,short,USDJPY,session_range_fade,2.0,1.3,72
1729627200.0,1729645200.0,1.8577,long,USDJPY,session_range_fade,2.0,1.3,72
1729839600.0,1729872000.0,-1.1414,short,USDJPY,session_range_fade,2.0,1.3,72
1730156400.0,1730163600.0,-1.1376,long,USDJPY,session_range_fade,2.0,1.3,72
1730174400.0,1730188800.0,1.8431,long,USDJPY,session_range_fade,2.0,1.3,72
1730268000.0,1730275200.0,-1.153,long,USDJPY,session_range_fade,2.0,1.3,72
1730282400.0,1730289600.0,1.8744,long,USDJPY,session_range_fade,2.0,1.3,72
1730293200.0,1730354400.0,-1.0988,long,USDJPY,session_range_fade,2.0,1.3,72
1730757600.0,1730768400.0,-1.1225,short,USDJPY,session_range_fade,2.0,1.3,72
1730797200.0,1730826000.0,1.8241,short,USDJPY,session_range_fade,2.0,1.3,72
1730944800.0,1730952000.0,-1.1022,long,USDJPY,session_range_fade,2.0,1.3,72
1730955600.0,1730984400.0,-1.1031,long,USDJPY,session_range_fade,2.0,1.3,72
1731067200.0,1731283200.0,1.8992,long,USDJPY,session_range_fade,2.0,1.3,72
1731351600.0,1731376800.0,-1.1547,short,USDJPY,session_range_fade,2.0,1.3,72
1731391200.0,1731420000.0,1.8496,long,USDJPY,session_range_fade,2.0,1.3,72
1731596400.0,1731628800.0,1.8894,long,USDJPY,session_range_fade,2.0,1.3,72
1732032000.0,1732064400.0,-1.0601,short,USDJPY,session_range_fade,2.0,1.3,72
1732114800.0,1732154400.0,1.8852,short,USDJPY,session_range_fade,2.0,1.3,72
1732165200.0,1732168800.0,-1.1339,long,USDJPY,session_range_fade,2.0,1.3,72
1732287600.0,1732492800.0,1.9147,short,USDJPY,session_range_fade,2.0,1.3,72
1732590000.0,1732622400.0,-1.0894,long,USDJPY,session_range_fade,2.0,1.3,72
1732798800.0,1732838400.0,1.8781,short,USDJPY,session_range_fade,2.0,1.3,72
1732899600.0,1733104800.0,1.9265,long,USDJPY,session_range_fade,2.0,1.3,72
1733378400.0,1733403600.0,1.9084,long,USDJPY,session_range_fade,2.0,1.3,72
1733418000.0,1733490000.0,-1.0862,long,USDJPY,session_range_fade,2.0,1.3,72
1733497200.0,1733745600.0,1.912,long,USDJPY,session_range_fade,2.0,1.3,72
1733806800.0,1733814000.0,1.8659,long,USDJPY,session_range_fade,2.0,1.3,72
1733875200.0,1733882400.0,-1.1485,long,USDJPY,session_range_fade,2.0,1.3,72
1734307200.0,1734350400.0,-1.1311,short,USDJPY,session_range_fade,2.0,1.3,72
1734372000.0,1734426000.0,-1.1353,long,USDJPY,session_range_fade,2.0,1.3,72
1734429600.0,1734444000.0,-1.1317,long,USDJPY,session_range_fade,2.0,1.3,72
1734512400.0,1734548400.0,1.8598,long,USDJPY,session_range_fade,2.0,1.3,72
1735005600.0,1735052400.0,-1.1944,short,USDJPY,session_range_fade,2.0,1.3,72
1735110000.0,1735214400.0,1.8274,long,USDJPY,session_range_fade,2.0,1.3,72
1735304400.0,1735311600.0,-1.1594,long,USDJPY,session_range_fade,2.0,1.3,72
1735318800.0,1735556400.0,-1.1495,long,USDJPY,session_range_fade,2.0,1.3,72
1735909200.0,1735923600.0,-1.1438,long,USDJPY,session_range_fade,2.0,1.3,72
1735927200.0,1736121600.0,1.8683,long,USDJPY,session_range_fade,2.0,1.3,72
1736125200.0,1736157600.0,-1.1372,short,USDJPY,session_range_fade,2.0,1.3,72
1736161200.0,1736164800.0,-1.1301,long,USDJPY,session_range_fade,2.0,1.3,72
1736355600.0,1736380800.0,-1.1436,long,USDJPY,session_range_fade,2.0,1.3,72
1736384400.0,1736395200.0,-1.1483,long,USDJPY,session_range_fade,2.0,1.3,72
1736438400.0,1736496000.0,-1.1486,long,USDJPY,session_range_fade,2.0,1.3,72
1736794800.0,1736924400.0,1.9134,short,USDJPY,session_range_fade,2.0,1.3,72
1737090000.0,1737122400.0,-1.1152,short,USDJPY,session_range_fade,2.0,1.3,72
1737342000.0,1737363600.0,1.8781,long,USDJPY,session_range_fade,2.0,1.3,72
1737367200.0,1737378000.0,1.8762,short,USDJPY,session_range_fade,2.0,1.3,72
1737511200.0,1737529200.0,-1.1188,short,USDJPY,session_range_fade,2.0,1.3,72
1737532800.0,1737547200.0,-1.1193,short,USDJPY,session_range_fade,2.0,1.3,72
1737550800.0,1737558000.0,-1.1113,short,USDJPY,session_range_fade,2.0,1.3,72
1737612000.0,1737626400.0,1.7957,short,USDJPY,session_range_fade,2.0,1.3,72
1737630000.0,1737637200.0,-1.1732,long,USDJPY,session_range_fade,2.0,1.3,72
1737640800.0,1737648000.0,-1.1444,long,USDJPY,session_range_fade,2.0,1.3,72
1738076400.0,1738195200.0,1.9138,short,USDJPY,session_range_fade,2.0,1.3,72
1738216800.0,1738242000.0,-1.104,long,USDJPY,session_range_fade,2.0,1.3,72
1738281600.0,1738299600.0,-1.0876,short,USDJPY,session_range_fade,2.0,1.3,72
1738342800.0,1738346400.0,-1.1118,short,USDJPY,session_range_fade,2.0,1.3,72
1738350000.0,1738540800.0,-1.109,short,USDJPY,session_range_fade,2.0,1.3,72
1738821600.0,1738850400.0,1.8911,short,USDJPY,session_range_fade,2.0,1.3,72
1738908000.0,1738926000.0,-1.1103,short,USDJPY,session_range_fade,2.0,1.3,72
1738929600.0,1738933200.0,-1.1129,short,USDJPY,session_range_fade,2.0,1.3,72
1739210400.0,1739271600.0,-1.1205,short,USDJPY,session_range_fade,2.0,1.3,72
1739275200.0,1739314800.0,-1.1493,short,USDJPY,session_range_fade,2.0,1.3,72
1739422800.0,1739440800.0,-1.1158,long,USDJPY,session_range_fade,2.0,1.3,72
1739527200.0,1739538000.0,-1.1086,long,USDJPY,session_range_fade,2.0,1.3,72
1739808000.0,1739836800.0,-1.1598,short,USDJPY,session_range_fade,2.0,1.3,72
1739840400.0,1739847600.0,-1.2113,short,USDJPY,session_range_fade,2.0,1.3,72
1739862000.0,1739890800.0,1.8452,short,USDJPY,session_range_fade,2.0,1.3,72
1739894400.0,1739908800.0,-1.1358,short,USDJPY,session_range_fade,2.0,1.3,72
1739912400.0,1739930400.0,-1.1612,short,USDJPY,session_range_fade,2.0,1.3,72
1739934000.0,1739973600.0,1.8659,short,USDJPY,session_range_fade,2.0,1.3,72
1740376800.0,1740398400.0,-1.1051,short,USDJPY,session_range_fade,2.0,1.3,72
1740412800.0,1740441600.0,-1.1051,short,USDJPY,session_range_fade,2.0,1.3,72
1740448800.0,1740492000.0,1.8904,short,USDJPY,session_range_fade,2.0,1.3,72
1740567600.0,1740592800.0,1.8986,short,USDJPY,session_range_fade,2.0,1.3,72
1740610800.0,1740643200.0,1.9014,long,USDJPY,session_range_fade,2.0,1.3,72
1740697200.0,1740708000.0,1.9127,short,USDJPY,session_range_fade,2.0,1.3,72
1740711600.0,1740726000.0,1.9222,long,USDJPY,session_range_fade,2.0,1.3,72
1740963600.0,1740992400.0,-1.0818,long,USDJPY,session_range_fade,2.0,1.3,72
1741176000.0,1741183200.0,1.9124,short,USDJPY,session_range_fade,2.0,1.3,72
1741240800.0,1741244400.0,-1.1101,long,USDJPY,session_range_fade,2.0,1.3,72
1741302000.0,1741334400.0,1.9236,short,USDJPY,session_range_fade,2.0,1.3,72
1741348800.0,1741374000.0,-1.0883,short,USDJPY,session_range_fade,2.0,1.3,72
1741377600.0,1741608000.0,1.9393,short,USDJPY,session_range_fade,2.0,1.3,72
1741680000.0,1741690800.0,-1.0826,short,USDJPY,session_range_fade,2.0,1.3,72
1741780800.0,1741791600.0,1.9165,short,USDJPY,session_range_fade,2.0,1.3,72
1741856400.0,1741867200.0,-1.1243,long,USDJPY,session_range_fade,2.0,1.3,72
1741870800.0,1741878000.0,-1.1016,long,USDJPY,session_range_fade,2.0,1.3,72
1741881600.0,1741914000.0,1.9067,long,USDJPY,session_range_fade,2.0,1.3,72
1741921200.0,1741928400.0,-1.1189,short,USDJPY,session_range_fade,2.0,1.3,72
1741964400.0,1742169600.0,-1.1029,short,USDJPY,session_range_fade,2.0,1.3,72
1742202000.0,1742212800.0,-1.1081,long,USDJPY,session_range_fade,2.0,1.3,72
1742220000.0,1742252400.0,1.9041,long,USDJPY,session_range_fade,2.0,1.3,72
1742310000.0,1742320800.0,-1.1232,long,USDJPY,session_range_fade,2.0,1.3,72
1742338800.0,1742364000.0,1.8755,long,USDJPY,session_range_fade,2.0,1.3,72
1742508000.0,1742515200.0,-1.1321,short,USDJPY,session_range_fade,2.0,1.3,72
1742893200.0,1742896800.0,-1.1562,long,USDJPY,session_range_fade,2.0,1.3,72
1742947200.0,1742965200.0,1.8375,long,USDJPY,session_range_fade,2.0,1.3,72
1743037200.0,1743066000.0,1.883,long,USDJPY,session_range_fade,2.0,1.3,72
1743069600.0,1743120000.0,-1.1329,short,USDJPY,session_range_fade,2.0,1.3,72
1743138000.0,1743145200.0,-1.1608,long,USDJPY,session_range_fade,2.0,1.3,72
1743498000.0,1743516000.0,1.8753,short,USDJPY,session_range_fade,2.0,1.3,72
1743577200.0,1743584400.0,-1.1565,long,USDJPY,session_range_fade,2.0,1.3,72
1743588000.0,1743595200.0,-1.155,long,USDJPY,session_range_fade,2.0,1.3,72
1743742800.0,1743753600.0,-1.0626,short,USDJPY,session_range_fade,2.0,1.3,72
1743757200.0,1743760800.0,1.9373,short,USDJPY,session_range_fade,2.0,1.3,72
1744092000.0,1744110000.0,-1.0752,long,USDJPY,session_range_fade,2.0,1.3,72
1744120800.0,1744124400.0,-1.0693,long,USDJPY,session_range_fade,2.0,1.3,72
1744380000.0,1744812000.0,1.0505,short,USDJPY,session_range_fade,2.0,1.3,72
1744851600.0,1745182800.0,1.9278,short,USDJPY,session_range_fade,2.0,1.3,72
1745276400.0,1745290800.0,1.9,short,USDJPY,session_range_fade,2.0,1.3,72
1745510400.0,1745550000.0,1.8942,long,USDJPY,session_range_fade,2.0,1.3,72
1745604000.0,1745845200.0,-1.0838,long,USDJPY,session_range_fade,2.0,1.3,72
1745899200.0,1745931600.0,-1.1184,long,USDJPY,session_range_fade,2.0,1.3,72
1745978400.0,1745996400.0,-1.112,short,USDJPY,session_range_fade,2.0,1.3,72
1746061200.0,1746068400.0,-1.1066,short,USDJPY,session_range_fade,2.0,1.3,72
1746162000.0,1746172800.0,-1.1021,long,USDJPY,session_range_fade,2.0,1.3,72
1746489600.0,1746514800.0,1.8882,short,USDJPY,session_range_fade,2.0,1.3,72
1746576000.0,1746604800.0,-1.0776,short,USDJPY,session_range_fade,2.0,1.3,72
1746622800.0,1746633600.0,-1.0971,short,USDJPY,session_range_fade,2.0,1.3,72
1746637200.0,1746640800.0,-1.1056,short,USDJPY,session_range_fade,2.0,1.3,72
1746655200.0,1746684000.0,-1.0957,short,USDJPY,session_range_fade,2.0,1.3,72
1746774000.0,1746799200.0,-1.1041,long,USDJPY,session_range_fade,2.0,1.3,72
1746820800.0,1746997200.0,1.885,long,USDJPY,session_range_fade,2.0,1.3,72
1747094400.0,1747162800.0,-1.0926,long,USDJPY,session_range_fade,2.0,1.3,72
1747386000.0,1747404000.0,-1.0992,short,USDJPY,session_range_fade,2.0,1.3,72
1747717200.0,1747792800.0,-1.0997,long,USDJPY,session_range_fade,2.0,1.3,72
1747965600.0,1747998000.0,1.8927,short,USDJPY,session_range_fade,2.0,1.3,72
1748242800.0,1748304000.0,1.8923,short,USDJPY,session_range_fade,2.0,1.3,72
1748318400.0,1748322000.0,-1.1514,short,USDJPY,session_range_fade,2.0,1.3,72
1748397600.0,1748419200.0,1.8812,short,USDJPY,session_range_fade,2.0,1.3,72
1748422800.0,1748444400.0,1.9151,long,USDJPY,session_range_fade,2.0,1.3,72
1748588400.0,1748606400.0,-1.1143,long,USDJPY,session_range_fade,2.0,1.3,72
1748818800.0,1748847600.0,1.8995,short,USDJPY,session_range_fade,2.0,1.3,72
1748901600.0,1748912400.0,1.8625,long,USDJPY,session_range_fade,2.0,1.3,72
1748916000.0,1748952000.0,-1.1154,short,USDJPY,session_range_fade,2.0,1.3,72
1749038400.0,1749045600.0,-1.0785,long,USDJPY,session_range_fade,2.0,1.3,72
1749099600.0,1749124800.0,-1.1275,long,USDJPY,session_range_fade,2.0,1.3,72
1749438000.0,1749448800.0,-1.1282,long,USDJPY,session_range_fade,2.0,1.3,72
1749466800.0,1749520800.0,1.8804,long,USDJPY,session_range_fade,2.0,1.3,72
1749531600.0,1749596400.0,1.8738,long,USDJPY,session_range_fade,2.0,1.3,72
1749625200.0,1749643200.0,-1.1371,short,USDJPY,session_range_fade,2.0,1.3,72
1750096800.0,1750118400.0,-1.1058,short,USDJPY,session_range_fade,2.0,1.3,72
1750168800.0,1750269600.0,1.9158,short,USDJPY,session_range_fade,2.0,1.3,72
1750309200.0,1750320000.0,-1.1183,short,USDJPY,session_range_fade,2.0,1.3,72
1750374000.0,1750424400.0,1.8619,long,USDJPY,session_range_fade,2.0,1.3,72
1750820400.0,1750831200.0,-1.116,short,USDJPY,session_range_fade,2.0,1.3,72
1750874400.0,1750906800.0,1.8761,short,USDJPY,session_range_fade,2.0,1.3,72
1750996800.0,1751032800.0,-1.1122,short,USDJPY,session_range_fade,2.0,1.3,72
1751234400.0,1751259600.0,1.8896,short,USDJPY,session_range_fade,2.0,1.3,72
1751274000.0,1751313600.0,-1.1121,long,USDJPY,session_range_fade,2.0,1.3,72
1751317200.0,1751328000.0,-1.1345,long,USDJPY,session_range_fade,2.0,1.3,72
1751432400.0,1751439600.0,-1.1304,short,USDJPY,session_range_fade,2.0,1.3,72
1751648400.0,1751846400.0,-1.2204,long,USDJPY,session_range_fade,2.0,1.3,72
1751850000.0,1751860800.0,1.7954,long,USDJPY,session_range_fade,2.0,1.3,72
1752037200.0,1752044400.0,-1.1703,long,USDJPY,session_range_fade,2.0,1.3,72
1752174000.0,1752192000.0,-1.1311,short,USDJPY,session_range_fade,2.0,1.3,72
1752480000.0,1752577200.0,1.8872,long,USDJPY,session_range_fade,2.0,1.3,72
1752645600.0,1752674400.0,-1.1543,long,USDJPY,session_range_fade,2.0,1.3,72
1752807600.0,1752843600.0,1.8487,short,USDJPY,session_range_fade,2.0,1.3,72
1753153200.0,1753164000.0,-1.1514,short,USDJPY,session_range_fade,2.0,1.3,72
1753178400.0,1753185600.0,1.8539,short,USDJPY,session_range_fade,2.0,1.3,72
1753257600.0,1753318800.0,1.9209,short,USDJPY,session_range_fade,2.0,1.3,72
1753660800.0,1753682400.0,1.8464,long,USDJPY,session_range_fade,2.0,1.3,72
1753743600.0,1753765200.0,-1.1629,long,USDJPY,session_range_fade,2.0,1.3,72
1753768800.0,1753833600.0,-1.1533,long,USDJPY,session_range_fade,2.0,1.3,72
1754017200.0,1754042400.0,-1.1466,long,USDJPY,session_range_fade,2.0,1.3,72
1754359200.0,1754380800.0,-1.1167,short,USDJPY,session_range_fade,2.0,1.3,72
1754431200.0,1754467200.0,-1.1483,short,USDJPY,session_range_fade,2.0,1.3,72
1754470800.0,1754485200.0,1.837,short,USDJPY,session_range_fade,2.0,1.3,72
1754488800.0,1754503200.0,-1.1348,long,USDJPY,session_range_fade,2.0,1.3,72
1754506800.0,1754546400.0,-1.121,long,USDJPY,session_range_fade,2.0,1.3,72
1754629200.0,1754643600.0,-1.1206,short,USDJPY,session_range_fade,2.0,1.3,72
1754863200.0,1754920800.0,-1.1552,short,USDJPY,session_range_fade,2.0,1.3,72
1755057600.0,1755068400.0,-1.1517,long,USDJPY,session_range_fade,2.0,1.3,72
1755504000.0,1755522000.0,1.8453,long,USDJPY,session_range_fade,2.0,1.3,72
1755568800.0,1755669600.0,1.8503,short,USDJPY,session_range_fade,2.0,1.3,72
1755766800.0,1755770400.0,-1.1794,short,USDJPY,session_range_fade,2.0,1.3,72
1755777600.0,1755784800.0,-1.1576,short,USDJPY,session_range_fade,2.0,1.3,72
1755842400.0,1755856800.0,-1.1789,short,USDJPY,session_range_fade,2.0,1.3,72
1755867600.0,1755871200.0,-1.1566,long,USDJPY,session_range_fade,2.0,1.3,72
1756126800.0,1756134000.0,-1.1578,short,USDJPY,session_range_fade,2.0,1.3,72
1756141200.0,1756144800.0,-1.1618,short,USDJPY,session_range_fade,2.0,1.3,72
1756245600.0,1756267200.0,1.8403,long,USDJPY,session_range_fade,2.0,1.3,72
1756364400.0,1756375200.0,-1.1482,long,USDJPY,session_range_fade,2.0,1.3,72
1756425600.0,1756468800.0,1.8421,long,USDJPY,session_range_fade,2.0,1.3,72
1756674000.0,1756684800.0,-1.1585,short,USDJPY,session_range_fade,2.0,1.3,72
1756688400.0,1756695600.0,1.8407,short,USDJPY,session_range_fade,2.0,1.3,72
1756731600.0,1756774800.0,-1.1493,short,USDJPY,session_range_fade,2.0,1.3,72
1756962000.0,1756994400.0,1.823,long,USDJPY,session_range_fade,2.0,1.3,72
1757368800.0,1757376000.0,-1.16,long,USDJPY,session_range_fade,2.0,1.3,72
1757469600.0,1757484000.0,-1.1602,short,USDJPY,session_range_fade,2.0,1.3,72
1757487600.0,1757505600.0,1.8041,short,USDJPY,session_range_fade,2.0,1.3,72
1757509200.0,1757570400.0,-1.1397,short,USDJPY,session_range_fade,2.0,1.3,72
1757592000.0,1757599200.0,-1.1609,long,USDJPY,session_range_fade,2.0,1.3,72
1757660400.0,1757664000.0,-1.1944,short,USDJPY,session_range_fade,2.0,1.3,72
1757901600.0,1757930400.0,-1.1636,long,USDJPY,session_range_fade,2.0,1.3,72
1757944800.0,1757952000.0,-1.2133,long,USDJPY,session_range_fade,2.0,1.3,72
1757955600.0,1757991600.0,-1.1918,long,USDJPY,session_range_fade,2.0,1.3,72
1758088800.0,1758092400.0,-1.1997,short,USDJPY,session_range_fade,2.0,1.3,72
1758096000.0,1758132000.0,-1.171,short,USDJPY,session_range_fade,2.0,1.3,72
1758488400.0,1758506400.0,1.8259,long,USDJPY,session_range_fade,2.0,1.3,72
1758520800.0,1758524400.0,-1.2405,long,USDJPY,session_range_fade,2.0,1.3,72
1758528000.0,1758560400.0,-1.1934,long,USDJPY,session_range_fade,2.0,1.3,72
1758578400.0,1758618000.0,-1.2092,long,USDJPY,session_range_fade,2.0,1.3,72
1758621600.0,1758646800.0,-1.195,long,USDJPY,session_range_fade,2.0,1.3,72
1758672000.0,1758693600.0,-1.1725,short,USDJPY,session_range_fade,2.0,1.3,72
1758758400.0,1758762000.0,-1.2127,short,USDJPY,session_range_fade,2.0,1.3,72
1758765600.0,1758801600.0,-1.2108,short,USDJPY,session_range_fade,2.0,1.3,72
1758862800.0,1758891600.0,-1.1887,long,USDJPY,session_range_fade,2.0,1.3,72
1758895200.0,1759104000.0,-1.1696,long,USDJPY,session_range_fade,2.0,1.3,72
1759183200.0,1759190400.0,-1.2078,short,USDJPY,session_range_fade,2.0,1.3,72
1759194000.0,1759208400.0,1.8085,short,USDJPY,session_range_fade,2.0,1.3,72
1759269600.0,1759276800.0,-1.157,short,USDJPY,session_range_fade,2.0,1.3,72
1759280400.0,1759298400.0,1.856,short,USDJPY,session_range_fade,2.0,1.3,72
1759384800.0,1759395600.0,1.8369,short,USDJPY,session_range_fade,2.0,1.3,72
1759946400.0,1760014800.0,-1.1115,long,USDJPY,session_range_fade,2.0,1.3,72
1760068800.0,1760076000.0,-1.1464,long,USDJPY,session_range_fade,2.0,1.3,72
1760356800.0,1760400000.0,-1.1302,short,USDJPY,session_range_fade,2.0,1.3,72
1760410800.0,1760418000.0,1.8122,short,USDJPY,session_range_fade,2.0,1.3,72
1760475600.0,1760490000.0,-1.1381,long,USDJPY,session_range_fade,2.0,1.3,72
1760932800.0,1761008400.0,-1.1303,short,USDJPY,session_range_fade,2.0,1.3,72
1761012000.0,1761022800.0,-1.1428,short,USDJPY,session_range_fade,2.0,1.3,72
1761120000.0,1761177600.0,1.8289,long,USDJPY,session_range_fade,2.0,1.3,72
1761235200.0,1761282000.0,-1.1525,short,USDJPY,session_range_fade,2.0,1.3,72
1761289200.0,1761307200.0,-1.2042,long,USDJPY,session_range_fade,2.0,1.3,72
1761552000.0,1761609600.0,-1.1384,long,USDJPY,session_range_fade,2.0,1.3,72
1761688800.0,1761696000.0,1.846,short,USDJPY,session_range_fade,2.0,1.3,72
1761753600.0,1761760800.0,-1.1167,short,USDJPY,session_range_fade,2.0,1.3,72
1761868800.0,1761894000.0,1.8504,long,USDJPY,session_range_fade,2.0,1.3,72
1761897600.0,1761912000.0,-1.1503,long,USDJPY,session_range_fade,2.0,1.3,72
1761926400.0,1762228800.0,-1.1382,long,USDJPY,session_range_fade,2.0,1.3,72
1762232400.0,1762236000.0,-1.1932,long,USDJPY,session_range_fade,2.0,1.3,72
1762398000.0,1762434000.0,1.8138,short,USDJPY,session_range_fade,2.0,1.3,72
1762538400.0,1762542000.0,-1.1286,short,USDJPY,session_range_fade,2.0,1.3,72
1762545600.0,1762725600.0,-1.1221,short,USDJPY,session_range_fade,2.0,1.3,72
1762779600.0,1762819200.0,-1.1581,short,USDJPY,session_range_fade,2.0,1.3,72
1762837200.0,1762866000.0,-1.2013,long,USDJPY,session_range_fade,2.0,1.3,72
1762887600.0,1762920000.0,1.8324,long,USDJPY,session_range_fade,2.0,1.3,72
1762992000.0,1763020800.0,1.7919,short,USDJPY,session_range_fade,2.0,1.3,72
1763114400.0,1763121600.0,1.8391,short,USDJPY,session_range_fade,2.0,1.3,72
1763355600.0,1763377200.0,-1.2106,short,USDJPY,session_range_fade,2.0,1.3,72
1763380800.0,1763391600.0,-1.1904,short,USDJPY,session_range_fade,2.0,1.3,72
1763481600.0,1763546400.0,1.8756,long,USDJPY,session_range_fade,2.0,1.3,72
1763654400.0,1763704800.0,-1.1018,long,USDJPY,session_range_fade,2.0,1.3,72
1763967600.0,1763992800.0,-1.1674,short,USDJPY,session_range_fade,2.0,1.3,72
1764018000.0,1764061200.0,1.8415,short,USDJPY,session_range_fade,2.0,1.3,72
1764111600.0,1764118800.0,-1.1167,long,USDJPY,session_range_fade,2.0,1.3,72
1764126000.0,1764162000.0,1.8967,long,USDJPY,session_range_fade,2.0,1.3,72
1764183600.0,1764201600.0,1.854,short,USDJPY,session_range_fade,2.0,1.3,72
1764334800.0,1764547200.0,-1.1728,long,USDJPY,session_range_fade,2.0,1.3,72
1764630000.0,1764655200.0,-1.1627,short,USDJPY,session_range_fade,2.0,1.3,72
1764691200.0,1764759600.0,1.8266,short,USDJPY,session_range_fade,2.0,1.3,72
1765162800.0,1765177200.0,-1.1817,short,USDJPY,session_range_fade,2.0,1.3,72
1765180800.0,1765195200.0,-1.1848,short,USDJPY,session_range_fade,2.0,1.3,72
1765335600.0,1765378800.0,-1.1944,long,USDJPY,session_range_fade,2.0,1.3,72
1765389600.0,1765393200.0,-1.2021,long,USDJPY,session_range_fade,2.0,1.3,72
1765540800.0,1765760400.0,1.8251,short,USDJPY,session_range_fade,2.0,1.3,72
1765936800.0,1765951200.0,-1.1152,short,USDJPY,session_range_fade,2.0,1.3,72
1766005200.0,1766034000.0,-1.1887,short,USDJPY,session_range_fade,2.0,1.3,72
1766106000.0,1766124000.0,1.8439,long,USDJPY,session_range_fade,2.0,1.3,72
1766379600.0,1766408400.0,-1.1588,long,USDJPY,session_range_fade,2.0,1.3,72
1766592000.0,1766646000.0,-1.1577,short,USDJPY,session_range_fade,2.0,1.3,72
1766700000.0,1766703600.0,-1.1947,short,USDJPY,session_range_fade,2.0,1.3,72
1766757600.0,1766768400.0,-1.1628,short,USDJPY,session_range_fade,2.0,1.3,72
1767016800.0,1767081600.0,-1.1582,long,USDJPY,session_range_fade,2.0,1.3,72
1767085200.0,1767106800.0,1.8204,long,USDJPY,session_range_fade,2.0,1.3,72
1767114000.0,1767153600.0,-1.1628,short,USDJPY,session_range_fade,2.0,1.3,72
1767204000.0,1767312000.0,1.7683,short,USDJPY,session_range_fade,2.0,1.3,72
1767315600.0,1767571200.0,1.8241,long,USDJPY,session_range_fade,2.0,1.3,72
1767711600.0,1767834000.0,-1.1491,short,USDJPY,session_range_fade,2.0,1.3,72
1767848400.0,1767852000.0,-1.2439,long,USDJPY,session_range_fade,2.0,1.3,72
1767855600.0,1767877200.0,1.7698,long,USDJPY,session_range_fade,2.0,1.3,72
1767916800.0,1767924000.0,-1.2102,short,USDJPY,session_range_fade,2.0,1.3,72
1768323600.0,1768352400.0,-1.1438,short,USDJPY,session_range_fade,2.0,1.3,72
1768377600.0,1768381200.0,-1.1956,long,USDJPY,session_range_fade,2.0,1.3,72
1768442400.0,1768528800.0,-1.1327,long,USDJPY,session_range_fade,2.0,1.3,72
1768773600.0,1768777200.0,-1.1624,long,USDJPY,session_range_fade,2.0,1.3,72
1768820400.0,1768888800.0,-1.1176,short,USDJPY,session_range_fade,2.0,1.3,72
1768982400.0,1769022000.0,1.841,long,USDJPY,session_range_fade,2.0,1.3,72
1769094000.0,1769148000.0,1.8356,long,USDJPY,session_range_fade,2.0,1.3,72
1769446800.0,1769486400.0,-1.0673,short,USDJPY,session_range_fade,2.0,1.3,72
1769605200.0,1769612400.0,-1.0969,short,USDJPY,session_range_fade,2.0,1.3,72
1769670000.0,1769734800.0,-1.0893,short,USDJPY,session_range_fade,2.0,1.3,72
1769738400.0,1769763600.0,-1.0917,short,USDJPY,session_range_fade,2.0,1.3,72
1770030000.0,1770044400.0,1.9119,long,USDJPY,session_range_fade,2.0,1.3,72
1770091200.0,1770112800.0,1.8413,long,USDJPY,session_range_fade,2.0,1.3,72
1770138000.0,1770170400.0,1.8443,long,USDJPY,session_range_fade,2.0,1.3,72
1770264000.0,1770282000.0,1.8355,long,USDJPY,session_range_fade,2.0,1.3,72
1770346800.0,1770411600.0,1.8539,long,USDJPY,session_range_fade,2.0,1.3,72
1771214400.0,1771232400.0,-1.1343,short,USDJPY,session_range_fade,2.0,1.3,72
1771279200.0,1771282800.0,-1.2192,short,USDJPY,session_range_fade,2.0,1.3,72
1771286400.0,1771300800.0,-1.1948,long,USDJPY,session_range_fade,2.0,1.3,72
1771304400.0,1771315200.0,-1.1657,long,USDJPY,session_range_fade,2.0,1.3,72
1771322400.0,1771340400.0,1.8797,long,USDJPY,session_range_fade,2.0,1.3,72
1771513200.0,1771801200.0,-1.1061,long,USDJPY,session_range_fade,2.0,1.3,72
1771862400.0,1771894800.0,1.8716,long,USDJPY,session_range_fade,2.0,1.3,72
1771898400.0,1771905600.0,-1.134,short,USDJPY,session_range_fade,2.0,1.3,72
1771970400.0,1772006400.0,-1.1443,short,USDJPY,session_range_fade,2.0,1.3,72
1772056800.0,1772064000.0,-1.1547,long,USDJPY,session_range_fade,2.0,1.3,72
1772089200.0,1772150400.0,-1.1441,long,USDJPY,session_range_fade,2.0,1.3,72
1772208000.0,1772402400.0,-1.1383,short,USDJPY,session_range_fade,2.0,1.3,72
1772506800.0,1772535600.0,1.8757,long,USDJPY,session_range_fade,2.0,1.3,72
1772560800.0,1772596800.0,-1.1075,long,USDJPY,session_range_fade,2.0,1.3,72
1772600400.0,1772614800.0,-1.1097,long,USDJPY,session_range_fade,2.0,1.3,72
1772661600.0,1772668800.0,-1.1263,long,USDJPY,session_range_fade,2.0,1.3,72
1772694000.0,1772715600.0,-1.133,short,USDJPY,session_range_fade,2.0,1.3,72
1772755200.0,1772773200.0,-1.1248,short,USDJPY,session_range_fade,2.0,1.3,72
1772776800.0,1772794800.0,-1.1548,short,USDJPY,session_range_fade,2.0,1.3,72
1772802000.0,1773007200.0,-1.1409,short,USDJPY,session_range_fade,2.0,1.3,72
1773061200.0,1773082800.0,-1.105,long,USDJPY,session_range_fade,2.0,1.3,72
1773147600.0,1773162000.0,-1.1146,long,USDJPY,session_range_fade,2.0,1.3,72
1773165600.0,1773230400.0,1.8888,long,USDJPY,session_range_fade,2.0,1.3,72
1773234000.0,1773241200.0,-1.1356,short,USDJPY,session_range_fade,2.0,1.3,72
1773244800.0,1773270000.0,-1.1344,short,USDJPY,session_range_fade,2.0,1.3,72
1773298800.0,1773313200.0,-1.18,long,USDJPY,session_range_fade,2.0,1.3,72
1773316800.0,1773342000.0,1.8564,long,USDJPY,session_range_fade,2.0,1.3,72
1773388800.0,1773406800.0,-1.158,long,USDJPY,session_range_fade,2.0,1.3,72
1773432000.0,1773644400.0,1.8433,short,USDJPY,session_range_fade,2.0,1.3,72
1773723600.0,1773745200.0,1.8333,short,USDJPY,session_range_fade,2.0,1.3,72
1773792000.0,1773813600.0,1.8317,short,USDJPY,session_range_fade,2.0,1.3,72
1773820800.0,1773835200.0,-1.1896,short,USDJPY,session_range_fade,2.0,1.3,72
1773846000.0,1773856800.0,-1.1584,short,USDJPY,session_range_fade,2.0,1.3,72
1773889200.0,1773903600.0,1.8158,short,USDJPY,session_range_fade,2.0,1.3,72
1774249200.0,1774263600.0,1.8662,short,USDJPY,session_range_fade,2.0,1.3,72
1774342800.0,1774371600.0,1.8328,long,USDJPY,session_range_fade,2.0,1.3,72
1774418400.0,1774454400.0,-1.1464,short,USDJPY,session_range_fade,2.0,1.3,72
1774458000.0,1774490400.0,-1.1456,short,USDJPY,session_range_fade,2.0,1.3,72
1774504800.0,1774522800.0,1.7522,long,USDJPY,session_range_fade,2.0,1.3,72
1774544400.0,1774555200.0,1.7968,short,USDJPY,session_range_fade,2.0,1.3,72
1774569600.0,1774623600.0,1.8273,long,USDJPY,session_range_fade,2.0,1.3,72
1774900800.0,1774954800.0,-1.1653,long,USDJPY,session_range_fade,2.0,1.3,72
1775066400.0,1775091600.0,-1.101,short,USDJPY,session_range_fade,2.0,1.3,72
1775170800.0,1775462400.0,-1.2117,long,USDJPY,session_range_fade,2.0,1.3,72
1775484000.0,1775523600.0,-1.1908,short,USDJPY,session_range_fade,2.0,1.3,72
1775538000.0,1775548800.0,1.7162,short,USDJPY,session_range_fade,2.0,1.3,72
1775556000.0,1775570400.0,-1.2246,short,USDJPY,session_range_fade,2.0,1.3,72
1775592000.0,1775599200.0,-1.1561,long,USDJPY,session_range_fade,2.0,1.3,72
1775822400.0,1776027600.0,1.7795,long,USDJPY,session_range_fade,2.0,1.3,72
1776078000.0,1776096000.0,1.7794,short,USDJPY,session_range_fade,2.0,1.3,72
1776214800.0,1776254400.0,-1.1978,short,USDJPY,session_range_fade,2.0,1.3,72
1776294000.0,1776308400.0,1.8027,short,USDJPY,session_range_fade,2.0,1.3,72
1776394800.0,1776416400.0,1.7801,short,USDJPY,session_range_fade,2.0,1.3,72
1776420000.0,1776427200.0,-1.2295,long,USDJPY,session_range_fade,2.0,1.3,72
1776729600.0,1776758400.0,-1.1746,short,USDJPY,session_range_fade,2.0,1.3,72
1776772800.0,1776780000.0,-1.2323,short,USDJPY,session_range_fade,2.0,1.3,72
1776808800.0,1776934800.0,-1.1356,short,USDJPY,session_range_fade,2.0,1.3,72
1776956400.0,1776963600.0,1.7905,long,USDJPY,session_range_fade,2.0,1.3,72
1777024800.0,1777028400.0,-1.3162,long,USDJPY,session_range_fade,2.0,1.3,72
1777266000.0,1777273200.0,-1.2396,long,USDJPY,session_range_fade,2.0,1.3,72
1777276800.0,1777338000.0,1.7861,long,USDJPY,session_range_fade,2.0,1.3,72
1777438800.0,1777453200.0,-1.3582,short,USDJPY,session_range_fade,2.0,1.3,72
1777935600.0,1777971600.0,-1.1277,short,USDJPY,session_range_fade,2.0,1.3,72
1778022000.0,1778040000.0,-1.2006,long,USDJPY,session_range_fade,2.0,1.3,72
1778133600.0,1778169600.0,-1.1591,short,USDJPY,session_range_fade,2.0,1.3,72
1778173200.0,1778184000.0,-1.1598,short,USDJPY,session_range_fade,2.0,1.3,72
1778270400.0,1778457600.0,1.8007,long,USDJPY,session_range_fade,2.0,1.3,72
1778461200.0,1778544000.0,-1.1784,short,USDJPY,session_range_fade,2.0,1.3,72
1778648400.0,1778724000.0,1.7028,long,USDJPY,session_range_fade,2.0,1.3,72
1778727600.0,1778731200.0,-1.3425,long,USDJPY,session_range_fade,2.0,1.3,72
1778842800.0,1778871600.0,-1.2003,short,USDJPY,session_range_fade,2.0,1.3,72
1779130800.0,1779192000.0,-1.1847,long,USDJPY,session_range_fade,2.0,1.3,72
1779285600.0,1779289200.0,-1.2231,long,USDJPY,session_range_fade,2.0,1.3,72
1779382800.0,1779462000.0,1.7763,long,USDJPY,session_range_fade,2.0,1.3,72
1779465600.0,1779656400.0,1.6231,short,USDJPY,session_range_fade,2.0,1.3,72
1779692400.0,1779800400.0,1.7392,long,USDJPY,session_range_fade,2.0,1.3,72
1779832800.0,1779858000.0,-1.4438,short,USDJPY,session_range_fade,2.0,1.3,72
1779948000.0,1779958800.0,-1.4206,long,USDJPY,session_range_fade,2.0,1.3,72
1780084800.0,1780264800.0,-1.3409,short,USDJPY,session_range_fade,2.0,1.3,72
1780390800.0,1780412400.0,1.4617,long,USDJPY,session_range_fade,2.0,1.3,72
1780452000.0,1780470000.0,-1.4325,long,USDJPY,session_range_fade,2.0,1.3,72
1780599600.0,1780660800.0,-1.4055,short,USDJPY,session_range_fade,2.0,1.3,72
1780894800.0,1780905600.0,1.7142,short,USDJPY,session_range_fade,2.0,1.3,72
1781067600.0,1781121600.0,1.6074,long,USDJPY,session_range_fade,2.0,1.3,72
1781150400.0,1781197200.0,-1.4989,long,USDJPY,session_range_fade,2.0,1.3,72
1781535600.0,1781546400.0,-1.3513,short,USDJPY,session_range_fade,2.0,1.3,72
1781564400.0,1781600400.0,-1.38,short,USDJPY,session_range_fade,2.0,1.3,72
1781643600.0,1781679600.0,1.5961,short,USDJPY,session_range_fade,2.0,1.3,72
1781708400.0,1781719200.0,1.6795,long,USDJPY,session_range_fade,2.0,1.3,72
1781773200.0,1781776800.0,-1.2497,short,USDJPY,session_range_fade,2.0,1.3,72
1781888400.0,1782086400.0,1.73,long,USDJPY,session_range_fade,2.0,1.3,72
1782198000.0,1782201600.0,-1.2785,long,USDJPY,session_range_fade,2.0,1.3,72
1782208800.0,1782284400.0,1.7248,long,USDJPY,session_range_fade,2.0,1.3,72
1782334800.0,1782349200.0,1.6199,short,USDJPY,session_range_fade,2.0,1.3,72
1782367200.0,1782396000.0,1.6161,short,USDJPY,session_range_fade,2.0,1.3,72
1782453600.0,1782460800.0,-1.3395,long,USDJPY,session_range_fade,2.0,1.3,72
1782500400.0,1782723600.0,-1.3006,short,USDJPY,session_range_fade,2.0,1.3,72
1782763200.0,1782777600.0,-1.5148,short,USDJPY,session_range_fade,2.0,1.3,72
1782900000.0,1782910800.0,-1.272,long,USDJPY,session_range_fade,2.0,1.3,72
1782964800.0,1782968400.0,-1.367,long,USDJPY,session_range_fade,2.0,1.3,72
1721023200.0,1721059200.0,2.3769,short,USDJPY,session_range_fade,2.5,1.3,24
1721106000.0,1721192400.0,2.3698,short,USDJPY,session_range_fade,2.5,1.3,24
1721368800.0,1721372400.0,-1.1368,short,USDJPY,session_range_fade,2.5,1.3,24
1721595600.0,1721602800.0,-1.1633,long,USDJPY,session_range_fade,2.5,1.3,24
1721606400.0,1721624400.0,-1.167,long,USDJPY,session_range_fade,2.5,1.3,24
1721970000.0,1721977200.0,-1.087,short,USDJPY,session_range_fade,2.5,1.3,24
1721980800.0,1722002400.0,2.4197,short,USDJPY,session_range_fade,2.5,1.3,24
1722243600.0,1722319200.0,2.422,long,USDJPY,session_range_fade,2.5,1.3,24
1722949200.0,1722992400.0,-1.0318,short,USDJPY,session_range_fade,2.5,1.3,24
1723057200.0,1723071600.0,-1.0514,long,USDJPY,session_range_fade,2.5,1.3,24
1723111200.0,1723197600.0,1.4358,long,USDJPY,session_range_fade,2.5,1.3,24
1723417200.0,1723449600.0,-1.1074,short,USDJPY,session_range_fade,2.5,1.3,24
1723521600.0,1723554000.0,2.3948,short,USDJPY,session_range_fade,2.5,1.3,24
1723690800.0,1723723200.0,-1.1288,short,USDJPY,session_range_fade,2.5,1.3,24
1724112000.0,1724119200.0,-1.1018,short,USDJPY,session_range_fade,2.5,1.3,24
1724216400.0,1724223600.0,-1.1007,short,USDJPY,session_range_fade,2.5,1.3,24
1724677200.0,1724720400.0,-1.0767,short,USDJPY,session_range_fade,2.5,1.3,24
1724724000.0,1724778000.0,2.4024,short,USDJPY,session_range_fade,2.5,1.3,24
1724810400.0,1724835600.0,-1.1212,long,USDJPY,session_range_fade,2.5,1.3,24
1724882400.0,1724932800.0,2.4023,long,USDJPY,session_range_fade,2.5,1.3,24
1724976000.0,1725019200.0,2.4001,long,USDJPY,session_range_fade,2.5,1.3,24
1725328800.0,1725339600.0,-1.1359,long,USDJPY,session_range_fade,2.5,1.3,24
1725591600.0,1725606000.0,2.405,short,USDJPY,session_range_fade,2.5,1.3,24
1725933600.0,1725976800.0,2.3924,short,USDJPY,session_range_fade,2.5,1.3,24
1726135200.0,1726178400.0,2.4062,short,USDJPY,session_range_fade,2.5,1.3,24
1726437600.0,1726470000.0,2.4136,short,USDJPY,session_range_fade,2.5,1.3,24
1726549200.0,1726574400.0,-1.1095,short,USDJPY,session_range_fade,2.5,1.3,24
1726578000.0,1726588800.0,-1.0836,short,USDJPY,session_range_fade,2.5,1.3,24
1726664400.0,1726682400.0,-1.091,long,USDJPY,session_range_fade,2.5,1.3,24
1727053200.0,1727089200.0,2.4275,short,USDJPY,session_range_fade,2.5,1.3,24
1727128800.0,1727161200.0,2.4162,long,USDJPY,session_range_fade,2.5,1.3,24
1727244000.0,1727251200.0,-1.1029,short,USDJPY,session_range_fade,2.5,1.3,24
1727308800.0,1727312400.0,-1.1265,short,USDJPY,session_range_fade,2.5,1.3,24
1727316000.0,1727334000.0,-1.1184,short,USDJPY,session_range_fade,2.5,1.3,24
1727337600.0,1727359200.0,-1.1045,short,USDJPY,session_range_fade,2.5,1.3,24
1727362800.0,1727413200.0,2.4276,long,USDJPY,session_range_fade,2.5,1.3,24
1727780400.0,1727838000.0,-1.0841,short,USDJPY,session_range_fade,2.5,1.3,24
1727841600.0,1727863200.0,2.4115,long,USDJPY,session_range_fade,2.5,1.3,24
1727956800.0,1728014400.0,-1.0801,long,USDJPY,session_range_fade,2.5,1.3,24
1728298800.0,1728306000.0,-1.0875,long,USDJPY,session_range_fade,2.5,1.3,24
1728313200.0,1728338400.0,-1.089,long,USDJPY,session_range_fade,2.5,1.3,24
1728352800.0,1728439200.0,1.4947,long,USDJPY,session_range_fade,2.5,1.3,24
1728442800.0,1728450000.0,-1.1567,short,USDJPY,session_range_fade,2.5,1.3,24
1728457200.0,1728475200.0,-1.149,short,USDJPY,session_range_fade,2.5,1.3,24
1728525600.0,1728532800.0,-1.1626,short,USDJPY,session_range_fade,2.5,1.3,24
1728536400.0,1728543600.0,-1.1607,long,USDJPY,session_range_fade,2.5,1.3,24
1728615600.0,1728874800.0,1.6772,long,USDJPY,session_range_fade,2.5,1.3,24
1728882000.0,1728889200.0,-1.2102,short,USDJPY,session_range_fade,2.5,1.3,24
1728896400.0,1728903600.0,-1.2044,short,USDJPY,session_range_fade,2.5,1.3,24
1728954000.0,1728972000.0,-1.1954,long,USDJPY,session_range_fade,2.5,1.3,24
1729072800.0,1729087200.0,-1.1292,short,USDJPY,session_range_fade,2.5,1.3,24
1729130400.0,1729144800.0,-1.1643,short,USDJPY,session_range_fade,2.5,1.3,24
1729148400.0,1729166400.0,-1.1892,short,USDJPY,session_range_fade,2.5,1.3,24
1729238400.0,1729245600.0,-1.1682,long,USDJPY,session_range_fade,2.5,1.3,24
1729576800.0,1729605600.0,-1.1499,short,USDJPY,session_range_fade,2.5,1.3,24
1729627200.0,1729645200.0,2.3577,long,USDJPY,session_range_fade,2.5,1.3,24
1729839600.0,1729872000.0,-1.1414,short,USDJPY,session_range_fade,2.5,1.3,24
1730156400.0,1730163600.0,-1.1376,long,USDJPY,session_range_fade,2.5,1.3,24
1730174400.0,1730199600.0,2.3431,long,USDJPY,session_range_fade,2.5,1.3,24
1730268000.0,1730275200.0,-1.153,long,USDJPY,session_range_fade,2.5,1.3,24
1730282400.0,1730354400.0,-1.1256,long,USDJPY,session_range_fade,2.5,1.3,24
1730757600.0,1730768400.0,-1.1225,short,USDJPY,session_range_fade,2.5,1.3,24
1730797200.0,1730826000.0,2.3241,short,USDJPY,session_range_fade,2.5,1.3,24
1730944800.0,1730952000.0,-1.1022,long,USDJPY,session_range_fade,2.5,1.3,24
1730955600.0,1730984400.0,-1.1031,long,USDJPY,session_range_fade,2.5,1.3,24
1731067200.0,1731290400.0,2.3992,long,USDJPY,session_range_fade,2.5,1.3,24
1731351600.0,1731376800.0,-1.1547,short,USDJPY,session_range_fade,2.5,1.3,24
1731391200.0,1731420000.0,2.3496,long,USDJPY,session_range_fade,2.5,1.3,24
1731596400.0,1731657600.0,-1.1106,long,USDJPY,session_range_fade,2.5,1.3,24
1732032000.0,1732064400.0,-1.0601,short,USDJPY,session_range_fade,2.5,1.3,24
1732114800.0,1732168800.0,2.3852,short,USDJPY,session_range_fade,2.5,1.3,24
1732287600.0,1732496400.0,2.4147,short,USDJPY,session_range_fade,2.5,1.3,24
1732590000.0,1732622400.0,-1.0894,long,USDJPY,session_range_fade,2.5,1.3,24
1732798800.0,1732838400.0,2.3781,short,USDJPY,session_range_fade,2.5,1.3,24
1732899600.0,1733155200.0,-1.0735,long,USDJPY,session_range_fade,2.5,1.3,24
1733378400.0,1733464800.0,0.1237,long,USDJPY,session_range_fade,2.5,1.3,24
1733475600.0,1733490000.0,2.372,short,USDJPY,session_range_fade,2.5,1.3,24
1733497200.0,1733749200.0,2.412,long,USDJPY,session_range_fade,2.5,1.3,24
1733806800.0,1733817600.0,2.3659,long,USDJPY,session_range_fade,2.5,1.3,24
1733875200.0,1733882400.0,-1.1485,long,USDJPY,session_range_fade,2.5,1.3,24
1734307200.0,1734350400.0,-1.1311,short,USDJPY,session_range_fade,2.5,1.3,24
1734372000.0,1734426000.0,-1.1353,long,USDJPY,session_range_fade,2.5,1.3,24
1734429600.0,1734444000.0,-1.1317,long,USDJPY,session_range_fade,2.5,1.3,24
1734512400.0,1734548400.0,2.3598,long,USDJPY,session_range_fade,2.5,1.3,24
1735005600.0,1735052400.0,-1.1944,short,USDJPY,session_range_fade,2.5,1.3,24
1735110000.0,1735218000.0,2.3274,long,USDJPY,session_range_fade,2.5,1.3,24
1735304400.0,1735311600.0,-1.1594,long,USDJPY,session_range_fade,2.5,1.3,24
1735318800.0,1735556400.0,-1.1495,long,USDJPY,session_range_fade,2.5,1.3,24
1735909200.0,1735923600.0,-1.1438,long,USDJPY,session_range_fade,2.5,1.3,24
1735927200.0,1736157600.0,2.3683,long,USDJPY,session_range_fade,2.5,1.3,24
1736161200.0,1736164800.0,-1.1301,long,USDJPY,session_range_fade,2.5,1.3,24
1736355600.0,1736380800.0,-1.1436,long,USDJPY,session_range_fade,2.5,1.3,24
1736384400.0,1736395200.0,-1.1483,long,USDJPY,session_range_fade,2.5,1.3,24
1736438400.0,1736496000.0,-1.1486,long,USDJPY,session_range_fade,2.5,1.3,24
1736794800.0,1736881200.0,-0.3783,short,USDJPY,session_range_fade,2.5,1.3,24
1736913600.0,1736917200.0,-1.1517,long,USDJPY,session_range_fade,2.5,1.3,24
1737090000.0,1737122400.0,-1.1152,short,USDJPY,session_range_fade,2.5,1.3,24
1737342000.0,1737381600.0,-1.1219,long,USDJPY,session_range_fade,2.5,1.3,24
1737511200.0,1737529200.0,-1.1188,short,USDJPY,session_range_fade,2.5,1.3,24
1737532800.0,1737547200.0,-1.1193,short,USDJPY,session_range_fade,2.5,1.3,24
1737550800.0,1737558000.0,-1.1113,short,USDJPY,session_range_fade,2.5,1.3,24
1737612000.0,1737637200.0,2.2957,short,USDJPY,session_range_fade,2.5,1.3,24
1737640800.0,1737648000.0,-1.1444,long,USDJPY,session_range_fade,2.5,1.3,24
1738076400.0,1738162800.0,1.5429,short,USDJPY,session_range_fade,2.5,1.3,24
1738170000.0,1738195200.0,-1.1144,long,USDJPY,session_range_fade,2.5,1.3,24
1738216800.0,1738242000.0,-1.104,long,USDJPY,session_range_fade,2.5,1.3,24
1738281600.0,1738299600.0,-1.0876,short,USDJPY,session_range_fade,2.5,1.3,24
1738342800.0,1738346400.0,-1.1118,short,USDJPY,session_range_fade,2.5,1.3,24
1738350000.0,1738540800.0,-1.109,short,USDJPY,session_range_fade,2.5,1.3,24
1738821600.0,1738854000.0,2.3911,short,USDJPY,session_range_fade,2.5,1.3,24
1738908000.0,1738926000.0,-1.1103,short,USDJPY,session_range_fade,2.5,1.3,24
1738929600.0,1738933200.0,-1.1129,short,USDJPY,session_range_fade,2.5,1.3,24
1739210400.0,1739271600.0,-1.1205,short,USDJPY,session_range_fade,2.5,1.3,24
1739275200.0,1739314800.0,-1.1493,short,USDJPY,session_range_fade,2.5,1.3,24
1739422800.0,1739440800.0,-1.1158,long,USDJPY,session_range_fade,2.5,1.3,24
1739527200.0,1739538000.0,-1.1086,long,USDJPY,session_range_fade,2.5,1.3,24
1739808000.0,1739836800.0,-1.1598,short,USDJPY,session_range_fade,2.5,1.3,24
1739840400.0,1739847600.0,-1.2113,short,USDJPY,session_range_fade,2.5,1.3,24
1739862000.0,1739930400.0,-1.1548,short,USDJPY,session_range_fade,2.5,1.3,24
1739934000.0,1740009600.0,2.3659,short,USDJPY,session_range_fade,2.5,1.3,24
1740376800.0,1740398400.0,-1.1051,short,USDJPY,session_range_fade,2.5,1.3,24
1740412800.0,1740441600.0,-1.1051,short,USDJPY,session_range_fade,2.5,1.3,24
1740448800.0,1740495600.0,2.3904,short,USDJPY,session_range_fade,2.5,1.3,24
1740567600.0,1740646800.0,-1.1014,short,USDJPY,session_range_fade,2.5,1.3,24
1740697200.0,1740726000.0,-1.0873,short,USDJPY,session_range_fade,2.5,1.3,24
1740963600.0,1740992400.0,-1.0818,long,USDJPY,session_range_fade,2.5,1.3,24
1741176000.0,1741183200.0,2.4124,short,USDJPY,session_range_fade,2.5,1.3,24
1741240800.0,1741244400.0,-1.1101,long,USDJPY,session_range_fade,2.5,1.3,24
1741302000.0,1741356000.0,2.4236,short,USDJPY,session_range_fade,2.5,1.3,24
1741370400.0,1741626000.0,1.2888,short,USDJPY,session_range_fade,2.5,1.3,24
1741680000.0,1741690800.0,-1.0826,short,USDJPY,session_range_fade,2.5,1.3,24
1741780800.0,1741834800.0,2.4165,short,USDJPY,session_range_fade,2.5,1.3,24
1741856400.0,1741867200.0,-1.1243,long,USDJPY,session_range_fade,2.5,1.3,24
1741870800.0,1741878000.0,-1.1016,long,USDJPY,session_range_fade,2.5,1.3,24
1741881600.0,1741924800.0,2.4067,long,USDJPY,session_range_fade,2.5,1.3,24
1741964400.0,1742169600.0,-1.1029,short,USDJPY,session_range_fade,2.5,1.3,24
1742202000.0,1742212800.0,-1.1081,long,USDJPY,session_range_fade,2.5,1.3,24
1742220000.0,1742259600.0,2.4041,long,USDJPY,session_range_fade,2.5,1.3,24
1742310000.0,1742320800.0,-1.1232,long,USDJPY,session_range_fade,2.5,1.3,24
1742338800.0,1742367600.0,-1.1245,long,USDJPY,session_range_fade,2.5,1.3,24
1742508000.0,1742515200.0,-1.1321,short,USDJPY,session_range_fade,2.5,1.3,24
1742893200.0,1742896800.0,-1.1562,long,USDJPY,session_range_fade,2.5,1.3,24
1742947200.0,1743001200.0,2.3375,long,USDJPY,session_range_fade,2.5,1.3,24
1743037200.0,1743066000.0,2.383,long,USDJPY,session_range_fade,2.5,1.3,24
1743069600.0,1743120000.0,-1.1329,short,USDJPY,session_range_fade,2.5,1.3,24
1743138000.0,1743145200.0,-1.1608,long,USDJPY,session_range_fade,2.5,1.3,24
1743498000.0,1743552000.0,-1.1247,short,USDJPY,session_range_fade,2.5,1.3,24
1743577200.0,1743584400.0,-1.1565,long,USDJPY,session_range_fade,2.5,1.3,24
1743588000.0,1743595200.0,-1.155,long,USDJPY,session_range_fade,2.5,1.3,24
1743742800.0,1743753600.0,-1.0626,short,USDJPY,session_range_fade,2.5,1.3,24
1743757200.0,1743764400.0,2.4373,short,USDJPY,session_range_fade,2.5,1.3,24
1744092000.0,1744110000.0,-1.0752,long,USDJPY,session_range_fade,2.5,1.3,24
1744120800.0,1744124400.0,-1.0693,long,USDJPY,session_range_fade,2.5,1.3,24
1744380000.0,1744639200.0,0.2254,short,USDJPY,session_range_fade,2.5,1.3,24
1744646400.0,1744732800.0,0.1436,short,USDJPY,session_range_fade,2.5,1.3,24
1744747200.0,1744779600.0,2.4076,short,USDJPY,session_range_fade,2.5,1.3,24
1744851600.0,1744938000.0,0.6766,short,USDJPY,session_range_fade,2.5,1.3,24
1744988400.0,1744992000.0,-1.3638,long,USDJPY,session_range_fade,2.5,1.3,24
1745276400.0,1745298000.0,2.4,short,USDJPY,session_range_fade,2.5,1.3,24
1745510400.0,1745550000.0,2.3942,long,USDJPY,session_range_fade,2.5,1.3,24
1745604000.0,1745845200.0,-1.0838,long,USDJPY,session_range_fade,2.5,1.3,24
1745899200.0,1745931600.0,-1.1184,long,USDJPY,session_range_fade,2.5,1.3,24
1745978400.0,1745996400.0,-1.112,short,USDJPY,session_range_fade,2.5,1.3,24
1746061200.0,1746068400.0,-1.1066,short,USDJPY,session_range_fade,2.5,1.3,24
1746162000.0,1746172800.0,-1.1021,long,USDJPY,session_range_fade,2.5,1.3,24
1746489600.0,1746514800.0,2.3882,short,USDJPY,session_range_fade,2.5,1.3,24
1746576000.0,1746604800.0,-1.0776,short,USDJPY,session_range_fade,2.5,1.3,24
1746622800.0,1746633600.0,-1.0971,short,USDJPY,session_range_fade,2.5,1.3,24
1746637200.0,1746640800.0,-1.1056,short,USDJPY,session_range_fade,2.5,1.3,24
1746655200.0,1746684000.0,-1.0957,short,USDJPY,session_range_fade,2.5,1.3,24
1746774000.0,1746799200.0,-1.1041,long,USDJPY,session_range_fade,2.5,1.3,24
1746820800.0,1746997200.0,2.385,long,USDJPY,session_range_fade,2.5,1.3,24
1747094400.0,1747162800.0,-1.0926,long,USDJPY,session_range_fade,2.5,1.3,24
1747386000.0,1747404000.0,-1.0992,short,USDJPY,session_range_fade,2.5,1.3,24
1747717200.0,1747792800.0,-1.0997,long,USDJPY,session_range_fade,2.5,1.3,24
1747965600.0,1747998000.0,2.3927,short,USDJPY,session_range_fade,2.5,1.3,24
1748242800.0,1748322000.0,-1.1077,short,USDJPY,session_range_fade,2.5,1.3,24
1748397600.0,1748437200.0,-1.1188,short,USDJPY,session_range_fade,2.5,1.3,24
1748588400.0,1748606400.0,-1.1143,long,USDJPY,session_range_fade,2.5,1.3,24
1748818800.0,1748847600.0,2.3995,short,USDJPY,session_range_fade,2.5,1.3,24
1748901600.0,1748912400.0,2.3625,long,USDJPY,session_range_fade,2.5,1.3,24
1748916000.0,1748952000.0,-1.1154,short,USDJPY,session_range_fade,2.5,1.3,24
1749038400.0,1749045600.0,-1.0785,long,USDJPY,session_range_fade,2.5,1.3,24
1749099600.0,1749124800.0,-1.1275,long,USDJPY,session_range_fade,2.5,1.3,24
1749438000.0,1749448800.0,-1.1282,long,USDJPY,session_range_fade,2.5,1.3,24
1749466800.0,1749520800.0,2.3804,long,USDJPY,session_range_fade,2.5,1.3,24
1749531600.0,1749618000.0,1.4211,long,USDJPY,session_range_fade,2.5,1.3,24
1749625200.0,1749643200.0,-1.1371,short,USDJPY,session_range_fade,2.5,1.3,24
1750096800.0,1750118400.0,-1.1058,short,USDJPY,session_range_fade,2.5,1.3,24
1750168800.0,1750255200.0,0.8426,short,USDJPY,session_range_fade,2.5,1.3,24
1750309200.0,1750320000.0,-1.1183,short,USDJPY,session_range_fade,2.5,1.3,24
1750374000.0,1750428000.0,2.3619,long,USDJPY,session_range_fade,2.5,1.3,24
1750820400.0,1750831200.0,-1.116,short,USDJPY,session_range_fade,2.5,1.3,24
1750874400.0,1750917600.0,2.3761,short,USDJPY,session_range_fade,2.5,1.3,24
1750996800.0,1751032800.0,-1.1122,short,USDJPY,session_range_fade,2.5,1.3,24
1751234400.0,1751320800.0,1.6616,short,USDJPY,session_range_fade,2.5,1.3,24
1751432400.0,1751439600.0,-1.1304,short,USDJPY,session_range_fade,2.5,1.3,24
1751648400.0,1751846400.0,-1.2204,long,USDJPY,session_range_fade,2.5,1.3,24
1751850000.0,1751860800.0,2.2954,long,USDJPY,session_range_fade,2.5,1.3,24
1752037200.0,1752044400.0,-1.1703,long,USDJPY,session_range_fade,2.5,1.3,24
1752174000.0,1752192000.0,-1.1311,short,USDJPY,session_range_fade,2.5,1.3,24
1752480000.0,1752566400.0,1.0321,long,USDJPY,session_range_fade,2.5,1.3,24
1752577200.0,1752580800.0,-1.1761,short,USDJPY,session_range_fade,2.5,1.3,24
1752645600.0,1752674400.0,-1.1543,long,USDJPY,session_range_fade,2.5,1.3,24
1752807600.0,1753045200.0,2.3487,short,USDJPY,session_range_fade,2.5,1.3,24
1753153200.0,1753164000.0,-1.1514,short,USDJPY,session_range_fade,2.5,1.3,24
1753178400.0,1753185600.0,2.3539,short,USDJPY,session_range_fade,2.5,1.3,24
1753257600.0,1753344000.0,0.4744,short,USDJPY,session_range_fade,2.5,1.3,24
1753660800.0,1753682400.0,2.3464,long,USDJPY,session_range_fade,2.5,1.3,24
1753743600.0,1753765200.0,-1.1629,long,USDJPY,session_range_fade,2.5,1.3,24
1753768800.0,1753833600.0,-1.1533,long,USDJPY,session_range_fade,2.5,1.3,24
1754017200.0,1754042400.0,-1.1466,long,USDJPY,session_range_fade,2.5,1.3,24
1754359200.0,1754380800.0,-1.1167,short,USDJPY,session_range_fade,2.5,1.3,24
1754431200.0,1754467200.0,-1.1483,short,USDJPY,session_range_fade,2.5,1.3,24
1754470800.0,1754485200.0,2.337,short,USDJPY,session_range_fade,2.5,1.3,24
1754488800.0,1754503200.0,-1.1348,long,USDJPY,session_range_fade,2.5,1.3,24
1754506800.0,1754546400.0,-1.121,long,USDJPY,session_range_fade,2.5,1.3,24
1754629200.0,1754643600.0,-1.1206,short,USDJPY,session_range_fade,2.5,1.3,24
1754863200.0,1754920800.0,-1.1552,short,USDJPY,session_range_fade,2.5,1.3,24
1755057600.0,1755068400.0,-1.1517,long,USDJPY,session_range_fade,2.5,1.3,24
1755504000.0,1755522000.0,2.3453,long,USDJPY,session_range_fade,2.5,1.3,24
1755568800.0,1755655200.0,0.8167,short,USDJPY,session_range_fade,2.5,1.3,24
1755658800.0,1755669600.0,-1.1659,long,USDJPY,session_range_fade,2.5,1.3,24
1755766800.0,1755770400.0,-1.1794,short,USDJPY,session_range_fade,2.5,1.3,24
1755777600.0,1755784800.0,-1.1576,short,USDJPY,session_range_fade,2.5,1.3,24
1755842400.0,1755856800.0,-1.1789,short,USDJPY,session_range_fade,2.5,1.3,24
1755867600.0,1755871200.0,-1.1566,long,USDJPY,session_range_fade,2.5,1.3,24
1756126800.0,1756134000.0,-1.1578,short,USDJPY,session_range_fade,2.5,1.3,24
1756141200.0,1756144800.0,-1.1618,short,USDJPY,session_range_fade,2.5,1.3,24
1756245600.0,1756281600.0,2.3403,long,USDJPY,session_range_fade,2.5,1.3,24
1756364400.0,1756375200.0,-1.1482,long,USDJPY,session_range_fade,2.5,1.3,24
1756425600.0,1756468800.0,2.3421,long,USDJPY,session_range_fade,2.5,1.3,24
1756674000.0,1756684800.0,-1.1585,short,USDJPY,session_range_fade,2.5,1.3,24
1756688400.0,1756774800.0,-1.1593,short,USDJPY,session_range_fade,2.5,1.3,24
1756962000.0,1756994400.0,2.323,long,USDJPY,session_range_fade,2.5,1.3,24
1757368800.0,1757376000.0,-1.16,long,USDJPY,session_range_fade,2.5,1.3,24
1757469600.0,1757484000.0,-1.1602,short,USDJPY,session_range_fade,2.5,1.3,24
1757487600.0,1757570400.0,-1.1959,short,USDJPY,session_range_fade,2.5,1.3,24
1757592000.0,1757599200.0,-1.1609,long,USDJPY,session_range_fade,2.5,1.3,24
1757660400.0,1757664000.0,-1.1944,short,USDJPY,session_range_fade,2.5,1.3,24
1757901600.0,1757930400.0,-1.1636,long,USDJPY,session_range_fade,2.5,1.3,24
1757944800.0,1757952000.0,-1.2133,long,USDJPY,session_range_fade,2.5,1.3,24
1757955600.0,1757991600.0,-1.1918,long,USDJPY,session_range_fade,2.5,1.3,24
1758088800.0,1758092400.0,-1.1997,short,USDJPY,session_range_fade,2.5,1.3,24
1758096000.0,1758132000.0,-1.171,short,USDJPY,session_range_fade,2.5,1.3,24
1758488400.0,1758560400.0,-1.1741,long,USDJPY,session_range_fade,2.5,1.3,24
1758578400.0,1758618000.0,-1.2092,long,USDJPY,session_range_fade,2.5,1.3,24
1758621600.0,1758646800.0,-1.195,long,USDJPY,session_range_fade,2.5,1.3,24
1758672000.0,1758693600.0,-1.1725,short,USDJPY,session_range_fade,2.5,1.3,24
1758758400.0,1758762000.0,-1.2127,short,USDJPY,session_range_fade,2.5,1.3,24
1758765600.0,1758801600.0,-1.2108,short,USDJPY,session_range_fade,2.5,1.3,24
1758862800.0,1758891600.0,-1.1887,long,USDJPY,session_range_fade,2.5,1.3,24
1758895200.0,1759104000.0,-1.1696,long,USDJPY,session_range_fade,2.5,1.3,24
1759183200.0,1759190400.0,-1.2078,short,USDJPY,session_range_fade,2.5,1.3,24
1759194000.0,1759208400.0,2.3085,short,USDJPY,session_range_fade,2.5,1.3,24
1759269600.0,1759276800.0,-1.157,short,USDJPY,session_range_fade,2.5,1.3,24
1759280400.0,1759298400.0,2.356,short,USDJPY,session_range_fade,2.5,1.3,24
1759384800.0,1759395600.0,2.3369,short,USDJPY,session_range_fade,2.5,1.3,24
1759946400.0,1760014800.0,-1.1115,long,USDJPY,session_range_fade,2.5,1.3,24
1760068800.0,1760076000.0,-1.1464,long,USDJPY,session_range_fade,2.5,1.3,24
1760356800.0,1760400000.0,-1.1302,short,USDJPY,session_range_fade,2.5,1.3,24
1760410800.0,1760421600.0,2.3122,short,USDJPY,session_range_fade,2.5,1.3,24
1760475600.0,1760490000.0,-1.1381,long,USDJPY,session_range_fade,2.5,1.3,24
1760932800.0,1761008400.0,-1.1303,short,USDJPY,session_range_fade,2.5,1.3,24
1761012000.0,1761022800.0,-1.1428,short,USDJPY,session_range_fade,2.5,1.3,24
1761120000.0,1761177600.0,2.3289,long,USDJPY,session_range_fade,2.5,1.3,24
1761235200.0,1761282000.0,-1.1525,short,USDJPY,session_range_fade,2.5,1.3,24
1761289200.0,1761307200.0,-1.2042,long,USDJPY,session_range_fade,2.5,1.3,24
1761552000.0,1761609600.0,-1.1384,long,USDJPY,session_range_fade,2.5,1.3,24
1761688800.0,1761696000.0,2.346,short,USDJPY,session_range_fade,2.5,1.3,24
1761753600.0,1761760800.0,-1.1167,short,USDJPY,session_range_fade,2.5,1.3,24
1761868800.0,1762131600.0,0.7433,long,USDJPY,session_range_fade,2.5,1.3,24
1762135200.0,1762221600.0,-0.069,long,USDJPY,session_range_fade,2.5,1.3,24
1762225200.0,1762228800.0,-1.2198,long,USDJPY,session_range_fade,2.5,1.3,24
1762232400.0,1762236000.0,-1.1932,long,USDJPY,session_range_fade,2.5,1.3,24
1762398000.0,1762441200.0,2.3138,short,USDJPY,session_range_fade,2.5,1.3,24
1762538400.0,1762542000.0,-1.1286,short,USDJPY,session_range_fade,2.5,1.3,24
1762545600.0,1762725600.0,-1.1221,short,USDJPY,session_range_fade,2.5,1.3,24
1762779600.0,1762819200.0,-1.1581,short,USDJPY,session_range_fade,2.5,1.3,24
1762837200.0,1762866000.0,-1.2013,long,USDJPY,session_range_fade,2.5,1.3,24
1762887600.0,1762920000.0,2.3324,long,USDJPY,session_range_fade,2.5,1.3,24
1762992000.0,1763024400.0,2.2919,short,USDJPY,session_range_fade,2.5,1.3,24
1763114400.0,1763121600.0,2.3391,short,USDJPY,session_range_fade,2.5,1.3,24
1763355600.0,1763377200.0,-1.2106,short,USDJPY,session_range_fade,2.5,1.3,24
1763380800.0,1763391600.0,-1.1904,short,USDJPY,session_range_fade,2.5,1.3,24
1763481600.0,1763546400.0,2.3756,long,USDJPY,session_range_fade,2.5,1.3,24
1763654400.0,1763704800.0,-1.1018,long,USDJPY,session_range_fade,2.5,1.3,24
1763967600.0,1763992800.0,-1.1674,short,USDJPY,session_range_fade,2.5,1.3,24
1764018000.0,1764061200.0,2.3415,short,USDJPY,session_range_fade,2.5,1.3,24
1764111600.0,1764118800.0,-1.1167,long,USDJPY,session_range_fade,2.5,1.3,24
1764126000.0,1764212400.0,0.446,long,USDJPY,session_range_fade,2.5,1.3,24
1764334800.0,1764547200.0,-1.1728,long,USDJPY,session_range_fade,2.5,1.3,24
1764630000.0,1764655200.0,-1.1627,short,USDJPY,session_range_fade,2.5,1.3,24
1764691200.0,1764763200.0,2.3266,short,USDJPY,session_range_fade,2.5,1.3,24
1765162800.0,1765177200.0,-1.1817,short,USDJPY,session_range_fade,2.5,1.3,24
1765180800.0,1765195200.0,-1.1848,short,USDJPY,session_range_fade,2.5,1.3,24
1765335600.0,1765378800.0,-1.1944,long,USDJPY,session_range_fade,2.5,1.3,24
1765389600.0,1765393200.0,-1.2021,long,USDJPY,session_range_fade,2.5,1.3,24
1765540800.0,1765764000.0,2.3251,short,USDJPY,session_range_fade,2.5,1.3,24
1765936800.0,1765951200.0,-1.1152,short,USDJPY,session_range_fade,2.5,1.3,24
1766005200.0,1766034000.0,-1.1887,short,USDJPY,session_range_fade,2.5,1.3,24
1766106000.0,1766124000.0,2.3439,long,USDJPY,session_range_fade,2.5,1.3,24
1766379600.0,1766408400.0,-1.1588,long,USDJPY,session_range_fade,2.5,1.3,24
1766592000.0,1766646000.0,-1.1577,short,USDJPY,session_range_fade,2.5,1.3,24
1766700000.0,1766703600.0,-1.1947,short,USDJPY,session_range_fade,2.5,1.3,24
1766757600.0,1766768400.0,-1.1628,short,USDJPY,session_range_fade,2.5,1.3,24
1767016800.0,1767081600.0,-1.1582,long,USDJPY,session_range_fade,2.5,1.3,24
1767085200.0,1767106800.0,2.3204,long,USDJPY,session_range_fade,2.5,1.3,24
1767114000.0,1767153600.0,-1.1628,short,USDJPY,session_range_fade,2.5,1.3,24
1767204000.0,1767376800.0,-0.2563,short,USDJPY,session_range_fade,2.5,1.3,24
1767380400.0,1767607200.0,-1.194,long,USDJPY,session_range_fade,2.5,1.3,24
1767711600.0,1767798000.0,-0.5598,short,USDJPY,session_range_fade,2.5,1.3,24
1767801600.0,1767834000.0,-1.1951,short,USDJPY,session_range_fade,2.5,1.3,24
1767848400.0,1767852000.0,-1.2439,long,USDJPY,session_range_fade,2.5,1.3,24
1767855600.0,1767877200.0,2.2698,long,USDJPY,session_range_fade,2.5,1.3,24
1767916800.0,1767924000.0,-1.2102,short,USDJPY,session_range_fade,2.5,1.3,24
1768323600.0,1768352400.0,-1.1438,short,USDJPY,session_range_fade,2.5,1.3,24
1768377600.0,1768381200.0,-1.1956,long,USDJPY,session_range_fade,2.5,1.3,24
1768442400.0,1768528800.0,-1.1327,long,USDJPY,session_range_fade,2.5,1.3,24
1768773600.0,1768777200.0,-1.1624,long,USDJPY,session_range_fade,2.5,1.3,24
1768820400.0,1768888800.0,-1.1176,short,USDJPY,session_range_fade,2.5,1.3,24
1768982400.0,1769022000.0,2.341,long,USDJPY,session_range_fade,2.5,1.3,24
1769094000.0,1769151600.0,-1.1644,long,USDJPY,session_range_fade,2.5,1.3,24
1769446800.0,1769486400.0,-1.0673,short,USDJPY,session_range_fade,2.5,1.3,24
1769605200.0,1769612400.0,-1.0969,short,USDJPY,session_range_fade,2.5,1.3,24
1769670000.0,1769734800.0,-1.0893,short,USDJPY,session_range_fade,2.5,1.3,24
1769738400.0,1769763600.0,-1.0917,short,USDJPY,session_range_fade,2.5,1.3,24
1770030000.0,1770109200.0,2.4119,long,USDJPY,session_range_fade,2.5,1.3,24
1770138000.0,1770174000.0,2.3443,long,USDJPY,session_range_fade,2.5,1.3,24
1770264000.0,1770296400.0,-1.1645,long,USDJPY,session_range_fade,2.5,1.3,24
1770346800.0,1770588000.0,2.3539,long,USDJPY,session_range_fade,2.5,1.3,24
1771214400.0,1771232400.0,-1.1343,short,USDJPY,session_range_fade,2.5,1.3,24
1771279200.0,1771282800.0,-1.2192,short,USDJPY,session_range_fade,2.5,1.3,24
1771286400.0,1771300800.0,-1.1948,long,USDJPY,session_range_fade,2.5,1.3,24
1771304400.0,1771315200.0,-1.1657,long,USDJPY,session_range_fade,2.5,1.3,24
1771322400.0,1771340400.0,2.3797,long,USDJPY,session_range_fade,2.5,1.3,24
1771513200.0,1771599600.0,-0.5281,long,USDJPY,session_range_fade,2.5,1.3,24
1771862400.0,1771894800.0,2.3716,long,USDJPY,session_range_fade,2.5,1.3,24
1771898400.0,1771905600.0,-1.134,short,USDJPY,session_range_fade,2.5,1.3,24
1771970400.0,1772006400.0,-1.1443,short,USDJPY,session_range_fade,2.5,1.3,24
1772056800.0,1772064000.0,-1.1547,long,USDJPY,session_range_fade,2.5,1.3,24
1772089200.0,1772150400.0,-1.1441,long,USDJPY,session_range_fade,2.5,1.3,24
1772208000.0,1772402400.0,-1.1383,short,USDJPY,session_range_fade,2.5,1.3,24
1772506800.0,1772604000.0,0.3713,long,USDJPY,session_range_fade,2.5,1.3,24
1772661600.0,1772668800.0,-1.1263,long,USDJPY,session_range_fade,2.5,1.3,24
1772694000.0,1772715600.0,-1.133,short,USDJPY,session_range_fade,2.5,1.3,24
1772755200.0,1772773200.0,-1.1248,short,USDJPY,session_range_fade,2.5,1.3,24
1772776800.0,1772794800.0,-1.1548,short,USDJPY,session_range_fade,2.5,1.3,24
1772802000.0,1773007200.0,-1.1409,short,USDJPY,session_range_fade,2.5,1.3,24
1773061200.0,1773082800.0,-1.105,long,USDJPY,session_range_fade,2.5,1.3,24
1773147600.0,1773162000.0,-1.1146,long,USDJPY,session_range_fade,2.5,1.3,24
1773165600.0,1773241200.0,2.3888,long,USDJPY,session_range_fade,2.5,1.3,24
1773244800.0,1773270000.0,-1.1344,short,USDJPY,session_range_fade,2.5,1.3,24
1773298800.0,1773313200.0,-1.18,long,USDJPY,session_range_fade,2.5,1.3,24
1773316800.0,1773374400.0,2.3564,long,USDJPY,session_range_fade,2.5,1.3,24
1773388800.0,1773406800.0,-1.158,long,USDJPY,session_range_fade,2.5,1.3,24
1773432000.0,1773658800.0,2.3433,short,USDJPY,session_range_fade,2.5,1.3,24
1773723600.0,1773752400.0,2.3333,short,USDJPY,session_range_fade,2.5,1.3,24
1773792000.0,1773835200.0,-1.1683,short,USDJPY,session_range_fade,2.5,1.3,24
1773846000.0,1773856800.0,-1.1584,short,USDJPY,session_range_fade,2.5,1.3,24
1773889200.0,1773907200.0,2.3158,short,USDJPY,session_range_fade,2.5,1.3,24
1774249200.0,1774263600.0,2.3662,short,USDJPY,session_range_fade,2.5,1.3,24
1774342800.0,1774382400.0,-1.1672,long,USDJPY,session_range_fade,2.5,1.3,24
1774418400.0,1774454400.0,-1.1464,short,USDJPY,session_range_fade,2.5,1.3,24
1774458000.0,1774490400.0,-1.1456,short,USDJPY,session_range_fade,2.5,1.3,24
1774504800.0,1774544400.0,2.2522,long,USDJPY,session_range_fade,2.5,1.3,24
1774555200.0,1774623600.0,-1.1809,short,USDJPY,session_range_fade,2.5,1.3,24
1774900800.0,1774954800.0,-1.1653,long,USDJPY,session_range_fade,2.5,1.3,24
1775066400.0,1775091600.0,-1.101,short,USDJPY,session_range_fade,2.5,1.3,24
1775170800.0,1775430000.0,1.373,long,USDJPY,session_range_fade,2.5,1.3,24
1775433600.0,1775440800.0,-1.2108,long,USDJPY,session_range_fade,2.5,1.3,24
1775444400.0,1775458800.0,-1.2221,long,USDJPY,session_range_fade,2.5,1.3,24
1775484000.0,1775523600.0,-1.1908,short,USDJPY,session_range_fade,2.5,1.3,24
1775538000.0,1775570400.0,-1.2838,short,USDJPY,session_range_fade,2.5,1.3,24
1775592000.0,1775599200.0,-1.1561,long,USDJPY,session_range_fade,2.5,1.3,24
1775822400.0,1776027600.0,2.2795,long,USDJPY,session_range_fade,2.5,1.3,24
1776078000.0,1776099600.0,2.2794,short,USDJPY,session_range_fade,2.5,1.3,24
1776214800.0,1776254400.0,-1.1978,short,USDJPY,session_range_fade,2.5,1.3,24
1776294000.0,1776308400.0,2.3027,short,USDJPY,session_range_fade,2.5,1.3,24
1776394800.0,1776427200.0,2.2801,short,USDJPY,session_range_fade,2.5,1.3,24
1776729600.0,1776758400.0,-1.1746,short,USDJPY,session_range_fade,2.5,1.3,24
1776772800.0,1776780000.0,-1.2323,short,USDJPY,session_range_fade,2.5,1.3,24
1776808800.0,1776895200.0,-0.3501,short,USDJPY,session_range_fade,2.5,1.3,24
1776956400.0,1777042800.0,-0.6804,long,USDJPY,session_range_fade,2.5,1.3,24
1777266000.0,1777273200.0,-1.2396,long,USDJPY,session_range_fade,2.5,1.3,24
1777276800.0,1777348800.0,-1.2139,long,USDJPY,session_range_fade,2.5,1.3,24
1777438800.0,1777453200.0,-1.3582,short,USDJPY,session_range_fade,2.5,1.3,24
1777935600.0,1777971600.0,-1.1277,short,USDJPY,session_range_fade,2.5,1.3,24
1778022000.0,1778040000.0,-1.2006,long,USDJPY,session_range_fade,2.5,1.3,24
1778133600.0,1778169600.0,-1.1591,short,USDJPY,session_range_fade,2.5,1.3,24
1778173200.0,1778184000.0,-1.1598,short,USDJPY,session_range_fade,2.5,1.3,24
1778270400.0,1778464800.0,2.3007,long,USDJPY,session_range_fade,2.5,1.3,24
1778522400.0,1778544000.0,-1.259,short,USDJPY,session_range_fade,2.5,1.3,24
1778648400.0,1778731200.0,-1.2972,long,USDJPY,session_range_fade,2.5,1.3,24
1778842800.0,1778871600.0,-1.2003,short,USDJPY,session_range_fade,2.5,1.3,24
1779130800.0,1779192000.0,-1.1847,long,USDJPY,session_range_fade,2.5,1.3,24
1779285600.0,1779289200.0,-1.2231,long,USDJPY,session_range_fade,2.5,1.3,24
1779382800.0,1779469200.0,1.2075,long,USDJPY,session_range_fade,2.5,1.3,24
1779692400.0,1779778800.0,1.2772,long,USDJPY,session_range_fade,2.5,1.3,24
1779832800.0,1779858000.0,-1.4438,short,USDJPY,session_range_fade,2.5,1.3,24
1779948000.0,1779958800.0,-1.4206,long,USDJPY,session_range_fade,2.5,1.3,24
1780084800.0,1780264800.0,-1.3409,short,USDJPY,session_range_fade,2.5,1.3,24
1780390800.0,1780416000.0,1.9617,long,USDJPY,session_range_fade,2.5,1.3,24
1780452000.0,1780470000.0,-1.4325,long,USDJPY,session_range_fade,2.5,1.3,24
1780599600.0,1780660800.0,-1.4055,short,USDJPY,session_range_fade,2.5,1.3,24
1780894800.0,1780905600.0,2.2142,short,USDJPY,session_range_fade,2.5,1.3,24
1781067600.0,1781154000.0,1.6377,long,USDJPY,session_range_fade,2.5,1.3,24
1781161200.0,1781197200.0,-1.5388,long,USDJPY,session_range_fade,2.5,1.3,24
1781535600.0,1781546400.0,-1.3513,short,USDJPY,session_range_fade,2.5,1.3,24
1781564400.0,1781600400.0,-1.38,short,USDJPY,session_range_fade,2.5,1.3,24
1781643600.0,1781683200.0,2.0961,short,USDJPY,session_range_fade,2.5,1.3,24
1781708400.0,1781722800.0,2.1795,long,USDJPY,session_range_fade,2.5,1.3,24
1781773200.0,1781776800.0,-1.2497,short,USDJPY,session_range_fade,2.5,1.3,24
1781888400.0,1782100800.0,2.23,long,USDJPY,session_range_fade,2.5,1.3,24
1782198000.0,1782201600.0,-1.2785,long,USDJPY,session_range_fade,2.5,1.3,24
1782208800.0,1782295200.0,1.415,long,USDJPY,session_range_fade,2.5,1.3,24
1782334800.0,1782367200.0,-1.3801,short,USDJPY,session_range_fade,2.5,1.3,24
1782381600.0,1782396000.0,2.1338,short,USDJPY,session_range_fade,2.5,1.3,24
1782453600.0,1782460800.0,-1.3395,long,USDJPY,session_range_fade,2.5,1.3,24
1782500400.0,1782723600.0,-1.3006,short,USDJPY,session_range_fade,2.5,1.3,24
1782763200.0,1782777600.0,-1.5148,short,USDJPY,session_range_fade,2.5,1.3,24
1782900000.0,1782910800.0,-1.272,long,USDJPY,session_range_fade,2.5,1.3,24
1782964800.0,1782968400.0,-1.367,long,USDJPY,session_range_fade,2.5,1.3,24
1721023200.0,1721059200.0,2.3769,short,USDJPY,session_range_fade,2.5,1.3,72
1721106000.0,1721192400.0,2.3698,short,USDJPY,session_range_fade,2.5,1.3,72
1721368800.0,1721372400.0,-1.1368,short,USDJPY,session_range_fade,2.5,1.3,72
1721595600.0,1721602800.0,-1.1633,long,USDJPY,session_range_fade,2.5,1.3,72
1721606400.0,1721624400.0,-1.167,long,USDJPY,session_range_fade,2.5,1.3,72
1721970000.0,1721977200.0,-1.087,short,USDJPY,session_range_fade,2.5,1.3,72
1721980800.0,1722002400.0,2.4197,short,USDJPY,session_range_fade,2.5,1.3,72
1722243600.0,1722319200.0,2.422,long,USDJPY,session_range_fade,2.5,1.3,72
1722949200.0,1722992400.0,-1.0318,short,USDJPY,session_range_fade,2.5,1.3,72
1723057200.0,1723071600.0,-1.0514,long,USDJPY,session_range_fade,2.5,1.3,72
1723111200.0,1723467600.0,2.4496,long,USDJPY,session_range_fade,2.5,1.3,72
1723521600.0,1723554000.0,2.3948,short,USDJPY,session_range_fade,2.5,1.3,72
1723690800.0,1723723200.0,-1.1288,short,USDJPY,session_range_fade,2.5,1.3,72
1724112000.0,1724119200.0,-1.1018,short,USDJPY,session_range_fade,2.5,1.3,72
1724216400.0,1724223600.0,-1.1007,short,USDJPY,session_range_fade,2.5,1.3,72
1724677200.0,1724720400.0,-1.0767,short,USDJPY,session_range_fade,2.5,1.3,72
1724724000.0,1724778000.0,2.4024,short,USDJPY,session_range_fade,2.5,1.3,72
1724810400.0,1724835600.0,-1.1212,long,USDJPY,session_range_fade,2.5,1.3,72
1724882400.0,1724932800.0,2.4023,long,USDJPY,session_range_fade,2.5,1.3,72
1724976000.0,1725019200.0,2.4001,long,USDJPY,session_range_fade,2.5,1.3,72
1725328800.0,1725339600.0,-1.1359,long,USDJPY,session_range_fade,2.5,1.3,72
1725591600.0,1725606000.0,2.405,short,USDJPY,session_range_fade,2.5,1.3,72
1725933600.0,1725976800.0,2.3924,short,USDJPY,session_range_fade,2.5,1.3,72
1726135200.0,1726178400.0,2.4062,short,USDJPY,session_range_fade,2.5,1.3,72
1726437600.0,1726470000.0,2.4136,short,USDJPY,session_range_fade,2.5,1.3,72
1726549200.0,1726574400.0,-1.1095,short,USDJPY,session_range_fade,2.5,1.3,72
1726578000.0,1726588800.0,-1.0836,short,USDJPY,session_range_fade,2.5,1.3,72
1726664400.0,1726682400.0,-1.091,long,USDJPY,session_range_fade,2.5,1.3,72
1727053200.0,1727089200.0,2.4275,short,USDJPY,session_range_fade,2.5,1.3,72
1727128800.0,1727161200.0,2.4162,long,USDJPY,session_range_fade,2.5,1.3,72
1727244000.0,1727251200.0,-1.1029,short,USDJPY,session_range_fade,2.5,1.3,72
1727308800.0,1727312400.0,-1.1265,short,USDJPY,session_range_fade,2.5,1.3,72
1727316000.0,1727334000.0,-1.1184,short,USDJPY,session_range_fade,2.5,1.3,72
1727337600.0,1727359200.0,-1.1045,short,USDJPY,session_range_fade,2.5,1.3,72
1727362800.0,1727413200.0,2.4276,long,USDJPY,session_range_fade,2.5,1.3,72
1727780400.0,1727838000.0,-1.0841,short,USDJPY,session_range_fade,2.5,1.3,72
1727841600.0,1727863200.0,2.4115,long,USDJPY,session_range_fade,2.5,1.3,72
1727956800.0,1728014400.0,-1.0801,long,USDJPY,session_range_fade,2.5,1.3,72
1728298800.0,1728306000.0,-1.0875,long,USDJPY,session_range_fade,2.5,1.3,72
1728313200.0,1728338400.0,-1.089,long,USDJPY,session_range_fade,2.5,1.3,72
1728352800.0,1728450000.0,2.4032,long,USDJPY,session_range_fade,2.5,1.3,72
1728457200.0,1728475200.0,-1.149,short,USDJPY,session_range_fade,2.5,1.3,72
1728525600.0,1728532800.0,-1.1626,short,USDJPY,session_range_fade,2.5,1.3,72
1728536400.0,1728543600.0,-1.1607,long,USDJPY,session_range_fade,2.5,1.3,72
1728615600.0,1728903600.0,2.397,long,USDJPY,session_range_fade,2.5,1.3,72
1728954000.0,1728972000.0,-1.1954,long,USDJPY,session_range_fade,2.5,1.3,72
1729072800.0,1729087200.0,-1.1292,short,USDJPY,session_range_fade,2.5,1.3,72
1729130400.0,1729144800.0,-1.1643,short,USDJPY,session_range_fade,2.5,1.3,72
1729148400.0,1729166400.0,-1.1892,short,USDJPY,session_range_fade,2.5,1.3,72
1729238400.0,1729245600.0,-1.1682,long,USDJPY,session_range_fade,2.5,1.3,72
1729576800.0,1729605600.0,-1.1499,short,USDJPY,session_range_fade,2.5,1.3,72
1729627200.0,1729645200.0,2.3577,long,USDJPY,session_range_fade,2.5,1.3,72
1729839600.0,1729872000.0,-1.1414,short,USDJPY,session_range_fade,2.5,1.3,72
1730156400.0,1730163600.0,-1.1376,long,USDJPY,session_range_fade,2.5,1.3,72
1730174400.0,1730199600.0,2.3431,long,USDJPY,session_range_fade,2.5,1.3,72
1730268000.0,1730275200.0,-1.153,long,USDJPY,session_range_fade,2.5,1.3,72
1730282400.0,1730354400.0,-1.1256,long,USDJPY,session_range_fade,2.5,1.3,72
1730757600.0,1730768400.0,-1.1225,short,USDJPY,session_range_fade,2.5,1.3,72
1730797200.0,1730826000.0,2.3241,short,USDJPY,session_range_fade,2.5,1.3,72
1730944800.0,1730952000.0,-1.1022,long,USDJPY,session_range_fade,2.5,1.3,72
1730955600.0,1730984400.0,-1.1031,long,USDJPY,session_range_fade,2.5,1.3,72
1731067200.0,1731290400.0,2.3992,long,USDJPY,session_range_fade,2.5,1.3,72
1731351600.0,1731376800.0,-1.1547,short,USDJPY,session_range_fade,2.5,1.3,72
1731391200.0,1731420000.0,2.3496,long,USDJPY,session_range_fade,2.5,1.3,72
1731596400.0,1731657600.0,-1.1106,long,USDJPY,session_range_fade,2.5,1.3,72
1732032000.0,1732064400.0,-1.0601,short,USDJPY,session_range_fade,2.5,1.3,72
1732114800.0,1732168800.0,2.3852,short,USDJPY,session_range_fade,2.5,1.3,72
1732287600.0,1732496400.0,2.4147,short,USDJPY,session_range_fade,2.5,1.3,72
1732590000.0,1732622400.0,-1.0894,long,USDJPY,session_range_fade,2.5,1.3,72
1732798800.0,1732838400.0,2.3781,short,USDJPY,session_range_fade,2.5,1.3,72
1732899600.0,1733155200.0,-1.0735,long,USDJPY,session_range_fade,2.5,1.3,72
1733378400.0,1733493600.0,-1.0916,long,USDJPY,session_range_fade,2.5,1.3,72
1733497200.0,1733749200.0,2.412,long,USDJPY,session_range_fade,2.5,1.3,72
1733806800.0,1733817600.0,2.3659,long,USDJPY,session_range_fade,2.5,1.3,72
1733875200.0,1733882400.0,-1.1485,long,USDJPY,session_range_fade,2.5,1.3,72
1734307200.0,1734350400.0,-1.1311,short,USDJPY,session_range_fade,2.5,1.3,72
1734372000.0,1734426000.0,-1.1353,long,USDJPY,session_range_fade,2.5,1.3,72
1734429600.0,1734444000.0,-1.1317,long,USDJPY,session_range_fade,2.5,1.3,72
1734512400.0,1734548400.0,2.3598,long,USDJPY,session_range_fade,2.5,1.3,72
1735005600.0,1735052400.0,-1.1944,short,USDJPY,session_range_fade,2.5,1.3,72
1735110000.0,1735218000.0,2.3274,long,USDJPY,session_range_fade,2.5,1.3,72
1735304400.0,1735311600.0,-1.1594,long,USDJPY,session_range_fade,2.5,1.3,72
1735318800.0,1735556400.0,-1.1495,long,USDJPY,session_range_fade,2.5,1.3,72
1735909200.0,1735923600.0,-1.1438,long,USDJPY,session_range_fade,2.5,1.3,72
1735927200.0,1736157600.0,2.3683,long,USDJPY,session_range_fade,2.5,1.3,72
1736161200.0,1736164800.0,-1.1301,long,USDJPY,session_range_fade,2.5,1.3,72
1736355600.0,1736380800.0,-1.1436,long,USDJPY,session_range_fade,2.5,1.3,72
1736384400.0,1736395200.0,-1.1483,long,USDJPY,session_range_fade,2.5,1.3,72
1736438400.0,1736496000.0,-1.1486,long,USDJPY,session_range_fade,2.5,1.3,72
1736794800.0,1736931600.0,2.4134,short,USDJPY,session_range_fade,2.5,1.3,72
1737090000.0,1737122400.0,-1.1152,short,USDJPY,session_range_fade,2.5,1.3,72
1737342000.0,1737381600.0,-1.1219,long,USDJPY,session_range_fade,2.5,1.3,72
1737511200.0,1737529200.0,-1.1188,short,USDJPY,session_range_fade,2.5,1.3,72
1737532800.0,1737547200.0,-1.1193,short,USDJPY,session_range_fade,2.5,1.3,72
1737550800.0,1737558000.0,-1.1113,short,USDJPY,session_range_fade,2.5,1.3,72
1737612000.0,1737637200.0,2.2957,short,USDJPY,session_range_fade,2.5,1.3,72
1737640800.0,1737648000.0,-1.1444,long,USDJPY,session_range_fade,2.5,1.3,72
1738076400.0,1738198800.0,2.4138,short,USDJPY,session_range_fade,2.5,1.3,72
1738216800.0,1738242000.0,-1.104,long,USDJPY,session_range_fade,2.5,1.3,72
1738281600.0,1738299600.0,-1.0876,short,USDJPY,session_range_fade,2.5,1.3,72
1738342800.0,1738346400.0,-1.1118,short,USDJPY,session_range_fade,2.5,1.3,72
1738350000.0,1738540800.0,-1.109,short,USDJPY,session_range_fade,2.5,1.3,72
1738821600.0,1738854000.0,2.3911,short,USDJPY,session_range_fade,2.5,1.3,72
1738908000.0,1738926000.0,-1.1103,short,USDJPY,session_range_fade,2.5,1.3,72
1738929600.0,1738933200.0,-1.1129,short,USDJPY,session_range_fade,2.5,1.3,72
1739210400.0,1739271600.0,-1.1205,short,USDJPY,session_range_fade,2.5,1.3,72
1739275200.0,1739314800.0,-1.1493,short,USDJPY,session_range_fade,2.5,1.3,72
1739422800.0,1739440800.0,-1.1158,long,USDJPY,session_range_fade,2.5,1.3,72
1739527200.0,1739538000.0,-1.1086,long,USDJPY,session_range_fade,2.5,1.3,72
1739808000.0,1739836800.0,-1.1598,short,USDJPY,session_range_fade,2.5,1.3,72
1739840400.0,1739847600.0,-1.2113,short,USDJPY,session_range_fade,2.5,1.3,72
1739862000.0,1739930400.0,-1.1548,short,USDJPY,session_range_fade,2.5,1.3,72
1739934000.0,1740009600.0,2.3659,short,USDJPY,session_range_fade,2.5,1.3,72
1740376800.0,1740398400.0,-1.1051,short,USDJPY,session_range_fade,2.5,1.3,72
1740412800.0,1740441600.0,-1.1051,short,USDJPY,session_range_fade,2.5,1.3,72
1740448800.0,1740495600.0,2.3904,short,USDJPY,session_range_fade,2.5,1.3,72
1740567600.0,1740646800.0,-1.1014,short,USDJPY,session_range_fade,2.5,1.3,72
1740697200.0,1740726000.0,-1.0873,short,USDJPY,session_range_fade,2.5,1.3,72
1740963600.0,1740992400.0,-1.0818,long,USDJPY,session_range_fade,2.5,1.3,72
1741176000.0,1741183200.0,2.4124,short,USDJPY,session_range_fade,2.5,1.3,72
1741240800.0,1741244400.0,-1.1101,long,USDJPY,session_range_fade,2.5,1.3,72
1741302000.0,1741356000.0,2.4236,short,USDJPY,session_range_fade,2.5,1.3,72
1741370400.0,1741762800.0,-1.0608,short,USDJPY,session_range_fade,2.5,1.3,72
1741780800.0,1741834800.0,2.4165,short,USDJPY,session_range_fade,2.5,1.3,72
1741856400.0,1741867200.0,-1.1243,long,USDJPY,session_range_fade,2.5,1.3,72
1741870800.0,1741878000.0,-1.1016,long,USDJPY,session_range_fade,2.5,1.3,72
1741881600.0,1741924800.0,2.4067,long,USDJPY,session_range_fade,2.5,1.3,72
1741964400.0,1742169600.0,-1.1029,short,USDJPY,session_range_fade,2.5,1.3,72
1742202000.0,1742212800.0,-1.1081,long,USDJPY,session_range_fade,2.5,1.3,72
1742220000.0,1742259600.0,2.4041,long,USDJPY,session_range_fade,2.5,1.3,72
1742310000.0,1742320800.0,-1.1232,long,USDJPY,session_range_fade,2.5,1.3,72
1742338800.0,1742367600.0,-1.1245,long,USDJPY,session_range_fade,2.5,1.3,72
1742508000.0,1742515200.0,-1.1321,short,USDJPY,session_range_fade,2.5,1.3,72
1742893200.0,1742896800.0,-1.1562,long,USDJPY,session_range_fade,2.5,1.3,72
1742947200.0,1743001200.0,2.3375,long,USDJPY,session_range_fade,2.5,1.3,72
1743037200.0,1743066000.0,2.383,long,USDJPY,session_range_fade,2.5,1.3,72
1743069600.0,1743120000.0,-1.1329,short,USDJPY,session_range_fade,2.5,1.3,72
1743138000.0,1743145200.0,-1.1608,long,USDJPY,session_range_fade,2.5,1.3,72
1743498000.0,1743552000.0,-1.1247,short,USDJPY,session_range_fade,2.5,1.3,72
1743577200.0,1743584400.0,-1.1565,long,USDJPY,session_range_fade,2.5,1.3,72
1743588000.0,1743595200.0,-1.155,long,USDJPY,session_range_fade,2.5,1.3,72
1743742800.0,1743753600.0,-1.0626,short,USDJPY,session_range_fade,2.5,1.3,72
1743757200.0,1743764400.0,2.4373,short,USDJPY,session_range_fade,2.5,1.3,72
1744092000.0,1744110000.0,-1.0752,long,USDJPY,session_range_fade,2.5,1.3,72
1744120800.0,1744124400.0,-1.0693,long,USDJPY,session_range_fade,2.5,1.3,72
1744380000.0,1744812000.0,1.0505,short,USDJPY,session_range_fade,2.5,1.3,72
1744851600.0,1745190000.0,2.4278,short,USDJPY,session_range_fade,2.5,1.3,72
1745276400.0,1745298000.0,2.4,short,USDJPY,session_range_fade,2.5,1.3,72
1745510400.0,1745550000.0,2.3942,long,USDJPY,session_range_fade,2.5,1.3,72
1745604000.0,1745845200.0,-1.0838,long,USDJPY,session_range_fade,2.5,1.3,72
1745899200.0,1745931600.0,-1.1184,long,USDJPY,session_range_fade,2.5,1.3,72
1745978400.0,1745996400.0,-1.112,short,USDJPY,session_range_fade,2.5,1.3,72
1746061200.0,1746068400.0,-1.1066,short,USDJPY,session_range_fade,2.5,1.3,72
1746162000.0,1746172800.0,-1.1021,long,USDJPY,session_range_fade,2.5,1.3,72
1746489600.0,1746514800.0,2.3882,short,USDJPY,session_range_fade,2.5,1.3,72
1746576000.0,1746604800.0,-1.0776,short,USDJPY,session_range_fade,2.5,1.3,72
1746622800.0,1746633600.0,-1.0971,short,USDJPY,session_range_fade,2.5,1.3,72
1746637200.0,1746640800.0,-1.1056,short,USDJPY,session_range_fade,2.5,1.3,72
1746655200.0,1746684000.0,-1.0957,short,USDJPY,session_range_fade,2.5,1.3,72
1746774000.0,1746799200.0,-1.1041,long,USDJPY,session_range_fade,2.5,1.3,72
1746820800.0,1746997200.0,2.385,long,USDJPY,session_range_fade,2.5,1.3,72
1747094400.0,1747162800.0,-1.0926,long,USDJPY,session_range_fade,2.5,1.3,72
1747386000.0,1747404000.0,-1.0992,short,USDJPY,session_range_fade,2.5,1.3,72
1747717200.0,1747792800.0,-1.0997,long,USDJPY,session_range_fade,2.5,1.3,72
1747965600.0,1747998000.0,2.3927,short,USDJPY,session_range_fade,2.5,1.3,72
1748242800.0,1748322000.0,-1.1077,short,USDJPY,session_range_fade,2.5,1.3,72
1748397600.0,1748437200.0,-1.1188,short,USDJPY,session_range_fade,2.5,1.3,72
1748588400.0,1748606400.0,-1.1143,long,USDJPY,session_range_fade,2.5,1.3,72
1748818800.0,1748847600.0,2.3995,short,USDJPY,session_range_fade,2.5,1.3,72
1748901600.0,1748912400.0,2.3625,long,USDJPY,session_range_fade,2.5,1.3,72
1748916000.0,1748952000.0,-1.1154,short,USDJPY,session_range_fade,2.5,1.3,72
1749038400.0,1749045600.0,-1.0785,long,USDJPY,session_range_fade,2.5,1.3,72
1749099600.0,1749124800.0,-1.1275,long,USDJPY,session_range_fade,2.5,1.3,72
1749438000.0,1749448800.0,-1.1282,long,USDJPY,session_range_fade,2.5,1.3,72
1749466800.0,1749520800.0,2.3804,long,USDJPY,session_range_fade,2.5,1.3,72
1749531600.0,1749621600.0,2.3738,long,USDJPY,session_range_fade,2.5,1.3,72
1749625200.0,1749643200.0,-1.1371,short,USDJPY,session_range_fade,2.5,1.3,72
1750096800.0,1750118400.0,-1.1058,short,USDJPY,session_range_fade,2.5,1.3,72
1750168800.0,1750327200.0,-1.0842,short,USDJPY,session_range_fade,2.5,1.3,72
1750374000.0,1750428000.0,2.3619,long,USDJPY,session_range_fade,2.5,1.3,72
1750820400.0,1750831200.0,-1.116,short,USDJPY,session_range_fade,2.5,1.3,72
1750874400.0,1750917600.0,2.3761,short,USDJPY,session_range_fade,2.5,1.3,72
1750996800.0,1751032800.0,-1.1122,short,USDJPY,session_range_fade,2.5,1.3,72
1751234400.0,1751328000.0,2.3896,short,USDJPY,session_range_fade,2.5,1.3,72
1751432400.0,1751439600.0,-1.1304,short,USDJPY,session_range_fade,2.5,1.3,72
1751648400.0,1751846400.0,-1.2204,long,USDJPY,session_range_fade,2.5,1.3,72
1751850000.0,1751860800.0,2.2954,long,USDJPY,session_range_fade,2.5,1.3,72
1752037200.0,1752044400.0,-1.1703,long,USDJPY,session_range_fade,2.5,1.3,72
1752174000.0,1752192000.0,-1.1311,short,USDJPY,session_range_fade,2.5,1.3,72
1752480000.0,1752580800.0,2.3872,long,USDJPY,session_range_fade,2.5,1.3,72
1752645600.0,1752674400.0,-1.1543,long,USDJPY,session_range_fade,2.5,1.3,72
1752807600.0,1753045200.0,2.3487,short,USDJPY,session_range_fade,2.5,1.3,72
1753153200.0,1753164000.0,-1.1514,short,USDJPY,session_range_fade,2.5,1.3,72
1753178400.0,1753185600.0,2.3539,short,USDJPY,session_range_fade,2.5,1.3,72
1753257600.0,1753401600.0,-1.0791,short,USDJPY,session_range_fade,2.5,1.3,72
1753660800.0,1753682400.0,2.3464,long,USDJPY,session_range_fade,2.5,1.3,72
1753743600.0,1753765200.0,-1.1629,long,USDJPY,session_range_fade,2.5,1.3,72
1753768800.0,1753833600.0,-1.1533,long,USDJPY,session_range_fade,2.5,1.3,72
1754017200.0,1754042400.0,-1.1466,long,USDJPY,session_range_fade,2.5,1.3,72
1754359200.0,1754380800.0,-1.1167,short,USDJPY,session_range_fade,2.5,1.3,72
1754431200.0,1754467200.0,-1.1483,short,USDJPY,session_range_fade,2.5,1.3,72
1754470800.0,1754485200.0,2.337,short,USDJPY,session_range_fade,2.5,1.3,72
1754488800.0,1754503200.0,-1.1348,long,USDJPY,session_range_fade,2.5,1.3,72
1754506800.0,1754546400.0,-1.121,long,USDJPY,session_range_fade,2.5,1.3,72
1754629200.0,1754643600.0,-1.1206,short,USDJPY,session_range_fade,2.5,1.3,72
1754863200.0,1754920800.0,-1.1552,short,USDJPY,session_range_fade,2.5,1.3,72
1755057600.0,1755068400.0,-1.1517,long,USDJPY,session_range_fade,2.5,1.3,72
1755504000.0,1755522000.0,2.3453,long,USDJPY,session_range_fade,2.5,1.3,72
1755568800.0,1755669600.0,2.3503,short,USDJPY,session_range_fade,2.5,1.3,72
1755766800.0,1755770400.0,-1.1794,short,USDJPY,session_range_fade,2.5,1.3,72
1755777600.0,1755784800.0,-1.1576,short,USDJPY,session_range_fade,2.5,1.3,72
1755842400.0,1755856800.0,-1.1789,short,USDJPY,session_range_fade,2.5,1.3,72
1755867600.0,1755871200.0,-1.1566,long,USDJPY,session_range_fade,2.5,1.3,72
1756126800.0,1756134000.0,-1.1578,short,USDJPY,session_range_fade,2.5,1.3,72
1756141200.0,1756144800.0,-1.1618,short,USDJPY,session_range_fade,2.5,1.3,72
1756245600.0,1756281600.0,2.3403,long,USDJPY,session_range_fade,2.5,1.3,72
1756364400.0,1756375200.0,-1.1482,long,USDJPY,session_range_fade,2.5,1.3,72
1756425600.0,1756468800.0,2.3421,long,USDJPY,session_range_fade,2.5,1.3,72
1756674000.0,1756684800.0,-1.1585,short,USDJPY,session_range_fade,2.5,1.3,72
1756688400.0,1756774800.0,-1.1593,short,USDJPY,session_range_fade,2.5,1.3,72
1756962000.0,1756994400.0,2.323,long,USDJPY,session_range_fade,2.5,1.3,72
1757368800.0,1757376000.0,-1.16,long,USDJPY,session_range_fade,2.5,1.3,72
1757469600.0,1757484000.0,-1.1602,short,USDJPY,session_range_fade,2.5,1.3,72
1757487600.0,1757570400.0,-1.1959,short,USDJPY,session_range_fade,2.5,1.3,72
1757592000.0,1757599200.0,-1.1609,long,USDJPY,session_range_fade,2.5,1.3,72
1757660400.0,1757664000.0,-1.1944,short,USDJPY,session_range_fade,2.5,1.3,72
1757901600.0,1757930400.0,-1.1636,long,USDJPY,session_range_fade,2.5,1.3,72
1757944800.0,1757952000.0,-1.2133,long,USDJPY,session_range_fade,2.5,1.3,72
1757955600.0,1757991600.0,-1.1918,long,USDJPY,session_range_fade,2.5,1.3,72
1758088800.0,1758092400.0,-1.1997,short,USDJPY,session_range_fade,2.5,1.3,72
1758096000.0,1758132000.0,-1.171,short,USDJPY,session_range_fade,2.5,1.3,72
1758488400.0,1758560400.0,-1.1741,long,USDJPY,session_range_fade,2.5,1.3,72
1758578400.0,1758618000.0,-1.2092,long,USDJPY,session_range_fade,2.5,1.3,72
1758621600.0,1758646800.0,-1.195,long,USDJPY,session_range_fade,2.5,1.3,72
1758672000.0,1758693600.0,-1.1725,short,USDJPY,session_range_fade,2.5,1.3,72
1758758400.0,1758762000.0,-1.2127,short,USDJPY,session_range_fade,2.5,1.3,72
1758765600.0,1758801600.0,-1.2108,short,USDJPY,session_range_fade,2.5,1.3,72
1758862800.0,1758891600.0,-1.1887,long,USDJPY,session_range_fade,2.5,1.3,72
1758895200.0,1759104000.0,-1.1696,long,USDJPY,session_range_fade,2.5,1.3,72
1759183200.0,1759190400.0,-1.2078,short,USDJPY,session_range_fade,2.5,1.3,72
1759194000.0,1759208400.0,2.3085,short,USDJPY,session_range_fade,2.5,1.3,72
1759269600.0,1759276800.0,-1.157,short,USDJPY,session_range_fade,2.5,1.3,72
1759280400.0,1759298400.0,2.356,short,USDJPY,session_range_fade,2.5,1.3,72
1759384800.0,1759395600.0,2.3369,short,USDJPY,session_range_fade,2.5,1.3,72
1759946400.0,1760014800.0,-1.1115,long,USDJPY,session_range_fade,2.5,1.3,72
1760068800.0,1760076000.0,-1.1464,long,USDJPY,session_range_fade,2.5,1.3,72
1760356800.0,1760400000.0,-1.1302,short,USDJPY,session_range_fade,2.5,1.3,72
1760410800.0,1760421600.0,2.3122,short,USDJPY,session_range_fade,2.5,1.3,72
1760475600.0,1760490000.0,-1.1381,long,USDJPY,session_range_fade,2.5,1.3,72
1760932800.0,1761008400.0,-1.1303,short,USDJPY,session_range_fade,2.5,1.3,72
1761012000.0,1761022800.0,-1.1428,short,USDJPY,session_range_fade,2.5,1.3,72
1761120000.0,1761177600.0,2.3289,long,USDJPY,session_range_fade,2.5,1.3,72
1761235200.0,1761282000.0,-1.1525,short,USDJPY,session_range_fade,2.5,1.3,72
1761289200.0,1761307200.0,-1.2042,long,USDJPY,session_range_fade,2.5,1.3,72
1761552000.0,1761609600.0,-1.1384,long,USDJPY,session_range_fade,2.5,1.3,72
1761688800.0,1761696000.0,2.346,short,USDJPY,session_range_fade,2.5,1.3,72
1761753600.0,1761760800.0,-1.1167,short,USDJPY,session_range_fade,2.5,1.3,72
1761868800.0,1762236000.0,-1.1496,long,USDJPY,session_range_fade,2.5,1.3,72
1762398000.0,1762441200.0,2.3138,short,USDJPY,session_range_fade,2.5,1.3,72
1762538400.0,1762542000.0,-1.1286,short,USDJPY,session_range_fade,2.5,1.3,72
1762545600.0,1762725600.0,-1.1221,short,USDJPY,session_range_fade,2.5,1.3,72
1762779600.0,1762819200.0,-1.1581,short,USDJPY,session_range_fade,2.5,1.3,72
1762837200.0,1762866000.0,-1.2013,long,USDJPY,session_range_fade,2.5,1.3,72
1762887600.0,1762920000.0,2.3324,long,USDJPY,session_range_fade,2.5,1.3,72
1762992000.0,1763024400.0,2.2919,short,USDJPY,session_range_fade,2.5,1.3,72
1763114400.0,1763121600.0,2.3391,short,USDJPY,session_range_fade,2.5,1.3,72
1763355600.0,1763377200.0,-1.2106,short,USDJPY,session_range_fade,2.5,1.3,72
1763380800.0,1763391600.0,-1.1904,short,USDJPY,session_range_fade,2.5,1.3,72
1763481600.0,1763546400.0,2.3756,long,USDJPY,session_range_fade,2.5,1.3,72
1763654400.0,1763704800.0,-1.1018,long,USDJPY,session_range_fade,2.5,1.3,72
1763967600.0,1763992800.0,-1.1674,short,USDJPY,session_range_fade,2.5,1.3,72
1764018000.0,1764061200.0,2.3415,short,USDJPY,session_range_fade,2.5,1.3,72
1764111600.0,1764118800.0,-1.1167,long,USDJPY,session_range_fade,2.5,1.3,72
1764126000.0,1764550800.0,-1.1033,long,USDJPY,session_range_fade,2.5,1.3,72
1764630000.0,1764655200.0,-1.1627,short,USDJPY,session_range_fade,2.5,1.3,72
1764691200.0,1764763200.0,2.3266,short,USDJPY,session_range_fade,2.5,1.3,72
1765162800.0,1765177200.0,-1.1817,short,USDJPY,session_range_fade,2.5,1.3,72
1765180800.0,1765195200.0,-1.1848,short,USDJPY,session_range_fade,2.5,1.3,72
1765335600.0,1765378800.0,-1.1944,long,USDJPY,session_range_fade,2.5,1.3,72
1765389600.0,1765393200.0,-1.2021,long,USDJPY,session_range_fade,2.5,1.3,72
1765540800.0,1765764000.0,2.3251,short,USDJPY,session_range_fade,2.5,1.3,72
1765936800.0,1765951200.0,-1.1152,short,USDJPY,session_range_fade,2.5,1.3,72
1766005200.0,1766034000.0,-1.1887,short,USDJPY,session_range_fade,2.5,1.3,72
1766106000.0,1766124000.0,2.3439,long,USDJPY,session_range_fade,2.5,1.3,72
1766379600.0,1766408400.0,-1.1588,long,USDJPY,session_range_fade,2.5,1.3,72
1766592000.0,1766646000.0,-1.1577,short,USDJPY,session_range_fade,2.5,1.3,72
1766700000.0,1766703600.0,-1.1947,short,USDJPY,session_range_fade,2.5,1.3,72
1766757600.0,1766768400.0,-1.1628,short,USDJPY,session_range_fade,2.5,1.3,72
1767016800.0,1767081600.0,-1.1582,long,USDJPY,session_range_fade,2.5,1.3,72
1767085200.0,1767106800.0,2.3204,long,USDJPY,session_range_fade,2.5,1.3,72
1767114000.0,1767153600.0,-1.1628,short,USDJPY,session_range_fade,2.5,1.3,72
1767204000.0,1767571200.0,-1.2317,short,USDJPY,session_range_fade,2.5,1.3,72
1767711600.0,1767834000.0,-1.1491,short,USDJPY,session_range_fade,2.5,1.3,72
1767848400.0,1767852000.0,-1.2439,long,USDJPY,session_range_fade,2.5,1.3,72
1767855600.0,1767877200.0,2.2698,long,USDJPY,session_range_fade,2.5,1.3,72
1767916800.0,1767924000.0,-1.2102,short,USDJPY,session_range_fade,2.5,1.3,72
1768323600.0,1768352400.0,-1.1438,short,USDJPY,session_range_fade,2.5,1.3,72
1768377600.0,1768381200.0,-1.1956,long,USDJPY,session_range_fade,2.5,1.3,72
1768442400.0,1768528800.0,-1.1327,long,USDJPY,session_range_fade,2.5,1.3,72
1768773600.0,1768777200.0,-1.1624,long,USDJPY,session_range_fade,2.5,1.3,72
1768820400.0,1768888800.0,-1.1176,short,USDJPY,session_range_fade,2.5,1.3,72
1768982400.0,1769022000.0,2.341,long,USDJPY,session_range_fade,2.5,1.3,72
1769094000.0,1769151600.0,-1.1644,long,USDJPY,session_range_fade,2.5,1.3,72
1769446800.0,1769486400.0,-1.0673,short,USDJPY,session_range_fade,2.5,1.3,72
1769605200.0,1769612400.0,-1.0969,short,USDJPY,session_range_fade,2.5,1.3,72
1769670000.0,1769734800.0,-1.0893,short,USDJPY,session_range_fade,2.5,1.3,72
1769738400.0,1769763600.0,-1.0917,short,USDJPY,session_range_fade,2.5,1.3,72
1770030000.0,1770109200.0,2.4119,long,USDJPY,session_range_fade,2.5,1.3,72
1770138000.0,1770174000.0,2.3443,long,USDJPY,session_range_fade,2.5,1.3,72
1770264000.0,1770296400.0,-1.1645,long,USDJPY,session_range_fade,2.5,1.3,72
1770346800.0,1770588000.0,2.3539,long,USDJPY,session_range_fade,2.5,1.3,72
1771214400.0,1771232400.0,-1.1343,short,USDJPY,session_range_fade,2.5,1.3,72
1771279200.0,1771282800.0,-1.2192,short,USDJPY,session_range_fade,2.5,1.3,72
1771286400.0,1771300800.0,-1.1948,long,USDJPY,session_range_fade,2.5,1.3,72
1771304400.0,1771315200.0,-1.1657,long,USDJPY,session_range_fade,2.5,1.3,72
1771322400.0,1771340400.0,2.3797,long,USDJPY,session_range_fade,2.5,1.3,72
1771513200.0,1771801200.0,-1.1061,long,USDJPY,session_range_fade,2.5,1.3,72
1771862400.0,1771894800.0,2.3716,long,USDJPY,session_range_fade,2.5,1.3,72
1771898400.0,1771905600.0,-1.134,short,USDJPY,session_range_fade,2.5,1.3,72
1771970400.0,1772006400.0,-1.1443,short,USDJPY,session_range_fade,2.5,1.3,72
1772056800.0,1772064000.0,-1.1547,long,USDJPY,session_range_fade,2.5,1.3,72
1772089200.0,1772150400.0,-1.1441,long,USDJPY,session_range_fade,2.5,1.3,72
1772208000.0,1772402400.0,-1.1383,short,USDJPY,session_range_fade,2.5,1.3,72
1772506800.0,1772618400.0,-1.1243,long,USDJPY,session_range_fade,2.5,1.3,72
1772661600.0,1772668800.0,-1.1263,long,USDJPY,session_range_fade,2.5,1.3,72
1772694000.0,1772715600.0,-1.133,short,USDJPY,session_range_fade,2.5,1.3,72
1772755200.0,1772773200.0,-1.1248,short,USDJPY,session_range_fade,2.5,1.3,72
1772776800.0,1772794800.0,-1.1548,short,USDJPY,session_range_fade,2.5,1.3,72
1772802000.0,1773007200.0,-1.1409,short,USDJPY,session_range_fade,2.5,1.3,72
1773061200.0,1773082800.0,-1.105,long,USDJPY,session_range_fade,2.5,1.3,72
1773147600.0,1773162000.0,-1.1146,long,USDJPY,session_range_fade,2.5,1.3,72
1773165600.0,1773241200.0,2.3888,long,USDJPY,session_range_fade,2.5,1.3,72
1773244800.0,1773270000.0,-1.1344,short,USDJPY,session_range_fade,2.5,1.3,72
1773298800.0,1773313200.0,-1.18,long,USDJPY,session_range_fade,2.5,1.3,72
1773316800.0,1773374400.0,2.3564,long,USDJPY,session_range_fade,2.5,1.3,72
1773388800.0,1773406800.0,-1.158,long,USDJPY,session_range_fade,2.5,1.3,72
1773432000.0,1773658800.0,2.3433,short,USDJPY,session_range_fade,2.5,1.3,72
1773723600.0,1773752400.0,2.3333,short,USDJPY,session_range_fade,2.5,1.3,72
1773792000.0,1773835200.0,-1.1683,short,USDJPY,session_range_fade,2.5,1.3,72
1773846000.0,1773856800.0,-1.1584,short,USDJPY,session_range_fade,2.5,1.3,72
1773889200.0,1773907200.0,2.3158,short,USDJPY,session_range_fade,2.5,1.3,72
1774249200.0,1774263600.0,2.3662,short,USDJPY,session_range_fade,2.5,1.3,72
1774342800.0,1774382400.0,-1.1672,long,USDJPY,session_range_fade,2.5,1.3,72
1774418400.0,1774454400.0,-1.1464,short,USDJPY,session_range_fade,2.5,1.3,72
1774458000.0,1774490400.0,-1.1456,short,USDJPY,session_range_fade,2.5,1.3,72
1774504800.0,1774544400.0,2.2522,long,USDJPY,session_range_fade,2.5,1.3,72
1774555200.0,1774623600.0,-1.1809,short,USDJPY,session_range_fade,2.5,1.3,72
1774900800.0,1774954800.0,-1.1653,long,USDJPY,session_range_fade,2.5,1.3,72
1775066400.0,1775091600.0,-1.101,short,USDJPY,session_range_fade,2.5,1.3,72
1775170800.0,1775462400.0,-1.2117,long,USDJPY,session_range_fade,2.5,1.3,72
1775484000.0,1775523600.0,-1.1908,short,USDJPY,session_range_fade,2.5,1.3,72
1775538000.0,1775570400.0,-1.2838,short,USDJPY,session_range_fade,2.5,1.3,72
1775592000.0,1775599200.0,-1.1561,long,USDJPY,session_range_fade,2.5,1.3,72
1775822400.0,1776027600.0,2.2795,long,USDJPY,session_range_fade,2.5,1.3,72
1776078000.0,1776099600.0,2.2794,short,USDJPY,session_range_fade,2.5,1.3,72
1776214800.0,1776254400.0,-1.1978,short,USDJPY,session_range_fade,2.5,1.3,72
1776294000.0,1776308400.0,2.3027,short,USDJPY,session_range_fade,2.5,1.3,72
1776394800.0,1776427200.0,2.2801,short,USDJPY,session_range_fade,2.5,1.3,72
1776729600.0,1776758400.0,-1.1746,short,USDJPY,session_range_fade,2.5,1.3,72
1776772800.0,1776780000.0,-1.2323,short,USDJPY,session_range_fade,2.5,1.3,72
1776808800.0,1776934800.0,-1.1356,short,USDJPY,session_range_fade,2.5,1.3,72
1776956400.0,1777251600.0,-1.2095,long,USDJPY,session_range_fade,2.5,1.3,72
1777266000.0,1777273200.0,-1.2396,long,USDJPY,session_range_fade,2.5,1.3,72
1777276800.0,1777348800.0,-1.2139,long,USDJPY,session_range_fade,2.5,1.3,72
1777438800.0,1777453200.0,-1.3582,short,USDJPY,session_range_fade,2.5,1.3,72
1777935600.0,1777971600.0,-1.1277,short,USDJPY,session_range_fade,2.5,1.3,72
1778022000.0,1778040000.0,-1.2006,long,USDJPY,session_range_fade,2.5,1.3,72
1778133600.0,1778169600.0,-1.1591,short,USDJPY,session_range_fade,2.5,1.3,72
1778173200.0,1778184000.0,-1.1598,short,USDJPY,session_range_fade,2.5,1.3,72
1778270400.0,1778464800.0,2.3007,long,USDJPY,session_range_fade,2.5,1.3,72
1778522400.0,1778544000.0,-1.259,short,USDJPY,session_range_fade,2.5,1.3,72
1778648400.0,1778731200.0,-1.2972,long,USDJPY,session_range_fade,2.5,1.3,72
1778842800.0,1778871600.0,-1.2003,short,USDJPY,session_range_fade,2.5,1.3,72
1779130800.0,1779192000.0,-1.1847,long,USDJPY,session_range_fade,2.5,1.3,72
1779285600.0,1779289200.0,-1.2231,long,USDJPY,session_range_fade,2.5,1.3,72
1779382800.0,1779804000.0,2.2763,long,USDJPY,session_range_fade,2.5,1.3,72
1779832800.0,1779858000.0,-1.4438,short,USDJPY,session_range_fade,2.5,1.3,72
1779948000.0,1779958800.0,-1.4206,long,USDJPY,session_range_fade,2.5,1.3,72
1780084800.0,1780264800.0,-1.3409,short,USDJPY,session_range_fade,2.5,1.3,72
1780390800.0,1780416000.0,1.9617,long,USDJPY,session_range_fade,2.5,1.3,72
1780452000.0,1780470000.0,-1.4325,long,USDJPY,session_range_fade,2.5,1.3,72
1780599600.0,1780660800.0,-1.4055,short,USDJPY,session_range_fade,2.5,1.3,72
1780894800.0,1780905600.0,2.2142,short,USDJPY,session_range_fade,2.5,1.3,72
1781067600.0,1781179200.0,2.1074,long,USDJPY,session_range_fade,2.5,1.3,72
1781182800.0,1781197200.0,-1.5377,long,USDJPY,session_range_fade,2.5,1.3,72
1781535600.0,1781546400.0,-1.3513,short,USDJPY,session_range_fade,2.5,1.3,72
1781564400.0,1781600400.0,-1.38,short,USDJPY,session_range_fade,2.5,1.3,72
1781643600.0,1781683200.0,2.0961,short,USDJPY,session_range_fade,2.5,1.3,72
1781708400.0,1781722800.0,2.1795,long,USDJPY,session_range_fade,2.5,1.3,72
1781773200.0,1781776800.0,-1.2497,short,USDJPY,session_range_fade,2.5,1.3,72
1781888400.0,1782100800.0,2.23,long,USDJPY,session_range_fade,2.5,1.3,72
1782198000.0,1782201600.0,-1.2785,long,USDJPY,session_range_fade,2.5,1.3,72
1782208800.0,1782309600.0,2.2248,long,USDJPY,session_range_fade,2.5,1.3,72
1782334800.0,1782367200.0,-1.3801,short,USDJPY,session_range_fade,2.5,1.3,72
1782381600.0,1782396000.0,2.1338,short,USDJPY,session_range_fade,2.5,1.3,72
1782453600.0,1782460800.0,-1.3395,long,USDJPY,session_range_fade,2.5,1.3,72
1782500400.0,1782723600.0,-1.3006,short,USDJPY,session_range_fade,2.5,1.3,72
1782763200.0,1782777600.0,-1.5148,short,USDJPY,session_range_fade,2.5,1.3,72
1782900000.0,1782910800.0,-1.272,long,USDJPY,session_range_fade,2.5,1.3,72
1782964800.0,1782968400.0,-1.367,long,USDJPY,session_range_fade,2.5,1.3,72
1722427200.0,1722474000.0,-1.0303,long,USDJPY,round_level_sweep,1.5,1.3,24
1726459200.0,1726466400.0,-1.1016,long,USDJPY,round_level_sweep,1.5,1.3,24
1728932400.0,1728954000.0,1.3121,short,USDJPY,round_level_sweep,1.5,1.3,24
1740034800.0,1740056400.0,-1.0929,long,USDJPY,round_level_sweep,1.5,1.3,24
1740664800.0,1740672000.0,-1.0945,short,USDJPY,round_level_sweep,1.5,1.3,24
1740992400.0,1740996000.0,1.3961,long,USDJPY,round_level_sweep,1.5,1.3,24
1742364000.0,1742367600.0,1.3783,short,USDJPY,round_level_sweep,1.5,1.3,24
1743573600.0,1743588000.0,1.3421,short,USDJPY,round_level_sweep,1.5,1.3,24
1743606000.0,1743624000.0,-1.1168,short,USDJPY,round_level_sweep,1.5,1.3,24
1753956000.0,1753966800.0,-1.0904,short,USDJPY,round_level_sweep,1.5,1.3,24
1758841200.0,1758895200.0,1.3559,short,USDJPY,round_level_sweep,1.5,1.3,24
1774918800.0,1774954800.0,1.3191,short,USDJPY,round_level_sweep,1.5,1.3,24
1775574000.0,1775588400.0,1.2955,short,USDJPY,round_level_sweep,1.5,1.3,24
1780423200.0,1780441200.0,-1.5121,short,USDJPY,round_level_sweep,1.5,1.3,24
1780502400.0,1780545600.0,1.2867,short,USDJPY,round_level_sweep,1.5,1.3,24
1780603200.0,1780657200.0,1.0698,short,USDJPY,round_level_sweep,1.5,1.3,24
1781200800.0,1781204400.0,-1.2722,long,USDJPY,round_level_sweep,1.5,1.3,24
1722427200.0,1722474000.0,-1.0303,long,USDJPY,round_level_sweep,1.5,1.3,72
1726459200.0,1726466400.0,-1.1016,long,USDJPY,round_level_sweep,1.5,1.3,72
1728932400.0,1728954000.0,1.3121,short,USDJPY,round_level_sweep,1.5,1.3,72
1740034800.0,1740056400.0,-1.0929,long,USDJPY,round_level_sweep,1.5,1.3,72
1740664800.0,1740672000.0,-1.0945,short,USDJPY,round_level_sweep,1.5,1.3,72
1740992400.0,1740996000.0,1.3961,long,USDJPY,round_level_sweep,1.5,1.3,72
1742364000.0,1742367600.0,1.3783,short,USDJPY,round_level_sweep,1.5,1.3,72
1743573600.0,1743588000.0,1.3421,short,USDJPY,round_level_sweep,1.5,1.3,72
1743606000.0,1743624000.0,-1.1168,short,USDJPY,round_level_sweep,1.5,1.3,72
1753956000.0,1753966800.0,-1.0904,short,USDJPY,round_level_sweep,1.5,1.3,72
1758841200.0,1758895200.0,1.3559,short,USDJPY,round_level_sweep,1.5,1.3,72
1774918800.0,1774954800.0,1.3191,short,USDJPY,round_level_sweep,1.5,1.3,72
1775574000.0,1775588400.0,1.2955,short,USDJPY,round_level_sweep,1.5,1.3,72
1780423200.0,1780441200.0,-1.5121,short,USDJPY,round_level_sweep,1.5,1.3,72
1780502400.0,1780545600.0,1.2867,short,USDJPY,round_level_sweep,1.5,1.3,72
1780603200.0,1780657200.0,1.0698,short,USDJPY,round_level_sweep,1.5,1.3,72
1781200800.0,1781204400.0,-1.2722,long,USDJPY,round_level_sweep,1.5,1.3,72
1722427200.0,1722474000.0,-1.0303,long,USDJPY,round_level_sweep,2.0,1.3,24
1726459200.0,1726466400.0,-1.1016,long,USDJPY,round_level_sweep,2.0,1.3,24
1728932400.0,1728972000.0,1.8121,short,USDJPY,round_level_sweep,2.0,1.3,24
1740034800.0,1740056400.0,-1.0929,long,USDJPY,round_level_sweep,2.0,1.3,24
1740664800.0,1740672000.0,-1.0945,short,USDJPY,round_level_sweep,2.0,1.3,24
1740992400.0,1740999600.0,1.8961,long,USDJPY,round_level_sweep,2.0,1.3,24
1742364000.0,1742389200.0,-1.1217,short,USDJPY,round_level_sweep,2.0,1.3,24
1743573600.0,1743591600.0,1.8421,short,USDJPY,round_level_sweep,2.0,1.3,24
1743606000.0,1743624000.0,-1.1168,short,USDJPY,round_level_sweep,2.0,1.3,24
1753956000.0,1753966800.0,-1.0904,short,USDJPY,round_level_sweep,2.0,1.3,24
1758841200.0,1759100400.0,1.8559,short,USDJPY,round_level_sweep,2.0,1.3,24
1774918800.0,1774962000.0,1.8191,short,USDJPY,round_level_sweep,2.0,1.3,24
1775574000.0,1775592000.0,1.7955,short,USDJPY,round_level_sweep,2.0,1.3,24
1780423200.0,1780441200.0,-1.5121,short,USDJPY,round_level_sweep,2.0,1.3,24
1780502400.0,1780545600.0,1.7867,short,USDJPY,round_level_sweep,2.0,1.3,24
1780603200.0,1780657200.0,1.5698,short,USDJPY,round_level_sweep,2.0,1.3,24
1781200800.0,1781204400.0,-1.2722,long,USDJPY,round_level_sweep,2.0,1.3,24
1722427200.0,1722474000.0,-1.0303,long,USDJPY,round_level_sweep,2.0,1.3,72
1726459200.0,1726466400.0,-1.1016,long,USDJPY,round_level_sweep,2.0,1.3,72
1728932400.0,1728972000.0,1.8121,short,USDJPY,round_level_sweep,2.0,1.3,72
1740034800.0,1740056400.0,-1.0929,long,USDJPY,round_level_sweep,2.0,1.3,72
1740664800.0,1740672000.0,-1.0945,short,USDJPY,round_level_sweep,2.0,1.3,72
1740992400.0,1740999600.0,1.8961,long,USDJPY,round_level_sweep,2.0,1.3,72
1742364000.0,1742389200.0,-1.1217,short,USDJPY,round_level_sweep,2.0,1.3,72
1743573600.0,1743591600.0,1.8421,short,USDJPY,round_level_sweep,2.0,1.3,72
1743606000.0,1743624000.0,-1.1168,short,USDJPY,round_level_sweep,2.0,1.3,72
1753956000.0,1753966800.0,-1.0904,short,USDJPY,round_level_sweep,2.0,1.3,72
1758841200.0,1759100400.0,1.8559,short,USDJPY,round_level_sweep,2.0,1.3,72
1774918800.0,1774962000.0,1.8191,short,USDJPY,round_level_sweep,2.0,1.3,72
1775574000.0,1775592000.0,1.7955,short,USDJPY,round_level_sweep,2.0,1.3,72
1780423200.0,1780441200.0,-1.5121,short,USDJPY,round_level_sweep,2.0,1.3,72
1780502400.0,1780545600.0,1.7867,short,USDJPY,round_level_sweep,2.0,1.3,72
1780603200.0,1780657200.0,1.5698,short,USDJPY,round_level_sweep,2.0,1.3,72
1781200800.0,1781204400.0,-1.2722,long,USDJPY,round_level_sweep,2.0,1.3,72
1722427200.0,1722474000.0,-1.0303,long,USDJPY,round_level_sweep,2.5,1.3,24
1726459200.0,1726466400.0,-1.1016,long,USDJPY,round_level_sweep,2.5,1.3,24
1728932400.0,1728975600.0,2.3121,short,USDJPY,round_level_sweep,2.5,1.3,24
1740034800.0,1740056400.0,-1.0929,long,USDJPY,round_level_sweep,2.5,1.3,24
1740664800.0,1740672000.0,-1.0945,short,USDJPY,round_level_sweep,2.5,1.3,24
1740992400.0,1740999600.0,2.3961,long,USDJPY,round_level_sweep,2.5,1.3,24
1742364000.0,1742389200.0,-1.1217,short,USDJPY,round_level_sweep,2.5,1.3,24
1743573600.0,1743595200.0,2.3421,short,USDJPY,round_level_sweep,2.5,1.3,24
1743606000.0,1743624000.0,-1.1168,short,USDJPY,round_level_sweep,2.5,1.3,24
1753956000.0,1753966800.0,-1.0904,short,USDJPY,round_level_sweep,2.5,1.3,24
1758841200.0,1759100400.0,1.7082,short,USDJPY,round_level_sweep,2.5,1.3,24
1774918800.0,1774962000.0,2.3191,short,USDJPY,round_level_sweep,2.5,1.3,24
1775574000.0,1775599200.0,2.2955,short,USDJPY,round_level_sweep,2.5,1.3,24
1780423200.0,1780441200.0,-1.5121,short,USDJPY,round_level_sweep,2.5,1.3,24
1780502400.0,1780588800.0,-0.1272,short,USDJPY,round_level_sweep,2.5,1.3,24
1780603200.0,1780660800.0,-1.4302,short,USDJPY,round_level_sweep,2.5,1.3,24
1781200800.0,1781204400.0,-1.2722,long,USDJPY,round_level_sweep,2.5,1.3,24
1722427200.0,1722474000.0,-1.0303,long,USDJPY,round_level_sweep,2.5,1.3,72
1726459200.0,1726466400.0,-1.1016,long,USDJPY,round_level_sweep,2.5,1.3,72
1728932400.0,1728975600.0,2.3121,short,USDJPY,round_level_sweep,2.5,1.3,72
1740034800.0,1740056400.0,-1.0929,long,USDJPY,round_level_sweep,2.5,1.3,72
1740664800.0,1740672000.0,-1.0945,short,USDJPY,round_level_sweep,2.5,1.3,72
1740992400.0,1740999600.0,2.3961,long,USDJPY,round_level_sweep,2.5,1.3,72
1742364000.0,1742389200.0,-1.1217,short,USDJPY,round_level_sweep,2.5,1.3,72
1743573600.0,1743595200.0,2.3421,short,USDJPY,round_level_sweep,2.5,1.3,72
1743606000.0,1743624000.0,-1.1168,short,USDJPY,round_level_sweep,2.5,1.3,72
1753956000.0,1753966800.0,-1.0904,short,USDJPY,round_level_sweep,2.5,1.3,72
1758841200.0,1759104000.0,2.3559,short,USDJPY,round_level_sweep,2.5,1.3,72
1774918800.0,1774962000.0,2.3191,short,USDJPY,round_level_sweep,2.5,1.3,72
1775574000.0,1775599200.0,2.2955,short,USDJPY,round_level_sweep,2.5,1.3,72
1780423200.0,1780441200.0,-1.5121,short,USDJPY,round_level_sweep,2.5,1.3,72
1780502400.0,1780660800.0,-1.2133,short,USDJPY,round_level_sweep,2.5,1.3,72
1781200800.0,1781204400.0,-1.2722,long,USDJPY,round_level_sweep,2.5,1.3,72
1724918400.0,1724932800.0,1.3912,long,USDJPY,session_breakout_retest,1.5,1.3,24
1726560000.0,1726574400.0,-1.1013,short,USDJPY,session_breakout_retest,1.5,1.3,24
1735887600.0,1735891200.0,-1.1749,short,USDJPY,session_breakout_retest,1.5,1.3,24
1735912800.0,1735916400.0,-1.1456,short,USDJPY,session_breakout_retest,1.5,1.3,24
1736175600.0,1736208000.0,-1.0848,short,USDJPY,session_breakout_retest,1.5,1.3,24
1740589200.0,1740643200.0,-1.0964,short,USDJPY,session_breakout_retest,1.5,1.3,24
1744815600.0,1744830000.0,1.4287,short,USDJPY,session_breakout_retest,1.5,1.3,24
1746169200.0,1746176400.0,1.4003,short,USDJPY,session_breakout_retest,1.5,1.3,24
1746619200.0,1746640800.0,-1.0955,long,USDJPY,session_breakout_retest,1.5,1.3,24
1747155600.0,1747184400.0,1.3931,short,USDJPY,session_breakout_retest,1.5,1.3,24
1749632400.0,1749643200.0,-1.1398,long,USDJPY,session_breakout_retest,1.5,1.3,24
1754481600.0,1754503200.0,1.3602,short,USDJPY,session_breakout_retest,1.5,1.3,24
1757919600.0,1757988000.0,1.3116,short,USDJPY,session_breakout_retest,1.5,1.3,24
1758542400.0,1758618000.0,1.3296,short,USDJPY,session_breakout_retest,1.5,1.3,24
1760029200.0,1760068800.0,-1.0902,long,USDJPY,session_breakout_retest,1.5,1.3,24
1761735600.0,1761742800.0,-1.1039,long,USDJPY,session_breakout_retest,1.5,1.3,24
1764057600.0,1764061200.0,1.3139,short,USDJPY,session_breakout_retest,1.5,1.3,24
1764075600.0,1764122400.0,1.358,short,USDJPY,session_breakout_retest,1.5,1.3,24
1764946800.0,1765155600.0,-1.1336,long,USDJPY,session_breakout_retest,1.5,1.3,24
1765180800.0,1765202400.0,1.3152,long,USDJPY,session_breakout_retest,1.5,1.3,24
1766772000.0,1766966400.0,-1.1623,long,USDJPY,session_breakout_retest,1.5,1.3,24
1769508000.0,1769518800.0,1.4209,short,USDJPY,session_breakout_retest,1.5,1.3,24
1770832800.0,1770854400.0,-1.0588,short,USDJPY,session_breakout_retest,1.5,1.3,24
1771419600.0,1771423200.0,1.3606,long,USDJPY,session_breakout_retest,1.5,1.3,24
1773907200.0,1773925200.0,1.3341,short,USDJPY,session_breakout_retest,1.5,1.3,24
1774270800.0,1774357200.0,-1.0843,short,USDJPY,session_breakout_retest,1.5,1.3,24
1774364400.0,1774382400.0,-1.157,long,USDJPY,session_breakout_retest,1.5,1.3,24
1774454400.0,1774522800.0,1.3508,long,USDJPY,session_breakout_retest,1.5,1.3,24
1778601600.0,1778688000.0,0.2416,long,USDJPY,session_breakout_retest,1.5,1.3,24
1779202800.0,1779206400.0,-1.1879,long,USDJPY,session_breakout_retest,1.5,1.3,24
1724918400.0,1724932800.0,1.3912,long,USDJPY,session_breakout_retest,1.5,1.3,72
1726560000.0,1726574400.0,-1.1013,short,USDJPY,session_breakout_retest,1.5,1.3,72
1735887600.0,1735891200.0,-1.1749,short,USDJPY,session_breakout_retest,1.5,1.3,72
1735912800.0,1735916400.0,-1.1456,short,USDJPY,session_breakout_retest,1.5,1.3,72
1736175600.0,1736208000.0,-1.0848,short,USDJPY,session_breakout_retest,1.5,1.3,72
1740589200.0,1740643200.0,-1.0964,short,USDJPY,session_breakout_retest,1.5,1.3,72
1744815600.0,1744830000.0,1.4287,short,USDJPY,session_breakout_retest,1.5,1.3,72
1746169200.0,1746176400.0,1.4003,short,USDJPY,session_breakout_retest,1.5,1.3,72
1746619200.0,1746640800.0,-1.0955,long,USDJPY,session_breakout_retest,1.5,1.3,72
1747155600.0,1747184400.0,1.3931,short,USDJPY,session_breakout_retest,1.5,1.3,72
1749632400.0,1749643200.0,-1.1398,long,USDJPY,session_breakout_retest,1.5,1.3,72
1754481600.0,1754503200.0,1.3602,short,USDJPY,session_breakout_retest,1.5,1.3,72
1757919600.0,1757988000.0,1.3116,short,USDJPY,session_breakout_retest,1.5,1.3,72
1758542400.0,1758618000.0,1.3296,short,USDJPY,session_breakout_retest,1.5,1.3,72
1760029200.0,1760068800.0,-1.0902,long,USDJPY,session_breakout_retest,1.5,1.3,72
1761735600.0,1761742800.0,-1.1039,long,USDJPY,session_breakout_retest,1.5,1.3,72
1764057600.0,1764061200.0,1.3139,short,USDJPY,session_breakout_retest,1.5,1.3,72
1764075600.0,1764122400.0,1.358,short,USDJPY,session_breakout_retest,1.5,1.3,72
1764946800.0,1765155600.0,-1.1336,long,USDJPY,session_breakout_retest,1.5,1.3,72
1765180800.0,1765202400.0,1.3152,long,USDJPY,session_breakout_retest,1.5,1.3,72
1766772000.0,1766966400.0,-1.1623,long,USDJPY,session_breakout_retest,1.5,1.3,72
1769508000.0,1769518800.0,1.4209,short,USDJPY,session_breakout_retest,1.5,1.3,72
1770832800.0,1770854400.0,-1.0588,short,USDJPY,session_breakout_retest,1.5,1.3,72
1771419600.0,1771423200.0,1.3606,long,USDJPY,session_breakout_retest,1.5,1.3,72
1773907200.0,1773925200.0,1.3341,short,USDJPY,session_breakout_retest,1.5,1.3,72
1774270800.0,1774357200.0,-1.0843,short,USDJPY,session_breakout_retest,1.5,1.3,72
1774364400.0,1774382400.0,-1.157,long,USDJPY,session_breakout_retest,1.5,1.3,72
1774454400.0,1774522800.0,1.3508,long,USDJPY,session_breakout_retest,1.5,1.3,72
1778601600.0,1778763600.0,-1.1352,long,USDJPY,session_breakout_retest,1.5,1.3,72
1779202800.0,1779206400.0,-1.1879,long,USDJPY,session_breakout_retest,1.5,1.3,72
1724918400.0,1724932800.0,1.8912,long,USDJPY,session_breakout_retest,2.0,1.3,24
1726560000.0,1726574400.0,-1.1013,short,USDJPY,session_breakout_retest,2.0,1.3,24
1735887600.0,1735891200.0,-1.1749,short,USDJPY,session_breakout_retest,2.0,1.3,24
1735912800.0,1735916400.0,-1.1456,short,USDJPY,session_breakout_retest,2.0,1.3,24
1736175600.0,1736208000.0,-1.0848,short,USDJPY,session_breakout_retest,2.0,1.3,24
1740589200.0,1740643200.0,-1.0964,short,USDJPY,session_breakout_retest,2.0,1.3,24
1744815600.0,1744844400.0,1.9287,short,USDJPY,session_breakout_retest,2.0,1.3,24
1746169200.0,1746183600.0,1.9003,short,USDJPY,session_breakout_retest,2.0,1.3,24
1746619200.0,1746640800.0,-1.0955,long,USDJPY,session_breakout_retest,2.0,1.3,24
1747155600.0,1747195200.0,1.8931,short,USDJPY,session_breakout_retest,2.0,1.3,24
1749632400.0,1749643200.0,-1.1398,long,USDJPY,session_breakout_retest,2.0,1.3,24
1754481600.0,1754535600.0,-1.1398,short,USDJPY,session_breakout_retest,2.0,1.3,24
1757919600.0,1757991600.0,1.8116,short,USDJPY,session_breakout_retest,2.0,1.3,24
1758542400.0,1758628800.0,0.1538,short,USDJPY,session_breakout_retest,2.0,1.3,24
1760029200.0,1760068800.0,-1.0902,long,USDJPY,session_breakout_retest,2.0,1.3,24
1761735600.0,1761742800.0,-1.1039,long,USDJPY,session_breakout_retest,2.0,1.3,24
1764057600.0,1764075600.0,1.8139,short,USDJPY,session_breakout_retest,2.0,1.3,24
1764946800.0,1765155600.0,-1.1336,long,USDJPY,session_breakout_retest,2.0,1.3,24
1765180800.0,1765202400.0,1.8152,long,USDJPY,session_breakout_retest,2.0,1.3,24
1766772000.0,1766966400.0,-1.1623,long,USDJPY,session_breakout_retest,2.0,1.3,24
1769508000.0,1769533200.0,1.9209,short,USDJPY,session_breakout_retest,2.0,1.3,24
1770832800.0,1770854400.0,-1.0588,short,USDJPY,session_breakout_retest,2.0,1.3,24
1771419600.0,1771430400.0,1.8606,long,USDJPY,session_breakout_retest,2.0,1.3,24
1773907200.0,1773925200.0,1.8341,short,USDJPY,session_breakout_retest,2.0,1.3,24
1774270800.0,1774357200.0,-1.0843,short,USDJPY,session_breakout_retest,2.0,1.3,24
1774364400.0,1774382400.0,-1.157,long,USDJPY,session_breakout_retest,2.0,1.3,24
1774454400.0,1774540800.0,1.4687,long,USDJPY,session_breakout_retest,2.0,1.3,24
1778601600.0,1778688000.0,0.2416,long,USDJPY,session_breakout_retest,2.0,1.3,24
1779202800.0,1779206400.0,-1.1879,long,USDJPY,session_breakout_retest,2.0,1.3,24
1724918400.0,1724932800.0,1.8912,long,USDJPY,session_breakout_retest,2.0,1.3,72
1726560000.0,1726574400.0,-1.1013,short,USDJPY,session_breakout_retest,2.0,1.3,72
1735887600.0,1735891200.0,-1.1749,short,USDJPY,session_breakout_retest,2.0,1.3,72
1735912800.0,1735916400.0,-1.1456,short,USDJPY,session_breakout_retest,2.0,1.3,72
1736175600.0,1736208000.0,-1.0848,short,USDJPY,session_breakout_retest,2.0,1.3,72
1740589200.0,1740643200.0,-1.0964,short,USDJPY,session_breakout_retest,2.0,1.3,72
1744815600.0,1744844400.0,1.9287,short,USDJPY,session_breakout_retest,2.0,1.3,72
1746169200.0,1746183600.0,1.9003,short,USDJPY,session_breakout_retest,2.0,1.3,72
1746619200.0,1746640800.0,-1.0955,long,USDJPY,session_breakout_retest,2.0,1.3,72
1747155600.0,1747195200.0,1.8931,short,USDJPY,session_breakout_retest,2.0,1.3,72
1749632400.0,1749643200.0,-1.1398,long,USDJPY,session_breakout_retest,2.0,1.3,72
1754481600.0,1754535600.0,-1.1398,short,USDJPY,session_breakout_retest,2.0,1.3,72
1757919600.0,1757991600.0,1.8116,short,USDJPY,session_breakout_retest,2.0,1.3,72
1758542400.0,1758693600.0,-1.1704,short,USDJPY,session_breakout_retest,2.0,1.3,72
1760029200.0,1760068800.0,-1.0902,long,USDJPY,session_breakout_retest,2.0,1.3,72
1761735600.0,1761742800.0,-1.1039,long,USDJPY,session_breakout_retest,2.0,1.3,72
1764057600.0,1764075600.0,1.8139,short,USDJPY,session_breakout_retest,2.0,1.3,72
1764946800.0,1765155600.0,-1.1336,long,USDJPY,session_breakout_retest,2.0,1.3,72
1765180800.0,1765202400.0,1.8152,long,USDJPY,session_breakout_retest,2.0,1.3,72
1766772000.0,1766966400.0,-1.1623,long,USDJPY,session_breakout_retest,2.0,1.3,72
1769508000.0,1769533200.0,1.9209,short,USDJPY,session_breakout_retest,2.0,1.3,72
1770832800.0,1770854400.0,-1.0588,short,USDJPY,session_breakout_retest,2.0,1.3,72
1771419600.0,1771430400.0,1.8606,long,USDJPY,session_breakout_retest,2.0,1.3,72
1773907200.0,1773925200.0,1.8341,short,USDJPY,session_breakout_retest,2.0,1.3,72
1774270800.0,1774357200.0,-1.0843,short,USDJPY,session_breakout_retest,2.0,1.3,72
1774364400.0,1774382400.0,-1.157,long,USDJPY,session_breakout_retest,2.0,1.3,72
1774454400.0,1774544400.0,1.8508,long,USDJPY,session_breakout_retest,2.0,1.3,72
1778601600.0,1778763600.0,-1.1352,long,USDJPY,session_breakout_retest,2.0,1.3,72
1779202800.0,1779206400.0,-1.1879,long,USDJPY,session_breakout_retest,2.0,1.3,72
1724918400.0,1724936400.0,2.3912,long,USDJPY,session_breakout_retest,2.5,1.3,24
1726560000.0,1726574400.0,-1.1013,short,USDJPY,session_breakout_retest,2.5,1.3,24
1735887600.0,1735891200.0,-1.1749,short,USDJPY,session_breakout_retest,2.5,1.3,24
1735912800.0,1735916400.0,-1.1456,short,USDJPY,session_breakout_retest,2.5,1.3,24
1736175600.0,1736208000.0,-1.0848,short,USDJPY,session_breakout_retest,2.5,1.3,24
1740589200.0,1740643200.0,-1.0964,short,USDJPY,session_breakout_retest,2.5,1.3,24
1744815600.0,1744876800.0,-1.0713,short,USDJPY,session_breakout_retest,2.5,1.3,24
1746169200.0,1746190800.0,2.4003,short,USDJPY,session_breakout_retest,2.5,1.3,24
1746619200.0,1746640800.0,-1.0955,long,USDJPY,session_breakout_retest,2.5,1.3,24
1747155600.0,1747209600.0,2.3931,short,USDJPY,session_breakout_retest,2.5,1.3,24
1749632400.0,1749643200.0,-1.1398,long,USDJPY,session_breakout_retest,2.5,1.3,24
1754481600.0,1754535600.0,-1.1398,short,USDJPY,session_breakout_retest,2.5,1.3,24
1757919600.0,1757995200.0,2.3116,short,USDJPY,session_breakout_retest,2.5,1.3,24
1758542400.0,1758628800.0,0.1538,short,USDJPY,session_breakout_retest,2.5,1.3,24
1760029200.0,1760068800.0,-1.0902,long,USDJPY,session_breakout_retest,2.5,1.3,24
1761735600.0,1761742800.0,-1.1039,long,USDJPY,session_breakout_retest,2.5,1.3,24
1764057600.0,1764079200.0,2.3139,short,USDJPY,session_breakout_retest,2.5,1.3,24
1764946800.0,1765155600.0,-1.1336,long,USDJPY,session_breakout_retest,2.5,1.3,24
1765180800.0,1765206000.0,2.3152,long,USDJPY,session_breakout_retest,2.5,1.3,24
1766772000.0,1766966400.0,-1.1623,long,USDJPY,session_breakout_retest,2.5,1.3,24
1769508000.0,1769536800.0,2.4209,short,USDJPY,session_breakout_retest,2.5,1.3,24
1770832800.0,1770854400.0,-1.0588,short,USDJPY,session_breakout_retest,2.5,1.3,24
1771419600.0,1771437600.0,2.3606,long,USDJPY,session_breakout_retest,2.5,1.3,24
1773907200.0,1773925200.0,2.3341,short,USDJPY,session_breakout_retest,2.5,1.3,24
1774270800.0,1774357200.0,-1.0843,short,USDJPY,session_breakout_retest,2.5,1.3,24
1774364400.0,1774382400.0,-1.157,long,USDJPY,session_breakout_retest,2.5,1.3,24
1774454400.0,1774540800.0,1.4687,long,USDJPY,session_breakout_retest,2.5,1.3,24
1778601600.0,1778688000.0,0.2416,long,USDJPY,session_breakout_retest,2.5,1.3,24
1779202800.0,1779206400.0,-1.1879,long,USDJPY,session_breakout_retest,2.5,1.3,24
1724918400.0,1724936400.0,2.3912,long,USDJPY,session_breakout_retest,2.5,1.3,72
1726560000.0,1726574400.0,-1.1013,short,USDJPY,session_breakout_retest,2.5,1.3,72
1735887600.0,1735891200.0,-1.1749,short,USDJPY,session_breakout_retest,2.5,1.3,72
1735912800.0,1735916400.0,-1.1456,short,USDJPY,session_breakout_retest,2.5,1.3,72
1736175600.0,1736208000.0,-1.0848,short,USDJPY,session_breakout_retest,2.5,1.3,72
1740589200.0,1740643200.0,-1.0964,short,USDJPY,session_breakout_retest,2.5,1.3,72
1744815600.0,1744876800.0,-1.0713,short,USDJPY,session_breakout_retest,2.5,1.3,72
1746169200.0,1746190800.0,2.4003,short,USDJPY,session_breakout_retest,2.5,1.3,72
1746619200.0,1746640800.0,-1.0955,long,USDJPY,session_breakout_retest,2.5,1.3,72
1747155600.0,1747209600.0,2.3931,short,USDJPY,session_breakout_retest,2.5,1.3,72
1749632400.0,1749643200.0,-1.1398,long,USDJPY,session_breakout_retest,2.5,1.3,72
1754481600.0,1754535600.0,-1.1398,short,USDJPY,session_breakout_retest,2.5,1.3,72
1757919600.0,1757995200.0,2.3116,short,USDJPY,session_breakout_retest,2.5,1.3,72
1758542400.0,1758693600.0,-1.1704,short,USDJPY,session_breakout_retest,2.5,1.3,72
1760029200.0,1760068800.0,-1.0902,long,USDJPY,session_breakout_retest,2.5,1.3,72
1761735600.0,1761742800.0,-1.1039,long,USDJPY,session_breakout_retest,2.5,1.3,72
1764057600.0,1764079200.0,2.3139,short,USDJPY,session_breakout_retest,2.5,1.3,72
1764946800.0,1765155600.0,-1.1336,long,USDJPY,session_breakout_retest,2.5,1.3,72
1765180800.0,1765206000.0,2.3152,long,USDJPY,session_breakout_retest,2.5,1.3,72
1766772000.0,1766966400.0,-1.1623,long,USDJPY,session_breakout_retest,2.5,1.3,72
1769508000.0,1769536800.0,2.4209,short,USDJPY,session_breakout_retest,2.5,1.3,72
1770832800.0,1770854400.0,-1.0588,short,USDJPY,session_breakout_retest,2.5,1.3,72
1771419600.0,1771437600.0,2.3606,long,USDJPY,session_breakout_retest,2.5,1.3,72
1773907200.0,1773925200.0,2.3341,short,USDJPY,session_breakout_retest,2.5,1.3,72
1774270800.0,1774357200.0,-1.0843,short,USDJPY,session_breakout_retest,2.5,1.3,72
1774364400.0,1774382400.0,-1.157,long,USDJPY,session_breakout_retest,2.5,1.3,72
1774454400.0,1774594800.0,2.3508,long,USDJPY,session_breakout_retest,2.5,1.3,72
1778601600.0,1778763600.0,-1.1352,long,USDJPY,session_breakout_retest,2.5,1.3,72
1779202800.0,1779206400.0,-1.1879,long,USDJPY,session_breakout_retest,2.5,1.3,72
1723410000.0,1723417200.0,-1.105,short,USDJPY,trend_pullback,1.5,1.3,24
1724378400.0,1724400000.0,-1.086,short,USDJPY,trend_pullback,1.5,1.3,24
1728424800.0,1728450000.0,1.3559,long,USDJPY,trend_pullback,1.5,1.3,24
1730311200.0,1730347200.0,-1.0948,long,USDJPY,trend_pullback,1.5,1.3,24
1736193600.0,1736211600.0,1.4181,long,USDJPY,trend_pullback,1.5,1.3,24
1737648000.0,1737680400.0,-1.1253,short,USDJPY,trend_pullback,1.5,1.3,24
1737946800.0,1737957600.0,-1.0967,short,USDJPY,trend_pullback,1.5,1.3,24
1738144800.0,1738162800.0,1.3631,short,USDJPY,trend_pullback,1.5,1.3,24
1738576800.0,1738594800.0,1.4148,short,USDJPY,trend_pullback,1.5,1.3,24
1739962800.0,1739973600.0,1.3738,short,USDJPY,trend_pullback,1.5,1.3,24
1740704400.0,1740718800.0,-1.0756,short,USDJPY,trend_pullback,1.5,1.3,24
1742536800.0,1742540400.0,-1.1441,long,USDJPY,trend_pullback,1.5,1.3,24
1742551200.0,1742554800.0,-1.1171,long,USDJPY,trend_pullback,1.5,1.3,24
1748498400.0,1748505600.0,-1.0815,long,USDJPY,trend_pullback,1.5,1.3,24
1749416400.0,1749430800.0,-1.119,long,USDJPY,trend_pullback,1.5,1.3,24
1750129200.0,1750168800.0,1.3928,long,USDJPY,trend_pullback,1.5,1.3,24
1751234400.0,1751256000.0,1.3896,short,USDJPY,trend_pullback,1.5,1.3,24
1751472000.0,1751544000.0,-1.0915,short,USDJPY,trend_pullback,1.5,1.3,24
1752130800.0,1752195600.0,1.3691,long,USDJPY,trend_pullback,1.5,1.3,24
1752750000.0,1752757200.0,-1.1175,long,USDJPY,trend_pullback,1.5,1.3,24
1752768000.0,1752789600.0,-1.1128,long,USDJPY,trend_pullback,1.5,1.3,24
1752825600.0,1752840000.0,-1.1505,long,USDJPY,trend_pullback,1.5,1.3,24
1756173600.0,1756184400.0,-1.1115,short,USDJPY,trend_pullback,1.5,1.3,24
1757296800.0,1757314800.0,-1.0906,long,USDJPY,trend_pullback,1.5,1.3,24
1757512800.0,1757570400.0,-1.1368,short,USDJPY,trend_pullback,1.5,1.3,24
1757635200.0,1757649600.0,-1.1221,short,USDJPY,trend_pullback,1.5,1.3,24
1758600000.0,1758607200.0,-1.2494,long,USDJPY,trend_pullback,1.5,1.3,24
1758672000.0,1758693600.0,1.3275,long,USDJPY,trend_pullback,1.5,1.3,24
1759489200.0,1759514400.0,-1.1369,short,USDJPY,trend_pullback,1.5,1.3,24
1760947200.0,1761008400.0,-1.125,short,USDJPY,trend_pullback,1.5,1.3,24
1762351200.0,1762416000.0,-1.1272,long,USDJPY,trend_pullback,1.5,1.3,24
1763103600.0,1763107200.0,-1.1706,long,USDJPY,trend_pullback,1.5,1.3,24
1763330400.0,1763388000.0,1.3756,long,USDJPY,trend_pullback,1.5,1.3,24
1764320400.0,1764331200.0,-1.2001,long,USDJPY,trend_pullback,1.5,1.3,24
1771844400.0,1771851600.0,-1.1144,long,USDJPY,trend_pullback,1.5,1.3,24
1773208800.0,1773216000.0,1.3498,long,USDJPY,trend_pullback,1.5,1.3,24
1775754000.0,1775761200.0,-1.1439,short,USDJPY,trend_pullback,1.5,1.3,24
1777244400.0,1777251600.0,-1.1832,long,USDJPY,trend_pullback,1.5,1.3,24
1779332400.0,1779368400.0,1.2886,long,USDJPY,trend_pullback,1.5,1.3,24
1723410000.0,1723417200.0,-1.105,short,USDJPY,trend_pullback,1.5,1.3,72
1724378400.0,1724400000.0,-1.086,short,USDJPY,trend_pullback,1.5,1.3,72
1728424800.0,1728450000.0,1.3559,long,USDJPY,trend_pullback,1.5,1.3,72
1730311200.0,1730347200.0,-1.0948,long,USDJPY,trend_pullback,1.5,1.3,72
1736193600.0,1736211600.0,1.4181,long,USDJPY,trend_pullback,1.5,1.3,72
1737648000.0,1737680400.0,-1.1253,short,USDJPY,trend_pullback,1.5,1.3,72
1737946800.0,1737957600.0,-1.0967,short,USDJPY,trend_pullback,1.5,1.3,72
1738144800.0,1738162800.0,1.3631,short,USDJPY,trend_pullback,1.5,1.3,72
1738576800.0,1738594800.0,1.4148,short,USDJPY,trend_pullback,1.5,1.3,72
1739962800.0,1739973600.0,1.3738,short,USDJPY,trend_pullback,1.5,1.3,72
1740704400.0,1740718800.0,-1.0756,short,USDJPY,trend_pullback,1.5,1.3,72
1742536800.0,1742540400.0,-1.1441,long,USDJPY,trend_pullback,1.5,1.3,72
1742551200.0,1742554800.0,-1.1171,long,USDJPY,trend_pullback,1.5,1.3,72
1748498400.0,1748505600.0,-1.0815,long,USDJPY,trend_pullback,1.5,1.3,72
1749416400.0,1749430800.0,-1.119,long,USDJPY,trend_pullback,1.5,1.3,72
1750129200.0,1750168800.0,1.3928,long,USDJPY,trend_pullback,1.5,1.3,72
1751234400.0,1751256000.0,1.3896,short,USDJPY,trend_pullback,1.5,1.3,72
1751472000.0,1751544000.0,-1.0915,short,USDJPY,trend_pullback,1.5,1.3,72
1752130800.0,1752195600.0,1.3691,long,USDJPY,trend_pullback,1.5,1.3,72
1752750000.0,1752757200.0,-1.1175,long,USDJPY,trend_pullback,1.5,1.3,72
1752768000.0,1752789600.0,-1.1128,long,USDJPY,trend_pullback,1.5,1.3,72
1752825600.0,1752840000.0,-1.1505,long,USDJPY,trend_pullback,1.5,1.3,72
1756173600.0,1756184400.0,-1.1115,short,USDJPY,trend_pullback,1.5,1.3,72
1757296800.0,1757314800.0,-1.0906,long,USDJPY,trend_pullback,1.5,1.3,72
1757512800.0,1757570400.0,-1.1368,short,USDJPY,trend_pullback,1.5,1.3,72
1757635200.0,1757649600.0,-1.1221,short,USDJPY,trend_pullback,1.5,1.3,72
1758600000.0,1758607200.0,-1.2494,long,USDJPY,trend_pullback,1.5,1.3,72
1758672000.0,1758693600.0,1.3275,long,USDJPY,trend_pullback,1.5,1.3,72
1759489200.0,1759514400.0,-1.1369,short,USDJPY,trend_pullback,1.5,1.3,72
1760947200.0,1761008400.0,-1.125,short,USDJPY,trend_pullback,1.5,1.3,72
1762351200.0,1762416000.0,-1.1272,long,USDJPY,trend_pullback,1.5,1.3,72
1763103600.0,1763107200.0,-1.1706,long,USDJPY,trend_pullback,1.5,1.3,72
1763330400.0,1763388000.0,1.3756,long,USDJPY,trend_pullback,1.5,1.3,72
1764320400.0,1764331200.0,-1.2001,long,USDJPY,trend_pullback,1.5,1.3,72
1771844400.0,1771851600.0,-1.1144,long,USDJPY,trend_pullback,1.5,1.3,72
1773208800.0,1773216000.0,1.3498,long,USDJPY,trend_pullback,1.5,1.3,72
1775754000.0,1775761200.0,-1.1439,short,USDJPY,trend_pullback,1.5,1.3,72
1777244400.0,1777251600.0,-1.1832,long,USDJPY,trend_pullback,1.5,1.3,72
1779332400.0,1779368400.0,1.2886,long,USDJPY,trend_pullback,1.5,1.3,72
1723410000.0,1723417200.0,-1.105,short,USDJPY,trend_pullback,2.0,1.3,24
1724378400.0,1724400000.0,-1.086,short,USDJPY,trend_pullback,2.0,1.3,24
1728424800.0,1728460800.0,1.8559,long,USDJPY,trend_pullback,2.0,1.3,24
1730311200.0,1730347200.0,-1.0948,long,USDJPY,trend_pullback,2.0,1.3,24
1736193600.0,1736280000.0,0.4548,long,USDJPY,trend_pullback,2.0,1.3,24
1737648000.0,1737680400.0,-1.1253,short,USDJPY,trend_pullback,2.0,1.3,24
1737946800.0,1737957600.0,-1.0967,short,USDJPY,trend_pullback,2.0,1.3,24
1738144800.0,1738195200.0,1.8631,short,USDJPY,trend_pullback,2.0,1.3,24
1738576800.0,1738594800.0,1.9148,short,USDJPY,trend_pullback,2.0,1.3,24
1739962800.0,1739977200.0,1.8738,short,USDJPY,trend_pullback,2.0,1.3,24
1740704400.0,1740718800.0,-1.0756,short,USDJPY,trend_pullback,2.0,1.3,24
1742536800.0,1742540400.0,-1.1441,long,USDJPY,trend_pullback,2.0,1.3,24
1742551200.0,1742554800.0,-1.1171,long,USDJPY,trend_pullback,2.0,1.3,24
1748498400.0,1748505600.0,-1.0815,long,USDJPY,trend_pullback,2.0,1.3,24
1749416400.0,1749430800.0,-1.119,long,USDJPY,trend_pullback,2.0,1.3,24
1750129200.0,1750183200.0,1.8928,long,USDJPY,trend_pullback,2.0,1.3,24
1751234400.0,1751259600.0,1.8896,short,USDJPY,trend_pullback,2.0,1.3,24
1751472000.0,1751544000.0,-1.0915,short,USDJPY,trend_pullback,2.0,1.3,24
1752130800.0,1752195600.0,1.8691,long,USDJPY,trend_pullback,2.0,1.3,24
1752750000.0,1752757200.0,-1.1175,long,USDJPY,trend_pullback,2.0,1.3,24
1752768000.0,1752789600.0,-1.1128,long,USDJPY,trend_pullback,2.0,1.3,24
1752825600.0,1752840000.0,-1.1505,long,USDJPY,trend_pullback,2.0,1.3,24
1756173600.0,1756184400.0,-1.1115,short,USDJPY,trend_pullback,2.0,1.3,24
1757296800.0,1757314800.0,-1.0906,long,USDJPY,trend_pullback,2.0,1.3,24
1757512800.0,1757570400.0,-1.1368,short,USDJPY,trend_pullback,2.0,1.3,24
1757635200.0,1757649600.0,-1.1221,short,USDJPY,trend_pullback,2.0,1.3,24
1758600000.0,1758607200.0,-1.2494,long,USDJPY,trend_pullback,2.0,1.3,24
1758672000.0,1758700800.0,1.8275,long,USDJPY,trend_pullback,2.0,1.3,24
1759489200.0,1759514400.0,-1.1369,short,USDJPY,trend_pullback,2.0,1.3,24
1760947200.0,1761008400.0,-1.125,short,USDJPY,trend_pullback,2.0,1.3,24
1762351200.0,1762416000.0,-1.1272,long,USDJPY,trend_pullback,2.0,1.3,24
1763103600.0,1763107200.0,-1.1706,long,USDJPY,trend_pullback,2.0,1.3,24
1763330400.0,1763391600.0,1.8756,long,USDJPY,trend_pullback,2.0,1.3,24
1764320400.0,1764331200.0,-1.2001,long,USDJPY,trend_pullback,2.0,1.3,24
1771844400.0,1771851600.0,-1.1144,long,USDJPY,trend_pullback,2.0,1.3,24
1773208800.0,1773230400.0,1.8498,long,USDJPY,trend_pullback,2.0,1.3,24
1775754000.0,1775761200.0,-1.1439,short,USDJPY,trend_pullback,2.0,1.3,24
1777244400.0,1777251600.0,-1.1832,long,USDJPY,trend_pullback,2.0,1.3,24
1779332400.0,1779368400.0,1.7886,long,USDJPY,trend_pullback,2.0,1.3,24
1723410000.0,1723417200.0,-1.105,short,USDJPY,trend_pullback,2.0,1.3,72
1724378400.0,1724400000.0,-1.086,short,USDJPY,trend_pullback,2.0,1.3,72
1728424800.0,1728460800.0,1.8559,long,USDJPY,trend_pullback,2.0,1.3,72
1730311200.0,1730347200.0,-1.0948,long,USDJPY,trend_pullback,2.0,1.3,72
1736193600.0,1736334000.0,1.9181,long,USDJPY,trend_pullback,2.0,1.3,72
1737648000.0,1737680400.0,-1.1253,short,USDJPY,trend_pullback,2.0,1.3,72
1737946800.0,1737957600.0,-1.0967,short,USDJPY,trend_pullback,2.0,1.3,72
1738144800.0,1738195200.0,1.8631,short,USDJPY,trend_pullback,2.0,1.3,72
1738576800.0,1738594800.0,1.9148,short,USDJPY,trend_pullback,2.0,1.3,72
1739962800.0,1739977200.0,1.8738,short,USDJPY,trend_pullback,2.0,1.3,72
1740704400.0,1740718800.0,-1.0756,short,USDJPY,trend_pullback,2.0,1.3,72
1742536800.0,1742540400.0,-1.1441,long,USDJPY,trend_pullback,2.0,1.3,72
1742551200.0,1742554800.0,-1.1171,long,USDJPY,trend_pullback,2.0,1.3,72
1748498400.0,1748505600.0,-1.0815,long,USDJPY,trend_pullback,2.0,1.3,72
1749416400.0,1749430800.0,-1.119,long,USDJPY,trend_pullback,2.0,1.3,72
1750129200.0,1750183200.0,1.8928,long,USDJPY,trend_pullback,2.0,1.3,72
1751234400.0,1751259600.0,1.8896,short,USDJPY,trend_pullback,2.0,1.3,72
1751472000.0,1751544000.0,-1.0915,short,USDJPY,trend_pullback,2.0,1.3,72
1752130800.0,1752195600.0,1.8691,long,USDJPY,trend_pullback,2.0,1.3,72
1752750000.0,1752757200.0,-1.1175,long,USDJPY,trend_pullback,2.0,1.3,72
1752768000.0,1752789600.0,-1.1128,long,USDJPY,trend_pullback,2.0,1.3,72
1752825600.0,1752840000.0,-1.1505,long,USDJPY,trend_pullback,2.0,1.3,72
1756173600.0,1756184400.0,-1.1115,short,USDJPY,trend_pullback,2.0,1.3,72
1757296800.0,1757314800.0,-1.0906,long,USDJPY,trend_pullback,2.0,1.3,72
1757512800.0,1757570400.0,-1.1368,short,USDJPY,trend_pullback,2.0,1.3,72
1757635200.0,1757649600.0,-1.1221,short,USDJPY,trend_pullback,2.0,1.3,72
1758600000.0,1758607200.0,-1.2494,long,USDJPY,trend_pullback,2.0,1.3,72
1758672000.0,1758700800.0,1.8275,long,USDJPY,trend_pullback,2.0,1.3,72
1759489200.0,1759514400.0,-1.1369,short,USDJPY,trend_pullback,2.0,1.3,72
1760947200.0,1761008400.0,-1.125,short,USDJPY,trend_pullback,2.0,1.3,72
1762351200.0,1762416000.0,-1.1272,long,USDJPY,trend_pullback,2.0,1.3,72
1763103600.0,1763107200.0,-1.1706,long,USDJPY,trend_pullback,2.0,1.3,72
1763330400.0,1763391600.0,1.8756,long,USDJPY,trend_pullback,2.0,1.3,72
1764320400.0,1764331200.0,-1.2001,long,USDJPY,trend_pullback,2.0,1.3,72
1771844400.0,1771851600.0,-1.1144,long,USDJPY,trend_pullback,2.0,1.3,72
1773208800.0,1773230400.0,1.8498,long,USDJPY,trend_pullback,2.0,1.3,72
1775754000.0,1775761200.0,-1.1439,short,USDJPY,trend_pullback,2.0,1.3,72
1777244400.0,1777251600.0,-1.1832,long,USDJPY,trend_pullback,2.0,1.3,72
1779332400.0,1779368400.0,1.7886,long,USDJPY,trend_pullback,2.0,1.3,72
1723410000.0,1723417200.0,-1.105,short,USDJPY,trend_pullback,2.5,1.3,24
1724378400.0,1724400000.0,-1.086,short,USDJPY,trend_pullback,2.5,1.3,24
1728424800.0,1728475200.0,2.3559,long,USDJPY,trend_pullback,2.5,1.3,24
1730311200.0,1730347200.0,-1.0948,long,USDJPY,trend_pullback,2.5,1.3,24
1736193600.0,1736280000.0,0.4548,long,USDJPY,trend_pullback,2.5,1.3,24
1737648000.0,1737680400.0,-1.1253,short,USDJPY,trend_pullback,2.5,1.3,24
1737946800.0,1737957600.0,-1.0967,short,USDJPY,trend_pullback,2.5,1.3,24
1738144800.0,1738195200.0,2.3631,short,USDJPY,trend_pullback,2.5,1.3,24
1738576800.0,1738627200.0,-1.0852,short,USDJPY,trend_pullback,2.5,1.3,24
1739962800.0,1740009600.0,2.3738,short,USDJPY,trend_pullback,2.5,1.3,24
1740704400.0,1740718800.0,-1.0756,short,USDJPY,trend_pullback,2.5,1.3,24
1742536800.0,1742540400.0,-1.1441,long,USDJPY,trend_pullback,2.5,1.3,24
1742551200.0,1742554800.0,-1.1171,long,USDJPY,trend_pullback,2.5,1.3,24
1748498400.0,1748505600.0,-1.0815,long,USDJPY,trend_pullback,2.5,1.3,24
1749416400.0,1749430800.0,-1.119,long,USDJPY,trend_pullback,2.5,1.3,24
1750129200.0,1750215600.0,1.1633,long,USDJPY,trend_pullback,2.5,1.3,24
1751234400.0,1751320800.0,1.6616,short,USDJPY,trend_pullback,2.5,1.3,24
1751472000.0,1751544000.0,-1.0915,short,USDJPY,trend_pullback,2.5,1.3,24
1752130800.0,1752199200.0,2.3691,long,USDJPY,trend_pullback,2.5,1.3,24
1752750000.0,1752757200.0,-1.1175,long,USDJPY,trend_pullback,2.5,1.3,24
1752768000.0,1752789600.0,-1.1128,long,USDJPY,trend_pullback,2.5,1.3,24
1752825600.0,1752840000.0,-1.1505,long,USDJPY,trend_pullback,2.5,1.3,24
1756173600.0,1756184400.0,-1.1115,short,USDJPY,trend_pullback,2.5,1.3,24
1757296800.0,1757314800.0,-1.0906,long,USDJPY,trend_pullback,2.5,1.3,24
1757512800.0,1757570400.0,-1.1368,short,USDJPY,trend_pullback,2.5,1.3,24
1757635200.0,1757649600.0,-1.1221,short,USDJPY,trend_pullback,2.5,1.3,24
1758600000.0,1758607200.0,-1.2494,long,USDJPY,trend_pullback,2.5,1.3,24
1758672000.0,1758700800.0,2.3275,long,USDJPY,trend_pullback,2.5,1.3,24
1759489200.0,1759514400.0,-1.1369,short,USDJPY,trend_pullback,2.5,1.3,24
1760947200.0,1761008400.0,-1.125,short,USDJPY,trend_pullback,2.5,1.3,24
1762351200.0,1762416000.0,-1.1272,long,USDJPY,trend_pullback,2.5,1.3,24
1763103600.0,1763107200.0,-1.1706,long,USDJPY,trend_pullback,2.5,1.3,24
1763330400.0,1763391600.0,2.3756,long,USDJPY,trend_pullback,2.5,1.3,24
1764320400.0,1764331200.0,-1.2001,long,USDJPY,trend_pullback,2.5,1.3,24
1771844400.0,1771851600.0,-1.1144,long,USDJPY,trend_pullback,2.5,1.3,24
1773208800.0,1773234000.0,2.3498,long,USDJPY,trend_pullback,2.5,1.3,24
1775754000.0,1775761200.0,-1.1439,short,USDJPY,trend_pullback,2.5,1.3,24
1777244400.0,1777251600.0,-1.1832,long,USDJPY,trend_pullback,2.5,1.3,24
1779332400.0,1779418800.0,0.1903,long,USDJPY,trend_pullback,2.5,1.3,24
1723410000.0,1723417200.0,-1.105,short,USDJPY,trend_pullback,2.5,1.3,72
1724378400.0,1724400000.0,-1.086,short,USDJPY,trend_pullback,2.5,1.3,72
1728424800.0,1728475200.0,2.3559,long,USDJPY,trend_pullback,2.5,1.3,72
1730311200.0,1730347200.0,-1.0948,long,USDJPY,trend_pullback,2.5,1.3,72
1736193600.0,1736452800.0,0.9957,long,USDJPY,trend_pullback,2.5,1.3,72
1737648000.0,1737680400.0,-1.1253,short,USDJPY,trend_pullback,2.5,1.3,72
1737946800.0,1737957600.0,-1.0967,short,USDJPY,trend_pullback,2.5,1.3,72
1738144800.0,1738195200.0,2.3631,short,USDJPY,trend_pullback,2.5,1.3,72
1738576800.0,1738627200.0,-1.0852,short,USDJPY,trend_pullback,2.5,1.3,72
1739962800.0,1740009600.0,2.3738,short,USDJPY,trend_pullback,2.5,1.3,72
1740704400.0,1740718800.0,-1.0756,short,USDJPY,trend_pullback,2.5,1.3,72
1742536800.0,1742540400.0,-1.1441,long,USDJPY,trend_pullback,2.5,1.3,72
1742551200.0,1742554800.0,-1.1171,long,USDJPY,trend_pullback,2.5,1.3,72
1748498400.0,1748505600.0,-1.0815,long,USDJPY,trend_pullback,2.5,1.3,72
1749416400.0,1749430800.0,-1.119,long,USDJPY,trend_pullback,2.5,1.3,72
1750129200.0,1750269600.0,-1.1072,long,USDJPY,trend_pullback,2.5,1.3,72
1751234400.0,1751328000.0,2.3896,short,USDJPY,trend_pullback,2.5,1.3,72
1751472000.0,1751544000.0,-1.0915,short,USDJPY,trend_pullback,2.5,1.3,72
1752130800.0,1752199200.0,2.3691,long,USDJPY,trend_pullback,2.5,1.3,72
1752750000.0,1752757200.0,-1.1175,long,USDJPY,trend_pullback,2.5,1.3,72
1752768000.0,1752789600.0,-1.1128,long,USDJPY,trend_pullback,2.5,1.3,72
1752825600.0,1752840000.0,-1.1505,long,USDJPY,trend_pullback,2.5,1.3,72
1756173600.0,1756184400.0,-1.1115,short,USDJPY,trend_pullback,2.5,1.3,72
1757296800.0,1757314800.0,-1.0906,long,USDJPY,trend_pullback,2.5,1.3,72
1757512800.0,1757570400.0,-1.1368,short,USDJPY,trend_pullback,2.5,1.3,72
1757635200.0,1757649600.0,-1.1221,short,USDJPY,trend_pullback,2.5,1.3,72
1758600000.0,1758607200.0,-1.2494,long,USDJPY,trend_pullback,2.5,1.3,72
1758672000.0,1758700800.0,2.3275,long,USDJPY,trend_pullback,2.5,1.3,72
1759489200.0,1759514400.0,-1.1369,short,USDJPY,trend_pullback,2.5,1.3,72
1760947200.0,1761008400.0,-1.125,short,USDJPY,trend_pullback,2.5,1.3,72
1762351200.0,1762416000.0,-1.1272,long,USDJPY,trend_pullback,2.5,1.3,72
1763103600.0,1763107200.0,-1.1706,long,USDJPY,trend_pullback,2.5,1.3,72
1763330400.0,1763391600.0,2.3756,long,USDJPY,trend_pullback,2.5,1.3,72
1764320400.0,1764331200.0,-1.2001,long,USDJPY,trend_pullback,2.5,1.3,72
1771844400.0,1771851600.0,-1.1144,long,USDJPY,trend_pullback,2.5,1.3,72
1773208800.0,1773234000.0,2.3498,long,USDJPY,trend_pullback,2.5,1.3,72
1775754000.0,1775761200.0,-1.1439,short,USDJPY,trend_pullback,2.5,1.3,72
1777244400.0,1777251600.0,-1.1832,long,USDJPY,trend_pullback,2.5,1.3,72
1779332400.0,1779670800.0,-1.2114,long,USDJPY,trend_pullback,2.5,1.3,72
