entry_ts,exit_ts,r,side,symbol,setup,tp_rr,sl_atr,max_hold
1776240000.0,1776243600.0,-1.2782,long,EURUSD,session_range_fade,1.5,1.6,24
1776254400.0,1776304800.0,1.2681,long,EURUSD,session_range_fade,1.5,1.6,24
1776412800.0,1776427200.0,-1.3379,short,EURUSD,session_range_fade,1.5,1.6,24
1776834000.0,1776870000.0,1.3538,short,EURUSD,session_range_fade,1.5,1.6,24
1777014000.0,1777028400.0,-1.2882,short,EURUSD,session_range_fade,1.5,1.6,24
1777258800.0,1777273200.0,-1.2492,short,EURUSD,session_range_fade,1.5,1.6,24
1777284000.0,1777309200.0,1.2537,short,EURUSD,session_range_fade,1.5,1.6,24
1777312800.0,1777356000.0,-1.2189,long,EURUSD,session_range_fade,1.5,1.6,24
1777456800.0,1777467600.0,1.1843,short,EURUSD,session_range_fade,1.5,1.6,24
1777971600.0,1777986000.0,-1.2917,short,EURUSD,session_range_fade,1.5,1.6,24
1777989600.0,1778022000.0,-1.2526,short,EURUSD,session_range_fade,1.5,1.6,24
1778122800.0,1778140800.0,1.2373,long,EURUSD,session_range_fade,1.5,1.6,24
1778223600.0,1778230800.0,1.2486,long,EURUSD,session_range_fade,1.5,1.6,24
1778464800.0,1778504400.0,1.2728,long,EURUSD,session_range_fade,1.5,1.6,24
1778540400.0,1778547600.0,-1.2751,long,EURUSD,session_range_fade,1.5,1.6,24
1778551200.0,1778569200.0,-1.2782,long,EURUSD,session_range_fade,1.5,1.6,24
1778623200.0,1778652000.0,-1.2512,long,EURUSD,session_range_fade,1.5,1.6,24
1778709600.0,1778760000.0,1.2197,short,EURUSD,session_range_fade,1.5,1.6,24
1779130800.0,1779181200.0,1.3388,short,EURUSD,session_range_fade,1.5,1.6,24
1779246000.0,1779264000.0,-1.2599,long,EURUSD,session_range_fade,1.5,1.6,24
1779271200.0,1779285600.0,-1.2487,short,EURUSD,session_range_fade,1.5,1.6,24
1779339600.0,1779346800.0,1.2031,short,EURUSD,session_range_fade,1.5,1.6,24
1779454800.0,1779458400.0,-1.2628,long,EURUSD,session_range_fade,1.5,1.6,24
1779462000.0,1779663600.0,1.2645,long,EURUSD,session_range_fade,1.5,1.6,24
1779714000.0,1779800400.0,1.2147,short,EURUSD,session_range_fade,1.5,1.6,24
1779811200.0,1779836400.0,1.2182,long,EURUSD,session_range_fade,1.5,1.6,24
1779840000.0,1779883200.0,1.1949,long,EURUSD,session_range_fade,1.5,1.6,24
1779890400.0,1779937200.0,-1.1801,long,EURUSD,session_range_fade,1.5,1.6,24
1780034400.0,1780038000.0,1.1636,short,EURUSD,session_range_fade,1.5,1.6,24
1780297200.0,1780311600.0,-1.3084,long,EURUSD,session_range_fade,1.5,1.6,24
1780315200.0,1780318800.0,-1.3042,long,EURUSD,session_range_fade,1.5,1.6,24
1780416000.0,1780423200.0,-1.2648,long,EURUSD,session_range_fade,1.5,1.6,24
1780470000.0,1780488000.0,-1.3222,long,EURUSD,session_range_fade,1.5,1.6,24
1780545600.0,1780563600.0,-1.3377,short,EURUSD,session_range_fade,1.5,1.6,24
1780639200.0,1780642800.0,-1.4914,short,EURUSD,session_range_fade,1.5,1.6,24
1780970400.0,1780984800.0,-1.2916,short,EURUSD,session_range_fade,1.5,1.6,24
1780988400.0,1780992000.0,-1.3033,short,EURUSD,session_range_fade,1.5,1.6,24
1781078400.0,1781089200.0,-1.2993,long,EURUSD,session_range_fade,1.5,1.6,24
1781114400.0,1781128800.0,-1.1774,long,EURUSD,session_range_fade,1.5,1.6,24
1781164800.0,1781182800.0,-1.2391,long,EURUSD,session_range_fade,1.5,1.6,24
1781254800.0,1781478000.0,-1.1974,short,EURUSD,session_range_fade,1.5,1.6,24
1781532000.0,1781550000.0,-1.2307,long,EURUSD,session_range_fade,1.5,1.6,24
1781560800.0,1781600400.0,1.2571,long,EURUSD,session_range_fade,1.5,1.6,24
1781614800.0,1781622000.0,1.2618,long,EURUSD,session_range_fade,1.5,1.6,24
1781679600.0,1781694000.0,1.1413,short,EURUSD,session_range_fade,1.5,1.6,24
1781827200.0,1781841600.0,1.3267,short,EURUSD,session_range_fade,1.5,1.6,24
1782086400.0,1782115200.0,1.2689,short,EURUSD,session_range_fade,1.5,1.6,24
1782194400.0,1782198000.0,-1.2944,long,EURUSD,session_range_fade,1.5,1.6,24
1782367200.0,1782374400.0,-1.2624,short,EURUSD,session_range_fade,1.5,1.6,24
1782378000.0,1782385200.0,1.2515,short,EURUSD,session_range_fade,1.5,1.6,24
1782450000.0,1782460800.0,-1.2511,short,EURUSD,session_range_fade,1.5,1.6,24
1782709200.0,1782712800.0,1.232,long,EURUSD,session_range_fade,1.5,1.6,24
1782781200.0,1782792000.0,-1.2639,long,EURUSD,session_range_fade,1.5,1.6,24
1782964800.0,1782972000.0,-1.2957,short,EURUSD,session_range_fade,1.5,1.6,24
1776240000.0,1776243600.0,-1.2782,long,EURUSD,session_range_fade,1.5,1.6,48
1776254400.0,1776304800.0,1.2681,long,EURUSD,session_range_fade,1.5,1.6,48
1776412800.0,1776427200.0,-1.3379,short,EURUSD,session_range_fade,1.5,1.6,48
1776834000.0,1776870000.0,1.3538,short,EURUSD,session_range_fade,1.5,1.6,48
1777014000.0,1777028400.0,-1.2882,short,EURUSD,session_range_fade,1.5,1.6,48
1777258800.0,1777273200.0,-1.2492,short,EURUSD,session_range_fade,1.5,1.6,48
1777284000.0,1777309200.0,1.2537,short,EURUSD,session_range_fade,1.5,1.6,48
1777312800.0,1777356000.0,-1.2189,long,EURUSD,session_range_fade,1.5,1.6,48
1777456800.0,1777467600.0,1.1843,short,EURUSD,session_range_fade,1.5,1.6,48
1777971600.0,1777986000.0,-1.2917,short,EURUSD,session_range_fade,1.5,1.6,48
1777989600.0,1778022000.0,-1.2526,short,EURUSD,session_range_fade,1.5,1.6,48
1778122800.0,1778140800.0,1.2373,long,EURUSD,session_range_fade,1.5,1.6,48
1778223600.0,1778230800.0,1.2486,long,EURUSD,session_range_fade,1.5,1.6,48
1778464800.0,1778504400.0,1.2728,long,EURUSD,session_range_fade,1.5,1.6,48
1778540400.0,1778547600.0,-1.2751,long,EURUSD,session_range_fade,1.5,1.6,48
1778551200.0,1778569200.0,-1.2782,long,EURUSD,session_range_fade,1.5,1.6,48
1778623200.0,1778652000.0,-1.2512,long,EURUSD,session_range_fade,1.5,1.6,48
1778709600.0,1778760000.0,1.2197,short,EURUSD,session_range_fade,1.5,1.6,48
1779130800.0,1779181200.0,1.3388,short,EURUSD,session_range_fade,1.5,1.6,48
1779246000.0,1779264000.0,-1.2599,long,EURUSD,session_range_fade,1.5,1.6,48
1779271200.0,1779285600.0,-1.2487,short,EURUSD,session_range_fade,1.5,1.6,48
1779339600.0,1779346800.0,1.2031,short,EURUSD,session_range_fade,1.5,1.6,48
1779454800.0,1779458400.0,-1.2628,long,EURUSD,session_range_fade,1.5,1.6,48
1779462000.0,1779663600.0,1.2645,long,EURUSD,session_range_fade,1.5,1.6,48
1779714000.0,1779800400.0,1.2147,short,EURUSD,session_range_fade,1.5,1.6,48
1779811200.0,1779836400.0,1.2182,long,EURUSD,session_range_fade,1.5,1.6,48
1779840000.0,1779883200.0,1.1949,long,EURUSD,session_range_fade,1.5,1.6,48
1779890400.0,1779937200.0,-1.1801,long,EURUSD,session_range_fade,1.5,1.6,48
1780034400.0,1780038000.0,1.1636,short,EURUSD,session_range_fade,1.5,1.6,48
1780297200.0,1780311600.0,-1.3084,long,EURUSD,session_range_fade,1.5,1.6,48
1780315200.0,1780318800.0,-1.3042,long,EURUSD,session_range_fade,1.5,1.6,48
1780416000.0,1780423200.0,-1.2648,long,EURUSD,session_range_fade,1.5,1.6,48
1780470000.0,1780488000.0,-1.3222,long,EURUSD,session_range_fade,1.5,1.6,48
1780545600.0,1780563600.0,-1.3377,short,EURUSD,session_range_fade,1.5,1.6,48
1780639200.0,1780642800.0,-1.4914,short,EURUSD,session_range_fade,1.5,1.6,48
1780970400.0,1780984800.0,-1.2916,short,EURUSD,session_range_fade,1.5,1.6,48
1780988400.0,1780992000.0,-1.3033,short,EURUSD,session_range_fade,1.5,1.6,48
1781078400.0,1781089200.0,-1.2993,long,EURUSD,session_range_fade,1.5,1.6,48
1781114400.0,1781128800.0,-1.1774,long,EURUSD,session_range_fade,1.5,1.6,48
1781164800.0,1781182800.0,-1.2391,long,EURUSD,session_range_fade,1.5,1.6,48
1781254800.0,1781478000.0,-1.1974,short,EURUSD,session_range_fade,1.5,1.6,48
1781532000.0,1781550000.0,-1.2307,long,EURUSD,session_range_fade,1.5,1.6,48
1781560800.0,1781600400.0,1.2571,long,EURUSD,session_range_fade,1.5,1.6,48
1781614800.0,1781622000.0,1.2618,long,EURUSD,session_range_fade,1.5,1.6,48
1781679600.0,1781694000.0,1.1413,short,EURUSD,session_range_fade,1.5,1.6,48
1781827200.0,1781841600.0,1.3267,short,EURUSD,session_range_fade,1.5,1.6,48
1782086400.0,1782115200.0,1.2689,short,EURUSD,session_range_fade,1.5,1.6,48
1782194400.0,1782198000.0,-1.2944,long,EURUSD,session_range_fade,1.5,1.6,48
1782367200.0,1782374400.0,-1.2624,short,EURUSD,session_range_fade,1.5,1.6,48
1782378000.0,1782385200.0,1.2515,short,EURUSD,session_range_fade,1.5,1.6,48
1782450000.0,1782460800.0,-1.2511,short,EURUSD,session_range_fade,1.5,1.6,48
1782709200.0,1782712800.0,1.232,long,EURUSD,session_range_fade,1.5,1.6,48
1782781200.0,1782792000.0,-1.2639,long,EURUSD,session_range_fade,1.5,1.6,48
1782964800.0,1782972000.0,-1.2957,short,EURUSD,session_range_fade,1.5,1.6,48
1776240000.0,1776243600.0,-1.2782,long,EURUSD,session_range_fade,1.5,1.6,96
1776254400.0,1776304800.0,1.2681,long,EURUSD,session_range_fade,1.5,1.6,96
1776412800.0,1776427200.0,-1.3379,short,EURUSD,session_range_fade,1.5,1.6,96
1776834000.0,1776870000.0,1.3538,short,EURUSD,session_range_fade,1.5,1.6,96
1777014000.0,1777028400.0,-1.2882,short,EURUSD,session_range_fade,1.5,1.6,96
1777258800.0,1777273200.0,-1.2492,short,EURUSD,session_range_fade,1.5,1.6,96
1777284000.0,1777309200.0,1.2537,short,EURUSD,session_range_fade,1.5,1.6,96
1777312800.0,1777356000.0,-1.2189,long,EURUSD,session_range_fade,1.5,1.6,96
1777456800.0,1777467600.0,1.1843,short,EURUSD,session_range_fade,1.5,1.6,96
1777971600.0,1777986000.0,-1.2917,short,EURUSD,session_range_fade,1.5,1.6,96
1777989600.0,1778022000.0,-1.2526,short,EURUSD,session_range_fade,1.5,1.6,96
1778122800.0,1778140800.0,1.2373,long,EURUSD,session_range_fade,1.5,1.6,96
1778223600.0,1778230800.0,1.2486,long,EURUSD,session_range_fade,1.5,1.6,96
1778464800.0,1778504400.0,1.2728,long,EURUSD,session_range_fade,1.5,1.6,96
1778540400.0,1778547600.0,-1.2751,long,EURUSD,session_range_fade,1.5,1.6,96
1778551200.0,1778569200.0,-1.2782,long,EURUSD,session_range_fade,1.5,1.6,96
1778623200.0,1778652000.0,-1.2512,long,EURUSD,session_range_fade,1.5,1.6,96
1778709600.0,1778760000.0,1.2197,short,EURUSD,session_range_fade,1.5,1.6,96
1779130800.0,1779181200.0,1.3388,short,EURUSD,session_range_fade,1.5,1.6,96
1779246000.0,1779264000.0,-1.2599,long,EURUSD,session_range_fade,1.5,1.6,96
1779271200.0,1779285600.0,-1.2487,short,EURUSD,session_range_fade,1.5,1.6,96
1779339600.0,1779346800.0,1.2031,short,EURUSD,session_range_fade,1.5,1.6,96
1779454800.0,1779458400.0,-1.2628,long,EURUSD,session_range_fade,1.5,1.6,96
1779462000.0,1779663600.0,1.2645,long,EURUSD,session_range_fade,1.5,1.6,96
1779714000.0,1779800400.0,1.2147,short,EURUSD,session_range_fade,1.5,1.6,96
1779811200.0,1779836400.0,1.2182,long,EURUSD,session_range_fade,1.5,1.6,96
1779840000.0,1779883200.0,1.1949,long,EURUSD,session_range_fade,1.5,1.6,96
1779890400.0,1779937200.0,-1.1801,long,EURUSD,session_range_fade,1.5,1.6,96
1780034400.0,1780038000.0,1.1636,short,EURUSD,session_range_fade,1.5,1.6,96
1780297200.0,1780311600.0,-1.3084,long,EURUSD,session_range_fade,1.5,1.6,96
1780315200.0,1780318800.0,-1.3042,long,EURUSD,session_range_fade,1.5,1.6,96
1780416000.0,1780423200.0,-1.2648,long,EURUSD,session_range_fade,1.5,1.6,96
1780470000.0,1780488000.0,-1.3222,long,EURUSD,session_range_fade,1.5,1.6,96
1780545600.0,1780563600.0,-1.3377,short,EURUSD,session_range_fade,1.5,1.6,96
1780639200.0,1780642800.0,-1.4914,short,EURUSD,session_range_fade,1.5,1.6,96
1780970400.0,1780984800.0,-1.2916,short,EURUSD,session_range_fade,1.5,1.6,96
1780988400.0,1780992000.0,-1.3033,short,EURUSD,session_range_fade,1.5,1.6,96
1781078400.0,1781089200.0,-1.2993,long,EURUSD,session_range_fade,1.5,1.6,96
1781114400.0,1781128800.0,-1.1774,long,EURUSD,session_range_fade,1.5,1.6,96
1781164800.0,1781182800.0,-1.2391,long,EURUSD,session_range_fade,1.5,1.6,96
1781254800.0,1781478000.0,-1.1974,short,EURUSD,session_range_fade,1.5,1.6,96
1781532000.0,1781550000.0,-1.2307,long,EURUSD,session_range_fade,1.5,1.6,96
1781560800.0,1781600400.0,1.2571,long,EURUSD,session_range_fade,1.5,1.6,96
1781614800.0,1781622000.0,1.2618,long,EURUSD,session_range_fade,1.5,1.6,96
1781679600.0,1781694000.0,1.1413,short,EURUSD,session_range_fade,1.5,1.6,96
1781827200.0,1781841600.0,1.3267,short,EURUSD,session_range_fade,1.5,1.6,96
1782086400.0,1782115200.0,1.2689,short,EURUSD,session_range_fade,1.5,1.6,96
1782194400.0,1782198000.0,-1.2944,long,EURUSD,session_range_fade,1.5,1.6,96
1782367200.0,1782374400.0,-1.2624,short,EURUSD,session_range_fade,1.5,1.6,96
1782378000.0,1782385200.0,1.2515,short,EURUSD,session_range_fade,1.5,1.6,96
1782450000.0,1782460800.0,-1.2511,short,EURUSD,session_range_fade,1.5,1.6,96
1782709200.0,1782712800.0,1.232,long,EURUSD,session_range_fade,1.5,1.6,96
1782781200.0,1782792000.0,-1.2639,long,EURUSD,session_range_fade,1.5,1.6,96
1782964800.0,1782972000.0,-1.2957,short,EURUSD,session_range_fade,1.5,1.6,96
1776240000.0,1776247200.0,-1.2226,long,EURUSD,session_range_fade,1.5,2.0,24
1776254400.0,1776308400.0,1.3144,long,EURUSD,session_range_fade,1.5,2.0,24
1776412800.0,1776427200.0,-1.2703,short,EURUSD,session_range_fade,1.5,2.0,24
1776834000.0,1776884400.0,1.383,short,EURUSD,session_range_fade,1.5,2.0,24
1777014000.0,1777028400.0,-1.2305,short,EURUSD,session_range_fade,1.5,2.0,24
1777258800.0,1777276800.0,-1.1994,short,EURUSD,session_range_fade,1.5,2.0,24
1777284000.0,1777312800.0,1.303,short,EURUSD,session_range_fade,1.5,2.0,24
1777316400.0,1777356000.0,-1.1751,long,EURUSD,session_range_fade,1.5,2.0,24
1777456800.0,1777467600.0,1.2474,short,EURUSD,session_range_fade,1.5,2.0,24
1777971600.0,1777993200.0,-1.2333,short,EURUSD,session_range_fade,1.5,2.0,24
1777996800.0,1778022000.0,-1.1911,short,EURUSD,session_range_fade,1.5,2.0,24
1778122800.0,1778144400.0,1.2899,long,EURUSD,session_range_fade,1.5,2.0,24
1778223600.0,1778230800.0,1.2989,long,EURUSD,session_range_fade,1.5,2.0,24
1778464800.0,1778551200.0,-0.0392,long,EURUSD,session_range_fade,1.5,2.0,24
1778623200.0,1778652000.0,-1.201,long,EURUSD,session_range_fade,1.5,2.0,24
1778709600.0,1778763600.0,1.2757,short,EURUSD,session_range_fade,1.5,2.0,24
1779130800.0,1779184800.0,1.3711,short,EURUSD,session_range_fade,1.5,2.0,24
1779246000.0,1779264000.0,-1.2079,long,EURUSD,session_range_fade,1.5,2.0,24
1779271200.0,1779285600.0,-1.1989,short,EURUSD,session_range_fade,1.5,2.0,24
1779339600.0,1779346800.0,1.2625,short,EURUSD,session_range_fade,1.5,2.0,24
1779454800.0,1779663600.0,1.2897,long,EURUSD,session_range_fade,1.5,2.0,24
1779714000.0,1779800400.0,0.7449,short,EURUSD,session_range_fade,1.5,2.0,24
1779811200.0,1779861600.0,1.2745,long,EURUSD,session_range_fade,1.5,2.0,24
1779890400.0,1779937200.0,-1.144,long,EURUSD,session_range_fade,1.5,2.0,24
1780034400.0,1780041600.0,1.2309,short,EURUSD,session_range_fade,1.5,2.0,24
1780297200.0,1780311600.0,-1.2468,long,EURUSD,session_range_fade,1.5,2.0,24
1780315200.0,1780318800.0,-1.2434,long,EURUSD,session_range_fade,1.5,2.0,24
1780416000.0,1780473600.0,-1.2119,long,EURUSD,session_range_fade,1.5,2.0,24
1780545600.0,1780563600.0,-1.2702,short,EURUSD,session_range_fade,1.5,2.0,24
1780639200.0,1780642800.0,-1.3931,short,EURUSD,session_range_fade,1.5,2.0,24
1780970400.0,1780995600.0,-1.2333,short,EURUSD,session_range_fade,1.5,2.0,24
1781078400.0,1781089200.0,-1.2394,long,EURUSD,session_range_fade,1.5,2.0,24
1781114400.0,1781172000.0,-1.1419,long,EURUSD,session_range_fade,1.5,2.0,24
1781254800.0,1781478000.0,-1.1579,short,EURUSD,session_range_fade,1.5,2.0,24
1781532000.0,1781550000.0,-1.1846,long,EURUSD,session_range_fade,1.5,2.0,24
1781560800.0,1781622000.0,1.3057,long,EURUSD,session_range_fade,1.5,2.0,24
1781679600.0,1781694000.0,1.2131,short,EURUSD,session_range_fade,1.5,2.0,24
1781827200.0,1781845200.0,1.3614,short,EURUSD,session_range_fade,1.5,2.0,24
1782086400.0,1782133200.0,1.3151,short,EURUSD,session_range_fade,1.5,2.0,24
1782194400.0,1782201600.0,-1.2355,long,EURUSD,session_range_fade,1.5,2.0,24
1782367200.0,1782374400.0,-1.21,short,EURUSD,session_range_fade,1.5,2.0,24
1782378000.0,1782385200.0,1.3012,short,EURUSD,session_range_fade,1.5,2.0,24
1782450000.0,1782460800.0,-1.2009,short,EURUSD,session_range_fade,1.5,2.0,24
1782709200.0,1782741600.0,1.2856,long,EURUSD,session_range_fade,1.5,2.0,24
1782781200.0,1782795600.0,-1.2111,long,EURUSD,session_range_fade,1.5,2.0,24
1782964800.0,1782972000.0,-1.2366,short,EURUSD,session_range_fade,1.5,2.0,24
1776240000.0,1776247200.0,-1.2226,long,EURUSD,session_range_fade,1.5,2.0,48
1776254400.0,1776308400.0,1.3144,long,EURUSD,session_range_fade,1.5,2.0,48
1776412800.0,1776427200.0,-1.2703,short,EURUSD,session_range_fade,1.5,2.0,48
1776834000.0,1776884400.0,1.383,short,EURUSD,session_range_fade,1.5,2.0,48
1777014000.0,1777028400.0,-1.2305,short,EURUSD,session_range_fade,1.5,2.0,48
1777258800.0,1777276800.0,-1.1994,short,EURUSD,session_range_fade,1.5,2.0,48
1777284000.0,1777312800.0,1.303,short,EURUSD,session_range_fade,1.5,2.0,48
1777316400.0,1777356000.0,-1.1751,long,EURUSD,session_range_fade,1.5,2.0,48
1777456800.0,1777467600.0,1.2474,short,EURUSD,session_range_fade,1.5,2.0,48
1777971600.0,1777993200.0,-1.2333,short,EURUSD,session_range_fade,1.5,2.0,48
1777996800.0,1778022000.0,-1.1911,short,EURUSD,session_range_fade,1.5,2.0,48
1778122800.0,1778144400.0,1.2899,long,EURUSD,session_range_fade,1.5,2.0,48
1778223600.0,1778230800.0,1.2989,long,EURUSD,session_range_fade,1.5,2.0,48
1778464800.0,1778583600.0,-1.1817,long,EURUSD,session_range_fade,1.5,2.0,48
1778623200.0,1778652000.0,-1.201,long,EURUSD,session_range_fade,1.5,2.0,48
1778709600.0,1778763600.0,1.2757,short,EURUSD,session_range_fade,1.5,2.0,48
1779130800.0,1779184800.0,1.3711,short,EURUSD,session_range_fade,1.5,2.0,48
1779246000.0,1779264000.0,-1.2079,long,EURUSD,session_range_fade,1.5,2.0,48
1779271200.0,1779285600.0,-1.1989,short,EURUSD,session_range_fade,1.5,2.0,48
1779339600.0,1779346800.0,1.2625,short,EURUSD,session_range_fade,1.5,2.0,48
1779454800.0,1779663600.0,1.2897,long,EURUSD,session_range_fade,1.5,2.0,48
1779714000.0,1779883200.0,-1.2282,short,EURUSD,session_range_fade,1.5,2.0,48
1779890400.0,1779937200.0,-1.144,long,EURUSD,session_range_fade,1.5,2.0,48
1780034400.0,1780041600.0,1.2309,short,EURUSD,session_range_fade,1.5,2.0,48
1780297200.0,1780311600.0,-1.2468,long,EURUSD,session_range_fade,1.5,2.0,48
1780315200.0,1780318800.0,-1.2434,long,EURUSD,session_range_fade,1.5,2.0,48
1780416000.0,1780473600.0,-1.2119,long,EURUSD,session_range_fade,1.5,2.0,48
1780545600.0,1780563600.0,-1.2702,short,EURUSD,session_range_fade,1.5,2.0,48
1780639200.0,1780642800.0,-1.3931,short,EURUSD,session_range_fade,1.5,2.0,48
1780970400.0,1780995600.0,-1.2333,short,EURUSD,session_range_fade,1.5,2.0,48
1781078400.0,1781089200.0,-1.2394,long,EURUSD,session_range_fade,1.5,2.0,48
1781114400.0,1781172000.0,-1.1419,long,EURUSD,session_range_fade,1.5,2.0,48
1781254800.0,1781478000.0,-1.1579,short,EURUSD,session_range_fade,1.5,2.0,48
1781532000.0,1781550000.0,-1.1846,long,EURUSD,session_range_fade,1.5,2.0,48
1781560800.0,1781622000.0,1.3057,long,EURUSD,session_range_fade,1.5,2.0,48
1781679600.0,1781694000.0,1.2131,short,EURUSD,session_range_fade,1.5,2.0,48
1781827200.0,1781845200.0,1.3614,short,EURUSD,session_range_fade,1.5,2.0,48
1782086400.0,1782133200.0,1.3151,short,EURUSD,session_range_fade,1.5,2.0,48
1782194400.0,1782201600.0,-1.2355,long,EURUSD,session_range_fade,1.5,2.0,48
1782367200.0,1782374400.0,-1.21,short,EURUSD,session_range_fade,1.5,2.0,48
1782378000.0,1782385200.0,1.3012,short,EURUSD,session_range_fade,1.5,2.0,48
1782450000.0,1782460800.0,-1.2009,short,EURUSD,session_range_fade,1.5,2.0,48
1782709200.0,1782741600.0,1.2856,long,EURUSD,session_range_fade,1.5,2.0,48
1782781200.0,1782795600.0,-1.2111,long,EURUSD,session_range_fade,1.5,2.0,48
1782964800.0,1782972000.0,-1.2366,short,EURUSD,session_range_fade,1.5,2.0,48
1776240000.0,1776247200.0,-1.2226,long,EURUSD,session_range_fade,1.5,2.0,96
1776254400.0,1776308400.0,1.3144,long,EURUSD,session_range_fade,1.5,2.0,96
1776412800.0,1776427200.0,-1.2703,short,EURUSD,session_range_fade,1.5,2.0,96
1776834000.0,1776884400.0,1.383,short,EURUSD,session_range_fade,1.5,2.0,96
1777014000.0,1777028400.0,-1.2305,short,EURUSD,session_range_fade,1.5,2.0,96
1777258800.0,1777276800.0,-1.1994,short,EURUSD,session_range_fade,1.5,2.0,96
1777284000.0,1777312800.0,1.303,short,EURUSD,session_range_fade,1.5,2.0,96
1777316400.0,1777356000.0,-1.1751,long,EURUSD,session_range_fade,1.5,2.0,96
1777456800.0,1777467600.0,1.2474,short,EURUSD,session_range_fade,1.5,2.0,96
1777971600.0,1777993200.0,-1.2333,short,EURUSD,session_range_fade,1.5,2.0,96
1777996800.0,1778022000.0,-1.1911,short,EURUSD,session_range_fade,1.5,2.0,96
1778122800.0,1778144400.0,1.2899,long,EURUSD,session_range_fade,1.5,2.0,96
1778223600.0,1778230800.0,1.2989,long,EURUSD,session_range_fade,1.5,2.0,96
1778464800.0,1778583600.0,-1.1817,long,EURUSD,session_range_fade,1.5,2.0,96
1778623200.0,1778652000.0,-1.201,long,EURUSD,session_range_fade,1.5,2.0,96
1778709600.0,1778763600.0,1.2757,short,EURUSD,session_range_fade,1.5,2.0,96
1779130800.0,1779184800.0,1.3711,short,EURUSD,session_range_fade,1.5,2.0,96
1779246000.0,1779264000.0,-1.2079,long,EURUSD,session_range_fade,1.5,2.0,96
1779271200.0,1779285600.0,-1.1989,short,EURUSD,session_range_fade,1.5,2.0,96
1779339600.0,1779346800.0,1.2625,short,EURUSD,session_range_fade,1.5,2.0,96
1779454800.0,1779663600.0,1.2897,long,EURUSD,session_range_fade,1.5,2.0,96
1779714000.0,1779883200.0,-1.2282,short,EURUSD,session_range_fade,1.5,2.0,96
1779890400.0,1779937200.0,-1.144,long,EURUSD,session_range_fade,1.5,2.0,96
1780034400.0,1780041600.0,1.2309,short,EURUSD,session_range_fade,1.5,2.0,96
1780297200.0,1780311600.0,-1.2468,long,EURUSD,session_range_fade,1.5,2.0,96
1780315200.0,1780318800.0,-1.2434,long,EURUSD,session_range_fade,1.5,2.0,96
1780416000.0,1780473600.0,-1.2119,long,EURUSD,session_range_fade,1.5,2.0,96
1780545600.0,1780563600.0,-1.2702,short,EURUSD,session_range_fade,1.5,2.0,96
1780639200.0,1780642800.0,-1.3931,short,EURUSD,session_range_fade,1.5,2.0,96
1780970400.0,1780995600.0,-1.2333,short,EURUSD,session_range_fade,1.5,2.0,96
1781078400.0,1781089200.0,-1.2394,long,EURUSD,session_range_fade,1.5,2.0,96
1781114400.0,1781172000.0,-1.1419,long,EURUSD,session_range_fade,1.5,2.0,96
1781254800.0,1781478000.0,-1.1579,short,EURUSD,session_range_fade,1.5,2.0,96
1781532000.0,1781550000.0,-1.1846,long,EURUSD,session_range_fade,1.5,2.0,96
1781560800.0,1781622000.0,1.3057,long,EURUSD,session_range_fade,1.5,2.0,96
1781679600.0,1781694000.0,1.2131,short,EURUSD,session_range_fade,1.5,2.0,96
1781827200.0,1781845200.0,1.3614,short,EURUSD,session_range_fade,1.5,2.0,96
1782086400.0,1782133200.0,1.3151,short,EURUSD,session_range_fade,1.5,2.0,96
1782194400.0,1782201600.0,-1.2355,long,EURUSD,session_range_fade,1.5,2.0,96
1782367200.0,1782374400.0,-1.21,short,EURUSD,session_range_fade,1.5,2.0,96
1782378000.0,1782385200.0,1.3012,short,EURUSD,session_range_fade,1.5,2.0,96
1782450000.0,1782460800.0,-1.2009,short,EURUSD,session_range_fade,1.5,2.0,96
1782709200.0,1782741600.0,1.2856,long,EURUSD,session_range_fade,1.5,2.0,96
1782781200.0,1782795600.0,-1.2111,long,EURUSD,session_range_fade,1.5,2.0,96
1782964800.0,1782972000.0,-1.2366,short,EURUSD,session_range_fade,1.5,2.0,96
1776240000.0,1776308400.0,1.322,long,EURUSD,session_range_fade,1.5,2.5,24
1776412800.0,1776427200.0,-1.2162,short,EURUSD,session_range_fade,1.5,2.5,24
1776834000.0,1776902400.0,1.4064,short,EURUSD,session_range_fade,1.5,2.5,24
1777014000.0,1777028400.0,-1.1844,short,EURUSD,session_range_fade,1.5,2.5,24
1777258800.0,1777291200.0,-1.1595,short,EURUSD,session_range_fade,1.5,2.5,24
1777305600.0,1777356000.0,-1.1444,long,EURUSD,session_range_fade,1.5,2.5,24
1777456800.0,1777485600.0,1.2979,short,EURUSD,session_range_fade,1.5,2.5,24
1777971600.0,1777993200.0,-1.1867,short,EURUSD,session_range_fade,1.5,2.5,24
1777996800.0,1778022000.0,-1.1529,short,EURUSD,session_range_fade,1.5,2.5,24
1778122800.0,1778184000.0,-1.1681,long,EURUSD,session_range_fade,1.5,2.5,24
1778223600.0,1778241600.0,1.3391,long,EURUSD,session_range_fade,1.5,2.5,24
1778464800.0,1778551200.0,-0.0313,long,EURUSD,session_range_fade,1.5,2.5,24
1778623200.0,1778655600.0,-1.1608,long,EURUSD,session_range_fade,1.5,2.5,24
1778709600.0,1778763600.0,1.3206,short,EURUSD,session_range_fade,1.5,2.5,24
1779130800.0,1779195600.0,1.3968,short,EURUSD,session_range_fade,1.5,2.5,24
1779246000.0,1779289200.0,1.3337,long,EURUSD,session_range_fade,1.5,2.5,24
1779339600.0,1779364800.0,1.31,short,EURUSD,session_range_fade,1.5,2.5,24
1779454800.0,1779663600.0,1.3318,long,EURUSD,session_range_fade,1.5,2.5,24
1779714000.0,1779800400.0,0.5959,short,EURUSD,session_range_fade,1.5,2.5,24
1779811200.0,1779883200.0,1.3196,long,EURUSD,session_range_fade,1.5,2.5,24
1779890400.0,1779937200.0,-1.1152,long,EURUSD,session_range_fade,1.5,2.5,24
1780034400.0,1780041600.0,1.2847,short,EURUSD,session_range_fade,1.5,2.5,24
1780297200.0,1780318800.0,-1.1974,long,EURUSD,session_range_fade,1.5,2.5,24
1780416000.0,1780473600.0,-1.1695,long,EURUSD,session_range_fade,1.5,2.5,24
1780545600.0,1780563600.0,-1.2161,short,EURUSD,session_range_fade,1.5,2.5,24
1780639200.0,1780642800.0,-1.3145,short,EURUSD,session_range_fade,1.5,2.5,24
1780970400.0,1780995600.0,-1.1866,short,EURUSD,session_range_fade,1.5,2.5,24
1781078400.0,1781128800.0,-1.1915,long,EURUSD,session_range_fade,1.5,2.5,24
1781164800.0,1781193600.0,-1.153,long,EURUSD,session_range_fade,1.5,2.5,24
1781254800.0,1781496000.0,-1.1263,short,EURUSD,session_range_fade,1.5,2.5,24
1781532000.0,1781550000.0,-1.1477,long,EURUSD,session_range_fade,1.5,2.5,24
1781560800.0,1781647200.0,0.9279,long,EURUSD,session_range_fade,1.5,2.5,24
1781679600.0,1781694000.0,1.2704,short,EURUSD,session_range_fade,1.5,2.5,24
1781827200.0,1782090000.0,-0.1534,short,EURUSD,session_range_fade,1.5,2.5,24
1782097200.0,1782151200.0,1.3443,short,EURUSD,session_range_fade,1.5,2.5,24
1782194400.0,1782201600.0,-1.1884,long,EURUSD,session_range_fade,1.5,2.5,24
1782367200.0,1782396000.0,-1.168,short,EURUSD,session_range_fade,1.5,2.5,24
1782450000.0,1782460800.0,-1.1607,short,EURUSD,session_range_fade,1.5,2.5,24
1782709200.0,1782745200.0,1.3285,long,EURUSD,session_range_fade,1.5,2.5,24
1782781200.0,1782795600.0,-1.1689,long,EURUSD,session_range_fade,1.5,2.5,24
1782964800.0,1782975600.0,-1.1893,short,EURUSD,session_range_fade,1.5,2.5,24
1776240000.0,1776308400.0,1.322,long,EURUSD,session_range_fade,1.5,2.5,48
1776412800.0,1776427200.0,-1.2162,short,EURUSD,session_range_fade,1.5,2.5,48
1776834000.0,1776902400.0,1.4064,short,EURUSD,session_range_fade,1.5,2.5,48
1777014000.0,1777028400.0,-1.1844,short,EURUSD,session_range_fade,1.5,2.5,48
1777258800.0,1777291200.0,-1.1595,short,EURUSD,session_range_fade,1.5,2.5,48
1777305600.0,1777356000.0,-1.1444,long,EURUSD,session_range_fade,1.5,2.5,48
1777456800.0,1777485600.0,1.2979,short,EURUSD,session_range_fade,1.5,2.5,48
1777971600.0,1777993200.0,-1.1867,short,EURUSD,session_range_fade,1.5,2.5,48
1777996800.0,1778022000.0,-1.1529,short,EURUSD,session_range_fade,1.5,2.5,48
1778122800.0,1778184000.0,-1.1681,long,EURUSD,session_range_fade,1.5,2.5,48
1778223600.0,1778241600.0,1.3391,long,EURUSD,session_range_fade,1.5,2.5,48
1778464800.0,1778583600.0,-1.1454,long,EURUSD,session_range_fade,1.5,2.5,48
1778623200.0,1778655600.0,-1.1608,long,EURUSD,session_range_fade,1.5,2.5,48
1778709600.0,1778763600.0,1.3206,short,EURUSD,session_range_fade,1.5,2.5,48
1779130800.0,1779195600.0,1.3968,short,EURUSD,session_range_fade,1.5,2.5,48
1779246000.0,1779289200.0,1.3337,long,EURUSD,session_range_fade,1.5,2.5,48
1779339600.0,1779364800.0,1.31,short,EURUSD,session_range_fade,1.5,2.5,48
1779454800.0,1779663600.0,1.3318,long,EURUSD,session_range_fade,1.5,2.5,48
1779714000.0,1779883200.0,-1.1826,short,EURUSD,session_range_fade,1.5,2.5,48
1779890400.0,1779937200.0,-1.1152,long,EURUSD,session_range_fade,1.5,2.5,48
1780034400.0,1780041600.0,1.2847,short,EURUSD,session_range_fade,1.5,2.5,48
1780297200.0,1780318800.0,-1.1974,long,EURUSD,session_range_fade,1.5,2.5,48
1780416000.0,1780473600.0,-1.1695,long,EURUSD,session_range_fade,1.5,2.5,48
1780545600.0,1780563600.0,-1.2161,short,EURUSD,session_range_fade,1.5,2.5,48
1780639200.0,1780642800.0,-1.3145,short,EURUSD,session_range_fade,1.5,2.5,48
1780970400.0,1780995600.0,-1.1866,short,EURUSD,session_range_fade,1.5,2.5,48
1781078400.0,1781128800.0,-1.1915,long,EURUSD,session_range_fade,1.5,2.5,48
1781164800.0,1781193600.0,-1.153,long,EURUSD,session_range_fade,1.5,2.5,48
1781254800.0,1781496000.0,-1.1263,short,EURUSD,session_range_fade,1.5,2.5,48
1781532000.0,1781550000.0,-1.1477,long,EURUSD,session_range_fade,1.5,2.5,48
1781560800.0,1781719200.0,-1.1555,long,EURUSD,session_range_fade,1.5,2.5,48
1781827200.0,1782176400.0,1.0723,short,EURUSD,session_range_fade,1.5,2.5,48
1782194400.0,1782201600.0,-1.1884,long,EURUSD,session_range_fade,1.5,2.5,48
1782367200.0,1782396000.0,-1.168,short,EURUSD,session_range_fade,1.5,2.5,48
1782450000.0,1782460800.0,-1.1607,short,EURUSD,session_range_fade,1.5,2.5,48
1782709200.0,1782745200.0,1.3285,long,EURUSD,session_range_fade,1.5,2.5,48
1782781200.0,1782795600.0,-1.1689,long,EURUSD,session_range_fade,1.5,2.5,48
1782964800.0,1782975600.0,-1.1893,short,EURUSD,session_range_fade,1.5,2.5,48
1776240000.0,1776308400.0,1.322,long,EURUSD,session_range_fade,1.5,2.5,96
1776412800.0,1776427200.0,-1.2162,short,EURUSD,session_range_fade,1.5,2.5,96
1776834000.0,1776902400.0,1.4064,short,EURUSD,session_range_fade,1.5,2.5,96
1777014000.0,1777028400.0,-1.1844,short,EURUSD,session_range_fade,1.5,2.5,96
1777258800.0,1777291200.0,-1.1595,short,EURUSD,session_range_fade,1.5,2.5,96
1777305600.0,1777356000.0,-1.1444,long,EURUSD,session_range_fade,1.5,2.5,96
1777456800.0,1777485600.0,1.2979,short,EURUSD,session_range_fade,1.5,2.5,96
1777971600.0,1777993200.0,-1.1867,short,EURUSD,session_range_fade,1.5,2.5,96
1777996800.0,1778022000.0,-1.1529,short,EURUSD,session_range_fade,1.5,2.5,96
1778122800.0,1778184000.0,-1.1681,long,EURUSD,session_range_fade,1.5,2.5,96
1778223600.0,1778241600.0,1.3391,long,EURUSD,session_range_fade,1.5,2.5,96
1778464800.0,1778583600.0,-1.1454,long,EURUSD,session_range_fade,1.5,2.5,96
1778623200.0,1778655600.0,-1.1608,long,EURUSD,session_range_fade,1.5,2.5,96
1778709600.0,1778763600.0,1.3206,short,EURUSD,session_range_fade,1.5,2.5,96
1779130800.0,1779195600.0,1.3968,short,EURUSD,session_range_fade,1.5,2.5,96
1779246000.0,1779289200.0,1.3337,long,EURUSD,session_range_fade,1.5,2.5,96
1779339600.0,1779364800.0,1.31,short,EURUSD,session_range_fade,1.5,2.5,96
1779454800.0,1779663600.0,1.3318,long,EURUSD,session_range_fade,1.5,2.5,96
1779714000.0,1779883200.0,-1.1826,short,EURUSD,session_range_fade,1.5,2.5,96
1779890400.0,1779937200.0,-1.1152,long,EURUSD,session_range_fade,1.5,2.5,96
1780034400.0,1780041600.0,1.2847,short,EURUSD,session_range_fade,1.5,2.5,96
1780297200.0,1780318800.0,-1.1974,long,EURUSD,session_range_fade,1.5,2.5,96
1780416000.0,1780473600.0,-1.1695,long,EURUSD,session_range_fade,1.5,2.5,96
1780545600.0,1780563600.0,-1.2161,short,EURUSD,session_range_fade,1.5,2.5,96
1780639200.0,1780642800.0,-1.3145,short,EURUSD,session_range_fade,1.5,2.5,96
1780970400.0,1780995600.0,-1.1866,short,EURUSD,session_range_fade,1.5,2.5,96
1781078400.0,1781128800.0,-1.1915,long,EURUSD,session_range_fade,1.5,2.5,96
1781164800.0,1781193600.0,-1.153,long,EURUSD,session_range_fade,1.5,2.5,96
1781254800.0,1781496000.0,-1.1263,short,EURUSD,session_range_fade,1.5,2.5,96
1781532000.0,1781550000.0,-1.1477,long,EURUSD,session_range_fade,1.5,2.5,96
1781560800.0,1781719200.0,-1.1555,long,EURUSD,session_range_fade,1.5,2.5,96
1781827200.0,1782198000.0,1.3891,short,EURUSD,session_range_fade,1.5,2.5,96
1782367200.0,1782396000.0,-1.168,short,EURUSD,session_range_fade,1.5,2.5,96
1782450000.0,1782460800.0,-1.1607,short,EURUSD,session_range_fade,1.5,2.5,96
1782709200.0,1782745200.0,1.3285,long,EURUSD,session_range_fade,1.5,2.5,96
1782781200.0,1782795600.0,-1.1689,long,EURUSD,session_range_fade,1.5,2.5,96
1782964800.0,1782975600.0,-1.1893,short,EURUSD,session_range_fade,1.5,2.5,96
1776240000.0,1776243600.0,-1.2782,long,EURUSD,session_range_fade,2.0,1.6,24
1776254400.0,1776308400.0,1.7681,long,EURUSD,session_range_fade,2.0,1.6,24
1776412800.0,1776427200.0,-1.3379,short,EURUSD,session_range_fade,2.0,1.6,24
1776834000.0,1776902400.0,1.8538,short,EURUSD,session_range_fade,2.0,1.6,24
1777014000.0,1777028400.0,-1.2882,short,EURUSD,session_range_fade,2.0,1.6,24
1777258800.0,1777273200.0,-1.2492,short,EURUSD,session_range_fade,2.0,1.6,24
1777284000.0,1777334400.0,1.7537,short,EURUSD,session_range_fade,2.0,1.6,24
1777456800.0,1777467600.0,1.6843,short,EURUSD,session_range_fade,2.0,1.6,24
1777971600.0,1777986000.0,-1.2917,short,EURUSD,session_range_fade,2.0,1.6,24
1777989600.0,1778022000.0,-1.2526,short,EURUSD,session_range_fade,2.0,1.6,24
1778122800.0,1778144400.0,1.7373,long,EURUSD,session_range_fade,2.0,1.6,24
1778223600.0,1778230800.0,1.7486,long,EURUSD,session_range_fade,2.0,1.6,24
1778464800.0,1778551200.0,-0.049,long,EURUSD,session_range_fade,2.0,1.6,24
1778623200.0,1778652000.0,-1.2512,long,EURUSD,session_range_fade,2.0,1.6,24
1778709600.0,1778763600.0,1.7197,short,EURUSD,session_range_fade,2.0,1.6,24
1779130800.0,1779195600.0,1.8388,short,EURUSD,session_range_fade,2.0,1.6,24
1779246000.0,1779264000.0,-1.2599,long,EURUSD,session_range_fade,2.0,1.6,24
1779271200.0,1779285600.0,-1.2487,short,EURUSD,session_range_fade,2.0,1.6,24
1779339600.0,1779346800.0,1.7031,short,EURUSD,session_range_fade,2.0,1.6,24
1779454800.0,1779458400.0,-1.2628,long,EURUSD,session_range_fade,2.0,1.6,24
1779462000.0,1779663600.0,1.7645,long,EURUSD,session_range_fade,2.0,1.6,24
1779714000.0,1779800400.0,0.9311,short,EURUSD,session_range_fade,2.0,1.6,24
1779811200.0,1779861600.0,1.7182,long,EURUSD,session_range_fade,2.0,1.6,24
1779890400.0,1779937200.0,-1.1801,long,EURUSD,session_range_fade,2.0,1.6,24
1780034400.0,1780041600.0,1.6636,short,EURUSD,session_range_fade,2.0,1.6,24
1780297200.0,1780311600.0,-1.3084,long,EURUSD,session_range_fade,2.0,1.6,24
1780315200.0,1780318800.0,-1.3042,long,EURUSD,session_range_fade,2.0,1.6,24
1780416000.0,1780423200.0,-1.2648,long,EURUSD,session_range_fade,2.0,1.6,24
1780470000.0,1780488000.0,-1.3222,long,EURUSD,session_range_fade,2.0,1.6,24
1780545600.0,1780563600.0,-1.3377,short,EURUSD,session_range_fade,2.0,1.6,24
1780639200.0,1780642800.0,-1.4914,short,EURUSD,session_range_fade,2.0,1.6,24
1780970400.0,1780984800.0,-1.2916,short,EURUSD,session_range_fade,2.0,1.6,24
1780988400.0,1780992000.0,-1.3033,short,EURUSD,session_range_fade,2.0,1.6,24
1781078400.0,1781089200.0,-1.2993,long,EURUSD,session_range_fade,2.0,1.6,24
1781114400.0,1781128800.0,-1.1774,long,EURUSD,session_range_fade,2.0,1.6,24
1781164800.0,1781182800.0,-1.2391,long,EURUSD,session_range_fade,2.0,1.6,24
1781254800.0,1781478000.0,-1.1974,short,EURUSD,session_range_fade,2.0,1.6,24
1781532000.0,1781550000.0,-1.2307,long,EURUSD,session_range_fade,2.0,1.6,24
1781560800.0,1781622000.0,1.7571,long,EURUSD,session_range_fade,2.0,1.6,24
1781679600.0,1781694000.0,1.6413,short,EURUSD,session_range_fade,2.0,1.6,24
1781827200.0,1781845200.0,1.8267,short,EURUSD,session_range_fade,2.0,1.6,24
1782086400.0,1782133200.0,1.7689,short,EURUSD,session_range_fade,2.0,1.6,24
1782194400.0,1782198000.0,-1.2944,long,EURUSD,session_range_fade,2.0,1.6,24
1782367200.0,1782374400.0,-1.2624,short,EURUSD,session_range_fade,2.0,1.6,24
1782378000.0,1782385200.0,1.7515,short,EURUSD,session_range_fade,2.0,1.6,24
1782450000.0,1782460800.0,-1.2511,short,EURUSD,session_range_fade,2.0,1.6,24
1782709200.0,1782741600.0,1.732,long,EURUSD,session_range_fade,2.0,1.6,24
1782781200.0,1782792000.0,-1.2639,long,EURUSD,session_range_fade,2.0,1.6,24
1782964800.0,1782972000.0,-1.2957,short,EURUSD,session_range_fade,2.0,1.6,24
1776240000.0,1776243600.0,-1.2782,long,EURUSD,session_range_fade,2.0,1.6,48
1776254400.0,1776308400.0,1.7681,long,EURUSD,session_range_fade,2.0,1.6,48
1776412800.0,1776427200.0,-1.3379,short,EURUSD,session_range_fade,2.0,1.6,48
1776834000.0,1776902400.0,1.8538,short,EURUSD,session_range_fade,2.0,1.6,48
1777014000.0,1777028400.0,-1.2882,short,EURUSD,session_range_fade,2.0,1.6,48
1777258800.0,1777273200.0,-1.2492,short,EURUSD,session_range_fade,2.0,1.6,48
1777284000.0,1777334400.0,1.7537,short,EURUSD,session_range_fade,2.0,1.6,48
1777456800.0,1777467600.0,1.6843,short,EURUSD,session_range_fade,2.0,1.6,48
1777971600.0,1777986000.0,-1.2917,short,EURUSD,session_range_fade,2.0,1.6,48
1777989600.0,1778022000.0,-1.2526,short,EURUSD,session_range_fade,2.0,1.6,48
1778122800.0,1778144400.0,1.7373,long,EURUSD,session_range_fade,2.0,1.6,48
1778223600.0,1778230800.0,1.7486,long,EURUSD,session_range_fade,2.0,1.6,48
1778464800.0,1778569200.0,-1.2272,long,EURUSD,session_range_fade,2.0,1.6,48
1778623200.0,1778652000.0,-1.2512,long,EURUSD,session_range_fade,2.0,1.6,48
1778709600.0,1778763600.0,1.7197,short,EURUSD,session_range_fade,2.0,1.6,48
1779130800.0,1779195600.0,1.8388,short,EURUSD,session_range_fade,2.0,1.6,48
1779246000.0,1779264000.0,-1.2599,long,EURUSD,session_range_fade,2.0,1.6,48
1779271200.0,1779285600.0,-1.2487,short,EURUSD,session_range_fade,2.0,1.6,48
1779339600.0,1779346800.0,1.7031,short,EURUSD,session_range_fade,2.0,1.6,48
1779454800.0,1779458400.0,-1.2628,long,EURUSD,session_range_fade,2.0,1.6,48
1779462000.0,1779663600.0,1.7645,long,EURUSD,session_range_fade,2.0,1.6,48
1779714000.0,1779883200.0,-1.2853,short,EURUSD,session_range_fade,2.0,1.6,48
1779890400.0,1779937200.0,-1.1801,long,EURUSD,session_range_fade,2.0,1.6,48
1780034400.0,1780041600.0,1.6636,short,EURUSD,session_range_fade,2.0,1.6,48
1780297200.0,1780311600.0,-1.3084,long,EURUSD,session_range_fade,2.0,1.6,48
1780315200.0,1780318800.0,-1.3042,long,EURUSD,session_range_fade,2.0,1.6,48
1780416000.0,1780423200.0,-1.2648,long,EURUSD,session_range_fade,2.0,1.6,48
1780470000.0,1780488000.0,-1.3222,long,EURUSD,session_range_fade,2.0,1.6,48
1780545600.0,1780563600.0,-1.3377,short,EURUSD,session_range_fade,2.0,1.6,48
1780639200.0,1780642800.0,-1.4914,short,EURUSD,session_range_fade,2.0,1.6,48
1780970400.0,1780984800.0,-1.2916,short,EURUSD,session_range_fade,2.0,1.6,48
1780988400.0,1780992000.0,-1.3033,short,EURUSD,session_range_fade,2.0,1.6,48
1781078400.0,1781089200.0,-1.2993,long,EURUSD,session_range_fade,2.0,1.6,48
1781114400.0,1781128800.0,-1.1774,long,EURUSD,session_range_fade,2.0,1.6,48
1781164800.0,1781182800.0,-1.2391,long,EURUSD,session_range_fade,2.0,1.6,48
1781254800.0,1781478000.0,-1.1974,short,EURUSD,session_range_fade,2.0,1.6,48
1781532000.0,1781550000.0,-1.2307,long,EURUSD,session_range_fade,2.0,1.6,48
1781560800.0,1781622000.0,1.7571,long,EURUSD,session_range_fade,2.0,1.6,48
1781679600.0,1781694000.0,1.6413,short,EURUSD,session_range_fade,2.0,1.6,48
1781827200.0,1781845200.0,1.8267,short,EURUSD,session_range_fade,2.0,1.6,48
1782086400.0,1782133200.0,1.7689,short,EURUSD,session_range_fade,2.0,1.6,48
1782194400.0,1782198000.0,-1.2944,long,EURUSD,session_range_fade,2.0,1.6,48
1782367200.0,1782374400.0,-1.2624,short,EURUSD,session_range_fade,2.0,1.6,48
1782378000.0,1782385200.0,1.7515,short,EURUSD,session_range_fade,2.0,1.6,48
1782450000.0,1782460800.0,-1.2511,short,EURUSD,session_range_fade,2.0,1.6,48
1782709200.0,1782741600.0,1.732,long,EURUSD,session_range_fade,2.0,1.6,48
1782781200.0,1782792000.0,-1.2639,long,EURUSD,session_range_fade,2.0,1.6,48
1782964800.0,1782972000.0,-1.2957,short,EURUSD,session_range_fade,2.0,1.6,48
1776240000.0,1776243600.0,-1.2782,long,EURUSD,session_range_fade,2.0,1.6,96
1776254400.0,1776308400.0,1.7681,long,EURUSD,session_range_fade,2.0,1.6,96
1776412800.0,1776427200.0,-1.3379,short,EURUSD,session_range_fade,2.0,1.6,96
1776834000.0,1776902400.0,1.8538,short,EURUSD,session_range_fade,2.0,1.6,96
1777014000.0,1777028400.0,-1.2882,short,EURUSD,session_range_fade,2.0,1.6,96
1777258800.0,1777273200.0,-1.2492,short,EURUSD,session_range_fade,2.0,1.6,96
1777284000.0,1777334400.0,1.7537,short,EURUSD,session_range_fade,2.0,1.6,96
1777456800.0,1777467600.0,1.6843,short,EURUSD,session_range_fade,2.0,1.6,96
1777971600.0,1777986000.0,-1.2917,short,EURUSD,session_range_fade,2.0,1.6,96
1777989600.0,1778022000.0,-1.2526,short,EURUSD,session_range_fade,2.0,1.6,96
1778122800.0,1778144400.0,1.7373,long,EURUSD,session_range_fade,2.0,1.6,96
1778223600.0,1778230800.0,1.7486,long,EURUSD,session_range_fade,2.0,1.6,96
1778464800.0,1778569200.0,-1.2272,long,EURUSD,session_range_fade,2.0,1.6,96
1778623200.0,1778652000.0,-1.2512,long,EURUSD,session_range_fade,2.0,1.6,96
1778709600.0,1778763600.0,1.7197,short,EURUSD,session_range_fade,2.0,1.6,96
1779130800.0,1779195600.0,1.8388,short,EURUSD,session_range_fade,2.0,1.6,96
1779246000.0,1779264000.0,-1.2599,long,EURUSD,session_range_fade,2.0,1.6,96
1779271200.0,1779285600.0,-1.2487,short,EURUSD,session_range_fade,2.0,1.6,96
1779339600.0,1779346800.0,1.7031,short,EURUSD,session_range_fade,2.0,1.6,96
1779454800.0,1779458400.0,-1.2628,long,EURUSD,session_range_fade,2.0,1.6,96
1779462000.0,1779663600.0,1.7645,long,EURUSD,session_range_fade,2.0,1.6,96
1779714000.0,1779883200.0,-1.2853,short,EURUSD,session_range_fade,2.0,1.6,96
1779890400.0,1779937200.0,-1.1801,long,EURUSD,session_range_fade,2.0,1.6,96
1780034400.0,1780041600.0,1.6636,short,EURUSD,session_range_fade,2.0,1.6,96
1780297200.0,1780311600.0,-1.3084,long,EURUSD,session_range_fade,2.0,1.6,96
1780315200.0,1780318800.0,-1.3042,long,EURUSD,session_range_fade,2.0,1.6,96
1780416000.0,1780423200.0,-1.2648,long,EURUSD,session_range_fade,2.0,1.6,96
1780470000.0,1780488000.0,-1.3222,long,EURUSD,session_range_fade,2.0,1.6,96
1780545600.0,1780563600.0,-1.3377,short,EURUSD,session_range_fade,2.0,1.6,96
1780639200.0,1780642800.0,-1.4914,short,EURUSD,session_range_fade,2.0,1.6,96
1780970400.0,1780984800.0,-1.2916,short,EURUSD,session_range_fade,2.0,1.6,96
1780988400.0,1780992000.0,-1.3033,short,EURUSD,session_range_fade,2.0,1.6,96
1781078400.0,1781089200.0,-1.2993,long,EURUSD,session_range_fade,2.0,1.6,96
1781114400.0,1781128800.0,-1.1774,long,EURUSD,session_range_fade,2.0,1.6,96
1781164800.0,1781182800.0,-1.2391,long,EURUSD,session_range_fade,2.0,1.6,96
1781254800.0,1781478000.0,-1.1974,short,EURUSD,session_range_fade,2.0,1.6,96
1781532000.0,1781550000.0,-1.2307,long,EURUSD,session_range_fade,2.0,1.6,96
1781560800.0,1781622000.0,1.7571,long,EURUSD,session_range_fade,2.0,1.6,96
1781679600.0,1781694000.0,1.6413,short,EURUSD,session_range_fade,2.0,1.6,96
1781827200.0,1781845200.0,1.8267,short,EURUSD,session_range_fade,2.0,1.6,96
1782086400.0,1782133200.0,1.7689,short,EURUSD,session_range_fade,2.0,1.6,96
1782194400.0,1782198000.0,-1.2944,long,EURUSD,session_range_fade,2.0,1.6,96
1782367200.0,1782374400.0,-1.2624,short,EURUSD,session_range_fade,2.0,1.6,96
1782378000.0,1782385200.0,1.7515,short,EURUSD,session_range_fade,2.0,1.6,96
1782450000.0,1782460800.0,-1.2511,short,EURUSD,session_range_fade,2.0,1.6,96
1782709200.0,1782741600.0,1.732,long,EURUSD,session_range_fade,2.0,1.6,96
1782781200.0,1782792000.0,-1.2639,long,EURUSD,session_range_fade,2.0,1.6,96
1782964800.0,1782972000.0,-1.2957,short,EURUSD,session_range_fade,2.0,1.6,96
1776240000.0,1776247200.0,-1.2226,long,EURUSD,session_range_fade,2.0,2.0,24
1776254400.0,1776340800.0,-0.5501,long,EURUSD,session_range_fade,2.0,2.0,24
1776412800.0,1776427200.0,-1.2703,short,EURUSD,session_range_fade,2.0,2.0,24
1776834000.0,1776920400.0,1.3896,short,EURUSD,session_range_fade,2.0,2.0,24
1777014000.0,1777028400.0,-1.2305,short,EURUSD,session_range_fade,2.0,2.0,24
1777258800.0,1777276800.0,-1.1994,short,EURUSD,session_range_fade,2.0,2.0,24
1777284000.0,1777341600.0,1.803,short,EURUSD,session_range_fade,2.0,2.0,24
1777456800.0,1777485600.0,1.7474,short,EURUSD,session_range_fade,2.0,2.0,24
1777971600.0,1777993200.0,-1.2333,short,EURUSD,session_range_fade,2.0,2.0,24
1777996800.0,1778022000.0,-1.1911,short,EURUSD,session_range_fade,2.0,2.0,24
1778122800.0,1778184000.0,-1.2101,long,EURUSD,session_range_fade,2.0,2.0,24
1778223600.0,1778245200.0,1.7989,long,EURUSD,session_range_fade,2.0,2.0,24
1778464800.0,1778551200.0,-0.0392,long,EURUSD,session_range_fade,2.0,2.0,24
1778623200.0,1778652000.0,-1.201,long,EURUSD,session_range_fade,2.0,2.0,24
1778709600.0,1778763600.0,1.7757,short,EURUSD,session_range_fade,2.0,2.0,24
1779130800.0,1779199200.0,1.8711,short,EURUSD,session_range_fade,2.0,2.0,24
1779246000.0,1779264000.0,-1.2079,long,EURUSD,session_range_fade,2.0,2.0,24
1779271200.0,1779285600.0,-1.1989,short,EURUSD,session_range_fade,2.0,2.0,24
1779339600.0,1779368400.0,1.7625,short,EURUSD,session_range_fade,2.0,2.0,24
1779454800.0,1779663600.0,1.7897,long,EURUSD,session_range_fade,2.0,2.0,24
1779714000.0,1779800400.0,0.7449,short,EURUSD,session_range_fade,2.0,2.0,24
1779811200.0,1779883200.0,1.7745,long,EURUSD,session_range_fade,2.0,2.0,24
1779890400.0,1779937200.0,-1.144,long,EURUSD,session_range_fade,2.0,2.0,24
1780034400.0,1780041600.0,1.7309,short,EURUSD,session_range_fade,2.0,2.0,24
1780297200.0,1780311600.0,-1.2468,long,EURUSD,session_range_fade,2.0,2.0,24
1780315200.0,1780318800.0,-1.2434,long,EURUSD,session_range_fade,2.0,2.0,24
1780416000.0,1780473600.0,-1.2119,long,EURUSD,session_range_fade,2.0,2.0,24
1780545600.0,1780563600.0,-1.2702,short,EURUSD,session_range_fade,2.0,2.0,24
1780639200.0,1780642800.0,-1.3931,short,EURUSD,session_range_fade,2.0,2.0,24
1780970400.0,1780995600.0,-1.2333,short,EURUSD,session_range_fade,2.0,2.0,24
1781078400.0,1781089200.0,-1.2394,long,EURUSD,session_range_fade,2.0,2.0,24
1781114400.0,1781172000.0,-1.1419,long,EURUSD,session_range_fade,2.0,2.0,24
1781254800.0,1781478000.0,-1.1579,short,EURUSD,session_range_fade,2.0,2.0,24
1781532000.0,1781550000.0,-1.1846,long,EURUSD,session_range_fade,2.0,2.0,24
1781560800.0,1781647200.0,1.1599,long,EURUSD,session_range_fade,2.0,2.0,24
1781679600.0,1781719200.0,1.7131,short,EURUSD,session_range_fade,2.0,2.0,24
1781827200.0,1782090000.0,-0.1917,short,EURUSD,session_range_fade,2.0,2.0,24
1782097200.0,1782154800.0,1.8054,short,EURUSD,session_range_fade,2.0,2.0,24
1782194400.0,1782201600.0,-1.2355,long,EURUSD,session_range_fade,2.0,2.0,24
1782367200.0,1782374400.0,-1.21,short,EURUSD,session_range_fade,2.0,2.0,24
1782378000.0,1782396000.0,-1.1988,short,EURUSD,session_range_fade,2.0,2.0,24
1782450000.0,1782460800.0,-1.2009,short,EURUSD,session_range_fade,2.0,2.0,24
1782709200.0,1782748800.0,1.7856,long,EURUSD,session_range_fade,2.0,2.0,24
1782781200.0,1782795600.0,-1.2111,long,EURUSD,session_range_fade,2.0,2.0,24
1782964800.0,1782972000.0,-1.2366,short,EURUSD,session_range_fade,2.0,2.0,24
1776240000.0,1776247200.0,-1.2226,long,EURUSD,session_range_fade,2.0,2.0,48
1776254400.0,1776344400.0,-1.1856,long,EURUSD,session_range_fade,2.0,2.0,48
1776412800.0,1776427200.0,-1.2703,short,EURUSD,session_range_fade,2.0,2.0,48
1776834000.0,1776934800.0,1.883,short,EURUSD,session_range_fade,2.0,2.0,48
1777014000.0,1777028400.0,-1.2305,short,EURUSD,session_range_fade,2.0,2.0,48
1777258800.0,1777276800.0,-1.1994,short,EURUSD,session_range_fade,2.0,2.0,48
1777284000.0,1777341600.0,1.803,short,EURUSD,session_range_fade,2.0,2.0,48
1777456800.0,1777485600.0,1.7474,short,EURUSD,session_range_fade,2.0,2.0,48
1777971600.0,1777993200.0,-1.2333,short,EURUSD,session_range_fade,2.0,2.0,48
1777996800.0,1778022000.0,-1.1911,short,EURUSD,session_range_fade,2.0,2.0,48
1778122800.0,1778184000.0,-1.2101,long,EURUSD,session_range_fade,2.0,2.0,48
1778223600.0,1778245200.0,1.7989,long,EURUSD,session_range_fade,2.0,2.0,48
1778464800.0,1778583600.0,-1.1817,long,EURUSD,session_range_fade,2.0,2.0,48
1778623200.0,1778652000.0,-1.201,long,EURUSD,session_range_fade,2.0,2.0,48
1778709600.0,1778763600.0,1.7757,short,EURUSD,session_range_fade,2.0,2.0,48
1779130800.0,1779199200.0,1.8711,short,EURUSD,session_range_fade,2.0,2.0,48
1779246000.0,1779264000.0,-1.2079,long,EURUSD,session_range_fade,2.0,2.0,48
1779271200.0,1779285600.0,-1.1989,short,EURUSD,session_range_fade,2.0,2.0,48
1779339600.0,1779368400.0,1.7625,short,EURUSD,session_range_fade,2.0,2.0,48
1779454800.0,1779663600.0,1.7897,long,EURUSD,session_range_fade,2.0,2.0,48
1779714000.0,1779883200.0,-1.2282,short,EURUSD,session_range_fade,2.0,2.0,48
1779890400.0,1779937200.0,-1.144,long,EURUSD,session_range_fade,2.0,2.0,48
1780034400.0,1780041600.0,1.7309,short,EURUSD,session_range_fade,2.0,2.0,48
1780297200.0,1780311600.0,-1.2468,long,EURUSD,session_range_fade,2.0,2.0,48
1780315200.0,1780318800.0,-1.2434,long,EURUSD,session_range_fade,2.0,2.0,48
1780416000.0,1780473600.0,-1.2119,long,EURUSD,session_range_fade,2.0,2.0,48
1780545600.0,1780563600.0,-1.2702,short,EURUSD,session_range_fade,2.0,2.0,48
1780639200.0,1780642800.0,-1.3931,short,EURUSD,session_range_fade,2.0,2.0,48
1780970400.0,1780995600.0,-1.2333,short,EURUSD,session_range_fade,2.0,2.0,48
1781078400.0,1781089200.0,-1.2394,long,EURUSD,session_range_fade,2.0,2.0,48
1781114400.0,1781172000.0,-1.1419,long,EURUSD,session_range_fade,2.0,2.0,48
1781254800.0,1781478000.0,-1.1579,short,EURUSD,session_range_fade,2.0,2.0,48
1781532000.0,1781550000.0,-1.1846,long,EURUSD,session_range_fade,2.0,2.0,48
1781560800.0,1781719200.0,-1.1943,long,EURUSD,session_range_fade,2.0,2.0,48
1781827200.0,1782176400.0,1.3404,short,EURUSD,session_range_fade,2.0,2.0,48
1782194400.0,1782201600.0,-1.2355,long,EURUSD,session_range_fade,2.0,2.0,48
1782367200.0,1782374400.0,-1.21,short,EURUSD,session_range_fade,2.0,2.0,48
1782378000.0,1782396000.0,-1.1988,short,EURUSD,session_range_fade,2.0,2.0,48
1782450000.0,1782460800.0,-1.2009,short,EURUSD,session_range_fade,2.0,2.0,48
1782709200.0,1782748800.0,1.7856,long,EURUSD,session_range_fade,2.0,2.0,48
1782781200.0,1782795600.0,-1.2111,long,EURUSD,session_range_fade,2.0,2.0,48
1782964800.0,1782972000.0,-1.2366,short,EURUSD,session_range_fade,2.0,2.0,48
1776240000.0,1776247200.0,-1.2226,long,EURUSD,session_range_fade,2.0,2.0,96
1776254400.0,1776344400.0,-1.1856,long,EURUSD,session_range_fade,2.0,2.0,96
1776412800.0,1776427200.0,-1.2703,short,EURUSD,session_range_fade,2.0,2.0,96
1776834000.0,1776934800.0,1.883,short,EURUSD,session_range_fade,2.0,2.0,96
1777014000.0,1777028400.0,-1.2305,short,EURUSD,session_range_fade,2.0,2.0,96
1777258800.0,1777276800.0,-1.1994,short,EURUSD,session_range_fade,2.0,2.0,96
1777284000.0,1777341600.0,1.803,short,EURUSD,session_range_fade,2.0,2.0,96
1777456800.0,1777485600.0,1.7474,short,EURUSD,session_range_fade,2.0,2.0,96
1777971600.0,1777993200.0,-1.2333,short,EURUSD,session_range_fade,2.0,2.0,96
1777996800.0,1778022000.0,-1.1911,short,EURUSD,session_range_fade,2.0,2.0,96
1778122800.0,1778184000.0,-1.2101,long,EURUSD,session_range_fade,2.0,2.0,96
1778223600.0,1778245200.0,1.7989,long,EURUSD,session_range_fade,2.0,2.0,96
1778464800.0,1778583600.0,-1.1817,long,EURUSD,session_range_fade,2.0,2.0,96
1778623200.0,1778652000.0,-1.201,long,EURUSD,session_range_fade,2.0,2.0,96
1778709600.0,1778763600.0,1.7757,short,EURUSD,session_range_fade,2.0,2.0,96
1779130800.0,1779199200.0,1.8711,short,EURUSD,session_range_fade,2.0,2.0,96
1779246000.0,1779264000.0,-1.2079,long,EURUSD,session_range_fade,2.0,2.0,96
1779271200.0,1779285600.0,-1.1989,short,EURUSD,session_range_fade,2.0,2.0,96
1779339600.0,1779368400.0,1.7625,short,EURUSD,session_range_fade,2.0,2.0,96
1779454800.0,1779663600.0,1.7897,long,EURUSD,session_range_fade,2.0,2.0,96
1779714000.0,1779883200.0,-1.2282,short,EURUSD,session_range_fade,2.0,2.0,96
1779890400.0,1779937200.0,-1.144,long,EURUSD,session_range_fade,2.0,2.0,96
1780034400.0,1780041600.0,1.7309,short,EURUSD,session_range_fade,2.0,2.0,96
1780297200.0,1780311600.0,-1.2468,long,EURUSD,session_range_fade,2.0,2.0,96
1780315200.0,1780318800.0,-1.2434,long,EURUSD,session_range_fade,2.0,2.0,96
1780416000.0,1780473600.0,-1.2119,long,EURUSD,session_range_fade,2.0,2.0,96
1780545600.0,1780563600.0,-1.2702,short,EURUSD,session_range_fade,2.0,2.0,96
1780639200.0,1780642800.0,-1.3931,short,EURUSD,session_range_fade,2.0,2.0,96
1780970400.0,1780995600.0,-1.2333,short,EURUSD,session_range_fade,2.0,2.0,96
1781078400.0,1781089200.0,-1.2394,long,EURUSD,session_range_fade,2.0,2.0,96
1781114400.0,1781172000.0,-1.1419,long,EURUSD,session_range_fade,2.0,2.0,96
1781254800.0,1781478000.0,-1.1579,short,EURUSD,session_range_fade,2.0,2.0,96
1781532000.0,1781550000.0,-1.1846,long,EURUSD,session_range_fade,2.0,2.0,96
1781560800.0,1781719200.0,-1.1943,long,EURUSD,session_range_fade,2.0,2.0,96
1781827200.0,1782198000.0,1.8614,short,EURUSD,session_range_fade,2.0,2.0,96
1782367200.0,1782374400.0,-1.21,short,EURUSD,session_range_fade,2.0,2.0,96
1782378000.0,1782396000.0,-1.1988,short,EURUSD,session_range_fade,2.0,2.0,96
1782450000.0,1782460800.0,-1.2009,short,EURUSD,session_range_fade,2.0,2.0,96
1782709200.0,1782748800.0,1.7856,long,EURUSD,session_range_fade,2.0,2.0,96
1782781200.0,1782795600.0,-1.2111,long,EURUSD,session_range_fade,2.0,2.0,96
1782964800.0,1782972000.0,-1.2366,short,EURUSD,session_range_fade,2.0,2.0,96
1776240000.0,1776326400.0,-0.3879,long,EURUSD,session_range_fade,2.0,2.5,24
1776412800.0,1776427200.0,-1.2162,short,EURUSD,session_range_fade,2.0,2.5,24
1776834000.0,1776920400.0,1.1116,short,EURUSD,session_range_fade,2.0,2.5,24
1777014000.0,1777028400.0,-1.1844,short,EURUSD,session_range_fade,2.0,2.5,24
1777258800.0,1777291200.0,-1.1595,short,EURUSD,session_range_fade,2.0,2.5,24
1777305600.0,1777356000.0,-1.1444,long,EURUSD,session_range_fade,2.0,2.5,24
1777456800.0,1777485600.0,1.7979,short,EURUSD,session_range_fade,2.0,2.5,24
1777971600.0,1777993200.0,-1.1867,short,EURUSD,session_range_fade,2.0,2.5,24
1777996800.0,1778022000.0,-1.1529,short,EURUSD,session_range_fade,2.0,2.5,24
1778122800.0,1778184000.0,-1.1681,long,EURUSD,session_range_fade,2.0,2.5,24
1778223600.0,1778270400.0,1.8391,long,EURUSD,session_range_fade,2.0,2.5,24
1778464800.0,1778551200.0,-0.0313,long,EURUSD,session_range_fade,2.0,2.5,24
1778623200.0,1778655600.0,-1.1608,long,EURUSD,session_range_fade,2.0,2.5,24
1778709600.0,1778770800.0,1.8206,short,EURUSD,session_range_fade,2.0,2.5,24
1779130800.0,1779217200.0,1.294,short,EURUSD,session_range_fade,2.0,2.5,24
1779246000.0,1779289200.0,1.8337,long,EURUSD,session_range_fade,2.0,2.5,24
1779339600.0,1779368400.0,1.81,short,EURUSD,session_range_fade,2.0,2.5,24
1779454800.0,1779663600.0,1.8318,long,EURUSD,session_range_fade,2.0,2.5,24
1779714000.0,1779800400.0,0.5959,short,EURUSD,session_range_fade,2.0,2.5,24
1779811200.0,1779897600.0,0.2395,long,EURUSD,session_range_fade,2.0,2.5,24
1779901200.0,1779937200.0,-1.106,long,EURUSD,session_range_fade,2.0,2.5,24
1780034400.0,1780063200.0,-1.2153,short,EURUSD,session_range_fade,2.0,2.5,24
1780297200.0,1780318800.0,-1.1974,long,EURUSD,session_range_fade,2.0,2.5,24
1780416000.0,1780473600.0,-1.1695,long,EURUSD,session_range_fade,2.0,2.5,24
1780545600.0,1780563600.0,-1.2161,short,EURUSD,session_range_fade,2.0,2.5,24
1780639200.0,1780642800.0,-1.3145,short,EURUSD,session_range_fade,2.0,2.5,24
1780970400.0,1780995600.0,-1.1866,short,EURUSD,session_range_fade,2.0,2.5,24
1781078400.0,1781128800.0,-1.1915,long,EURUSD,session_range_fade,2.0,2.5,24
1781164800.0,1781193600.0,-1.153,long,EURUSD,session_range_fade,2.0,2.5,24
1781254800.0,1781496000.0,-1.1263,short,EURUSD,session_range_fade,2.0,2.5,24
1781532000.0,1781550000.0,-1.1477,long,EURUSD,session_range_fade,2.0,2.5,24
1781560800.0,1781647200.0,0.9279,long,EURUSD,session_range_fade,2.0,2.5,24
1781679600.0,1781719200.0,1.7704,short,EURUSD,session_range_fade,2.0,2.5,24
1781827200.0,1782090000.0,-0.1534,short,EURUSD,session_range_fade,2.0,2.5,24
1782097200.0,1782183600.0,1.09,short,EURUSD,session_range_fade,2.0,2.5,24
1782194400.0,1782201600.0,-1.1884,long,EURUSD,session_range_fade,2.0,2.5,24
1782367200.0,1782396000.0,-1.168,short,EURUSD,session_range_fade,2.0,2.5,24
1782450000.0,1782460800.0,-1.1607,short,EURUSD,session_range_fade,2.0,2.5,24
1782709200.0,1782766800.0,1.8285,long,EURUSD,session_range_fade,2.0,2.5,24
1782781200.0,1782795600.0,-1.1689,long,EURUSD,session_range_fade,2.0,2.5,24
1782964800.0,1782975600.0,-1.1893,short,EURUSD,session_range_fade,2.0,2.5,24
1776240000.0,1776344400.0,-1.178,long,EURUSD,session_range_fade,2.0,2.5,48
1776412800.0,1776427200.0,-1.2162,short,EURUSD,session_range_fade,2.0,2.5,48
1776834000.0,1776963600.0,1.9064,short,EURUSD,session_range_fade,2.0,2.5,48
1777014000.0,1777028400.0,-1.1844,short,EURUSD,session_range_fade,2.0,2.5,48
1777258800.0,1777291200.0,-1.1595,short,EURUSD,session_range_fade,2.0,2.5,48
1777305600.0,1777356000.0,-1.1444,long,EURUSD,session_range_fade,2.0,2.5,48
1777456800.0,1777485600.0,1.7979,short,EURUSD,session_range_fade,2.0,2.5,48
1777971600.0,1777993200.0,-1.1867,short,EURUSD,session_range_fade,2.0,2.5,48
1777996800.0,1778022000.0,-1.1529,short,EURUSD,session_range_fade,2.0,2.5,48
1778122800.0,1778184000.0,-1.1681,long,EURUSD,session_range_fade,2.0,2.5,48
1778223600.0,1778270400.0,1.8391,long,EURUSD,session_range_fade,2.0,2.5,48
1778464800.0,1778583600.0,-1.1454,long,EURUSD,session_range_fade,2.0,2.5,48
1778623200.0,1778655600.0,-1.1608,long,EURUSD,session_range_fade,2.0,2.5,48
1778709600.0,1778770800.0,1.8206,short,EURUSD,session_range_fade,2.0,2.5,48
1779130800.0,1779264000.0,1.8968,short,EURUSD,session_range_fade,2.0,2.5,48
1779271200.0,1779289200.0,-1.1592,short,EURUSD,session_range_fade,2.0,2.5,48
1779339600.0,1779368400.0,1.81,short,EURUSD,session_range_fade,2.0,2.5,48
1779454800.0,1779663600.0,1.8318,long,EURUSD,session_range_fade,2.0,2.5,48
1779714000.0,1779883200.0,-1.1826,short,EURUSD,session_range_fade,2.0,2.5,48
1779890400.0,1779937200.0,-1.1152,long,EURUSD,session_range_fade,2.0,2.5,48
1780034400.0,1780063200.0,-1.2153,short,EURUSD,session_range_fade,2.0,2.5,48
1780297200.0,1780318800.0,-1.1974,long,EURUSD,session_range_fade,2.0,2.5,48
1780416000.0,1780473600.0,-1.1695,long,EURUSD,session_range_fade,2.0,2.5,48
1780545600.0,1780563600.0,-1.2161,short,EURUSD,session_range_fade,2.0,2.5,48
1780639200.0,1780642800.0,-1.3145,short,EURUSD,session_range_fade,2.0,2.5,48
1780970400.0,1780995600.0,-1.1866,short,EURUSD,session_range_fade,2.0,2.5,48
1781078400.0,1781128800.0,-1.1915,long,EURUSD,session_range_fade,2.0,2.5,48
1781164800.0,1781193600.0,-1.153,long,EURUSD,session_range_fade,2.0,2.5,48
1781254800.0,1781496000.0,-1.1263,short,EURUSD,session_range_fade,2.0,2.5,48
1781532000.0,1781550000.0,-1.1477,long,EURUSD,session_range_fade,2.0,2.5,48
1781560800.0,1781719200.0,-1.1555,long,EURUSD,session_range_fade,2.0,2.5,48
1781827200.0,1782176400.0,1.0723,short,EURUSD,session_range_fade,2.0,2.5,48
1782194400.0,1782201600.0,-1.1884,long,EURUSD,session_range_fade,2.0,2.5,48
1782367200.0,1782396000.0,-1.168,short,EURUSD,session_range_fade,2.0,2.5,48
1782450000.0,1782460800.0,-1.1607,short,EURUSD,session_range_fade,2.0,2.5,48
1782709200.0,1782766800.0,1.8285,long,EURUSD,session_range_fade,2.0,2.5,48
1782781200.0,1782795600.0,-1.1689,long,EURUSD,session_range_fade,2.0,2.5,48
1782964800.0,1782975600.0,-1.1893,short,EURUSD,session_range_fade,2.0,2.5,48
1776240000.0,1776344400.0,-1.178,long,EURUSD,session_range_fade,2.0,2.5,96
1776412800.0,1776427200.0,-1.2162,short,EURUSD,session_range_fade,2.0,2.5,96
1776834000.0,1776963600.0,1.9064,short,EURUSD,session_range_fade,2.0,2.5,96
1777014000.0,1777028400.0,-1.1844,short,EURUSD,session_range_fade,2.0,2.5,96
1777258800.0,1777291200.0,-1.1595,short,EURUSD,session_range_fade,2.0,2.5,96
1777305600.0,1777356000.0,-1.1444,long,EURUSD,session_range_fade,2.0,2.5,96
1777456800.0,1777485600.0,1.7979,short,EURUSD,session_range_fade,2.0,2.5,96
1777971600.0,1777993200.0,-1.1867,short,EURUSD,session_range_fade,2.0,2.5,96
1777996800.0,1778022000.0,-1.1529,short,EURUSD,session_range_fade,2.0,2.5,96
1778122800.0,1778184000.0,-1.1681,long,EURUSD,session_range_fade,2.0,2.5,96
1778223600.0,1778270400.0,1.8391,long,EURUSD,session_range_fade,2.0,2.5,96
1778464800.0,1778583600.0,-1.1454,long,EURUSD,session_range_fade,2.0,2.5,96
1778623200.0,1778655600.0,-1.1608,long,EURUSD,session_range_fade,2.0,2.5,96
1778709600.0,1778770800.0,1.8206,short,EURUSD,session_range_fade,2.0,2.5,96
1779130800.0,1779264000.0,1.8968,short,EURUSD,session_range_fade,2.0,2.5,96
1779271200.0,1779289200.0,-1.1592,short,EURUSD,session_range_fade,2.0,2.5,96
1779339600.0,1779368400.0,1.81,short,EURUSD,session_range_fade,2.0,2.5,96
1779454800.0,1779663600.0,1.8318,long,EURUSD,session_range_fade,2.0,2.5,96
1779714000.0,1779883200.0,-1.1826,short,EURUSD,session_range_fade,2.0,2.5,96
1779890400.0,1779937200.0,-1.1152,long,EURUSD,session_range_fade,2.0,2.5,96
1780034400.0,1780063200.0,-1.2153,short,EURUSD,session_range_fade,2.0,2.5,96
1780297200.0,1780318800.0,-1.1974,long,EURUSD,session_range_fade,2.0,2.5,96
1780416000.0,1780473600.0,-1.1695,long,EURUSD,session_range_fade,2.0,2.5,96
1780545600.0,1780563600.0,-1.2161,short,EURUSD,session_range_fade,2.0,2.5,96
1780639200.0,1780642800.0,-1.3145,short,EURUSD,session_range_fade,2.0,2.5,96
1780970400.0,1780995600.0,-1.1866,short,EURUSD,session_range_fade,2.0,2.5,96
1781078400.0,1781128800.0,-1.1915,long,EURUSD,session_range_fade,2.0,2.5,96
1781164800.0,1781193600.0,-1.153,long,EURUSD,session_range_fade,2.0,2.5,96
1781254800.0,1781496000.0,-1.1263,short,EURUSD,session_range_fade,2.0,2.5,96
1781532000.0,1781550000.0,-1.1477,long,EURUSD,session_range_fade,2.0,2.5,96
1781560800.0,1781719200.0,-1.1555,long,EURUSD,session_range_fade,2.0,2.5,96
1781827200.0,1782208800.0,1.8891,short,EURUSD,session_range_fade,2.0,2.5,96
1782367200.0,1782396000.0,-1.168,short,EURUSD,session_range_fade,2.0,2.5,96
1782450000.0,1782460800.0,-1.1607,short,EURUSD,session_range_fade,2.0,2.5,96
1782709200.0,1782766800.0,1.8285,long,EURUSD,session_range_fade,2.0,2.5,96
1782781200.0,1782795600.0,-1.1689,long,EURUSD,session_range_fade,2.0,2.5,96
1782964800.0,1782975600.0,-1.1893,short,EURUSD,session_range_fade,2.0,2.5,96
1776240000.0,1776243600.0,-1.2782,long,EURUSD,session_range_fade,2.5,1.6,24
1776254400.0,1776333600.0,-1.2319,long,EURUSD,session_range_fade,2.5,1.6,24
1776412800.0,1776427200.0,-1.3379,short,EURUSD,session_range_fade,2.5,1.6,24
1776834000.0,1776920400.0,1.737,short,EURUSD,session_range_fade,2.5,1.6,24
1777014000.0,1777028400.0,-1.2882,short,EURUSD,session_range_fade,2.5,1.6,24
1777258800.0,1777273200.0,-1.2492,short,EURUSD,session_range_fade,2.5,1.6,24
1777284000.0,1777341600.0,2.2537,short,EURUSD,session_range_fade,2.5,1.6,24
1777456800.0,1777485600.0,2.1843,short,EURUSD,session_range_fade,2.5,1.6,24
1777971600.0,1777986000.0,-1.2917,short,EURUSD,session_range_fade,2.5,1.6,24
1777989600.0,1778022000.0,-1.2526,short,EURUSD,session_range_fade,2.5,1.6,24
1778122800.0,1778180400.0,-1.2627,long,EURUSD,session_range_fade,2.5,1.6,24
1778223600.0,1778245200.0,2.2486,long,EURUSD,session_range_fade,2.5,1.6,24
1778464800.0,1778551200.0,-0.049,long,EURUSD,session_range_fade,2.5,1.6,24
1778623200.0,1778652000.0,-1.2512,long,EURUSD,session_range_fade,2.5,1.6,24
1778709600.0,1778763600.0,2.2197,short,EURUSD,session_range_fade,2.5,1.6,24
1779130800.0,1779199200.0,2.3388,short,EURUSD,session_range_fade,2.5,1.6,24
1779246000.0,1779264000.0,-1.2599,long,EURUSD,session_range_fade,2.5,1.6,24
1779271200.0,1779285600.0,-1.2487,short,EURUSD,session_range_fade,2.5,1.6,24
1779339600.0,1779350400.0,-1.2969,short,EURUSD,session_range_fade,2.5,1.6,24
1779454800.0,1779458400.0,-1.2628,long,EURUSD,session_range_fade,2.5,1.6,24
1779462000.0,1779663600.0,2.2645,long,EURUSD,session_range_fade,2.5,1.6,24
1779714000.0,1779800400.0,0.9311,short,EURUSD,session_range_fade,2.5,1.6,24
1779811200.0,1779883200.0,2.2182,long,EURUSD,session_range_fade,2.5,1.6,24
1779890400.0,1779937200.0,-1.1801,long,EURUSD,session_range_fade,2.5,1.6,24
1780034400.0,1780041600.0,2.1636,short,EURUSD,session_range_fade,2.5,1.6,24
1780297200.0,1780311600.0,-1.3084,long,EURUSD,session_range_fade,2.5,1.6,24
1780315200.0,1780318800.0,-1.3042,long,EURUSD,session_range_fade,2.5,1.6,24
1780416000.0,1780423200.0,-1.2648,long,EURUSD,session_range_fade,2.5,1.6,24
1780470000.0,1780488000.0,-1.3222,long,EURUSD,session_range_fade,2.5,1.6,24
1780545600.0,1780563600.0,-1.3377,short,EURUSD,session_range_fade,2.5,1.6,24
1780639200.0,1780642800.0,-1.4914,short,EURUSD,session_range_fade,2.5,1.6,24
1780970400.0,1780984800.0,-1.2916,short,EURUSD,session_range_fade,2.5,1.6,24
1780988400.0,1780992000.0,-1.3033,short,EURUSD,session_range_fade,2.5,1.6,24
1781078400.0,1781089200.0,-1.2993,long,EURUSD,session_range_fade,2.5,1.6,24
1781114400.0,1781128800.0,-1.1774,long,EURUSD,session_range_fade,2.5,1.6,24
1781164800.0,1781182800.0,-1.2391,long,EURUSD,session_range_fade,2.5,1.6,24
1781254800.0,1781478000.0,-1.1974,short,EURUSD,session_range_fade,2.5,1.6,24
1781532000.0,1781550000.0,-1.2307,long,EURUSD,session_range_fade,2.5,1.6,24
1781560800.0,1781647200.0,1.4499,long,EURUSD,session_range_fade,2.5,1.6,24
1781679600.0,1781719200.0,2.1413,short,EURUSD,session_range_fade,2.5,1.6,24
1781827200.0,1782090000.0,-0.2396,short,EURUSD,session_range_fade,2.5,1.6,24
1782097200.0,1782154800.0,2.2568,short,EURUSD,session_range_fade,2.5,1.6,24
1782194400.0,1782198000.0,-1.2944,long,EURUSD,session_range_fade,2.5,1.6,24
1782367200.0,1782374400.0,-1.2624,short,EURUSD,session_range_fade,2.5,1.6,24
1782378000.0,1782396000.0,-1.2485,short,EURUSD,session_range_fade,2.5,1.6,24
1782450000.0,1782460800.0,-1.2511,short,EURUSD,session_range_fade,2.5,1.6,24
1782709200.0,1782748800.0,2.232,long,EURUSD,session_range_fade,2.5,1.6,24
1782781200.0,1782792000.0,-1.2639,long,EURUSD,session_range_fade,2.5,1.6,24
1782964800.0,1782972000.0,-1.2957,short,EURUSD,session_range_fade,2.5,1.6,24
1776240000.0,1776243600.0,-1.2782,long,EURUSD,session_range_fade,2.5,1.6,48
1776254400.0,1776333600.0,-1.2319,long,EURUSD,session_range_fade,2.5,1.6,48
1776412800.0,1776427200.0,-1.3379,short,EURUSD,session_range_fade,2.5,1.6,48
1776834000.0,1776934800.0,2.3538,short,EURUSD,session_range_fade,2.5,1.6,48
1777014000.0,1777028400.0,-1.2882,short,EURUSD,session_range_fade,2.5,1.6,48
1777258800.0,1777273200.0,-1.2492,short,EURUSD,session_range_fade,2.5,1.6,48
1777284000.0,1777341600.0,2.2537,short,EURUSD,session_range_fade,2.5,1.6,48
1777456800.0,1777485600.0,2.1843,short,EURUSD,session_range_fade,2.5,1.6,48
1777971600.0,1777986000.0,-1.2917,short,EURUSD,session_range_fade,2.5,1.6,48
1777989600.0,1778022000.0,-1.2526,short,EURUSD,session_range_fade,2.5,1.6,48
1778122800.0,1778180400.0,-1.2627,long,EURUSD,session_range_fade,2.5,1.6,48
1778223600.0,1778245200.0,2.2486,long,EURUSD,session_range_fade,2.5,1.6,48
1778464800.0,1778569200.0,-1.2272,long,EURUSD,session_range_fade,2.5,1.6,48
1778623200.0,1778652000.0,-1.2512,long,EURUSD,session_range_fade,2.5,1.6,48
1778709600.0,1778763600.0,2.2197,short,EURUSD,session_range_fade,2.5,1.6,48
1779130800.0,1779199200.0,2.3388,short,EURUSD,session_range_fade,2.5,1.6,48
1779246000.0,1779264000.0,-1.2599,long,EURUSD,session_range_fade,2.5,1.6,48
1779271200.0,1779285600.0,-1.2487,short,EURUSD,session_range_fade,2.5,1.6,48
1779339600.0,1779350400.0,-1.2969,short,EURUSD,session_range_fade,2.5,1.6,48
1779454800.0,1779458400.0,-1.2628,long,EURUSD,session_range_fade,2.5,1.6,48
1779462000.0,1779663600.0,2.2645,long,EURUSD,session_range_fade,2.5,1.6,48
1779714000.0,1779883200.0,-1.2853,short,EURUSD,session_range_fade,2.5,1.6,48
1779890400.0,1779937200.0,-1.1801,long,EURUSD,session_range_fade,2.5,1.6,48
1780034400.0,1780041600.0,2.1636,short,EURUSD,session_range_fade,2.5,1.6,48
1780297200.0,1780311600.0,-1.3084,long,EURUSD,session_range_fade,2.5,1.6,48
1780315200.0,1780318800.0,-1.3042,long,EURUSD,session_range_fade,2.5,1.6,48
1780416000.0,1780423200.0,-1.2648,long,EURUSD,session_range_fade,2.5,1.6,48
1780470000.0,1780488000.0,-1.3222,long,EURUSD,session_range_fade,2.5,1.6,48
1780545600.0,1780563600.0,-1.3377,short,EURUSD,session_range_fade,2.5,1.6,48
1780639200.0,1780642800.0,-1.4914,short,EURUSD,session_range_fade,2.5,1.6,48
1780970400.0,1780984800.0,-1.2916,short,EURUSD,session_range_fade,2.5,1.6,48
1780988400.0,1780992000.0,-1.3033,short,EURUSD,session_range_fade,2.5,1.6,48
1781078400.0,1781089200.0,-1.2993,long,EURUSD,session_range_fade,2.5,1.6,48
1781114400.0,1781128800.0,-1.1774,long,EURUSD,session_range_fade,2.5,1.6,48
1781164800.0,1781182800.0,-1.2391,long,EURUSD,session_range_fade,2.5,1.6,48
1781254800.0,1781478000.0,-1.1974,short,EURUSD,session_range_fade,2.5,1.6,48
1781532000.0,1781550000.0,-1.2307,long,EURUSD,session_range_fade,2.5,1.6,48
1781560800.0,1781719200.0,-1.2429,long,EURUSD,session_range_fade,2.5,1.6,48
1781827200.0,1782176400.0,1.6755,short,EURUSD,session_range_fade,2.5,1.6,48
1782194400.0,1782198000.0,-1.2944,long,EURUSD,session_range_fade,2.5,1.6,48
1782367200.0,1782374400.0,-1.2624,short,EURUSD,session_range_fade,2.5,1.6,48
1782378000.0,1782396000.0,-1.2485,short,EURUSD,session_range_fade,2.5,1.6,48
1782450000.0,1782460800.0,-1.2511,short,EURUSD,session_range_fade,2.5,1.6,48
1782709200.0,1782748800.0,2.232,long,EURUSD,session_range_fade,2.5,1.6,48
1782781200.0,1782792000.0,-1.2639,long,EURUSD,session_range_fade,2.5,1.6,48
1782964800.0,1782972000.0,-1.2957,short,EURUSD,session_range_fade,2.5,1.6,48
1776240000.0,1776243600.0,-1.2782,long,EURUSD,session_range_fade,2.5,1.6,96
1776254400.0,1776333600.0,-1.2319,long,EURUSD,session_range_fade,2.5,1.6,96
1776412800.0,1776427200.0,-1.3379,short,EURUSD,session_range_fade,2.5,1.6,96
1776834000.0,1776934800.0,2.3538,short,EURUSD,session_range_fade,2.5,1.6,96
1777014000.0,1777028400.0,-1.2882,short,EURUSD,session_range_fade,2.5,1.6,96
1777258800.0,1777273200.0,-1.2492,short,EURUSD,session_range_fade,2.5,1.6,96
1777284000.0,1777341600.0,2.2537,short,EURUSD,session_range_fade,2.5,1.6,96
1777456800.0,1777485600.0,2.1843,short,EURUSD,session_range_fade,2.5,1.6,96
1777971600.0,1777986000.0,-1.2917,short,EURUSD,session_range_fade,2.5,1.6,96
1777989600.0,1778022000.0,-1.2526,short,EURUSD,session_range_fade,2.5,1.6,96
1778122800.0,1778180400.0,-1.2627,long,EURUSD,session_range_fade,2.5,1.6,96
1778223600.0,1778245200.0,2.2486,long,EURUSD,session_range_fade,2.5,1.6,96
1778464800.0,1778569200.0,-1.2272,long,EURUSD,session_range_fade,2.5,1.6,96
1778623200.0,1778652000.0,-1.2512,long,EURUSD,session_range_fade,2.5,1.6,96
1778709600.0,1778763600.0,2.2197,short,EURUSD,session_range_fade,2.5,1.6,96
1779130800.0,1779199200.0,2.3388,short,EURUSD,session_range_fade,2.5,1.6,96
1779246000.0,1779264000.0,-1.2599,long,EURUSD,session_range_fade,2.5,1.6,96
1779271200.0,1779285600.0,-1.2487,short,EURUSD,session_range_fade,2.5,1.6,96
1779339600.0,1779350400.0,-1.2969,short,EURUSD,session_range_fade,2.5,1.6,96
1779454800.0,1779458400.0,-1.2628,long,EURUSD,session_range_fade,2.5,1.6,96
1779462000.0,1779663600.0,2.2645,long,EURUSD,session_range_fade,2.5,1.6,96
1779714000.0,1779883200.0,-1.2853,short,EURUSD,session_range_fade,2.5,1.6,96
1779890400.0,1779937200.0,-1.1801,long,EURUSD,session_range_fade,2.5,1.6,96
1780034400.0,1780041600.0,2.1636,short,EURUSD,session_range_fade,2.5,1.6,96
1780297200.0,1780311600.0,-1.3084,long,EURUSD,session_range_fade,2.5,1.6,96
1780315200.0,1780318800.0,-1.3042,long,EURUSD,session_range_fade,2.5,1.6,96
1780416000.0,1780423200.0,-1.2648,long,EURUSD,session_range_fade,2.5,1.6,96
1780470000.0,1780488000.0,-1.3222,long,EURUSD,session_range_fade,2.5,1.6,96
1780545600.0,1780563600.0,-1.3377,short,EURUSD,session_range_fade,2.5,1.6,96
1780639200.0,1780642800.0,-1.4914,short,EURUSD,session_range_fade,2.5,1.6,96
1780970400.0,1780984800.0,-1.2916,short,EURUSD,session_range_fade,2.5,1.6,96
1780988400.0,1780992000.0,-1.3033,short,EURUSD,session_range_fade,2.5,1.6,96
1781078400.0,1781089200.0,-1.2993,long,EURUSD,session_range_fade,2.5,1.6,96
1781114400.0,1781128800.0,-1.1774,long,EURUSD,session_range_fade,2.5,1.6,96
1781164800.0,1781182800.0,-1.2391,long,EURUSD,session_range_fade,2.5,1.6,96
1781254800.0,1781478000.0,-1.1974,short,EURUSD,session_range_fade,2.5,1.6,96
1781532000.0,1781550000.0,-1.2307,long,EURUSD,session_range_fade,2.5,1.6,96
1781560800.0,1781719200.0,-1.2429,long,EURUSD,session_range_fade,2.5,1.6,96
1781827200.0,1782198000.0,2.3267,short,EURUSD,session_range_fade,2.5,1.6,96
1782367200.0,1782374400.0,-1.2624,short,EURUSD,session_range_fade,2.5,1.6,96
1782378000.0,1782396000.0,-1.2485,short,EURUSD,session_range_fade,2.5,1.6,96
1782450000.0,1782460800.0,-1.2511,short,EURUSD,session_range_fade,2.5,1.6,96
1782709200.0,1782748800.0,2.232,long,EURUSD,session_range_fade,2.5,1.6,96
1782781200.0,1782792000.0,-1.2639,long,EURUSD,session_range_fade,2.5,1.6,96
1782964800.0,1782972000.0,-1.2957,short,EURUSD,session_range_fade,2.5,1.6,96
1776240000.0,1776247200.0,-1.2226,long,EURUSD,session_range_fade,2.5,2.0,24
1776254400.0,1776340800.0,-0.5501,long,EURUSD,session_range_fade,2.5,2.0,24
1776412800.0,1776427200.0,-1.2703,short,EURUSD,session_range_fade,2.5,2.0,24
1776834000.0,1776920400.0,1.3896,short,EURUSD,session_range_fade,2.5,2.0,24
1777014000.0,1777028400.0,-1.2305,short,EURUSD,session_range_fade,2.5,2.0,24
1777258800.0,1777276800.0,-1.1994,short,EURUSD,session_range_fade,2.5,2.0,24
1777284000.0,1777356000.0,2.303,short,EURUSD,session_range_fade,2.5,2.0,24
1777456800.0,1777485600.0,2.2474,short,EURUSD,session_range_fade,2.5,2.0,24
1777971600.0,1777993200.0,-1.2333,short,EURUSD,session_range_fade,2.5,2.0,24
1777996800.0,1778022000.0,-1.1911,short,EURUSD,session_range_fade,2.5,2.0,24
1778122800.0,1778184000.0,-1.2101,long,EURUSD,session_range_fade,2.5,2.0,24
1778223600.0,1778270400.0,2.2989,long,EURUSD,session_range_fade,2.5,2.0,24
1778464800.0,1778551200.0,-0.0392,long,EURUSD,session_range_fade,2.5,2.0,24
1778623200.0,1778652000.0,-1.201,long,EURUSD,session_range_fade,2.5,2.0,24
1778709600.0,1778770800.0,2.2757,short,EURUSD,session_range_fade,2.5,2.0,24
1779130800.0,1779217200.0,1.6174,short,EURUSD,session_range_fade,2.5,2.0,24
1779246000.0,1779264000.0,-1.2079,long,EURUSD,session_range_fade,2.5,2.0,24
1779271200.0,1779285600.0,-1.1989,short,EURUSD,session_range_fade,2.5,2.0,24
1779339600.0,1779368400.0,2.2625,short,EURUSD,session_range_fade,2.5,2.0,24
1779454800.0,1779663600.0,2.2897,long,EURUSD,session_range_fade,2.5,2.0,24
1779714000.0,1779800400.0,0.7449,short,EURUSD,session_range_fade,2.5,2.0,24
1779811200.0,1779897600.0,0.2993,long,EURUSD,session_range_fade,2.5,2.0,24
1779901200.0,1779937200.0,-1.1324,long,EURUSD,session_range_fade,2.5,2.0,24
1780034400.0,1780063200.0,-1.2691,short,EURUSD,session_range_fade,2.5,2.0,24
1780297200.0,1780311600.0,-1.2468,long,EURUSD,session_range_fade,2.5,2.0,24
1780315200.0,1780318800.0,-1.2434,long,EURUSD,session_range_fade,2.5,2.0,24
1780416000.0,1780473600.0,-1.2119,long,EURUSD,session_range_fade,2.5,2.0,24
1780545600.0,1780563600.0,-1.2702,short,EURUSD,session_range_fade,2.5,2.0,24
1780639200.0,1780642800.0,-1.3931,short,EURUSD,session_range_fade,2.5,2.0,24
1780970400.0,1780995600.0,-1.2333,short,EURUSD,session_range_fade,2.5,2.0,24
1781078400.0,1781089200.0,-1.2394,long,EURUSD,session_range_fade,2.5,2.0,24
1781114400.0,1781172000.0,-1.1419,long,EURUSD,session_range_fade,2.5,2.0,24
1781254800.0,1781478000.0,-1.1579,short,EURUSD,session_range_fade,2.5,2.0,24
1781532000.0,1781550000.0,-1.1846,long,EURUSD,session_range_fade,2.5,2.0,24
1781560800.0,1781647200.0,1.1599,long,EURUSD,session_range_fade,2.5,2.0,24
1781679600.0,1781719200.0,2.2131,short,EURUSD,session_range_fade,2.5,2.0,24
1781827200.0,1782090000.0,-0.1917,short,EURUSD,session_range_fade,2.5,2.0,24
1782097200.0,1782183600.0,1.3625,short,EURUSD,session_range_fade,2.5,2.0,24
1782194400.0,1782201600.0,-1.2355,long,EURUSD,session_range_fade,2.5,2.0,24
1782367200.0,1782374400.0,-1.21,short,EURUSD,session_range_fade,2.5,2.0,24
1782378000.0,1782396000.0,-1.1988,short,EURUSD,session_range_fade,2.5,2.0,24
1782450000.0,1782460800.0,-1.2009,short,EURUSD,session_range_fade,2.5,2.0,24
1782709200.0,1782766800.0,2.2856,long,EURUSD,session_range_fade,2.5,2.0,24
1782781200.0,1782795600.0,-1.2111,long,EURUSD,session_range_fade,2.5,2.0,24
1782964800.0,1782972000.0,-1.2366,short,EURUSD,session_range_fade,2.5,2.0,24
1776240000.0,1776247200.0,-1.2226,long,EURUSD,session_range_fade,2.5,2.0,48
1776254400.0,1776344400.0,-1.1856,long,EURUSD,session_range_fade,2.5,2.0,48
1776412800.0,1776427200.0,-1.2703,short,EURUSD,session_range_fade,2.5,2.0,48
1776834000.0,1776963600.0,2.383,short,EURUSD,session_range_fade,2.5,2.0,48
1777014000.0,1777028400.0,-1.2305,short,EURUSD,session_range_fade,2.5,2.0,48
1777258800.0,1777276800.0,-1.1994,short,EURUSD,session_range_fade,2.5,2.0,48
1777284000.0,1777356000.0,2.303,short,EURUSD,session_range_fade,2.5,2.0,48
1777456800.0,1777485600.0,2.2474,short,EURUSD,session_range_fade,2.5,2.0,48
1777971600.0,1777993200.0,-1.2333,short,EURUSD,session_range_fade,2.5,2.0,48
1777996800.0,1778022000.0,-1.1911,short,EURUSD,session_range_fade,2.5,2.0,48
1778122800.0,1778184000.0,-1.2101,long,EURUSD,session_range_fade,2.5,2.0,48
1778223600.0,1778270400.0,2.2989,long,EURUSD,session_range_fade,2.5,2.0,48
1778464800.0,1778583600.0,-1.1817,long,EURUSD,session_range_fade,2.5,2.0,48
1778623200.0,1778652000.0,-1.201,long,EURUSD,session_range_fade,2.5,2.0,48
1778709600.0,1778770800.0,2.2757,short,EURUSD,session_range_fade,2.5,2.0,48
1779130800.0,1779264000.0,2.3711,short,EURUSD,session_range_fade,2.5,2.0,48
1779271200.0,1779285600.0,-1.1989,short,EURUSD,session_range_fade,2.5,2.0,48
1779339600.0,1779368400.0,2.2625,short,EURUSD,session_range_fade,2.5,2.0,48
1779454800.0,1779663600.0,2.2897,long,EURUSD,session_range_fade,2.5,2.0,48
1779714000.0,1779883200.0,-1.2282,short,EURUSD,session_range_fade,2.5,2.0,48
1779890400.0,1779937200.0,-1.144,long,EURUSD,session_range_fade,2.5,2.0,48
1780034400.0,1780063200.0,-1.2691,short,EURUSD,session_range_fade,2.5,2.0,48
1780297200.0,1780311600.0,-1.2468,long,EURUSD,session_range_fade,2.5,2.0,48
1780315200.0,1780318800.0,-1.2434,long,EURUSD,session_range_fade,2.5,2.0,48
1780416000.0,1780473600.0,-1.2119,long,EURUSD,session_range_fade,2.5,2.0,48
1780545600.0,1780563600.0,-1.2702,short,EURUSD,session_range_fade,2.5,2.0,48
1780639200.0,1780642800.0,-1.3931,short,EURUSD,session_range_fade,2.5,2.0,48
1780970400.0,1780995600.0,-1.2333,short,EURUSD,session_range_fade,2.5,2.0,48
1781078400.0,1781089200.0,-1.2394,long,EURUSD,session_range_fade,2.5,2.0,48
1781114400.0,1781172000.0,-1.1419,long,EURUSD,session_range_fade,2.5,2.0,48
1781254800.0,1781478000.0,-1.1579,short,EURUSD,session_range_fade,2.5,2.0,48
1781532000.0,1781550000.0,-1.1846,long,EURUSD,session_range_fade,2.5,2.0,48
1781560800.0,1781719200.0,-1.1943,long,EURUSD,session_range_fade,2.5,2.0,48
1781827200.0,1782176400.0,1.3404,short,EURUSD,session_range_fade,2.5,2.0,48
1782194400.0,1782201600.0,-1.2355,long,EURUSD,session_range_fade,2.5,2.0,48
1782367200.0,1782374400.0,-1.21,short,EURUSD,session_range_fade,2.5,2.0,48
1782378000.0,1782396000.0,-1.1988,short,EURUSD,session_range_fade,2.5,2.0,48
1782450000.0,1782460800.0,-1.2009,short,EURUSD,session_range_fade,2.5,2.0,48
1782709200.0,1782766800.0,2.2856,long,EURUSD,session_range_fade,2.5,2.0,48
1782781200.0,1782795600.0,-1.2111,long,EURUSD,session_range_fade,2.5,2.0,48
1782964800.0,1782972000.0,-1.2366,short,EURUSD,session_range_fade,2.5,2.0,48
1776240000.0,1776247200.0,-1.2226,long,EURUSD,session_range_fade,2.5,2.0,96
1776254400.0,1776344400.0,-1.1856,long,EURUSD,session_range_fade,2.5,2.0,96
1776412800.0,1776427200.0,-1.2703,short,EURUSD,session_range_fade,2.5,2.0,96
1776834000.0,1776963600.0,2.383,short,EURUSD,session_range_fade,2.5,2.0,96
1777014000.0,1777028400.0,-1.2305,short,EURUSD,session_range_fade,2.5,2.0,96
1777258800.0,1777276800.0,-1.1994,short,EURUSD,session_range_fade,2.5,2.0,96
1777284000.0,1777356000.0,2.303,short,EURUSD,session_range_fade,2.5,2.0,96
1777456800.0,1777485600.0,2.2474,short,EURUSD,session_range_fade,2.5,2.0,96
1777971600.0,1777993200.0,-1.2333,short,EURUSD,session_range_fade,2.5,2.0,96
1777996800.0,1778022000.0,-1.1911,short,EURUSD,session_range_fade,2.5,2.0,96
1778122800.0,1778184000.0,-1.2101,long,EURUSD,session_range_fade,2.5,2.0,96
1778223600.0,1778270400.0,2.2989,long,EURUSD,session_range_fade,2.5,2.0,96
1778464800.0,1778583600.0,-1.1817,long,EURUSD,session_range_fade,2.5,2.0,96
1778623200.0,1778652000.0,-1.201,long,EURUSD,session_range_fade,2.5,2.0,96
1778709600.0,1778770800.0,2.2757,short,EURUSD,session_range_fade,2.5,2.0,96
1779130800.0,1779264000.0,2.3711,short,EURUSD,session_range_fade,2.5,2.0,96
1779271200.0,1779285600.0,-1.1989,short,EURUSD,session_range_fade,2.5,2.0,96
1779339600.0,1779368400.0,2.2625,short,EURUSD,session_range_fade,2.5,2.0,96
1779454800.0,1779663600.0,2.2897,long,EURUSD,session_range_fade,2.5,2.0,96
1779714000.0,1779883200.0,-1.2282,short,EURUSD,session_range_fade,2.5,2.0,96
1779890400.0,1779937200.0,-1.144,long,EURUSD,session_range_fade,2.5,2.0,96
1780034400.0,1780063200.0,-1.2691,short,EURUSD,session_range_fade,2.5,2.0,96
1780297200.0,1780311600.0,-1.2468,long,EURUSD,session_range_fade,2.5,2.0,96
1780315200.0,1780318800.0,-1.2434,long,EURUSD,session_range_fade,2.5,2.0,96
1780416000.0,1780473600.0,-1.2119,long,EURUSD,session_range_fade,2.5,2.0,96
1780545600.0,1780563600.0,-1.2702,short,EURUSD,session_range_fade,2.5,2.0,96
1780639200.0,1780642800.0,-1.3931,short,EURUSD,session_range_fade,2.5,2.0,96
1780970400.0,1780995600.0,-1.2333,short,EURUSD,session_range_fade,2.5,2.0,96
1781078400.0,1781089200.0,-1.2394,long,EURUSD,session_range_fade,2.5,2.0,96
1781114400.0,1781172000.0,-1.1419,long,EURUSD,session_range_fade,2.5,2.0,96
1781254800.0,1781478000.0,-1.1579,short,EURUSD,session_range_fade,2.5,2.0,96
1781532000.0,1781550000.0,-1.1846,long,EURUSD,session_range_fade,2.5,2.0,96
1781560800.0,1781719200.0,-1.1943,long,EURUSD,session_range_fade,2.5,2.0,96
1781827200.0,1782208800.0,2.3614,short,EURUSD,session_range_fade,2.5,2.0,96
1782367200.0,1782374400.0,-1.21,short,EURUSD,session_range_fade,2.5,2.0,96
1782378000.0,1782396000.0,-1.1988,short,EURUSD,session_range_fade,2.5,2.0,96
1782450000.0,1782460800.0,-1.2009,short,EURUSD,session_range_fade,2.5,2.0,96
1782709200.0,1782766800.0,2.2856,long,EURUSD,session_range_fade,2.5,2.0,96
1782781200.0,1782795600.0,-1.2111,long,EURUSD,session_range_fade,2.5,2.0,96
1782964800.0,1782972000.0,-1.2366,short,EURUSD,session_range_fade,2.5,2.0,96
1776240000.0,1776326400.0,-0.3879,long,EURUSD,session_range_fade,2.5,2.5,24
1776412800.0,1776427200.0,-1.2162,short,EURUSD,session_range_fade,2.5,2.5,24
1776834000.0,1776920400.0,1.1116,short,EURUSD,session_range_fade,2.5,2.5,24
1777014000.0,1777028400.0,-1.1844,short,EURUSD,session_range_fade,2.5,2.5,24
1777258800.0,1777291200.0,-1.1595,short,EURUSD,session_range_fade,2.5,2.5,24
1777305600.0,1777356000.0,-1.1444,long,EURUSD,session_range_fade,2.5,2.5,24
1777456800.0,1777485600.0,2.2979,short,EURUSD,session_range_fade,2.5,2.5,24
1777971600.0,1777993200.0,-1.1867,short,EURUSD,session_range_fade,2.5,2.5,24
1777996800.0,1778022000.0,-1.1529,short,EURUSD,session_range_fade,2.5,2.5,24
1778122800.0,1778184000.0,-1.1681,long,EURUSD,session_range_fade,2.5,2.5,24
1778223600.0,1778486400.0,1.1654,long,EURUSD,session_range_fade,2.5,2.5,24
1778540400.0,1778554800.0,-1.1761,long,EURUSD,session_range_fade,2.5,2.5,24
1778623200.0,1778655600.0,-1.1608,long,EURUSD,session_range_fade,2.5,2.5,24
1778709600.0,1778788800.0,2.3206,short,EURUSD,session_range_fade,2.5,2.5,24
1779130800.0,1779217200.0,1.294,short,EURUSD,session_range_fade,2.5,2.5,24
1779246000.0,1779332400.0,0.6713,long,EURUSD,session_range_fade,2.5,2.5,24
1779339600.0,1779426000.0,0.4721,short,EURUSD,session_range_fade,2.5,2.5,24
1779454800.0,1779717600.0,1.66,long,EURUSD,session_range_fade,2.5,2.5,24
1779721200.0,1779807600.0,1.0746,short,EURUSD,session_range_fade,2.5,2.5,24
1779811200.0,1779897600.0,0.2395,long,EURUSD,session_range_fade,2.5,2.5,24
1779901200.0,1779937200.0,-1.106,long,EURUSD,session_range_fade,2.5,2.5,24
1780034400.0,1780063200.0,-1.2153,short,EURUSD,session_range_fade,2.5,2.5,24
1780297200.0,1780318800.0,-1.1974,long,EURUSD,session_range_fade,2.5,2.5,24
1780416000.0,1780473600.0,-1.1695,long,EURUSD,session_range_fade,2.5,2.5,24
1780545600.0,1780563600.0,-1.2161,short,EURUSD,session_range_fade,2.5,2.5,24
1780639200.0,1780642800.0,-1.3145,short,EURUSD,session_range_fade,2.5,2.5,24
1780970400.0,1780995600.0,-1.1866,short,EURUSD,session_range_fade,2.5,2.5,24
1781078400.0,1781128800.0,-1.1915,long,EURUSD,session_range_fade,2.5,2.5,24
1781164800.0,1781193600.0,-1.153,long,EURUSD,session_range_fade,2.5,2.5,24
1781254800.0,1781496000.0,-1.1263,short,EURUSD,session_range_fade,2.5,2.5,24
1781532000.0,1781550000.0,-1.1477,long,EURUSD,session_range_fade,2.5,2.5,24
1781560800.0,1781647200.0,0.9279,long,EURUSD,session_range_fade,2.5,2.5,24
1781679600.0,1781719200.0,2.2704,short,EURUSD,session_range_fade,2.5,2.5,24
1781827200.0,1782090000.0,-0.1534,short,EURUSD,session_range_fade,2.5,2.5,24
1782097200.0,1782183600.0,1.09,short,EURUSD,session_range_fade,2.5,2.5,24
1782194400.0,1782201600.0,-1.1884,long,EURUSD,session_range_fade,2.5,2.5,24
1782367200.0,1782396000.0,-1.168,short,EURUSD,session_range_fade,2.5,2.5,24
1782450000.0,1782460800.0,-1.1607,short,EURUSD,session_range_fade,2.5,2.5,24
1782709200.0,1782795600.0,-0.6924,long,EURUSD,session_range_fade,2.5,2.5,24
1782964800.0,1782975600.0,-1.1893,short,EURUSD,session_range_fade,2.5,2.5,24
1776240000.0,1776344400.0,-1.178,long,EURUSD,session_range_fade,2.5,2.5,48
1776412800.0,1776427200.0,-1.2162,short,EURUSD,session_range_fade,2.5,2.5,48
1776834000.0,1777006800.0,1.7289,short,EURUSD,session_range_fade,2.5,2.5,48
1777014000.0,1777028400.0,-1.1844,short,EURUSD,session_range_fade,2.5,2.5,48
1777258800.0,1777291200.0,-1.1595,short,EURUSD,session_range_fade,2.5,2.5,48
1777305600.0,1777356000.0,-1.1444,long,EURUSD,session_range_fade,2.5,2.5,48
1777456800.0,1777485600.0,2.2979,short,EURUSD,session_range_fade,2.5,2.5,48
1777971600.0,1777993200.0,-1.1867,short,EURUSD,session_range_fade,2.5,2.5,48
1777996800.0,1778022000.0,-1.1529,short,EURUSD,session_range_fade,2.5,2.5,48
1778122800.0,1778184000.0,-1.1681,long,EURUSD,session_range_fade,2.5,2.5,48
1778223600.0,1778572800.0,-0.0349,long,EURUSD,session_range_fade,2.5,2.5,48
1778623200.0,1778655600.0,-1.1608,long,EURUSD,session_range_fade,2.5,2.5,48
1778709600.0,1778788800.0,2.3206,short,EURUSD,session_range_fade,2.5,2.5,48
1779130800.0,1779303600.0,0.6567,short,EURUSD,session_range_fade,2.5,2.5,48
1779339600.0,1779663600.0,-1.19,short,EURUSD,session_range_fade,2.5,2.5,48
1779714000.0,1779883200.0,-1.1826,short,EURUSD,session_range_fade,2.5,2.5,48
1779890400.0,1779937200.0,-1.1152,long,EURUSD,session_range_fade,2.5,2.5,48
1780034400.0,1780063200.0,-1.2153,short,EURUSD,session_range_fade,2.5,2.5,48
1780297200.0,1780318800.0,-1.1974,long,EURUSD,session_range_fade,2.5,2.5,48
1780416000.0,1780473600.0,-1.1695,long,EURUSD,session_range_fade,2.5,2.5,48
1780545600.0,1780563600.0,-1.2161,short,EURUSD,session_range_fade,2.5,2.5,48
1780639200.0,1780642800.0,-1.3145,short,EURUSD,session_range_fade,2.5,2.5,48
1780970400.0,1780995600.0,-1.1866,short,EURUSD,session_range_fade,2.5,2.5,48
1781078400.0,1781128800.0,-1.1915,long,EURUSD,session_range_fade,2.5,2.5,48
1781164800.0,1781193600.0,-1.153,long,EURUSD,session_range_fade,2.5,2.5,48
1781254800.0,1781496000.0,-1.1263,short,EURUSD,session_range_fade,2.5,2.5,48
1781532000.0,1781550000.0,-1.1477,long,EURUSD,session_range_fade,2.5,2.5,48
1781560800.0,1781719200.0,-1.1555,long,EURUSD,session_range_fade,2.5,2.5,48
1781827200.0,1782176400.0,1.0723,short,EURUSD,session_range_fade,2.5,2.5,48
1782194400.0,1782201600.0,-1.1884,long,EURUSD,session_range_fade,2.5,2.5,48
1782367200.0,1782396000.0,-1.168,short,EURUSD,session_range_fade,2.5,2.5,48
1782450000.0,1782460800.0,-1.1607,short,EURUSD,session_range_fade,2.5,2.5,48
1782709200.0,1782882000.0,0.4155,long,EURUSD,session_range_fade,2.5,2.5,48
1782964800.0,1782975600.0,-1.1893,short,EURUSD,session_range_fade,2.5,2.5,48
1776240000.0,1776344400.0,-1.178,long,EURUSD,session_range_fade,2.5,2.5,96
1776412800.0,1776427200.0,-1.2162,short,EURUSD,session_range_fade,2.5,2.5,96
1776834000.0,1777356000.0,1.5839,short,EURUSD,session_range_fade,2.5,2.5,96
1777456800.0,1777485600.0,2.2979,short,EURUSD,session_range_fade,2.5,2.5,96
1777971600.0,1777993200.0,-1.1867,short,EURUSD,session_range_fade,2.5,2.5,96
1777996800.0,1778022000.0,-1.1529,short,EURUSD,session_range_fade,2.5,2.5,96
1778122800.0,1778184000.0,-1.1681,long,EURUSD,session_range_fade,2.5,2.5,96
1778223600.0,1778652000.0,-1.1609,long,EURUSD,session_range_fade,2.5,2.5,96
1778709600.0,1778788800.0,2.3206,short,EURUSD,session_range_fade,2.5,2.5,96
1779130800.0,1779476400.0,1.2542,short,EURUSD,session_range_fade,2.5,2.5,96
1779714000.0,1779883200.0,-1.1826,short,EURUSD,session_range_fade,2.5,2.5,96
1779890400.0,1779937200.0,-1.1152,long,EURUSD,session_range_fade,2.5,2.5,96
1780034400.0,1780063200.0,-1.2153,short,EURUSD,session_range_fade,2.5,2.5,96
1780297200.0,1780318800.0,-1.1974,long,EURUSD,session_range_fade,2.5,2.5,96
1780416000.0,1780473600.0,-1.1695,long,EURUSD,session_range_fade,2.5,2.5,96
1780545600.0,1780563600.0,-1.2161,short,EURUSD,session_range_fade,2.5,2.5,96
1780639200.0,1780642800.0,-1.3145,short,EURUSD,session_range_fade,2.5,2.5,96
1780970400.0,1780995600.0,-1.1866,short,EURUSD,session_range_fade,2.5,2.5,96
1781078400.0,1781128800.0,-1.1915,long,EURUSD,session_range_fade,2.5,2.5,96
1781164800.0,1781193600.0,-1.153,long,EURUSD,session_range_fade,2.5,2.5,96
1781254800.0,1781496000.0,-1.1263,short,EURUSD,session_range_fade,2.5,2.5,96
1781532000.0,1781550000.0,-1.1477,long,EURUSD,session_range_fade,2.5,2.5,96
1781560800.0,1781719200.0,-1.1555,long,EURUSD,session_range_fade,2.5,2.5,96
1781827200.0,1782212400.0,2.3891,short,EURUSD,session_range_fade,2.5,2.5,96
1782367200.0,1782396000.0,-1.168,short,EURUSD,session_range_fade,2.5,2.5,96
1782450000.0,1782460800.0,-1.1607,short,EURUSD,session_range_fade,2.5,2.5,96
1782709200.0,1782907200.0,-1.1715,long,EURUSD,session_range_fade,2.5,2.5,96
1782964800.0,1782975600.0,-1.1893,short,EURUSD,session_range_fade,2.5,2.5,96
1776240000.0,1776243600.0,-1.3258,long,GBPUSD,session_range_fade,1.5,1.3,24
1776247200.0,1776261600.0,1.2269,long,GBPUSD,session_range_fade,1.5,1.3,24
1776265200.0,1776308400.0,1.258,long,GBPUSD,session_range_fade,1.5,1.3,24
1776380400.0,1776405600.0,-1.2451,long,GBPUSD,session_range_fade,1.5,1.3,24
1776412800.0,1776427200.0,-1.3372,short,GBPUSD,session_range_fade,1.5,1.3,24
1776776400.0,1776780000.0,-1.2799,short,GBPUSD,session_range_fade,1.5,1.3,24
1776859200.0,1776862800.0,1.2454,long,GBPUSD,session_range_fade,1.5,1.3,24
1776866400.0,1776902400.0,-1.2118,long,GBPUSD,session_range_fade,1.5,1.3,24
1776909600.0,1776942000.0,1.2522,long,GBPUSD,session_range_fade,1.5,1.3,24
1776952800.0,1776963600.0,1.299,short,GBPUSD,session_range_fade,1.5,1.3,24
1777269600.0,1777276800.0,-1.3351,short,GBPUSD,session_range_fade,1.5,1.3,24
1777320000.0,1777356000.0,-1.2563,long,GBPUSD,session_range_fade,1.5,1.3,24
1777626000.0,1777633200.0,1.2037,long,GBPUSD,session_range_fade,1.5,1.3,24
1777960800.0,1777968000.0,-1.3071,short,GBPUSD,session_range_fade,1.5,1.3,24
1777971600.0,1777986000.0,-1.3149,short,GBPUSD,session_range_fade,1.5,1.3,24
1778011200.0,1778014800.0,-1.2492,short,GBPUSD,session_range_fade,1.5,1.3,24
1778018400.0,1778022000.0,-1.2293,short,GBPUSD,session_range_fade,1.5,1.3,24
1778036400.0,1778040000.0,-1.2388,short,GBPUSD,session_range_fade,1.5,1.3,24
1778108400.0,1778137200.0,1.2437,long,GBPUSD,session_range_fade,1.5,1.3,24
1778166000.0,1778169600.0,-1.2587,long,GBPUSD,session_range_fade,1.5,1.3,24
1778464800.0,1778504400.0,1.2514,long,GBPUSD,session_range_fade,1.5,1.3,24
1778551200.0,1778562000.0,-1.2618,long,GBPUSD,session_range_fade,1.5,1.3,24
1778619600.0,1778666400.0,1.3296,short,GBPUSD,session_range_fade,1.5,1.3,24
1778709600.0,1778763600.0,1.2676,short,GBPUSD,session_range_fade,1.5,1.3,24
1779084000.0,1779091200.0,-1.2659,short,GBPUSD,session_range_fade,1.5,1.3,24
1779213600.0,1779238800.0,-1.1979,long,GBPUSD,session_range_fade,1.5,1.3,24
1779246000.0,1779256800.0,-1.2716,long,GBPUSD,session_range_fade,1.5,1.3,24
1779260400.0,1779285600.0,1.2286,long,GBPUSD,session_range_fade,1.5,1.3,24
1779339600.0,1779350400.0,-1.3248,short,GBPUSD,session_range_fade,1.5,1.3,24
1779357600.0,1779368400.0,-1.2491,long,GBPUSD,session_range_fade,1.5,1.3,24
1779436800.0,1779454800.0,1.1253,long,GBPUSD,session_range_fade,1.5,1.3,24
1779717600.0,1779757200.0,1.157,short,GBPUSD,session_range_fade,1.5,1.3,24
1779858000.0,1779876000.0,-1.4282,long,GBPUSD,session_range_fade,1.5,1.3,24
1780030800.0,1780038000.0,1.067,short,GBPUSD,session_range_fade,1.5,1.3,24
1780056000.0,1780063200.0,-1.3129,short,GBPUSD,session_range_fade,1.5,1.3,24
1780304400.0,1780318800.0,-1.3174,long,GBPUSD,session_range_fade,1.5,1.3,24
1780416000.0,1780441200.0,-1.3082,long,GBPUSD,session_range_fade,1.5,1.3,24
1780480800.0,1780488000.0,-1.2948,long,GBPUSD,session_range_fade,1.5,1.3,24
1780560000.0,1780567200.0,-1.3526,short,GBPUSD,session_range_fade,1.5,1.3,24
1780606800.0,1780642800.0,-1.3249,short,GBPUSD,session_range_fade,1.5,1.3,24
1780905600.0,1780916400.0,1.2648,long,GBPUSD,session_range_fade,1.5,1.3,24
1780974000.0,1780977600.0,-1.362,short,GBPUSD,session_range_fade,1.5,1.3,24
1781089200.0,1781092800.0,1.2036,long,GBPUSD,session_range_fade,1.5,1.3,24
1781110800.0,1781121600.0,-1.1972,long,GBPUSD,session_range_fade,1.5,1.3,24
1781157600.0,1781164800.0,-1.2883,long,GBPUSD,session_range_fade,1.5,1.3,24
1781168400.0,1781179200.0,-1.2744,long,GBPUSD,session_range_fade,1.5,1.3,24
1781182800.0,1781186400.0,-1.2424,long,GBPUSD,session_range_fade,1.5,1.3,24
1781258400.0,1781478000.0,-1.2333,short,GBPUSD,session_range_fade,1.5,1.3,24
1781510400.0,1781553600.0,-1.243,long,GBPUSD,session_range_fade,1.5,1.3,24
1781557200.0,1781582400.0,-1.2673,long,GBPUSD,session_range_fade,1.5,1.3,24
1781593200.0,1781618400.0,-1.3111,long,GBPUSD,session_range_fade,1.5,1.3,24
1781676000.0,1781694000.0,-1.4255,long,GBPUSD,session_range_fade,1.5,1.3,24
1782090000.0,1782111600.0,1.2718,short,GBPUSD,session_range_fade,1.5,1.3,24
1782280800.0,1782288000.0,-1.3337,long,GBPUSD,session_range_fade,1.5,1.3,24
1782291600.0,1782295200.0,-1.263,long,GBPUSD,session_range_fade,1.5,1.3,24
1782345600.0,1782356400.0,-1.1942,short,GBPUSD,session_range_fade,1.5,1.3,24
1782385200.0,1782388800.0,1.2205,long,GBPUSD,session_range_fade,1.5,1.3,24
1782446400.0,1782460800.0,-1.2786,short,GBPUSD,session_range_fade,1.5,1.3,24
1782493200.0,1782730800.0,1.3098,long,GBPUSD,session_range_fade,1.5,1.3,24
1782766800.0,1782781200.0,1.2076,short,GBPUSD,session_range_fade,1.5,1.3,24
1782964800.0,1782972000.0,-1.3666,short,GBPUSD,session_range_fade,1.5,1.3,24
1776240000.0,1776243600.0,-1.3258,long,GBPUSD,session_range_fade,1.5,1.3,48
1776247200.0,1776261600.0,1.2269,long,GBPUSD,session_range_fade,1.5,1.3,48
1776265200.0,1776308400.0,1.258,long,GBPUSD,session_range_fade,1.5,1.3,48
1776380400.0,1776405600.0,-1.2451,long,GBPUSD,session_range_fade,1.5,1.3,48
1776412800.0,1776427200.0,-1.3372,short,GBPUSD,session_range_fade,1.5,1.3,48
1776776400.0,1776780000.0,-1.2799,short,GBPUSD,session_range_fade,1.5,1.3,48
1776859200.0,1776862800.0,1.2454,long,GBPUSD,session_range_fade,1.5,1.3,48
1776866400.0,1776902400.0,-1.2118,long,GBPUSD,session_range_fade,1.5,1.3,48
1776909600.0,1776942000.0,1.2522,long,GBPUSD,session_range_fade,1.5,1.3,48
1776952800.0,1776963600.0,1.299,short,GBPUSD,session_range_fade,1.5,1.3,48
1777269600.0,1777276800.0,-1.3351,short,GBPUSD,session_range_fade,1.5,1.3,48
1777320000.0,1777356000.0,-1.2563,long,GBPUSD,session_range_fade,1.5,1.3,48
1777626000.0,1777633200.0,1.2037,long,GBPUSD,session_range_fade,1.5,1.3,48
1777960800.0,1777968000.0,-1.3071,short,GBPUSD,session_range_fade,1.5,1.3,48
1777971600.0,1777986000.0,-1.3149,short,GBPUSD,session_range_fade,1.5,1.3,48
1778011200.0,1778014800.0,-1.2492,short,GBPUSD,session_range_fade,1.5,1.3,48
1778018400.0,1778022000.0,-1.2293,short,GBPUSD,session_range_fade,1.5,1.3,48
1778036400.0,1778040000.0,-1.2388,short,GBPUSD,session_range_fade,1.5,1.3,48
1778108400.0,1778137200.0,1.2437,long,GBPUSD,session_range_fade,1.5,1.3,48
1778166000.0,1778169600.0,-1.2587,long,GBPUSD,session_range_fade,1.5,1.3,48
1778464800.0,1778504400.0,1.2514,long,GBPUSD,session_range_fade,1.5,1.3,48
1778551200.0,1778562000.0,-1.2618,long,GBPUSD,session_range_fade,1.5,1.3,48
1778619600.0,1778666400.0,1.3296,short,GBPUSD,session_range_fade,1.5,1.3,48
1778709600.0,1778763600.0,1.2676,short,GBPUSD,session_range_fade,1.5,1.3,48
1779084000.0,1779091200.0,-1.2659,short,GBPUSD,session_range_fade,1.5,1.3,48
1779213600.0,1779238800.0,-1.1979,long,GBPUSD,session_range_fade,1.5,1.3,48
1779246000.0,1779256800.0,-1.2716,long,GBPUSD,session_range_fade,1.5,1.3,48
1779260400.0,1779285600.0,1.2286,long,GBPUSD,session_range_fade,1.5,1.3,48
1779339600.0,1779350400.0,-1.3248,short,GBPUSD,session_range_fade,1.5,1.3,48
1779357600.0,1779368400.0,-1.2491,long,GBPUSD,session_range_fade,1.5,1.3,48
1779436800.0,1779454800.0,1.1253,long,GBPUSD,session_range_fade,1.5,1.3,48
1779717600.0,1779757200.0,1.157,short,GBPUSD,session_range_fade,1.5,1.3,48
1779858000.0,1779876000.0,-1.4282,long,GBPUSD,session_range_fade,1.5,1.3,48
1780030800.0,1780038000.0,1.067,short,GBPUSD,session_range_fade,1.5,1.3,48
1780056000.0,1780063200.0,-1.3129,short,GBPUSD,session_range_fade,1.5,1.3,48
1780304400.0,1780318800.0,-1.3174,long,GBPUSD,session_range_fade,1.5,1.3,48
1780416000.0,1780441200.0,-1.3082,long,GBPUSD,session_range_fade,1.5,1.3,48
1780480800.0,1780488000.0,-1.2948,long,GBPUSD,session_range_fade,1.5,1.3,48
1780560000.0,1780567200.0,-1.3526,short,GBPUSD,session_range_fade,1.5,1.3,48
1780606800.0,1780642800.0,-1.3249,short,GBPUSD,session_range_fade,1.5,1.3,48
1780905600.0,1780916400.0,1.2648,long,GBPUSD,session_range_fade,1.5,1.3,48
1780974000.0,1780977600.0,-1.362,short,GBPUSD,session_range_fade,1.5,1.3,48
1781089200.0,1781092800.0,1.2036,long,GBPUSD,session_range_fade,1.5,1.3,48
1781110800.0,1781121600.0,-1.1972,long,GBPUSD,session_range_fade,1.5,1.3,48
1781157600.0,1781164800.0,-1.2883,long,GBPUSD,session_range_fade,1.5,1.3,48
1781168400.0,1781179200.0,-1.2744,long,GBPUSD,session_range_fade,1.5,1.3,48
1781182800.0,1781186400.0,-1.2424,long,GBPUSD,session_range_fade,1.5,1.3,48
1781258400.0,1781478000.0,-1.2333,short,GBPUSD,session_range_fade,1.5,1.3,48
1781510400.0,1781553600.0,-1.243,long,GBPUSD,session_range_fade,1.5,1.3,48
1781557200.0,1781582400.0,-1.2673,long,GBPUSD,session_range_fade,1.5,1.3,48
1781593200.0,1781618400.0,-1.3111,long,GBPUSD,session_range_fade,1.5,1.3,48
1781676000.0,1781694000.0,-1.4255,long,GBPUSD,session_range_fade,1.5,1.3,48
1782090000.0,1782111600.0,1.2718,short,GBPUSD,session_range_fade,1.5,1.3,48
1782280800.0,1782288000.0,-1.3337,long,GBPUSD,session_range_fade,1.5,1.3,48
1782291600.0,1782295200.0,-1.263,long,GBPUSD,session_range_fade,1.5,1.3,48
1782345600.0,1782356400.0,-1.1942,short,GBPUSD,session_range_fade,1.5,1.3,48
1782385200.0,1782388800.0,1.2205,long,GBPUSD,session_range_fade,1.5,1.3,48
1782446400.0,1782460800.0,-1.2786,short,GBPUSD,session_range_fade,1.5,1.3,48
1782493200.0,1782730800.0,1.3098,long,GBPUSD,session_range_fade,1.5,1.3,48
1782766800.0,1782781200.0,1.2076,short,GBPUSD,session_range_fade,1.5,1.3,48
1782964800.0,1782972000.0,-1.3666,short,GBPUSD,session_range_fade,1.5,1.3,48
1776240000.0,1776243600.0,-1.3258,long,GBPUSD,session_range_fade,1.5,1.3,96
1776247200.0,1776261600.0,1.2269,long,GBPUSD,session_range_fade,1.5,1.3,96
1776265200.0,1776308400.0,1.258,long,GBPUSD,session_range_fade,1.5,1.3,96
1776380400.0,1776405600.0,-1.2451,long,GBPUSD,session_range_fade,1.5,1.3,96
1776412800.0,1776427200.0,-1.3372,short,GBPUSD,session_range_fade,1.5,1.3,96
1776776400.0,1776780000.0,-1.2799,short,GBPUSD,session_range_fade,1.5,1.3,96
1776859200.0,1776862800.0,1.2454,long,GBPUSD,session_range_fade,1.5,1.3,96
1776866400.0,1776902400.0,-1.2118,long,GBPUSD,session_range_fade,1.5,1.3,96
1776909600.0,1776942000.0,1.2522,long,GBPUSD,session_range_fade,1.5,1.3,96
1776952800.0,1776963600.0,1.299,short,GBPUSD,session_range_fade,1.5,1.3,96
1777269600.0,1777276800.0,-1.3351,short,GBPUSD,session_range_fade,1.5,1.3,96
1777320000.0,1777356000.0,-1.2563,long,GBPUSD,session_range_fade,1.5,1.3,96
1777626000.0,1777633200.0,1.2037,long,GBPUSD,session_range_fade,1.5,1.3,96
1777960800.0,1777968000.0,-1.3071,short,GBPUSD,session_range_fade,1.5,1.3,96
1777971600.0,1777986000.0,-1.3149,short,GBPUSD,session_range_fade,1.5,1.3,96
1778011200.0,1778014800.0,-1.2492,short,GBPUSD,session_range_fade,1.5,1.3,96
1778018400.0,1778022000.0,-1.2293,short,GBPUSD,session_range_fade,1.5,1.3,96
1778036400.0,1778040000.0,-1.2388,short,GBPUSD,session_range_fade,1.5,1.3,96
1778108400.0,1778137200.0,1.2437,long,GBPUSD,session_range_fade,1.5,1.3,96
1778166000.0,1778169600.0,-1.2587,long,GBPUSD,session_range_fade,1.5,1.3,96
1778464800.0,1778504400.0,1.2514,long,GBPUSD,session_range_fade,1.5,1.3,96
1778551200.0,1778562000.0,-1.2618,long,GBPUSD,session_range_fade,1.5,1.3,96
1778619600.0,1778666400.0,1.3296,short,GBPUSD,session_range_fade,1.5,1.3,96
1778709600.0,1778763600.0,1.2676,short,GBPUSD,session_range_fade,1.5,1.3,96
1779084000.0,1779091200.0,-1.2659,short,GBPUSD,session_range_fade,1.5,1.3,96
1779213600.0,1779238800.0,-1.1979,long,GBPUSD,session_range_fade,1.5,1.3,96
1779246000.0,1779256800.0,-1.2716,long,GBPUSD,session_range_fade,1.5,1.3,96
1779260400.0,1779285600.0,1.2286,long,GBPUSD,session_range_fade,1.5,1.3,96
1779339600.0,1779350400.0,-1.3248,short,GBPUSD,session_range_fade,1.5,1.3,96
1779357600.0,1779368400.0,-1.2491,long,GBPUSD,session_range_fade,1.5,1.3,96
1779436800.0,1779454800.0,1.1253,long,GBPUSD,session_range_fade,1.5,1.3,96
1779717600.0,1779757200.0,1.157,short,GBPUSD,session_range_fade,1.5,1.3,96
1779858000.0,1779876000.0,-1.4282,long,GBPUSD,session_range_fade,1.5,1.3,96
1780030800.0,1780038000.0,1.067,short,GBPUSD,session_range_fade,1.5,1.3,96
1780056000.0,1780063200.0,-1.3129,short,GBPUSD,session_range_fade,1.5,1.3,96
1780304400.0,1780318800.0,-1.3174,long,GBPUSD,session_range_fade,1.5,1.3,96
1780416000.0,1780441200.0,-1.3082,long,GBPUSD,session_range_fade,1.5,1.3,96
1780480800.0,1780488000.0,-1.2948,long,GBPUSD,session_range_fade,1.5,1.3,96
1780560000.0,1780567200.0,-1.3526,short,GBPUSD,session_range_fade,1.5,1.3,96
1780606800.0,1780642800.0,-1.3249,short,GBPUSD,session_range_fade,1.5,1.3,96
1780905600.0,1780916400.0,1.2648,long,GBPUSD,session_range_fade,1.5,1.3,96
1780974000.0,1780977600.0,-1.362,short,GBPUSD,session_range_fade,1.5,1.3,96
1781089200.0,1781092800.0,1.2036,long,GBPUSD,session_range_fade,1.5,1.3,96
1781110800.0,1781121600.0,-1.1972,long,GBPUSD,session_range_fade,1.5,1.3,96
1781157600.0,1781164800.0,-1.2883,long,GBPUSD,session_range_fade,1.5,1.3,96
1781168400.0,1781179200.0,-1.2744,long,GBPUSD,session_range_fade,1.5,1.3,96
1781182800.0,1781186400.0,-1.2424,long,GBPUSD,session_range_fade,1.5,1.3,96
1781258400.0,1781478000.0,-1.2333,short,GBPUSD,session_range_fade,1.5,1.3,96
1781510400.0,1781553600.0,-1.243,long,GBPUSD,session_range_fade,1.5,1.3,96
1781557200.0,1781582400.0,-1.2673,long,GBPUSD,session_range_fade,1.5,1.3,96
1781593200.0,1781618400.0,-1.3111,long,GBPUSD,session_range_fade,1.5,1.3,96
1781676000.0,1781694000.0,-1.4255,long,GBPUSD,session_range_fade,1.5,1.3,96
1782090000.0,1782111600.0,1.2718,short,GBPUSD,session_range_fade,1.5,1.3,96
1782280800.0,1782288000.0,-1.3337,long,GBPUSD,session_range_fade,1.5,1.3,96
1782291600.0,1782295200.0,-1.263,long,GBPUSD,session_range_fade,1.5,1.3,96
1782345600.0,1782356400.0,-1.1942,short,GBPUSD,session_range_fade,1.5,1.3,96
1782385200.0,1782388800.0,1.2205,long,GBPUSD,session_range_fade,1.5,1.3,96
1782446400.0,1782460800.0,-1.2786,short,GBPUSD,session_range_fade,1.5,1.3,96
1782493200.0,1782730800.0,1.3098,long,GBPUSD,session_range_fade,1.5,1.3,96
1782766800.0,1782781200.0,1.2076,short,GBPUSD,session_range_fade,1.5,1.3,96
1782964800.0,1782972000.0,-1.3666,short,GBPUSD,session_range_fade,1.5,1.3,96
1776240000.0,1776247200.0,-1.2647,long,GBPUSD,session_range_fade,1.5,1.6,24
1776254400.0,1776304800.0,1.2843,long,GBPUSD,session_range_fade,1.5,1.6,24
1776380400.0,1776427200.0,1.3009,long,GBPUSD,session_range_fade,1.5,1.6,24
1776776400.0,1776787200.0,1.2726,short,GBPUSD,session_range_fade,1.5,1.6,24
1776859200.0,1776945600.0,-0.603,long,GBPUSD,session_range_fade,1.5,1.6,24
1776952800.0,1776963600.0,1.3367,short,GBPUSD,session_range_fade,1.5,1.6,24
1777269600.0,1777276800.0,-1.2722,short,GBPUSD,session_range_fade,1.5,1.6,24
1777320000.0,1777356000.0,-1.2083,long,GBPUSD,session_range_fade,1.5,1.6,24
1777626000.0,1777633200.0,1.2592,long,GBPUSD,session_range_fade,1.5,1.6,24
1777960800.0,1777968000.0,-1.2495,short,GBPUSD,session_range_fade,1.5,1.6,24
1777971600.0,1777989600.0,-1.2558,short,GBPUSD,session_range_fade,1.5,1.6,24
1778011200.0,1778018400.0,-1.2025,short,GBPUSD,session_range_fade,1.5,1.6,24
1778036400.0,1778040000.0,-1.194,short,GBPUSD,session_range_fade,1.5,1.6,24
1778108400.0,1778137200.0,1.2917,long,GBPUSD,session_range_fade,1.5,1.6,24
1778166000.0,1778173200.0,-1.2102,long,GBPUSD,session_range_fade,1.5,1.6,24
1778464800.0,1778504400.0,1.298,long,GBPUSD,session_range_fade,1.5,1.6,24
1778551200.0,1778562000.0,-1.2127,long,GBPUSD,session_range_fade,1.5,1.6,24
1778619600.0,1778673600.0,1.3616,short,GBPUSD,session_range_fade,1.5,1.6,24
1778709600.0,1778763600.0,1.3112,short,GBPUSD,session_range_fade,1.5,1.6,24
1779084000.0,1779091200.0,-1.2161,short,GBPUSD,session_range_fade,1.5,1.6,24
1779213600.0,1779285600.0,1.3392,long,GBPUSD,session_range_fade,1.5,1.6,24
1779339600.0,1779350400.0,-1.2639,short,GBPUSD,session_range_fade,1.5,1.6,24
1779357600.0,1779368400.0,-1.2024,long,GBPUSD,session_range_fade,1.5,1.6,24
1779436800.0,1779454800.0,1.1956,long,GBPUSD,session_range_fade,1.5,1.6,24
1779717600.0,1779771600.0,1.2213,short,GBPUSD,session_range_fade,1.5,1.6,24
1779858000.0,1779876000.0,-1.3479,long,GBPUSD,session_range_fade,1.5,1.6,24
1780030800.0,1780038000.0,1.1482,short,GBPUSD,session_range_fade,1.5,1.6,24
1780056000.0,1780063200.0,-1.2542,short,GBPUSD,session_range_fade,1.5,1.6,24
1780304400.0,1780318800.0,-1.2579,long,GBPUSD,session_range_fade,1.5,1.6,24
1780416000.0,1780466400.0,-1.2504,long,GBPUSD,session_range_fade,1.5,1.6,24
1780480800.0,1780488000.0,-1.2395,long,GBPUSD,session_range_fade,1.5,1.6,24
1780560000.0,1780570800.0,-1.2865,short,GBPUSD,session_range_fade,1.5,1.6,24
1780606800.0,1780642800.0,-1.264,short,GBPUSD,session_range_fade,1.5,1.6,24
1780905600.0,1780916400.0,1.3089,long,GBPUSD,session_range_fade,1.5,1.6,24
1780974000.0,1780977600.0,-1.2941,short,GBPUSD,session_range_fade,1.5,1.6,24
1781089200.0,1781092800.0,1.2592,long,GBPUSD,session_range_fade,1.5,1.6,24
1781110800.0,1781128800.0,-1.1602,long,GBPUSD,session_range_fade,1.5,1.6,24
1781157600.0,1781168400.0,-1.2342,long,GBPUSD,session_range_fade,1.5,1.6,24
1781172000.0,1781182800.0,-1.2116,long,GBPUSD,session_range_fade,1.5,1.6,24
1781258400.0,1781478000.0,-1.1895,short,GBPUSD,session_range_fade,1.5,1.6,24
1781510400.0,1781575200.0,-1.1974,long,GBPUSD,session_range_fade,1.5,1.6,24
1781593200.0,1781622000.0,1.2472,long,GBPUSD,session_range_fade,1.5,1.6,24
1781676000.0,1781694000.0,-1.3457,long,GBPUSD,session_range_fade,1.5,1.6,24
1782090000.0,1782115200.0,1.3146,short,GBPUSD,session_range_fade,1.5,1.6,24
1782280800.0,1782295200.0,-1.2712,long,GBPUSD,session_range_fade,1.5,1.6,24
1782345600.0,1782374400.0,-1.1578,short,GBPUSD,session_range_fade,1.5,1.6,24
1782385200.0,1782388800.0,1.2729,long,GBPUSD,session_range_fade,1.5,1.6,24
1782446400.0,1782460800.0,-1.2263,short,GBPUSD,session_range_fade,1.5,1.6,24
1782493200.0,1782738000.0,1.3455,long,GBPUSD,session_range_fade,1.5,1.6,24
1782766800.0,1782792000.0,1.2625,short,GBPUSD,session_range_fade,1.5,1.6,24
1782964800.0,1782972000.0,-1.2979,short,GBPUSD,session_range_fade,1.5,1.6,24
1776240000.0,1776247200.0,-1.2647,long,GBPUSD,session_range_fade,1.5,1.6,48
1776254400.0,1776304800.0,1.2843,long,GBPUSD,session_range_fade,1.5,1.6,48
1776380400.0,1776427200.0,1.3009,long,GBPUSD,session_range_fade,1.5,1.6,48
1776776400.0,1776787200.0,1.2726,short,GBPUSD,session_range_fade,1.5,1.6,48
1776859200.0,1776963600.0,-1.2068,long,GBPUSD,session_range_fade,1.5,1.6,48
1777269600.0,1777276800.0,-1.2722,short,GBPUSD,session_range_fade,1.5,1.6,48
1777320000.0,1777356000.0,-1.2083,long,GBPUSD,session_range_fade,1.5,1.6,48
1777626000.0,1777633200.0,1.2592,long,GBPUSD,session_range_fade,1.5,1.6,48
1777960800.0,1777968000.0,-1.2495,short,GBPUSD,session_range_fade,1.5,1.6,48
1777971600.0,1777989600.0,-1.2558,short,GBPUSD,session_range_fade,1.5,1.6,48
1778011200.0,1778018400.0,-1.2025,short,GBPUSD,session_range_fade,1.5,1.6,48
1778036400.0,1778040000.0,-1.194,short,GBPUSD,session_range_fade,1.5,1.6,48
1778108400.0,1778137200.0,1.2917,long,GBPUSD,session_range_fade,1.5,1.6,48
1778166000.0,1778173200.0,-1.2102,long,GBPUSD,session_range_fade,1.5,1.6,48
1778464800.0,1778504400.0,1.298,long,GBPUSD,session_range_fade,1.5,1.6,48
1778551200.0,1778562000.0,-1.2127,long,GBPUSD,session_range_fade,1.5,1.6,48
1778619600.0,1778673600.0,1.3616,short,GBPUSD,session_range_fade,1.5,1.6,48
1778709600.0,1778763600.0,1.3112,short,GBPUSD,session_range_fade,1.5,1.6,48
1779084000.0,1779091200.0,-1.2161,short,GBPUSD,session_range_fade,1.5,1.6,48
1779213600.0,1779285600.0,1.3392,long,GBPUSD,session_range_fade,1.5,1.6,48
1779339600.0,1779350400.0,-1.2639,short,GBPUSD,session_range_fade,1.5,1.6,48
1779357600.0,1779368400.0,-1.2024,long,GBPUSD,session_range_fade,1.5,1.6,48
1779436800.0,1779454800.0,1.1956,long,GBPUSD,session_range_fade,1.5,1.6,48
1779717600.0,1779771600.0,1.2213,short,GBPUSD,session_range_fade,1.5,1.6,48
1779858000.0,1779876000.0,-1.3479,long,GBPUSD,session_range_fade,1.5,1.6,48
1780030800.0,1780038000.0,1.1482,short,GBPUSD,session_range_fade,1.5,1.6,48
1780056000.0,1780063200.0,-1.2542,short,GBPUSD,session_range_fade,1.5,1.6,48
1780304400.0,1780318800.0,-1.2579,long,GBPUSD,session_range_fade,1.5,1.6,48
1780416000.0,1780466400.0,-1.2504,long,GBPUSD,session_range_fade,1.5,1.6,48
1780480800.0,1780488000.0,-1.2395,long,GBPUSD,session_range_fade,1.5,1.6,48
1780560000.0,1780570800.0,-1.2865,short,GBPUSD,session_range_fade,1.5,1.6,48
1780606800.0,1780642800.0,-1.264,short,GBPUSD,session_range_fade,1.5,1.6,48
1780905600.0,1780916400.0,1.3089,long,GBPUSD,session_range_fade,1.5,1.6,48
1780974000.0,1780977600.0,-1.2941,short,GBPUSD,session_range_fade,1.5,1.6,48
1781089200.0,1781092800.0,1.2592,long,GBPUSD,session_range_fade,1.5,1.6,48
1781110800.0,1781128800.0,-1.1602,long,GBPUSD,session_range_fade,1.5,1.6,48
1781157600.0,1781168400.0,-1.2342,long,GBPUSD,session_range_fade,1.5,1.6,48
1781172000.0,1781182800.0,-1.2116,long,GBPUSD,session_range_fade,1.5,1.6,48
1781258400.0,1781478000.0,-1.1895,short,GBPUSD,session_range_fade,1.5,1.6,48
1781510400.0,1781575200.0,-1.1974,long,GBPUSD,session_range_fade,1.5,1.6,48
1781593200.0,1781622000.0,1.2472,long,GBPUSD,session_range_fade,1.5,1.6,48
1781676000.0,1781694000.0,-1.3457,long,GBPUSD,session_range_fade,1.5,1.6,48
1782090000.0,1782115200.0,1.3146,short,GBPUSD,session_range_fade,1.5,1.6,48
1782280800.0,1782295200.0,-1.2712,long,GBPUSD,session_range_fade,1.5,1.6,48
1782345600.0,1782374400.0,-1.1578,short,GBPUSD,session_range_fade,1.5,1.6,48
1782385200.0,1782388800.0,1.2729,long,GBPUSD,session_range_fade,1.5,1.6,48
1782446400.0,1782460800.0,-1.2263,short,GBPUSD,session_range_fade,1.5,1.6,48
1782493200.0,1782738000.0,1.3455,long,GBPUSD,session_range_fade,1.5,1.6,48
1782766800.0,1782792000.0,1.2625,short,GBPUSD,session_range_fade,1.5,1.6,48
1782964800.0,1782972000.0,-1.2979,short,GBPUSD,session_range_fade,1.5,1.6,48
1776240000.0,1776247200.0,-1.2647,long,GBPUSD,session_range_fade,1.5,1.6,96
1776254400.0,1776304800.0,1.2843,long,GBPUSD,session_range_fade,1.5,1.6,96
1776380400.0,1776427200.0,1.3009,long,GBPUSD,session_range_fade,1.5,1.6,96
1776776400.0,1776787200.0,1.2726,short,GBPUSD,session_range_fade,1.5,1.6,96
1776859200.0,1776963600.0,-1.2068,long,GBPUSD,session_range_fade,1.5,1.6,96
1777269600.0,1777276800.0,-1.2722,short,GBPUSD,session_range_fade,1.5,1.6,96
1777320000.0,1777356000.0,-1.2083,long,GBPUSD,session_range_fade,1.5,1.6,96
1777626000.0,1777633200.0,1.2592,long,GBPUSD,session_range_fade,1.5,1.6,96
1777960800.0,1777968000.0,-1.2495,short,GBPUSD,session_range_fade,1.5,1.6,96
1777971600.0,1777989600.0,-1.2558,short,GBPUSD,session_range_fade,1.5,1.6,96
1778011200.0,1778018400.0,-1.2025,short,GBPUSD,session_range_fade,1.5,1.6,96
1778036400.0,1778040000.0,-1.194,short,GBPUSD,session_range_fade,1.5,1.6,96
1778108400.0,1778137200.0,1.2917,long,GBPUSD,session_range_fade,1.5,1.6,96
1778166000.0,1778173200.0,-1.2102,long,GBPUSD,session_range_fade,1.5,1.6,96
1778464800.0,1778504400.0,1.298,long,GBPUSD,session_range_fade,1.5,1.6,96
1778551200.0,1778562000.0,-1.2127,long,GBPUSD,session_range_fade,1.5,1.6,96
1778619600.0,1778673600.0,1.3616,short,GBPUSD,session_range_fade,1.5,1.6,96
1778709600.0,1778763600.0,1.3112,short,GBPUSD,session_range_fade,1.5,1.6,96
1779084000.0,1779091200.0,-1.2161,short,GBPUSD,session_range_fade,1.5,1.6,96
1779213600.0,1779285600.0,1.3392,long,GBPUSD,session_range_fade,1.5,1.6,96
1779339600.0,1779350400.0,-1.2639,short,GBPUSD,session_range_fade,1.5,1.6,96
1779357600.0,1779368400.0,-1.2024,long,GBPUSD,session_range_fade,1.5,1.6,96
1779436800.0,1779454800.0,1.1956,long,GBPUSD,session_range_fade,1.5,1.6,96
1779717600.0,1779771600.0,1.2213,short,GBPUSD,session_range_fade,1.5,1.6,96
1779858000.0,1779876000.0,-1.3479,long,GBPUSD,session_range_fade,1.5,1.6,96
1780030800.0,1780038000.0,1.1482,short,GBPUSD,session_range_fade,1.5,1.6,96
1780056000.0,1780063200.0,-1.2542,short,GBPUSD,session_range_fade,1.5,1.6,96
1780304400.0,1780318800.0,-1.2579,long,GBPUSD,session_range_fade,1.5,1.6,96
1780416000.0,1780466400.0,-1.2504,long,GBPUSD,session_range_fade,1.5,1.6,96
1780480800.0,1780488000.0,-1.2395,long,GBPUSD,session_range_fade,1.5,1.6,96
1780560000.0,1780570800.0,-1.2865,short,GBPUSD,session_range_fade,1.5,1.6,96
1780606800.0,1780642800.0,-1.264,short,GBPUSD,session_range_fade,1.5,1.6,96
1780905600.0,1780916400.0,1.3089,long,GBPUSD,session_range_fade,1.5,1.6,96
1780974000.0,1780977600.0,-1.2941,short,GBPUSD,session_range_fade,1.5,1.6,96
1781089200.0,1781092800.0,1.2592,long,GBPUSD,session_range_fade,1.5,1.6,96
1781110800.0,1781128800.0,-1.1602,long,GBPUSD,session_range_fade,1.5,1.6,96
1781157600.0,1781168400.0,-1.2342,long,GBPUSD,session_range_fade,1.5,1.6,96
1781172000.0,1781182800.0,-1.2116,long,GBPUSD,session_range_fade,1.5,1.6,96
1781258400.0,1781478000.0,-1.1895,short,GBPUSD,session_range_fade,1.5,1.6,96
1781510400.0,1781575200.0,-1.1974,long,GBPUSD,session_range_fade,1.5,1.6,96
1781593200.0,1781622000.0,1.2472,long,GBPUSD,session_range_fade,1.5,1.6,96
1781676000.0,1781694000.0,-1.3457,long,GBPUSD,session_range_fade,1.5,1.6,96
1782090000.0,1782115200.0,1.3146,short,GBPUSD,session_range_fade,1.5,1.6,96
1782280800.0,1782295200.0,-1.2712,long,GBPUSD,session_range_fade,1.5,1.6,96
1782345600.0,1782374400.0,-1.1578,short,GBPUSD,session_range_fade,1.5,1.6,96
1782385200.0,1782388800.0,1.2729,long,GBPUSD,session_range_fade,1.5,1.6,96
1782446400.0,1782460800.0,-1.2263,short,GBPUSD,session_range_fade,1.5,1.6,96
1782493200.0,1782738000.0,1.3455,long,GBPUSD,session_range_fade,1.5,1.6,96
1782766800.0,1782792000.0,1.2625,short,GBPUSD,session_range_fade,1.5,1.6,96
1782964800.0,1782972000.0,-1.2979,short,GBPUSD,session_range_fade,1.5,1.6,96
1776240000.0,1776247200.0,-1.2117,long,GBPUSD,session_range_fade,1.5,2.0,24
1776254400.0,1776308400.0,1.3275,long,GBPUSD,session_range_fade,1.5,2.0,24
1776380400.0,1776427200.0,1.3407,long,GBPUSD,session_range_fade,1.5,2.0,24
1776776400.0,1776790800.0,1.3181,short,GBPUSD,session_range_fade,1.5,2.0,24
1776859200.0,1776945600.0,-0.4824,long,GBPUSD,session_range_fade,1.5,2.0,24
1776952800.0,1776963600.0,1.3694,short,GBPUSD,session_range_fade,1.5,2.0,24
1777269600.0,1777276800.0,-1.2178,short,GBPUSD,session_range_fade,1.5,2.0,24
1777320000.0,1777356000.0,-1.1666,long,GBPUSD,session_range_fade,1.5,2.0,24
1777626000.0,1777636800.0,1.3074,long,GBPUSD,session_range_fade,1.5,2.0,24
1777960800.0,1777986000.0,-1.1996,short,GBPUSD,session_range_fade,1.5,2.0,24
1778011200.0,1778022000.0,-1.162,short,GBPUSD,session_range_fade,1.5,2.0,24
1778036400.0,1778040000.0,-1.1552,short,GBPUSD,session_range_fade,1.5,2.0,24
1778108400.0,1778148000.0,1.3334,long,GBPUSD,session_range_fade,1.5,2.0,24
1778166000.0,1778173200.0,-1.1681,long,GBPUSD,session_range_fade,1.5,2.0,24
1778464800.0,1778508000.0,1.3384,long,GBPUSD,session_range_fade,1.5,2.0,24
1778551200.0,1778565600.0,-1.1702,long,GBPUSD,session_range_fade,1.5,2.0,24
1778619600.0,1778706000.0,0.3335,short,GBPUSD,session_range_fade,1.5,2.0,24
1778709600.0,1778767200.0,1.349,short,GBPUSD,session_range_fade,1.5,2.0,24
1779084000.0,1779091200.0,-1.1729,short,GBPUSD,session_range_fade,1.5,2.0,24
1779213600.0,1779289200.0,1.3714,long,GBPUSD,session_range_fade,1.5,2.0,24
1779339600.0,1779350400.0,-1.2111,short,GBPUSD,session_range_fade,1.5,2.0,24
1779357600.0,1779368400.0,-1.1619,long,GBPUSD,session_range_fade,1.5,2.0,24
1779436800.0,1779454800.0,1.2565,long,GBPUSD,session_range_fade,1.5,2.0,24
1779717600.0,1779775200.0,1.2771,short,GBPUSD,session_range_fade,1.5,2.0,24
1779858000.0,1779879600.0,-1.2783,long,GBPUSD,session_range_fade,1.5,2.0,24
1780030800.0,1780041600.0,1.2186,short,GBPUSD,session_range_fade,1.5,2.0,24
1780056000.0,1780063200.0,-1.2034,short,GBPUSD,session_range_fade,1.5,2.0,24
1780304400.0,1780318800.0,-1.2063,long,GBPUSD,session_range_fade,1.5,2.0,24
1780416000.0,1780466400.0,-1.2003,long,GBPUSD,session_range_fade,1.5,2.0,24
1780480800.0,1780488000.0,-1.1916,long,GBPUSD,session_range_fade,1.5,2.0,24
1780560000.0,1780570800.0,-1.2292,short,GBPUSD,session_range_fade,1.5,2.0,24
1780606800.0,1780642800.0,-1.2112,short,GBPUSD,session_range_fade,1.5,2.0,24
1780905600.0,1780916400.0,1.3471,long,GBPUSD,session_range_fade,1.5,2.0,24
1780974000.0,1780984800.0,-1.2353,short,GBPUSD,session_range_fade,1.5,2.0,24
1781089200.0,1781096400.0,1.3073,long,GBPUSD,session_range_fade,1.5,2.0,24
1781110800.0,1781128800.0,-1.1282,long,GBPUSD,session_range_fade,1.5,2.0,24
1781157600.0,1781172000.0,-1.1874,long,GBPUSD,session_range_fade,1.5,2.0,24
1781182800.0,1781186400.0,-1.1575,long,GBPUSD,session_range_fade,1.5,2.0,24
1781258400.0,1781478000.0,-1.1516,short,GBPUSD,session_range_fade,1.5,2.0,24
1781510400.0,1781575200.0,-1.1579,long,GBPUSD,session_range_fade,1.5,2.0,24
1781593200.0,1781679600.0,-0.0123,long,GBPUSD,session_range_fade,1.5,2.0,24
1781690400.0,1781704800.0,-1.2558,long,GBPUSD,session_range_fade,1.5,2.0,24
1782090000.0,1782122400.0,-1.1483,short,GBPUSD,session_range_fade,1.5,2.0,24
1782280800.0,1782295200.0,-1.2169,long,GBPUSD,session_range_fade,1.5,2.0,24
1782345600.0,1782374400.0,-1.1263,short,GBPUSD,session_range_fade,1.5,2.0,24
1782385200.0,1782392400.0,1.3184,long,GBPUSD,session_range_fade,1.5,2.0,24
1782446400.0,1782464400.0,-1.1811,short,GBPUSD,session_range_fade,1.5,2.0,24
1782493200.0,1782745200.0,1.3764,long,GBPUSD,session_range_fade,1.5,2.0,24
1782766800.0,1782799200.0,1.31,short,GBPUSD,session_range_fade,1.5,2.0,24
1782964800.0,1782972000.0,-1.2383,short,GBPUSD,session_range_fade,1.5,2.0,24
1776240000.0,1776247200.0,-1.2117,long,GBPUSD,session_range_fade,1.5,2.0,48
1776254400.0,1776308400.0,1.3275,long,GBPUSD,session_range_fade,1.5,2.0,48
1776380400.0,1776427200.0,1.3407,long,GBPUSD,session_range_fade,1.5,2.0,48
1776776400.0,1776790800.0,1.3181,short,GBPUSD,session_range_fade,1.5,2.0,48
1776859200.0,1776963600.0,-1.1655,long,GBPUSD,session_range_fade,1.5,2.0,48
1777269600.0,1777276800.0,-1.2178,short,GBPUSD,session_range_fade,1.5,2.0,48
1777320000.0,1777356000.0,-1.1666,long,GBPUSD,session_range_fade,1.5,2.0,48
1777626000.0,1777636800.0,1.3074,long,GBPUSD,session_range_fade,1.5,2.0,48
1777960800.0,1777986000.0,-1.1996,short,GBPUSD,session_range_fade,1.5,2.0,48
1778011200.0,1778022000.0,-1.162,short,GBPUSD,session_range_fade,1.5,2.0,48
1778036400.0,1778040000.0,-1.1552,short,GBPUSD,session_range_fade,1.5,2.0,48
1778108400.0,1778148000.0,1.3334,long,GBPUSD,session_range_fade,1.5,2.0,48
1778166000.0,1778173200.0,-1.1681,long,GBPUSD,session_range_fade,1.5,2.0,48
1778464800.0,1778508000.0,1.3384,long,GBPUSD,session_range_fade,1.5,2.0,48
1778551200.0,1778565600.0,-1.1702,long,GBPUSD,session_range_fade,1.5,2.0,48
1778619600.0,1778770800.0,1.3893,short,GBPUSD,session_range_fade,1.5,2.0,48
1779084000.0,1779091200.0,-1.1729,short,GBPUSD,session_range_fade,1.5,2.0,48
1779213600.0,1779289200.0,1.3714,long,GBPUSD,session_range_fade,1.5,2.0,48
1779339600.0,1779350400.0,-1.2111,short,GBPUSD,session_range_fade,1.5,2.0,48
1779357600.0,1779368400.0,-1.1619,long,GBPUSD,session_range_fade,1.5,2.0,48
1779436800.0,1779454800.0,1.2565,long,GBPUSD,session_range_fade,1.5,2.0,48
1779717600.0,1779775200.0,1.2771,short,GBPUSD,session_range_fade,1.5,2.0,48
1779858000.0,1779879600.0,-1.2783,long,GBPUSD,session_range_fade,1.5,2.0,48
1780030800.0,1780041600.0,1.2186,short,GBPUSD,session_range_fade,1.5,2.0,48
1780056000.0,1780063200.0,-1.2034,short,GBPUSD,session_range_fade,1.5,2.0,48
1780304400.0,1780318800.0,-1.2063,long,GBPUSD,session_range_fade,1.5,2.0,48
1780416000.0,1780466400.0,-1.2003,long,GBPUSD,session_range_fade,1.5,2.0,48
1780480800.0,1780488000.0,-1.1916,long,GBPUSD,session_range_fade,1.5,2.0,48
1780560000.0,1780570800.0,-1.2292,short,GBPUSD,session_range_fade,1.5,2.0,48
1780606800.0,1780642800.0,-1.2112,short,GBPUSD,session_range_fade,1.5,2.0,48
1780905600.0,1780916400.0,1.3471,long,GBPUSD,session_range_fade,1.5,2.0,48
1780974000.0,1780984800.0,-1.2353,short,GBPUSD,session_range_fade,1.5,2.0,48
1781089200.0,1781096400.0,1.3073,long,GBPUSD,session_range_fade,1.5,2.0,48
1781110800.0,1781128800.0,-1.1282,long,GBPUSD,session_range_fade,1.5,2.0,48
1781157600.0,1781172000.0,-1.1874,long,GBPUSD,session_range_fade,1.5,2.0,48
1781182800.0,1781186400.0,-1.1575,long,GBPUSD,session_range_fade,1.5,2.0,48
1781258400.0,1781478000.0,-1.1516,short,GBPUSD,session_range_fade,1.5,2.0,48
1781510400.0,1781575200.0,-1.1579,long,GBPUSD,session_range_fade,1.5,2.0,48
1781593200.0,1781704800.0,-1.2022,long,GBPUSD,session_range_fade,1.5,2.0,48
1782090000.0,1782122400.0,-1.1483,short,GBPUSD,session_range_fade,1.5,2.0,48
1782280800.0,1782295200.0,-1.2169,long,GBPUSD,session_range_fade,1.5,2.0,48
1782345600.0,1782374400.0,-1.1263,short,GBPUSD,session_range_fade,1.5,2.0,48
1782385200.0,1782392400.0,1.3184,long,GBPUSD,session_range_fade,1.5,2.0,48
1782446400.0,1782464400.0,-1.1811,short,GBPUSD,session_range_fade,1.5,2.0,48
1782493200.0,1782745200.0,1.3764,long,GBPUSD,session_range_fade,1.5,2.0,48
1782766800.0,1782799200.0,1.31,short,GBPUSD,session_range_fade,1.5,2.0,48
1782964800.0,1782972000.0,-1.2383,short,GBPUSD,session_range_fade,1.5,2.0,48
1776240000.0,1776247200.0,-1.2117,long,GBPUSD,session_range_fade,1.5,2.0,96
1776254400.0,1776308400.0,1.3275,long,GBPUSD,session_range_fade,1.5,2.0,96
1776380400.0,1776427200.0,1.3407,long,GBPUSD,session_range_fade,1.5,2.0,96
1776776400.0,1776790800.0,1.3181,short,GBPUSD,session_range_fade,1.5,2.0,96
1776859200.0,1776963600.0,-1.1655,long,GBPUSD,session_range_fade,1.5,2.0,96
1777269600.0,1777276800.0,-1.2178,short,GBPUSD,session_range_fade,1.5,2.0,96
1777320000.0,1777356000.0,-1.1666,long,GBPUSD,session_range_fade,1.5,2.0,96
1777626000.0,1777636800.0,1.3074,long,GBPUSD,session_range_fade,1.5,2.0,96
1777960800.0,1777986000.0,-1.1996,short,GBPUSD,session_range_fade,1.5,2.0,96
1778011200.0,1778022000.0,-1.162,short,GBPUSD,session_range_fade,1.5,2.0,96
1778036400.0,1778040000.0,-1.1552,short,GBPUSD,session_range_fade,1.5,2.0,96
1778108400.0,1778148000.0,1.3334,long,GBPUSD,session_range_fade,1.5,2.0,96
1778166000.0,1778173200.0,-1.1681,long,GBPUSD,session_range_fade,1.5,2.0,96
1778464800.0,1778508000.0,1.3384,long,GBPUSD,session_range_fade,1.5,2.0,96
1778551200.0,1778565600.0,-1.1702,long,GBPUSD,session_range_fade,1.5,2.0,96
1778619600.0,1778770800.0,1.3893,short,GBPUSD,session_range_fade,1.5,2.0,96
1779084000.0,1779091200.0,-1.1729,short,GBPUSD,session_range_fade,1.5,2.0,96
1779213600.0,1779289200.0,1.3714,long,GBPUSD,session_range_fade,1.5,2.0,96
1779339600.0,1779350400.0,-1.2111,short,GBPUSD,session_range_fade,1.5,2.0,96
1779357600.0,1779368400.0,-1.1619,long,GBPUSD,session_range_fade,1.5,2.0,96
1779436800.0,1779454800.0,1.2565,long,GBPUSD,session_range_fade,1.5,2.0,96
1779717600.0,1779775200.0,1.2771,short,GBPUSD,session_range_fade,1.5,2.0,96
1779858000.0,1779879600.0,-1.2783,long,GBPUSD,session_range_fade,1.5,2.0,96
1780030800.0,1780041600.0,1.2186,short,GBPUSD,session_range_fade,1.5,2.0,96
1780056000.0,1780063200.0,-1.2034,short,GBPUSD,session_range_fade,1.5,2.0,96
1780304400.0,1780318800.0,-1.2063,long,GBPUSD,session_range_fade,1.5,2.0,96
1780416000.0,1780466400.0,-1.2003,long,GBPUSD,session_range_fade,1.5,2.0,96
1780480800.0,1780488000.0,-1.1916,long,GBPUSD,session_range_fade,1.5,2.0,96
1780560000.0,1780570800.0,-1.2292,short,GBPUSD,session_range_fade,1.5,2.0,96
1780606800.0,1780642800.0,-1.2112,short,GBPUSD,session_range_fade,1.5,2.0,96
1780905600.0,1780916400.0,1.3471,long,GBPUSD,session_range_fade,1.5,2.0,96
1780974000.0,1780984800.0,-1.2353,short,GBPUSD,session_range_fade,1.5,2.0,96
1781089200.0,1781096400.0,1.3073,long,GBPUSD,session_range_fade,1.5,2.0,96
1781110800.0,1781128800.0,-1.1282,long,GBPUSD,session_range_fade,1.5,2.0,96
1781157600.0,1781172000.0,-1.1874,long,GBPUSD,session_range_fade,1.5,2.0,96
1781182800.0,1781186400.0,-1.1575,long,GBPUSD,session_range_fade,1.5,2.0,96
1781258400.0,1781478000.0,-1.1516,short,GBPUSD,session_range_fade,1.5,2.0,96
1781510400.0,1781575200.0,-1.1579,long,GBPUSD,session_range_fade,1.5,2.0,96
1781593200.0,1781704800.0,-1.2022,long,GBPUSD,session_range_fade,1.5,2.0,96
1782090000.0,1782122400.0,-1.1483,short,GBPUSD,session_range_fade,1.5,2.0,96
1782280800.0,1782295200.0,-1.2169,long,GBPUSD,session_range_fade,1.5,2.0,96
1782345600.0,1782374400.0,-1.1263,short,GBPUSD,session_range_fade,1.5,2.0,96
1782385200.0,1782392400.0,1.3184,long,GBPUSD,session_range_fade,1.5,2.0,96
1782446400.0,1782464400.0,-1.1811,short,GBPUSD,session_range_fade,1.5,2.0,96
1782493200.0,1782745200.0,1.3764,long,GBPUSD,session_range_fade,1.5,2.0,96
1782766800.0,1782799200.0,1.31,short,GBPUSD,session_range_fade,1.5,2.0,96
1782964800.0,1782972000.0,-1.2383,short,GBPUSD,session_range_fade,1.5,2.0,96
1776240000.0,1776326400.0,-0.7257,long,GBPUSD,session_range_fade,1.5,2.5,24
1776380400.0,1776427200.0,1.3726,long,GBPUSD,session_range_fade,1.5,2.5,24
1776776400.0,1776790800.0,1.3545,short,GBPUSD,session_range_fade,1.5,2.5,24
1776859200.0,1776945600.0,-0.3859,long,GBPUSD,session_range_fade,1.5,2.5,24
1776952800.0,1776963600.0,1.3955,short,GBPUSD,session_range_fade,1.5,2.5,24
1777269600.0,1777284000.0,-1.1742,short,GBPUSD,session_range_fade,1.5,2.5,24
1777320000.0,1777359600.0,-1.1333,long,GBPUSD,session_range_fade,1.5,2.5,24
1777626000.0,1777636800.0,1.3459,long,GBPUSD,session_range_fade,1.5,2.5,24
1777960800.0,1777989600.0,-1.1597,short,GBPUSD,session_range_fade,1.5,2.5,24
1778011200.0,1778022000.0,-1.1296,short,GBPUSD,session_range_fade,1.5,2.5,24
1778036400.0,1778054400.0,-1.1242,short,GBPUSD,session_range_fade,1.5,2.5,24
1778108400.0,1778184000.0,-1.1333,long,GBPUSD,session_range_fade,1.5,2.5,24
1778464800.0,1778511600.0,1.3708,long,GBPUSD,session_range_fade,1.5,2.5,24
1778551200.0,1778565600.0,-1.1361,long,GBPUSD,session_range_fade,1.5,2.5,24
1778619600.0,1778706000.0,0.2668,short,GBPUSD,session_range_fade,1.5,2.5,24
1778709600.0,1778770800.0,1.3792,short,GBPUSD,session_range_fade,1.5,2.5,24
1779084000.0,1779105600.0,-1.1383,short,GBPUSD,session_range_fade,1.5,2.5,24
1779213600.0,1779289200.0,1.3971,long,GBPUSD,session_range_fade,1.5,2.5,24
1779339600.0,1779368400.0,1.3311,short,GBPUSD,session_range_fade,1.5,2.5,24
1779436800.0,1779454800.0,1.3052,long,GBPUSD,session_range_fade,1.5,2.5,24
1779717600.0,1779778800.0,1.3217,short,GBPUSD,session_range_fade,1.5,2.5,24
1779858000.0,1779890400.0,-1.2227,long,GBPUSD,session_range_fade,1.5,2.5,24
1780030800.0,1780041600.0,1.2749,short,GBPUSD,session_range_fade,1.5,2.5,24
1780056000.0,1780063200.0,-1.1627,short,GBPUSD,session_range_fade,1.5,2.5,24
1780304400.0,1780318800.0,-1.1651,long,GBPUSD,session_range_fade,1.5,2.5,24
1780416000.0,1780466400.0,-1.1603,long,GBPUSD,session_range_fade,1.5,2.5,24
1780480800.0,1780491600.0,-1.1533,long,GBPUSD,session_range_fade,1.5,2.5,24
1780560000.0,1780570800.0,-1.1833,short,GBPUSD,session_range_fade,1.5,2.5,24
1780606800.0,1780646400.0,-1.169,short,GBPUSD,session_range_fade,1.5,2.5,24
1780905600.0,1780984800.0,1.3777,long,GBPUSD,session_range_fade,1.5,2.5,24
1781089200.0,1781096400.0,1.3459,long,GBPUSD,session_range_fade,1.5,2.5,24
1781110800.0,1781132400.0,-1.1025,long,GBPUSD,session_range_fade,1.5,2.5,24
1781157600.0,1781179200.0,-1.1499,long,GBPUSD,session_range_fade,1.5,2.5,24
1781182800.0,1781197200.0,1.374,long,GBPUSD,session_range_fade,1.5,2.5,24
1781258400.0,1781478000.0,-1.1213,short,GBPUSD,session_range_fade,1.5,2.5,24
1781510400.0,1781589600.0,-1.1263,long,GBPUSD,session_range_fade,1.5,2.5,24
1781593200.0,1781679600.0,-0.0098,long,GBPUSD,session_range_fade,1.5,2.5,24
1781690400.0,1781704800.0,-1.2047,long,GBPUSD,session_range_fade,1.5,2.5,24
1782090000.0,1782129600.0,-1.1187,short,GBPUSD,session_range_fade,1.5,2.5,24
1782280800.0,1782295200.0,-1.1735,long,GBPUSD,session_range_fade,1.5,2.5,24
1782345600.0,1782396000.0,-1.101,short,GBPUSD,session_range_fade,1.5,2.5,24
1782446400.0,1782482400.0,-1.1448,short,GBPUSD,session_range_fade,1.5,2.5,24
1782493200.0,1782756000.0,1.317,long,GBPUSD,session_range_fade,1.5,2.5,24
1782766800.0,1782817200.0,1.348,short,GBPUSD,session_range_fade,1.5,2.5,24
1782964800.0,1782972000.0,-1.1906,short,GBPUSD,session_range_fade,1.5,2.5,24
1776240000.0,1776330000.0,-1.1694,long,GBPUSD,session_range_fade,1.5,2.5,48
1776380400.0,1776427200.0,1.3726,long,GBPUSD,session_range_fade,1.5,2.5,48
1776776400.0,1776790800.0,1.3545,short,GBPUSD,session_range_fade,1.5,2.5,48
1776859200.0,1776963600.0,-1.1324,long,GBPUSD,session_range_fade,1.5,2.5,48
1777269600.0,1777284000.0,-1.1742,short,GBPUSD,session_range_fade,1.5,2.5,48
1777320000.0,1777359600.0,-1.1333,long,GBPUSD,session_range_fade,1.5,2.5,48
1777626000.0,1777636800.0,1.3459,long,GBPUSD,session_range_fade,1.5,2.5,48
1777960800.0,1777989600.0,-1.1597,short,GBPUSD,session_range_fade,1.5,2.5,48
1778011200.0,1778022000.0,-1.1296,short,GBPUSD,session_range_fade,1.5,2.5,48
1778036400.0,1778054400.0,-1.1242,short,GBPUSD,session_range_fade,1.5,2.5,48
1778108400.0,1778184000.0,-1.1333,long,GBPUSD,session_range_fade,1.5,2.5,48
1778464800.0,1778511600.0,1.3708,long,GBPUSD,session_range_fade,1.5,2.5,48
1778551200.0,1778565600.0,-1.1361,long,GBPUSD,session_range_fade,1.5,2.5,48
1778619600.0,1778774400.0,1.4114,short,GBPUSD,session_range_fade,1.5,2.5,48
1779084000.0,1779105600.0,-1.1383,short,GBPUSD,session_range_fade,1.5,2.5,48
1779213600.0,1779289200.0,1.3971,long,GBPUSD,session_range_fade,1.5,2.5,48
1779339600.0,1779368400.0,1.3311,short,GBPUSD,session_range_fade,1.5,2.5,48
1779436800.0,1779454800.0,1.3052,long,GBPUSD,session_range_fade,1.5,2.5,48
1779717600.0,1779778800.0,1.3217,short,GBPUSD,session_range_fade,1.5,2.5,48
1779858000.0,1779890400.0,-1.2227,long,GBPUSD,session_range_fade,1.5,2.5,48
1780030800.0,1780041600.0,1.2749,short,GBPUSD,session_range_fade,1.5,2.5,48
1780056000.0,1780063200.0,-1.1627,short,GBPUSD,session_range_fade,1.5,2.5,48
1780304400.0,1780318800.0,-1.1651,long,GBPUSD,session_range_fade,1.5,2.5,48
1780416000.0,1780466400.0,-1.1603,long,GBPUSD,session_range_fade,1.5,2.5,48
1780480800.0,1780491600.0,-1.1533,long,GBPUSD,session_range_fade,1.5,2.5,48
1780560000.0,1780570800.0,-1.1833,short,GBPUSD,session_range_fade,1.5,2.5,48
1780606800.0,1780646400.0,-1.169,short,GBPUSD,session_range_fade,1.5,2.5,48
1780905600.0,1780984800.0,1.3777,long,GBPUSD,session_range_fade,1.5,2.5,48
1781089200.0,1781096400.0,1.3459,long,GBPUSD,session_range_fade,1.5,2.5,48
1781110800.0,1781132400.0,-1.1025,long,GBPUSD,session_range_fade,1.5,2.5,48
1781157600.0,1781179200.0,-1.1499,long,GBPUSD,session_range_fade,1.5,2.5,48
1781182800.0,1781197200.0,1.374,long,GBPUSD,session_range_fade,1.5,2.5,48
1781258400.0,1781478000.0,-1.1213,short,GBPUSD,session_range_fade,1.5,2.5,48
1781510400.0,1781589600.0,-1.1263,long,GBPUSD,session_range_fade,1.5,2.5,48
1781593200.0,1781704800.0,-1.1618,long,GBPUSD,session_range_fade,1.5,2.5,48
1782090000.0,1782129600.0,-1.1187,short,GBPUSD,session_range_fade,1.5,2.5,48
1782280800.0,1782295200.0,-1.1735,long,GBPUSD,session_range_fade,1.5,2.5,48
1782345600.0,1782396000.0,-1.101,short,GBPUSD,session_range_fade,1.5,2.5,48
1782446400.0,1782482400.0,-1.1448,short,GBPUSD,session_range_fade,1.5,2.5,48
1782493200.0,1782759600.0,1.4011,long,GBPUSD,session_range_fade,1.5,2.5,48
1782766800.0,1782817200.0,1.348,short,GBPUSD,session_range_fade,1.5,2.5,48
1782964800.0,1782972000.0,-1.1906,short,GBPUSD,session_range_fade,1.5,2.5,48
1776240000.0,1776330000.0,-1.1694,long,GBPUSD,session_range_fade,1.5,2.5,96
1776380400.0,1776427200.0,1.3726,long,GBPUSD,session_range_fade,1.5,2.5,96
1776776400.0,1776790800.0,1.3545,short,GBPUSD,session_range_fade,1.5,2.5,96
1776859200.0,1776963600.0,-1.1324,long,GBPUSD,session_range_fade,1.5,2.5,96
1777269600.0,1777284000.0,-1.1742,short,GBPUSD,session_range_fade,1.5,2.5,96
1777320000.0,1777359600.0,-1.1333,long,GBPUSD,session_range_fade,1.5,2.5,96
1777626000.0,1777636800.0,1.3459,long,GBPUSD,session_range_fade,1.5,2.5,96
1777960800.0,1777989600.0,-1.1597,short,GBPUSD,session_range_fade,1.5,2.5,96
1778011200.0,1778022000.0,-1.1296,short,GBPUSD,session_range_fade,1.5,2.5,96
1778036400.0,1778054400.0,-1.1242,short,GBPUSD,session_range_fade,1.5,2.5,96
1778108400.0,1778184000.0,-1.1333,long,GBPUSD,session_range_fade,1.5,2.5,96
1778464800.0,1778511600.0,1.3708,long,GBPUSD,session_range_fade,1.5,2.5,96
1778551200.0,1778565600.0,-1.1361,long,GBPUSD,session_range_fade,1.5,2.5,96
1778619600.0,1778774400.0,1.4114,short,GBPUSD,session_range_fade,1.5,2.5,96
1779084000.0,1779105600.0,-1.1383,short,GBPUSD,session_range_fade,1.5,2.5,96
1779213600.0,1779289200.0,1.3971,long,GBPUSD,session_range_fade,1.5,2.5,96
1779339600.0,1779368400.0,1.3311,short,GBPUSD,session_range_fade,1.5,2.5,96
1779436800.0,1779454800.0,1.3052,long,GBPUSD,session_range_fade,1.5,2.5,96
1779717600.0,1779778800.0,1.3217,short,GBPUSD,session_range_fade,1.5,2.5,96
1779858000.0,1779890400.0,-1.2227,long,GBPUSD,session_range_fade,1.5,2.5,96
1780030800.0,1780041600.0,1.2749,short,GBPUSD,session_range_fade,1.5,2.5,96
1780056000.0,1780063200.0,-1.1627,short,GBPUSD,session_range_fade,1.5,2.5,96
1780304400.0,1780318800.0,-1.1651,long,GBPUSD,session_range_fade,1.5,2.5,96
1780416000.0,1780466400.0,-1.1603,long,GBPUSD,session_range_fade,1.5,2.5,96
1780480800.0,1780491600.0,-1.1533,long,GBPUSD,session_range_fade,1.5,2.5,96
1780560000.0,1780570800.0,-1.1833,short,GBPUSD,session_range_fade,1.5,2.5,96
1780606800.0,1780646400.0,-1.169,short,GBPUSD,session_range_fade,1.5,2.5,96
1780905600.0,1780984800.0,1.3777,long,GBPUSD,session_range_fade,1.5,2.5,96
1781089200.0,1781096400.0,1.3459,long,GBPUSD,session_range_fade,1.5,2.5,96
1781110800.0,1781132400.0,-1.1025,long,GBPUSD,session_range_fade,1.5,2.5,96
1781157600.0,1781179200.0,-1.1499,long,GBPUSD,session_range_fade,1.5,2.5,96
1781182800.0,1781197200.0,1.374,long,GBPUSD,session_range_fade,1.5,2.5,96
1781258400.0,1781478000.0,-1.1213,short,GBPUSD,session_range_fade,1.5,2.5,96
1781510400.0,1781589600.0,-1.1263,long,GBPUSD,session_range_fade,1.5,2.5,96
1781593200.0,1781704800.0,-1.1618,long,GBPUSD,session_range_fade,1.5,2.5,96
1782090000.0,1782129600.0,-1.1187,short,GBPUSD,session_range_fade,1.5,2.5,96
1782280800.0,1782295200.0,-1.1735,long,GBPUSD,session_range_fade,1.5,2.5,96
1782345600.0,1782396000.0,-1.101,short,GBPUSD,session_range_fade,1.5,2.5,96
1782446400.0,1782482400.0,-1.1448,short,GBPUSD,session_range_fade,1.5,2.5,96
1782493200.0,1782759600.0,1.4011,long,GBPUSD,session_range_fade,1.5,2.5,96
1782766800.0,1782817200.0,1.348,short,GBPUSD,session_range_fade,1.5,2.5,96
1782964800.0,1782972000.0,-1.1906,short,GBPUSD,session_range_fade,1.5,2.5,96
1776240000.0,1776243600.0,-1.3258,long,GBPUSD,session_range_fade,2.0,1.3,24
1776247200.0,1776304800.0,1.7269,long,GBPUSD,session_range_fade,2.0,1.3,24
1776380400.0,1776405600.0,-1.2451,long,GBPUSD,session_range_fade,2.0,1.3,24
1776412800.0,1776427200.0,-1.3372,short,GBPUSD,session_range_fade,2.0,1.3,24
1776776400.0,1776780000.0,-1.2799,short,GBPUSD,session_range_fade,2.0,1.3,24
1776859200.0,1776945600.0,-0.7421,long,GBPUSD,session_range_fade,2.0,1.3,24
1776952800.0,1776963600.0,1.799,short,GBPUSD,session_range_fade,2.0,1.3,24
1777269600.0,1777276800.0,-1.3351,short,GBPUSD,session_range_fade,2.0,1.3,24
1777320000.0,1777356000.0,-1.2563,long,GBPUSD,session_range_fade,2.0,1.3,24
1777626000.0,1777636800.0,1.7037,long,GBPUSD,session_range_fade,2.0,1.3,24
1777960800.0,1777968000.0,-1.3071,short,GBPUSD,session_range_fade,2.0,1.3,24
1777971600.0,1777986000.0,-1.3149,short,GBPUSD,session_range_fade,2.0,1.3,24
1778011200.0,1778014800.0,-1.2492,short,GBPUSD,session_range_fade,2.0,1.3,24
1778018400.0,1778022000.0,-1.2293,short,GBPUSD,session_range_fade,2.0,1.3,24
1778036400.0,1778040000.0,-1.2388,short,GBPUSD,session_range_fade,2.0,1.3,24
1778108400.0,1778137200.0,1.7437,long,GBPUSD,session_range_fade,2.0,1.3,24
1778166000.0,1778169600.0,-1.2587,long,GBPUSD,session_range_fade,2.0,1.3,24
1778464800.0,1778504400.0,1.7514,long,GBPUSD,session_range_fade,2.0,1.3,24
1778551200.0,1778562000.0,-1.2618,long,GBPUSD,session_range_fade,2.0,1.3,24
1778619600.0,1778673600.0,1.8296,short,GBPUSD,session_range_fade,2.0,1.3,24
1778709600.0,1778763600.0,1.7676,short,GBPUSD,session_range_fade,2.0,1.3,24
1779084000.0,1779091200.0,-1.2659,short,GBPUSD,session_range_fade,2.0,1.3,24
1779213600.0,1779238800.0,-1.1979,long,GBPUSD,session_range_fade,2.0,1.3,24
1779246000.0,1779256800.0,-1.2716,long,GBPUSD,session_range_fade,2.0,1.3,24
1779260400.0,1779285600.0,1.7286,long,GBPUSD,session_range_fade,2.0,1.3,24
1779339600.0,1779350400.0,-1.3248,short,GBPUSD,session_range_fade,2.0,1.3,24
1779357600.0,1779368400.0,-1.2491,long,GBPUSD,session_range_fade,2.0,1.3,24
1779436800.0,1779454800.0,1.6253,long,GBPUSD,session_range_fade,2.0,1.3,24
1779717600.0,1779771600.0,1.657,short,GBPUSD,session_range_fade,2.0,1.3,24
1779858000.0,1779876000.0,-1.4282,long,GBPUSD,session_range_fade,2.0,1.3,24
1780030800.0,1780038000.0,1.567,short,GBPUSD,session_range_fade,2.0,1.3,24
1780056000.0,1780063200.0,-1.3129,short,GBPUSD,session_range_fade,2.0,1.3,24
1780304400.0,1780318800.0,-1.3174,long,GBPUSD,session_range_fade,2.0,1.3,24
1780416000.0,1780441200.0,-1.3082,long,GBPUSD,session_range_fade,2.0,1.3,24
1780480800.0,1780488000.0,-1.2948,long,GBPUSD,session_range_fade,2.0,1.3,24
1780560000.0,1780567200.0,-1.3526,short,GBPUSD,session_range_fade,2.0,1.3,24
1780606800.0,1780642800.0,-1.3249,short,GBPUSD,session_range_fade,2.0,1.3,24
1780905600.0,1780916400.0,1.7648,long,GBPUSD,session_range_fade,2.0,1.3,24
1780974000.0,1780977600.0,-1.362,short,GBPUSD,session_range_fade,2.0,1.3,24
1781089200.0,1781092800.0,1.7036,long,GBPUSD,session_range_fade,2.0,1.3,24
1781110800.0,1781121600.0,-1.1972,long,GBPUSD,session_range_fade,2.0,1.3,24
1781157600.0,1781164800.0,-1.2883,long,GBPUSD,session_range_fade,2.0,1.3,24
1781168400.0,1781179200.0,-1.2744,long,GBPUSD,session_range_fade,2.0,1.3,24
1781182800.0,1781186400.0,-1.2424,long,GBPUSD,session_range_fade,2.0,1.3,24
1781258400.0,1781478000.0,-1.2333,short,GBPUSD,session_range_fade,2.0,1.3,24
1781510400.0,1781553600.0,-1.243,long,GBPUSD,session_range_fade,2.0,1.3,24
1781557200.0,1781582400.0,-1.2673,long,GBPUSD,session_range_fade,2.0,1.3,24
1781593200.0,1781618400.0,-1.3111,long,GBPUSD,session_range_fade,2.0,1.3,24
1781676000.0,1781694000.0,-1.4255,long,GBPUSD,session_range_fade,2.0,1.3,24
1782090000.0,1782115200.0,1.7718,short,GBPUSD,session_range_fade,2.0,1.3,24
1782280800.0,1782288000.0,-1.3337,long,GBPUSD,session_range_fade,2.0,1.3,24
1782291600.0,1782295200.0,-1.263,long,GBPUSD,session_range_fade,2.0,1.3,24
1782345600.0,1782356400.0,-1.1942,short,GBPUSD,session_range_fade,2.0,1.3,24
1782385200.0,1782388800.0,1.7205,long,GBPUSD,session_range_fade,2.0,1.3,24
1782446400.0,1782460800.0,-1.2786,short,GBPUSD,session_range_fade,2.0,1.3,24
1782493200.0,1782738000.0,1.8098,long,GBPUSD,session_range_fade,2.0,1.3,24
1782766800.0,1782795600.0,1.7076,short,GBPUSD,session_range_fade,2.0,1.3,24
1782964800.0,1782972000.0,-1.3666,short,GBPUSD,session_range_fade,2.0,1.3,24
1776240000.0,1776243600.0,-1.3258,long,GBPUSD,session_range_fade,2.0,1.3,48
1776247200.0,1776304800.0,1.7269,long,GBPUSD,session_range_fade,2.0,1.3,48
1776380400.0,1776405600.0,-1.2451,long,GBPUSD,session_range_fade,2.0,1.3,48
1776412800.0,1776427200.0,-1.3372,short,GBPUSD,session_range_fade,2.0,1.3,48
1776776400.0,1776780000.0,-1.2799,short,GBPUSD,session_range_fade,2.0,1.3,48
1776859200.0,1776963600.0,-1.2546,long,GBPUSD,session_range_fade,2.0,1.3,48
1777269600.0,1777276800.0,-1.3351,short,GBPUSD,session_range_fade,2.0,1.3,48
1777320000.0,1777356000.0,-1.2563,long,GBPUSD,session_range_fade,2.0,1.3,48
1777626000.0,1777636800.0,1.7037,long,GBPUSD,session_range_fade,2.0,1.3,48
1777960800.0,1777968000.0,-1.3071,short,GBPUSD,session_range_fade,2.0,1.3,48
1777971600.0,1777986000.0,-1.3149,short,GBPUSD,session_range_fade,2.0,1.3,48
1778011200.0,1778014800.0,-1.2492,short,GBPUSD,session_range_fade,2.0,1.3,48
1778018400.0,1778022000.0,-1.2293,short,GBPUSD,session_range_fade,2.0,1.3,48
1778036400.0,1778040000.0,-1.2388,short,GBPUSD,session_range_fade,2.0,1.3,48
1778108400.0,1778137200.0,1.7437,long,GBPUSD,session_range_fade,2.0,1.3,48
1778166000.0,1778169600.0,-1.2587,long,GBPUSD,session_range_fade,2.0,1.3,48
1778464800.0,1778504400.0,1.7514,long,GBPUSD,session_range_fade,2.0,1.3,48
1778551200.0,1778562000.0,-1.2618,long,GBPUSD,session_range_fade,2.0,1.3,48
1778619600.0,1778673600.0,1.8296,short,GBPUSD,session_range_fade,2.0,1.3,48
1778709600.0,1778763600.0,1.7676,short,GBPUSD,session_range_fade,2.0,1.3,48
1779084000.0,1779091200.0,-1.2659,short,GBPUSD,session_range_fade,2.0,1.3,48
1779213600.0,1779238800.0,-1.1979,long,GBPUSD,session_range_fade,2.0,1.3,48
1779246000.0,1779256800.0,-1.2716,long,GBPUSD,session_range_fade,2.0,1.3,48
1779260400.0,1779285600.0,1.7286,long,GBPUSD,session_range_fade,2.0,1.3,48
1779339600.0,1779350400.0,-1.3248,short,GBPUSD,session_range_fade,2.0,1.3,48
1779357600.0,1779368400.0,-1.2491,long,GBPUSD,session_range_fade,2.0,1.3,48
1779436800.0,1779454800.0,1.6253,long,GBPUSD,session_range_fade,2.0,1.3,48
1779717600.0,1779771600.0,1.657,short,GBPUSD,session_range_fade,2.0,1.3,48
1779858000.0,1779876000.0,-1.4282,long,GBPUSD,session_range_fade,2.0,1.3,48
1780030800.0,1780038000.0,1.567,short,GBPUSD,session_range_fade,2.0,1.3,48
1780056000.0,1780063200.0,-1.3129,short,GBPUSD,session_range_fade,2.0,1.3,48
1780304400.0,1780318800.0,-1.3174,long,GBPUSD,session_range_fade,2.0,1.3,48
1780416000.0,1780441200.0,-1.3082,long,GBPUSD,session_range_fade,2.0,1.3,48
1780480800.0,1780488000.0,-1.2948,long,GBPUSD,session_range_fade,2.0,1.3,48
1780560000.0,1780567200.0,-1.3526,short,GBPUSD,session_range_fade,2.0,1.3,48
1780606800.0,1780642800.0,-1.3249,short,GBPUSD,session_range_fade,2.0,1.3,48
1780905600.0,1780916400.0,1.7648,long,GBPUSD,session_range_fade,2.0,1.3,48
1780974000.0,1780977600.0,-1.362,short,GBPUSD,session_range_fade,2.0,1.3,48
1781089200.0,1781092800.0,1.7036,long,GBPUSD,session_range_fade,2.0,1.3,48
1781110800.0,1781121600.0,-1.1972,long,GBPUSD,session_range_fade,2.0,1.3,48
1781157600.0,1781164800.0,-1.2883,long,GBPUSD,session_range_fade,2.0,1.3,48
1781168400.0,1781179200.0,-1.2744,long,GBPUSD,session_range_fade,2.0,1.3,48
1781182800.0,1781186400.0,-1.2424,long,GBPUSD,session_range_fade,2.0,1.3,48
1781258400.0,1781478000.0,-1.2333,short,GBPUSD,session_range_fade,2.0,1.3,48
1781510400.0,1781553600.0,-1.243,long,GBPUSD,session_range_fade,2.0,1.3,48
1781557200.0,1781582400.0,-1.2673,long,GBPUSD,session_range_fade,2.0,1.3,48
1781593200.0,1781618400.0,-1.3111,long,GBPUSD,session_range_fade,2.0,1.3,48
1781676000.0,1781694000.0,-1.4255,long,GBPUSD,session_range_fade,2.0,1.3,48
1782090000.0,1782115200.0,1.7718,short,GBPUSD,session_range_fade,2.0,1.3,48
1782280800.0,1782288000.0,-1.3337,long,GBPUSD,session_range_fade,2.0,1.3,48
1782291600.0,1782295200.0,-1.263,long,GBPUSD,session_range_fade,2.0,1.3,48
1782345600.0,1782356400.0,-1.1942,short,GBPUSD,session_range_fade,2.0,1.3,48
1782385200.0,1782388800.0,1.7205,long,GBPUSD,session_range_fade,2.0,1.3,48
1782446400.0,1782460800.0,-1.2786,short,GBPUSD,session_range_fade,2.0,1.3,48
1782493200.0,1782738000.0,1.8098,long,GBPUSD,session_range_fade,2.0,1.3,48
1782766800.0,1782795600.0,1.7076,short,GBPUSD,session_range_fade,2.0,1.3,48
1782964800.0,1782972000.0,-1.3666,short,GBPUSD,session_range_fade,2.0,1.3,48
1776240000.0,1776243600.0,-1.3258,long,GBPUSD,session_range_fade,2.0,1.3,96
1776247200.0,1776304800.0,1.7269,long,GBPUSD,session_range_fade,2.0,1.3,96
1776380400.0,1776405600.0,-1.2451,long,GBPUSD,session_range_fade,2.0,1.3,96
1776412800.0,1776427200.0,-1.3372,short,GBPUSD,session_range_fade,2.0,1.3,96
1776776400.0,1776780000.0,-1.2799,short,GBPUSD,session_range_fade,2.0,1.3,96
1776859200.0,1776963600.0,-1.2546,long,GBPUSD,session_range_fade,2.0,1.3,96
1777269600.0,1777276800.0,-1.3351,short,GBPUSD,session_range_fade,2.0,1.3,96
1777320000.0,1777356000.0,-1.2563,long,GBPUSD,session_range_fade,2.0,1.3,96
1777626000.0,1777636800.0,1.7037,long,GBPUSD,session_range_fade,2.0,1.3,96
1777960800.0,1777968000.0,-1.3071,short,GBPUSD,session_range_fade,2.0,1.3,96
1777971600.0,1777986000.0,-1.3149,short,GBPUSD,session_range_fade,2.0,1.3,96
1778011200.0,1778014800.0,-1.2492,short,GBPUSD,session_range_fade,2.0,1.3,96
1778018400.0,1778022000.0,-1.2293,short,GBPUSD,session_range_fade,2.0,1.3,96
1778036400.0,1778040000.0,-1.2388,short,GBPUSD,session_range_fade,2.0,1.3,96
1778108400.0,1778137200.0,1.7437,long,GBPUSD,session_range_fade,2.0,1.3,96
1778166000.0,1778169600.0,-1.2587,long,GBPUSD,session_range_fade,2.0,1.3,96
1778464800.0,1778504400.0,1.7514,long,GBPUSD,session_range_fade,2.0,1.3,96
1778551200.0,1778562000.0,-1.2618,long,GBPUSD,session_range_fade,2.0,1.3,96
1778619600.0,1778673600.0,1.8296,short,GBPUSD,session_range_fade,2.0,1.3,96
1778709600.0,1778763600.0,1.7676,short,GBPUSD,session_range_fade,2.0,1.3,96
1779084000.0,1779091200.0,-1.2659,short,GBPUSD,session_range_fade,2.0,1.3,96
1779213600.0,1779238800.0,-1.1979,long,GBPUSD,session_range_fade,2.0,1.3,96
1779246000.0,1779256800.0,-1.2716,long,GBPUSD,session_range_fade,2.0,1.3,96
1779260400.0,1779285600.0,1.7286,long,GBPUSD,session_range_fade,2.0,1.3,96
1779339600.0,1779350400.0,-1.3248,short,GBPUSD,session_range_fade,2.0,1.3,96
1779357600.0,1779368400.0,-1.2491,long,GBPUSD,session_range_fade,2.0,1.3,96
1779436800.0,1779454800.0,1.6253,long,GBPUSD,session_range_fade,2.0,1.3,96
1779717600.0,1779771600.0,1.657,short,GBPUSD,session_range_fade,2.0,1.3,96
1779858000.0,1779876000.0,-1.4282,long,GBPUSD,session_range_fade,2.0,1.3,96
1780030800.0,1780038000.0,1.567,short,GBPUSD,session_range_fade,2.0,1.3,96
1780056000.0,1780063200.0,-1.3129,short,GBPUSD,session_range_fade,2.0,1.3,96
1780304400.0,1780318800.0,-1.3174,long,GBPUSD,session_range_fade,2.0,1.3,96
1780416000.0,1780441200.0,-1.3082,long,GBPUSD,session_range_fade,2.0,1.3,96
1780480800.0,1780488000.0,-1.2948,long,GBPUSD,session_range_fade,2.0,1.3,96
1780560000.0,1780567200.0,-1.3526,short,GBPUSD,session_range_fade,2.0,1.3,96
1780606800.0,1780642800.0,-1.3249,short,GBPUSD,session_range_fade,2.0,1.3,96
1780905600.0,1780916400.0,1.7648,long,GBPUSD,session_range_fade,2.0,1.3,96
1780974000.0,1780977600.0,-1.362,short,GBPUSD,session_range_fade,2.0,1.3,96
1781089200.0,1781092800.0,1.7036,long,GBPUSD,session_range_fade,2.0,1.3,96
1781110800.0,1781121600.0,-1.1972,long,GBPUSD,session_range_fade,2.0,1.3,96
1781157600.0,1781164800.0,-1.2883,long,GBPUSD,session_range_fade,2.0,1.3,96
1781168400.0,1781179200.0,-1.2744,long,GBPUSD,session_range_fade,2.0,1.3,96
1781182800.0,1781186400.0,-1.2424,long,GBPUSD,session_range_fade,2.0,1.3,96
1781258400.0,1781478000.0,-1.2333,short,GBPUSD,session_range_fade,2.0,1.3,96
1781510400.0,1781553600.0,-1.243,long,GBPUSD,session_range_fade,2.0,1.3,96
1781557200.0,1781582400.0,-1.2673,long,GBPUSD,session_range_fade,2.0,1.3,96
1781593200.0,1781618400.0,-1.3111,long,GBPUSD,session_range_fade,2.0,1.3,96
1781676000.0,1781694000.0,-1.4255,long,GBPUSD,session_range_fade,2.0,1.3,96
1782090000.0,1782115200.0,1.7718,short,GBPUSD,session_range_fade,2.0,1.3,96
1782280800.0,1782288000.0,-1.3337,long,GBPUSD,session_range_fade,2.0,1.3,96
1782291600.0,1782295200.0,-1.263,long,GBPUSD,session_range_fade,2.0,1.3,96
1782345600.0,1782356400.0,-1.1942,short,GBPUSD,session_range_fade,2.0,1.3,96
1782385200.0,1782388800.0,1.7205,long,GBPUSD,session_range_fade,2.0,1.3,96
1782446400.0,1782460800.0,-1.2786,short,GBPUSD,session_range_fade,2.0,1.3,96
1782493200.0,1782738000.0,1.8098,long,GBPUSD,session_range_fade,2.0,1.3,96
1782766800.0,1782795600.0,1.7076,short,GBPUSD,session_range_fade,2.0,1.3,96
1782964800.0,1782972000.0,-1.3666,short,GBPUSD,session_range_fade,2.0,1.3,96
1776240000.0,1776247200.0,-1.2647,long,GBPUSD,session_range_fade,2.0,1.6,24
1776254400.0,1776308400.0,1.7843,long,GBPUSD,session_range_fade,2.0,1.6,24
1776380400.0,1776427200.0,1.8009,long,GBPUSD,session_range_fade,2.0,1.6,24
1776776400.0,1776790800.0,1.7726,short,GBPUSD,session_range_fade,2.0,1.6,24
1776859200.0,1776945600.0,-0.603,long,GBPUSD,session_range_fade,2.0,1.6,24
1776952800.0,1776963600.0,1.8367,short,GBPUSD,session_range_fade,2.0,1.6,24
1777269600.0,1777276800.0,-1.2722,short,GBPUSD,session_range_fade,2.0,1.6,24
1777320000.0,1777356000.0,-1.2083,long,GBPUSD,session_range_fade,2.0,1.6,24
1777626000.0,1777636800.0,1.7592,long,GBPUSD,session_range_fade,2.0,1.6,24
1777960800.0,1777968000.0,-1.2495,short,GBPUSD,session_range_fade,2.0,1.6,24
1777971600.0,1777989600.0,-1.2558,short,GBPUSD,session_range_fade,2.0,1.6,24
1778011200.0,1778018400.0,-1.2025,short,GBPUSD,session_range_fade,2.0,1.6,24
1778036400.0,1778040000.0,-1.194,short,GBPUSD,session_range_fade,2.0,1.6,24
1778108400.0,1778166000.0,1.7917,long,GBPUSD,session_range_fade,2.0,1.6,24
1778464800.0,1778508000.0,1.798,long,GBPUSD,session_range_fade,2.0,1.6,24
1778551200.0,1778562000.0,-1.2127,long,GBPUSD,session_range_fade,2.0,1.6,24
1778619600.0,1778706000.0,0.4169,short,GBPUSD,session_range_fade,2.0,1.6,24
1778709600.0,1778770800.0,1.8112,short,GBPUSD,session_range_fade,2.0,1.6,24
1779084000.0,1779091200.0,-1.2161,short,GBPUSD,session_range_fade,2.0,1.6,24
1779213600.0,1779289200.0,1.8392,long,GBPUSD,session_range_fade,2.0,1.6,24
1779339600.0,1779350400.0,-1.2639,short,GBPUSD,session_range_fade,2.0,1.6,24
1779357600.0,1779368400.0,-1.2024,long,GBPUSD,session_range_fade,2.0,1.6,24
1779436800.0,1779454800.0,1.6956,long,GBPUSD,session_range_fade,2.0,1.6,24
1779717600.0,1779778800.0,1.7213,short,GBPUSD,session_range_fade,2.0,1.6,24
1779858000.0,1779876000.0,-1.3479,long,GBPUSD,session_range_fade,2.0,1.6,24
1780030800.0,1780041600.0,1.6482,short,GBPUSD,session_range_fade,2.0,1.6,24
1780056000.0,1780063200.0,-1.2542,short,GBPUSD,session_range_fade,2.0,1.6,24
1780304400.0,1780318800.0,-1.2579,long,GBPUSD,session_range_fade,2.0,1.6,24
1780416000.0,1780466400.0,-1.2504,long,GBPUSD,session_range_fade,2.0,1.6,24
1780480800.0,1780488000.0,-1.2395,long,GBPUSD,session_range_fade,2.0,1.6,24
1780560000.0,1780570800.0,-1.2865,short,GBPUSD,session_range_fade,2.0,1.6,24
1780606800.0,1780642800.0,-1.264,short,GBPUSD,session_range_fade,2.0,1.6,24
1780905600.0,1780916400.0,1.8089,long,GBPUSD,session_range_fade,2.0,1.6,24
1780974000.0,1780977600.0,-1.2941,short,GBPUSD,session_range_fade,2.0,1.6,24
1781089200.0,1781096400.0,1.7592,long,GBPUSD,session_range_fade,2.0,1.6,24
1781110800.0,1781128800.0,-1.1602,long,GBPUSD,session_range_fade,2.0,1.6,24
1781157600.0,1781168400.0,-1.2342,long,GBPUSD,session_range_fade,2.0,1.6,24
1781172000.0,1781182800.0,-1.2116,long,GBPUSD,session_range_fade,2.0,1.6,24
1781258400.0,1781478000.0,-1.1895,short,GBPUSD,session_range_fade,2.0,1.6,24
1781510400.0,1781575200.0,-1.1974,long,GBPUSD,session_range_fade,2.0,1.6,24
1781593200.0,1781679600.0,-0.0153,long,GBPUSD,session_range_fade,2.0,1.6,24
1781690400.0,1781704800.0,-1.3198,long,GBPUSD,session_range_fade,2.0,1.6,24
1782090000.0,1782122400.0,-1.1854,short,GBPUSD,session_range_fade,2.0,1.6,24
1782280800.0,1782295200.0,-1.2712,long,GBPUSD,session_range_fade,2.0,1.6,24
1782345600.0,1782374400.0,-1.1578,short,GBPUSD,session_range_fade,2.0,1.6,24
1782385200.0,1782392400.0,1.7729,long,GBPUSD,session_range_fade,2.0,1.6,24
1782446400.0,1782460800.0,-1.2263,short,GBPUSD,session_range_fade,2.0,1.6,24
1782493200.0,1782745200.0,1.8455,long,GBPUSD,session_range_fade,2.0,1.6,24
1782766800.0,1782806400.0,1.7625,short,GBPUSD,session_range_fade,2.0,1.6,24
1782964800.0,1782972000.0,-1.2979,short,GBPUSD,session_range_fade,2.0,1.6,24
1776240000.0,1776247200.0,-1.2647,long,GBPUSD,session_range_fade,2.0,1.6,48
1776254400.0,1776308400.0,1.7843,long,GBPUSD,session_range_fade,2.0,1.6,48
1776380400.0,1776427200.0,1.8009,long,GBPUSD,session_range_fade,2.0,1.6,48
1776776400.0,1776790800.0,1.7726,short,GBPUSD,session_range_fade,2.0,1.6,48
1776859200.0,1776963600.0,-1.2068,long,GBPUSD,session_range_fade,2.0,1.6,48
1777269600.0,1777276800.0,-1.2722,short,GBPUSD,session_range_fade,2.0,1.6,48
1777320000.0,1777356000.0,-1.2083,long,GBPUSD,session_range_fade,2.0,1.6,48
1777626000.0,1777636800.0,1.7592,long,GBPUSD,session_range_fade,2.0,1.6,48
1777960800.0,1777968000.0,-1.2495,short,GBPUSD,session_range_fade,2.0,1.6,48
1777971600.0,1777989600.0,-1.2558,short,GBPUSD,session_range_fade,2.0,1.6,48
1778011200.0,1778018400.0,-1.2025,short,GBPUSD,session_range_fade,2.0,1.6,48
1778036400.0,1778040000.0,-1.194,short,GBPUSD,session_range_fade,2.0,1.6,48
1778108400.0,1778166000.0,1.7917,long,GBPUSD,session_range_fade,2.0,1.6,48
1778464800.0,1778508000.0,1.798,long,GBPUSD,session_range_fade,2.0,1.6,48
1778551200.0,1778562000.0,-1.2127,long,GBPUSD,session_range_fade,2.0,1.6,48
1778619600.0,1778770800.0,1.8616,short,GBPUSD,session_range_fade,2.0,1.6,48
1779084000.0,1779091200.0,-1.2161,short,GBPUSD,session_range_fade,2.0,1.6,48
1779213600.0,1779289200.0,1.8392,long,GBPUSD,session_range_fade,2.0,1.6,48
1779339600.0,1779350400.0,-1.2639,short,GBPUSD,session_range_fade,2.0,1.6,48
1779357600.0,1779368400.0,-1.2024,long,GBPUSD,session_range_fade,2.0,1.6,48
1779436800.0,1779454800.0,1.6956,long,GBPUSD,session_range_fade,2.0,1.6,48
1779717600.0,1779778800.0,1.7213,short,GBPUSD,session_range_fade,2.0,1.6,48
1779858000.0,1779876000.0,-1.3479,long,GBPUSD,session_range_fade,2.0,1.6,48
1780030800.0,1780041600.0,1.6482,short,GBPUSD,session_range_fade,2.0,1.6,48
1780056000.0,1780063200.0,-1.2542,short,GBPUSD,session_range_fade,2.0,1.6,48
1780304400.0,1780318800.0,-1.2579,long,GBPUSD,session_range_fade,2.0,1.6,48
1780416000.0,1780466400.0,-1.2504,long,GBPUSD,session_range_fade,2.0,1.6,48
1780480800.0,1780488000.0,-1.2395,long,GBPUSD,session_range_fade,2.0,1.6,48
1780560000.0,1780570800.0,-1.2865,short,GBPUSD,session_range_fade,2.0,1.6,48
1780606800.0,1780642800.0,-1.264,short,GBPUSD,session_range_fade,2.0,1.6,48
1780905600.0,1780916400.0,1.8089,long,GBPUSD,session_range_fade,2.0,1.6,48
1780974000.0,1780977600.0,-1.2941,short,GBPUSD,session_range_fade,2.0,1.6,48
1781089200.0,1781096400.0,1.7592,long,GBPUSD,session_range_fade,2.0,1.6,48
1781110800.0,1781128800.0,-1.1602,long,GBPUSD,session_range_fade,2.0,1.6,48
1781157600.0,1781168400.0,-1.2342,long,GBPUSD,session_range_fade,2.0,1.6,48
1781172000.0,1781182800.0,-1.2116,long,GBPUSD,session_range_fade,2.0,1.6,48
1781258400.0,1781478000.0,-1.1895,short,GBPUSD,session_range_fade,2.0,1.6,48
1781510400.0,1781575200.0,-1.1974,long,GBPUSD,session_range_fade,2.0,1.6,48
1781593200.0,1781694000.0,-1.2528,long,GBPUSD,session_range_fade,2.0,1.6,48
1782090000.0,1782122400.0,-1.1854,short,GBPUSD,session_range_fade,2.0,1.6,48
1782280800.0,1782295200.0,-1.2712,long,GBPUSD,session_range_fade,2.0,1.6,48
1782345600.0,1782374400.0,-1.1578,short,GBPUSD,session_range_fade,2.0,1.6,48
1782385200.0,1782392400.0,1.7729,long,GBPUSD,session_range_fade,2.0,1.6,48
1782446400.0,1782460800.0,-1.2263,short,GBPUSD,session_range_fade,2.0,1.6,48
1782493200.0,1782745200.0,1.8455,long,GBPUSD,session_range_fade,2.0,1.6,48
1782766800.0,1782806400.0,1.7625,short,GBPUSD,session_range_fade,2.0,1.6,48
1782964800.0,1782972000.0,-1.2979,short,GBPUSD,session_range_fade,2.0,1.6,48
1776240000.0,1776247200.0,-1.2647,long,GBPUSD,session_range_fade,2.0,1.6,96
1776254400.0,1776308400.0,1.7843,long,GBPUSD,session_range_fade,2.0,1.6,96
1776380400.0,1776427200.0,1.8009,long,GBPUSD,session_range_fade,2.0,1.6,96
1776776400.0,1776790800.0,1.7726,short,GBPUSD,session_range_fade,2.0,1.6,96
1776859200.0,1776963600.0,-1.2068,long,GBPUSD,session_range_fade,2.0,1.6,96
1777269600.0,1777276800.0,-1.2722,short,GBPUSD,session_range_fade,2.0,1.6,96
1777320000.0,1777356000.0,-1.2083,long,GBPUSD,session_range_fade,2.0,1.6,96
1777626000.0,1777636800.0,1.7592,long,GBPUSD,session_range_fade,2.0,1.6,96
1777960800.0,1777968000.0,-1.2495,short,GBPUSD,session_range_fade,2.0,1.6,96
1777971600.0,1777989600.0,-1.2558,short,GBPUSD,session_range_fade,2.0,1.6,96
1778011200.0,1778018400.0,-1.2025,short,GBPUSD,session_range_fade,2.0,1.6,96
1778036400.0,1778040000.0,-1.194,short,GBPUSD,session_range_fade,2.0,1.6,96
1778108400.0,1778166000.0,1.7917,long,GBPUSD,session_range_fade,2.0,1.6,96
1778464800.0,1778508000.0,1.798,long,GBPUSD,session_range_fade,2.0,1.6,96
1778551200.0,1778562000.0,-1.2127,long,GBPUSD,session_range_fade,2.0,1.6,96
1778619600.0,1778770800.0,1.8616,short,GBPUSD,session_range_fade,2.0,1.6,96
1779084000.0,1779091200.0,-1.2161,short,GBPUSD,session_range_fade,2.0,1.6,96
1779213600.0,1779289200.0,1.8392,long,GBPUSD,session_range_fade,2.0,1.6,96
1779339600.0,1779350400.0,-1.2639,short,GBPUSD,session_range_fade,2.0,1.6,96
1779357600.0,1779368400.0,-1.2024,long,GBPUSD,session_range_fade,2.0,1.6,96
1779436800.0,1779454800.0,1.6956,long,GBPUSD,session_range_fade,2.0,1.6,96
1779717600.0,1779778800.0,1.7213,short,GBPUSD,session_range_fade,2.0,1.6,96
1779858000.0,1779876000.0,-1.3479,long,GBPUSD,session_range_fade,2.0,1.6,96
1780030800.0,1780041600.0,1.6482,short,GBPUSD,session_range_fade,2.0,1.6,96
1780056000.0,1780063200.0,-1.2542,short,GBPUSD,session_range_fade,2.0,1.6,96
1780304400.0,1780318800.0,-1.2579,long,GBPUSD,session_range_fade,2.0,1.6,96
1780416000.0,1780466400.0,-1.2504,long,GBPUSD,session_range_fade,2.0,1.6,96
1780480800.0,1780488000.0,-1.2395,long,GBPUSD,session_range_fade,2.0,1.6,96
1780560000.0,1780570800.0,-1.2865,short,GBPUSD,session_range_fade,2.0,1.6,96
1780606800.0,1780642800.0,-1.264,short,GBPUSD,session_range_fade,2.0,1.6,96
1780905600.0,1780916400.0,1.8089,long,GBPUSD,session_range_fade,2.0,1.6,96
1780974000.0,1780977600.0,-1.2941,short,GBPUSD,session_range_fade,2.0,1.6,96
1781089200.0,1781096400.0,1.7592,long,GBPUSD,session_range_fade,2.0,1.6,96
1781110800.0,1781128800.0,-1.1602,long,GBPUSD,session_range_fade,2.0,1.6,96
1781157600.0,1781168400.0,-1.2342,long,GBPUSD,session_range_fade,2.0,1.6,96
1781172000.0,1781182800.0,-1.2116,long,GBPUSD,session_range_fade,2.0,1.6,96
1781258400.0,1781478000.0,-1.1895,short,GBPUSD,session_range_fade,2.0,1.6,96
1781510400.0,1781575200.0,-1.1974,long,GBPUSD,session_range_fade,2.0,1.6,96
1781593200.0,1781694000.0,-1.2528,long,GBPUSD,session_range_fade,2.0,1.6,96
1782090000.0,1782122400.0,-1.1854,short,GBPUSD,session_range_fade,2.0,1.6,96
1782280800.0,1782295200.0,-1.2712,long,GBPUSD,session_range_fade,2.0,1.6,96
1782345600.0,1782374400.0,-1.1578,short,GBPUSD,session_range_fade,2.0,1.6,96
1782385200.0,1782392400.0,1.7729,long,GBPUSD,session_range_fade,2.0,1.6,96
1782446400.0,1782460800.0,-1.2263,short,GBPUSD,session_range_fade,2.0,1.6,96
1782493200.0,1782745200.0,1.8455,long,GBPUSD,session_range_fade,2.0,1.6,96
1782766800.0,1782806400.0,1.7625,short,GBPUSD,session_range_fade,2.0,1.6,96
1782964800.0,1782972000.0,-1.2979,short,GBPUSD,session_range_fade,2.0,1.6,96
1776240000.0,1776247200.0,-1.2117,long,GBPUSD,session_range_fade,2.0,2.0,24
1776254400.0,1776340800.0,-0.4803,long,GBPUSD,session_range_fade,2.0,2.0,24
1776380400.0,1776427200.0,1.8407,long,GBPUSD,session_range_fade,2.0,2.0,24
1776776400.0,1776790800.0,1.8181,short,GBPUSD,session_range_fade,2.0,2.0,24
1776859200.0,1776945600.0,-0.4824,long,GBPUSD,session_range_fade,2.0,2.0,24
1776952800.0,1777039200.0,0.1991,short,GBPUSD,session_range_fade,2.0,2.0,24
1777269600.0,1777276800.0,-1.2178,short,GBPUSD,session_range_fade,2.0,2.0,24
1777320000.0,1777356000.0,-1.1666,long,GBPUSD,session_range_fade,2.0,2.0,24
1777626000.0,1777636800.0,1.8074,long,GBPUSD,session_range_fade,2.0,2.0,24
1777960800.0,1777986000.0,-1.1996,short,GBPUSD,session_range_fade,2.0,2.0,24
1778011200.0,1778022000.0,-1.162,short,GBPUSD,session_range_fade,2.0,2.0,24
1778036400.0,1778040000.0,-1.1552,short,GBPUSD,session_range_fade,2.0,2.0,24
1778108400.0,1778180400.0,-1.1666,long,GBPUSD,session_range_fade,2.0,2.0,24
1778464800.0,1778511600.0,1.8384,long,GBPUSD,session_range_fade,2.0,2.0,24
1778551200.0,1778565600.0,-1.1702,long,GBPUSD,session_range_fade,2.0,2.0,24
1778619600.0,1778706000.0,0.3335,short,GBPUSD,session_range_fade,2.0,2.0,24
1778709600.0,1778774400.0,1.849,short,GBPUSD,session_range_fade,2.0,2.0,24
1779084000.0,1779091200.0,-1.1729,short,GBPUSD,session_range_fade,2.0,2.0,24
1779213600.0,1779289200.0,1.8714,long,GBPUSD,session_range_fade,2.0,2.0,24
1779339600.0,1779350400.0,-1.2111,short,GBPUSD,session_range_fade,2.0,2.0,24
1779357600.0,1779368400.0,-1.1619,long,GBPUSD,session_range_fade,2.0,2.0,24
1779436800.0,1779454800.0,1.7565,long,GBPUSD,session_range_fade,2.0,2.0,24
1779717600.0,1779800400.0,1.7771,short,GBPUSD,session_range_fade,2.0,2.0,24
1779858000.0,1779879600.0,-1.2783,long,GBPUSD,session_range_fade,2.0,2.0,24
1780030800.0,1780041600.0,1.7186,short,GBPUSD,session_range_fade,2.0,2.0,24
1780056000.0,1780063200.0,-1.2034,short,GBPUSD,session_range_fade,2.0,2.0,24
1780304400.0,1780318800.0,-1.2063,long,GBPUSD,session_range_fade,2.0,2.0,24
1780416000.0,1780466400.0,-1.2003,long,GBPUSD,session_range_fade,2.0,2.0,24
1780480800.0,1780488000.0,-1.1916,long,GBPUSD,session_range_fade,2.0,2.0,24
1780560000.0,1780570800.0,-1.2292,short,GBPUSD,session_range_fade,2.0,2.0,24
1780606800.0,1780642800.0,-1.2112,short,GBPUSD,session_range_fade,2.0,2.0,24
1780905600.0,1780992000.0,1.8471,long,GBPUSD,session_range_fade,2.0,2.0,24
1781089200.0,1781096400.0,1.8073,long,GBPUSD,session_range_fade,2.0,2.0,24
1781110800.0,1781128800.0,-1.1282,long,GBPUSD,session_range_fade,2.0,2.0,24
1781157600.0,1781172000.0,-1.1874,long,GBPUSD,session_range_fade,2.0,2.0,24
1781182800.0,1781186400.0,-1.1575,long,GBPUSD,session_range_fade,2.0,2.0,24
1781258400.0,1781478000.0,-1.1516,short,GBPUSD,session_range_fade,2.0,2.0,24
1781510400.0,1781575200.0,-1.1579,long,GBPUSD,session_range_fade,2.0,2.0,24
1781593200.0,1781679600.0,-0.0123,long,GBPUSD,session_range_fade,2.0,2.0,24
1781690400.0,1781704800.0,-1.2558,long,GBPUSD,session_range_fade,2.0,2.0,24
1782090000.0,1782122400.0,-1.1483,short,GBPUSD,session_range_fade,2.0,2.0,24
1782280800.0,1782295200.0,-1.2169,long,GBPUSD,session_range_fade,2.0,2.0,24
1782345600.0,1782374400.0,-1.1263,short,GBPUSD,session_range_fade,2.0,2.0,24
1782385200.0,1782396000.0,1.8184,long,GBPUSD,session_range_fade,2.0,2.0,24
1782446400.0,1782464400.0,-1.1811,short,GBPUSD,session_range_fade,2.0,2.0,24
1782493200.0,1782756000.0,1.6462,long,GBPUSD,session_range_fade,2.0,2.0,24
1782766800.0,1782820800.0,1.81,short,GBPUSD,session_range_fade,2.0,2.0,24
1782964800.0,1782972000.0,-1.2383,short,GBPUSD,session_range_fade,2.0,2.0,24
1776240000.0,1776247200.0,-1.2117,long,GBPUSD,session_range_fade,2.0,2.0,48
1776254400.0,1776348000.0,-1.1725,long,GBPUSD,session_range_fade,2.0,2.0,48
1776380400.0,1776427200.0,1.8407,long,GBPUSD,session_range_fade,2.0,2.0,48
1776776400.0,1776790800.0,1.8181,short,GBPUSD,session_range_fade,2.0,2.0,48
1776859200.0,1776963600.0,-1.1655,long,GBPUSD,session_range_fade,2.0,2.0,48
1777269600.0,1777276800.0,-1.2178,short,GBPUSD,session_range_fade,2.0,2.0,48
1777320000.0,1777356000.0,-1.1666,long,GBPUSD,session_range_fade,2.0,2.0,48
1777626000.0,1777636800.0,1.8074,long,GBPUSD,session_range_fade,2.0,2.0,48
1777960800.0,1777986000.0,-1.1996,short,GBPUSD,session_range_fade,2.0,2.0,48
1778011200.0,1778022000.0,-1.162,short,GBPUSD,session_range_fade,2.0,2.0,48
1778036400.0,1778040000.0,-1.1552,short,GBPUSD,session_range_fade,2.0,2.0,48
1778108400.0,1778180400.0,-1.1666,long,GBPUSD,session_range_fade,2.0,2.0,48
1778464800.0,1778511600.0,1.8384,long,GBPUSD,session_range_fade,2.0,2.0,48
1778551200.0,1778565600.0,-1.1702,long,GBPUSD,session_range_fade,2.0,2.0,48
1778619600.0,1778774400.0,1.8893,short,GBPUSD,session_range_fade,2.0,2.0,48
1779084000.0,1779091200.0,-1.1729,short,GBPUSD,session_range_fade,2.0,2.0,48
1779213600.0,1779289200.0,1.8714,long,GBPUSD,session_range_fade,2.0,2.0,48
1779339600.0,1779350400.0,-1.2111,short,GBPUSD,session_range_fade,2.0,2.0,48
1779357600.0,1779368400.0,-1.1619,long,GBPUSD,session_range_fade,2.0,2.0,48
1779436800.0,1779454800.0,1.7565,long,GBPUSD,session_range_fade,2.0,2.0,48
1779717600.0,1779800400.0,1.7771,short,GBPUSD,session_range_fade,2.0,2.0,48
1779858000.0,1779879600.0,-1.2783,long,GBPUSD,session_range_fade,2.0,2.0,48
1780030800.0,1780041600.0,1.7186,short,GBPUSD,session_range_fade,2.0,2.0,48
1780056000.0,1780063200.0,-1.2034,short,GBPUSD,session_range_fade,2.0,2.0,48
1780304400.0,1780318800.0,-1.2063,long,GBPUSD,session_range_fade,2.0,2.0,48
1780416000.0,1780466400.0,-1.2003,long,GBPUSD,session_range_fade,2.0,2.0,48
1780480800.0,1780488000.0,-1.1916,long,GBPUSD,session_range_fade,2.0,2.0,48
1780560000.0,1780570800.0,-1.2292,short,GBPUSD,session_range_fade,2.0,2.0,48
1780606800.0,1780642800.0,-1.2112,short,GBPUSD,session_range_fade,2.0,2.0,48
1780905600.0,1780992000.0,1.8471,long,GBPUSD,session_range_fade,2.0,2.0,48
1781089200.0,1781096400.0,1.8073,long,GBPUSD,session_range_fade,2.0,2.0,48
1781110800.0,1781128800.0,-1.1282,long,GBPUSD,session_range_fade,2.0,2.0,48
1781157600.0,1781172000.0,-1.1874,long,GBPUSD,session_range_fade,2.0,2.0,48
1781182800.0,1781186400.0,-1.1575,long,GBPUSD,session_range_fade,2.0,2.0,48
1781258400.0,1781478000.0,-1.1516,short,GBPUSD,session_range_fade,2.0,2.0,48
1781510400.0,1781575200.0,-1.1579,long,GBPUSD,session_range_fade,2.0,2.0,48
1781593200.0,1781704800.0,-1.2022,long,GBPUSD,session_range_fade,2.0,2.0,48
1782090000.0,1782122400.0,-1.1483,short,GBPUSD,session_range_fade,2.0,2.0,48
1782280800.0,1782295200.0,-1.2169,long,GBPUSD,session_range_fade,2.0,2.0,48
1782345600.0,1782374400.0,-1.1263,short,GBPUSD,session_range_fade,2.0,2.0,48
1782385200.0,1782396000.0,1.8184,long,GBPUSD,session_range_fade,2.0,2.0,48
1782446400.0,1782464400.0,-1.1811,short,GBPUSD,session_range_fade,2.0,2.0,48
1782493200.0,1782828000.0,1.8764,long,GBPUSD,session_range_fade,2.0,2.0,48
1782964800.0,1782972000.0,-1.2383,short,GBPUSD,session_range_fade,2.0,2.0,48
1776240000.0,1776247200.0,-1.2117,long,GBPUSD,session_range_fade,2.0,2.0,96
1776254400.0,1776348000.0,-1.1725,long,GBPUSD,session_range_fade,2.0,2.0,96
1776380400.0,1776427200.0,1.8407,long,GBPUSD,session_range_fade,2.0,2.0,96
1776776400.0,1776790800.0,1.8181,short,GBPUSD,session_range_fade,2.0,2.0,96
1776859200.0,1776963600.0,-1.1655,long,GBPUSD,session_range_fade,2.0,2.0,96
1777269600.0,1777276800.0,-1.2178,short,GBPUSD,session_range_fade,2.0,2.0,96
1777320000.0,1777356000.0,-1.1666,long,GBPUSD,session_range_fade,2.0,2.0,96
1777626000.0,1777636800.0,1.8074,long,GBPUSD,session_range_fade,2.0,2.0,96
1777960800.0,1777986000.0,-1.1996,short,GBPUSD,session_range_fade,2.0,2.0,96
1778011200.0,1778022000.0,-1.162,short,GBPUSD,session_range_fade,2.0,2.0,96
1778036400.0,1778040000.0,-1.1552,short,GBPUSD,session_range_fade,2.0,2.0,96
1778108400.0,1778180400.0,-1.1666,long,GBPUSD,session_range_fade,2.0,2.0,96
1778464800.0,1778511600.0,1.8384,long,GBPUSD,session_range_fade,2.0,2.0,96
1778551200.0,1778565600.0,-1.1702,long,GBPUSD,session_range_fade,2.0,2.0,96
1778619600.0,1778774400.0,1.8893,short,GBPUSD,session_range_fade,2.0,2.0,96
1779084000.0,1779091200.0,-1.1729,short,GBPUSD,session_range_fade,2.0,2.0,96
1779213600.0,1779289200.0,1.8714,long,GBPUSD,session_range_fade,2.0,2.0,96
1779339600.0,1779350400.0,-1.2111,short,GBPUSD,session_range_fade,2.0,2.0,96
1779357600.0,1779368400.0,-1.1619,long,GBPUSD,session_range_fade,2.0,2.0,96
1779436800.0,1779454800.0,1.7565,long,GBPUSD,session_range_fade,2.0,2.0,96
1779717600.0,1779800400.0,1.7771,short,GBPUSD,session_range_fade,2.0,2.0,96
1779858000.0,1779879600.0,-1.2783,long,GBPUSD,session_range_fade,2.0,2.0,96
1780030800.0,1780041600.0,1.7186,short,GBPUSD,session_range_fade,2.0,2.0,96
1780056000.0,1780063200.0,-1.2034,short,GBPUSD,session_range_fade,2.0,2.0,96
1780304400.0,1780318800.0,-1.2063,long,GBPUSD,session_range_fade,2.0,2.0,96
1780416000.0,1780466400.0,-1.2003,long,GBPUSD,session_range_fade,2.0,2.0,96
1780480800.0,1780488000.0,-1.1916,long,GBPUSD,session_range_fade,2.0,2.0,96
1780560000.0,1780570800.0,-1.2292,short,GBPUSD,session_range_fade,2.0,2.0,96
1780606800.0,1780642800.0,-1.2112,short,GBPUSD,session_range_fade,2.0,2.0,96
1780905600.0,1780992000.0,1.8471,long,GBPUSD,session_range_fade,2.0,2.0,96
1781089200.0,1781096400.0,1.8073,long,GBPUSD,session_range_fade,2.0,2.0,96
1781110800.0,1781128800.0,-1.1282,long,GBPUSD,session_range_fade,2.0,2.0,96
1781157600.0,1781172000.0,-1.1874,long,GBPUSD,session_range_fade,2.0,2.0,96
1781182800.0,1781186400.0,-1.1575,long,GBPUSD,session_range_fade,2.0,2.0,96
1781258400.0,1781478000.0,-1.1516,short,GBPUSD,session_range_fade,2.0,2.0,96
1781510400.0,1781575200.0,-1.1579,long,GBPUSD,session_range_fade,2.0,2.0,96
1781593200.0,1781704800.0,-1.2022,long,GBPUSD,session_range_fade,2.0,2.0,96
1782090000.0,1782122400.0,-1.1483,short,GBPUSD,session_range_fade,2.0,2.0,96
1782280800.0,1782295200.0,-1.2169,long,GBPUSD,session_range_fade,2.0,2.0,96
1782345600.0,1782374400.0,-1.1263,short,GBPUSD,session_range_fade,2.0,2.0,96
1782385200.0,1782396000.0,1.8184,long,GBPUSD,session_range_fade,2.0,2.0,96
1782446400.0,1782464400.0,-1.1811,short,GBPUSD,session_range_fade,2.0,2.0,96
1782493200.0,1782828000.0,1.8764,long,GBPUSD,session_range_fade,2.0,2.0,96
1782964800.0,1782972000.0,-1.2383,short,GBPUSD,session_range_fade,2.0,2.0,96
1776240000.0,1776326400.0,-0.7257,long,GBPUSD,session_range_fade,2.0,2.5,24
1776380400.0,1776430800.0,1.8726,long,GBPUSD,session_range_fade,2.0,2.5,24
1776776400.0,1776862800.0,0.1095,short,GBPUSD,session_range_fade,2.0,2.5,24
1776866400.0,1776952800.0,0.183,long,GBPUSD,session_range_fade,2.0,2.5,24
1777269600.0,1777284000.0,-1.1742,short,GBPUSD,session_range_fade,2.0,2.5,24
1777320000.0,1777359600.0,-1.1333,long,GBPUSD,session_range_fade,2.0,2.5,24
1777626000.0,1777644000.0,1.8459,long,GBPUSD,session_range_fade,2.0,2.5,24
1777960800.0,1777989600.0,-1.1597,short,GBPUSD,session_range_fade,2.0,2.5,24
1778011200.0,1778022000.0,-1.1296,short,GBPUSD,session_range_fade,2.0,2.5,24
1778036400.0,1778054400.0,-1.1242,short,GBPUSD,session_range_fade,2.0,2.5,24
1778108400.0,1778184000.0,-1.1333,long,GBPUSD,session_range_fade,2.0,2.5,24
1778464800.0,1778551200.0,-0.1702,long,GBPUSD,session_range_fade,2.0,2.5,24
1778619600.0,1778706000.0,0.2668,short,GBPUSD,session_range_fade,2.0,2.5,24
1778709600.0,1778774400.0,1.8792,short,GBPUSD,session_range_fade,2.0,2.5,24
1779084000.0,1779105600.0,-1.1383,short,GBPUSD,session_range_fade,2.0,2.5,24
1779213600.0,1779300000.0,1.1009,long,GBPUSD,session_range_fade,2.0,2.5,24
1779339600.0,1779426000.0,0.3223,short,GBPUSD,session_range_fade,2.0,2.5,24
1779436800.0,1779663600.0,1.8052,long,GBPUSD,session_range_fade,2.0,2.5,24
1779717600.0,1779804000.0,1.8217,short,GBPUSD,session_range_fade,2.0,2.5,24
1779858000.0,1779890400.0,-1.2227,long,GBPUSD,session_range_fade,2.0,2.5,24
1780030800.0,1780063200.0,-1.2251,short,GBPUSD,session_range_fade,2.0,2.5,24
1780304400.0,1780318800.0,-1.1651,long,GBPUSD,session_range_fade,2.0,2.5,24
1780416000.0,1780466400.0,-1.1603,long,GBPUSD,session_range_fade,2.0,2.5,24
1780480800.0,1780491600.0,-1.1533,long,GBPUSD,session_range_fade,2.0,2.5,24
1780560000.0,1780570800.0,-1.1833,short,GBPUSD,session_range_fade,2.0,2.5,24
1780606800.0,1780646400.0,-1.169,short,GBPUSD,session_range_fade,2.0,2.5,24
1780905600.0,1780992000.0,1.5908,long,GBPUSD,session_range_fade,2.0,2.5,24
1781089200.0,1781132400.0,-1.1541,long,GBPUSD,session_range_fade,2.0,2.5,24
1781157600.0,1781179200.0,-1.1499,long,GBPUSD,session_range_fade,2.0,2.5,24
1781182800.0,1781204400.0,1.874,long,GBPUSD,session_range_fade,2.0,2.5,24
1781258400.0,1781478000.0,-1.1213,short,GBPUSD,session_range_fade,2.0,2.5,24
1781510400.0,1781589600.0,-1.1263,long,GBPUSD,session_range_fade,2.0,2.5,24
1781593200.0,1781679600.0,-0.0098,long,GBPUSD,session_range_fade,2.0,2.5,24
1781690400.0,1781704800.0,-1.2047,long,GBPUSD,session_range_fade,2.0,2.5,24
1782090000.0,1782129600.0,-1.1187,short,GBPUSD,session_range_fade,2.0,2.5,24
1782280800.0,1782295200.0,-1.1735,long,GBPUSD,session_range_fade,2.0,2.5,24
1782345600.0,1782396000.0,-1.101,short,GBPUSD,session_range_fade,2.0,2.5,24
1782446400.0,1782482400.0,-1.1448,short,GBPUSD,session_range_fade,2.0,2.5,24
1782493200.0,1782756000.0,1.317,long,GBPUSD,session_range_fade,2.0,2.5,24
1782766800.0,1782853200.0,-0.3537,short,GBPUSD,session_range_fade,2.0,2.5,24
1782964800.0,1782972000.0,-1.1906,short,GBPUSD,session_range_fade,2.0,2.5,24
1776240000.0,1776330000.0,-1.1694,long,GBPUSD,session_range_fade,2.0,2.5,48
1776380400.0,1776430800.0,1.8726,long,GBPUSD,session_range_fade,2.0,2.5,48
1776776400.0,1776949200.0,0.7569,short,GBPUSD,session_range_fade,2.0,2.5,48
1776952800.0,1777276800.0,-1.1045,short,GBPUSD,session_range_fade,2.0,2.5,48
1777320000.0,1777359600.0,-1.1333,long,GBPUSD,session_range_fade,2.0,2.5,48
1777626000.0,1777644000.0,1.8459,long,GBPUSD,session_range_fade,2.0,2.5,48
1777960800.0,1777989600.0,-1.1597,short,GBPUSD,session_range_fade,2.0,2.5,48
1778011200.0,1778022000.0,-1.1296,short,GBPUSD,session_range_fade,2.0,2.5,48
1778036400.0,1778054400.0,-1.1242,short,GBPUSD,session_range_fade,2.0,2.5,48
1778108400.0,1778184000.0,-1.1333,long,GBPUSD,session_range_fade,2.0,2.5,48
1778464800.0,1778565600.0,-1.1292,long,GBPUSD,session_range_fade,2.0,2.5,48
1778619600.0,1778774400.0,1.9114,short,GBPUSD,session_range_fade,2.0,2.5,48
1779084000.0,1779105600.0,-1.1383,short,GBPUSD,session_range_fade,2.0,2.5,48
1779213600.0,1779386400.0,0.6063,long,GBPUSD,session_range_fade,2.0,2.5,48
1779436800.0,1779663600.0,1.8052,long,GBPUSD,session_range_fade,2.0,2.5,48
1779717600.0,1779804000.0,1.8217,short,GBPUSD,session_range_fade,2.0,2.5,48
1779858000.0,1779890400.0,-1.2227,long,GBPUSD,session_range_fade,2.0,2.5,48
1780030800.0,1780063200.0,-1.2251,short,GBPUSD,session_range_fade,2.0,2.5,48
1780304400.0,1780318800.0,-1.1651,long,GBPUSD,session_range_fade,2.0,2.5,48
1780416000.0,1780466400.0,-1.1603,long,GBPUSD,session_range_fade,2.0,2.5,48
1780480800.0,1780491600.0,-1.1533,long,GBPUSD,session_range_fade,2.0,2.5,48
1780560000.0,1780570800.0,-1.1833,short,GBPUSD,session_range_fade,2.0,2.5,48
1780606800.0,1780646400.0,-1.169,short,GBPUSD,session_range_fade,2.0,2.5,48
1780905600.0,1780995600.0,1.8777,long,GBPUSD,session_range_fade,2.0,2.5,48
1781089200.0,1781132400.0,-1.1541,long,GBPUSD,session_range_fade,2.0,2.5,48
1781157600.0,1781179200.0,-1.1499,long,GBPUSD,session_range_fade,2.0,2.5,48
1781182800.0,1781204400.0,1.874,long,GBPUSD,session_range_fade,2.0,2.5,48
1781258400.0,1781478000.0,-1.1213,short,GBPUSD,session_range_fade,2.0,2.5,48
1781510400.0,1781589600.0,-1.1263,long,GBPUSD,session_range_fade,2.0,2.5,48
1781593200.0,1781704800.0,-1.1618,long,GBPUSD,session_range_fade,2.0,2.5,48
1782090000.0,1782129600.0,-1.1187,short,GBPUSD,session_range_fade,2.0,2.5,48
1782280800.0,1782295200.0,-1.1735,long,GBPUSD,session_range_fade,2.0,2.5,48
1782345600.0,1782396000.0,-1.101,short,GBPUSD,session_range_fade,2.0,2.5,48
1782446400.0,1782482400.0,-1.1448,short,GBPUSD,session_range_fade,2.0,2.5,48
1782493200.0,1782842400.0,1.2775,long,GBPUSD,session_range_fade,2.0,2.5,48
1782964800.0,1782972000.0,-1.1906,short,GBPUSD,session_range_fade,2.0,2.5,48
1776240000.0,1776330000.0,-1.1694,long,GBPUSD,session_range_fade,2.0,2.5,96
1776380400.0,1776430800.0,1.8726,long,GBPUSD,session_range_fade,2.0,2.5,96
1776776400.0,1776963600.0,1.8545,short,GBPUSD,session_range_fade,2.0,2.5,96
1777269600.0,1777284000.0,-1.1742,short,GBPUSD,session_range_fade,2.0,2.5,96
1777320000.0,1777359600.0,-1.1333,long,GBPUSD,session_range_fade,2.0,2.5,96
1777626000.0,1777644000.0,1.8459,long,GBPUSD,session_range_fade,2.0,2.5,96
1777960800.0,1777989600.0,-1.1597,short,GBPUSD,session_range_fade,2.0,2.5,96
1778011200.0,1778022000.0,-1.1296,short,GBPUSD,session_range_fade,2.0,2.5,96
1778036400.0,1778054400.0,-1.1242,short,GBPUSD,session_range_fade,2.0,2.5,96
1778108400.0,1778184000.0,-1.1333,long,GBPUSD,session_range_fade,2.0,2.5,96
1778464800.0,1778565600.0,-1.1292,long,GBPUSD,session_range_fade,2.0,2.5,96
1778619600.0,1778774400.0,1.9114,short,GBPUSD,session_range_fade,2.0,2.5,96
1779084000.0,1779105600.0,-1.1383,short,GBPUSD,session_range_fade,2.0,2.5,96
1779213600.0,1779663600.0,1.8971,long,GBPUSD,session_range_fade,2.0,2.5,96
1779717600.0,1779804000.0,1.8217,short,GBPUSD,session_range_fade,2.0,2.5,96
1779858000.0,1779890400.0,-1.2227,long,GBPUSD,session_range_fade,2.0,2.5,96
1780030800.0,1780063200.0,-1.2251,short,GBPUSD,session_range_fade,2.0,2.5,96
1780304400.0,1780318800.0,-1.1651,long,GBPUSD,session_range_fade,2.0,2.5,96
1780416000.0,1780466400.0,-1.1603,long,GBPUSD,session_range_fade,2.0,2.5,96
1780480800.0,1780491600.0,-1.1533,long,GBPUSD,session_range_fade,2.0,2.5,96
1780560000.0,1780570800.0,-1.1833,short,GBPUSD,session_range_fade,2.0,2.5,96
1780606800.0,1780646400.0,-1.169,short,GBPUSD,session_range_fade,2.0,2.5,96
1780905600.0,1780995600.0,1.8777,long,GBPUSD,session_range_fade,2.0,2.5,96
1781089200.0,1781132400.0,-1.1541,long,GBPUSD,session_range_fade,2.0,2.5,96
1781157600.0,1781179200.0,-1.1499,long,GBPUSD,session_range_fade,2.0,2.5,96
1781182800.0,1781204400.0,1.874,long,GBPUSD,session_range_fade,2.0,2.5,96
1781258400.0,1781478000.0,-1.1213,short,GBPUSD,session_range_fade,2.0,2.5,96
1781510400.0,1781589600.0,-1.1263,long,GBPUSD,session_range_fade,2.0,2.5,96
1781593200.0,1781704800.0,-1.1618,long,GBPUSD,session_range_fade,2.0,2.5,96
1782090000.0,1782129600.0,-1.1187,short,GBPUSD,session_range_fade,2.0,2.5,96
1782280800.0,1782295200.0,-1.1735,long,GBPUSD,session_range_fade,2.0,2.5,96
1782345600.0,1782396000.0,-1.101,short,GBPUSD,session_range_fade,2.0,2.5,96
1782446400.0,1782482400.0,-1.1448,short,GBPUSD,session_range_fade,2.0,2.5,96
1782493200.0,1782914400.0,1.9011,long,GBPUSD,session_range_fade,2.0,2.5,96
1782964800.0,1782972000.0,-1.1906,short,GBPUSD,session_range_fade,2.0,2.5,96
1776240000.0,1776243600.0,-1.3258,long,GBPUSD,session_range_fade,2.5,1.3,24
1776247200.0,1776308400.0,2.2269,long,GBPUSD,session_range_fade,2.5,1.3,24
1776380400.0,1776405600.0,-1.2451,long,GBPUSD,session_range_fade,2.5,1.3,24
1776412800.0,1776427200.0,-1.3372,short,GBPUSD,session_range_fade,2.5,1.3,24
1776776400.0,1776780000.0,-1.2799,short,GBPUSD,session_range_fade,2.5,1.3,24
1776859200.0,1776945600.0,-0.7421,long,GBPUSD,session_range_fade,2.5,1.3,24
1776952800.0,1776963600.0,2.299,short,GBPUSD,session_range_fade,2.5,1.3,24
1777269600.0,1777276800.0,-1.3351,short,GBPUSD,session_range_fade,2.5,1.3,24
1777320000.0,1777356000.0,-1.2563,long,GBPUSD,session_range_fade,2.5,1.3,24
1777626000.0,1777636800.0,2.2037,long,GBPUSD,session_range_fade,2.5,1.3,24
1777960800.0,1777968000.0,-1.3071,short,GBPUSD,session_range_fade,2.5,1.3,24
1777971600.0,1777986000.0,-1.3149,short,GBPUSD,session_range_fade,2.5,1.3,24
1778011200.0,1778014800.0,-1.2492,short,GBPUSD,session_range_fade,2.5,1.3,24
1778018400.0,1778022000.0,-1.2293,short,GBPUSD,session_range_fade,2.5,1.3,24
1778036400.0,1778040000.0,-1.2388,short,GBPUSD,session_range_fade,2.5,1.3,24
1778108400.0,1778166000.0,2.2437,long,GBPUSD,session_range_fade,2.5,1.3,24
1778464800.0,1778508000.0,2.2514,long,GBPUSD,session_range_fade,2.5,1.3,24
1778551200.0,1778562000.0,-1.2618,long,GBPUSD,session_range_fade,2.5,1.3,24
1778619600.0,1778706000.0,0.5131,short,GBPUSD,session_range_fade,2.5,1.3,24
1778709600.0,1778770800.0,2.2676,short,GBPUSD,session_range_fade,2.5,1.3,24
1779084000.0,1779091200.0,-1.2659,short,GBPUSD,session_range_fade,2.5,1.3,24
1779213600.0,1779238800.0,-1.1979,long,GBPUSD,session_range_fade,2.5,1.3,24
1779246000.0,1779256800.0,-1.2716,long,GBPUSD,session_range_fade,2.5,1.3,24
1779260400.0,1779285600.0,2.2286,long,GBPUSD,session_range_fade,2.5,1.3,24
1779339600.0,1779350400.0,-1.3248,short,GBPUSD,session_range_fade,2.5,1.3,24
1779357600.0,1779368400.0,-1.2491,long,GBPUSD,session_range_fade,2.5,1.3,24
1779436800.0,1779454800.0,2.1253,long,GBPUSD,session_range_fade,2.5,1.3,24
1779717600.0,1779778800.0,2.157,short,GBPUSD,session_range_fade,2.5,1.3,24
1779858000.0,1779876000.0,-1.4282,long,GBPUSD,session_range_fade,2.5,1.3,24
1780030800.0,1780041600.0,2.067,short,GBPUSD,session_range_fade,2.5,1.3,24
1780056000.0,1780063200.0,-1.3129,short,GBPUSD,session_range_fade,2.5,1.3,24
1780304400.0,1780318800.0,-1.3174,long,GBPUSD,session_range_fade,2.5,1.3,24
1780416000.0,1780441200.0,-1.3082,long,GBPUSD,session_range_fade,2.5,1.3,24
1780480800.0,1780488000.0,-1.2948,long,GBPUSD,session_range_fade,2.5,1.3,24
1780560000.0,1780567200.0,-1.3526,short,GBPUSD,session_range_fade,2.5,1.3,24
1780606800.0,1780642800.0,-1.3249,short,GBPUSD,session_range_fade,2.5,1.3,24
1780905600.0,1780916400.0,2.2648,long,GBPUSD,session_range_fade,2.5,1.3,24
1780974000.0,1780977600.0,-1.362,short,GBPUSD,session_range_fade,2.5,1.3,24
1781089200.0,1781096400.0,2.2036,long,GBPUSD,session_range_fade,2.5,1.3,24
1781110800.0,1781121600.0,-1.1972,long,GBPUSD,session_range_fade,2.5,1.3,24
1781157600.0,1781164800.0,-1.2883,long,GBPUSD,session_range_fade,2.5,1.3,24
1781168400.0,1781179200.0,-1.2744,long,GBPUSD,session_range_fade,2.5,1.3,24
1781182800.0,1781186400.0,-1.2424,long,GBPUSD,session_range_fade,2.5,1.3,24
1781258400.0,1781478000.0,-1.2333,short,GBPUSD,session_range_fade,2.5,1.3,24
1781510400.0,1781553600.0,-1.243,long,GBPUSD,session_range_fade,2.5,1.3,24
1781557200.0,1781582400.0,-1.2673,long,GBPUSD,session_range_fade,2.5,1.3,24
1781593200.0,1781618400.0,-1.3111,long,GBPUSD,session_range_fade,2.5,1.3,24
1781676000.0,1781694000.0,-1.4255,long,GBPUSD,session_range_fade,2.5,1.3,24
1782090000.0,1782122400.0,-1.2282,short,GBPUSD,session_range_fade,2.5,1.3,24
1782280800.0,1782288000.0,-1.3337,long,GBPUSD,session_range_fade,2.5,1.3,24
1782291600.0,1782295200.0,-1.263,long,GBPUSD,session_range_fade,2.5,1.3,24
1782345600.0,1782356400.0,-1.1942,short,GBPUSD,session_range_fade,2.5,1.3,24
1782385200.0,1782392400.0,2.2205,long,GBPUSD,session_range_fade,2.5,1.3,24
1782446400.0,1782460800.0,-1.2786,short,GBPUSD,session_range_fade,2.5,1.3,24
1782493200.0,1782748800.0,2.3098,long,GBPUSD,session_range_fade,2.5,1.3,24
1782766800.0,1782817200.0,2.2076,short,GBPUSD,session_range_fade,2.5,1.3,24
1782964800.0,1782972000.0,-1.3666,short,GBPUSD,session_range_fade,2.5,1.3,24
1776240000.0,1776243600.0,-1.3258,long,GBPUSD,session_range_fade,2.5,1.3,48
1776247200.0,1776308400.0,2.2269,long,GBPUSD,session_range_fade,2.5,1.3,48
1776380400.0,1776405600.0,-1.2451,long,GBPUSD,session_range_fade,2.5,1.3,48
1776412800.0,1776427200.0,-1.3372,short,GBPUSD,session_range_fade,2.5,1.3,48
1776776400.0,1776780000.0,-1.2799,short,GBPUSD,session_range_fade,2.5,1.3,48
1776859200.0,1776963600.0,-1.2546,long,GBPUSD,session_range_fade,2.5,1.3,48
1777269600.0,1777276800.0,-1.3351,short,GBPUSD,session_range_fade,2.5,1.3,48
1777320000.0,1777356000.0,-1.2563,long,GBPUSD,session_range_fade,2.5,1.3,48
1777626000.0,1777636800.0,2.2037,long,GBPUSD,session_range_fade,2.5,1.3,48
1777960800.0,1777968000.0,-1.3071,short,GBPUSD,session_range_fade,2.5,1.3,48
1777971600.0,1777986000.0,-1.3149,short,GBPUSD,session_range_fade,2.5,1.3,48
1778011200.0,1778014800.0,-1.2492,short,GBPUSD,session_range_fade,2.5,1.3,48
1778018400.0,1778022000.0,-1.2293,short,GBPUSD,session_range_fade,2.5,1.3,48
1778036400.0,1778040000.0,-1.2388,short,GBPUSD,session_range_fade,2.5,1.3,48
1778108400.0,1778166000.0,2.2437,long,GBPUSD,session_range_fade,2.5,1.3,48
1778464800.0,1778508000.0,2.2514,long,GBPUSD,session_range_fade,2.5,1.3,48
1778551200.0,1778562000.0,-1.2618,long,GBPUSD,session_range_fade,2.5,1.3,48
1778619600.0,1778770800.0,2.3296,short,GBPUSD,session_range_fade,2.5,1.3,48
1779084000.0,1779091200.0,-1.2659,short,GBPUSD,session_range_fade,2.5,1.3,48
1779213600.0,1779238800.0,-1.1979,long,GBPUSD,session_range_fade,2.5,1.3,48
1779246000.0,1779256800.0,-1.2716,long,GBPUSD,session_range_fade,2.5,1.3,48
1779260400.0,1779285600.0,2.2286,long,GBPUSD,session_range_fade,2.5,1.3,48
1779339600.0,1779350400.0,-1.3248,short,GBPUSD,session_range_fade,2.5,1.3,48
1779357600.0,1779368400.0,-1.2491,long,GBPUSD,session_range_fade,2.5,1.3,48
1779436800.0,1779454800.0,2.1253,long,GBPUSD,session_range_fade,2.5,1.3,48
1779717600.0,1779778800.0,2.157,short,GBPUSD,session_range_fade,2.5,1.3,48
1779858000.0,1779876000.0,-1.4282,long,GBPUSD,session_range_fade,2.5,1.3,48
1780030800.0,1780041600.0,2.067,short,GBPUSD,session_range_fade,2.5,1.3,48
1780056000.0,1780063200.0,-1.3129,short,GBPUSD,session_range_fade,2.5,1.3,48
1780304400.0,1780318800.0,-1.3174,long,GBPUSD,session_range_fade,2.5,1.3,48
1780416000.0,1780441200.0,-1.3082,long,GBPUSD,session_range_fade,2.5,1.3,48
1780480800.0,1780488000.0,-1.2948,long,GBPUSD,session_range_fade,2.5,1.3,48
1780560000.0,1780567200.0,-1.3526,short,GBPUSD,session_range_fade,2.5,1.3,48
1780606800.0,1780642800.0,-1.3249,short,GBPUSD,session_range_fade,2.5,1.3,48
1780905600.0,1780916400.0,2.2648,long,GBPUSD,session_range_fade,2.5,1.3,48
1780974000.0,1780977600.0,-1.362,short,GBPUSD,session_range_fade,2.5,1.3,48
1781089200.0,1781096400.0,2.2036,long,GBPUSD,session_range_fade,2.5,1.3,48
1781110800.0,1781121600.0,-1.1972,long,GBPUSD,session_range_fade,2.5,1.3,48
1781157600.0,1781164800.0,-1.2883,long,GBPUSD,session_range_fade,2.5,1.3,48
1781168400.0,1781179200.0,-1.2744,long,GBPUSD,session_range_fade,2.5,1.3,48
1781182800.0,1781186400.0,-1.2424,long,GBPUSD,session_range_fade,2.5,1.3,48
1781258400.0,1781478000.0,-1.2333,short,GBPUSD,session_range_fade,2.5,1.3,48
1781510400.0,1781553600.0,-1.243,long,GBPUSD,session_range_fade,2.5,1.3,48
1781557200.0,1781582400.0,-1.2673,long,GBPUSD,session_range_fade,2.5,1.3,48
1781593200.0,1781618400.0,-1.3111,long,GBPUSD,session_range_fade,2.5,1.3,48
1781676000.0,1781694000.0,-1.4255,long,GBPUSD,session_range_fade,2.5,1.3,48
1782090000.0,1782122400.0,-1.2282,short,GBPUSD,session_range_fade,2.5,1.3,48
1782280800.0,1782288000.0,-1.3337,long,GBPUSD,session_range_fade,2.5,1.3,48
1782291600.0,1782295200.0,-1.263,long,GBPUSD,session_range_fade,2.5,1.3,48
1782345600.0,1782356400.0,-1.1942,short,GBPUSD,session_range_fade,2.5,1.3,48
1782385200.0,1782392400.0,2.2205,long,GBPUSD,session_range_fade,2.5,1.3,48
1782446400.0,1782460800.0,-1.2786,short,GBPUSD,session_range_fade,2.5,1.3,48
1782493200.0,1782748800.0,2.3098,long,GBPUSD,session_range_fade,2.5,1.3,48
1782766800.0,1782817200.0,2.2076,short,GBPUSD,session_range_fade,2.5,1.3,48
1782964800.0,1782972000.0,-1.3666,short,GBPUSD,session_range_fade,2.5,1.3,48
1776240000.0,1776243600.0,-1.3258,long,GBPUSD,session_range_fade,2.5,1.3,96
1776247200.0,1776308400.0,2.2269,long,GBPUSD,session_range_fade,2.5,1.3,96
1776380400.0,1776405600.0,-1.2451,long,GBPUSD,session_range_fade,2.5,1.3,96
1776412800.0,1776427200.0,-1.3372,short,GBPUSD,session_range_fade,2.5,1.3,96
1776776400.0,1776780000.0,-1.2799,short,GBPUSD,session_range_fade,2.5,1.3,96
1776859200.0,1776963600.0,-1.2546,long,GBPUSD,session_range_fade,2.5,1.3,96
1777269600.0,1777276800.0,-1.3351,short,GBPUSD,session_range_fade,2.5,1.3,96
1777320000.0,1777356000.0,-1.2563,long,GBPUSD,session_range_fade,2.5,1.3,96
1777626000.0,1777636800.0,2.2037,long,GBPUSD,session_range_fade,2.5,1.3,96
1777960800.0,1777968000.0,-1.3071,short,GBPUSD,session_range_fade,2.5,1.3,96
1777971600.0,1777986000.0,-1.3149,short,GBPUSD,session_range_fade,2.5,1.3,96
1778011200.0,1778014800.0,-1.2492,short,GBPUSD,session_range_fade,2.5,1.3,96
1778018400.0,1778022000.0,-1.2293,short,GBPUSD,session_range_fade,2.5,1.3,96
1778036400.0,1778040000.0,-1.2388,short,GBPUSD,session_range_fade,2.5,1.3,96
1778108400.0,1778166000.0,2.2437,long,GBPUSD,session_range_fade,2.5,1.3,96
1778464800.0,1778508000.0,2.2514,long,GBPUSD,session_range_fade,2.5,1.3,96
1778551200.0,1778562000.0,-1.2618,long,GBPUSD,session_range_fade,2.5,1.3,96
1778619600.0,1778770800.0,2.3296,short,GBPUSD,session_range_fade,2.5,1.3,96
1779084000.0,1779091200.0,-1.2659,short,GBPUSD,session_range_fade,2.5,1.3,96
1779213600.0,1779238800.0,-1.1979,long,GBPUSD,session_range_fade,2.5,1.3,96
1779246000.0,1779256800.0,-1.2716,long,GBPUSD,session_range_fade,2.5,1.3,96
1779260400.0,1779285600.0,2.2286,long,GBPUSD,session_range_fade,2.5,1.3,96
1779339600.0,1779350400.0,-1.3248,short,GBPUSD,session_range_fade,2.5,1.3,96
1779357600.0,1779368400.0,-1.2491,long,GBPUSD,session_range_fade,2.5,1.3,96
1779436800.0,1779454800.0,2.1253,long,GBPUSD,session_range_fade,2.5,1.3,96
1779717600.0,1779778800.0,2.157,short,GBPUSD,session_range_fade,2.5,1.3,96
1779858000.0,1779876000.0,-1.4282,long,GBPUSD,session_range_fade,2.5,1.3,96
1780030800.0,1780041600.0,2.067,short,GBPUSD,session_range_fade,2.5,1.3,96
1780056000.0,1780063200.0,-1.3129,short,GBPUSD,session_range_fade,2.5,1.3,96
1780304400.0,1780318800.0,-1.3174,long,GBPUSD,session_range_fade,2.5,1.3,96
1780416000.0,1780441200.0,-1.3082,long,GBPUSD,session_range_fade,2.5,1.3,96
1780480800.0,1780488000.0,-1.2948,long,GBPUSD,session_range_fade,2.5,1.3,96
1780560000.0,1780567200.0,-1.3526,short,GBPUSD,session_range_fade,2.5,1.3,96
1780606800.0,1780642800.0,-1.3249,short,GBPUSD,session_range_fade,2.5,1.3,96
1780905600.0,1780916400.0,2.2648,long,GBPUSD,session_range_fade,2.5,1.3,96
1780974000.0,1780977600.0,-1.362,short,GBPUSD,session_range_fade,2.5,1.3,96
1781089200.0,1781096400.0,2.2036,long,GBPUSD,session_range_fade,2.5,1.3,96
1781110800.0,1781121600.0,-1.1972,long,GBPUSD,session_range_fade,2.5,1.3,96
1781157600.0,1781164800.0,-1.2883,long,GBPUSD,session_range_fade,2.5,1.3,96
1781168400.0,1781179200.0,-1.2744,long,GBPUSD,session_range_fade,2.5,1.3,96
1781182800.0,1781186400.0,-1.2424,long,GBPUSD,session_range_fade,2.5,1.3,96
1781258400.0,1781478000.0,-1.2333,short,GBPUSD,session_range_fade,2.5,1.3,96
1781510400.0,1781553600.0,-1.243,long,GBPUSD,session_range_fade,2.5,1.3,96
1781557200.0,1781582400.0,-1.2673,long,GBPUSD,session_range_fade,2.5,1.3,96
1781593200.0,1781618400.0,-1.3111,long,GBPUSD,session_range_fade,2.5,1.3,96
1781676000.0,1781694000.0,-1.4255,long,GBPUSD,session_range_fade,2.5,1.3,96
1782090000.0,1782122400.0,-1.2282,short,GBPUSD,session_range_fade,2.5,1.3,96
1782280800.0,1782288000.0,-1.3337,long,GBPUSD,session_range_fade,2.5,1.3,96
1782291600.0,1782295200.0,-1.263,long,GBPUSD,session_range_fade,2.5,1.3,96
1782345600.0,1782356400.0,-1.1942,short,GBPUSD,session_range_fade,2.5,1.3,96
1782385200.0,1782392400.0,2.2205,long,GBPUSD,session_range_fade,2.5,1.3,96
1782446400.0,1782460800.0,-1.2786,short,GBPUSD,session_range_fade,2.5,1.3,96
1782493200.0,1782748800.0,2.3098,long,GBPUSD,session_range_fade,2.5,1.3,96
1782766800.0,1782817200.0,2.2076,short,GBPUSD,session_range_fade,2.5,1.3,96
1782964800.0,1782972000.0,-1.3666,short,GBPUSD,session_range_fade,2.5,1.3,96
1776240000.0,1776247200.0,-1.2647,long,GBPUSD,session_range_fade,2.5,1.6,24
1776254400.0,1776333600.0,-1.2157,long,GBPUSD,session_range_fade,2.5,1.6,24
1776380400.0,1776427200.0,2.3009,long,GBPUSD,session_range_fade,2.5,1.6,24
1776776400.0,1776790800.0,2.2726,short,GBPUSD,session_range_fade,2.5,1.6,24
1776859200.0,1776945600.0,-0.603,long,GBPUSD,session_range_fade,2.5,1.6,24
1776952800.0,1777039200.0,0.2489,short,GBPUSD,session_range_fade,2.5,1.6,24
1777269600.0,1777276800.0,-1.2722,short,GBPUSD,session_range_fade,2.5,1.6,24
1777320000.0,1777356000.0,-1.2083,long,GBPUSD,session_range_fade,2.5,1.6,24
1777626000.0,1777636800.0,2.2592,long,GBPUSD,session_range_fade,2.5,1.6,24
1777960800.0,1777968000.0,-1.2495,short,GBPUSD,session_range_fade,2.5,1.6,24
1777971600.0,1777989600.0,-1.2558,short,GBPUSD,session_range_fade,2.5,1.6,24
1778011200.0,1778018400.0,-1.2025,short,GBPUSD,session_range_fade,2.5,1.6,24
1778036400.0,1778040000.0,-1.194,short,GBPUSD,session_range_fade,2.5,1.6,24
1778108400.0,1778173200.0,-1.2083,long,GBPUSD,session_range_fade,2.5,1.6,24
1778464800.0,1778511600.0,2.298,long,GBPUSD,session_range_fade,2.5,1.6,24
1778551200.0,1778562000.0,-1.2127,long,GBPUSD,session_range_fade,2.5,1.6,24
1778619600.0,1778706000.0,0.4169,short,GBPUSD,session_range_fade,2.5,1.6,24
1778709600.0,1778774400.0,2.3112,short,GBPUSD,session_range_fade,2.5,1.6,24
1779084000.0,1779091200.0,-1.2161,short,GBPUSD,session_range_fade,2.5,1.6,24
1779213600.0,1779289200.0,2.3392,long,GBPUSD,session_range_fade,2.5,1.6,24
1779339600.0,1779350400.0,-1.2639,short,GBPUSD,session_range_fade,2.5,1.6,24
1779357600.0,1779368400.0,-1.2024,long,GBPUSD,session_range_fade,2.5,1.6,24
1779436800.0,1779454800.0,2.1956,long,GBPUSD,session_range_fade,2.5,1.6,24
1779717600.0,1779800400.0,2.2213,short,GBPUSD,session_range_fade,2.5,1.6,24
1779858000.0,1779876000.0,-1.3479,long,GBPUSD,session_range_fade,2.5,1.6,24
1780030800.0,1780041600.0,2.1482,short,GBPUSD,session_range_fade,2.5,1.6,24
1780056000.0,1780063200.0,-1.2542,short,GBPUSD,session_range_fade,2.5,1.6,24
1780304400.0,1780318800.0,-1.2579,long,GBPUSD,session_range_fade,2.5,1.6,24
1780416000.0,1780466400.0,-1.2504,long,GBPUSD,session_range_fade,2.5,1.6,24
1780480800.0,1780488000.0,-1.2395,long,GBPUSD,session_range_fade,2.5,1.6,24
1780560000.0,1780570800.0,-1.2865,short,GBPUSD,session_range_fade,2.5,1.6,24
1780606800.0,1780642800.0,-1.264,short,GBPUSD,session_range_fade,2.5,1.6,24
1780905600.0,1780992000.0,2.3089,long,GBPUSD,session_range_fade,2.5,1.6,24
1781089200.0,1781096400.0,2.2592,long,GBPUSD,session_range_fade,2.5,1.6,24
1781110800.0,1781128800.0,-1.1602,long,GBPUSD,session_range_fade,2.5,1.6,24
1781157600.0,1781168400.0,-1.2342,long,GBPUSD,session_range_fade,2.5,1.6,24
1781172000.0,1781182800.0,-1.2116,long,GBPUSD,session_range_fade,2.5,1.6,24
1781258400.0,1781478000.0,-1.1895,short,GBPUSD,session_range_fade,2.5,1.6,24
1781510400.0,1781575200.0,-1.1974,long,GBPUSD,session_range_fade,2.5,1.6,24
1781593200.0,1781679600.0,-0.0153,long,GBPUSD,session_range_fade,2.5,1.6,24
1781690400.0,1781704800.0,-1.3198,long,GBPUSD,session_range_fade,2.5,1.6,24
1782090000.0,1782122400.0,-1.1854,short,GBPUSD,session_range_fade,2.5,1.6,24
1782280800.0,1782295200.0,-1.2712,long,GBPUSD,session_range_fade,2.5,1.6,24
1782345600.0,1782374400.0,-1.1578,short,GBPUSD,session_range_fade,2.5,1.6,24
1782385200.0,1782396000.0,2.2729,long,GBPUSD,session_range_fade,2.5,1.6,24
1782446400.0,1782460800.0,-1.2263,short,GBPUSD,session_range_fade,2.5,1.6,24
1782493200.0,1782756000.0,2.0578,long,GBPUSD,session_range_fade,2.5,1.6,24
1782766800.0,1782820800.0,2.2625,short,GBPUSD,session_range_fade,2.5,1.6,24
1782964800.0,1782972000.0,-1.2979,short,GBPUSD,session_range_fade,2.5,1.6,24
1776240000.0,1776247200.0,-1.2647,long,GBPUSD,session_range_fade,2.5,1.6,48
1776254400.0,1776333600.0,-1.2157,long,GBPUSD,session_range_fade,2.5,1.6,48
1776380400.0,1776427200.0,2.3009,long,GBPUSD,session_range_fade,2.5,1.6,48
1776776400.0,1776790800.0,2.2726,short,GBPUSD,session_range_fade,2.5,1.6,48
1776859200.0,1776963600.0,-1.2068,long,GBPUSD,session_range_fade,2.5,1.6,48
1777269600.0,1777276800.0,-1.2722,short,GBPUSD,session_range_fade,2.5,1.6,48
1777320000.0,1777356000.0,-1.2083,long,GBPUSD,session_range_fade,2.5,1.6,48
1777626000.0,1777636800.0,2.2592,long,GBPUSD,session_range_fade,2.5,1.6,48
1777960800.0,1777968000.0,-1.2495,short,GBPUSD,session_range_fade,2.5,1.6,48
1777971600.0,1777989600.0,-1.2558,short,GBPUSD,session_range_fade,2.5,1.6,48
1778011200.0,1778018400.0,-1.2025,short,GBPUSD,session_range_fade,2.5,1.6,48
1778036400.0,1778040000.0,-1.194,short,GBPUSD,session_range_fade,2.5,1.6,48
1778108400.0,1778173200.0,-1.2083,long,GBPUSD,session_range_fade,2.5,1.6,48
1778464800.0,1778511600.0,2.298,long,GBPUSD,session_range_fade,2.5,1.6,48
1778551200.0,1778562000.0,-1.2127,long,GBPUSD,session_range_fade,2.5,1.6,48
1778619600.0,1778774400.0,2.3616,short,GBPUSD,session_range_fade,2.5,1.6,48
1779084000.0,1779091200.0,-1.2161,short,GBPUSD,session_range_fade,2.5,1.6,48
1779213600.0,1779289200.0,2.3392,long,GBPUSD,session_range_fade,2.5,1.6,48
1779339600.0,1779350400.0,-1.2639,short,GBPUSD,session_range_fade,2.5,1.6,48
1779357600.0,1779368400.0,-1.2024,long,GBPUSD,session_range_fade,2.5,1.6,48
1779436800.0,1779454800.0,2.1956,long,GBPUSD,session_range_fade,2.5,1.6,48
1779717600.0,1779800400.0,2.2213,short,GBPUSD,session_range_fade,2.5,1.6,48
1779858000.0,1779876000.0,-1.3479,long,GBPUSD,session_range_fade,2.5,1.6,48
1780030800.0,1780041600.0,2.1482,short,GBPUSD,session_range_fade,2.5,1.6,48
1780056000.0,1780063200.0,-1.2542,short,GBPUSD,session_range_fade,2.5,1.6,48
1780304400.0,1780318800.0,-1.2579,long,GBPUSD,session_range_fade,2.5,1.6,48
1780416000.0,1780466400.0,-1.2504,long,GBPUSD,session_range_fade,2.5,1.6,48
1780480800.0,1780488000.0,-1.2395,long,GBPUSD,session_range_fade,2.5,1.6,48
1780560000.0,1780570800.0,-1.2865,short,GBPUSD,session_range_fade,2.5,1.6,48
1780606800.0,1780642800.0,-1.264,short,GBPUSD,session_range_fade,2.5,1.6,48
1780905600.0,1780992000.0,2.3089,long,GBPUSD,session_range_fade,2.5,1.6,48
1781089200.0,1781096400.0,2.2592,long,GBPUSD,session_range_fade,2.5,1.6,48
1781110800.0,1781128800.0,-1.1602,long,GBPUSD,session_range_fade,2.5,1.6,48
1781157600.0,1781168400.0,-1.2342,long,GBPUSD,session_range_fade,2.5,1.6,48
1781172000.0,1781182800.0,-1.2116,long,GBPUSD,session_range_fade,2.5,1.6,48
1781258400.0,1781478000.0,-1.1895,short,GBPUSD,session_range_fade,2.5,1.6,48
1781510400.0,1781575200.0,-1.1974,long,GBPUSD,session_range_fade,2.5,1.6,48
1781593200.0,1781694000.0,-1.2528,long,GBPUSD,session_range_fade,2.5,1.6,48
1782090000.0,1782122400.0,-1.1854,short,GBPUSD,session_range_fade,2.5,1.6,48
1782280800.0,1782295200.0,-1.2712,long,GBPUSD,session_range_fade,2.5,1.6,48
1782345600.0,1782374400.0,-1.1578,short,GBPUSD,session_range_fade,2.5,1.6,48
1782385200.0,1782396000.0,2.2729,long,GBPUSD,session_range_fade,2.5,1.6,48
1782446400.0,1782460800.0,-1.2263,short,GBPUSD,session_range_fade,2.5,1.6,48
1782493200.0,1782828000.0,2.3455,long,GBPUSD,session_range_fade,2.5,1.6,48
1782964800.0,1782972000.0,-1.2979,short,GBPUSD,session_range_fade,2.5,1.6,48
1776240000.0,1776247200.0,-1.2647,long,GBPUSD,session_range_fade,2.5,1.6,96
1776254400.0,1776333600.0,-1.2157,long,GBPUSD,session_range_fade,2.5,1.6,96
1776380400.0,1776427200.0,2.3009,long,GBPUSD,session_range_fade,2.5,1.6,96
1776776400.0,1776790800.0,2.2726,short,GBPUSD,session_range_fade,2.5,1.6,96
1776859200.0,1776963600.0,-1.2068,long,GBPUSD,session_range_fade,2.5,1.6,96
1777269600.0,1777276800.0,-1.2722,short,GBPUSD,session_range_fade,2.5,1.6,96
1777320000.0,1777356000.0,-1.2083,long,GBPUSD,session_range_fade,2.5,1.6,96
1777626000.0,1777636800.0,2.2592,long,GBPUSD,session_range_fade,2.5,1.6,96
1777960800.0,1777968000.0,-1.2495,short,GBPUSD,session_range_fade,2.5,1.6,96
1777971600.0,1777989600.0,-1.2558,short,GBPUSD,session_range_fade,2.5,1.6,96
1778011200.0,1778018400.0,-1.2025,short,GBPUSD,session_range_fade,2.5,1.6,96
1778036400.0,1778040000.0,-1.194,short,GBPUSD,session_range_fade,2.5,1.6,96
1778108400.0,1778173200.0,-1.2083,long,GBPUSD,session_range_fade,2.5,1.6,96
1778464800.0,1778511600.0,2.298,long,GBPUSD,session_range_fade,2.5,1.6,96
1778551200.0,1778562000.0,-1.2127,long,GBPUSD,session_range_fade,2.5,1.6,96
1778619600.0,1778774400.0,2.3616,short,GBPUSD,session_range_fade,2.5,1.6,96
1779084000.0,1779091200.0,-1.2161,short,GBPUSD,session_range_fade,2.5,1.6,96
1779213600.0,1779289200.0,2.3392,long,GBPUSD,session_range_fade,2.5,1.6,96
1779339600.0,1779350400.0,-1.2639,short,GBPUSD,session_range_fade,2.5,1.6,96
1779357600.0,1779368400.0,-1.2024,long,GBPUSD,session_range_fade,2.5,1.6,96
1779436800.0,1779454800.0,2.1956,long,GBPUSD,session_range_fade,2.5,1.6,96
1779717600.0,1779800400.0,2.2213,short,GBPUSD,session_range_fade,2.5,1.6,96
1779858000.0,1779876000.0,-1.3479,long,GBPUSD,session_range_fade,2.5,1.6,96
1780030800.0,1780041600.0,2.1482,short,GBPUSD,session_range_fade,2.5,1.6,96
1780056000.0,1780063200.0,-1.2542,short,GBPUSD,session_range_fade,2.5,1.6,96
1780304400.0,1780318800.0,-1.2579,long,GBPUSD,session_range_fade,2.5,1.6,96
1780416000.0,1780466400.0,-1.2504,long,GBPUSD,session_range_fade,2.5,1.6,96
1780480800.0,1780488000.0,-1.2395,long,GBPUSD,session_range_fade,2.5,1.6,96
1780560000.0,1780570800.0,-1.2865,short,GBPUSD,session_range_fade,2.5,1.6,96
1780606800.0,1780642800.0,-1.264,short,GBPUSD,session_range_fade,2.5,1.6,96
1780905600.0,1780992000.0,2.3089,long,GBPUSD,session_range_fade,2.5,1.6,96
1781089200.0,1781096400.0,2.2592,long,GBPUSD,session_range_fade,2.5,1.6,96
1781110800.0,1781128800.0,-1.1602,long,GBPUSD,session_range_fade,2.5,1.6,96
1781157600.0,1781168400.0,-1.2342,long,GBPUSD,session_range_fade,2.5,1.6,96
1781172000.0,1781182800.0,-1.2116,long,GBPUSD,session_range_fade,2.5,1.6,96
1781258400.0,1781478000.0,-1.1895,short,GBPUSD,session_range_fade,2.5,1.6,96
1781510400.0,1781575200.0,-1.1974,long,GBPUSD,session_range_fade,2.5,1.6,96
1781593200.0,1781694000.0,-1.2528,long,GBPUSD,session_range_fade,2.5,1.6,96
1782090000.0,1782122400.0,-1.1854,short,GBPUSD,session_range_fade,2.5,1.6,96
1782280800.0,1782295200.0,-1.2712,long,GBPUSD,session_range_fade,2.5,1.6,96
1782345600.0,1782374400.0,-1.1578,short,GBPUSD,session_range_fade,2.5,1.6,96
1782385200.0,1782396000.0,2.2729,long,GBPUSD,session_range_fade,2.5,1.6,96
1782446400.0,1782460800.0,-1.2263,short,GBPUSD,session_range_fade,2.5,1.6,96
1782493200.0,1782828000.0,2.3455,long,GBPUSD,session_range_fade,2.5,1.6,96
1782964800.0,1782972000.0,-1.2979,short,GBPUSD,session_range_fade,2.5,1.6,96
1776240000.0,1776247200.0,-1.2117,long,GBPUSD,session_range_fade,2.5,2.0,24
1776254400.0,1776340800.0,-0.4803,long,GBPUSD,session_range_fade,2.5,2.0,24
1776380400.0,1776430800.0,2.3407,long,GBPUSD,session_range_fade,2.5,2.0,24
1776776400.0,1776862800.0,0.1369,short,GBPUSD,session_range_fade,2.5,2.0,24
1776866400.0,1776952800.0,0.2287,long,GBPUSD,session_range_fade,2.5,2.0,24
1777269600.0,1777276800.0,-1.2178,short,GBPUSD,session_range_fade,2.5,2.0,24
1777320000.0,1777356000.0,-1.1666,long,GBPUSD,session_range_fade,2.5,2.0,24
1777626000.0,1777644000.0,2.3074,long,GBPUSD,session_range_fade,2.5,2.0,24
1777960800.0,1777986000.0,-1.1996,short,GBPUSD,session_range_fade,2.5,2.0,24
1778011200.0,1778022000.0,-1.162,short,GBPUSD,session_range_fade,2.5,2.0,24
1778036400.0,1778040000.0,-1.1552,short,GBPUSD,session_range_fade,2.5,2.0,24
1778108400.0,1778180400.0,-1.1666,long,GBPUSD,session_range_fade,2.5,2.0,24
1778464800.0,1778551200.0,-0.2128,long,GBPUSD,session_range_fade,2.5,2.0,24
1778619600.0,1778706000.0,0.3335,short,GBPUSD,session_range_fade,2.5,2.0,24
1778709600.0,1778774400.0,2.349,short,GBPUSD,session_range_fade,2.5,2.0,24
1779084000.0,1779091200.0,-1.1729,short,GBPUSD,session_range_fade,2.5,2.0,24
1779213600.0,1779300000.0,1.3761,long,GBPUSD,session_range_fade,2.5,2.0,24
1779339600.0,1779350400.0,-1.2111,short,GBPUSD,session_range_fade,2.5,2.0,24
1779357600.0,1779368400.0,-1.1619,long,GBPUSD,session_range_fade,2.5,2.0,24
1779436800.0,1779663600.0,2.2565,long,GBPUSD,session_range_fade,2.5,2.0,24
1779717600.0,1779804000.0,2.2771,short,GBPUSD,session_range_fade,2.5,2.0,24
1779858000.0,1779879600.0,-1.2783,long,GBPUSD,session_range_fade,2.5,2.0,24
1780030800.0,1780063200.0,-1.2814,short,GBPUSD,session_range_fade,2.5,2.0,24
1780304400.0,1780318800.0,-1.2063,long,GBPUSD,session_range_fade,2.5,2.0,24
1780416000.0,1780466400.0,-1.2003,long,GBPUSD,session_range_fade,2.5,2.0,24
1780480800.0,1780488000.0,-1.1916,long,GBPUSD,session_range_fade,2.5,2.0,24
1780560000.0,1780570800.0,-1.2292,short,GBPUSD,session_range_fade,2.5,2.0,24
1780606800.0,1780642800.0,-1.2112,short,GBPUSD,session_range_fade,2.5,2.0,24
1780905600.0,1780992000.0,1.9885,long,GBPUSD,session_range_fade,2.5,2.0,24
1781089200.0,1781128800.0,-1.1927,long,GBPUSD,session_range_fade,2.5,2.0,24
1781157600.0,1781172000.0,-1.1874,long,GBPUSD,session_range_fade,2.5,2.0,24
1781182800.0,1781186400.0,-1.1575,long,GBPUSD,session_range_fade,2.5,2.0,24
1781258400.0,1781478000.0,-1.1516,short,GBPUSD,session_range_fade,2.5,2.0,24
1781510400.0,1781575200.0,-1.1579,long,GBPUSD,session_range_fade,2.5,2.0,24
1781593200.0,1781679600.0,-0.0123,long,GBPUSD,session_range_fade,2.5,2.0,24
1781690400.0,1781704800.0,-1.2558,long,GBPUSD,session_range_fade,2.5,2.0,24
1782090000.0,1782122400.0,-1.1483,short,GBPUSD,session_range_fade,2.5,2.0,24
1782280800.0,1782295200.0,-1.2169,long,GBPUSD,session_range_fade,2.5,2.0,24
1782345600.0,1782374400.0,-1.1263,short,GBPUSD,session_range_fade,2.5,2.0,24
1782385200.0,1782396000.0,2.3184,long,GBPUSD,session_range_fade,2.5,2.0,24
1782446400.0,1782464400.0,-1.1811,short,GBPUSD,session_range_fade,2.5,2.0,24
1782493200.0,1782756000.0,1.6462,long,GBPUSD,session_range_fade,2.5,2.0,24
1782766800.0,1782853200.0,-0.4421,short,GBPUSD,session_range_fade,2.5,2.0,24
1782964800.0,1782972000.0,-1.2383,short,GBPUSD,session_range_fade,2.5,2.0,24
1776240000.0,1776247200.0,-1.2117,long,GBPUSD,session_range_fade,2.5,2.0,48
1776254400.0,1776348000.0,-1.1725,long,GBPUSD,session_range_fade,2.5,2.0,48
1776380400.0,1776430800.0,2.3407,long,GBPUSD,session_range_fade,2.5,2.0,48
1776776400.0,1776949200.0,0.9461,short,GBPUSD,session_range_fade,2.5,2.0,48
1776952800.0,1777258800.0,-1.1306,short,GBPUSD,session_range_fade,2.5,2.0,48
1777269600.0,1777276800.0,-1.2178,short,GBPUSD,session_range_fade,2.5,2.0,48
1777320000.0,1777356000.0,-1.1666,long,GBPUSD,session_range_fade,2.5,2.0,48
1777626000.0,1777644000.0,2.3074,long,GBPUSD,session_range_fade,2.5,2.0,48
1777960800.0,1777986000.0,-1.1996,short,GBPUSD,session_range_fade,2.5,2.0,48
1778011200.0,1778022000.0,-1.162,short,GBPUSD,session_range_fade,2.5,2.0,48
1778036400.0,1778040000.0,-1.1552,short,GBPUSD,session_range_fade,2.5,2.0,48
1778108400.0,1778180400.0,-1.1666,long,GBPUSD,session_range_fade,2.5,2.0,48
1778464800.0,1778565600.0,-1.1616,long,GBPUSD,session_range_fade,2.5,2.0,48
1778619600.0,1778774400.0,2.3893,short,GBPUSD,session_range_fade,2.5,2.0,48
1779084000.0,1779091200.0,-1.1729,short,GBPUSD,session_range_fade,2.5,2.0,48
1779213600.0,1779386400.0,0.7579,long,GBPUSD,session_range_fade,2.5,2.0,48
1779436800.0,1779663600.0,2.2565,long,GBPUSD,session_range_fade,2.5,2.0,48
1779717600.0,1779804000.0,2.2771,short,GBPUSD,session_range_fade,2.5,2.0,48
1779858000.0,1779879600.0,-1.2783,long,GBPUSD,session_range_fade,2.5,2.0,48
1780030800.0,1780063200.0,-1.2814,short,GBPUSD,session_range_fade,2.5,2.0,48
1780304400.0,1780318800.0,-1.2063,long,GBPUSD,session_range_fade,2.5,2.0,48
1780416000.0,1780466400.0,-1.2003,long,GBPUSD,session_range_fade,2.5,2.0,48
1780480800.0,1780488000.0,-1.1916,long,GBPUSD,session_range_fade,2.5,2.0,48
1780560000.0,1780570800.0,-1.2292,short,GBPUSD,session_range_fade,2.5,2.0,48
1780606800.0,1780642800.0,-1.2112,short,GBPUSD,session_range_fade,2.5,2.0,48
1780905600.0,1780995600.0,2.3471,long,GBPUSD,session_range_fade,2.5,2.0,48
1781089200.0,1781128800.0,-1.1927,long,GBPUSD,session_range_fade,2.5,2.0,48
1781157600.0,1781172000.0,-1.1874,long,GBPUSD,session_range_fade,2.5,2.0,48
1781182800.0,1781186400.0,-1.1575,long,GBPUSD,session_range_fade,2.5,2.0,48
1781258400.0,1781478000.0,-1.1516,short,GBPUSD,session_range_fade,2.5,2.0,48
1781510400.0,1781575200.0,-1.1579,long,GBPUSD,session_range_fade,2.5,2.0,48
1781593200.0,1781704800.0,-1.2022,long,GBPUSD,session_range_fade,2.5,2.0,48
1782090000.0,1782122400.0,-1.1483,short,GBPUSD,session_range_fade,2.5,2.0,48
1782280800.0,1782295200.0,-1.2169,long,GBPUSD,session_range_fade,2.5,2.0,48
1782345600.0,1782374400.0,-1.1263,short,GBPUSD,session_range_fade,2.5,2.0,48
1782385200.0,1782396000.0,2.3184,long,GBPUSD,session_range_fade,2.5,2.0,48
1782446400.0,1782464400.0,-1.1811,short,GBPUSD,session_range_fade,2.5,2.0,48
1782493200.0,1782842400.0,1.5968,long,GBPUSD,session_range_fade,2.5,2.0,48
1782964800.0,1782972000.0,-1.2383,short,GBPUSD,session_range_fade,2.5,2.0,48
1776240000.0,1776247200.0,-1.2117,long,GBPUSD,session_range_fade,2.5,2.0,96
1776254400.0,1776348000.0,-1.1725,long,GBPUSD,session_range_fade,2.5,2.0,96
1776380400.0,1776430800.0,2.3407,long,GBPUSD,session_range_fade,2.5,2.0,96
1776776400.0,1776963600.0,2.3181,short,GBPUSD,session_range_fade,2.5,2.0,96
1777269600.0,1777276800.0,-1.2178,short,GBPUSD,session_range_fade,2.5,2.0,96
1777320000.0,1777356000.0,-1.1666,long,GBPUSD,session_range_fade,2.5,2.0,96
1777626000.0,1777644000.0,2.3074,long,GBPUSD,session_range_fade,2.5,2.0,96
1777960800.0,1777986000.0,-1.1996,short,GBPUSD,session_range_fade,2.5,2.0,96
1778011200.0,1778022000.0,-1.162,short,GBPUSD,session_range_fade,2.5,2.0,96
1778036400.0,1778040000.0,-1.1552,short,GBPUSD,session_range_fade,2.5,2.0,96
1778108400.0,1778180400.0,-1.1666,long,GBPUSD,session_range_fade,2.5,2.0,96
1778464800.0,1778565600.0,-1.1616,long,GBPUSD,session_range_fade,2.5,2.0,96
1778619600.0,1778774400.0,2.3893,short,GBPUSD,session_range_fade,2.5,2.0,96
1779084000.0,1779091200.0,-1.1729,short,GBPUSD,session_range_fade,2.5,2.0,96
1779213600.0,1779663600.0,2.3714,long,GBPUSD,session_range_fade,2.5,2.0,96
1779717600.0,1779804000.0,2.2771,short,GBPUSD,session_range_fade,2.5,2.0,96
1779858000.0,1779879600.0,-1.2783,long,GBPUSD,session_range_fade,2.5,2.0,96
1780030800.0,1780063200.0,-1.2814,short,GBPUSD,session_range_fade,2.5,2.0,96
1780304400.0,1780318800.0,-1.2063,long,GBPUSD,session_range_fade,2.5,2.0,96
1780416000.0,1780466400.0,-1.2003,long,GBPUSD,session_range_fade,2.5,2.0,96
1780480800.0,1780488000.0,-1.1916,long,GBPUSD,session_range_fade,2.5,2.0,96
1780560000.0,1780570800.0,-1.2292,short,GBPUSD,session_range_fade,2.5,2.0,96
1780606800.0,1780642800.0,-1.2112,short,GBPUSD,session_range_fade,2.5,2.0,96
1780905600.0,1780995600.0,2.3471,long,GBPUSD,session_range_fade,2.5,2.0,96
1781089200.0,1781128800.0,-1.1927,long,GBPUSD,session_range_fade,2.5,2.0,96
1781157600.0,1781172000.0,-1.1874,long,GBPUSD,session_range_fade,2.5,2.0,96
1781182800.0,1781186400.0,-1.1575,long,GBPUSD,session_range_fade,2.5,2.0,96
1781258400.0,1781478000.0,-1.1516,short,GBPUSD,session_range_fade,2.5,2.0,96
1781510400.0,1781575200.0,-1.1579,long,GBPUSD,session_range_fade,2.5,2.0,96
1781593200.0,1781704800.0,-1.2022,long,GBPUSD,session_range_fade,2.5,2.0,96
1782090000.0,1782122400.0,-1.1483,short,GBPUSD,session_range_fade,2.5,2.0,96
1782280800.0,1782295200.0,-1.2169,long,GBPUSD,session_range_fade,2.5,2.0,96
1782345600.0,1782374400.0,-1.1263,short,GBPUSD,session_range_fade,2.5,2.0,96
1782385200.0,1782396000.0,2.3184,long,GBPUSD,session_range_fade,2.5,2.0,96
1782446400.0,1782464400.0,-1.1811,short,GBPUSD,session_range_fade,2.5,2.0,96
1782493200.0,1782914400.0,2.3764,long,GBPUSD,session_range_fade,2.5,2.0,96
1782964800.0,1782972000.0,-1.2383,short,GBPUSD,session_range_fade,2.5,2.0,96
1776240000.0,1776326400.0,-0.7257,long,GBPUSD,session_range_fade,2.5,2.5,24
1776380400.0,1776639600.0,-1.1274,long,GBPUSD,session_range_fade,2.5,2.5,24
1776776400.0,1776862800.0,0.1095,short,GBPUSD,session_range_fade,2.5,2.5,24
1776866400.0,1776952800.0,0.183,long,GBPUSD,session_range_fade,2.5,2.5,24
1777269600.0,1777284000.0,-1.1742,short,GBPUSD,session_range_fade,2.5,2.5,24
1777320000.0,1777359600.0,-1.1333,long,GBPUSD,session_range_fade,2.5,2.5,24
1777626000.0,1777878000.0,-1.1541,long,GBPUSD,session_range_fade,2.5,2.5,24
1777960800.0,1777989600.0,-1.1597,short,GBPUSD,session_range_fade,2.5,2.5,24
1778011200.0,1778022000.0,-1.1296,short,GBPUSD,session_range_fade,2.5,2.5,24
1778036400.0,1778054400.0,-1.1242,short,GBPUSD,session_range_fade,2.5,2.5,24
1778108400.0,1778184000.0,-1.1333,long,GBPUSD,session_range_fade,2.5,2.5,24
1778464800.0,1778551200.0,-0.1702,long,GBPUSD,session_range_fade,2.5,2.5,24
1778619600.0,1778706000.0,0.2668,short,GBPUSD,session_range_fade,2.5,2.5,24
1778709600.0,1778774400.0,2.3792,short,GBPUSD,session_range_fade,2.5,2.5,24
1779084000.0,1779105600.0,-1.1383,short,GBPUSD,session_range_fade,2.5,2.5,24
1779213600.0,1779300000.0,1.1009,long,GBPUSD,session_range_fade,2.5,2.5,24
1779339600.0,1779426000.0,0.3223,short,GBPUSD,session_range_fade,2.5,2.5,24
1779436800.0,1779663600.0,2.3052,long,GBPUSD,session_range_fade,2.5,2.5,24
1779717600.0,1779804000.0,2.0447,short,GBPUSD,session_range_fade,2.5,2.5,24
1779858000.0,1779890400.0,-1.2227,long,GBPUSD,session_range_fade,2.5,2.5,24
1780030800.0,1780063200.0,-1.2251,short,GBPUSD,session_range_fade,2.5,2.5,24
1780304400.0,1780318800.0,-1.1651,long,GBPUSD,session_range_fade,2.5,2.5,24
1780416000.0,1780466400.0,-1.1603,long,GBPUSD,session_range_fade,2.5,2.5,24
1780480800.0,1780491600.0,-1.1533,long,GBPUSD,session_range_fade,2.5,2.5,24
1780560000.0,1780570800.0,-1.1833,short,GBPUSD,session_range_fade,2.5,2.5,24
1780606800.0,1780646400.0,-1.169,short,GBPUSD,session_range_fade,2.5,2.5,24
1780905600.0,1780992000.0,1.5908,long,GBPUSD,session_range_fade,2.5,2.5,24
1781089200.0,1781132400.0,-1.1541,long,GBPUSD,session_range_fade,2.5,2.5,24
1781157600.0,1781179200.0,-1.1499,long,GBPUSD,session_range_fade,2.5,2.5,24
1781182800.0,1781269200.0,1.2755,long,GBPUSD,session_range_fade,2.5,2.5,24
1781272800.0,1781478000.0,-1.1075,short,GBPUSD,session_range_fade,2.5,2.5,24
1781510400.0,1781589600.0,-1.1263,long,GBPUSD,session_range_fade,2.5,2.5,24
1781593200.0,1781679600.0,-0.0098,long,GBPUSD,session_range_fade,2.5,2.5,24
1781690400.0,1781704800.0,-1.2047,long,GBPUSD,session_range_fade,2.5,2.5,24
1782090000.0,1782129600.0,-1.1187,short,GBPUSD,session_range_fade,2.5,2.5,24
1782280800.0,1782295200.0,-1.1735,long,GBPUSD,session_range_fade,2.5,2.5,24
1782345600.0,1782396000.0,-1.101,short,GBPUSD,session_range_fade,2.5,2.5,24
1782446400.0,1782482400.0,-1.1448,short,GBPUSD,session_range_fade,2.5,2.5,24
1782493200.0,1782756000.0,1.317,long,GBPUSD,session_range_fade,2.5,2.5,24
1782766800.0,1782853200.0,-0.3537,short,GBPUSD,session_range_fade,2.5,2.5,24
1782964800.0,1782972000.0,-1.1906,short,GBPUSD,session_range_fade,2.5,2.5,24
1776240000.0,1776330000.0,-1.1694,long,GBPUSD,session_range_fade,2.5,2.5,48
1776380400.0,1776639600.0,-1.1274,long,GBPUSD,session_range_fade,2.5,2.5,48
1776776400.0,1776949200.0,0.7569,short,GBPUSD,session_range_fade,2.5,2.5,48
1776952800.0,1777276800.0,-1.1045,short,GBPUSD,session_range_fade,2.5,2.5,48
1777320000.0,1777359600.0,-1.1333,long,GBPUSD,session_range_fade,2.5,2.5,48
1777626000.0,1777878000.0,-1.1541,long,GBPUSD,session_range_fade,2.5,2.5,48
1777960800.0,1777989600.0,-1.1597,short,GBPUSD,session_range_fade,2.5,2.5,48
1778011200.0,1778022000.0,-1.1296,short,GBPUSD,session_range_fade,2.5,2.5,48
1778036400.0,1778054400.0,-1.1242,short,GBPUSD,session_range_fade,2.5,2.5,48
1778108400.0,1778184000.0,-1.1333,long,GBPUSD,session_range_fade,2.5,2.5,48
1778464800.0,1778565600.0,-1.1292,long,GBPUSD,session_range_fade,2.5,2.5,48
1778619600.0,1778778000.0,2.4114,short,GBPUSD,session_range_fade,2.5,2.5,48
1779084000.0,1779105600.0,-1.1383,short,GBPUSD,session_range_fade,2.5,2.5,48
1779213600.0,1779386400.0,0.6063,long,GBPUSD,session_range_fade,2.5,2.5,48
1779436800.0,1779663600.0,2.3052,long,GBPUSD,session_range_fade,2.5,2.5,48
1779717600.0,1779807600.0,2.3217,short,GBPUSD,session_range_fade,2.5,2.5,48
1779858000.0,1779890400.0,-1.2227,long,GBPUSD,session_range_fade,2.5,2.5,48
1780030800.0,1780063200.0,-1.2251,short,GBPUSD,session_range_fade,2.5,2.5,48
1780304400.0,1780318800.0,-1.1651,long,GBPUSD,session_range_fade,2.5,2.5,48
1780416000.0,1780466400.0,-1.1603,long,GBPUSD,session_range_fade,2.5,2.5,48
1780480800.0,1780491600.0,-1.1533,long,GBPUSD,session_range_fade,2.5,2.5,48
1780560000.0,1780570800.0,-1.1833,short,GBPUSD,session_range_fade,2.5,2.5,48
1780606800.0,1780646400.0,-1.169,short,GBPUSD,session_range_fade,2.5,2.5,48
1780905600.0,1781002800.0,2.3777,long,GBPUSD,session_range_fade,2.5,2.5,48
1781089200.0,1781132400.0,-1.1541,long,GBPUSD,session_range_fade,2.5,2.5,48
1781157600.0,1781179200.0,-1.1499,long,GBPUSD,session_range_fade,2.5,2.5,48
1781182800.0,1781478000.0,2.374,long,GBPUSD,session_range_fade,2.5,2.5,48
1781510400.0,1781589600.0,-1.1263,long,GBPUSD,session_range_fade,2.5,2.5,48
1781593200.0,1781704800.0,-1.1618,long,GBPUSD,session_range_fade,2.5,2.5,48
1782090000.0,1782129600.0,-1.1187,short,GBPUSD,session_range_fade,2.5,2.5,48
1782280800.0,1782295200.0,-1.1735,long,GBPUSD,session_range_fade,2.5,2.5,48
1782345600.0,1782396000.0,-1.101,short,GBPUSD,session_range_fade,2.5,2.5,48
1782446400.0,1782482400.0,-1.1448,short,GBPUSD,session_range_fade,2.5,2.5,48
1782493200.0,1782842400.0,1.2775,long,GBPUSD,session_range_fade,2.5,2.5,48
1782964800.0,1782972000.0,-1.1906,short,GBPUSD,session_range_fade,2.5,2.5,48
1776240000.0,1776330000.0,-1.1694,long,GBPUSD,session_range_fade,2.5,2.5,96
1776380400.0,1776639600.0,-1.1274,long,GBPUSD,session_range_fade,2.5,2.5,96
1776776400.0,1776963600.0,2.3545,short,GBPUSD,session_range_fade,2.5,2.5,96
1777269600.0,1777284000.0,-1.1742,short,GBPUSD,session_range_fade,2.5,2.5,96
1777320000.0,1777359600.0,-1.1333,long,GBPUSD,session_range_fade,2.5,2.5,96
1777626000.0,1777878000.0,-1.1541,long,GBPUSD,session_range_fade,2.5,2.5,96
1777960800.0,1777989600.0,-1.1597,short,GBPUSD,session_range_fade,2.5,2.5,96
1778011200.0,1778022000.0,-1.1296,short,GBPUSD,session_range_fade,2.5,2.5,96
1778036400.0,1778054400.0,-1.1242,short,GBPUSD,session_range_fade,2.5,2.5,96
1778108400.0,1778184000.0,-1.1333,long,GBPUSD,session_range_fade,2.5,2.5,96
1778464800.0,1778565600.0,-1.1292,long,GBPUSD,session_range_fade,2.5,2.5,96
1778619600.0,1778778000.0,2.4114,short,GBPUSD,session_range_fade,2.5,2.5,96
1779084000.0,1779105600.0,-1.1383,short,GBPUSD,session_range_fade,2.5,2.5,96
1779213600.0,1779706800.0,2.3971,long,GBPUSD,session_range_fade,2.5,2.5,96
1779717600.0,1779807600.0,2.3217,short,GBPUSD,session_range_fade,2.5,2.5,96
1779858000.0,1779890400.0,-1.2227,long,GBPUSD,session_range_fade,2.5,2.5,96
1780030800.0,1780063200.0,-1.2251,short,GBPUSD,session_range_fade,2.5,2.5,96
1780304400.0,1780318800.0,-1.1651,long,GBPUSD,session_range_fade,2.5,2.5,96
1780416000.0,1780466400.0,-1.1603,long,GBPUSD,session_range_fade,2.5,2.5,96
1780480800.0,1780491600.0,-1.1533,long,GBPUSD,session_range_fade,2.5,2.5,96
1780560000.0,1780570800.0,-1.1833,short,GBPUSD,session_range_fade,2.5,2.5,96
1780606800.0,1780646400.0,-1.169,short,GBPUSD,session_range_fade,2.5,2.5,96
1780905600.0,1781002800.0,2.3777,long,GBPUSD,session_range_fade,2.5,2.5,96
1781089200.0,1781132400.0,-1.1541,long,GBPUSD,session_range_fade,2.5,2.5,96
1781157600.0,1781179200.0,-1.1499,long,GBPUSD,session_range_fade,2.5,2.5,96
1781182800.0,1781478000.0,2.374,long,GBPUSD,session_range_fade,2.5,2.5,96
1781510400.0,1781589600.0,-1.1263,long,GBPUSD,session_range_fade,2.5,2.5,96
1781593200.0,1781704800.0,-1.1618,long,GBPUSD,session_range_fade,2.5,2.5,96
1782090000.0,1782129600.0,-1.1187,short,GBPUSD,session_range_fade,2.5,2.5,96
1782280800.0,1782295200.0,-1.1735,long,GBPUSD,session_range_fade,2.5,2.5,96
1782345600.0,1782396000.0,-1.101,short,GBPUSD,session_range_fade,2.5,2.5,96
1782446400.0,1782482400.0,-1.1448,short,GBPUSD,session_range_fade,2.5,2.5,96
1782493200.0,1782972000.0,2.4011,long,GBPUSD,session_range_fade,2.5,2.5,96
1780423200.0,1780441200.0,-1.5315,short,USDJPY,round_level_sweep,1.5,1.3,24
1780502400.0,1780545600.0,1.2549,short,USDJPY,round_level_sweep,1.5,1.3,24
1780603200.0,1780657200.0,1.0283,short,USDJPY,round_level_sweep,1.5,1.3,24
1781200800.0,1781204400.0,-1.3066,long,USDJPY,round_level_sweep,1.5,1.3,24
1781478000.0,1781485200.0,1.183,long,USDJPY,round_level_sweep,1.5,1.3,24
1780423200.0,1780441200.0,-1.5315,short,USDJPY,round_level_sweep,1.5,1.3,48
1780502400.0,1780545600.0,1.2549,short,USDJPY,round_level_sweep,1.5,1.3,48
1780603200.0,1780657200.0,1.0283,short,USDJPY,round_level_sweep,1.5,1.3,48
1781200800.0,1781204400.0,-1.3066,long,USDJPY,round_level_sweep,1.5,1.3,48
1781478000.0,1781485200.0,1.183,long,USDJPY,round_level_sweep,1.5,1.3,48
1780423200.0,1780441200.0,-1.5315,short,USDJPY,round_level_sweep,1.5,1.3,96
1780502400.0,1780545600.0,1.2549,short,USDJPY,round_level_sweep,1.5,1.3,96
1780603200.0,1780657200.0,1.0283,short,USDJPY,round_level_sweep,1.5,1.3,96
1781200800.0,1781204400.0,-1.3066,long,USDJPY,round_level_sweep,1.5,1.3,96
1781478000.0,1781485200.0,1.183,long,USDJPY,round_level_sweep,1.5,1.3,96
1780423200.0,1780470000.0,1.0682,short,USDJPY,round_level_sweep,1.5,1.6,24
1780502400.0,1780545600.0,1.3009,short,USDJPY,round_level_sweep,1.5,1.6,24
1780603200.0,1780657200.0,1.1168,short,USDJPY,round_level_sweep,1.5,1.6,24
1781200800.0,1781204400.0,-1.2491,long,USDJPY,round_level_sweep,1.5,1.6,24
1781478000.0,1781539200.0,1.2424,long,USDJPY,round_level_sweep,1.5,1.6,24
1780423200.0,1780470000.0,1.0682,short,USDJPY,round_level_sweep,1.5,1.6,48
1780502400.0,1780545600.0,1.3009,short,USDJPY,round_level_sweep,1.5,1.6,48
1780603200.0,1780657200.0,1.1168,short,USDJPY,round_level_sweep,1.5,1.6,48
1781200800.0,1781204400.0,-1.2491,long,USDJPY,round_level_sweep,1.5,1.6,48
1781478000.0,1781539200.0,1.2424,long,USDJPY,round_level_sweep,1.5,1.6,48
1780423200.0,1780470000.0,1.0682,short,USDJPY,round_level_sweep,1.5,1.6,96
1780502400.0,1780545600.0,1.3009,short,USDJPY,round_level_sweep,1.5,1.6,96
1780603200.0,1780657200.0,1.1168,short,USDJPY,round_level_sweep,1.5,1.6,96
1781200800.0,1781204400.0,-1.2491,long,USDJPY,round_level_sweep,1.5,1.6,96
1781478000.0,1781539200.0,1.2424,long,USDJPY,round_level_sweep,1.5,1.6,96
1780423200.0,1780470000.0,1.1545,short,USDJPY,round_level_sweep,1.5,2.0,24
1780502400.0,1780588800.0,-0.1128,short,USDJPY,round_level_sweep,1.5,2.0,24
1780603200.0,1780660800.0,-1.3066,short,USDJPY,round_level_sweep,1.5,2.0,24
1781200800.0,1781204400.0,-1.1993,long,USDJPY,round_level_sweep,1.5,2.0,24
1781478000.0,1781546400.0,1.2939,long,USDJPY,round_level_sweep,1.5,2.0,24
1780423200.0,1780470000.0,1.1545,short,USDJPY,round_level_sweep,1.5,2.0,48
1780502400.0,1780671600.0,-1.1593,short,USDJPY,round_level_sweep,1.5,2.0,48
1781200800.0,1781204400.0,-1.1993,long,USDJPY,round_level_sweep,1.5,2.0,48
1781478000.0,1781546400.0,1.2939,long,USDJPY,round_level_sweep,1.5,2.0,48
1780423200.0,1780470000.0,1.1545,short,USDJPY,round_level_sweep,1.5,2.0,96
1780502400.0,1780671600.0,-1.1593,short,USDJPY,round_level_sweep,1.5,2.0,96
1781200800.0,1781204400.0,-1.1993,long,USDJPY,round_level_sweep,1.5,2.0,96
1781478000.0,1781546400.0,1.2939,long,USDJPY,round_level_sweep,1.5,2.0,96
1780423200.0,1780470000.0,1.2236,short,USDJPY,round_level_sweep,1.5,2.5,24
1780502400.0,1780588800.0,-0.0902,short,USDJPY,round_level_sweep,1.5,2.5,24
1780603200.0,1780660800.0,-1.2453,short,USDJPY,round_level_sweep,1.5,2.5,24
1781200800.0,1781204400.0,-1.1594,long,USDJPY,round_level_sweep,1.5,2.5,24
1781478000.0,1781550000.0,1.3351,long,USDJPY,round_level_sweep,1.5,2.5,24
1780423200.0,1780470000.0,1.2236,short,USDJPY,round_level_sweep,1.5,2.5,48
1780502400.0,1780675200.0,-0.9001,short,USDJPY,round_level_sweep,1.5,2.5,48
1781200800.0,1781204400.0,-1.1594,long,USDJPY,round_level_sweep,1.5,2.5,48
1781478000.0,1781550000.0,1.3351,long,USDJPY,round_level_sweep,1.5,2.5,48
1780423200.0,1780470000.0,1.2236,short,USDJPY,round_level_sweep,1.5,2.5,96
1780502400.0,1780884000.0,-1.1274,short,USDJPY,round_level_sweep,1.5,2.5,96
1781200800.0,1781204400.0,-1.1594,long,USDJPY,round_level_sweep,1.5,2.5,96
1781478000.0,1781550000.0,1.3351,long,USDJPY,round_level_sweep,1.5,2.5,96
1780423200.0,1780441200.0,-1.5315,short,USDJPY,round_level_sweep,2.0,1.3,24
1780502400.0,1780545600.0,1.7549,short,USDJPY,round_level_sweep,2.0,1.3,24
1780603200.0,1780660800.0,-1.4717,short,USDJPY,round_level_sweep,2.0,1.3,24
1781200800.0,1781204400.0,-1.3066,long,USDJPY,round_level_sweep,2.0,1.3,24
1781478000.0,1781542800.0,1.683,long,USDJPY,round_level_sweep,2.0,1.3,24
1780423200.0,1780441200.0,-1.5315,short,USDJPY,round_level_sweep,2.0,1.3,48
1780502400.0,1780545600.0,1.7549,short,USDJPY,round_level_sweep,2.0,1.3,48
1780603200.0,1780660800.0,-1.4717,short,USDJPY,round_level_sweep,2.0,1.3,48
1781200800.0,1781204400.0,-1.3066,long,USDJPY,round_level_sweep,2.0,1.3,48
1781478000.0,1781542800.0,1.683,long,USDJPY,round_level_sweep,2.0,1.3,48
1780423200.0,1780441200.0,-1.5315,short,USDJPY,round_level_sweep,2.0,1.3,96
1780502400.0,1780545600.0,1.7549,short,USDJPY,round_level_sweep,2.0,1.3,96
1780603200.0,1780660800.0,-1.4717,short,USDJPY,round_level_sweep,2.0,1.3,96
1781200800.0,1781204400.0,-1.3066,long,USDJPY,round_level_sweep,2.0,1.3,96
1781478000.0,1781542800.0,1.683,long,USDJPY,round_level_sweep,2.0,1.3,96
1780423200.0,1780470000.0,1.5682,short,USDJPY,round_level_sweep,2.0,1.6,24
1780502400.0,1780588800.0,-0.141,short,USDJPY,round_level_sweep,2.0,1.6,24
1780603200.0,1780660800.0,-1.3832,short,USDJPY,round_level_sweep,2.0,1.6,24
1781200800.0,1781204400.0,-1.2491,long,USDJPY,round_level_sweep,2.0,1.6,24
1781478000.0,1781550000.0,1.7424,long,USDJPY,round_level_sweep,2.0,1.6,24
1780423200.0,1780470000.0,1.5682,short,USDJPY,round_level_sweep,2.0,1.6,48
1780502400.0,1780664400.0,-1.1991,short,USDJPY,round_level_sweep,2.0,1.6,48
1781200800.0,1781204400.0,-1.2491,long,USDJPY,round_level_sweep,2.0,1.6,48
1781478000.0,1781550000.0,1.7424,long,USDJPY,round_level_sweep,2.0,1.6,48
1780423200.0,1780470000.0,1.5682,short,USDJPY,round_level_sweep,2.0,1.6,96
1780502400.0,1780664400.0,-1.1991,short,USDJPY,round_level_sweep,2.0,1.6,96
1781200800.0,1781204400.0,-1.2491,long,USDJPY,round_level_sweep,2.0,1.6,96
1781478000.0,1781550000.0,1.7424,long,USDJPY,round_level_sweep,2.0,1.6,96
1780423200.0,1780470000.0,1.6545,short,USDJPY,round_level_sweep,2.0,2.0,24
1780502400.0,1780588800.0,-0.1128,short,USDJPY,round_level_sweep,2.0,2.0,24
1780603200.0,1780660800.0,-1.3066,short,USDJPY,round_level_sweep,2.0,2.0,24
1781200800.0,1781204400.0,-1.1993,long,USDJPY,round_level_sweep,2.0,2.0,24
1781478000.0,1781564400.0,1.0265,long,USDJPY,round_level_sweep,2.0,2.0,24
1780423200.0,1780470000.0,1.6545,short,USDJPY,round_level_sweep,2.0,2.0,48
1780502400.0,1780671600.0,-1.1593,short,USDJPY,round_level_sweep,2.0,2.0,48
1781200800.0,1781204400.0,-1.1993,long,USDJPY,round_level_sweep,2.0,2.0,48
1781478000.0,1781618400.0,1.7939,long,USDJPY,round_level_sweep,2.0,2.0,48
1780423200.0,1780470000.0,1.6545,short,USDJPY,round_level_sweep,2.0,2.0,96
1780502400.0,1780671600.0,-1.1593,short,USDJPY,round_level_sweep,2.0,2.0,96
1781200800.0,1781204400.0,-1.1993,long,USDJPY,round_level_sweep,2.0,2.0,96
1781478000.0,1781618400.0,1.7939,long,USDJPY,round_level_sweep,2.0,2.0,96
1780423200.0,1780470000.0,1.7236,short,USDJPY,round_level_sweep,2.0,2.5,24
1780502400.0,1780588800.0,-0.0902,short,USDJPY,round_level_sweep,2.0,2.5,24
1780603200.0,1780660800.0,-1.2453,short,USDJPY,round_level_sweep,2.0,2.5,24
1781200800.0,1781204400.0,-1.1594,long,USDJPY,round_level_sweep,2.0,2.5,24
1781478000.0,1781564400.0,0.8212,long,USDJPY,round_level_sweep,2.0,2.5,24
1780423200.0,1780470000.0,1.7236,short,USDJPY,round_level_sweep,2.0,2.5,48
1780502400.0,1780675200.0,-0.9001,short,USDJPY,round_level_sweep,2.0,2.5,48
1781200800.0,1781204400.0,-1.1594,long,USDJPY,round_level_sweep,2.0,2.5,48
1781478000.0,1781650800.0,1.4361,long,USDJPY,round_level_sweep,2.0,2.5,48
1780423200.0,1780470000.0,1.7236,short,USDJPY,round_level_sweep,2.0,2.5,96
1780502400.0,1780884000.0,-1.1274,short,USDJPY,round_level_sweep,2.0,2.5,96
1781200800.0,1781204400.0,-1.1594,long,USDJPY,round_level_sweep,2.0,2.5,96
1781478000.0,1781722800.0,1.8351,long,USDJPY,round_level_sweep,2.0,2.5,96
1780423200.0,1780441200.0,-1.5315,short,USDJPY,round_level_sweep,2.5,1.3,24
1780502400.0,1780588800.0,-0.1735,short,USDJPY,round_level_sweep,2.5,1.3,24
1780603200.0,1780660800.0,-1.4717,short,USDJPY,round_level_sweep,2.5,1.3,24
1781200800.0,1781204400.0,-1.3066,long,USDJPY,round_level_sweep,2.5,1.3,24
1781478000.0,1781550000.0,2.183,long,USDJPY,round_level_sweep,2.5,1.3,24
1780423200.0,1780441200.0,-1.5315,short,USDJPY,round_level_sweep,2.5,1.3,48
1780502400.0,1780660800.0,-1.2451,short,USDJPY,round_level_sweep,2.5,1.3,48
1781200800.0,1781204400.0,-1.3066,long,USDJPY,round_level_sweep,2.5,1.3,48
1781478000.0,1781550000.0,2.183,long,USDJPY,round_level_sweep,2.5,1.3,48
1780423200.0,1780441200.0,-1.5315,short,USDJPY,round_level_sweep,2.5,1.3,96
1780502400.0,1780660800.0,-1.2451,short,USDJPY,round_level_sweep,2.5,1.3,96
1781200800.0,1781204400.0,-1.3066,long,USDJPY,round_level_sweep,2.5,1.3,96
1781478000.0,1781550000.0,2.183,long,USDJPY,round_level_sweep,2.5,1.3,96
1780423200.0,1780470000.0,2.0682,short,USDJPY,round_level_sweep,2.5,1.6,24
1780502400.0,1780588800.0,-0.141,short,USDJPY,round_level_sweep,2.5,1.6,24
1780603200.0,1780660800.0,-1.3832,short,USDJPY,round_level_sweep,2.5,1.6,24
1781200800.0,1781204400.0,-1.2491,long,USDJPY,round_level_sweep,2.5,1.6,24
1781478000.0,1781564400.0,1.2831,long,USDJPY,round_level_sweep,2.5,1.6,24
1780423200.0,1780470000.0,2.0682,short,USDJPY,round_level_sweep,2.5,1.6,48
1780502400.0,1780664400.0,-1.1991,short,USDJPY,round_level_sweep,2.5,1.6,48
1781200800.0,1781204400.0,-1.2491,long,USDJPY,round_level_sweep,2.5,1.6,48
1781478000.0,1781618400.0,2.2424,long,USDJPY,round_level_sweep,2.5,1.6,48
1780423200.0,1780470000.0,2.0682,short,USDJPY,round_level_sweep,2.5,1.6,96
1780502400.0,1780664400.0,-1.1991,short,USDJPY,round_level_sweep,2.5,1.6,96
1781200800.0,1781204400.0,-1.2491,long,USDJPY,round_level_sweep,2.5,1.6,96
1781478000.0,1781618400.0,2.2424,long,USDJPY,round_level_sweep,2.5,1.6,96
1780423200.0,1780470000.0,2.1545,short,USDJPY,round_level_sweep,2.5,2.0,24
1780502400.0,1780588800.0,-0.1128,short,USDJPY,round_level_sweep,2.5,2.0,24
1780603200.0,1780660800.0,-1.3066,short,USDJPY,round_level_sweep,2.5,2.0,24
1781200800.0,1781204400.0,-1.1993,long,USDJPY,round_level_sweep,2.5,2.0,24
1781478000.0,1781564400.0,1.0265,long,USDJPY,round_level_sweep,2.5,2.0,24
1780423200.0,1780470000.0,2.1545,short,USDJPY,round_level_sweep,2.5,2.0,48
1780502400.0,1780671600.0,-1.1593,short,USDJPY,round_level_sweep,2.5,2.0,48
1781200800.0,1781204400.0,-1.1993,long,USDJPY,round_level_sweep,2.5,2.0,48
1781478000.0,1781650800.0,1.7952,long,USDJPY,round_level_sweep,2.5,2.0,48
1780423200.0,1780470000.0,2.1545,short,USDJPY,round_level_sweep,2.5,2.0,96
1780502400.0,1780671600.0,-1.1593,short,USDJPY,round_level_sweep,2.5,2.0,96
1781200800.0,1781204400.0,-1.1993,long,USDJPY,round_level_sweep,2.5,2.0,96
1781478000.0,1781722800.0,2.2939,long,USDJPY,round_level_sweep,2.5,2.0,96
1780423200.0,1780473600.0,2.2236,short,USDJPY,round_level_sweep,2.5,2.5,24
1780502400.0,1780588800.0,-0.0902,short,USDJPY,round_level_sweep,2.5,2.5,24
1780603200.0,1780660800.0,-1.2453,short,USDJPY,round_level_sweep,2.5,2.5,24
1781200800.0,1781204400.0,-1.1594,long,USDJPY,round_level_sweep,2.5,2.5,24
1781478000.0,1781564400.0,0.8212,long,USDJPY,round_level_sweep,2.5,2.5,24
1780423200.0,1780473600.0,2.2236,short,USDJPY,round_level_sweep,2.5,2.5,48
1780502400.0,1780675200.0,-0.9001,short,USDJPY,round_level_sweep,2.5,2.5,48
1781200800.0,1781204400.0,-1.1594,long,USDJPY,round_level_sweep,2.5,2.5,48
1781478000.0,1781650800.0,1.4361,long,USDJPY,round_level_sweep,2.5,2.5,48
1780423200.0,1780473600.0,2.2236,short,USDJPY,round_level_sweep,2.5,2.5,96
1780502400.0,1780884000.0,-1.1274,short,USDJPY,round_level_sweep,2.5,2.5,96
1781200800.0,1781204400.0,-1.1594,long,USDJPY,round_level_sweep,2.5,2.5,96
1781478000.0,1781722800.0,2.3351,long,USDJPY,round_level_sweep,2.5,2.5,96
1776247200.0,1776304800.0,1.2633,short,USDJPY,session_range_fade,1.5,1.3,24
1776384000.0,1776427200.0,1.2851,short,USDJPY,session_range_fade,1.5,1.3,24
1776729600.0,1776758400.0,-1.1955,short,USDJPY,session_range_fade,1.5,1.3,24
1776776400.0,1776780000.0,-1.2602,short,USDJPY,session_range_fade,1.5,1.3,24
1776808800.0,1776895200.0,-0.3957,short,USDJPY,session_range_fade,1.5,1.3,24
1776931200.0,1776952800.0,1.2389,short,USDJPY,session_range_fade,1.5,1.3,24
1776956400.0,1776963600.0,1.2552,long,USDJPY,session_range_fade,1.5,1.3,24
1777024800.0,1777028400.0,-1.3535,long,USDJPY,session_range_fade,1.5,1.3,24
1777276800.0,1777309200.0,1.2575,long,USDJPY,session_range_fade,1.5,1.3,24
1777312800.0,1777345200.0,1.2456,short,USDJPY,session_range_fade,1.5,1.3,24
1777438800.0,1777453200.0,-1.3874,short,USDJPY,session_range_fade,1.5,1.3,24
1777518000.0,1777528800.0,-1.207,short,USDJPY,session_range_fade,1.5,1.3,24
1777953600.0,1777971600.0,-1.1811,short,USDJPY,session_range_fade,1.5,1.3,24
1778022000.0,1778040000.0,-1.2298,long,USDJPY,session_range_fade,1.5,1.3,24
1778133600.0,1778169600.0,-1.1857,short,USDJPY,session_range_fade,1.5,1.3,24
1778173200.0,1778184000.0,-1.1912,short,USDJPY,session_range_fade,1.5,1.3,24
1778227200.0,1778454000.0,-1.2454,short,USDJPY,session_range_fade,1.5,1.3,24
1778461200.0,1778544000.0,-1.2078,short,USDJPY,session_range_fade,1.5,1.3,24
1778619600.0,1778655600.0,1.2203,long,USDJPY,session_range_fade,1.5,1.3,24
1778677200.0,1778731200.0,-1.3045,long,USDJPY,session_range_fade,1.5,1.3,24
1778842800.0,1778871600.0,-1.2334,short,USDJPY,session_range_fade,1.5,1.3,24
1779098400.0,1779102000.0,-1.2712,long,USDJPY,session_range_fade,1.5,1.3,24
1779112800.0,1779181200.0,1.2678,long,USDJPY,session_range_fade,1.5,1.3,24
1779246000.0,1779289200.0,-1.221,long,USDJPY,session_range_fade,1.5,1.3,24
1779346800.0,1779361200.0,-1.3505,short,USDJPY,session_range_fade,1.5,1.3,24
1779462000.0,1779663600.0,1.1034,short,USDJPY,session_range_fade,1.5,1.3,24
1779714000.0,1779775200.0,1.076,long,USDJPY,session_range_fade,1.5,1.3,24
1779829200.0,1779858000.0,-1.4768,short,USDJPY,session_range_fade,1.5,1.3,24
1779861600.0,1779890400.0,-1.4294,short,USDJPY,session_range_fade,1.5,1.3,24
1779948000.0,1779958800.0,-1.4326,long,USDJPY,session_range_fade,1.5,1.3,24
1780059600.0,1780066800.0,1.059,short,USDJPY,session_range_fade,1.5,1.3,24
1780084800.0,1780268400.0,-1.3755,short,USDJPY,session_range_fade,1.5,1.3,24
1780448400.0,1780470000.0,-1.4125,long,USDJPY,session_range_fade,1.5,1.3,24
1780599600.0,1780657200.0,1.0469,short,USDJPY,session_range_fade,1.5,1.3,24
1780898400.0,1780905600.0,1.1731,short,USDJPY,session_range_fade,1.5,1.3,24
1781060400.0,1781089200.0,-1.3687,short,USDJPY,session_range_fade,1.5,1.3,24
1781161200.0,1781197200.0,-1.517,long,USDJPY,session_range_fade,1.5,1.3,24
1781524800.0,1781546400.0,-1.3079,short,USDJPY,session_range_fade,1.5,1.3,24
1781593200.0,1781614800.0,-1.304,short,USDJPY,session_range_fade,1.5,1.3,24
1781658000.0,1781679600.0,-1.4368,long,USDJPY,session_range_fade,1.5,1.3,24
1781708400.0,1781719200.0,1.1324,long,USDJPY,session_range_fade,1.5,1.3,24
1781773200.0,1781794800.0,-1.2743,short,USDJPY,session_range_fade,1.5,1.3,24
1781884800.0,1782086400.0,1.203,long,USDJPY,session_range_fade,1.5,1.3,24
1782208800.0,1782280800.0,1.1973,long,USDJPY,session_range_fade,1.5,1.3,24
1782334800.0,1782349200.0,1.083,short,USDJPY,session_range_fade,1.5,1.3,24
1782363600.0,1782385200.0,-1.4126,short,USDJPY,session_range_fade,1.5,1.3,24
1782453600.0,1782460800.0,-1.3727,long,USDJPY,session_range_fade,1.5,1.3,24
1782694800.0,1782734400.0,-1.4239,short,USDJPY,session_range_fade,1.5,1.3,24
1782763200.0,1782777600.0,-1.5512,short,USDJPY,session_range_fade,1.5,1.3,24
1782900000.0,1782910800.0,-1.3002,long,USDJPY,session_range_fade,1.5,1.3,24
1782964800.0,1782972000.0,-1.3973,long,USDJPY,session_range_fade,1.5,1.3,24
1776247200.0,1776304800.0,1.2633,short,USDJPY,session_range_fade,1.5,1.3,48
1776384000.0,1776427200.0,1.2851,short,USDJPY,session_range_fade,1.5,1.3,48
1776729600.0,1776758400.0,-1.1955,short,USDJPY,session_range_fade,1.5,1.3,48
1776776400.0,1776780000.0,-1.2602,short,USDJPY,session_range_fade,1.5,1.3,48
1776808800.0,1776934800.0,-1.1606,short,USDJPY,session_range_fade,1.5,1.3,48
1776956400.0,1776963600.0,1.2552,long,USDJPY,session_range_fade,1.5,1.3,48
1777024800.0,1777028400.0,-1.3535,long,USDJPY,session_range_fade,1.5,1.3,48
1777276800.0,1777309200.0,1.2575,long,USDJPY,session_range_fade,1.5,1.3,48
1777312800.0,1777345200.0,1.2456,short,USDJPY,session_range_fade,1.5,1.3,48
1777438800.0,1777453200.0,-1.3874,short,USDJPY,session_range_fade,1.5,1.3,48
1777518000.0,1777528800.0,-1.207,short,USDJPY,session_range_fade,1.5,1.3,48
1777953600.0,1777971600.0,-1.1811,short,USDJPY,session_range_fade,1.5,1.3,48
1778022000.0,1778040000.0,-1.2298,long,USDJPY,session_range_fade,1.5,1.3,48
1778133600.0,1778169600.0,-1.1857,short,USDJPY,session_range_fade,1.5,1.3,48
1778173200.0,1778184000.0,-1.1912,short,USDJPY,session_range_fade,1.5,1.3,48
1778227200.0,1778454000.0,-1.2454,short,USDJPY,session_range_fade,1.5,1.3,48
1778461200.0,1778544000.0,-1.2078,short,USDJPY,session_range_fade,1.5,1.3,48
1778619600.0,1778655600.0,1.2203,long,USDJPY,session_range_fade,1.5,1.3,48
1778677200.0,1778731200.0,-1.3045,long,USDJPY,session_range_fade,1.5,1.3,48
1778842800.0,1778871600.0,-1.2334,short,USDJPY,session_range_fade,1.5,1.3,48
1779098400.0,1779102000.0,-1.2712,long,USDJPY,session_range_fade,1.5,1.3,48
1779112800.0,1779181200.0,1.2678,long,USDJPY,session_range_fade,1.5,1.3,48
1779246000.0,1779289200.0,-1.221,long,USDJPY,session_range_fade,1.5,1.3,48
1779346800.0,1779361200.0,-1.3505,short,USDJPY,session_range_fade,1.5,1.3,48
1779462000.0,1779663600.0,1.1034,short,USDJPY,session_range_fade,1.5,1.3,48
1779714000.0,1779775200.0,1.076,long,USDJPY,session_range_fade,1.5,1.3,48
1779829200.0,1779858000.0,-1.4768,short,USDJPY,session_range_fade,1.5,1.3,48
1779861600.0,1779890400.0,-1.4294,short,USDJPY,session_range_fade,1.5,1.3,48
1779948000.0,1779958800.0,-1.4326,long,USDJPY,session_range_fade,1.5,1.3,48
1780059600.0,1780066800.0,1.059,short,USDJPY,session_range_fade,1.5,1.3,48
1780084800.0,1780268400.0,-1.3755,short,USDJPY,session_range_fade,1.5,1.3,48
1780448400.0,1780470000.0,-1.4125,long,USDJPY,session_range_fade,1.5,1.3,48
1780599600.0,1780657200.0,1.0469,short,USDJPY,session_range_fade,1.5,1.3,48
1780898400.0,1780905600.0,1.1731,short,USDJPY,session_range_fade,1.5,1.3,48
1781060400.0,1781089200.0,-1.3687,short,USDJPY,session_range_fade,1.5,1.3,48
1781161200.0,1781197200.0,-1.517,long,USDJPY,session_range_fade,1.5,1.3,48
1781524800.0,1781546400.0,-1.3079,short,USDJPY,session_range_fade,1.5,1.3,48
1781593200.0,1781614800.0,-1.304,short,USDJPY,session_range_fade,1.5,1.3,48
1781658000.0,1781679600.0,-1.4368,long,USDJPY,session_range_fade,1.5,1.3,48
1781708400.0,1781719200.0,1.1324,long,USDJPY,session_range_fade,1.5,1.3,48
1781773200.0,1781794800.0,-1.2743,short,USDJPY,session_range_fade,1.5,1.3,48
1781884800.0,1782086400.0,1.203,long,USDJPY,session_range_fade,1.5,1.3,48
1782208800.0,1782280800.0,1.1973,long,USDJPY,session_range_fade,1.5,1.3,48
1782334800.0,1782349200.0,1.083,short,USDJPY,session_range_fade,1.5,1.3,48
1782363600.0,1782385200.0,-1.4126,short,USDJPY,session_range_fade,1.5,1.3,48
1782453600.0,1782460800.0,-1.3727,long,USDJPY,session_range_fade,1.5,1.3,48
1782694800.0,1782734400.0,-1.4239,short,USDJPY,session_range_fade,1.5,1.3,48
1782763200.0,1782777600.0,-1.5512,short,USDJPY,session_range_fade,1.5,1.3,48
1782900000.0,1782910800.0,-1.3002,long,USDJPY,session_range_fade,1.5,1.3,48
1782964800.0,1782972000.0,-1.3973,long,USDJPY,session_range_fade,1.5,1.3,48
1776247200.0,1776304800.0,1.2633,short,USDJPY,session_range_fade,1.5,1.3,96
1776384000.0,1776427200.0,1.2851,short,USDJPY,session_range_fade,1.5,1.3,96
1776729600.0,1776758400.0,-1.1955,short,USDJPY,session_range_fade,1.5,1.3,96
1776776400.0,1776780000.0,-1.2602,short,USDJPY,session_range_fade,1.5,1.3,96
1776808800.0,1776934800.0,-1.1606,short,USDJPY,session_range_fade,1.5,1.3,96
1776956400.0,1776963600.0,1.2552,long,USDJPY,session_range_fade,1.5,1.3,96
1777024800.0,1777028400.0,-1.3535,long,USDJPY,session_range_fade,1.5,1.3,96
1777276800.0,1777309200.0,1.2575,long,USDJPY,session_range_fade,1.5,1.3,96
1777312800.0,1777345200.0,1.2456,short,USDJPY,session_range_fade,1.5,1.3,96
1777438800.0,1777453200.0,-1.3874,short,USDJPY,session_range_fade,1.5,1.3,96
1777518000.0,1777528800.0,-1.207,short,USDJPY,session_range_fade,1.5,1.3,96
1777953600.0,1777971600.0,-1.1811,short,USDJPY,session_range_fade,1.5,1.3,96
1778022000.0,1778040000.0,-1.2298,long,USDJPY,session_range_fade,1.5,1.3,96
1778133600.0,1778169600.0,-1.1857,short,USDJPY,session_range_fade,1.5,1.3,96
1778173200.0,1778184000.0,-1.1912,short,USDJPY,session_range_fade,1.5,1.3,96
1778227200.0,1778454000.0,-1.2454,short,USDJPY,session_range_fade,1.5,1.3,96
1778461200.0,1778544000.0,-1.2078,short,USDJPY,session_range_fade,1.5,1.3,96
1778619600.0,1778655600.0,1.2203,long,USDJPY,session_range_fade,1.5,1.3,96
1778677200.0,1778731200.0,-1.3045,long,USDJPY,session_range_fade,1.5,1.3,96
1778842800.0,1778871600.0,-1.2334,short,USDJPY,session_range_fade,1.5,1.3,96
1779098400.0,1779102000.0,-1.2712,long,USDJPY,session_range_fade,1.5,1.3,96
1779112800.0,1779181200.0,1.2678,long,USDJPY,session_range_fade,1.5,1.3,96
1779246000.0,1779289200.0,-1.221,long,USDJPY,session_range_fade,1.5,1.3,96
1779346800.0,1779361200.0,-1.3505,short,USDJPY,session_range_fade,1.5,1.3,96
1779462000.0,1779663600.0,1.1034,short,USDJPY,session_range_fade,1.5,1.3,96
1779714000.0,1779775200.0,1.076,long,USDJPY,session_range_fade,1.5,1.3,96
1779829200.0,1779858000.0,-1.4768,short,USDJPY,session_range_fade,1.5,1.3,96
1779861600.0,1779890400.0,-1.4294,short,USDJPY,session_range_fade,1.5,1.3,96
1779948000.0,1779958800.0,-1.4326,long,USDJPY,session_range_fade,1.5,1.3,96
1780059600.0,1780066800.0,1.059,short,USDJPY,session_range_fade,1.5,1.3,96
1780084800.0,1780268400.0,-1.3755,short,USDJPY,session_range_fade,1.5,1.3,96
1780448400.0,1780470000.0,-1.4125,long,USDJPY,session_range_fade,1.5,1.3,96
1780599600.0,1780657200.0,1.0469,short,USDJPY,session_range_fade,1.5,1.3,96
1780898400.0,1780905600.0,1.1731,short,USDJPY,session_range_fade,1.5,1.3,96
1781060400.0,1781089200.0,-1.3687,short,USDJPY,session_range_fade,1.5,1.3,96
1781161200.0,1781197200.0,-1.517,long,USDJPY,session_range_fade,1.5,1.3,96
1781524800.0,1781546400.0,-1.3079,short,USDJPY,session_range_fade,1.5,1.3,96
1781593200.0,1781614800.0,-1.304,short,USDJPY,session_range_fade,1.5,1.3,96
1781658000.0,1781679600.0,-1.4368,long,USDJPY,session_range_fade,1.5,1.3,96
1781708400.0,1781719200.0,1.1324,long,USDJPY,session_range_fade,1.5,1.3,96
1781773200.0,1781794800.0,-1.2743,short,USDJPY,session_range_fade,1.5,1.3,96
1781884800.0,1782086400.0,1.203,long,USDJPY,session_range_fade,1.5,1.3,96
1782208800.0,1782280800.0,1.1973,long,USDJPY,session_range_fade,1.5,1.3,96
1782334800.0,1782349200.0,1.083,short,USDJPY,session_range_fade,1.5,1.3,96
1782363600.0,1782385200.0,-1.4126,short,USDJPY,session_range_fade,1.5,1.3,96
1782453600.0,1782460800.0,-1.3727,long,USDJPY,session_range_fade,1.5,1.3,96
1782694800.0,1782734400.0,-1.4239,short,USDJPY,session_range_fade,1.5,1.3,96
1782763200.0,1782777600.0,-1.5512,short,USDJPY,session_range_fade,1.5,1.3,96
1782900000.0,1782910800.0,-1.3002,long,USDJPY,session_range_fade,1.5,1.3,96
1782964800.0,1782972000.0,-1.3973,long,USDJPY,session_range_fade,1.5,1.3,96
1776247200.0,1776304800.0,1.3077,short,USDJPY,session_range_fade,1.5,1.6,24
1776384000.0,1776427200.0,1.3254,short,USDJPY,session_range_fade,1.5,1.6,24
1776729600.0,1776762000.0,-1.1589,short,USDJPY,session_range_fade,1.5,1.6,24
1776776400.0,1776780000.0,-1.2114,short,USDJPY,session_range_fade,1.5,1.6,24
1776808800.0,1776895200.0,-0.3215,short,USDJPY,session_range_fade,1.5,1.6,24
1776931200.0,1776956400.0,1.2879,short,USDJPY,session_range_fade,1.5,1.6,24
1776960000.0,1776963600.0,1.2861,long,USDJPY,session_range_fade,1.5,1.6,24
1777024800.0,1777028400.0,-1.2872,long,USDJPY,session_range_fade,1.5,1.6,24
1777276800.0,1777338000.0,1.3029,long,USDJPY,session_range_fade,1.5,1.6,24
1777438800.0,1777464000.0,-1.3147,short,USDJPY,session_range_fade,1.5,1.6,24
1777518000.0,1777528800.0,-1.1682,short,USDJPY,session_range_fade,1.5,1.6,24
1777953600.0,1777971600.0,-1.1471,short,USDJPY,session_range_fade,1.5,1.6,24
1778022000.0,1778040000.0,-1.1867,long,USDJPY,session_range_fade,1.5,1.6,24
1778133600.0,1778169600.0,-1.1509,short,USDJPY,session_range_fade,1.5,1.6,24
1778173200.0,1778198400.0,-1.1554,short,USDJPY,session_range_fade,1.5,1.6,24
1778227200.0,1778457600.0,-1.1994,short,USDJPY,session_range_fade,1.5,1.6,24
1778461200.0,1778544000.0,-1.1688,short,USDJPY,session_range_fade,1.5,1.6,24
1778619600.0,1778662800.0,1.2728,long,USDJPY,session_range_fade,1.5,1.6,24
1778677200.0,1778731200.0,-1.2474,long,USDJPY,session_range_fade,1.5,1.6,24
1778842800.0,1778875200.0,-1.1896,short,USDJPY,session_range_fade,1.5,1.6,24
1779098400.0,1779102000.0,-1.2204,long,USDJPY,session_range_fade,1.5,1.6,24
1779112800.0,1779199200.0,1.3113,long,USDJPY,session_range_fade,1.5,1.6,24
1779246000.0,1779289200.0,-1.1796,long,USDJPY,session_range_fade,1.5,1.6,24
1779346800.0,1779368400.0,-1.2848,short,USDJPY,session_range_fade,1.5,1.6,24
1779462000.0,1779663600.0,1.1778,short,USDJPY,session_range_fade,1.5,1.6,24
1779714000.0,1779775200.0,1.1555,long,USDJPY,session_range_fade,1.5,1.6,24
1779829200.0,1779861600.0,-1.3874,short,USDJPY,session_range_fade,1.5,1.6,24
1779865200.0,1779890400.0,-1.3594,short,USDJPY,session_range_fade,1.5,1.6,24
1779948000.0,1779969600.0,-1.3515,long,USDJPY,session_range_fade,1.5,1.6,24
1780059600.0,1780066800.0,1.1417,short,USDJPY,session_range_fade,1.5,1.6,24
1780084800.0,1780272000.0,-1.3051,short,USDJPY,session_range_fade,1.5,1.6,24
1780448400.0,1780470000.0,-1.3352,long,USDJPY,session_range_fade,1.5,1.6,24
1780599600.0,1780660800.0,-1.3681,short,USDJPY,session_range_fade,1.5,1.6,24
1780898400.0,1780905600.0,1.2344,short,USDJPY,session_range_fade,1.5,1.6,24
1781060400.0,1781089200.0,-1.2996,short,USDJPY,session_range_fade,1.5,1.6,24
1781161200.0,1781197200.0,-1.4201,long,USDJPY,session_range_fade,1.5,1.6,24
1781524800.0,1781550000.0,-1.2502,short,USDJPY,session_range_fade,1.5,1.6,24
1781593200.0,1781618400.0,-1.247,short,USDJPY,session_range_fade,1.5,1.6,24
1781658000.0,1781679600.0,-1.3549,long,USDJPY,session_range_fade,1.5,1.6,24
1781708400.0,1781719200.0,1.2013,long,USDJPY,session_range_fade,1.5,1.6,24
1781773200.0,1781794800.0,-1.2229,short,USDJPY,session_range_fade,1.5,1.6,24
1781884800.0,1782100800.0,1.2587,long,USDJPY,session_range_fade,1.5,1.6,24
1782208800.0,1782288000.0,1.254,long,USDJPY,session_range_fade,1.5,1.6,24
1782334800.0,1782367200.0,-1.3388,short,USDJPY,session_range_fade,1.5,1.6,24
1782381600.0,1782396000.0,1.1781,short,USDJPY,session_range_fade,1.5,1.6,24
1782453600.0,1782460800.0,-1.3028,long,USDJPY,session_range_fade,1.5,1.6,24
1782694800.0,1782738000.0,-1.3444,short,USDJPY,session_range_fade,1.5,1.6,24
1782763200.0,1782777600.0,-1.4479,short,USDJPY,session_range_fade,1.5,1.6,24
1782900000.0,1782910800.0,-1.2439,long,USDJPY,session_range_fade,1.5,1.6,24
1782964800.0,1782972000.0,-1.3228,long,USDJPY,session_range_fade,1.5,1.6,24
1776247200.0,1776304800.0,1.3077,short,USDJPY,session_range_fade,1.5,1.6,48
1776384000.0,1776427200.0,1.3254,short,USDJPY,session_range_fade,1.5,1.6,48
1776729600.0,1776762000.0,-1.1589,short,USDJPY,session_range_fade,1.5,1.6,48
1776776400.0,1776780000.0,-1.2114,short,USDJPY,session_range_fade,1.5,1.6,48
1776808800.0,1776938400.0,-1.1305,short,USDJPY,session_range_fade,1.5,1.6,48
1776956400.0,1776963600.0,1.3011,long,USDJPY,session_range_fade,1.5,1.6,48
1777024800.0,1777028400.0,-1.2872,long,USDJPY,session_range_fade,1.5,1.6,48
1777276800.0,1777338000.0,1.3029,long,USDJPY,session_range_fade,1.5,1.6,48
1777438800.0,1777464000.0,-1.3147,short,USDJPY,session_range_fade,1.5,1.6,48
1777518000.0,1777528800.0,-1.1682,short,USDJPY,session_range_fade,1.5,1.6,48
1777953600.0,1777971600.0,-1.1471,short,USDJPY,session_range_fade,1.5,1.6,48
1778022000.0,1778040000.0,-1.1867,long,USDJPY,session_range_fade,1.5,1.6,48
1778133600.0,1778169600.0,-1.1509,short,USDJPY,session_range_fade,1.5,1.6,48
1778173200.0,1778198400.0,-1.1554,short,USDJPY,session_range_fade,1.5,1.6,48
1778227200.0,1778457600.0,-1.1994,short,USDJPY,session_range_fade,1.5,1.6,48
1778461200.0,1778544000.0,-1.1688,short,USDJPY,session_range_fade,1.5,1.6,48
1778619600.0,1778662800.0,1.2728,long,USDJPY,session_range_fade,1.5,1.6,48
1778677200.0,1778731200.0,-1.2474,long,USDJPY,session_range_fade,1.5,1.6,48
1778842800.0,1778875200.0,-1.1896,short,USDJPY,session_range_fade,1.5,1.6,48
1779098400.0,1779102000.0,-1.2204,long,USDJPY,session_range_fade,1.5,1.6,48
1779112800.0,1779199200.0,1.3113,long,USDJPY,session_range_fade,1.5,1.6,48
1779246000.0,1779289200.0,-1.1796,long,USDJPY,session_range_fade,1.5,1.6,48
1779346800.0,1779368400.0,-1.2848,short,USDJPY,session_range_fade,1.5,1.6,48
1779462000.0,1779663600.0,1.1778,short,USDJPY,session_range_fade,1.5,1.6,48
1779714000.0,1779775200.0,1.1555,long,USDJPY,session_range_fade,1.5,1.6,48
1779829200.0,1779861600.0,-1.3874,short,USDJPY,session_range_fade,1.5,1.6,48
1779865200.0,1779890400.0,-1.3594,short,USDJPY,session_range_fade,1.5,1.6,48
1779948000.0,1779969600.0,-1.3515,long,USDJPY,session_range_fade,1.5,1.6,48
1780059600.0,1780066800.0,1.1417,short,USDJPY,session_range_fade,1.5,1.6,48
1780084800.0,1780272000.0,-1.3051,short,USDJPY,session_range_fade,1.5,1.6,48
1780448400.0,1780470000.0,-1.3352,long,USDJPY,session_range_fade,1.5,1.6,48
1780599600.0,1780660800.0,-1.3681,short,USDJPY,session_range_fade,1.5,1.6,48
1780898400.0,1780905600.0,1.2344,short,USDJPY,session_range_fade,1.5,1.6,48
1781060400.0,1781089200.0,-1.2996,short,USDJPY,session_range_fade,1.5,1.6,48
1781161200.0,1781197200.0,-1.4201,long,USDJPY,session_range_fade,1.5,1.6,48
1781524800.0,1781550000.0,-1.2502,short,USDJPY,session_range_fade,1.5,1.6,48
1781593200.0,1781618400.0,-1.247,short,USDJPY,session_range_fade,1.5,1.6,48
1781658000.0,1781679600.0,-1.3549,long,USDJPY,session_range_fade,1.5,1.6,48
1781708400.0,1781719200.0,1.2013,long,USDJPY,session_range_fade,1.5,1.6,48
1781773200.0,1781794800.0,-1.2229,short,USDJPY,session_range_fade,1.5,1.6,48
1781884800.0,1782100800.0,1.2587,long,USDJPY,session_range_fade,1.5,1.6,48
1782208800.0,1782288000.0,1.254,long,USDJPY,session_range_fade,1.5,1.6,48
1782334800.0,1782367200.0,-1.3388,short,USDJPY,session_range_fade,1.5,1.6,48
1782381600.0,1782396000.0,1.1781,short,USDJPY,session_range_fade,1.5,1.6,48
1782453600.0,1782460800.0,-1.3028,long,USDJPY,session_range_fade,1.5,1.6,48
1782694800.0,1782738000.0,-1.3444,short,USDJPY,session_range_fade,1.5,1.6,48
1782763200.0,1782777600.0,-1.4479,short,USDJPY,session_range_fade,1.5,1.6,48
1782900000.0,1782910800.0,-1.2439,long,USDJPY,session_range_fade,1.5,1.6,48
1782964800.0,1782972000.0,-1.3228,long,USDJPY,session_range_fade,1.5,1.6,48
1776247200.0,1776304800.0,1.3077,short,USDJPY,session_range_fade,1.5,1.6,96
1776384000.0,1776427200.0,1.3254,short,USDJPY,session_range_fade,1.5,1.6,96
1776729600.0,1776762000.0,-1.1589,short,USDJPY,session_range_fade,1.5,1.6,96
1776776400.0,1776780000.0,-1.2114,short,USDJPY,session_range_fade,1.5,1.6,96
1776808800.0,1776938400.0,-1.1305,short,USDJPY,session_range_fade,1.5,1.6,96
1776956400.0,1776963600.0,1.3011,long,USDJPY,session_range_fade,1.5,1.6,96
1777024800.0,1777028400.0,-1.2872,long,USDJPY,session_range_fade,1.5,1.6,96
1777276800.0,1777338000.0,1.3029,long,USDJPY,session_range_fade,1.5,1.6,96
1777438800.0,1777464000.0,-1.3147,short,USDJPY,session_range_fade,1.5,1.6,96
1777518000.0,1777528800.0,-1.1682,short,USDJPY,session_range_fade,1.5,1.6,96
1777953600.0,1777971600.0,-1.1471,short,USDJPY,session_range_fade,1.5,1.6,96
1778022000.0,1778040000.0,-1.1867,long,USDJPY,session_range_fade,1.5,1.6,96
1778133600.0,1778169600.0,-1.1509,short,USDJPY,session_range_fade,1.5,1.6,96
1778173200.0,1778198400.0,-1.1554,short,USDJPY,session_range_fade,1.5,1.6,96
1778227200.0,1778457600.0,-1.1994,short,USDJPY,session_range_fade,1.5,1.6,96
1778461200.0,1778544000.0,-1.1688,short,USDJPY,session_range_fade,1.5,1.6,96
1778619600.0,1778662800.0,1.2728,long,USDJPY,session_range_fade,1.5,1.6,96
1778677200.0,1778731200.0,-1.2474,long,USDJPY,session_range_fade,1.5,1.6,96
1778842800.0,1778875200.0,-1.1896,short,USDJPY,session_range_fade,1.5,1.6,96
1779098400.0,1779102000.0,-1.2204,long,USDJPY,session_range_fade,1.5,1.6,96
1779112800.0,1779199200.0,1.3113,long,USDJPY,session_range_fade,1.5,1.6,96
1779246000.0,1779289200.0,-1.1796,long,USDJPY,session_range_fade,1.5,1.6,96
1779346800.0,1779368400.0,-1.2848,short,USDJPY,session_range_fade,1.5,1.6,96
1779462000.0,1779663600.0,1.1778,short,USDJPY,session_range_fade,1.5,1.6,96
1779714000.0,1779775200.0,1.1555,long,USDJPY,session_range_fade,1.5,1.6,96
1779829200.0,1779861600.0,-1.3874,short,USDJPY,session_range_fade,1.5,1.6,96
1779865200.0,1779890400.0,-1.3594,short,USDJPY,session_range_fade,1.5,1.6,96
1779948000.0,1779969600.0,-1.3515,long,USDJPY,session_range_fade,1.5,1.6,96
1780059600.0,1780066800.0,1.1417,short,USDJPY,session_range_fade,1.5,1.6,96
1780084800.0,1780272000.0,-1.3051,short,USDJPY,session_range_fade,1.5,1.6,96
1780448400.0,1780470000.0,-1.3352,long,USDJPY,session_range_fade,1.5,1.6,96
1780599600.0,1780660800.0,-1.3681,short,USDJPY,session_range_fade,1.5,1.6,96
1780898400.0,1780905600.0,1.2344,short,USDJPY,session_range_fade,1.5,1.6,96
1781060400.0,1781089200.0,-1.2996,short,USDJPY,session_range_fade,1.5,1.6,96
1781161200.0,1781197200.0,-1.4201,long,USDJPY,session_range_fade,1.5,1.6,96
1781524800.0,1781550000.0,-1.2502,short,USDJPY,session_range_fade,1.5,1.6,96
1781593200.0,1781618400.0,-1.247,short,USDJPY,session_range_fade,1.5,1.6,96
1781658000.0,1781679600.0,-1.3549,long,USDJPY,session_range_fade,1.5,1.6,96
1781708400.0,1781719200.0,1.2013,long,USDJPY,session_range_fade,1.5,1.6,96
1781773200.0,1781794800.0,-1.2229,short,USDJPY,session_range_fade,1.5,1.6,96
1781884800.0,1782100800.0,1.2587,long,USDJPY,session_range_fade,1.5,1.6,96
1782208800.0,1782288000.0,1.254,long,USDJPY,session_range_fade,1.5,1.6,96
1782334800.0,1782367200.0,-1.3388,short,USDJPY,session_range_fade,1.5,1.6,96
1782381600.0,1782396000.0,1.1781,short,USDJPY,session_range_fade,1.5,1.6,96
1782453600.0,1782460800.0,-1.3028,long,USDJPY,session_range_fade,1.5,1.6,96
1782694800.0,1782738000.0,-1.3444,short,USDJPY,session_range_fade,1.5,1.6,96
1782763200.0,1782777600.0,-1.4479,short,USDJPY,session_range_fade,1.5,1.6,96
1782900000.0,1782910800.0,-1.2439,long,USDJPY,session_range_fade,1.5,1.6,96
1782964800.0,1782972000.0,-1.3228,long,USDJPY,session_range_fade,1.5,1.6,96
1776247200.0,1776304800.0,1.3462,short,USDJPY,session_range_fade,1.5,2.0,24
1776384000.0,1776427200.0,1.3603,short,USDJPY,session_range_fade,1.5,2.0,24
1776729600.0,1776780000.0,-1.1271,short,USDJPY,session_range_fade,1.5,2.0,24
1776808800.0,1776895200.0,-0.2572,short,USDJPY,session_range_fade,1.5,2.0,24
1776931200.0,1777017600.0,-0.2937,short,USDJPY,session_range_fade,1.5,2.0,24
1777024800.0,1777028400.0,-1.2298,long,USDJPY,session_range_fade,1.5,2.0,24
1777276800.0,1777363200.0,1.3424,long,USDJPY,session_range_fade,1.5,2.0,24
1777438800.0,1777464000.0,-1.2518,short,USDJPY,session_range_fade,1.5,2.0,24
1777518000.0,1777532400.0,1.3655,short,USDJPY,session_range_fade,1.5,2.0,24
1777953600.0,1777971600.0,-1.1177,short,USDJPY,session_range_fade,1.5,2.0,24
1778022000.0,1778040000.0,-1.1493,long,USDJPY,session_range_fade,1.5,2.0,24
1778133600.0,1778173200.0,-1.1207,short,USDJPY,session_range_fade,1.5,2.0,24
1778176800.0,1778263200.0,0.0025,short,USDJPY,session_range_fade,1.5,2.0,24
1778266800.0,1778518800.0,1.3499,long,USDJPY,session_range_fade,1.5,2.0,24
1778533200.0,1778547600.0,1.295,long,USDJPY,session_range_fade,1.5,2.0,24
1778619600.0,1778706000.0,0.8874,long,USDJPY,session_range_fade,1.5,2.0,24
1778709600.0,1778731200.0,-1.211,long,USDJPY,session_range_fade,1.5,2.0,24
1778842800.0,1779058800.0,-1.1517,short,USDJPY,session_range_fade,1.5,2.0,24
1779098400.0,1779105600.0,-1.1763,long,USDJPY,session_range_fade,1.5,2.0,24
1779112800.0,1779199200.0,0.5491,long,USDJPY,session_range_fade,1.5,2.0,24
1779246000.0,1779332400.0,0.1457,long,USDJPY,session_range_fade,1.5,2.0,24
1779346800.0,1779368400.0,-1.2278,short,USDJPY,session_range_fade,1.5,2.0,24
1779462000.0,1779663600.0,1.2422,short,USDJPY,session_range_fade,1.5,2.0,24
1779714000.0,1779778800.0,1.2244,long,USDJPY,session_range_fade,1.5,2.0,24
1779829200.0,1779868800.0,-1.3099,short,USDJPY,session_range_fade,1.5,2.0,24
1779948000.0,1779969600.0,-1.2812,long,USDJPY,session_range_fade,1.5,2.0,24
1780059600.0,1780272000.0,-1.2867,short,USDJPY,session_range_fade,1.5,2.0,24
1780448400.0,1780470000.0,-1.2681,long,USDJPY,session_range_fade,1.5,2.0,24
1780599600.0,1780660800.0,-1.2945,short,USDJPY,session_range_fade,1.5,2.0,24
1780898400.0,1780905600.0,1.2875,short,USDJPY,session_range_fade,1.5,2.0,24
1781060400.0,1781121600.0,-1.2397,short,USDJPY,session_range_fade,1.5,2.0,24
1781161200.0,1781197200.0,-1.3361,long,USDJPY,session_range_fade,1.5,2.0,24
1781524800.0,1781550000.0,-1.2002,short,USDJPY,session_range_fade,1.5,2.0,24
1781593200.0,1781640000.0,-1.1976,short,USDJPY,session_range_fade,1.5,2.0,24
1781658000.0,1781683200.0,-1.2839,long,USDJPY,session_range_fade,1.5,2.0,24
1781708400.0,1781722800.0,1.261,long,USDJPY,session_range_fade,1.5,2.0,24
1781773200.0,1781794800.0,-1.1783,short,USDJPY,session_range_fade,1.5,2.0,24
1781884800.0,1782104400.0,1.307,long,USDJPY,session_range_fade,1.5,2.0,24
1782208800.0,1782295200.0,0.7336,long,USDJPY,session_range_fade,1.5,2.0,24
1782334800.0,1782385200.0,-1.2711,short,USDJPY,session_range_fade,1.5,2.0,24
1782453600.0,1782716400.0,0.3021,long,USDJPY,session_range_fade,1.5,2.0,24
1782720000.0,1782756000.0,-1.3889,short,USDJPY,session_range_fade,1.5,2.0,24
1782763200.0,1782777600.0,-1.3583,short,USDJPY,session_range_fade,1.5,2.0,24
1782900000.0,1782910800.0,-1.1951,long,USDJPY,session_range_fade,1.5,2.0,24
1782964800.0,1782972000.0,-1.2582,long,USDJPY,session_range_fade,1.5,2.0,24
1776247200.0,1776304800.0,1.3462,short,USDJPY,session_range_fade,1.5,2.0,48
1776384000.0,1776427200.0,1.3603,short,USDJPY,session_range_fade,1.5,2.0,48
1776729600.0,1776780000.0,-1.1271,short,USDJPY,session_range_fade,1.5,2.0,48
1776808800.0,1776981600.0,-0.7267,short,USDJPY,session_range_fade,1.5,2.0,48
1777024800.0,1777028400.0,-1.2298,long,USDJPY,session_range_fade,1.5,2.0,48
1777276800.0,1777363200.0,1.3424,long,USDJPY,session_range_fade,1.5,2.0,48
1777438800.0,1777464000.0,-1.2518,short,USDJPY,session_range_fade,1.5,2.0,48
1777518000.0,1777532400.0,1.3655,short,USDJPY,session_range_fade,1.5,2.0,48
1777953600.0,1777971600.0,-1.1177,short,USDJPY,session_range_fade,1.5,2.0,48
1778022000.0,1778040000.0,-1.1493,long,USDJPY,session_range_fade,1.5,2.0,48
1778133600.0,1778173200.0,-1.1207,short,USDJPY,session_range_fade,1.5,2.0,48
1778176800.0,1778464800.0,-1.118,short,USDJPY,session_range_fade,1.5,2.0,48
1778468400.0,1778547600.0,-1.1358,short,USDJPY,session_range_fade,1.5,2.0,48
1778619600.0,1778724000.0,1.3182,long,USDJPY,session_range_fade,1.5,2.0,48
1778727600.0,1778731200.0,-1.218,long,USDJPY,session_range_fade,1.5,2.0,48
1778842800.0,1779058800.0,-1.1517,short,USDJPY,session_range_fade,1.5,2.0,48
1779098400.0,1779105600.0,-1.1763,long,USDJPY,session_range_fade,1.5,2.0,48
1779112800.0,1779285600.0,-0.0591,long,USDJPY,session_range_fade,1.5,2.0,48
1779346800.0,1779368400.0,-1.2278,short,USDJPY,session_range_fade,1.5,2.0,48
1779462000.0,1779663600.0,1.2422,short,USDJPY,session_range_fade,1.5,2.0,48
1779714000.0,1779778800.0,1.2244,long,USDJPY,session_range_fade,1.5,2.0,48
1779829200.0,1779868800.0,-1.3099,short,USDJPY,session_range_fade,1.5,2.0,48
1779948000.0,1779969600.0,-1.2812,long,USDJPY,session_range_fade,1.5,2.0,48
1780059600.0,1780272000.0,-1.2867,short,USDJPY,session_range_fade,1.5,2.0,48
1780448400.0,1780470000.0,-1.2681,long,USDJPY,session_range_fade,1.5,2.0,48
1780599600.0,1780660800.0,-1.2945,short,USDJPY,session_range_fade,1.5,2.0,48
1780898400.0,1780905600.0,1.2875,short,USDJPY,session_range_fade,1.5,2.0,48
1781060400.0,1781121600.0,-1.2397,short,USDJPY,session_range_fade,1.5,2.0,48
1781161200.0,1781197200.0,-1.3361,long,USDJPY,session_range_fade,1.5,2.0,48
1781524800.0,1781550000.0,-1.2002,short,USDJPY,session_range_fade,1.5,2.0,48
1781593200.0,1781640000.0,-1.1976,short,USDJPY,session_range_fade,1.5,2.0,48
1781658000.0,1781683200.0,-1.2839,long,USDJPY,session_range_fade,1.5,2.0,48
1781708400.0,1781722800.0,1.261,long,USDJPY,session_range_fade,1.5,2.0,48
1781773200.0,1781794800.0,-1.1783,short,USDJPY,session_range_fade,1.5,2.0,48
1781884800.0,1782104400.0,1.307,long,USDJPY,session_range_fade,1.5,2.0,48
1782208800.0,1782324000.0,1.3032,long,USDJPY,session_range_fade,1.5,2.0,48
1782334800.0,1782385200.0,-1.2711,short,USDJPY,session_range_fade,1.5,2.0,48
1782453600.0,1782777600.0,1.2578,long,USDJPY,session_range_fade,1.5,2.0,48
1782900000.0,1782910800.0,-1.1951,long,USDJPY,session_range_fade,1.5,2.0,48
1782964800.0,1782972000.0,-1.2582,long,USDJPY,session_range_fade,1.5,2.0,48
1776247200.0,1776304800.0,1.3462,short,USDJPY,session_range_fade,1.5,2.0,96
1776384000.0,1776427200.0,1.3603,short,USDJPY,session_range_fade,1.5,2.0,96
1776729600.0,1776780000.0,-1.1271,short,USDJPY,session_range_fade,1.5,2.0,96
1776808800.0,1777334400.0,-0.2354,short,USDJPY,session_range_fade,1.5,2.0,96
1777438800.0,1777464000.0,-1.2518,short,USDJPY,session_range_fade,1.5,2.0,96
1777518000.0,1777532400.0,1.3655,short,USDJPY,session_range_fade,1.5,2.0,96
1777953600.0,1777971600.0,-1.1177,short,USDJPY,session_range_fade,1.5,2.0,96
1778022000.0,1778040000.0,-1.1493,long,USDJPY,session_range_fade,1.5,2.0,96
1778133600.0,1778173200.0,-1.1207,short,USDJPY,session_range_fade,1.5,2.0,96
1778176800.0,1778464800.0,-1.118,short,USDJPY,session_range_fade,1.5,2.0,96
1778468400.0,1778547600.0,-1.1358,short,USDJPY,session_range_fade,1.5,2.0,96
1778619600.0,1778724000.0,1.3182,long,USDJPY,session_range_fade,1.5,2.0,96
1778727600.0,1778731200.0,-1.218,long,USDJPY,session_range_fade,1.5,2.0,96
1778842800.0,1779058800.0,-1.1517,short,USDJPY,session_range_fade,1.5,2.0,96
1779098400.0,1779105600.0,-1.1763,long,USDJPY,session_range_fade,1.5,2.0,96
1779112800.0,1779368400.0,1.3491,long,USDJPY,session_range_fade,1.5,2.0,96
1779462000.0,1779663600.0,1.2422,short,USDJPY,session_range_fade,1.5,2.0,96
1779714000.0,1779778800.0,1.2244,long,USDJPY,session_range_fade,1.5,2.0,96
1779829200.0,1779868800.0,-1.3099,short,USDJPY,session_range_fade,1.5,2.0,96
1779948000.0,1779969600.0,-1.2812,long,USDJPY,session_range_fade,1.5,2.0,96
1780059600.0,1780272000.0,-1.2867,short,USDJPY,session_range_fade,1.5,2.0,96
1780448400.0,1780470000.0,-1.2681,long,USDJPY,session_range_fade,1.5,2.0,96
1780599600.0,1780660800.0,-1.2945,short,USDJPY,session_range_fade,1.5,2.0,96
1780898400.0,1780905600.0,1.2875,short,USDJPY,session_range_fade,1.5,2.0,96
1781060400.0,1781121600.0,-1.2397,short,USDJPY,session_range_fade,1.5,2.0,96
1781161200.0,1781197200.0,-1.3361,long,USDJPY,session_range_fade,1.5,2.0,96
1781524800.0,1781550000.0,-1.2002,short,USDJPY,session_range_fade,1.5,2.0,96
1781593200.0,1781640000.0,-1.1976,short,USDJPY,session_range_fade,1.5,2.0,96
1781658000.0,1781683200.0,-1.2839,long,USDJPY,session_range_fade,1.5,2.0,96
1781708400.0,1781722800.0,1.261,long,USDJPY,session_range_fade,1.5,2.0,96
1781773200.0,1781794800.0,-1.1783,short,USDJPY,session_range_fade,1.5,2.0,96
1781884800.0,1782104400.0,1.307,long,USDJPY,session_range_fade,1.5,2.0,96
1782208800.0,1782324000.0,1.3032,long,USDJPY,session_range_fade,1.5,2.0,96
1782334800.0,1782385200.0,-1.2711,short,USDJPY,session_range_fade,1.5,2.0,96
1782453600.0,1782777600.0,1.2578,long,USDJPY,session_range_fade,1.5,2.0,96
1782900000.0,1782910800.0,-1.1951,long,USDJPY,session_range_fade,1.5,2.0,96
1782964800.0,1782972000.0,-1.2582,long,USDJPY,session_range_fade,1.5,2.0,96
1776247200.0,1776308400.0,1.3769,short,USDJPY,session_range_fade,1.5,2.5,24
1776384000.0,1776427200.0,1.3882,short,USDJPY,session_range_fade,1.5,2.5,24
1776729600.0,1776783600.0,-1.1017,short,USDJPY,session_range_fade,1.5,2.5,24
1776808800.0,1776895200.0,-0.2058,short,USDJPY,session_range_fade,1.5,2.5,24
1776931200.0,1777017600.0,-0.2349,short,USDJPY,session_range_fade,1.5,2.5,24
1777024800.0,1777028400.0,-1.1838,long,USDJPY,session_range_fade,1.5,2.5,24
1777276800.0,1777363200.0,0.7377,long,USDJPY,session_range_fade,1.5,2.5,24
1777438800.0,1777464000.0,-1.2014,short,USDJPY,session_range_fade,1.5,2.5,24
1777518000.0,1777536000.0,1.3924,short,USDJPY,session_range_fade,1.5,2.5,24
1777953600.0,1777971600.0,-1.0942,short,USDJPY,session_range_fade,1.5,2.5,24
1778022000.0,1778040000.0,-1.1195,long,USDJPY,session_range_fade,1.5,2.5,24
1778133600.0,1778173200.0,-1.0966,short,USDJPY,session_range_fade,1.5,2.5,24
1778176800.0,1778263200.0,0.002,short,USDJPY,session_range_fade,1.5,2.5,24
1778266800.0,1778533200.0,0.8226,long,USDJPY,session_range_fade,1.5,2.5,24
1778540400.0,1778547600.0,-1.1755,short,USDJPY,session_range_fade,1.5,2.5,24
1778619600.0,1778706000.0,0.7099,long,USDJPY,session_range_fade,1.5,2.5,24
1778709600.0,1778731200.0,-1.1688,long,USDJPY,session_range_fade,1.5,2.5,24
1778842800.0,1779062400.0,-1.1214,short,USDJPY,session_range_fade,1.5,2.5,24
1779098400.0,1779184800.0,0.3648,long,USDJPY,session_range_fade,1.5,2.5,24
1779246000.0,1779332400.0,0.1166,long,USDJPY,session_range_fade,1.5,2.5,24
1779346800.0,1779368400.0,-1.1822,short,USDJPY,session_range_fade,1.5,2.5,24
1779462000.0,1779663600.0,1.2938,short,USDJPY,session_range_fade,1.5,2.5,24
1779714000.0,1779782400.0,1.2795,long,USDJPY,session_range_fade,1.5,2.5,24
1779829200.0,1779868800.0,-1.2479,short,USDJPY,session_range_fade,1.5,2.5,24
1779948000.0,1779976800.0,-1.225,long,USDJPY,session_range_fade,1.5,2.5,24
1780059600.0,1780318800.0,-1.2293,short,USDJPY,session_range_fade,1.5,2.5,24
1780448400.0,1780470000.0,-1.2145,long,USDJPY,session_range_fade,1.5,2.5,24
1780599600.0,1780660800.0,-1.2356,short,USDJPY,session_range_fade,1.5,2.5,24
1780898400.0,1780984800.0,0.1482,short,USDJPY,session_range_fade,1.5,2.5,24
1781060400.0,1781146800.0,-0.8056,short,USDJPY,session_range_fade,1.5,2.5,24
1781161200.0,1781197200.0,-1.2689,long,USDJPY,session_range_fade,1.5,2.5,24
1781524800.0,1781611200.0,-0.7801,short,USDJPY,session_range_fade,1.5,2.5,24
1781658000.0,1781683200.0,-1.2271,long,USDJPY,session_range_fade,1.5,2.5,24
1781708400.0,1781722800.0,1.3088,long,USDJPY,session_range_fade,1.5,2.5,24
1781773200.0,1781794800.0,-1.1426,short,USDJPY,session_range_fade,1.5,2.5,24
1781884800.0,1782133200.0,1.3456,long,USDJPY,session_range_fade,1.5,2.5,24
1782208800.0,1782295200.0,0.5869,long,USDJPY,session_range_fade,1.5,2.5,24
1782334800.0,1782421200.0,-0.199,short,USDJPY,session_range_fade,1.5,2.5,24
1782453600.0,1782716400.0,0.2416,long,USDJPY,session_range_fade,1.5,2.5,24
1782720000.0,1782777600.0,-1.3111,short,USDJPY,session_range_fade,1.5,2.5,24
1782900000.0,1782910800.0,-1.1561,long,USDJPY,session_range_fade,1.5,2.5,24
1782964800.0,1782972000.0,-1.2066,long,USDJPY,session_range_fade,1.5,2.5,24
1776247200.0,1776308400.0,1.3769,short,USDJPY,session_range_fade,1.5,2.5,48
1776384000.0,1776427200.0,1.3882,short,USDJPY,session_range_fade,1.5,2.5,48
1776729600.0,1776783600.0,-1.1017,short,USDJPY,session_range_fade,1.5,2.5,48
1776808800.0,1776981600.0,-0.5813,short,USDJPY,session_range_fade,1.5,2.5,48
1777024800.0,1777028400.0,-1.1838,long,USDJPY,session_range_fade,1.5,2.5,48
1777276800.0,1777374000.0,1.3739,long,USDJPY,session_range_fade,1.5,2.5,48
1777438800.0,1777464000.0,-1.2014,short,USDJPY,session_range_fade,1.5,2.5,48
1777518000.0,1777536000.0,1.3924,short,USDJPY,session_range_fade,1.5,2.5,48
1777953600.0,1777971600.0,-1.0942,short,USDJPY,session_range_fade,1.5,2.5,48
1778022000.0,1778040000.0,-1.1195,long,USDJPY,session_range_fade,1.5,2.5,48
1778133600.0,1778173200.0,-1.0966,short,USDJPY,session_range_fade,1.5,2.5,48
1778176800.0,1778526000.0,-1.0944,short,USDJPY,session_range_fade,1.5,2.5,48
1778533200.0,1778547600.0,1.336,long,USDJPY,session_range_fade,1.5,2.5,48
1778619600.0,1778763600.0,1.3546,long,USDJPY,session_range_fade,1.5,2.5,48
1778842800.0,1779062400.0,-1.1214,short,USDJPY,session_range_fade,1.5,2.5,48
1779098400.0,1779271200.0,0.0572,long,USDJPY,session_range_fade,1.5,2.5,48
1779285600.0,1779458400.0,0.522,long,USDJPY,session_range_fade,1.5,2.5,48
1779462000.0,1779663600.0,1.2938,short,USDJPY,session_range_fade,1.5,2.5,48
1779714000.0,1779782400.0,1.2795,long,USDJPY,session_range_fade,1.5,2.5,48
1779829200.0,1779868800.0,-1.2479,short,USDJPY,session_range_fade,1.5,2.5,48
1779948000.0,1779976800.0,-1.225,long,USDJPY,session_range_fade,1.5,2.5,48
1780059600.0,1780318800.0,-1.2293,short,USDJPY,session_range_fade,1.5,2.5,48
1780448400.0,1780470000.0,-1.2145,long,USDJPY,session_range_fade,1.5,2.5,48
1780599600.0,1780660800.0,-1.2356,short,USDJPY,session_range_fade,1.5,2.5,48
1780898400.0,1781071200.0,-0.5943,short,USDJPY,session_range_fade,1.5,2.5,48
1781078400.0,1781197200.0,1.2419,short,USDJPY,session_range_fade,1.5,2.5,48
1781524800.0,1781618400.0,-1.1601,short,USDJPY,session_range_fade,1.5,2.5,48
1781658000.0,1781683200.0,-1.2271,long,USDJPY,session_range_fade,1.5,2.5,48
1781708400.0,1781722800.0,1.3088,long,USDJPY,session_range_fade,1.5,2.5,48
1781773200.0,1781794800.0,-1.1426,short,USDJPY,session_range_fade,1.5,2.5,48
1781884800.0,1782133200.0,1.3456,long,USDJPY,session_range_fade,1.5,2.5,48
1782208800.0,1782381600.0,1.2207,long,USDJPY,session_range_fade,1.5,2.5,48
1782453600.0,1782777600.0,1.3062,long,USDJPY,session_range_fade,1.5,2.5,48
1782900000.0,1782910800.0,-1.1561,long,USDJPY,session_range_fade,1.5,2.5,48
1782964800.0,1782972000.0,-1.2066,long,USDJPY,session_range_fade,1.5,2.5,48
1776247200.0,1776308400.0,1.3769,short,USDJPY,session_range_fade,1.5,2.5,96
1776384000.0,1776427200.0,1.3882,short,USDJPY,session_range_fade,1.5,2.5,96
1776729600.0,1776783600.0,-1.1017,short,USDJPY,session_range_fade,1.5,2.5,96
1776808800.0,1777334400.0,-0.1883,short,USDJPY,session_range_fade,1.5,2.5,96
1777438800.0,1777464000.0,-1.2014,short,USDJPY,session_range_fade,1.5,2.5,96
1777518000.0,1777536000.0,1.3924,short,USDJPY,session_range_fade,1.5,2.5,96
1777953600.0,1777971600.0,-1.0942,short,USDJPY,session_range_fade,1.5,2.5,96
1778022000.0,1778040000.0,-1.1195,long,USDJPY,session_range_fade,1.5,2.5,96
1778133600.0,1778173200.0,-1.0966,short,USDJPY,session_range_fade,1.5,2.5,96
1778176800.0,1778526000.0,-1.0944,short,USDJPY,session_range_fade,1.5,2.5,96
1778533200.0,1778547600.0,1.336,long,USDJPY,session_range_fade,1.5,2.5,96
1778619600.0,1778763600.0,1.3546,long,USDJPY,session_range_fade,1.5,2.5,96
1778842800.0,1779062400.0,-1.1214,short,USDJPY,session_range_fade,1.5,2.5,96
1779098400.0,1779289200.0,-1.141,long,USDJPY,session_range_fade,1.5,2.5,96
1779346800.0,1779368400.0,-1.1822,short,USDJPY,session_range_fade,1.5,2.5,96
1779462000.0,1779663600.0,1.2938,short,USDJPY,session_range_fade,1.5,2.5,96
1779714000.0,1779782400.0,1.2795,long,USDJPY,session_range_fade,1.5,2.5,96
1779829200.0,1779868800.0,-1.2479,short,USDJPY,session_range_fade,1.5,2.5,96
1779948000.0,1779976800.0,-1.225,long,USDJPY,session_range_fade,1.5,2.5,96
1780059600.0,1780318800.0,-1.2293,short,USDJPY,session_range_fade,1.5,2.5,96
1780448400.0,1780470000.0,-1.2145,long,USDJPY,session_range_fade,1.5,2.5,96
1780599600.0,1780660800.0,-1.2356,short,USDJPY,session_range_fade,1.5,2.5,96
1780898400.0,1781110800.0,-1.17,short,USDJPY,session_range_fade,1.5,2.5,96
1781161200.0,1781197200.0,-1.2689,long,USDJPY,session_range_fade,1.5,2.5,96
1781524800.0,1781618400.0,-1.1601,short,USDJPY,session_range_fade,1.5,2.5,96
1781658000.0,1781683200.0,-1.2271,long,USDJPY,session_range_fade,1.5,2.5,96
1781708400.0,1781722800.0,1.3088,long,USDJPY,session_range_fade,1.5,2.5,96
1781773200.0,1781794800.0,-1.1426,short,USDJPY,session_range_fade,1.5,2.5,96
1781884800.0,1782133200.0,1.3456,long,USDJPY,session_range_fade,1.5,2.5,96
1782208800.0,1782385200.0,1.3426,long,USDJPY,session_range_fade,1.5,2.5,96
1782453600.0,1782777600.0,1.3062,long,USDJPY,session_range_fade,1.5,2.5,96
1782900000.0,1782910800.0,-1.1561,long,USDJPY,session_range_fade,1.5,2.5,96
1782964800.0,1782972000.0,-1.2066,long,USDJPY,session_range_fade,1.5,2.5,96
1776247200.0,1776304800.0,1.7633,short,USDJPY,session_range_fade,2.0,1.3,24
1776384000.0,1776427200.0,1.7851,short,USDJPY,session_range_fade,2.0,1.3,24
1776729600.0,1776758400.0,-1.1955,short,USDJPY,session_range_fade,2.0,1.3,24
1776776400.0,1776780000.0,-1.2602,short,USDJPY,session_range_fade,2.0,1.3,24
1776808800.0,1776895200.0,-0.3957,short,USDJPY,session_range_fade,2.0,1.3,24
1776931200.0,1776956400.0,1.7389,short,USDJPY,session_range_fade,2.0,1.3,24
1776960000.0,1776963600.0,1.7368,long,USDJPY,session_range_fade,2.0,1.3,24
1777024800.0,1777028400.0,-1.3535,long,USDJPY,session_range_fade,2.0,1.3,24
1777276800.0,1777338000.0,1.7575,long,USDJPY,session_range_fade,2.0,1.3,24
1777438800.0,1777453200.0,-1.3874,short,USDJPY,session_range_fade,2.0,1.3,24
1777518000.0,1777528800.0,-1.207,short,USDJPY,session_range_fade,2.0,1.3,24
1777953600.0,1777971600.0,-1.1811,short,USDJPY,session_range_fade,2.0,1.3,24
1778022000.0,1778040000.0,-1.2298,long,USDJPY,session_range_fade,2.0,1.3,24
1778133600.0,1778169600.0,-1.1857,short,USDJPY,session_range_fade,2.0,1.3,24
1778173200.0,1778184000.0,-1.1912,short,USDJPY,session_range_fade,2.0,1.3,24
1778227200.0,1778454000.0,-1.2454,short,USDJPY,session_range_fade,2.0,1.3,24
1778461200.0,1778544000.0,-1.2078,short,USDJPY,session_range_fade,2.0,1.3,24
1778619600.0,1778662800.0,1.7203,long,USDJPY,session_range_fade,2.0,1.3,24
1778677200.0,1778731200.0,-1.3045,long,USDJPY,session_range_fade,2.0,1.3,24
1778842800.0,1778871600.0,-1.2334,short,USDJPY,session_range_fade,2.0,1.3,24
1779098400.0,1779102000.0,-1.2712,long,USDJPY,session_range_fade,2.0,1.3,24
1779112800.0,1779199200.0,0.8448,long,USDJPY,session_range_fade,2.0,1.3,24
1779246000.0,1779289200.0,-1.221,long,USDJPY,session_range_fade,2.0,1.3,24
1779346800.0,1779361200.0,-1.3505,short,USDJPY,session_range_fade,2.0,1.3,24
1779462000.0,1779663600.0,1.6034,short,USDJPY,session_range_fade,2.0,1.3,24
1779714000.0,1779778800.0,1.576,long,USDJPY,session_range_fade,2.0,1.3,24
1779829200.0,1779858000.0,-1.4768,short,USDJPY,session_range_fade,2.0,1.3,24
1779861600.0,1779890400.0,-1.4294,short,USDJPY,session_range_fade,2.0,1.3,24
1779948000.0,1779958800.0,-1.4326,long,USDJPY,session_range_fade,2.0,1.3,24
1780059600.0,1780272000.0,-1.441,short,USDJPY,session_range_fade,2.0,1.3,24
1780448400.0,1780470000.0,-1.4125,long,USDJPY,session_range_fade,2.0,1.3,24
1780599600.0,1780660800.0,-1.4531,short,USDJPY,session_range_fade,2.0,1.3,24
1780898400.0,1780905600.0,1.6731,short,USDJPY,session_range_fade,2.0,1.3,24
1781060400.0,1781089200.0,-1.3687,short,USDJPY,session_range_fade,2.0,1.3,24
1781161200.0,1781197200.0,-1.517,long,USDJPY,session_range_fade,2.0,1.3,24
1781524800.0,1781546400.0,-1.3079,short,USDJPY,session_range_fade,2.0,1.3,24
1781593200.0,1781614800.0,-1.304,short,USDJPY,session_range_fade,2.0,1.3,24
1781658000.0,1781679600.0,-1.4368,long,USDJPY,session_range_fade,2.0,1.3,24
1781708400.0,1781719200.0,1.6324,long,USDJPY,session_range_fade,2.0,1.3,24
1781773200.0,1781794800.0,-1.2743,short,USDJPY,session_range_fade,2.0,1.3,24
1781884800.0,1782100800.0,1.703,long,USDJPY,session_range_fade,2.0,1.3,24
1782208800.0,1782291600.0,1.6973,long,USDJPY,session_range_fade,2.0,1.3,24
1782334800.0,1782367200.0,-1.417,short,USDJPY,session_range_fade,2.0,1.3,24
1782381600.0,1782396000.0,1.6038,short,USDJPY,session_range_fade,2.0,1.3,24
1782453600.0,1782460800.0,-1.3727,long,USDJPY,session_range_fade,2.0,1.3,24
1782694800.0,1782734400.0,-1.4239,short,USDJPY,session_range_fade,2.0,1.3,24
1782763200.0,1782777600.0,-1.5512,short,USDJPY,session_range_fade,2.0,1.3,24
1782900000.0,1782910800.0,-1.3002,long,USDJPY,session_range_fade,2.0,1.3,24
1782964800.0,1782972000.0,-1.3973,long,USDJPY,session_range_fade,2.0,1.3,24
1776247200.0,1776304800.0,1.7633,short,USDJPY,session_range_fade,2.0,1.3,48
1776384000.0,1776427200.0,1.7851,short,USDJPY,session_range_fade,2.0,1.3,48
1776729600.0,1776758400.0,-1.1955,short,USDJPY,session_range_fade,2.0,1.3,48
1776776400.0,1776780000.0,-1.2602,short,USDJPY,session_range_fade,2.0,1.3,48
1776808800.0,1776934800.0,-1.1606,short,USDJPY,session_range_fade,2.0,1.3,48
1776956400.0,1776963600.0,1.7552,long,USDJPY,session_range_fade,2.0,1.3,48
1777024800.0,1777028400.0,-1.3535,long,USDJPY,session_range_fade,2.0,1.3,48
1777276800.0,1777338000.0,1.7575,long,USDJPY,session_range_fade,2.0,1.3,48
1777438800.0,1777453200.0,-1.3874,short,USDJPY,session_range_fade,2.0,1.3,48
1777518000.0,1777528800.0,-1.207,short,USDJPY,session_range_fade,2.0,1.3,48
1777953600.0,1777971600.0,-1.1811,short,USDJPY,session_range_fade,2.0,1.3,48
1778022000.0,1778040000.0,-1.2298,long,USDJPY,session_range_fade,2.0,1.3,48
1778133600.0,1778169600.0,-1.1857,short,USDJPY,session_range_fade,2.0,1.3,48
1778173200.0,1778184000.0,-1.1912,short,USDJPY,session_range_fade,2.0,1.3,48
1778227200.0,1778454000.0,-1.2454,short,USDJPY,session_range_fade,2.0,1.3,48
1778461200.0,1778544000.0,-1.2078,short,USDJPY,session_range_fade,2.0,1.3,48
1778619600.0,1778662800.0,1.7203,long,USDJPY,session_range_fade,2.0,1.3,48
1778677200.0,1778731200.0,-1.3045,long,USDJPY,session_range_fade,2.0,1.3,48
1778842800.0,1778871600.0,-1.2334,short,USDJPY,session_range_fade,2.0,1.3,48
1779098400.0,1779102000.0,-1.2712,long,USDJPY,session_range_fade,2.0,1.3,48
1779112800.0,1779285600.0,-0.0909,long,USDJPY,session_range_fade,2.0,1.3,48
1779346800.0,1779361200.0,-1.3505,short,USDJPY,session_range_fade,2.0,1.3,48
1779462000.0,1779663600.0,1.6034,short,USDJPY,session_range_fade,2.0,1.3,48
1779714000.0,1779778800.0,1.576,long,USDJPY,session_range_fade,2.0,1.3,48
1779829200.0,1779858000.0,-1.4768,short,USDJPY,session_range_fade,2.0,1.3,48
1779861600.0,1779890400.0,-1.4294,short,USDJPY,session_range_fade,2.0,1.3,48
1779948000.0,1779958800.0,-1.4326,long,USDJPY,session_range_fade,2.0,1.3,48
1780059600.0,1780272000.0,-1.441,short,USDJPY,session_range_fade,2.0,1.3,48
1780448400.0,1780470000.0,-1.4125,long,USDJPY,session_range_fade,2.0,1.3,48
1780599600.0,1780660800.0,-1.4531,short,USDJPY,session_range_fade,2.0,1.3,48
1780898400.0,1780905600.0,1.6731,short,USDJPY,session_range_fade,2.0,1.3,48
1781060400.0,1781089200.0,-1.3687,short,USDJPY,session_range_fade,2.0,1.3,48
1781161200.0,1781197200.0,-1.517,long,USDJPY,session_range_fade,2.0,1.3,48
1781524800.0,1781546400.0,-1.3079,short,USDJPY,session_range_fade,2.0,1.3,48
1781593200.0,1781614800.0,-1.304,short,USDJPY,session_range_fade,2.0,1.3,48
1781658000.0,1781679600.0,-1.4368,long,USDJPY,session_range_fade,2.0,1.3,48
1781708400.0,1781719200.0,1.6324,long,USDJPY,session_range_fade,2.0,1.3,48
1781773200.0,1781794800.0,-1.2743,short,USDJPY,session_range_fade,2.0,1.3,48
1781884800.0,1782100800.0,1.703,long,USDJPY,session_range_fade,2.0,1.3,48
1782208800.0,1782291600.0,1.6973,long,USDJPY,session_range_fade,2.0,1.3,48
1782334800.0,1782367200.0,-1.417,short,USDJPY,session_range_fade,2.0,1.3,48
1782381600.0,1782396000.0,1.6038,short,USDJPY,session_range_fade,2.0,1.3,48
1782453600.0,1782460800.0,-1.3727,long,USDJPY,session_range_fade,2.0,1.3,48
1782694800.0,1782734400.0,-1.4239,short,USDJPY,session_range_fade,2.0,1.3,48
1782763200.0,1782777600.0,-1.5512,short,USDJPY,session_range_fade,2.0,1.3,48
1782900000.0,1782910800.0,-1.3002,long,USDJPY,session_range_fade,2.0,1.3,48
1782964800.0,1782972000.0,-1.3973,long,USDJPY,session_range_fade,2.0,1.3,48
1776247200.0,1776304800.0,1.7633,short,USDJPY,session_range_fade,2.0,1.3,96
1776384000.0,1776427200.0,1.7851,short,USDJPY,session_range_fade,2.0,1.3,96
1776729600.0,1776758400.0,-1.1955,short,USDJPY,session_range_fade,2.0,1.3,96
1776776400.0,1776780000.0,-1.2602,short,USDJPY,session_range_fade,2.0,1.3,96
1776808800.0,1776934800.0,-1.1606,short,USDJPY,session_range_fade,2.0,1.3,96
1776956400.0,1776963600.0,1.7552,long,USDJPY,session_range_fade,2.0,1.3,96
1777024800.0,1777028400.0,-1.3535,long,USDJPY,session_range_fade,2.0,1.3,96
1777276800.0,1777338000.0,1.7575,long,USDJPY,session_range_fade,2.0,1.3,96
1777438800.0,1777453200.0,-1.3874,short,USDJPY,session_range_fade,2.0,1.3,96
1777518000.0,1777528800.0,-1.207,short,USDJPY,session_range_fade,2.0,1.3,96
1777953600.0,1777971600.0,-1.1811,short,USDJPY,session_range_fade,2.0,1.3,96
1778022000.0,1778040000.0,-1.2298,long,USDJPY,session_range_fade,2.0,1.3,96
1778133600.0,1778169600.0,-1.1857,short,USDJPY,session_range_fade,2.0,1.3,96
1778173200.0,1778184000.0,-1.1912,short,USDJPY,session_range_fade,2.0,1.3,96
1778227200.0,1778454000.0,-1.2454,short,USDJPY,session_range_fade,2.0,1.3,96
1778461200.0,1778544000.0,-1.2078,short,USDJPY,session_range_fade,2.0,1.3,96
1778619600.0,1778662800.0,1.7203,long,USDJPY,session_range_fade,2.0,1.3,96
1778677200.0,1778731200.0,-1.3045,long,USDJPY,session_range_fade,2.0,1.3,96
1778842800.0,1778871600.0,-1.2334,short,USDJPY,session_range_fade,2.0,1.3,96
1779098400.0,1779102000.0,-1.2712,long,USDJPY,session_range_fade,2.0,1.3,96
1779112800.0,1779289200.0,-1.2322,long,USDJPY,session_range_fade,2.0,1.3,96
1779346800.0,1779361200.0,-1.3505,short,USDJPY,session_range_fade,2.0,1.3,96
1779462000.0,1779663600.0,1.6034,short,USDJPY,session_range_fade,2.0,1.3,96
1779714000.0,1779778800.0,1.576,long,USDJPY,session_range_fade,2.0,1.3,96
1779829200.0,1779858000.0,-1.4768,short,USDJPY,session_range_fade,2.0,1.3,96
1779861600.0,1779890400.0,-1.4294,short,USDJPY,session_range_fade,2.0,1.3,96
1779948000.0,1779958800.0,-1.4326,long,USDJPY,session_range_fade,2.0,1.3,96
1780059600.0,1780272000.0,-1.441,short,USDJPY,session_range_fade,2.0,1.3,96
1780448400.0,1780470000.0,-1.4125,long,USDJPY,session_range_fade,2.0,1.3,96
1780599600.0,1780660800.0,-1.4531,short,USDJPY,session_range_fade,2.0,1.3,96
1780898400.0,1780905600.0,1.6731,short,USDJPY,session_range_fade,2.0,1.3,96
1781060400.0,1781089200.0,-1.3687,short,USDJPY,session_range_fade,2.0,1.3,96
1781161200.0,1781197200.0,-1.517,long,USDJPY,session_range_fade,2.0,1.3,96
1781524800.0,1781546400.0,-1.3079,short,USDJPY,session_range_fade,2.0,1.3,96
1781593200.0,1781614800.0,-1.304,short,USDJPY,session_range_fade,2.0,1.3,96
1781658000.0,1781679600.0,-1.4368,long,USDJPY,session_range_fade,2.0,1.3,96
1781708400.0,1781719200.0,1.6324,long,USDJPY,session_range_fade,2.0,1.3,96
1781773200.0,1781794800.0,-1.2743,short,USDJPY,session_range_fade,2.0,1.3,96
1781884800.0,1782100800.0,1.703,long,USDJPY,session_range_fade,2.0,1.3,96
1782208800.0,1782291600.0,1.6973,long,USDJPY,session_range_fade,2.0,1.3,96
1782334800.0,1782367200.0,-1.417,short,USDJPY,session_range_fade,2.0,1.3,96
1782381600.0,1782396000.0,1.6038,short,USDJPY,session_range_fade,2.0,1.3,96
1782453600.0,1782460800.0,-1.3727,long,USDJPY,session_range_fade,2.0,1.3,96
1782694800.0,1782734400.0,-1.4239,short,USDJPY,session_range_fade,2.0,1.3,96
1782763200.0,1782777600.0,-1.5512,short,USDJPY,session_range_fade,2.0,1.3,96
1782900000.0,1782910800.0,-1.3002,long,USDJPY,session_range_fade,2.0,1.3,96
1782964800.0,1782972000.0,-1.3973,long,USDJPY,session_range_fade,2.0,1.3,96
1776247200.0,1776308400.0,1.8077,short,USDJPY,session_range_fade,2.0,1.6,24
1776384000.0,1776427200.0,1.8254,short,USDJPY,session_range_fade,2.0,1.6,24
1776729600.0,1776762000.0,-1.1589,short,USDJPY,session_range_fade,2.0,1.6,24
1776776400.0,1776780000.0,-1.2114,short,USDJPY,session_range_fade,2.0,1.6,24
1776808800.0,1776895200.0,-0.3215,short,USDJPY,session_range_fade,2.0,1.6,24
1776931200.0,1777017600.0,-0.3671,short,USDJPY,session_range_fade,2.0,1.6,24
1777024800.0,1777028400.0,-1.2872,long,USDJPY,session_range_fade,2.0,1.6,24
1777276800.0,1777363200.0,1.8029,long,USDJPY,session_range_fade,2.0,1.6,24
1777438800.0,1777464000.0,-1.3147,short,USDJPY,session_range_fade,2.0,1.6,24
1777518000.0,1777528800.0,-1.1682,short,USDJPY,session_range_fade,2.0,1.6,24
1777953600.0,1777971600.0,-1.1471,short,USDJPY,session_range_fade,2.0,1.6,24
1778022000.0,1778040000.0,-1.1867,long,USDJPY,session_range_fade,2.0,1.6,24
1778133600.0,1778169600.0,-1.1509,short,USDJPY,session_range_fade,2.0,1.6,24
1778173200.0,1778198400.0,-1.1554,short,USDJPY,session_range_fade,2.0,1.6,24
1778227200.0,1778457600.0,-1.1994,short,USDJPY,session_range_fade,2.0,1.6,24
1778461200.0,1778544000.0,-1.1688,short,USDJPY,session_range_fade,2.0,1.6,24
1778619600.0,1778706000.0,1.1093,long,USDJPY,session_range_fade,2.0,1.6,24
1778709600.0,1778731200.0,-1.2638,long,USDJPY,session_range_fade,2.0,1.6,24
1778842800.0,1778875200.0,-1.1896,short,USDJPY,session_range_fade,2.0,1.6,24
1779098400.0,1779102000.0,-1.2204,long,USDJPY,session_range_fade,2.0,1.6,24
1779112800.0,1779199200.0,0.6864,long,USDJPY,session_range_fade,2.0,1.6,24
1779246000.0,1779289200.0,-1.1796,long,USDJPY,session_range_fade,2.0,1.6,24
1779346800.0,1779368400.0,-1.2848,short,USDJPY,session_range_fade,2.0,1.6,24
1779462000.0,1779663600.0,1.6778,short,USDJPY,session_range_fade,2.0,1.6,24
1779714000.0,1779778800.0,1.6555,long,USDJPY,session_range_fade,2.0,1.6,24
1779829200.0,1779861600.0,-1.3874,short,USDJPY,session_range_fade,2.0,1.6,24
1779865200.0,1779890400.0,-1.3594,short,USDJPY,session_range_fade,2.0,1.6,24
1779948000.0,1779969600.0,-1.3515,long,USDJPY,session_range_fade,2.0,1.6,24
1780059600.0,1780272000.0,-1.3583,short,USDJPY,session_range_fade,2.0,1.6,24
1780448400.0,1780470000.0,-1.3352,long,USDJPY,session_range_fade,2.0,1.6,24
1780599600.0,1780660800.0,-1.3681,short,USDJPY,session_range_fade,2.0,1.6,24
1780898400.0,1780905600.0,1.7344,short,USDJPY,session_range_fade,2.0,1.6,24
1781060400.0,1781089200.0,-1.2996,short,USDJPY,session_range_fade,2.0,1.6,24
1781161200.0,1781197200.0,-1.4201,long,USDJPY,session_range_fade,2.0,1.6,24
1781524800.0,1781550000.0,-1.2502,short,USDJPY,session_range_fade,2.0,1.6,24
1781593200.0,1781618400.0,-1.247,short,USDJPY,session_range_fade,2.0,1.6,24
1781658000.0,1781679600.0,-1.3549,long,USDJPY,session_range_fade,2.0,1.6,24
1781708400.0,1781722800.0,1.7013,long,USDJPY,session_range_fade,2.0,1.6,24
1781773200.0,1781794800.0,-1.2229,short,USDJPY,session_range_fade,2.0,1.6,24
1781884800.0,1782111600.0,1.7587,long,USDJPY,session_range_fade,2.0,1.6,24
1782208800.0,1782295200.0,0.917,long,USDJPY,session_range_fade,2.0,1.6,24
1782334800.0,1782367200.0,-1.3388,short,USDJPY,session_range_fade,2.0,1.6,24
1782381600.0,1782396000.0,1.6781,short,USDJPY,session_range_fade,2.0,1.6,24
1782453600.0,1782460800.0,-1.3028,long,USDJPY,session_range_fade,2.0,1.6,24
1782694800.0,1782738000.0,-1.3444,short,USDJPY,session_range_fade,2.0,1.6,24
1782763200.0,1782777600.0,-1.4479,short,USDJPY,session_range_fade,2.0,1.6,24
1782900000.0,1782910800.0,-1.2439,long,USDJPY,session_range_fade,2.0,1.6,24
1782964800.0,1782972000.0,-1.3228,long,USDJPY,session_range_fade,2.0,1.6,24
1776247200.0,1776308400.0,1.8077,short,USDJPY,session_range_fade,2.0,1.6,48
1776384000.0,1776427200.0,1.8254,short,USDJPY,session_range_fade,2.0,1.6,48
1776729600.0,1776762000.0,-1.1589,short,USDJPY,session_range_fade,2.0,1.6,48
1776776400.0,1776780000.0,-1.2114,short,USDJPY,session_range_fade,2.0,1.6,48
1776808800.0,1776938400.0,-1.1305,short,USDJPY,session_range_fade,2.0,1.6,48
1776956400.0,1777258800.0,-1.1989,long,USDJPY,session_range_fade,2.0,1.6,48
1777276800.0,1777363200.0,1.8029,long,USDJPY,session_range_fade,2.0,1.6,48
1777438800.0,1777464000.0,-1.3147,short,USDJPY,session_range_fade,2.0,1.6,48
1777518000.0,1777528800.0,-1.1682,short,USDJPY,session_range_fade,2.0,1.6,48
1777953600.0,1777971600.0,-1.1471,short,USDJPY,session_range_fade,2.0,1.6,48
1778022000.0,1778040000.0,-1.1867,long,USDJPY,session_range_fade,2.0,1.6,48
1778133600.0,1778169600.0,-1.1509,short,USDJPY,session_range_fade,2.0,1.6,48
1778173200.0,1778198400.0,-1.1554,short,USDJPY,session_range_fade,2.0,1.6,48
1778227200.0,1778457600.0,-1.1994,short,USDJPY,session_range_fade,2.0,1.6,48
1778461200.0,1778544000.0,-1.1688,short,USDJPY,session_range_fade,2.0,1.6,48
1778619600.0,1778727600.0,1.7728,long,USDJPY,session_range_fade,2.0,1.6,48
1778842800.0,1778875200.0,-1.1896,short,USDJPY,session_range_fade,2.0,1.6,48
1779098400.0,1779102000.0,-1.2204,long,USDJPY,session_range_fade,2.0,1.6,48
1779112800.0,1779285600.0,-0.0738,long,USDJPY,session_range_fade,2.0,1.6,48
1779346800.0,1779368400.0,-1.2848,short,USDJPY,session_range_fade,2.0,1.6,48
1779462000.0,1779663600.0,1.6778,short,USDJPY,session_range_fade,2.0,1.6,48
1779714000.0,1779778800.0,1.6555,long,USDJPY,session_range_fade,2.0,1.6,48
1779829200.0,1779861600.0,-1.3874,short,USDJPY,session_range_fade,2.0,1.6,48
1779865200.0,1779890400.0,-1.3594,short,USDJPY,session_range_fade,2.0,1.6,48
1779948000.0,1779969600.0,-1.3515,long,USDJPY,session_range_fade,2.0,1.6,48
1780059600.0,1780272000.0,-1.3583,short,USDJPY,session_range_fade,2.0,1.6,48
1780448400.0,1780470000.0,-1.3352,long,USDJPY,session_range_fade,2.0,1.6,48
1780599600.0,1780660800.0,-1.3681,short,USDJPY,session_range_fade,2.0,1.6,48
1780898400.0,1780905600.0,1.7344,short,USDJPY,session_range_fade,2.0,1.6,48
1781060400.0,1781089200.0,-1.2996,short,USDJPY,session_range_fade,2.0,1.6,48
1781161200.0,1781197200.0,-1.4201,long,USDJPY,session_range_fade,2.0,1.6,48
1781524800.0,1781550000.0,-1.2502,short,USDJPY,session_range_fade,2.0,1.6,48
1781593200.0,1781618400.0,-1.247,short,USDJPY,session_range_fade,2.0,1.6,48
1781658000.0,1781679600.0,-1.3549,long,USDJPY,session_range_fade,2.0,1.6,48
1781708400.0,1781722800.0,1.7013,long,USDJPY,session_range_fade,2.0,1.6,48
1781773200.0,1781794800.0,-1.2229,short,USDJPY,session_range_fade,2.0,1.6,48
1781884800.0,1782111600.0,1.7587,long,USDJPY,session_range_fade,2.0,1.6,48
1782208800.0,1782367200.0,1.754,long,USDJPY,session_range_fade,2.0,1.6,48
1782381600.0,1782396000.0,1.6781,short,USDJPY,session_range_fade,2.0,1.6,48
1782453600.0,1782460800.0,-1.3028,long,USDJPY,session_range_fade,2.0,1.6,48
1782694800.0,1782738000.0,-1.3444,short,USDJPY,session_range_fade,2.0,1.6,48
1782763200.0,1782777600.0,-1.4479,short,USDJPY,session_range_fade,2.0,1.6,48
1782900000.0,1782910800.0,-1.2439,long,USDJPY,session_range_fade,2.0,1.6,48
1782964800.0,1782972000.0,-1.3228,long,USDJPY,session_range_fade,2.0,1.6,48
1776247200.0,1776308400.0,1.8077,short,USDJPY,session_range_fade,2.0,1.6,96
1776384000.0,1776427200.0,1.8254,short,USDJPY,session_range_fade,2.0,1.6,96
1776729600.0,1776762000.0,-1.1589,short,USDJPY,session_range_fade,2.0,1.6,96
1776776400.0,1776780000.0,-1.2114,short,USDJPY,session_range_fade,2.0,1.6,96
1776808800.0,1776938400.0,-1.1305,short,USDJPY,session_range_fade,2.0,1.6,96
1776956400.0,1777258800.0,-1.1989,long,USDJPY,session_range_fade,2.0,1.6,96
1777276800.0,1777363200.0,1.8029,long,USDJPY,session_range_fade,2.0,1.6,96
1777438800.0,1777464000.0,-1.3147,short,USDJPY,session_range_fade,2.0,1.6,96
1777518000.0,1777528800.0,-1.1682,short,USDJPY,session_range_fade,2.0,1.6,96
1777953600.0,1777971600.0,-1.1471,short,USDJPY,session_range_fade,2.0,1.6,96
1778022000.0,1778040000.0,-1.1867,long,USDJPY,session_range_fade,2.0,1.6,96
1778133600.0,1778169600.0,-1.1509,short,USDJPY,session_range_fade,2.0,1.6,96
1778173200.0,1778198400.0,-1.1554,short,USDJPY,session_range_fade,2.0,1.6,96
1778227200.0,1778457600.0,-1.1994,short,USDJPY,session_range_fade,2.0,1.6,96
1778461200.0,1778544000.0,-1.1688,short,USDJPY,session_range_fade,2.0,1.6,96
1778619600.0,1778727600.0,1.7728,long,USDJPY,session_range_fade,2.0,1.6,96
1778842800.0,1778875200.0,-1.1896,short,USDJPY,session_range_fade,2.0,1.6,96
1779098400.0,1779102000.0,-1.2204,long,USDJPY,session_range_fade,2.0,1.6,96
1779112800.0,1779289200.0,-1.1887,long,USDJPY,session_range_fade,2.0,1.6,96
1779346800.0,1779368400.0,-1.2848,short,USDJPY,session_range_fade,2.0,1.6,96
1779462000.0,1779663600.0,1.6778,short,USDJPY,session_range_fade,2.0,1.6,96
1779714000.0,1779778800.0,1.6555,long,USDJPY,session_range_fade,2.0,1.6,96
1779829200.0,1779861600.0,-1.3874,short,USDJPY,session_range_fade,2.0,1.6,96
1779865200.0,1779890400.0,-1.3594,short,USDJPY,session_range_fade,2.0,1.6,96
1779948000.0,1779969600.0,-1.3515,long,USDJPY,session_range_fade,2.0,1.6,96
1780059600.0,1780272000.0,-1.3583,short,USDJPY,session_range_fade,2.0,1.6,96
1780448400.0,1780470000.0,-1.3352,long,USDJPY,session_range_fade,2.0,1.6,96
1780599600.0,1780660800.0,-1.3681,short,USDJPY,session_range_fade,2.0,1.6,96
1780898400.0,1780905600.0,1.7344,short,USDJPY,session_range_fade,2.0,1.6,96
1781060400.0,1781089200.0,-1.2996,short,USDJPY,session_range_fade,2.0,1.6,96
1781161200.0,1781197200.0,-1.4201,long,USDJPY,session_range_fade,2.0,1.6,96
1781524800.0,1781550000.0,-1.2502,short,USDJPY,session_range_fade,2.0,1.6,96
1781593200.0,1781618400.0,-1.247,short,USDJPY,session_range_fade,2.0,1.6,96
1781658000.0,1781679600.0,-1.3549,long,USDJPY,session_range_fade,2.0,1.6,96
1781708400.0,1781722800.0,1.7013,long,USDJPY,session_range_fade,2.0,1.6,96
1781773200.0,1781794800.0,-1.2229,short,USDJPY,session_range_fade,2.0,1.6,96
1781884800.0,1782111600.0,1.7587,long,USDJPY,session_range_fade,2.0,1.6,96
1782208800.0,1782367200.0,1.754,long,USDJPY,session_range_fade,2.0,1.6,96
1782381600.0,1782396000.0,1.6781,short,USDJPY,session_range_fade,2.0,1.6,96
1782453600.0,1782460800.0,-1.3028,long,USDJPY,session_range_fade,2.0,1.6,96
1782694800.0,1782738000.0,-1.3444,short,USDJPY,session_range_fade,2.0,1.6,96
1782763200.0,1782777600.0,-1.4479,short,USDJPY,session_range_fade,2.0,1.6,96
1782900000.0,1782910800.0,-1.2439,long,USDJPY,session_range_fade,2.0,1.6,96
1782964800.0,1782972000.0,-1.3228,long,USDJPY,session_range_fade,2.0,1.6,96
1776247200.0,1776308400.0,1.8462,short,USDJPY,session_range_fade,2.0,2.0,24
1776384000.0,1776427200.0,1.8603,short,USDJPY,session_range_fade,2.0,2.0,24
1776729600.0,1776780000.0,-1.1271,short,USDJPY,session_range_fade,2.0,2.0,24
1776808800.0,1776895200.0,-0.2572,short,USDJPY,session_range_fade,2.0,2.0,24
1776931200.0,1777017600.0,-0.2937,short,USDJPY,session_range_fade,2.0,2.0,24
1777024800.0,1777028400.0,-1.2298,long,USDJPY,session_range_fade,2.0,2.0,24
1777276800.0,1777363200.0,0.9221,long,USDJPY,session_range_fade,2.0,2.0,24
1777438800.0,1777464000.0,-1.2518,short,USDJPY,session_range_fade,2.0,2.0,24
1777518000.0,1777536000.0,1.8655,short,USDJPY,session_range_fade,2.0,2.0,24
1777953600.0,1777971600.0,-1.1177,short,USDJPY,session_range_fade,2.0,2.0,24
1778022000.0,1778040000.0,-1.1493,long,USDJPY,session_range_fade,2.0,2.0,24
1778133600.0,1778173200.0,-1.1207,short,USDJPY,session_range_fade,2.0,2.0,24
1778176800.0,1778263200.0,0.0025,short,USDJPY,session_range_fade,2.0,2.0,24
1778266800.0,1778533200.0,1.0282,long,USDJPY,session_range_fade,2.0,2.0,24
1778540400.0,1778547600.0,-1.2194,short,USDJPY,session_range_fade,2.0,2.0,24
1778619600.0,1778706000.0,0.8874,long,USDJPY,session_range_fade,2.0,2.0,24
1778709600.0,1778731200.0,-1.211,long,USDJPY,session_range_fade,2.0,2.0,24
1778842800.0,1779058800.0,-1.1517,short,USDJPY,session_range_fade,2.0,2.0,24
1779098400.0,1779105600.0,-1.1763,long,USDJPY,session_range_fade,2.0,2.0,24
1779112800.0,1779199200.0,0.5491,long,USDJPY,session_range_fade,2.0,2.0,24
1779246000.0,1779332400.0,0.1457,long,USDJPY,session_range_fade,2.0,2.0,24
1779346800.0,1779368400.0,-1.2278,short,USDJPY,session_range_fade,2.0,2.0,24
1779462000.0,1779667200.0,1.7422,short,USDJPY,session_range_fade,2.0,2.0,24
1779714000.0,1779800400.0,1.7244,long,USDJPY,session_range_fade,2.0,2.0,24
1779829200.0,1779868800.0,-1.3099,short,USDJPY,session_range_fade,2.0,2.0,24
1779948000.0,1779969600.0,-1.2812,long,USDJPY,session_range_fade,2.0,2.0,24
1780059600.0,1780272000.0,-1.2867,short,USDJPY,session_range_fade,2.0,2.0,24
1780448400.0,1780470000.0,-1.2681,long,USDJPY,session_range_fade,2.0,2.0,24
1780599600.0,1780660800.0,-1.2945,short,USDJPY,session_range_fade,2.0,2.0,24
1780898400.0,1780984800.0,0.1852,short,USDJPY,session_range_fade,2.0,2.0,24
1781060400.0,1781121600.0,-1.2397,short,USDJPY,session_range_fade,2.0,2.0,24
1781161200.0,1781197200.0,-1.3361,long,USDJPY,session_range_fade,2.0,2.0,24
1781524800.0,1781550000.0,-1.2002,short,USDJPY,session_range_fade,2.0,2.0,24
1781593200.0,1781640000.0,-1.1976,short,USDJPY,session_range_fade,2.0,2.0,24
1781658000.0,1781683200.0,-1.2839,long,USDJPY,session_range_fade,2.0,2.0,24
1781708400.0,1781722800.0,1.761,long,USDJPY,session_range_fade,2.0,2.0,24
1781773200.0,1781794800.0,-1.1783,short,USDJPY,session_range_fade,2.0,2.0,24
1781884800.0,1782133200.0,1.807,long,USDJPY,session_range_fade,2.0,2.0,24
1782208800.0,1782295200.0,0.7336,long,USDJPY,session_range_fade,2.0,2.0,24
1782334800.0,1782385200.0,-1.2711,short,USDJPY,session_range_fade,2.0,2.0,24
1782453600.0,1782716400.0,0.3021,long,USDJPY,session_range_fade,2.0,2.0,24
1782720000.0,1782756000.0,-1.3889,short,USDJPY,session_range_fade,2.0,2.0,24
1782763200.0,1782777600.0,-1.3583,short,USDJPY,session_range_fade,2.0,2.0,24
1782900000.0,1782910800.0,-1.1951,long,USDJPY,session_range_fade,2.0,2.0,24
1782964800.0,1782972000.0,-1.2582,long,USDJPY,session_range_fade,2.0,2.0,24
1776247200.0,1776308400.0,1.8462,short,USDJPY,session_range_fade,2.0,2.0,48
1776384000.0,1776427200.0,1.8603,short,USDJPY,session_range_fade,2.0,2.0,48
1776729600.0,1776780000.0,-1.1271,short,USDJPY,session_range_fade,2.0,2.0,48
1776808800.0,1776981600.0,-0.7267,short,USDJPY,session_range_fade,2.0,2.0,48
1777024800.0,1777028400.0,-1.2298,long,USDJPY,session_range_fade,2.0,2.0,48
1777276800.0,1777374000.0,1.8424,long,USDJPY,session_range_fade,2.0,2.0,48
1777438800.0,1777464000.0,-1.2518,short,USDJPY,session_range_fade,2.0,2.0,48
1777518000.0,1777536000.0,1.8655,short,USDJPY,session_range_fade,2.0,2.0,48
1777953600.0,1777971600.0,-1.1177,short,USDJPY,session_range_fade,2.0,2.0,48
1778022000.0,1778040000.0,-1.1493,long,USDJPY,session_range_fade,2.0,2.0,48
1778133600.0,1778173200.0,-1.1207,short,USDJPY,session_range_fade,2.0,2.0,48
1778176800.0,1778464800.0,-1.118,short,USDJPY,session_range_fade,2.0,2.0,48
1778468400.0,1778547600.0,-1.1358,short,USDJPY,session_range_fade,2.0,2.0,48
1778619600.0,1778763600.0,-1.1818,long,USDJPY,session_range_fade,2.0,2.0,48
1778842800.0,1779058800.0,-1.1517,short,USDJPY,session_range_fade,2.0,2.0,48
1779098400.0,1779105600.0,-1.1763,long,USDJPY,session_range_fade,2.0,2.0,48
1779112800.0,1779285600.0,-0.0591,long,USDJPY,session_range_fade,2.0,2.0,48
1779346800.0,1779368400.0,-1.2278,short,USDJPY,session_range_fade,2.0,2.0,48
1779462000.0,1779667200.0,1.7422,short,USDJPY,session_range_fade,2.0,2.0,48
1779714000.0,1779800400.0,1.7244,long,USDJPY,session_range_fade,2.0,2.0,48
1779829200.0,1779868800.0,-1.3099,short,USDJPY,session_range_fade,2.0,2.0,48
1779948000.0,1779969600.0,-1.2812,long,USDJPY,session_range_fade,2.0,2.0,48
1780059600.0,1780272000.0,-1.2867,short,USDJPY,session_range_fade,2.0,2.0,48
1780448400.0,1780470000.0,-1.2681,long,USDJPY,session_range_fade,2.0,2.0,48
1780599600.0,1780660800.0,-1.2945,short,USDJPY,session_range_fade,2.0,2.0,48
1780898400.0,1781071200.0,-0.7428,short,USDJPY,session_range_fade,2.0,2.0,48
1781078400.0,1781121600.0,-1.3227,short,USDJPY,session_range_fade,2.0,2.0,48
1781161200.0,1781197200.0,-1.3361,long,USDJPY,session_range_fade,2.0,2.0,48
1781524800.0,1781550000.0,-1.2002,short,USDJPY,session_range_fade,2.0,2.0,48
1781593200.0,1781640000.0,-1.1976,short,USDJPY,session_range_fade,2.0,2.0,48
1781658000.0,1781683200.0,-1.2839,long,USDJPY,session_range_fade,2.0,2.0,48
1781708400.0,1781722800.0,1.761,long,USDJPY,session_range_fade,2.0,2.0,48
1781773200.0,1781794800.0,-1.1783,short,USDJPY,session_range_fade,2.0,2.0,48
1781884800.0,1782133200.0,1.807,long,USDJPY,session_range_fade,2.0,2.0,48
1782208800.0,1782381600.0,1.5258,long,USDJPY,session_range_fade,2.0,2.0,48
1782453600.0,1782777600.0,1.7578,long,USDJPY,session_range_fade,2.0,2.0,48
1782900000.0,1782910800.0,-1.1951,long,USDJPY,session_range_fade,2.0,2.0,48
1782964800.0,1782972000.0,-1.2582,long,USDJPY,session_range_fade,2.0,2.0,48
1776247200.0,1776308400.0,1.8462,short,USDJPY,session_range_fade,2.0,2.0,96
1776384000.0,1776427200.0,1.8603,short,USDJPY,session_range_fade,2.0,2.0,96
1776729600.0,1776780000.0,-1.1271,short,USDJPY,session_range_fade,2.0,2.0,96
1776808800.0,1777334400.0,-0.2354,short,USDJPY,session_range_fade,2.0,2.0,96
1777438800.0,1777464000.0,-1.2518,short,USDJPY,session_range_fade,2.0,2.0,96
1777518000.0,1777536000.0,1.8655,short,USDJPY,session_range_fade,2.0,2.0,96
1777953600.0,1777971600.0,-1.1177,short,USDJPY,session_range_fade,2.0,2.0,96
1778022000.0,1778040000.0,-1.1493,long,USDJPY,session_range_fade,2.0,2.0,96
1778133600.0,1778173200.0,-1.1207,short,USDJPY,session_range_fade,2.0,2.0,96
1778176800.0,1778464800.0,-1.118,short,USDJPY,session_range_fade,2.0,2.0,96
1778468400.0,1778547600.0,-1.1358,short,USDJPY,session_range_fade,2.0,2.0,96
1778619600.0,1778763600.0,-1.1818,long,USDJPY,session_range_fade,2.0,2.0,96
1778842800.0,1779058800.0,-1.1517,short,USDJPY,session_range_fade,2.0,2.0,96
1779098400.0,1779105600.0,-1.1763,long,USDJPY,session_range_fade,2.0,2.0,96
1779112800.0,1779458400.0,0.6694,long,USDJPY,session_range_fade,2.0,2.0,96
1779462000.0,1779667200.0,1.7422,short,USDJPY,session_range_fade,2.0,2.0,96
1779714000.0,1779800400.0,1.7244,long,USDJPY,session_range_fade,2.0,2.0,96
1779829200.0,1779868800.0,-1.3099,short,USDJPY,session_range_fade,2.0,2.0,96
1779948000.0,1779969600.0,-1.2812,long,USDJPY,session_range_fade,2.0,2.0,96
1780059600.0,1780272000.0,-1.2867,short,USDJPY,session_range_fade,2.0,2.0,96
1780448400.0,1780470000.0,-1.2681,long,USDJPY,session_range_fade,2.0,2.0,96
1780599600.0,1780660800.0,-1.2945,short,USDJPY,session_range_fade,2.0,2.0,96
1780898400.0,1781089200.0,-1.2125,short,USDJPY,session_range_fade,2.0,2.0,96
1781161200.0,1781197200.0,-1.3361,long,USDJPY,session_range_fade,2.0,2.0,96
1781524800.0,1781550000.0,-1.2002,short,USDJPY,session_range_fade,2.0,2.0,96
1781593200.0,1781640000.0,-1.1976,short,USDJPY,session_range_fade,2.0,2.0,96
1781658000.0,1781683200.0,-1.2839,long,USDJPY,session_range_fade,2.0,2.0,96
1781708400.0,1781722800.0,1.761,long,USDJPY,session_range_fade,2.0,2.0,96
1781773200.0,1781794800.0,-1.1783,short,USDJPY,session_range_fade,2.0,2.0,96
1781884800.0,1782133200.0,1.807,long,USDJPY,session_range_fade,2.0,2.0,96
1782208800.0,1782385200.0,1.8032,long,USDJPY,session_range_fade,2.0,2.0,96
1782453600.0,1782777600.0,1.7578,long,USDJPY,session_range_fade,2.0,2.0,96
1782900000.0,1782910800.0,-1.1951,long,USDJPY,session_range_fade,2.0,2.0,96
1782964800.0,1782972000.0,-1.2582,long,USDJPY,session_range_fade,2.0,2.0,96
1776247200.0,1776333600.0,-0.2444,short,USDJPY,session_range_fade,2.0,2.5,24
1776384000.0,1776427200.0,1.8882,short,USDJPY,session_range_fade,2.0,2.5,24
1776729600.0,1776783600.0,-1.1017,short,USDJPY,session_range_fade,2.0,2.5,24
1776808800.0,1776895200.0,-0.2058,short,USDJPY,session_range_fade,2.0,2.5,24
1776931200.0,1777017600.0,-0.2349,short,USDJPY,session_range_fade,2.0,2.5,24
1777024800.0,1777028400.0,-1.1838,long,USDJPY,session_range_fade,2.0,2.5,24
1777276800.0,1777363200.0,0.7377,long,USDJPY,session_range_fade,2.0,2.5,24
1777438800.0,1777464000.0,-1.2014,short,USDJPY,session_range_fade,2.0,2.5,24
1777518000.0,1777536000.0,1.8924,short,USDJPY,session_range_fade,2.0,2.5,24
1777953600.0,1777971600.0,-1.0942,short,USDJPY,session_range_fade,2.0,2.5,24
1778022000.0,1778040000.0,-1.1195,long,USDJPY,session_range_fade,2.0,2.5,24
1778133600.0,1778173200.0,-1.0966,short,USDJPY,session_range_fade,2.0,2.5,24
1778176800.0,1778263200.0,0.002,short,USDJPY,session_range_fade,2.0,2.5,24
1778266800.0,1778533200.0,0.8226,long,USDJPY,session_range_fade,2.0,2.5,24
1778540400.0,1778547600.0,-1.1755,short,USDJPY,session_range_fade,2.0,2.5,24
1778619600.0,1778706000.0,0.7099,long,USDJPY,session_range_fade,2.0,2.5,24
1778709600.0,1778731200.0,-1.1688,long,USDJPY,session_range_fade,2.0,2.5,24
1778842800.0,1779062400.0,-1.1214,short,USDJPY,session_range_fade,2.0,2.5,24
1779098400.0,1779184800.0,0.3648,long,USDJPY,session_range_fade,2.0,2.5,24
1779246000.0,1779332400.0,0.1166,long,USDJPY,session_range_fade,2.0,2.5,24
1779346800.0,1779368400.0,-1.1822,short,USDJPY,session_range_fade,2.0,2.5,24
1779462000.0,1779728400.0,1.0848,short,USDJPY,session_range_fade,2.0,2.5,24
1779739200.0,1779778800.0,1.6963,long,USDJPY,session_range_fade,2.0,2.5,24
1779829200.0,1779868800.0,-1.2479,short,USDJPY,session_range_fade,2.0,2.5,24
1779948000.0,1779976800.0,-1.225,long,USDJPY,session_range_fade,2.0,2.5,24
1780059600.0,1780318800.0,-1.2293,short,USDJPY,session_range_fade,2.0,2.5,24
1780448400.0,1780470000.0,-1.2145,long,USDJPY,session_range_fade,2.0,2.5,24
1780599600.0,1780660800.0,-1.2356,short,USDJPY,session_range_fade,2.0,2.5,24
1780898400.0,1780984800.0,0.1482,short,USDJPY,session_range_fade,2.0,2.5,24
1781060400.0,1781146800.0,-0.8056,short,USDJPY,session_range_fade,2.0,2.5,24
1781161200.0,1781197200.0,-1.2689,long,USDJPY,session_range_fade,2.0,2.5,24
1781524800.0,1781611200.0,-0.7801,short,USDJPY,session_range_fade,2.0,2.5,24
1781658000.0,1781683200.0,-1.2271,long,USDJPY,session_range_fade,2.0,2.5,24
1781708400.0,1781722800.0,1.8088,long,USDJPY,session_range_fade,2.0,2.5,24
1781773200.0,1781794800.0,-1.1426,short,USDJPY,session_range_fade,2.0,2.5,24
1781884800.0,1782147600.0,0.4039,long,USDJPY,session_range_fade,2.0,2.5,24
1782208800.0,1782295200.0,0.5869,long,USDJPY,session_range_fade,2.0,2.5,24
1782334800.0,1782421200.0,-0.199,short,USDJPY,session_range_fade,2.0,2.5,24
1782453600.0,1782716400.0,0.2416,long,USDJPY,session_range_fade,2.0,2.5,24
1782720000.0,1782777600.0,-1.3111,short,USDJPY,session_range_fade,2.0,2.5,24
1782900000.0,1782910800.0,-1.1561,long,USDJPY,session_range_fade,2.0,2.5,24
1782964800.0,1782972000.0,-1.2066,long,USDJPY,session_range_fade,2.0,2.5,24
1776247200.0,1776384000.0,-1.1231,short,USDJPY,session_range_fade,2.0,2.5,48
1776394800.0,1776427200.0,1.8703,short,USDJPY,session_range_fade,2.0,2.5,48
1776729600.0,1776783600.0,-1.1017,short,USDJPY,session_range_fade,2.0,2.5,48
1776808800.0,1776981600.0,-0.5813,short,USDJPY,session_range_fade,2.0,2.5,48
1777024800.0,1777028400.0,-1.1838,long,USDJPY,session_range_fade,2.0,2.5,48
1777276800.0,1777449600.0,1.5645,long,USDJPY,session_range_fade,2.0,2.5,48
1777518000.0,1777536000.0,1.8924,short,USDJPY,session_range_fade,2.0,2.5,48
1777953600.0,1777971600.0,-1.0942,short,USDJPY,session_range_fade,2.0,2.5,48
1778022000.0,1778040000.0,-1.1195,long,USDJPY,session_range_fade,2.0,2.5,48
1778133600.0,1778173200.0,-1.0966,short,USDJPY,session_range_fade,2.0,2.5,48
1778176800.0,1778526000.0,-1.0944,short,USDJPY,session_range_fade,2.0,2.5,48
1778533200.0,1778562000.0,-1.164,long,USDJPY,session_range_fade,2.0,2.5,48
1778619600.0,1778774400.0,1.8546,long,USDJPY,session_range_fade,2.0,2.5,48
1778842800.0,1779062400.0,-1.1214,short,USDJPY,session_range_fade,2.0,2.5,48
1779098400.0,1779271200.0,0.0572,long,USDJPY,session_range_fade,2.0,2.5,48
1779285600.0,1779458400.0,0.522,long,USDJPY,session_range_fade,2.0,2.5,48
1779462000.0,1779814800.0,-0.9187,short,USDJPY,session_range_fade,2.0,2.5,48
1779829200.0,1779868800.0,-1.2479,short,USDJPY,session_range_fade,2.0,2.5,48
1779948000.0,1779976800.0,-1.225,long,USDJPY,session_range_fade,2.0,2.5,48
1780059600.0,1780318800.0,-1.2293,short,USDJPY,session_range_fade,2.0,2.5,48
1780448400.0,1780470000.0,-1.2145,long,USDJPY,session_range_fade,2.0,2.5,48
1780599600.0,1780660800.0,-1.2356,short,USDJPY,session_range_fade,2.0,2.5,48
1780898400.0,1781071200.0,-0.5943,short,USDJPY,session_range_fade,2.0,2.5,48
1781078400.0,1781197200.0,1.7419,short,USDJPY,session_range_fade,2.0,2.5,48
1781524800.0,1781618400.0,-1.1601,short,USDJPY,session_range_fade,2.0,2.5,48
1781658000.0,1781683200.0,-1.2271,long,USDJPY,session_range_fade,2.0,2.5,48
1781708400.0,1781722800.0,1.8088,long,USDJPY,session_range_fade,2.0,2.5,48
1781773200.0,1781794800.0,-1.1426,short,USDJPY,session_range_fade,2.0,2.5,48
1781884800.0,1782234000.0,0.5858,long,USDJPY,session_range_fade,2.0,2.5,48
1782273600.0,1782288000.0,-1.2432,short,USDJPY,session_range_fade,2.0,2.5,48
1782334800.0,1782507600.0,-0.1766,short,USDJPY,session_range_fade,2.0,2.5,48
1782694800.0,1782777600.0,-1.2204,short,USDJPY,session_range_fade,2.0,2.5,48
1782900000.0,1782910800.0,-1.1561,long,USDJPY,session_range_fade,2.0,2.5,48
1782964800.0,1782972000.0,-1.2066,long,USDJPY,session_range_fade,2.0,2.5,48
1776247200.0,1776384000.0,-1.1231,short,USDJPY,session_range_fade,2.0,2.5,96
1776394800.0,1776427200.0,1.8703,short,USDJPY,session_range_fade,2.0,2.5,96
1776729600.0,1776783600.0,-1.1017,short,USDJPY,session_range_fade,2.0,2.5,96
1776808800.0,1777334400.0,-0.1883,short,USDJPY,session_range_fade,2.0,2.5,96
1777438800.0,1777464000.0,-1.2014,short,USDJPY,session_range_fade,2.0,2.5,96
1777518000.0,1777536000.0,1.8924,short,USDJPY,session_range_fade,2.0,2.5,96
1777953600.0,1777971600.0,-1.0942,short,USDJPY,session_range_fade,2.0,2.5,96
1778022000.0,1778040000.0,-1.1195,long,USDJPY,session_range_fade,2.0,2.5,96
1778133600.0,1778173200.0,-1.0966,short,USDJPY,session_range_fade,2.0,2.5,96
1778176800.0,1778526000.0,-1.0944,short,USDJPY,session_range_fade,2.0,2.5,96
1778533200.0,1778562000.0,-1.164,long,USDJPY,session_range_fade,2.0,2.5,96
1778619600.0,1778774400.0,1.8546,long,USDJPY,session_range_fade,2.0,2.5,96
1778842800.0,1779062400.0,-1.1214,short,USDJPY,session_range_fade,2.0,2.5,96
1779098400.0,1779289200.0,-1.141,long,USDJPY,session_range_fade,2.0,2.5,96
1779346800.0,1779368400.0,-1.1822,short,USDJPY,session_range_fade,2.0,2.5,96
1779462000.0,1779868800.0,-1.2062,short,USDJPY,session_range_fade,2.0,2.5,96
1779948000.0,1779976800.0,-1.225,long,USDJPY,session_range_fade,2.0,2.5,96
1780059600.0,1780318800.0,-1.2293,short,USDJPY,session_range_fade,2.0,2.5,96
1780448400.0,1780470000.0,-1.2145,long,USDJPY,session_range_fade,2.0,2.5,96
1780599600.0,1780660800.0,-1.2356,short,USDJPY,session_range_fade,2.0,2.5,96
1780898400.0,1781110800.0,-1.17,short,USDJPY,session_range_fade,2.0,2.5,96
1781161200.0,1781197200.0,-1.2689,long,USDJPY,session_range_fade,2.0,2.5,96
1781524800.0,1781618400.0,-1.1601,short,USDJPY,session_range_fade,2.0,2.5,96
1781658000.0,1781683200.0,-1.2271,long,USDJPY,session_range_fade,2.0,2.5,96
1781708400.0,1781722800.0,1.8088,long,USDJPY,session_range_fade,2.0,2.5,96
1781773200.0,1781794800.0,-1.1426,short,USDJPY,session_range_fade,2.0,2.5,96
1781884800.0,1782385200.0,1.8456,long,USDJPY,session_range_fade,2.0,2.5,96
1782453600.0,1782777600.0,1.8062,long,USDJPY,session_range_fade,2.0,2.5,96
1782900000.0,1782910800.0,-1.1561,long,USDJPY,session_range_fade,2.0,2.5,96
1782964800.0,1782972000.0,-1.2066,long,USDJPY,session_range_fade,2.0,2.5,96
1776247200.0,1776308400.0,2.2633,short,USDJPY,session_range_fade,2.5,1.3,24
1776384000.0,1776427200.0,2.2851,short,USDJPY,session_range_fade,2.5,1.3,24
1776729600.0,1776758400.0,-1.1955,short,USDJPY,session_range_fade,2.5,1.3,24
1776776400.0,1776780000.0,-1.2602,short,USDJPY,session_range_fade,2.5,1.3,24
1776808800.0,1776895200.0,-0.3957,short,USDJPY,session_range_fade,2.5,1.3,24
1776931200.0,1777017600.0,-0.4518,short,USDJPY,session_range_fade,2.5,1.3,24
1777024800.0,1777028400.0,-1.3535,long,USDJPY,session_range_fade,2.5,1.3,24
1777276800.0,1777363200.0,2.2575,long,USDJPY,session_range_fade,2.5,1.3,24
1777438800.0,1777453200.0,-1.3874,short,USDJPY,session_range_fade,2.5,1.3,24
1777518000.0,1777528800.0,-1.207,short,USDJPY,session_range_fade,2.5,1.3,24
1777953600.0,1777971600.0,-1.1811,short,USDJPY,session_range_fade,2.5,1.3,24
1778022000.0,1778040000.0,-1.2298,long,USDJPY,session_range_fade,2.5,1.3,24
1778133600.0,1778169600.0,-1.1857,short,USDJPY,session_range_fade,2.5,1.3,24
1778173200.0,1778184000.0,-1.1912,short,USDJPY,session_range_fade,2.5,1.3,24
1778227200.0,1778454000.0,-1.2454,short,USDJPY,session_range_fade,2.5,1.3,24
1778461200.0,1778544000.0,-1.2078,short,USDJPY,session_range_fade,2.5,1.3,24
1778619600.0,1778706000.0,1.3653,long,USDJPY,session_range_fade,2.5,1.3,24
1778709600.0,1778731200.0,-1.3247,long,USDJPY,session_range_fade,2.5,1.3,24
1778842800.0,1778871600.0,-1.2334,short,USDJPY,session_range_fade,2.5,1.3,24
1779098400.0,1779102000.0,-1.2712,long,USDJPY,session_range_fade,2.5,1.3,24
1779112800.0,1779199200.0,0.8448,long,USDJPY,session_range_fade,2.5,1.3,24
1779246000.0,1779289200.0,-1.221,long,USDJPY,session_range_fade,2.5,1.3,24
1779346800.0,1779361200.0,-1.3505,short,USDJPY,session_range_fade,2.5,1.3,24
1779462000.0,1779663600.0,2.1034,short,USDJPY,session_range_fade,2.5,1.3,24
1779714000.0,1779778800.0,2.076,long,USDJPY,session_range_fade,2.5,1.3,24
1779829200.0,1779858000.0,-1.4768,short,USDJPY,session_range_fade,2.5,1.3,24
1779861600.0,1779890400.0,-1.4294,short,USDJPY,session_range_fade,2.5,1.3,24
1779948000.0,1779958800.0,-1.4326,long,USDJPY,session_range_fade,2.5,1.3,24
1780059600.0,1780272000.0,-1.441,short,USDJPY,session_range_fade,2.5,1.3,24
1780448400.0,1780470000.0,-1.4125,long,USDJPY,session_range_fade,2.5,1.3,24
1780599600.0,1780660800.0,-1.4531,short,USDJPY,session_range_fade,2.5,1.3,24
1780898400.0,1780905600.0,2.1731,short,USDJPY,session_range_fade,2.5,1.3,24
1781060400.0,1781089200.0,-1.3687,short,USDJPY,session_range_fade,2.5,1.3,24
1781161200.0,1781197200.0,-1.517,long,USDJPY,session_range_fade,2.5,1.3,24
1781524800.0,1781546400.0,-1.3079,short,USDJPY,session_range_fade,2.5,1.3,24
1781593200.0,1781614800.0,-1.304,short,USDJPY,session_range_fade,2.5,1.3,24
1781658000.0,1781679600.0,-1.4368,long,USDJPY,session_range_fade,2.5,1.3,24
1781708400.0,1781722800.0,2.1324,long,USDJPY,session_range_fade,2.5,1.3,24
1781773200.0,1781794800.0,-1.2743,short,USDJPY,session_range_fade,2.5,1.3,24
1781884800.0,1782111600.0,2.203,long,USDJPY,session_range_fade,2.5,1.3,24
1782208800.0,1782295200.0,1.1286,long,USDJPY,session_range_fade,2.5,1.3,24
1782334800.0,1782367200.0,-1.417,short,USDJPY,session_range_fade,2.5,1.3,24
1782381600.0,1782396000.0,2.1038,short,USDJPY,session_range_fade,2.5,1.3,24
1782453600.0,1782460800.0,-1.3727,long,USDJPY,session_range_fade,2.5,1.3,24
1782694800.0,1782734400.0,-1.4239,short,USDJPY,session_range_fade,2.5,1.3,24
1782763200.0,1782777600.0,-1.5512,short,USDJPY,session_range_fade,2.5,1.3,24
1782900000.0,1782910800.0,-1.3002,long,USDJPY,session_range_fade,2.5,1.3,24
1782964800.0,1782972000.0,-1.3973,long,USDJPY,session_range_fade,2.5,1.3,24
1776247200.0,1776308400.0,2.2633,short,USDJPY,session_range_fade,2.5,1.3,48
1776384000.0,1776427200.0,2.2851,short,USDJPY,session_range_fade,2.5,1.3,48
1776729600.0,1776758400.0,-1.1955,short,USDJPY,session_range_fade,2.5,1.3,48
1776776400.0,1776780000.0,-1.2602,short,USDJPY,session_range_fade,2.5,1.3,48
1776808800.0,1776934800.0,-1.1606,short,USDJPY,session_range_fade,2.5,1.3,48
1776956400.0,1777258800.0,-1.2448,long,USDJPY,session_range_fade,2.5,1.3,48
1777276800.0,1777363200.0,2.2575,long,USDJPY,session_range_fade,2.5,1.3,48
1777438800.0,1777453200.0,-1.3874,short,USDJPY,session_range_fade,2.5,1.3,48
1777518000.0,1777528800.0,-1.207,short,USDJPY,session_range_fade,2.5,1.3,48
1777953600.0,1777971600.0,-1.1811,short,USDJPY,session_range_fade,2.5,1.3,48
1778022000.0,1778040000.0,-1.2298,long,USDJPY,session_range_fade,2.5,1.3,48
1778133600.0,1778169600.0,-1.1857,short,USDJPY,session_range_fade,2.5,1.3,48
1778173200.0,1778184000.0,-1.1912,short,USDJPY,session_range_fade,2.5,1.3,48
1778227200.0,1778454000.0,-1.2454,short,USDJPY,session_range_fade,2.5,1.3,48
1778461200.0,1778544000.0,-1.2078,short,USDJPY,session_range_fade,2.5,1.3,48
1778619600.0,1778727600.0,2.2203,long,USDJPY,session_range_fade,2.5,1.3,48
1778842800.0,1778871600.0,-1.2334,short,USDJPY,session_range_fade,2.5,1.3,48
1779098400.0,1779102000.0,-1.2712,long,USDJPY,session_range_fade,2.5,1.3,48
1779112800.0,1779285600.0,-0.0909,long,USDJPY,session_range_fade,2.5,1.3,48
1779346800.0,1779361200.0,-1.3505,short,USDJPY,session_range_fade,2.5,1.3,48
1779462000.0,1779663600.0,2.1034,short,USDJPY,session_range_fade,2.5,1.3,48
1779714000.0,1779778800.0,2.076,long,USDJPY,session_range_fade,2.5,1.3,48
1779829200.0,1779858000.0,-1.4768,short,USDJPY,session_range_fade,2.5,1.3,48
1779861600.0,1779890400.0,-1.4294,short,USDJPY,session_range_fade,2.5,1.3,48
1779948000.0,1779958800.0,-1.4326,long,USDJPY,session_range_fade,2.5,1.3,48
1780059600.0,1780272000.0,-1.441,short,USDJPY,session_range_fade,2.5,1.3,48
1780448400.0,1780470000.0,-1.4125,long,USDJPY,session_range_fade,2.5,1.3,48
1780599600.0,1780660800.0,-1.4531,short,USDJPY,session_range_fade,2.5,1.3,48
1780898400.0,1780905600.0,2.1731,short,USDJPY,session_range_fade,2.5,1.3,48
1781060400.0,1781089200.0,-1.3687,short,USDJPY,session_range_fade,2.5,1.3,48
1781161200.0,1781197200.0,-1.517,long,USDJPY,session_range_fade,2.5,1.3,48
1781524800.0,1781546400.0,-1.3079,short,USDJPY,session_range_fade,2.5,1.3,48
1781593200.0,1781614800.0,-1.304,short,USDJPY,session_range_fade,2.5,1.3,48
1781658000.0,1781679600.0,-1.4368,long,USDJPY,session_range_fade,2.5,1.3,48
1781708400.0,1781722800.0,2.1324,long,USDJPY,session_range_fade,2.5,1.3,48
1781773200.0,1781794800.0,-1.2743,short,USDJPY,session_range_fade,2.5,1.3,48
1781884800.0,1782111600.0,2.203,long,USDJPY,session_range_fade,2.5,1.3,48
1782208800.0,1782367200.0,2.1973,long,USDJPY,session_range_fade,2.5,1.3,48
1782381600.0,1782396000.0,2.1038,short,USDJPY,session_range_fade,2.5,1.3,48
1782453600.0,1782460800.0,-1.3727,long,USDJPY,session_range_fade,2.5,1.3,48
1782694800.0,1782734400.0,-1.4239,short,USDJPY,session_range_fade,2.5,1.3,48
1782763200.0,1782777600.0,-1.5512,short,USDJPY,session_range_fade,2.5,1.3,48
1782900000.0,1782910800.0,-1.3002,long,USDJPY,session_range_fade,2.5,1.3,48
1782964800.0,1782972000.0,-1.3973,long,USDJPY,session_range_fade,2.5,1.3,48
1776247200.0,1776308400.0,2.2633,short,USDJPY,session_range_fade,2.5,1.3,96
1776384000.0,1776427200.0,2.2851,short,USDJPY,session_range_fade,2.5,1.3,96
1776729600.0,1776758400.0,-1.1955,short,USDJPY,session_range_fade,2.5,1.3,96
1776776400.0,1776780000.0,-1.2602,short,USDJPY,session_range_fade,2.5,1.3,96
1776808800.0,1776934800.0,-1.1606,short,USDJPY,session_range_fade,2.5,1.3,96
1776956400.0,1777258800.0,-1.2448,long,USDJPY,session_range_fade,2.5,1.3,96
1777276800.0,1777363200.0,2.2575,long,USDJPY,session_range_fade,2.5,1.3,96
1777438800.0,1777453200.0,-1.3874,short,USDJPY,session_range_fade,2.5,1.3,96
1777518000.0,1777528800.0,-1.207,short,USDJPY,session_range_fade,2.5,1.3,96
1777953600.0,1777971600.0,-1.1811,short,USDJPY,session_range_fade,2.5,1.3,96
1778022000.0,1778040000.0,-1.2298,long,USDJPY,session_range_fade,2.5,1.3,96
1778133600.0,1778169600.0,-1.1857,short,USDJPY,session_range_fade,2.5,1.3,96
1778173200.0,1778184000.0,-1.1912,short,USDJPY,session_range_fade,2.5,1.3,96
1778227200.0,1778454000.0,-1.2454,short,USDJPY,session_range_fade,2.5,1.3,96
1778461200.0,1778544000.0,-1.2078,short,USDJPY,session_range_fade,2.5,1.3,96
1778619600.0,1778727600.0,2.2203,long,USDJPY,session_range_fade,2.5,1.3,96
1778842800.0,1778871600.0,-1.2334,short,USDJPY,session_range_fade,2.5,1.3,96
1779098400.0,1779102000.0,-1.2712,long,USDJPY,session_range_fade,2.5,1.3,96
1779112800.0,1779289200.0,-1.2322,long,USDJPY,session_range_fade,2.5,1.3,96
1779346800.0,1779361200.0,-1.3505,short,USDJPY,session_range_fade,2.5,1.3,96
1779462000.0,1779663600.0,2.1034,short,USDJPY,session_range_fade,2.5,1.3,96
1779714000.0,1779778800.0,2.076,long,USDJPY,session_range_fade,2.5,1.3,96
1779829200.0,1779858000.0,-1.4768,short,USDJPY,session_range_fade,2.5,1.3,96
1779861600.0,1779890400.0,-1.4294,short,USDJPY,session_range_fade,2.5,1.3,96
1779948000.0,1779958800.0,-1.4326,long,USDJPY,session_range_fade,2.5,1.3,96
1780059600.0,1780272000.0,-1.441,short,USDJPY,session_range_fade,2.5,1.3,96
1780448400.0,1780470000.0,-1.4125,long,USDJPY,session_range_fade,2.5,1.3,96
1780599600.0,1780660800.0,-1.4531,short,USDJPY,session_range_fade,2.5,1.3,96
1780898400.0,1780905600.0,2.1731,short,USDJPY,session_range_fade,2.5,1.3,96
1781060400.0,1781089200.0,-1.3687,short,USDJPY,session_range_fade,2.5,1.3,96
1781161200.0,1781197200.0,-1.517,long,USDJPY,session_range_fade,2.5,1.3,96
1781524800.0,1781546400.0,-1.3079,short,USDJPY,session_range_fade,2.5,1.3,96
1781593200.0,1781614800.0,-1.304,short,USDJPY,session_range_fade,2.5,1.3,96
1781658000.0,1781679600.0,-1.4368,long,USDJPY,session_range_fade,2.5,1.3,96
1781708400.0,1781722800.0,2.1324,long,USDJPY,session_range_fade,2.5,1.3,96
1781773200.0,1781794800.0,-1.2743,short,USDJPY,session_range_fade,2.5,1.3,96
1781884800.0,1782111600.0,2.203,long,USDJPY,session_range_fade,2.5,1.3,96
1782208800.0,1782367200.0,2.1973,long,USDJPY,session_range_fade,2.5,1.3,96
1782381600.0,1782396000.0,2.1038,short,USDJPY,session_range_fade,2.5,1.3,96
1782453600.0,1782460800.0,-1.3727,long,USDJPY,session_range_fade,2.5,1.3,96
1782694800.0,1782734400.0,-1.4239,short,USDJPY,session_range_fade,2.5,1.3,96
1782763200.0,1782777600.0,-1.5512,short,USDJPY,session_range_fade,2.5,1.3,96
1782900000.0,1782910800.0,-1.3002,long,USDJPY,session_range_fade,2.5,1.3,96
1782964800.0,1782972000.0,-1.3973,long,USDJPY,session_range_fade,2.5,1.3,96
1776247200.0,1776308400.0,2.3077,short,USDJPY,session_range_fade,2.5,1.6,24
1776384000.0,1776427200.0,2.3254,short,USDJPY,session_range_fade,2.5,1.6,24
1776729600.0,1776762000.0,-1.1589,short,USDJPY,session_range_fade,2.5,1.6,24
1776776400.0,1776780000.0,-1.2114,short,USDJPY,session_range_fade,2.5,1.6,24
1776808800.0,1776895200.0,-0.3215,short,USDJPY,session_range_fade,2.5,1.6,24
1776931200.0,1777017600.0,-0.3671,short,USDJPY,session_range_fade,2.5,1.6,24
1777024800.0,1777028400.0,-1.2872,long,USDJPY,session_range_fade,2.5,1.6,24
1777276800.0,1777363200.0,1.1526,long,USDJPY,session_range_fade,2.5,1.6,24
1777438800.0,1777464000.0,-1.3147,short,USDJPY,session_range_fade,2.5,1.6,24
1777518000.0,1777528800.0,-1.1682,short,USDJPY,session_range_fade,2.5,1.6,24
1777953600.0,1777971600.0,-1.1471,short,USDJPY,session_range_fade,2.5,1.6,24
1778022000.0,1778040000.0,-1.1867,long,USDJPY,session_range_fade,2.5,1.6,24
1778133600.0,1778169600.0,-1.1509,short,USDJPY,session_range_fade,2.5,1.6,24
1778173200.0,1778198400.0,-1.1554,short,USDJPY,session_range_fade,2.5,1.6,24
1778227200.0,1778457600.0,-1.1994,short,USDJPY,session_range_fade,2.5,1.6,24
1778461200.0,1778544000.0,-1.1688,short,USDJPY,session_range_fade,2.5,1.6,24
1778619600.0,1778706000.0,1.1093,long,USDJPY,session_range_fade,2.5,1.6,24
1778709600.0,1778731200.0,-1.2638,long,USDJPY,session_range_fade,2.5,1.6,24
1778842800.0,1778875200.0,-1.1896,short,USDJPY,session_range_fade,2.5,1.6,24
1779098400.0,1779102000.0,-1.2204,long,USDJPY,session_range_fade,2.5,1.6,24
1779112800.0,1779199200.0,0.6864,long,USDJPY,session_range_fade,2.5,1.6,24
1779246000.0,1779289200.0,-1.1796,long,USDJPY,session_range_fade,2.5,1.6,24
1779346800.0,1779368400.0,-1.2848,short,USDJPY,session_range_fade,2.5,1.6,24
1779462000.0,1779667200.0,2.1778,short,USDJPY,session_range_fade,2.5,1.6,24
1779714000.0,1779800400.0,2.1555,long,USDJPY,session_range_fade,2.5,1.6,24
1779829200.0,1779861600.0,-1.3874,short,USDJPY,session_range_fade,2.5,1.6,24
1779865200.0,1779890400.0,-1.3594,short,USDJPY,session_range_fade,2.5,1.6,24
1779948000.0,1779969600.0,-1.3515,long,USDJPY,session_range_fade,2.5,1.6,24
1780059600.0,1780272000.0,-1.3583,short,USDJPY,session_range_fade,2.5,1.6,24
1780448400.0,1780470000.0,-1.3352,long,USDJPY,session_range_fade,2.5,1.6,24
1780599600.0,1780660800.0,-1.3681,short,USDJPY,session_range_fade,2.5,1.6,24
1780898400.0,1780984800.0,0.2316,short,USDJPY,session_range_fade,2.5,1.6,24
1781060400.0,1781089200.0,-1.2996,short,USDJPY,session_range_fade,2.5,1.6,24
1781161200.0,1781197200.0,-1.4201,long,USDJPY,session_range_fade,2.5,1.6,24
1781524800.0,1781550000.0,-1.2502,short,USDJPY,session_range_fade,2.5,1.6,24
1781593200.0,1781618400.0,-1.247,short,USDJPY,session_range_fade,2.5,1.6,24
1781658000.0,1781679600.0,-1.3549,long,USDJPY,session_range_fade,2.5,1.6,24
1781708400.0,1781722800.0,2.2013,long,USDJPY,session_range_fade,2.5,1.6,24
1781773200.0,1781794800.0,-1.2229,short,USDJPY,session_range_fade,2.5,1.6,24
1781884800.0,1782133200.0,2.2587,long,USDJPY,session_range_fade,2.5,1.6,24
1782208800.0,1782295200.0,0.917,long,USDJPY,session_range_fade,2.5,1.6,24
1782334800.0,1782367200.0,-1.3388,short,USDJPY,session_range_fade,2.5,1.6,24
1782381600.0,1782468000.0,1.4347,short,USDJPY,session_range_fade,2.5,1.6,24
1782694800.0,1782738000.0,-1.3444,short,USDJPY,session_range_fade,2.5,1.6,24
1782763200.0,1782777600.0,-1.4479,short,USDJPY,session_range_fade,2.5,1.6,24
1782900000.0,1782910800.0,-1.2439,long,USDJPY,session_range_fade,2.5,1.6,24
1782964800.0,1782972000.0,-1.3228,long,USDJPY,session_range_fade,2.5,1.6,24
1776247200.0,1776308400.0,2.3077,short,USDJPY,session_range_fade,2.5,1.6,48
1776384000.0,1776427200.0,2.3254,short,USDJPY,session_range_fade,2.5,1.6,48
1776729600.0,1776762000.0,-1.1589,short,USDJPY,session_range_fade,2.5,1.6,48
1776776400.0,1776780000.0,-1.2114,short,USDJPY,session_range_fade,2.5,1.6,48
1776808800.0,1776938400.0,-1.1305,short,USDJPY,session_range_fade,2.5,1.6,48
1776956400.0,1777258800.0,-1.1989,long,USDJPY,session_range_fade,2.5,1.6,48
1777276800.0,1777374000.0,2.3029,long,USDJPY,session_range_fade,2.5,1.6,48
1777438800.0,1777464000.0,-1.3147,short,USDJPY,session_range_fade,2.5,1.6,48
1777518000.0,1777528800.0,-1.1682,short,USDJPY,session_range_fade,2.5,1.6,48
1777953600.0,1777971600.0,-1.1471,short,USDJPY,session_range_fade,2.5,1.6,48
1778022000.0,1778040000.0,-1.1867,long,USDJPY,session_range_fade,2.5,1.6,48
1778133600.0,1778169600.0,-1.1509,short,USDJPY,session_range_fade,2.5,1.6,48
1778173200.0,1778198400.0,-1.1554,short,USDJPY,session_range_fade,2.5,1.6,48
1778227200.0,1778457600.0,-1.1994,short,USDJPY,session_range_fade,2.5,1.6,48
1778461200.0,1778544000.0,-1.1688,short,USDJPY,session_range_fade,2.5,1.6,48
1778619600.0,1778763600.0,-1.2272,long,USDJPY,session_range_fade,2.5,1.6,48
1778842800.0,1778875200.0,-1.1896,short,USDJPY,session_range_fade,2.5,1.6,48
1779098400.0,1779102000.0,-1.2204,long,USDJPY,session_range_fade,2.5,1.6,48
1779112800.0,1779285600.0,-0.0738,long,USDJPY,session_range_fade,2.5,1.6,48
1779346800.0,1779368400.0,-1.2848,short,USDJPY,session_range_fade,2.5,1.6,48
1779462000.0,1779667200.0,2.1778,short,USDJPY,session_range_fade,2.5,1.6,48
1779714000.0,1779800400.0,2.1555,long,USDJPY,session_range_fade,2.5,1.6,48
1779829200.0,1779861600.0,-1.3874,short,USDJPY,session_range_fade,2.5,1.6,48
1779865200.0,1779890400.0,-1.3594,short,USDJPY,session_range_fade,2.5,1.6,48
1779948000.0,1779969600.0,-1.3515,long,USDJPY,session_range_fade,2.5,1.6,48
1780059600.0,1780272000.0,-1.3583,short,USDJPY,session_range_fade,2.5,1.6,48
1780448400.0,1780470000.0,-1.3352,long,USDJPY,session_range_fade,2.5,1.6,48
1780599600.0,1780660800.0,-1.3681,short,USDJPY,session_range_fade,2.5,1.6,48
1780898400.0,1781020800.0,-1.2656,short,USDJPY,session_range_fade,2.5,1.6,48
1781060400.0,1781089200.0,-1.2996,short,USDJPY,session_range_fade,2.5,1.6,48
1781161200.0,1781197200.0,-1.4201,long,USDJPY,session_range_fade,2.5,1.6,48
1781524800.0,1781550000.0,-1.2502,short,USDJPY,session_range_fade,2.5,1.6,48
1781593200.0,1781618400.0,-1.247,short,USDJPY,session_range_fade,2.5,1.6,48
1781658000.0,1781679600.0,-1.3549,long,USDJPY,session_range_fade,2.5,1.6,48
1781708400.0,1781722800.0,2.2013,long,USDJPY,session_range_fade,2.5,1.6,48
1781773200.0,1781794800.0,-1.2229,short,USDJPY,session_range_fade,2.5,1.6,48
1781884800.0,1782133200.0,2.2587,long,USDJPY,session_range_fade,2.5,1.6,48
1782208800.0,1782381600.0,1.9073,long,USDJPY,session_range_fade,2.5,1.6,48
1782453600.0,1782460800.0,-1.3028,long,USDJPY,session_range_fade,2.5,1.6,48
1782694800.0,1782738000.0,-1.3444,short,USDJPY,session_range_fade,2.5,1.6,48
1782763200.0,1782777600.0,-1.4479,short,USDJPY,session_range_fade,2.5,1.6,48
1782900000.0,1782910800.0,-1.2439,long,USDJPY,session_range_fade,2.5,1.6,48
1782964800.0,1782972000.0,-1.3228,long,USDJPY,session_range_fade,2.5,1.6,48
1776247200.0,1776308400.0,2.3077,short,USDJPY,session_range_fade,2.5,1.6,96
1776384000.0,1776427200.0,2.3254,short,USDJPY,session_range_fade,2.5,1.6,96
1776729600.0,1776762000.0,-1.1589,short,USDJPY,session_range_fade,2.5,1.6,96
1776776400.0,1776780000.0,-1.2114,short,USDJPY,session_range_fade,2.5,1.6,96
1776808800.0,1776938400.0,-1.1305,short,USDJPY,session_range_fade,2.5,1.6,96
1776956400.0,1777258800.0,-1.1989,long,USDJPY,session_range_fade,2.5,1.6,96
1777276800.0,1777374000.0,2.3029,long,USDJPY,session_range_fade,2.5,1.6,96
1777438800.0,1777464000.0,-1.3147,short,USDJPY,session_range_fade,2.5,1.6,96
1777518000.0,1777528800.0,-1.1682,short,USDJPY,session_range_fade,2.5,1.6,96
1777953600.0,1777971600.0,-1.1471,short,USDJPY,session_range_fade,2.5,1.6,96
1778022000.0,1778040000.0,-1.1867,long,USDJPY,session_range_fade,2.5,1.6,96
1778133600.0,1778169600.0,-1.1509,short,USDJPY,session_range_fade,2.5,1.6,96
1778173200.0,1778198400.0,-1.1554,short,USDJPY,session_range_fade,2.5,1.6,96
1778227200.0,1778457600.0,-1.1994,short,USDJPY,session_range_fade,2.5,1.6,96
1778461200.0,1778544000.0,-1.1688,short,USDJPY,session_range_fade,2.5,1.6,96
1778619600.0,1778763600.0,-1.2272,long,USDJPY,session_range_fade,2.5,1.6,96
1778842800.0,1778875200.0,-1.1896,short,USDJPY,session_range_fade,2.5,1.6,96
1779098400.0,1779102000.0,-1.2204,long,USDJPY,session_range_fade,2.5,1.6,96
1779112800.0,1779289200.0,-1.1887,long,USDJPY,session_range_fade,2.5,1.6,96
1779346800.0,1779368400.0,-1.2848,short,USDJPY,session_range_fade,2.5,1.6,96
1779462000.0,1779667200.0,2.1778,short,USDJPY,session_range_fade,2.5,1.6,96
1779714000.0,1779800400.0,2.1555,long,USDJPY,session_range_fade,2.5,1.6,96
1779829200.0,1779861600.0,-1.3874,short,USDJPY,session_range_fade,2.5,1.6,96
1779865200.0,1779890400.0,-1.3594,short,USDJPY,session_range_fade,2.5,1.6,96
1779948000.0,1779969600.0,-1.3515,long,USDJPY,session_range_fade,2.5,1.6,96
1780059600.0,1780272000.0,-1.3583,short,USDJPY,session_range_fade,2.5,1.6,96
1780448400.0,1780470000.0,-1.3352,long,USDJPY,session_range_fade,2.5,1.6,96
1780599600.0,1780660800.0,-1.3681,short,USDJPY,session_range_fade,2.5,1.6,96
1780898400.0,1781020800.0,-1.2656,short,USDJPY,session_range_fade,2.5,1.6,96
1781060400.0,1781089200.0,-1.2996,short,USDJPY,session_range_fade,2.5,1.6,96
1781161200.0,1781197200.0,-1.4201,long,USDJPY,session_range_fade,2.5,1.6,96
1781524800.0,1781550000.0,-1.2502,short,USDJPY,session_range_fade,2.5,1.6,96
1781593200.0,1781618400.0,-1.247,short,USDJPY,session_range_fade,2.5,1.6,96
1781658000.0,1781679600.0,-1.3549,long,USDJPY,session_range_fade,2.5,1.6,96
1781708400.0,1781722800.0,2.2013,long,USDJPY,session_range_fade,2.5,1.6,96
1781773200.0,1781794800.0,-1.2229,short,USDJPY,session_range_fade,2.5,1.6,96
1781884800.0,1782133200.0,2.2587,long,USDJPY,session_range_fade,2.5,1.6,96
1782208800.0,1782385200.0,2.254,long,USDJPY,session_range_fade,2.5,1.6,96
1782453600.0,1782460800.0,-1.3028,long,USDJPY,session_range_fade,2.5,1.6,96
1782694800.0,1782738000.0,-1.3444,short,USDJPY,session_range_fade,2.5,1.6,96
1782763200.0,1782777600.0,-1.4479,short,USDJPY,session_range_fade,2.5,1.6,96
1782900000.0,1782910800.0,-1.2439,long,USDJPY,session_range_fade,2.5,1.6,96
1782964800.0,1782972000.0,-1.3228,long,USDJPY,session_range_fade,2.5,1.6,96
1776247200.0,1776333600.0,-0.3055,short,USDJPY,session_range_fade,2.5,2.0,24
1776384000.0,1776427200.0,2.3603,short,USDJPY,session_range_fade,2.5,2.0,24
1776729600.0,1776780000.0,-1.1271,short,USDJPY,session_range_fade,2.5,2.0,24
1776808800.0,1776895200.0,-0.2572,short,USDJPY,session_range_fade,2.5,2.0,24
1776931200.0,1777017600.0,-0.2937,short,USDJPY,session_range_fade,2.5,2.0,24
1777024800.0,1777028400.0,-1.2298,long,USDJPY,session_range_fade,2.5,2.0,24
1777276800.0,1777363200.0,0.9221,long,USDJPY,session_range_fade,2.5,2.0,24
1777438800.0,1777464000.0,-1.2518,short,USDJPY,session_range_fade,2.5,2.0,24
1777518000.0,1777536000.0,2.3655,short,USDJPY,session_range_fade,2.5,2.0,24
1777953600.0,1777971600.0,-1.1177,short,USDJPY,session_range_fade,2.5,2.0,24
1778022000.0,1778040000.0,-1.1493,long,USDJPY,session_range_fade,2.5,2.0,24
1778133600.0,1778173200.0,-1.1207,short,USDJPY,session_range_fade,2.5,2.0,24
1778176800.0,1778263200.0,0.0025,short,USDJPY,session_range_fade,2.5,2.0,24
1778266800.0,1778533200.0,1.0282,long,USDJPY,session_range_fade,2.5,2.0,24
1778540400.0,1778547600.0,-1.2194,short,USDJPY,session_range_fade,2.5,2.0,24
1778619600.0,1778706000.0,0.8874,long,USDJPY,session_range_fade,2.5,2.0,24
1778709600.0,1778731200.0,-1.211,long,USDJPY,session_range_fade,2.5,2.0,24
1778842800.0,1779058800.0,-1.1517,short,USDJPY,session_range_fade,2.5,2.0,24
1779098400.0,1779105600.0,-1.1763,long,USDJPY,session_range_fade,2.5,2.0,24
1779112800.0,1779199200.0,0.5491,long,USDJPY,session_range_fade,2.5,2.0,24
1779246000.0,1779332400.0,0.1457,long,USDJPY,session_range_fade,2.5,2.0,24
1779346800.0,1779368400.0,-1.2278,short,USDJPY,session_range_fade,2.5,2.0,24
1779462000.0,1779728400.0,1.356,short,USDJPY,session_range_fade,2.5,2.0,24
1779739200.0,1779778800.0,2.1204,long,USDJPY,session_range_fade,2.5,2.0,24
1779829200.0,1779868800.0,-1.3099,short,USDJPY,session_range_fade,2.5,2.0,24
1779948000.0,1779969600.0,-1.2812,long,USDJPY,session_range_fade,2.5,2.0,24
1780059600.0,1780272000.0,-1.2867,short,USDJPY,session_range_fade,2.5,2.0,24
1780448400.0,1780470000.0,-1.2681,long,USDJPY,session_range_fade,2.5,2.0,24
1780599600.0,1780660800.0,-1.2945,short,USDJPY,session_range_fade,2.5,2.0,24
1780898400.0,1780984800.0,0.1852,short,USDJPY,session_range_fade,2.5,2.0,24
1781060400.0,1781121600.0,-1.2397,short,USDJPY,session_range_fade,2.5,2.0,24
1781161200.0,1781197200.0,-1.3361,long,USDJPY,session_range_fade,2.5,2.0,24
1781524800.0,1781550000.0,-1.2002,short,USDJPY,session_range_fade,2.5,2.0,24
1781593200.0,1781640000.0,-1.1976,short,USDJPY,session_range_fade,2.5,2.0,24
1781658000.0,1781683200.0,-1.2839,long,USDJPY,session_range_fade,2.5,2.0,24
1781708400.0,1781722800.0,2.261,long,USDJPY,session_range_fade,2.5,2.0,24
1781773200.0,1781794800.0,-1.1783,short,USDJPY,session_range_fade,2.5,2.0,24
1781884800.0,1782136800.0,-1.193,long,USDJPY,session_range_fade,2.5,2.0,24
1782208800.0,1782295200.0,0.7336,long,USDJPY,session_range_fade,2.5,2.0,24
1782334800.0,1782385200.0,-1.2711,short,USDJPY,session_range_fade,2.5,2.0,24
1782453600.0,1782716400.0,0.3021,long,USDJPY,session_range_fade,2.5,2.0,24
1782720000.0,1782756000.0,-1.3889,short,USDJPY,session_range_fade,2.5,2.0,24
1782763200.0,1782777600.0,-1.3583,short,USDJPY,session_range_fade,2.5,2.0,24
1782900000.0,1782910800.0,-1.1951,long,USDJPY,session_range_fade,2.5,2.0,24
1782964800.0,1782972000.0,-1.2582,long,USDJPY,session_range_fade,2.5,2.0,24
1776247200.0,1776344400.0,-1.1538,short,USDJPY,session_range_fade,2.5,2.0,48
1776384000.0,1776427200.0,2.3603,short,USDJPY,session_range_fade,2.5,2.0,48
1776729600.0,1776780000.0,-1.1271,short,USDJPY,session_range_fade,2.5,2.0,48
1776808800.0,1776981600.0,-0.7267,short,USDJPY,session_range_fade,2.5,2.0,48
1777024800.0,1777028400.0,-1.2298,long,USDJPY,session_range_fade,2.5,2.0,48
1777276800.0,1777449600.0,1.9556,long,USDJPY,session_range_fade,2.5,2.0,48
1777518000.0,1777536000.0,2.3655,short,USDJPY,session_range_fade,2.5,2.0,48
1777953600.0,1777971600.0,-1.1177,short,USDJPY,session_range_fade,2.5,2.0,48
1778022000.0,1778040000.0,-1.1493,long,USDJPY,session_range_fade,2.5,2.0,48
1778133600.0,1778173200.0,-1.1207,short,USDJPY,session_range_fade,2.5,2.0,48
1778176800.0,1778464800.0,-1.118,short,USDJPY,session_range_fade,2.5,2.0,48
1778468400.0,1778547600.0,-1.1358,short,USDJPY,session_range_fade,2.5,2.0,48
1778619600.0,1778763600.0,-1.1818,long,USDJPY,session_range_fade,2.5,2.0,48
1778842800.0,1779058800.0,-1.1517,short,USDJPY,session_range_fade,2.5,2.0,48
1779098400.0,1779105600.0,-1.1763,long,USDJPY,session_range_fade,2.5,2.0,48
1779112800.0,1779285600.0,-0.0591,long,USDJPY,session_range_fade,2.5,2.0,48
1779346800.0,1779368400.0,-1.2278,short,USDJPY,session_range_fade,2.5,2.0,48
1779462000.0,1779807600.0,-1.2578,short,USDJPY,session_range_fade,2.5,2.0,48
1779829200.0,1779868800.0,-1.3099,short,USDJPY,session_range_fade,2.5,2.0,48
1779948000.0,1779969600.0,-1.2812,long,USDJPY,session_range_fade,2.5,2.0,48
1780059600.0,1780272000.0,-1.2867,short,USDJPY,session_range_fade,2.5,2.0,48
1780448400.0,1780470000.0,-1.2681,long,USDJPY,session_range_fade,2.5,2.0,48
1780599600.0,1780660800.0,-1.2945,short,USDJPY,session_range_fade,2.5,2.0,48
1780898400.0,1781071200.0,-0.7428,short,USDJPY,session_range_fade,2.5,2.0,48
1781078400.0,1781121600.0,-1.3227,short,USDJPY,session_range_fade,2.5,2.0,48
1781161200.0,1781197200.0,-1.3361,long,USDJPY,session_range_fade,2.5,2.0,48
1781524800.0,1781550000.0,-1.2002,short,USDJPY,session_range_fade,2.5,2.0,48
1781593200.0,1781640000.0,-1.1976,short,USDJPY,session_range_fade,2.5,2.0,48
1781658000.0,1781683200.0,-1.2839,long,USDJPY,session_range_fade,2.5,2.0,48
1781708400.0,1781722800.0,2.261,long,USDJPY,session_range_fade,2.5,2.0,48
1781773200.0,1781794800.0,-1.1783,short,USDJPY,session_range_fade,2.5,2.0,48
1781884800.0,1782136800.0,-1.193,long,USDJPY,session_range_fade,2.5,2.0,48
1782208800.0,1782381600.0,1.5258,long,USDJPY,session_range_fade,2.5,2.0,48
1782453600.0,1782777600.0,2.2578,long,USDJPY,session_range_fade,2.5,2.0,48
1782900000.0,1782910800.0,-1.1951,long,USDJPY,session_range_fade,2.5,2.0,48
1782964800.0,1782972000.0,-1.2582,long,USDJPY,session_range_fade,2.5,2.0,48
1776247200.0,1776344400.0,-1.1538,short,USDJPY,session_range_fade,2.5,2.0,96
1776384000.0,1776427200.0,2.3603,short,USDJPY,session_range_fade,2.5,2.0,96
1776729600.0,1776780000.0,-1.1271,short,USDJPY,session_range_fade,2.5,2.0,96
1776808800.0,1777334400.0,-0.2354,short,USDJPY,session_range_fade,2.5,2.0,96
1777438800.0,1777464000.0,-1.2518,short,USDJPY,session_range_fade,2.5,2.0,96
1777518000.0,1777536000.0,2.3655,short,USDJPY,session_range_fade,2.5,2.0,96
1777953600.0,1777971600.0,-1.1177,short,USDJPY,session_range_fade,2.5,2.0,96
1778022000.0,1778040000.0,-1.1493,long,USDJPY,session_range_fade,2.5,2.0,96
1778133600.0,1778173200.0,-1.1207,short,USDJPY,session_range_fade,2.5,2.0,96
1778176800.0,1778464800.0,-1.118,short,USDJPY,session_range_fade,2.5,2.0,96
1778468400.0,1778547600.0,-1.1358,short,USDJPY,session_range_fade,2.5,2.0,96
1778619600.0,1778763600.0,-1.1818,long,USDJPY,session_range_fade,2.5,2.0,96
1778842800.0,1779058800.0,-1.1517,short,USDJPY,session_range_fade,2.5,2.0,96
1779098400.0,1779105600.0,-1.1763,long,USDJPY,session_range_fade,2.5,2.0,96
1779112800.0,1779458400.0,0.6694,long,USDJPY,session_range_fade,2.5,2.0,96
1779462000.0,1779807600.0,-1.2578,short,USDJPY,session_range_fade,2.5,2.0,96
1779829200.0,1779868800.0,-1.3099,short,USDJPY,session_range_fade,2.5,2.0,96
1779948000.0,1779969600.0,-1.2812,long,USDJPY,session_range_fade,2.5,2.0,96
1780059600.0,1780272000.0,-1.2867,short,USDJPY,session_range_fade,2.5,2.0,96
1780448400.0,1780470000.0,-1.2681,long,USDJPY,session_range_fade,2.5,2.0,96
1780599600.0,1780660800.0,-1.2945,short,USDJPY,session_range_fade,2.5,2.0,96
1780898400.0,1781089200.0,-1.2125,short,USDJPY,session_range_fade,2.5,2.0,96
1781161200.0,1781197200.0,-1.3361,long,USDJPY,session_range_fade,2.5,2.0,96
1781524800.0,1781550000.0,-1.2002,short,USDJPY,session_range_fade,2.5,2.0,96
1781593200.0,1781640000.0,-1.1976,short,USDJPY,session_range_fade,2.5,2.0,96
1781658000.0,1781683200.0,-1.2839,long,USDJPY,session_range_fade,2.5,2.0,96
1781708400.0,1781722800.0,2.261,long,USDJPY,session_range_fade,2.5,2.0,96
1781773200.0,1781794800.0,-1.1783,short,USDJPY,session_range_fade,2.5,2.0,96
1781884800.0,1782136800.0,-1.193,long,USDJPY,session_range_fade,2.5,2.0,96
1782208800.0,1782730800.0,1.3471,long,USDJPY,session_range_fade,2.5,2.0,96
1782763200.0,1782777600.0,-1.3583,short,USDJPY,session_range_fade,2.5,2.0,96
1782900000.0,1782910800.0,-1.1951,long,USDJPY,session_range_fade,2.5,2.0,96
1782964800.0,1782972000.0,-1.2582,long,USDJPY,session_range_fade,2.5,2.0,96
1776247200.0,1776333600.0,-0.2444,short,USDJPY,session_range_fade,2.5,2.5,24
1776384000.0,1776430800.0,2.3882,short,USDJPY,session_range_fade,2.5,2.5,24
1776729600.0,1776783600.0,-1.1017,short,USDJPY,session_range_fade,2.5,2.5,24
1776808800.0,1776895200.0,-0.2058,short,USDJPY,session_range_fade,2.5,2.5,24
1776931200.0,1777017600.0,-0.2349,short,USDJPY,session_range_fade,2.5,2.5,24
1777024800.0,1777028400.0,-1.1838,long,USDJPY,session_range_fade,2.5,2.5,24
1777276800.0,1777363200.0,0.7377,long,USDJPY,session_range_fade,2.5,2.5,24
1777438800.0,1777464000.0,-1.2014,short,USDJPY,session_range_fade,2.5,2.5,24
1777518000.0,1777539600.0,2.3924,short,USDJPY,session_range_fade,2.5,2.5,24
1777953600.0,1777971600.0,-1.0942,short,USDJPY,session_range_fade,2.5,2.5,24
1778022000.0,1778040000.0,-1.1195,long,USDJPY,session_range_fade,2.5,2.5,24
1778133600.0,1778173200.0,-1.0966,short,USDJPY,session_range_fade,2.5,2.5,24
1778176800.0,1778263200.0,0.002,short,USDJPY,session_range_fade,2.5,2.5,24
1778266800.0,1778533200.0,0.8226,long,USDJPY,session_range_fade,2.5,2.5,24
1778540400.0,1778547600.0,-1.1755,short,USDJPY,session_range_fade,2.5,2.5,24
1778619600.0,1778706000.0,0.7099,long,USDJPY,session_range_fade,2.5,2.5,24
1778709600.0,1778731200.0,-1.1688,long,USDJPY,session_range_fade,2.5,2.5,24
1778842800.0,1779062400.0,-1.1214,short,USDJPY,session_range_fade,2.5,2.5,24
1779098400.0,1779184800.0,0.3648,long,USDJPY,session_range_fade,2.5,2.5,24
1779246000.0,1779332400.0,0.1166,long,USDJPY,session_range_fade,2.5,2.5,24
1779346800.0,1779368400.0,-1.1822,short,USDJPY,session_range_fade,2.5,2.5,24
1779462000.0,1779728400.0,1.0848,short,USDJPY,session_range_fade,2.5,2.5,24
1779739200.0,1779800400.0,2.1963,long,USDJPY,session_range_fade,2.5,2.5,24
1779829200.0,1779868800.0,-1.2479,short,USDJPY,session_range_fade,2.5,2.5,24
1779948000.0,1779976800.0,-1.225,long,USDJPY,session_range_fade,2.5,2.5,24
1780059600.0,1780318800.0,-1.2293,short,USDJPY,session_range_fade,2.5,2.5,24
1780448400.0,1780470000.0,-1.2145,long,USDJPY,session_range_fade,2.5,2.5,24
1780599600.0,1780660800.0,-1.2356,short,USDJPY,session_range_fade,2.5,2.5,24
1780898400.0,1780984800.0,0.1482,short,USDJPY,session_range_fade,2.5,2.5,24
1781060400.0,1781146800.0,-0.8056,short,USDJPY,session_range_fade,2.5,2.5,24
1781161200.0,1781197200.0,-1.2689,long,USDJPY,session_range_fade,2.5,2.5,24
1781524800.0,1781611200.0,-0.7801,short,USDJPY,session_range_fade,2.5,2.5,24
1781658000.0,1781683200.0,-1.2271,long,USDJPY,session_range_fade,2.5,2.5,24
1781708400.0,1781776800.0,2.3088,long,USDJPY,session_range_fade,2.5,2.5,24
1781884800.0,1782147600.0,0.4039,long,USDJPY,session_range_fade,2.5,2.5,24
1782208800.0,1782295200.0,0.5869,long,USDJPY,session_range_fade,2.5,2.5,24
1782334800.0,1782421200.0,-0.199,short,USDJPY,session_range_fade,2.5,2.5,24
1782453600.0,1782716400.0,0.2416,long,USDJPY,session_range_fade,2.5,2.5,24
1782720000.0,1782777600.0,-1.3111,short,USDJPY,session_range_fade,2.5,2.5,24
1782900000.0,1782910800.0,-1.1561,long,USDJPY,session_range_fade,2.5,2.5,24
1782964800.0,1782972000.0,-1.2066,long,USDJPY,session_range_fade,2.5,2.5,24
1776247200.0,1776384000.0,-1.1231,short,USDJPY,session_range_fade,2.5,2.5,48
1776394800.0,1776427200.0,2.3703,short,USDJPY,session_range_fade,2.5,2.5,48
1776729600.0,1776783600.0,-1.1017,short,USDJPY,session_range_fade,2.5,2.5,48
1776808800.0,1776981600.0,-0.5813,short,USDJPY,session_range_fade,2.5,2.5,48
1777024800.0,1777028400.0,-1.1838,long,USDJPY,session_range_fade,2.5,2.5,48
1777276800.0,1777449600.0,1.5645,long,USDJPY,session_range_fade,2.5,2.5,48
1777518000.0,1777539600.0,2.3924,short,USDJPY,session_range_fade,2.5,2.5,48
1777953600.0,1777971600.0,-1.0942,short,USDJPY,session_range_fade,2.5,2.5,48
1778022000.0,1778040000.0,-1.1195,long,USDJPY,session_range_fade,2.5,2.5,48
1778133600.0,1778173200.0,-1.0966,short,USDJPY,session_range_fade,2.5,2.5,48
1778176800.0,1778526000.0,-1.0944,short,USDJPY,session_range_fade,2.5,2.5,48
1778533200.0,1778562000.0,-1.164,long,USDJPY,session_range_fade,2.5,2.5,48
1778619600.0,1778785200.0,2.3546,long,USDJPY,session_range_fade,2.5,2.5,48
1778842800.0,1779062400.0,-1.1214,short,USDJPY,session_range_fade,2.5,2.5,48
1779098400.0,1779271200.0,0.0572,long,USDJPY,session_range_fade,2.5,2.5,48
1779285600.0,1779458400.0,0.522,long,USDJPY,session_range_fade,2.5,2.5,48
1779462000.0,1779814800.0,-0.9187,short,USDJPY,session_range_fade,2.5,2.5,48
1779829200.0,1779868800.0,-1.2479,short,USDJPY,session_range_fade,2.5,2.5,48
1779948000.0,1779976800.0,-1.225,long,USDJPY,session_range_fade,2.5,2.5,48
1780059600.0,1780318800.0,-1.2293,short,USDJPY,session_range_fade,2.5,2.5,48
1780448400.0,1780470000.0,-1.2145,long,USDJPY,session_range_fade,2.5,2.5,48
1780599600.0,1780660800.0,-1.2356,short,USDJPY,session_range_fade,2.5,2.5,48
1780898400.0,1781071200.0,-0.5943,short,USDJPY,session_range_fade,2.5,2.5,48
1781078400.0,1781200800.0,2.2419,short,USDJPY,session_range_fade,2.5,2.5,48
1781524800.0,1781618400.0,-1.1601,short,USDJPY,session_range_fade,2.5,2.5,48
1781658000.0,1781683200.0,-1.2271,long,USDJPY,session_range_fade,2.5,2.5,48
1781708400.0,1781776800.0,2.3088,long,USDJPY,session_range_fade,2.5,2.5,48
1781884800.0,1782234000.0,0.5858,long,USDJPY,session_range_fade,2.5,2.5,48
1782273600.0,1782288000.0,-1.2432,short,USDJPY,session_range_fade,2.5,2.5,48
1782334800.0,1782507600.0,-0.1766,short,USDJPY,session_range_fade,2.5,2.5,48
1782694800.0,1782777600.0,-1.2204,short,USDJPY,session_range_fade,2.5,2.5,48
1782900000.0,1782910800.0,-1.1561,long,USDJPY,session_range_fade,2.5,2.5,48
1782964800.0,1782972000.0,-1.2066,long,USDJPY,session_range_fade,2.5,2.5,48
1776247200.0,1776384000.0,-1.1231,short,USDJPY,session_range_fade,2.5,2.5,96
1776394800.0,1776427200.0,2.3703,short,USDJPY,session_range_fade,2.5,2.5,96
1776729600.0,1776783600.0,-1.1017,short,USDJPY,session_range_fade,2.5,2.5,96
1776808800.0,1777334400.0,-0.1883,short,USDJPY,session_range_fade,2.5,2.5,96
1777438800.0,1777464000.0,-1.2014,short,USDJPY,session_range_fade,2.5,2.5,96
1777518000.0,1777539600.0,2.3924,short,USDJPY,session_range_fade,2.5,2.5,96
1777953600.0,1777971600.0,-1.0942,short,USDJPY,session_range_fade,2.5,2.5,96
1778022000.0,1778040000.0,-1.1195,long,USDJPY,session_range_fade,2.5,2.5,96
1778133600.0,1778173200.0,-1.0966,short,USDJPY,session_range_fade,2.5,2.5,96
1778176800.0,1778526000.0,-1.0944,short,USDJPY,session_range_fade,2.5,2.5,96
1778533200.0,1778562000.0,-1.164,long,USDJPY,session_range_fade,2.5,2.5,96
1778619600.0,1778785200.0,2.3546,long,USDJPY,session_range_fade,2.5,2.5,96
1778842800.0,1779062400.0,-1.1214,short,USDJPY,session_range_fade,2.5,2.5,96
1779098400.0,1779289200.0,-1.141,long,USDJPY,session_range_fade,2.5,2.5,96
1779346800.0,1779368400.0,-1.1822,short,USDJPY,session_range_fade,2.5,2.5,96
1779462000.0,1779868800.0,-1.2062,short,USDJPY,session_range_fade,2.5,2.5,96
1779948000.0,1779976800.0,-1.225,long,USDJPY,session_range_fade,2.5,2.5,96
1780059600.0,1780318800.0,-1.2293,short,USDJPY,session_range_fade,2.5,2.5,96
1780448400.0,1780470000.0,-1.2145,long,USDJPY,session_range_fade,2.5,2.5,96
1780599600.0,1780660800.0,-1.2356,short,USDJPY,session_range_fade,2.5,2.5,96
1780898400.0,1781110800.0,-1.17,short,USDJPY,session_range_fade,2.5,2.5,96
1781161200.0,1781197200.0,-1.2689,long,USDJPY,session_range_fade,2.5,2.5,96
1781524800.0,1781618400.0,-1.1601,short,USDJPY,session_range_fade,2.5,2.5,96
1781658000.0,1781683200.0,-1.2271,long,USDJPY,session_range_fade,2.5,2.5,96
1781708400.0,1781776800.0,2.3088,long,USDJPY,session_range_fade,2.5,2.5,96
1781884800.0,1782406800.0,1.2751,long,USDJPY,session_range_fade,2.5,2.5,96
1782453600.0,1782777600.0,2.3062,long,USDJPY,session_range_fade,2.5,2.5,96
1782900000.0,1782910800.0,-1.1561,long,USDJPY,session_range_fade,2.5,2.5,96
1782964800.0,1782972000.0,-1.2066,long,USDJPY,session_range_fade,2.5,2.5,96
1766016000.0,1766062800.0,1.3102,long,AUDUSD,round_level_sweep,1.5,1.3,24
1766494800.0,1766516400.0,-1.2376,short,AUDUSD,round_level_sweep,1.5,1.3,24
1766617200.0,1766646000.0,-1.2849,long,AUDUSD,round_level_sweep,1.5,1.3,24
1768302000.0,1768309200.0,-1.299,long,AUDUSD,round_level_sweep,1.5,1.3,24
1769047200.0,1769054400.0,-1.1586,short,AUDUSD,round_level_sweep,1.5,1.3,24
1766016000.0,1766062800.0,1.3102,long,AUDUSD,round_level_sweep,1.5,1.3,48
1766494800.0,1766516400.0,-1.2376,short,AUDUSD,round_level_sweep,1.5,1.3,48
1766617200.0,1766646000.0,-1.2849,long,AUDUSD,round_level_sweep,1.5,1.3,48
1768302000.0,1768309200.0,-1.299,long,AUDUSD,round_level_sweep,1.5,1.3,48
1769047200.0,1769054400.0,-1.1586,short,AUDUSD,round_level_sweep,1.5,1.3,48
1766016000.0,1766062800.0,1.3102,long,AUDUSD,round_level_sweep,1.5,1.3,96
1766494800.0,1766516400.0,-1.2376,short,AUDUSD,round_level_sweep,1.5,1.3,96
1766617200.0,1766646000.0,-1.2849,long,AUDUSD,round_level_sweep,1.5,1.3,96
1768302000.0,1768309200.0,-1.299,long,AUDUSD,round_level_sweep,1.5,1.3,96
1769047200.0,1769054400.0,-1.1586,short,AUDUSD,round_level_sweep,1.5,1.3,96
1766016000.0,1766062800.0,1.3458,long,AUDUSD,round_level_sweep,1.5,1.6,24
1766494800.0,1766523600.0,-1.193,short,AUDUSD,round_level_sweep,1.5,1.6,24
1766617200.0,1766649600.0,-1.2315,long,AUDUSD,round_level_sweep,1.5,1.6,24
1768302000.0,1768309200.0,1.2571,long,AUDUSD,round_level_sweep,1.5,1.6,24
1769047200.0,1769086800.0,-1.1288,short,AUDUSD,round_level_sweep,1.5,1.6,24
1766016000.0,1766062800.0,1.3458,long,AUDUSD,round_level_sweep,1.5,1.6,48
1766494800.0,1766523600.0,-1.193,short,AUDUSD,round_level_sweep,1.5,1.6,48
1766617200.0,1766649600.0,-1.2315,long,AUDUSD,round_level_sweep,1.5,1.6,48
1768302000.0,1768309200.0,1.2571,long,AUDUSD,round_level_sweep,1.5,1.6,48
1769047200.0,1769086800.0,-1.1288,short,AUDUSD,round_level_sweep,1.5,1.6,48
1766016000.0,1766062800.0,1.3458,long,AUDUSD,round_level_sweep,1.5,1.6,96
1766494800.0,1766523600.0,-1.193,short,AUDUSD,round_level_sweep,1.5,1.6,96
1766617200.0,1766649600.0,-1.2315,long,AUDUSD,round_level_sweep,1.5,1.6,96
1768302000.0,1768309200.0,1.2571,long,AUDUSD,round_level_sweep,1.5,1.6,96
1769047200.0,1769086800.0,-1.1288,short,AUDUSD,round_level_sweep,1.5,1.6,96
1766016000.0,1766062800.0,1.3766,long,AUDUSD,round_level_sweep,1.5,2.0,24
1766494800.0,1766534400.0,-1.1544,short,AUDUSD,round_level_sweep,1.5,2.0,24
1766617200.0,1766649600.0,-1.1852,long,AUDUSD,round_level_sweep,1.5,2.0,24
1768302000.0,1768309200.0,1.3057,long,AUDUSD,round_level_sweep,1.5,2.0,24
1769047200.0,1769090400.0,-1.1031,short,AUDUSD,round_level_sweep,1.5,2.0,24
1766016000.0,1766062800.0,1.3766,long,AUDUSD,round_level_sweep,1.5,2.0,48
1766494800.0,1766534400.0,-1.1544,short,AUDUSD,round_level_sweep,1.5,2.0,48
1766617200.0,1766649600.0,-1.1852,long,AUDUSD,round_level_sweep,1.5,2.0,48
1768302000.0,1768309200.0,1.3057,long,AUDUSD,round_level_sweep,1.5,2.0,48
1769047200.0,1769090400.0,-1.1031,short,AUDUSD,round_level_sweep,1.5,2.0,48
1766016000.0,1766062800.0,1.3766,long,AUDUSD,round_level_sweep,1.5,2.0,96
1766494800.0,1766534400.0,-1.1544,short,AUDUSD,round_level_sweep,1.5,2.0,96
1766617200.0,1766649600.0,-1.1852,long,AUDUSD,round_level_sweep,1.5,2.0,96
1768302000.0,1768309200.0,1.3057,long,AUDUSD,round_level_sweep,1.5,2.0,96
1769047200.0,1769090400.0,-1.1031,short,AUDUSD,round_level_sweep,1.5,2.0,96
1766016000.0,1766102400.0,0.8384,long,AUDUSD,round_level_sweep,1.5,2.5,24
1766494800.0,1766538000.0,-1.1235,short,AUDUSD,round_level_sweep,1.5,2.5,24
1766617200.0,1766649600.0,-1.1482,long,AUDUSD,round_level_sweep,1.5,2.5,24
1768302000.0,1768316400.0,-1.1555,long,AUDUSD,round_level_sweep,1.5,2.5,24
1769047200.0,1769094000.0,-1.0825,short,AUDUSD,round_level_sweep,1.5,2.5,24
1766016000.0,1766365200.0,0.7947,long,AUDUSD,round_level_sweep,1.5,2.5,48
1766494800.0,1766538000.0,-1.1235,short,AUDUSD,round_level_sweep,1.5,2.5,48
1766617200.0,1766649600.0,-1.1482,long,AUDUSD,round_level_sweep,1.5,2.5,48
1768302000.0,1768316400.0,-1.1555,long,AUDUSD,round_level_sweep,1.5,2.5,48
1769047200.0,1769094000.0,-1.0825,short,AUDUSD,round_level_sweep,1.5,2.5,48
1766016000.0,1766386800.0,1.4013,long,AUDUSD,round_level_sweep,1.5,2.5,96
1766494800.0,1766538000.0,-1.1235,short,AUDUSD,round_level_sweep,1.5,2.5,96
1766617200.0,1766649600.0,-1.1482,long,AUDUSD,round_level_sweep,1.5,2.5,96
1768302000.0,1768316400.0,-1.1555,long,AUDUSD,round_level_sweep,1.5,2.5,96
1769047200.0,1769094000.0,-1.0825,short,AUDUSD,round_level_sweep,1.5,2.5,96
1766016000.0,1766062800.0,1.8102,long,AUDUSD,round_level_sweep,2.0,1.3,24
1766494800.0,1766516400.0,-1.2376,short,AUDUSD,round_level_sweep,2.0,1.3,24
1766617200.0,1766646000.0,-1.2849,long,AUDUSD,round_level_sweep,2.0,1.3,24
1768302000.0,1768309200.0,-1.299,long,AUDUSD,round_level_sweep,2.0,1.3,24
1769047200.0,1769054400.0,-1.1586,short,AUDUSD,round_level_sweep,2.0,1.3,24
1766016000.0,1766062800.0,1.8102,long,AUDUSD,round_level_sweep,2.0,1.3,48
1766494800.0,1766516400.0,-1.2376,short,AUDUSD,round_level_sweep,2.0,1.3,48
1766617200.0,1766646000.0,-1.2849,long,AUDUSD,round_level_sweep,2.0,1.3,48
1768302000.0,1768309200.0,-1.299,long,AUDUSD,round_level_sweep,2.0,1.3,48
1769047200.0,1769054400.0,-1.1586,short,AUDUSD,round_level_sweep,2.0,1.3,48
1766016000.0,1766062800.0,1.8102,long,AUDUSD,round_level_sweep,2.0,1.3,96
1766494800.0,1766516400.0,-1.2376,short,AUDUSD,round_level_sweep,2.0,1.3,96
1766617200.0,1766646000.0,-1.2849,long,AUDUSD,round_level_sweep,2.0,1.3,96
1768302000.0,1768309200.0,-1.299,long,AUDUSD,round_level_sweep,2.0,1.3,96
1769047200.0,1769054400.0,-1.1586,short,AUDUSD,round_level_sweep,2.0,1.3,96
1766016000.0,1766062800.0,1.8458,long,AUDUSD,round_level_sweep,2.0,1.6,24
1766494800.0,1766523600.0,-1.193,short,AUDUSD,round_level_sweep,2.0,1.6,24
1766617200.0,1766649600.0,-1.2315,long,AUDUSD,round_level_sweep,2.0,1.6,24
1768302000.0,1768316400.0,-1.2429,long,AUDUSD,round_level_sweep,2.0,1.6,24
1769047200.0,1769086800.0,-1.1288,short,AUDUSD,round_level_sweep,2.0,1.6,24
1766016000.0,1766062800.0,1.8458,long,AUDUSD,round_level_sweep,2.0,1.6,48
1766494800.0,1766523600.0,-1.193,short,AUDUSD,round_level_sweep,2.0,1.6,48
1766617200.0,1766649600.0,-1.2315,long,AUDUSD,round_level_sweep,2.0,1.6,48
1768302000.0,1768316400.0,-1.2429,long,AUDUSD,round_level_sweep,2.0,1.6,48
1769047200.0,1769086800.0,-1.1288,short,AUDUSD,round_level_sweep,2.0,1.6,48
1766016000.0,1766062800.0,1.8458,long,AUDUSD,round_level_sweep,2.0,1.6,96
1766494800.0,1766523600.0,-1.193,short,AUDUSD,round_level_sweep,2.0,1.6,96
1766617200.0,1766649600.0,-1.2315,long,AUDUSD,round_level_sweep,2.0,1.6,96
1768302000.0,1768316400.0,-1.2429,long,AUDUSD,round_level_sweep,2.0,1.6,96
1769047200.0,1769086800.0,-1.1288,short,AUDUSD,round_level_sweep,2.0,1.6,96
1766016000.0,1766102400.0,1.048,long,AUDUSD,round_level_sweep,2.0,2.0,24
1766494800.0,1766534400.0,-1.1544,short,AUDUSD,round_level_sweep,2.0,2.0,24
1766617200.0,1766649600.0,-1.1852,long,AUDUSD,round_level_sweep,2.0,2.0,24
1768302000.0,1768316400.0,-1.1943,long,AUDUSD,round_level_sweep,2.0,2.0,24
1769047200.0,1769090400.0,-1.1031,short,AUDUSD,round_level_sweep,2.0,2.0,24
1766016000.0,1766365200.0,0.9933,long,AUDUSD,round_level_sweep,2.0,2.0,48
1766494800.0,1766534400.0,-1.1544,short,AUDUSD,round_level_sweep,2.0,2.0,48
1766617200.0,1766649600.0,-1.1852,long,AUDUSD,round_level_sweep,2.0,2.0,48
1768302000.0,1768316400.0,-1.1943,long,AUDUSD,round_level_sweep,2.0,2.0,48
1769047200.0,1769090400.0,-1.1031,short,AUDUSD,round_level_sweep,2.0,2.0,48
1766016000.0,1766386800.0,1.8766,long,AUDUSD,round_level_sweep,2.0,2.0,96
1766494800.0,1766534400.0,-1.1544,short,AUDUSD,round_level_sweep,2.0,2.0,96
1766617200.0,1766649600.0,-1.1852,long,AUDUSD,round_level_sweep,2.0,2.0,96
1768302000.0,1768316400.0,-1.1943,long,AUDUSD,round_level_sweep,2.0,2.0,96
1769047200.0,1769090400.0,-1.1031,short,AUDUSD,round_level_sweep,2.0,2.0,96
1766016000.0,1766102400.0,0.8384,long,AUDUSD,round_level_sweep,2.0,2.5,24
1766494800.0,1766538000.0,-1.1235,short,AUDUSD,round_level_sweep,2.0,2.5,24
1766617200.0,1766649600.0,-1.1482,long,AUDUSD,round_level_sweep,2.0,2.5,24
1768302000.0,1768316400.0,-1.1555,long,AUDUSD,round_level_sweep,2.0,2.5,24
1769047200.0,1769094000.0,-1.0825,short,AUDUSD,round_level_sweep,2.0,2.5,24
1766016000.0,1766365200.0,0.7947,long,AUDUSD,round_level_sweep,2.0,2.5,48
1766494800.0,1766538000.0,-1.1235,short,AUDUSD,round_level_sweep,2.0,2.5,48
1766617200.0,1766649600.0,-1.1482,long,AUDUSD,round_level_sweep,2.0,2.5,48
1768302000.0,1768316400.0,-1.1555,long,AUDUSD,round_level_sweep,2.0,2.5,48
1769047200.0,1769094000.0,-1.0825,short,AUDUSD,round_level_sweep,2.0,2.5,48
1766016000.0,1766404800.0,1.9013,long,AUDUSD,round_level_sweep,2.0,2.5,96
1766494800.0,1766538000.0,-1.1235,short,AUDUSD,round_level_sweep,2.0,2.5,96
1766617200.0,1766649600.0,-1.1482,long,AUDUSD,round_level_sweep,2.0,2.5,96
1768302000.0,1768316400.0,-1.1555,long,AUDUSD,round_level_sweep,2.0,2.5,96
1769047200.0,1769094000.0,-1.0825,short,AUDUSD,round_level_sweep,2.0,2.5,96
1766016000.0,1766066400.0,2.3102,long,AUDUSD,round_level_sweep,2.5,1.3,24
1766494800.0,1766516400.0,-1.2376,short,AUDUSD,round_level_sweep,2.5,1.3,24
1766617200.0,1766646000.0,-1.2849,long,AUDUSD,round_level_sweep,2.5,1.3,24
1768302000.0,1768309200.0,-1.299,long,AUDUSD,round_level_sweep,2.5,1.3,24
1769047200.0,1769054400.0,-1.1586,short,AUDUSD,round_level_sweep,2.5,1.3,24
1766016000.0,1766066400.0,2.3102,long,AUDUSD,round_level_sweep,2.5,1.3,48
1766494800.0,1766516400.0,-1.2376,short,AUDUSD,round_level_sweep,2.5,1.3,48
1766617200.0,1766646000.0,-1.2849,long,AUDUSD,round_level_sweep,2.5,1.3,48
1768302000.0,1768309200.0,-1.299,long,AUDUSD,round_level_sweep,2.5,1.3,48
1769047200.0,1769054400.0,-1.1586,short,AUDUSD,round_level_sweep,2.5,1.3,48
1766016000.0,1766066400.0,2.3102,long,AUDUSD,round_level_sweep,2.5,1.3,96
1766494800.0,1766516400.0,-1.2376,short,AUDUSD,round_level_sweep,2.5,1.3,96
1766617200.0,1766646000.0,-1.2849,long,AUDUSD,round_level_sweep,2.5,1.3,96
1768302000.0,1768309200.0,-1.299,long,AUDUSD,round_level_sweep,2.5,1.3,96
1769047200.0,1769054400.0,-1.1586,short,AUDUSD,round_level_sweep,2.5,1.3,96
1766016000.0,1766102400.0,1.31,long,AUDUSD,round_level_sweep,2.5,1.6,24
1766494800.0,1766523600.0,-1.193,short,AUDUSD,round_level_sweep,2.5,1.6,24
1766617200.0,1766649600.0,-1.2315,long,AUDUSD,round_level_sweep,2.5,1.6,24
1768302000.0,1768316400.0,-1.2429,long,AUDUSD,round_level_sweep,2.5,1.6,24
1769047200.0,1769086800.0,-1.1288,short,AUDUSD,round_level_sweep,2.5,1.6,24
1766016000.0,1766365200.0,1.2417,long,AUDUSD,round_level_sweep,2.5,1.6,48
1766494800.0,1766523600.0,-1.193,short,AUDUSD,round_level_sweep,2.5,1.6,48
1766617200.0,1766649600.0,-1.2315,long,AUDUSD,round_level_sweep,2.5,1.6,48
1768302000.0,1768316400.0,-1.2429,long,AUDUSD,round_level_sweep,2.5,1.6,48
1769047200.0,1769086800.0,-1.1288,short,AUDUSD,round_level_sweep,2.5,1.6,48
1766016000.0,1766386800.0,2.3458,long,AUDUSD,round_level_sweep,2.5,1.6,96
1766494800.0,1766523600.0,-1.193,short,AUDUSD,round_level_sweep,2.5,1.6,96
1766617200.0,1766649600.0,-1.2315,long,AUDUSD,round_level_sweep,2.5,1.6,96
1768302000.0,1768316400.0,-1.2429,long,AUDUSD,round_level_sweep,2.5,1.6,96
1769047200.0,1769086800.0,-1.1288,short,AUDUSD,round_level_sweep,2.5,1.6,96
1766016000.0,1766102400.0,1.048,long,AUDUSD,round_level_sweep,2.5,2.0,24
1766494800.0,1766534400.0,-1.1544,short,AUDUSD,round_level_sweep,2.5,2.0,24
1766617200.0,1766649600.0,-1.1852,long,AUDUSD,round_level_sweep,2.5,2.0,24
1768302000.0,1768316400.0,-1.1943,long,AUDUSD,round_level_sweep,2.5,2.0,24
1769047200.0,1769090400.0,-1.1031,short,AUDUSD,round_level_sweep,2.5,2.0,24
1766016000.0,1766365200.0,0.9933,long,AUDUSD,round_level_sweep,2.5,2.0,48
1766494800.0,1766534400.0,-1.1544,short,AUDUSD,round_level_sweep,2.5,2.0,48
1766617200.0,1766649600.0,-1.1852,long,AUDUSD,round_level_sweep,2.5,2.0,48
1768302000.0,1768316400.0,-1.1943,long,AUDUSD,round_level_sweep,2.5,2.0,48
1769047200.0,1769090400.0,-1.1031,short,AUDUSD,round_level_sweep,2.5,2.0,48
1766016000.0,1766404800.0,2.3766,long,AUDUSD,round_level_sweep,2.5,2.0,96
1766494800.0,1766534400.0,-1.1544,short,AUDUSD,round_level_sweep,2.5,2.0,96
1766617200.0,1766649600.0,-1.1852,long,AUDUSD,round_level_sweep,2.5,2.0,96
1768302000.0,1768316400.0,-1.1943,long,AUDUSD,round_level_sweep,2.5,2.0,96
1769047200.0,1769090400.0,-1.1031,short,AUDUSD,round_level_sweep,2.5,2.0,96
1766016000.0,1766102400.0,0.8384,long,AUDUSD,round_level_sweep,2.5,2.5,24
1766494800.0,1766538000.0,-1.1235,short,AUDUSD,round_level_sweep,2.5,2.5,24
1766617200.0,1766649600.0,-1.1482,long,AUDUSD,round_level_sweep,2.5,2.5,24
1768302000.0,1768316400.0,-1.1555,long,AUDUSD,round_level_sweep,2.5,2.5,24
1769047200.0,1769094000.0,-1.0825,short,AUDUSD,round_level_sweep,2.5,2.5,24
1766016000.0,1766365200.0,0.7947,long,AUDUSD,round_level_sweep,2.5,2.5,48
1766494800.0,1766538000.0,-1.1235,short,AUDUSD,round_level_sweep,2.5,2.5,48
1766617200.0,1766649600.0,-1.1482,long,AUDUSD,round_level_sweep,2.5,2.5,48
1768302000.0,1768316400.0,-1.1555,long,AUDUSD,round_level_sweep,2.5,2.5,48
1769047200.0,1769094000.0,-1.0825,short,AUDUSD,round_level_sweep,2.5,2.5,48
1766016000.0,1766415600.0,2.4013,long,AUDUSD,round_level_sweep,2.5,2.5,96
1766494800.0,1766538000.0,-1.1235,short,AUDUSD,round_level_sweep,2.5,2.5,96
1766617200.0,1766649600.0,-1.1482,long,AUDUSD,round_level_sweep,2.5,2.5,96
1768302000.0,1768316400.0,-1.1555,long,AUDUSD,round_level_sweep,2.5,2.5,96
1769047200.0,1769094000.0,-1.0825,short,AUDUSD,round_level_sweep,2.5,2.5,96
1765980000.0,1765983600.0,1.3023,short,AUDUSD,session_range_fade,1.5,1.3,24
1766106000.0,1766368800.0,-0.972,short,AUDUSD,session_range_fade,1.5,1.3,24
1766584800.0,1766649600.0,-1.252,long,AUDUSD,session_range_fade,1.5,1.3,24
1766739600.0,1766754000.0,1.2104,long,AUDUSD,session_range_fade,1.5,1.3,24
1767056400.0,1767070800.0,-1.2217,short,AUDUSD,session_range_fade,1.5,1.3,24
1767243600.0,1767290400.0,0.8946,short,AUDUSD,session_range_fade,1.5,1.3,24
1767902400.0,1767942000.0,1.2883,short,AUDUSD,session_range_fade,1.5,1.3,24
1767963600.0,1767970800.0,1.2853,short,AUDUSD,session_range_fade,1.5,1.3,24
1768309200.0,1768312800.0,-1.2384,long,AUDUSD,session_range_fade,1.5,1.3,24
1768438800.0,1768464000.0,-1.2269,short,AUDUSD,session_range_fade,1.5,1.3,24
1768471200.0,1768482000.0,1.2565,short,AUDUSD,session_range_fade,1.5,1.3,24
1768539600.0,1768557600.0,-1.2992,short,AUDUSD,session_range_fade,1.5,1.3,24
1768561200.0,1768568400.0,1.1765,short,AUDUSD,session_range_fade,1.5,1.3,24
1768935600.0,1768975200.0,1.3318,long,AUDUSD,session_range_fade,1.5,1.3,24
1769155200.0,1769162400.0,-1.2652,long,AUDUSD,session_range_fade,1.5,1.3,24
1769166000.0,1769169600.0,1.2824,long,AUDUSD,session_range_fade,1.5,1.3,24
1769454000.0,1769500800.0,-1.1508,long,AUDUSD,session_range_fade,1.5,1.3,24
1769616000.0,1769630400.0,1.3856,long,AUDUSD,session_range_fade,1.5,1.3,24
1770066000.0,1770076800.0,-1.1029,short,AUDUSD,session_range_fade,1.5,1.3,24
1770080400.0,1770087600.0,-1.1165,short,AUDUSD,session_range_fade,1.5,1.3,24
1770148800.0,1770220800.0,1.4021,short,AUDUSD,session_range_fade,1.5,1.3,24
1770249600.0,1770256800.0,-1.1192,long,AUDUSD,session_range_fade,1.5,1.3,24
1770271200.0,1770303600.0,-1.1209,long,AUDUSD,session_range_fade,1.5,1.3,24
1770361200.0,1770368400.0,-1.1197,short,AUDUSD,session_range_fade,1.5,1.3,24
1770372000.0,1770382800.0,-1.1264,short,AUDUSD,session_range_fade,1.5,1.3,24
1770634800.0,1770642000.0,-1.1429,short,AUDUSD,session_range_fade,1.5,1.3,24
1770696000.0,1770732000.0,1.2874,long,AUDUSD,session_range_fade,1.5,1.3,24
1770739200.0,1770771600.0,1.3317,long,AUDUSD,session_range_fade,1.5,1.3,24
1770904800.0,1770912000.0,-1.1161,long,AUDUSD,session_range_fade,1.5,1.3,24
1771002000.0,1771264800.0,0.0422,short,AUDUSD,session_range_fade,1.5,1.3,24
1771268400.0,1771290000.0,1.2767,short,AUDUSD,session_range_fade,1.5,1.3,24
1771329600.0,1771336800.0,-1.1691,long,AUDUSD,session_range_fade,1.5,1.3,24
1771376400.0,1771423200.0,1.3555,short,AUDUSD,session_range_fade,1.5,1.3,24
1771437600.0,1771441200.0,-1.1781,long,AUDUSD,session_range_fade,1.5,1.3,24
1771858800.0,1771930800.0,-1.1694,long,AUDUSD,session_range_fade,1.5,1.3,24
1771934400.0,1771941600.0,-1.1735,long,AUDUSD,session_range_fade,1.5,1.3,24
1771963200.0,1771977600.0,-1.1592,short,AUDUSD,session_range_fade,1.5,1.3,24
1772042400.0,1772067600.0,-1.1709,short,AUDUSD,session_range_fade,1.5,1.3,24
1772092800.0,1772114400.0,-1.196,long,AUDUSD,session_range_fade,1.5,1.3,24
1772182800.0,1772197200.0,-1.2092,long,AUDUSD,session_range_fade,1.5,1.3,24
1772679600.0,1772686800.0,-0.2971,short,AUDUSD,session_range_fade,1.5,1.3,24
1765980000.0,1765983600.0,1.3023,short,AUDUSD,session_range_fade,1.5,1.3,48
1766106000.0,1766376000.0,-1.1724,short,AUDUSD,session_range_fade,1.5,1.3,48
1766584800.0,1766649600.0,-1.252,long,AUDUSD,session_range_fade,1.5,1.3,48
1766739600.0,1766754000.0,1.2104,long,AUDUSD,session_range_fade,1.5,1.3,48
1767056400.0,1767070800.0,-1.2217,short,AUDUSD,session_range_fade,1.5,1.3,48
1767243600.0,1767290400.0,0.8946,short,AUDUSD,session_range_fade,1.5,1.3,48
1767902400.0,1767942000.0,1.2883,short,AUDUSD,session_range_fade,1.5,1.3,48
1767963600.0,1767970800.0,1.2853,short,AUDUSD,session_range_fade,1.5,1.3,48
1768309200.0,1768312800.0,-1.2384,long,AUDUSD,session_range_fade,1.5,1.3,48
1768438800.0,1768464000.0,-1.2269,short,AUDUSD,session_range_fade,1.5,1.3,48
1768471200.0,1768482000.0,1.2565,short,AUDUSD,session_range_fade,1.5,1.3,48
1768539600.0,1768557600.0,-1.2992,short,AUDUSD,session_range_fade,1.5,1.3,48
1768561200.0,1768568400.0,1.1765,short,AUDUSD,session_range_fade,1.5,1.3,48
1768935600.0,1768975200.0,1.3318,long,AUDUSD,session_range_fade,1.5,1.3,48
1769155200.0,1769162400.0,-1.2652,long,AUDUSD,session_range_fade,1.5,1.3,48
1769166000.0,1769169600.0,1.2824,long,AUDUSD,session_range_fade,1.5,1.3,48
1769454000.0,1769500800.0,-1.1508,long,AUDUSD,session_range_fade,1.5,1.3,48
1769616000.0,1769630400.0,1.3856,long,AUDUSD,session_range_fade,1.5,1.3,48
1770066000.0,1770076800.0,-1.1029,short,AUDUSD,session_range_fade,1.5,1.3,48
1770080400.0,1770087600.0,-1.1165,short,AUDUSD,session_range_fade,1.5,1.3,48
1770148800.0,1770220800.0,1.4021,short,AUDUSD,session_range_fade,1.5,1.3,48
1770249600.0,1770256800.0,-1.1192,long,AUDUSD,session_range_fade,1.5,1.3,48
1770271200.0,1770303600.0,-1.1209,long,AUDUSD,session_range_fade,1.5,1.3,48
1770361200.0,1770368400.0,-1.1197,short,AUDUSD,session_range_fade,1.5,1.3,48
1770372000.0,1770382800.0,-1.1264,short,AUDUSD,session_range_fade,1.5,1.3,48
1770634800.0,1770642000.0,-1.1429,short,AUDUSD,session_range_fade,1.5,1.3,48
1770696000.0,1770732000.0,1.2874,long,AUDUSD,session_range_fade,1.5,1.3,48
1770739200.0,1770771600.0,1.3317,long,AUDUSD,session_range_fade,1.5,1.3,48
1770904800.0,1770912000.0,-1.1161,long,AUDUSD,session_range_fade,1.5,1.3,48
1771002000.0,1771333200.0,1.3985,short,AUDUSD,session_range_fade,1.5,1.3,48
1771376400.0,1771423200.0,1.3555,short,AUDUSD,session_range_fade,1.5,1.3,48
1771437600.0,1771441200.0,-1.1781,long,AUDUSD,session_range_fade,1.5,1.3,48
1771858800.0,1771930800.0,-1.1694,long,AUDUSD,session_range_fade,1.5,1.3,48
1771934400.0,1771941600.0,-1.1735,long,AUDUSD,session_range_fade,1.5,1.3,48
1771963200.0,1771977600.0,-1.1592,short,AUDUSD,session_range_fade,1.5,1.3,48
1772042400.0,1772067600.0,-1.1709,short,AUDUSD,session_range_fade,1.5,1.3,48
1772092800.0,1772114400.0,-1.196,long,AUDUSD,session_range_fade,1.5,1.3,48
1772182800.0,1772197200.0,-1.2092,long,AUDUSD,session_range_fade,1.5,1.3,48
1772679600.0,1772686800.0,-0.2971,short,AUDUSD,session_range_fade,1.5,1.3,48
1765980000.0,1765983600.0,1.3023,short,AUDUSD,session_range_fade,1.5,1.3,96
1766106000.0,1766376000.0,-1.1724,short,AUDUSD,session_range_fade,1.5,1.3,96
1766584800.0,1766649600.0,-1.252,long,AUDUSD,session_range_fade,1.5,1.3,96
1766739600.0,1766754000.0,1.2104,long,AUDUSD,session_range_fade,1.5,1.3,96
1767056400.0,1767070800.0,-1.2217,short,AUDUSD,session_range_fade,1.5,1.3,96
1767243600.0,1767290400.0,0.8946,short,AUDUSD,session_range_fade,1.5,1.3,96
1767902400.0,1767942000.0,1.2883,short,AUDUSD,session_range_fade,1.5,1.3,96
1767963600.0,1767970800.0,1.2853,short,AUDUSD,session_range_fade,1.5,1.3,96
1768309200.0,1768312800.0,-1.2384,long,AUDUSD,session_range_fade,1.5,1.3,96
1768438800.0,1768464000.0,-1.2269,short,AUDUSD,session_range_fade,1.5,1.3,96
1768471200.0,1768482000.0,1.2565,short,AUDUSD,session_range_fade,1.5,1.3,96
1768539600.0,1768557600.0,-1.2992,short,AUDUSD,session_range_fade,1.5,1.3,96
1768561200.0,1768568400.0,1.1765,short,AUDUSD,session_range_fade,1.5,1.3,96
1768935600.0,1768975200.0,1.3318,long,AUDUSD,session_range_fade,1.5,1.3,96
1769155200.0,1769162400.0,-1.2652,long,AUDUSD,session_range_fade,1.5,1.3,96
1769166000.0,1769169600.0,1.2824,long,AUDUSD,session_range_fade,1.5,1.3,96
1769454000.0,1769500800.0,-1.1508,long,AUDUSD,session_range_fade,1.5,1.3,96
1769616000.0,1769630400.0,1.3856,long,AUDUSD,session_range_fade,1.5,1.3,96
1770066000.0,1770076800.0,-1.1029,short,AUDUSD,session_range_fade,1.5,1.3,96
1770080400.0,1770087600.0,-1.1165,short,AUDUSD,session_range_fade,1.5,1.3,96
1770148800.0,1770220800.0,1.4021,short,AUDUSD,session_range_fade,1.5,1.3,96
1770249600.0,1770256800.0,-1.1192,long,AUDUSD,session_range_fade,1.5,1.3,96
1770271200.0,1770303600.0,-1.1209,long,AUDUSD,session_range_fade,1.5,1.3,96
1770361200.0,1770368400.0,-1.1197,short,AUDUSD,session_range_fade,1.5,1.3,96
1770372000.0,1770382800.0,-1.1264,short,AUDUSD,session_range_fade,1.5,1.3,96
1770634800.0,1770642000.0,-1.1429,short,AUDUSD,session_range_fade,1.5,1.3,96
1770696000.0,1770732000.0,1.2874,long,AUDUSD,session_range_fade,1.5,1.3,96
1770739200.0,1770771600.0,1.3317,long,AUDUSD,session_range_fade,1.5,1.3,96
1770904800.0,1770912000.0,-1.1161,long,AUDUSD,session_range_fade,1.5,1.3,96
1771002000.0,1771333200.0,1.3985,short,AUDUSD,session_range_fade,1.5,1.3,96
1771376400.0,1771423200.0,1.3555,short,AUDUSD,session_range_fade,1.5,1.3,96
1771437600.0,1771441200.0,-1.1781,long,AUDUSD,session_range_fade,1.5,1.3,96
1771858800.0,1771930800.0,-1.1694,long,AUDUSD,session_range_fade,1.5,1.3,96
1771934400.0,1771941600.0,-1.1735,long,AUDUSD,session_range_fade,1.5,1.3,96
1771963200.0,1771977600.0,-1.1592,short,AUDUSD,session_range_fade,1.5,1.3,96
1772042400.0,1772067600.0,-1.1709,short,AUDUSD,session_range_fade,1.5,1.3,96
1772092800.0,1772114400.0,-1.196,long,AUDUSD,session_range_fade,1.5,1.3,96
1772182800.0,1772197200.0,-1.2092,long,AUDUSD,session_range_fade,1.5,1.3,96
1772679600.0,1772686800.0,-0.2971,short,AUDUSD,session_range_fade,1.5,1.3,96
1765980000.0,1765987200.0,1.3394,short,AUDUSD,session_range_fade,1.5,1.6,24
1766106000.0,1766368800.0,-0.7897,short,AUDUSD,session_range_fade,1.5,1.6,24
1766584800.0,1766649600.0,-1.2047,long,AUDUSD,session_range_fade,1.5,1.6,24
1766739600.0,1766754000.0,1.2647,long,AUDUSD,session_range_fade,1.5,1.6,24
1767056400.0,1767070800.0,-1.1801,short,AUDUSD,session_range_fade,1.5,1.6,24
1767243600.0,1767290400.0,1.0081,short,AUDUSD,session_range_fade,1.5,1.6,24
1767902400.0,1767945600.0,1.328,short,AUDUSD,session_range_fade,1.5,1.6,24
1767963600.0,1767970800.0,1.3256,short,AUDUSD,session_range_fade,1.5,1.6,24
1768309200.0,1768316400.0,-1.1937,long,AUDUSD,session_range_fade,1.5,1.6,24
1768438800.0,1768467600.0,-1.1844,short,AUDUSD,session_range_fade,1.5,1.6,24
1768471200.0,1768482000.0,1.3022,short,AUDUSD,session_range_fade,1.5,1.6,24
1768539600.0,1768557600.0,-1.2431,short,AUDUSD,session_range_fade,1.5,1.6,24
1768561200.0,1768568400.0,1.2371,short,AUDUSD,session_range_fade,1.5,1.6,24
1768935600.0,1768982400.0,1.3634,long,AUDUSD,session_range_fade,1.5,1.6,24
1769155200.0,1769162400.0,-1.2155,long,AUDUSD,session_range_fade,1.5,1.6,24
1769166000.0,1769180400.0,1.3232,long,AUDUSD,session_range_fade,1.5,1.6,24
1769454000.0,1769515200.0,1.3774,long,AUDUSD,session_range_fade,1.5,1.6,24
1769616000.0,1769630400.0,1.4071,long,AUDUSD,session_range_fade,1.5,1.6,24
1770066000.0,1770080400.0,-1.0836,short,AUDUSD,session_range_fade,1.5,1.6,24
1770084000.0,1770087600.0,-1.0904,short,AUDUSD,session_range_fade,1.5,1.6,24
1770148800.0,1770224400.0,1.4205,short,AUDUSD,session_range_fade,1.5,1.6,24
1770249600.0,1770256800.0,-1.0968,long,AUDUSD,session_range_fade,1.5,1.6,24
1770271200.0,1770303600.0,-1.0982,long,AUDUSD,session_range_fade,1.5,1.6,24
1770361200.0,1770375600.0,-1.0972,short,AUDUSD,session_range_fade,1.5,1.6,24
1770634800.0,1770642000.0,-1.1161,short,AUDUSD,session_range_fade,1.5,1.6,24
1770696000.0,1770771600.0,1.3272,long,AUDUSD,session_range_fade,1.5,1.6,24
1770904800.0,1770912000.0,-1.0943,long,AUDUSD,session_range_fade,1.5,1.6,24
1771002000.0,1771264800.0,0.0343,short,AUDUSD,session_range_fade,1.5,1.6,24
1771268400.0,1771293600.0,1.3186,short,AUDUSD,session_range_fade,1.5,1.6,24
1771329600.0,1771336800.0,-1.1374,long,AUDUSD,session_range_fade,1.5,1.6,24
1771376400.0,1771437600.0,1.3826,short,AUDUSD,session_range_fade,1.5,1.6,24
1771858800.0,1771930800.0,-1.1377,long,AUDUSD,session_range_fade,1.5,1.6,24
1771934400.0,1771948800.0,1.359,long,AUDUSD,session_range_fade,1.5,1.6,24
1771963200.0,1771977600.0,-1.1293,short,AUDUSD,session_range_fade,1.5,1.6,24
1772042400.0,1772067600.0,-1.1388,short,AUDUSD,session_range_fade,1.5,1.6,24
1772092800.0,1772118000.0,-1.1592,long,AUDUSD,session_range_fade,1.5,1.6,24
1772182800.0,1772197200.0,-1.17,long,AUDUSD,session_range_fade,1.5,1.6,24
1772679600.0,1772686800.0,-0.2414,short,AUDUSD,session_range_fade,1.5,1.6,24
1765980000.0,1765987200.0,1.3394,short,AUDUSD,session_range_fade,1.5,1.6,48
1766106000.0,1766376000.0,-1.1401,short,AUDUSD,session_range_fade,1.5,1.6,48
1766584800.0,1766649600.0,-1.2047,long,AUDUSD,session_range_fade,1.5,1.6,48
1766739600.0,1766754000.0,1.2647,long,AUDUSD,session_range_fade,1.5,1.6,48
1767056400.0,1767070800.0,-1.1801,short,AUDUSD,session_range_fade,1.5,1.6,48
1767243600.0,1767290400.0,1.0081,short,AUDUSD,session_range_fade,1.5,1.6,48
1767902400.0,1767945600.0,1.328,short,AUDUSD,session_range_fade,1.5,1.6,48
1767963600.0,1767970800.0,1.3256,short,AUDUSD,session_range_fade,1.5,1.6,48
1768309200.0,1768316400.0,-1.1937,long,AUDUSD,session_range_fade,1.5,1.6,48
1768438800.0,1768467600.0,-1.1844,short,AUDUSD,session_range_fade,1.5,1.6,48
1768471200.0,1768482000.0,1.3022,short,AUDUSD,session_range_fade,1.5,1.6,48
1768539600.0,1768557600.0,-1.2431,short,AUDUSD,session_range_fade,1.5,1.6,48
1768561200.0,1768568400.0,1.2371,short,AUDUSD,session_range_fade,1.5,1.6,48
1768935600.0,1768982400.0,1.3634,long,AUDUSD,session_range_fade,1.5,1.6,48
1769155200.0,1769162400.0,-1.2155,long,AUDUSD,session_range_fade,1.5,1.6,48
1769166000.0,1769180400.0,1.3232,long,AUDUSD,session_range_fade,1.5,1.6,48
1769454000.0,1769515200.0,1.3774,long,AUDUSD,session_range_fade,1.5,1.6,48
1769616000.0,1769630400.0,1.4071,long,AUDUSD,session_range_fade,1.5,1.6,48
1770066000.0,1770080400.0,-1.0836,short,AUDUSD,session_range_fade,1.5,1.6,48
1770084000.0,1770087600.0,-1.0904,short,AUDUSD,session_range_fade,1.5,1.6,48
1770148800.0,1770224400.0,1.4205,short,AUDUSD,session_range_fade,1.5,1.6,48
1770249600.0,1770256800.0,-1.0968,long,AUDUSD,session_range_fade,1.5,1.6,48
1770271200.0,1770303600.0,-1.0982,long,AUDUSD,session_range_fade,1.5,1.6,48
1770361200.0,1770375600.0,-1.0972,short,AUDUSD,session_range_fade,1.5,1.6,48
1770634800.0,1770642000.0,-1.1161,short,AUDUSD,session_range_fade,1.5,1.6,48
1770696000.0,1770771600.0,1.3272,long,AUDUSD,session_range_fade,1.5,1.6,48
1770904800.0,1770912000.0,-1.0943,long,AUDUSD,session_range_fade,1.5,1.6,48
1771002000.0,1771336800.0,1.4175,short,AUDUSD,session_range_fade,1.5,1.6,48
1771376400.0,1771437600.0,1.3826,short,AUDUSD,session_range_fade,1.5,1.6,48
1771858800.0,1771930800.0,-1.1377,long,AUDUSD,session_range_fade,1.5,1.6,48
1771934400.0,1771948800.0,1.359,long,AUDUSD,session_range_fade,1.5,1.6,48
1771963200.0,1771977600.0,-1.1293,short,AUDUSD,session_range_fade,1.5,1.6,48
1772042400.0,1772067600.0,-1.1388,short,AUDUSD,session_range_fade,1.5,1.6,48
1772092800.0,1772118000.0,-1.1592,long,AUDUSD,session_range_fade,1.5,1.6,48
1772182800.0,1772197200.0,-1.17,long,AUDUSD,session_range_fade,1.5,1.6,48
1772679600.0,1772686800.0,-0.2414,short,AUDUSD,session_range_fade,1.5,1.6,48
1765980000.0,1765987200.0,1.3394,short,AUDUSD,session_range_fade,1.5,1.6,96
1766106000.0,1766376000.0,-1.1401,short,AUDUSD,session_range_fade,1.5,1.6,96
1766584800.0,1766649600.0,-1.2047,long,AUDUSD,session_range_fade,1.5,1.6,96
1766739600.0,1766754000.0,1.2647,long,AUDUSD,session_range_fade,1.5,1.6,96
1767056400.0,1767070800.0,-1.1801,short,AUDUSD,session_range_fade,1.5,1.6,96
1767243600.0,1767290400.0,1.0081,short,AUDUSD,session_range_fade,1.5,1.6,96
1767902400.0,1767945600.0,1.328,short,AUDUSD,session_range_fade,1.5,1.6,96
1767963600.0,1767970800.0,1.3256,short,AUDUSD,session_range_fade,1.5,1.6,96
1768309200.0,1768316400.0,-1.1937,long,AUDUSD,session_range_fade,1.5,1.6,96
1768438800.0,1768467600.0,-1.1844,short,AUDUSD,session_range_fade,1.5,1.6,96
1768471200.0,1768482000.0,1.3022,short,AUDUSD,session_range_fade,1.5,1.6,96
1768539600.0,1768557600.0,-1.2431,short,AUDUSD,session_range_fade,1.5,1.6,96
1768561200.0,1768568400.0,1.2371,short,AUDUSD,session_range_fade,1.5,1.6,96
1768935600.0,1768982400.0,1.3634,long,AUDUSD,session_range_fade,1.5,1.6,96
1769155200.0,1769162400.0,-1.2155,long,AUDUSD,session_range_fade,1.5,1.6,96
1769166000.0,1769180400.0,1.3232,long,AUDUSD,session_range_fade,1.5,1.6,96
1769454000.0,1769515200.0,1.3774,long,AUDUSD,session_range_fade,1.5,1.6,96
1769616000.0,1769630400.0,1.4071,long,AUDUSD,session_range_fade,1.5,1.6,96
1770066000.0,1770080400.0,-1.0836,short,AUDUSD,session_range_fade,1.5,1.6,96
1770084000.0,1770087600.0,-1.0904,short,AUDUSD,session_range_fade,1.5,1.6,96
1770148800.0,1770224400.0,1.4205,short,AUDUSD,session_range_fade,1.5,1.6,96
1770249600.0,1770256800.0,-1.0968,long,AUDUSD,session_range_fade,1.5,1.6,96
1770271200.0,1770303600.0,-1.0982,long,AUDUSD,session_range_fade,1.5,1.6,96
1770361200.0,1770375600.0,-1.0972,short,AUDUSD,session_range_fade,1.5,1.6,96
1770634800.0,1770642000.0,-1.1161,short,AUDUSD,session_range_fade,1.5,1.6,96
1770696000.0,1770771600.0,1.3272,long,AUDUSD,session_range_fade,1.5,1.6,96
1770904800.0,1770912000.0,-1.0943,long,AUDUSD,session_range_fade,1.5,1.6,96
1771002000.0,1771336800.0,1.4175,short,AUDUSD,session_range_fade,1.5,1.6,96
1771376400.0,1771437600.0,1.3826,short,AUDUSD,session_range_fade,1.5,1.6,96
1771858800.0,1771930800.0,-1.1377,long,AUDUSD,session_range_fade,1.5,1.6,96
1771934400.0,1771948800.0,1.359,long,AUDUSD,session_range_fade,1.5,1.6,96
1771963200.0,1771977600.0,-1.1293,short,AUDUSD,session_range_fade,1.5,1.6,96
1772042400.0,1772067600.0,-1.1388,short,AUDUSD,session_range_fade,1.5,1.6,96
1772092800.0,1772118000.0,-1.1592,long,AUDUSD,session_range_fade,1.5,1.6,96
1772182800.0,1772197200.0,-1.17,long,AUDUSD,session_range_fade,1.5,1.6,96
1772679600.0,1772686800.0,-0.2414,short,AUDUSD,session_range_fade,1.5,1.6,96
1765980000.0,1765994400.0,1.3715,short,AUDUSD,session_range_fade,1.5,2.0,24
1766106000.0,1766368800.0,-0.6318,short,AUDUSD,session_range_fade,1.5,2.0,24
1766584800.0,1766649600.0,-1.1638,long,AUDUSD,session_range_fade,1.5,2.0,24
1766739600.0,1766754000.0,1.3118,long,AUDUSD,session_range_fade,1.5,2.0,24
1767056400.0,1767074400.0,-1.1441,short,AUDUSD,session_range_fade,1.5,2.0,24
1767243600.0,1767308400.0,-1.3935,short,AUDUSD,session_range_fade,1.5,2.0,24
1767902400.0,1767960000.0,1.3624,short,AUDUSD,session_range_fade,1.5,2.0,24
1767963600.0,1767970800.0,1.3605,short,AUDUSD,session_range_fade,1.5,2.0,24
1768309200.0,1768316400.0,-1.1549,long,AUDUSD,session_range_fade,1.5,2.0,24
1768438800.0,1768467600.0,-1.1475,short,AUDUSD,session_range_fade,1.5,2.0,24
1768471200.0,1768482000.0,1.3417,short,AUDUSD,session_range_fade,1.5,2.0,24
1768539600.0,1768575600.0,1.3055,short,AUDUSD,session_range_fade,1.5,2.0,24
1768935600.0,1768996800.0,1.3907,long,AUDUSD,session_range_fade,1.5,2.0,24
1769155200.0,1769162400.0,-1.1724,long,AUDUSD,session_range_fade,1.5,2.0,24
1769166000.0,1769184000.0,1.3585,long,AUDUSD,session_range_fade,1.5,2.0,24
1769454000.0,1769518800.0,1.402,long,AUDUSD,session_range_fade,1.5,2.0,24
1769616000.0,1769634000.0,1.4257,long,AUDUSD,session_range_fade,1.5,2.0,24
1770066000.0,1770087600.0,-1.0669,short,AUDUSD,session_range_fade,1.5,2.0,24
1770148800.0,1770235200.0,0.6784,short,AUDUSD,session_range_fade,1.5,2.0,24
1770249600.0,1770256800.0,-1.0775,long,AUDUSD,session_range_fade,1.5,2.0,24
1770271200.0,1770303600.0,-1.0786,long,AUDUSD,session_range_fade,1.5,2.0,24
1770361200.0,1770379200.0,-1.0778,short,AUDUSD,session_range_fade,1.5,2.0,24
1770634800.0,1770642000.0,-1.0929,short,AUDUSD,session_range_fade,1.5,2.0,24
1770696000.0,1770771600.0,1.3618,long,AUDUSD,session_range_fade,1.5,2.0,24
1770904800.0,1770912000.0,-1.0755,long,AUDUSD,session_range_fade,1.5,2.0,24
1771002000.0,1771264800.0,0.0274,short,AUDUSD,session_range_fade,1.5,2.0,24
1771268400.0,1771297200.0,1.3549,short,AUDUSD,session_range_fade,1.5,2.0,24
1771329600.0,1771340400.0,-1.1099,long,AUDUSD,session_range_fade,1.5,2.0,24
1771376400.0,1771441200.0,1.4061,short,AUDUSD,session_range_fade,1.5,2.0,24
1771858800.0,1771934400.0,-1.1101,long,AUDUSD,session_range_fade,1.5,2.0,24
1771963200.0,1771981200.0,-1.1034,short,AUDUSD,session_range_fade,1.5,2.0,24
1772042400.0,1772118000.0,1.3889,short,AUDUSD,session_range_fade,1.5,2.0,24
1772182800.0,1772197200.0,-1.136,long,AUDUSD,session_range_fade,1.5,2.0,24
1772679600.0,1772686800.0,-0.1931,short,AUDUSD,session_range_fade,1.5,2.0,24
1765980000.0,1765994400.0,1.3715,short,AUDUSD,session_range_fade,1.5,2.0,48
1766106000.0,1766386800.0,-1.1121,short,AUDUSD,session_range_fade,1.5,2.0,48
1766584800.0,1766649600.0,-1.1638,long,AUDUSD,session_range_fade,1.5,2.0,48
1766739600.0,1766754000.0,1.3118,long,AUDUSD,session_range_fade,1.5,2.0,48
1767056400.0,1767074400.0,-1.1441,short,AUDUSD,session_range_fade,1.5,2.0,48
1767243600.0,1767308400.0,-1.3935,short,AUDUSD,session_range_fade,1.5,2.0,48
1767902400.0,1767960000.0,1.3624,short,AUDUSD,session_range_fade,1.5,2.0,48
1767963600.0,1767970800.0,1.3605,short,AUDUSD,session_range_fade,1.5,2.0,48
1768309200.0,1768316400.0,-1.1549,long,AUDUSD,session_range_fade,1.5,2.0,48
1768438800.0,1768467600.0,-1.1475,short,AUDUSD,session_range_fade,1.5,2.0,48
1768471200.0,1768482000.0,1.3417,short,AUDUSD,session_range_fade,1.5,2.0,48
1768539600.0,1768575600.0,1.3055,short,AUDUSD,session_range_fade,1.5,2.0,48
1768935600.0,1768996800.0,1.3907,long,AUDUSD,session_range_fade,1.5,2.0,48
1769155200.0,1769162400.0,-1.1724,long,AUDUSD,session_range_fade,1.5,2.0,48
1769166000.0,1769184000.0,1.3585,long,AUDUSD,session_range_fade,1.5,2.0,48
1769454000.0,1769518800.0,1.402,long,AUDUSD,session_range_fade,1.5,2.0,48
1769616000.0,1769634000.0,1.4257,long,AUDUSD,session_range_fade,1.5,2.0,48
1770066000.0,1770087600.0,-1.0669,short,AUDUSD,session_range_fade,1.5,2.0,48
1770148800.0,1770256800.0,1.4364,short,AUDUSD,session_range_fade,1.5,2.0,48
1770271200.0,1770303600.0,-1.0786,long,AUDUSD,session_range_fade,1.5,2.0,48
1770361200.0,1770379200.0,-1.0778,short,AUDUSD,session_range_fade,1.5,2.0,48
1770634800.0,1770642000.0,-1.0929,short,AUDUSD,session_range_fade,1.5,2.0,48
1770696000.0,1770771600.0,1.3618,long,AUDUSD,session_range_fade,1.5,2.0,48
1770904800.0,1770912000.0,-1.0755,long,AUDUSD,session_range_fade,1.5,2.0,48
1771002000.0,1771351200.0,-0.4403,short,AUDUSD,session_range_fade,1.5,2.0,48
1771376400.0,1771441200.0,1.4061,short,AUDUSD,session_range_fade,1.5,2.0,48
1771858800.0,1771934400.0,-1.1101,long,AUDUSD,session_range_fade,1.5,2.0,48
1771963200.0,1771981200.0,-1.1034,short,AUDUSD,session_range_fade,1.5,2.0,48
1772042400.0,1772118000.0,1.3889,short,AUDUSD,session_range_fade,1.5,2.0,48
1772182800.0,1772197200.0,-1.136,long,AUDUSD,session_range_fade,1.5,2.0,48
1772679600.0,1772686800.0,-0.1931,short,AUDUSD,session_range_fade,1.5,2.0,48
1765980000.0,1765994400.0,1.3715,short,AUDUSD,session_range_fade,1.5,2.0,96
1766106000.0,1766386800.0,-1.1121,short,AUDUSD,session_range_fade,1.5,2.0,96
1766584800.0,1766649600.0,-1.1638,long,AUDUSD,session_range_fade,1.5,2.0,96
1766739600.0,1766754000.0,1.3118,long,AUDUSD,session_range_fade,1.5,2.0,96
1767056400.0,1767074400.0,-1.1441,short,AUDUSD,session_range_fade,1.5,2.0,96
1767243600.0,1767308400.0,-1.3935,short,AUDUSD,session_range_fade,1.5,2.0,96
1767902400.0,1767960000.0,1.3624,short,AUDUSD,session_range_fade,1.5,2.0,96
1767963600.0,1767970800.0,1.3605,short,AUDUSD,session_range_fade,1.5,2.0,96
1768309200.0,1768316400.0,-1.1549,long,AUDUSD,session_range_fade,1.5,2.0,96
1768438800.0,1768467600.0,-1.1475,short,AUDUSD,session_range_fade,1.5,2.0,96
1768471200.0,1768482000.0,1.3417,short,AUDUSD,session_range_fade,1.5,2.0,96
1768539600.0,1768575600.0,1.3055,short,AUDUSD,session_range_fade,1.5,2.0,96
1768935600.0,1768996800.0,1.3907,long,AUDUSD,session_range_fade,1.5,2.0,96
1769155200.0,1769162400.0,-1.1724,long,AUDUSD,session_range_fade,1.5,2.0,96
1769166000.0,1769184000.0,1.3585,long,AUDUSD,session_range_fade,1.5,2.0,96
1769454000.0,1769518800.0,1.402,long,AUDUSD,session_range_fade,1.5,2.0,96
1769616000.0,1769634000.0,1.4257,long,AUDUSD,session_range_fade,1.5,2.0,96
1770066000.0,1770087600.0,-1.0669,short,AUDUSD,session_range_fade,1.5,2.0,96
1770148800.0,1770256800.0,1.4364,short,AUDUSD,session_range_fade,1.5,2.0,96
1770271200.0,1770303600.0,-1.0786,long,AUDUSD,session_range_fade,1.5,2.0,96
1770361200.0,1770379200.0,-1.0778,short,AUDUSD,session_range_fade,1.5,2.0,96
1770634800.0,1770642000.0,-1.0929,short,AUDUSD,session_range_fade,1.5,2.0,96
1770696000.0,1770771600.0,1.3618,long,AUDUSD,session_range_fade,1.5,2.0,96
1770904800.0,1770912000.0,-1.0755,long,AUDUSD,session_range_fade,1.5,2.0,96
1771002000.0,1771509600.0,1.434,short,AUDUSD,session_range_fade,1.5,2.0,96
1771858800.0,1771934400.0,-1.1101,long,AUDUSD,session_range_fade,1.5,2.0,96
1771963200.0,1771981200.0,-1.1034,short,AUDUSD,session_range_fade,1.5,2.0,96
1772042400.0,1772118000.0,1.3889,short,AUDUSD,session_range_fade,1.5,2.0,96
1772182800.0,1772197200.0,-1.136,long,AUDUSD,session_range_fade,1.5,2.0,96
1772679600.0,1772686800.0,-0.1931,short,AUDUSD,session_range_fade,1.5,2.0,96
1765980000.0,1766019600.0,1.3972,short,AUDUSD,session_range_fade,1.5,2.5,24
1766106000.0,1766368800.0,-0.5054,short,AUDUSD,session_range_fade,1.5,2.5,24
1766584800.0,1766671200.0,-0.5116,long,AUDUSD,session_range_fade,1.5,2.5,24
1766739600.0,1766757600.0,1.3494,long,AUDUSD,session_range_fade,1.5,2.5,24
1767056400.0,1767142800.0,0.2708,short,AUDUSD,session_range_fade,1.5,2.5,24
1767243600.0,1767308400.0,-1.3148,short,AUDUSD,session_range_fade,1.5,2.5,24
1767902400.0,1767970800.0,1.3899,short,AUDUSD,session_range_fade,1.5,2.5,24
1768309200.0,1768316400.0,-1.1239,long,AUDUSD,session_range_fade,1.5,2.5,24
1768438800.0,1768467600.0,-1.118,short,AUDUSD,session_range_fade,1.5,2.5,24
1768471200.0,1768485600.0,1.3734,short,AUDUSD,session_range_fade,1.5,2.5,24
1768539600.0,1768575600.0,1.3444,short,AUDUSD,session_range_fade,1.5,2.5,24
1768935600.0,1768996800.0,1.4125,long,AUDUSD,session_range_fade,1.5,2.5,24
1769155200.0,1769180400.0,1.3621,long,AUDUSD,session_range_fade,1.5,2.5,24
1769454000.0,1769522400.0,1.4216,long,AUDUSD,session_range_fade,1.5,2.5,24
1769616000.0,1769641200.0,1.4405,long,AUDUSD,session_range_fade,1.5,2.5,24
1770066000.0,1770087600.0,-1.0535,short,AUDUSD,session_range_fade,1.5,2.5,24
1770148800.0,1770235200.0,0.5427,short,AUDUSD,session_range_fade,1.5,2.5,24
1770249600.0,1770256800.0,-1.062,long,AUDUSD,session_range_fade,1.5,2.5,24
1770271200.0,1770303600.0,-1.0629,long,AUDUSD,session_range_fade,1.5,2.5,24
1770361200.0,1770386400.0,-1.0622,short,AUDUSD,session_range_fade,1.5,2.5,24
1770634800.0,1770645600.0,-1.0743,short,AUDUSD,session_range_fade,1.5,2.5,24
1770696000.0,1770775200.0,1.3894,long,AUDUSD,session_range_fade,1.5,2.5,24
1770904800.0,1770919200.0,-1.0604,long,AUDUSD,session_range_fade,1.5,2.5,24
1771002000.0,1771264800.0,0.0219,short,AUDUSD,session_range_fade,1.5,2.5,24
1771268400.0,1771297200.0,1.3839,short,AUDUSD,session_range_fade,1.5,2.5,24
1771329600.0,1771340400.0,-1.0879,long,AUDUSD,session_range_fade,1.5,2.5,24
1771376400.0,1771462800.0,0.3144,short,AUDUSD,session_range_fade,1.5,2.5,24
1771858800.0,1771938000.0,-1.0881,long,AUDUSD,session_range_fade,1.5,2.5,24
1771963200.0,1771984800.0,-1.0828,short,AUDUSD,session_range_fade,1.5,2.5,24
1772042400.0,1772118000.0,1.4111,short,AUDUSD,session_range_fade,1.5,2.5,24
1772182800.0,1772197200.0,-1.1088,long,AUDUSD,session_range_fade,1.5,2.5,24
1772679600.0,1772686800.0,-0.1545,short,AUDUSD,session_range_fade,1.5,2.5,24
1765980000.0,1766019600.0,1.3972,short,AUDUSD,session_range_fade,1.5,2.5,48
1766106000.0,1766386800.0,-1.0897,short,AUDUSD,session_range_fade,1.5,2.5,48
1766584800.0,1766768400.0,0.0742,long,AUDUSD,session_range_fade,1.5,2.5,48
1767056400.0,1767175200.0,1.3847,short,AUDUSD,session_range_fade,1.5,2.5,48
1767243600.0,1767308400.0,-1.3148,short,AUDUSD,session_range_fade,1.5,2.5,48
1767902400.0,1767970800.0,1.3899,short,AUDUSD,session_range_fade,1.5,2.5,48
1768309200.0,1768316400.0,-1.1239,long,AUDUSD,session_range_fade,1.5,2.5,48
1768438800.0,1768467600.0,-1.118,short,AUDUSD,session_range_fade,1.5,2.5,48
1768471200.0,1768485600.0,1.3734,short,AUDUSD,session_range_fade,1.5,2.5,48
1768539600.0,1768575600.0,1.3444,short,AUDUSD,session_range_fade,1.5,2.5,48
1768935600.0,1768996800.0,1.4125,long,AUDUSD,session_range_fade,1.5,2.5,48
1769155200.0,1769180400.0,1.3621,long,AUDUSD,session_range_fade,1.5,2.5,48
1769454000.0,1769522400.0,1.4216,long,AUDUSD,session_range_fade,1.5,2.5,48
1769616000.0,1769641200.0,1.4405,long,AUDUSD,session_range_fade,1.5,2.5,48
1770066000.0,1770087600.0,-1.0535,short,AUDUSD,session_range_fade,1.5,2.5,48
1770148800.0,1770303600.0,1.4491,short,AUDUSD,session_range_fade,1.5,2.5,48
1770361200.0,1770386400.0,-1.0622,short,AUDUSD,session_range_fade,1.5,2.5,48
1770634800.0,1770645600.0,-1.0743,short,AUDUSD,session_range_fade,1.5,2.5,48
1770696000.0,1770775200.0,1.3894,long,AUDUSD,session_range_fade,1.5,2.5,48
1770904800.0,1770919200.0,-1.0604,long,AUDUSD,session_range_fade,1.5,2.5,48
1771002000.0,1771351200.0,-0.3523,short,AUDUSD,session_range_fade,1.5,2.5,48
1771376400.0,1771509600.0,1.4248,short,AUDUSD,session_range_fade,1.5,2.5,48
1771858800.0,1771938000.0,-1.0881,long,AUDUSD,session_range_fade,1.5,2.5,48
1771963200.0,1771984800.0,-1.0828,short,AUDUSD,session_range_fade,1.5,2.5,48
1772042400.0,1772118000.0,1.4111,short,AUDUSD,session_range_fade,1.5,2.5,48
1772182800.0,1772197200.0,-1.1088,long,AUDUSD,session_range_fade,1.5,2.5,48
1772679600.0,1772686800.0,-0.1545,short,AUDUSD,session_range_fade,1.5,2.5,48
1765980000.0,1766019600.0,1.3972,short,AUDUSD,session_range_fade,1.5,2.5,96
1766106000.0,1766386800.0,-1.0897,short,AUDUSD,session_range_fade,1.5,2.5,96
1766584800.0,1767009600.0,-1.131,long,AUDUSD,session_range_fade,1.5,2.5,96
1767056400.0,1767175200.0,1.3847,short,AUDUSD,session_range_fade,1.5,2.5,96
1767243600.0,1767308400.0,-1.3148,short,AUDUSD,session_range_fade,1.5,2.5,96
1767902400.0,1767970800.0,1.3899,short,AUDUSD,session_range_fade,1.5,2.5,96
1768309200.0,1768316400.0,-1.1239,long,AUDUSD,session_range_fade,1.5,2.5,96
1768438800.0,1768467600.0,-1.118,short,AUDUSD,session_range_fade,1.5,2.5,96
1768471200.0,1768485600.0,1.3734,short,AUDUSD,session_range_fade,1.5,2.5,96
1768539600.0,1768575600.0,1.3444,short,AUDUSD,session_range_fade,1.5,2.5,96
1768935600.0,1768996800.0,1.4125,long,AUDUSD,session_range_fade,1.5,2.5,96
1769155200.0,1769180400.0,1.3621,long,AUDUSD,session_range_fade,1.5,2.5,96
1769454000.0,1769522400.0,1.4216,long,AUDUSD,session_range_fade,1.5,2.5,96
1769616000.0,1769641200.0,1.4405,long,AUDUSD,session_range_fade,1.5,2.5,96
1770066000.0,1770087600.0,-1.0535,short,AUDUSD,session_range_fade,1.5,2.5,96
1770148800.0,1770303600.0,1.4491,short,AUDUSD,session_range_fade,1.5,2.5,96
1770361200.0,1770386400.0,-1.0622,short,AUDUSD,session_range_fade,1.5,2.5,96
1770634800.0,1770645600.0,-1.0743,short,AUDUSD,session_range_fade,1.5,2.5,96
1770696000.0,1770775200.0,1.3894,long,AUDUSD,session_range_fade,1.5,2.5,96
1770904800.0,1770919200.0,-1.0604,long,AUDUSD,session_range_fade,1.5,2.5,96
1771002000.0,1771524000.0,0.506,short,AUDUSD,session_range_fade,1.5,2.5,96
1771858800.0,1771938000.0,-1.0881,long,AUDUSD,session_range_fade,1.5,2.5,96
1771963200.0,1771984800.0,-1.0828,short,AUDUSD,session_range_fade,1.5,2.5,96
1772042400.0,1772118000.0,1.4111,short,AUDUSD,session_range_fade,1.5,2.5,96
1772182800.0,1772197200.0,-1.1088,long,AUDUSD,session_range_fade,1.5,2.5,96
1772679600.0,1772686800.0,-0.1545,short,AUDUSD,session_range_fade,1.5,2.5,96
1765980000.0,1765987200.0,1.8023,short,AUDUSD,session_range_fade,2.0,1.3,24
1766106000.0,1766368800.0,-0.972,short,AUDUSD,session_range_fade,2.0,1.3,24
1766584800.0,1766649600.0,-1.252,long,AUDUSD,session_range_fade,2.0,1.3,24
1766739600.0,1766754000.0,1.7104,long,AUDUSD,session_range_fade,2.0,1.3,24
1767056400.0,1767070800.0,-1.2217,short,AUDUSD,session_range_fade,2.0,1.3,24
1767243600.0,1767290400.0,1.3946,short,AUDUSD,session_range_fade,2.0,1.3,24
1767902400.0,1767945600.0,1.7883,short,AUDUSD,session_range_fade,2.0,1.3,24
1767963600.0,1767970800.0,1.7853,short,AUDUSD,session_range_fade,2.0,1.3,24
1768309200.0,1768312800.0,-1.2384,long,AUDUSD,session_range_fade,2.0,1.3,24
1768438800.0,1768464000.0,-1.2269,short,AUDUSD,session_range_fade,2.0,1.3,24
1768471200.0,1768482000.0,1.7565,short,AUDUSD,session_range_fade,2.0,1.3,24
1768539600.0,1768557600.0,-1.2992,short,AUDUSD,session_range_fade,2.0,1.3,24
1768561200.0,1768568400.0,1.6765,short,AUDUSD,session_range_fade,2.0,1.3,24
1768935600.0,1768982400.0,1.8318,long,AUDUSD,session_range_fade,2.0,1.3,24
1769155200.0,1769162400.0,-1.2652,long,AUDUSD,session_range_fade,2.0,1.3,24
1769166000.0,1769180400.0,1.7824,long,AUDUSD,session_range_fade,2.0,1.3,24
1769454000.0,1769500800.0,-1.1508,long,AUDUSD,session_range_fade,2.0,1.3,24
1769616000.0,1769630400.0,1.8856,long,AUDUSD,session_range_fade,2.0,1.3,24
1770066000.0,1770076800.0,-1.1029,short,AUDUSD,session_range_fade,2.0,1.3,24
1770080400.0,1770087600.0,-1.1165,short,AUDUSD,session_range_fade,2.0,1.3,24
1770148800.0,1770224400.0,1.9021,short,AUDUSD,session_range_fade,2.0,1.3,24
1770249600.0,1770256800.0,-1.1192,long,AUDUSD,session_range_fade,2.0,1.3,24
1770271200.0,1770303600.0,-1.1209,long,AUDUSD,session_range_fade,2.0,1.3,24
1770361200.0,1770368400.0,-1.1197,short,AUDUSD,session_range_fade,2.0,1.3,24
1770372000.0,1770382800.0,-1.1264,short,AUDUSD,session_range_fade,2.0,1.3,24
1770634800.0,1770642000.0,-1.1429,short,AUDUSD,session_range_fade,2.0,1.3,24
1770696000.0,1770771600.0,1.7874,long,AUDUSD,session_range_fade,2.0,1.3,24
1770904800.0,1770912000.0,-1.1161,long,AUDUSD,session_range_fade,2.0,1.3,24
1771002000.0,1771264800.0,0.0422,short,AUDUSD,session_range_fade,2.0,1.3,24
1771268400.0,1771293600.0,1.7767,short,AUDUSD,session_range_fade,2.0,1.3,24
1771329600.0,1771336800.0,-1.1691,long,AUDUSD,session_range_fade,2.0,1.3,24
1771376400.0,1771441200.0,1.8555,short,AUDUSD,session_range_fade,2.0,1.3,24
1771858800.0,1771930800.0,-1.1694,long,AUDUSD,session_range_fade,2.0,1.3,24
1771934400.0,1771941600.0,-1.1735,long,AUDUSD,session_range_fade,2.0,1.3,24
1771963200.0,1771977600.0,-1.1592,short,AUDUSD,session_range_fade,2.0,1.3,24
1772042400.0,1772067600.0,-1.1709,short,AUDUSD,session_range_fade,2.0,1.3,24
1772092800.0,1772114400.0,-1.196,long,AUDUSD,session_range_fade,2.0,1.3,24
1772182800.0,1772197200.0,-1.2092,long,AUDUSD,session_range_fade,2.0,1.3,24
1772679600.0,1772686800.0,-0.2971,short,AUDUSD,session_range_fade,2.0,1.3,24
1765980000.0,1765987200.0,1.8023,short,AUDUSD,session_range_fade,2.0,1.3,48
1766106000.0,1766376000.0,-1.1724,short,AUDUSD,session_range_fade,2.0,1.3,48
1766584800.0,1766649600.0,-1.252,long,AUDUSD,session_range_fade,2.0,1.3,48
1766739600.0,1766754000.0,1.7104,long,AUDUSD,session_range_fade,2.0,1.3,48
1767056400.0,1767070800.0,-1.2217,short,AUDUSD,session_range_fade,2.0,1.3,48
1767243600.0,1767290400.0,1.3946,short,AUDUSD,session_range_fade,2.0,1.3,48
1767902400.0,1767945600.0,1.7883,short,AUDUSD,session_range_fade,2.0,1.3,48
1767963600.0,1767970800.0,1.7853,short,AUDUSD,session_range_fade,2.0,1.3,48
1768309200.0,1768312800.0,-1.2384,long,AUDUSD,session_range_fade,2.0,1.3,48
1768438800.0,1768464000.0,-1.2269,short,AUDUSD,session_range_fade,2.0,1.3,48
1768471200.0,1768482000.0,1.7565,short,AUDUSD,session_range_fade,2.0,1.3,48
1768539600.0,1768557600.0,-1.2992,short,AUDUSD,session_range_fade,2.0,1.3,48
1768561200.0,1768568400.0,1.6765,short,AUDUSD,session_range_fade,2.0,1.3,48
1768935600.0,1768982400.0,1.8318,long,AUDUSD,session_range_fade,2.0,1.3,48
1769155200.0,1769162400.0,-1.2652,long,AUDUSD,session_range_fade,2.0,1.3,48
1769166000.0,1769180400.0,1.7824,long,AUDUSD,session_range_fade,2.0,1.3,48
1769454000.0,1769500800.0,-1.1508,long,AUDUSD,session_range_fade,2.0,1.3,48
1769616000.0,1769630400.0,1.8856,long,AUDUSD,session_range_fade,2.0,1.3,48
1770066000.0,1770076800.0,-1.1029,short,AUDUSD,session_range_fade,2.0,1.3,48
1770080400.0,1770087600.0,-1.1165,short,AUDUSD,session_range_fade,2.0,1.3,48
1770148800.0,1770224400.0,1.9021,short,AUDUSD,session_range_fade,2.0,1.3,48
1770249600.0,1770256800.0,-1.1192,long,AUDUSD,session_range_fade,2.0,1.3,48
1770271200.0,1770303600.0,-1.1209,long,AUDUSD,session_range_fade,2.0,1.3,48
1770361200.0,1770368400.0,-1.1197,short,AUDUSD,session_range_fade,2.0,1.3,48
1770372000.0,1770382800.0,-1.1264,short,AUDUSD,session_range_fade,2.0,1.3,48
1770634800.0,1770642000.0,-1.1429,short,AUDUSD,session_range_fade,2.0,1.3,48
1770696000.0,1770771600.0,1.7874,long,AUDUSD,session_range_fade,2.0,1.3,48
1770904800.0,1770912000.0,-1.1161,long,AUDUSD,session_range_fade,2.0,1.3,48
1771002000.0,1771340400.0,1.8985,short,AUDUSD,session_range_fade,2.0,1.3,48
1771376400.0,1771441200.0,1.8555,short,AUDUSD,session_range_fade,2.0,1.3,48
1771858800.0,1771930800.0,-1.1694,long,AUDUSD,session_range_fade,2.0,1.3,48
1771934400.0,1771941600.0,-1.1735,long,AUDUSD,session_range_fade,2.0,1.3,48
1771963200.0,1771977600.0,-1.1592,short,AUDUSD,session_range_fade,2.0,1.3,48
1772042400.0,1772067600.0,-1.1709,short,AUDUSD,session_range_fade,2.0,1.3,48
1772092800.0,1772114400.0,-1.196,long,AUDUSD,session_range_fade,2.0,1.3,48
1772182800.0,1772197200.0,-1.2092,long,AUDUSD,session_range_fade,2.0,1.3,48
1772679600.0,1772686800.0,-0.2971,short,AUDUSD,session_range_fade,2.0,1.3,48
1765980000.0,1765987200.0,1.8023,short,AUDUSD,session_range_fade,2.0,1.3,96
1766106000.0,1766376000.0,-1.1724,short,AUDUSD,session_range_fade,2.0,1.3,96
1766584800.0,1766649600.0,-1.252,long,AUDUSD,session_range_fade,2.0,1.3,96
1766739600.0,1766754000.0,1.7104,long,AUDUSD,session_range_fade,2.0,1.3,96
1767056400.0,1767070800.0,-1.2217,short,AUDUSD,session_range_fade,2.0,1.3,96
1767243600.0,1767290400.0,1.3946,short,AUDUSD,session_range_fade,2.0,1.3,96
1767902400.0,1767945600.0,1.7883,short,AUDUSD,session_range_fade,2.0,1.3,96
1767963600.0,1767970800.0,1.7853,short,AUDUSD,session_range_fade,2.0,1.3,96
1768309200.0,1768312800.0,-1.2384,long,AUDUSD,session_range_fade,2.0,1.3,96
1768438800.0,1768464000.0,-1.2269,short,AUDUSD,session_range_fade,2.0,1.3,96
1768471200.0,1768482000.0,1.7565,short,AUDUSD,session_range_fade,2.0,1.3,96
1768539600.0,1768557600.0,-1.2992,short,AUDUSD,session_range_fade,2.0,1.3,96
1768561200.0,1768568400.0,1.6765,short,AUDUSD,session_range_fade,2.0,1.3,96
1768935600.0,1768982400.0,1.8318,long,AUDUSD,session_range_fade,2.0,1.3,96
1769155200.0,1769162400.0,-1.2652,long,AUDUSD,session_range_fade,2.0,1.3,96
1769166000.0,1769180400.0,1.7824,long,AUDUSD,session_range_fade,2.0,1.3,96
1769454000.0,1769500800.0,-1.1508,long,AUDUSD,session_range_fade,2.0,1.3,96
1769616000.0,1769630400.0,1.8856,long,AUDUSD,session_range_fade,2.0,1.3,96
1770066000.0,1770076800.0,-1.1029,short,AUDUSD,session_range_fade,2.0,1.3,96
1770080400.0,1770087600.0,-1.1165,short,AUDUSD,session_range_fade,2.0,1.3,96
1770148800.0,1770224400.0,1.9021,short,AUDUSD,session_range_fade,2.0,1.3,96
1770249600.0,1770256800.0,-1.1192,long,AUDUSD,session_range_fade,2.0,1.3,96
1770271200.0,1770303600.0,-1.1209,long,AUDUSD,session_range_fade,2.0,1.3,96
1770361200.0,1770368400.0,-1.1197,short,AUDUSD,session_range_fade,2.0,1.3,96
1770372000.0,1770382800.0,-1.1264,short,AUDUSD,session_range_fade,2.0,1.3,96
1770634800.0,1770642000.0,-1.1429,short,AUDUSD,session_range_fade,2.0,1.3,96
1770696000.0,1770771600.0,1.7874,long,AUDUSD,session_range_fade,2.0,1.3,96
1770904800.0,1770912000.0,-1.1161,long,AUDUSD,session_range_fade,2.0,1.3,96
1771002000.0,1771340400.0,1.8985,short,AUDUSD,session_range_fade,2.0,1.3,96
1771376400.0,1771441200.0,1.8555,short,AUDUSD,session_range_fade,2.0,1.3,96
1771858800.0,1771930800.0,-1.1694,long,AUDUSD,session_range_fade,2.0,1.3,96
1771934400.0,1771941600.0,-1.1735,long,AUDUSD,session_range_fade,2.0,1.3,96
1771963200.0,1771977600.0,-1.1592,short,AUDUSD,session_range_fade,2.0,1.3,96
1772042400.0,1772067600.0,-1.1709,short,AUDUSD,session_range_fade,2.0,1.3,96
1772092800.0,1772114400.0,-1.196,long,AUDUSD,session_range_fade,2.0,1.3,96
1772182800.0,1772197200.0,-1.2092,long,AUDUSD,session_range_fade,2.0,1.3,96
1772679600.0,1772686800.0,-0.2971,short,AUDUSD,session_range_fade,2.0,1.3,96
1765980000.0,1765994400.0,1.8394,short,AUDUSD,session_range_fade,2.0,1.6,24
1766106000.0,1766368800.0,-0.7897,short,AUDUSD,session_range_fade,2.0,1.6,24
1766584800.0,1766649600.0,-1.2047,long,AUDUSD,session_range_fade,2.0,1.6,24
1766739600.0,1766754000.0,1.7647,long,AUDUSD,session_range_fade,2.0,1.6,24
1767056400.0,1767070800.0,-1.1801,short,AUDUSD,session_range_fade,2.0,1.6,24
1767243600.0,1767308400.0,-1.4919,short,AUDUSD,session_range_fade,2.0,1.6,24
1767902400.0,1767970800.0,1.828,short,AUDUSD,session_range_fade,2.0,1.6,24
1768309200.0,1768316400.0,-1.1937,long,AUDUSD,session_range_fade,2.0,1.6,24
1768438800.0,1768467600.0,-1.1844,short,AUDUSD,session_range_fade,2.0,1.6,24
1768471200.0,1768482000.0,1.8022,short,AUDUSD,session_range_fade,2.0,1.6,24
1768539600.0,1768557600.0,-1.2431,short,AUDUSD,session_range_fade,2.0,1.6,24
1768561200.0,1768572000.0,1.7371,short,AUDUSD,session_range_fade,2.0,1.6,24
1768935600.0,1768996800.0,1.8634,long,AUDUSD,session_range_fade,2.0,1.6,24
1769155200.0,1769162400.0,-1.2155,long,AUDUSD,session_range_fade,2.0,1.6,24
1769166000.0,1769184000.0,1.8232,long,AUDUSD,session_range_fade,2.0,1.6,24
1769454000.0,1769522400.0,1.8774,long,AUDUSD,session_range_fade,2.0,1.6,24
1769616000.0,1769634000.0,1.9071,long,AUDUSD,session_range_fade,2.0,1.6,24
1770066000.0,1770080400.0,-1.0836,short,AUDUSD,session_range_fade,2.0,1.6,24
1770084000.0,1770087600.0,-1.0904,short,AUDUSD,session_range_fade,2.0,1.6,24
1770148800.0,1770235200.0,0.848,short,AUDUSD,session_range_fade,2.0,1.6,24
1770249600.0,1770256800.0,-1.0968,long,AUDUSD,session_range_fade,2.0,1.6,24
1770271200.0,1770303600.0,-1.0982,long,AUDUSD,session_range_fade,2.0,1.6,24
1770361200.0,1770375600.0,-1.0972,short,AUDUSD,session_range_fade,2.0,1.6,24
1770634800.0,1770642000.0,-1.1161,short,AUDUSD,session_range_fade,2.0,1.6,24
1770696000.0,1770775200.0,1.8272,long,AUDUSD,session_range_fade,2.0,1.6,24
1770904800.0,1770912000.0,-1.0943,long,AUDUSD,session_range_fade,2.0,1.6,24
1771002000.0,1771264800.0,0.0343,short,AUDUSD,session_range_fade,2.0,1.6,24
1771268400.0,1771297200.0,1.8186,short,AUDUSD,session_range_fade,2.0,1.6,24
1771329600.0,1771336800.0,-1.1374,long,AUDUSD,session_range_fade,2.0,1.6,24
1771376400.0,1771441200.0,1.8826,short,AUDUSD,session_range_fade,2.0,1.6,24
1771858800.0,1771930800.0,-1.1377,long,AUDUSD,session_range_fade,2.0,1.6,24
1771934400.0,1771977600.0,1.859,long,AUDUSD,session_range_fade,2.0,1.6,24
1772042400.0,1772067600.0,-1.1388,short,AUDUSD,session_range_fade,2.0,1.6,24
1772092800.0,1772118000.0,-1.1592,long,AUDUSD,session_range_fade,2.0,1.6,24
1772182800.0,1772197200.0,-1.17,long,AUDUSD,session_range_fade,2.0,1.6,24
1772679600.0,1772686800.0,-0.2414,short,AUDUSD,session_range_fade,2.0,1.6,24
1765980000.0,1765994400.0,1.8394,short,AUDUSD,session_range_fade,2.0,1.6,48
1766106000.0,1766376000.0,-1.1401,short,AUDUSD,session_range_fade,2.0,1.6,48
1766584800.0,1766649600.0,-1.2047,long,AUDUSD,session_range_fade,2.0,1.6,48
1766739600.0,1766754000.0,1.7647,long,AUDUSD,session_range_fade,2.0,1.6,48
1767056400.0,1767070800.0,-1.1801,short,AUDUSD,session_range_fade,2.0,1.6,48
1767243600.0,1767308400.0,-1.4919,short,AUDUSD,session_range_fade,2.0,1.6,48
1767902400.0,1767970800.0,1.828,short,AUDUSD,session_range_fade,2.0,1.6,48
1768309200.0,1768316400.0,-1.1937,long,AUDUSD,session_range_fade,2.0,1.6,48
1768438800.0,1768467600.0,-1.1844,short,AUDUSD,session_range_fade,2.0,1.6,48
1768471200.0,1768482000.0,1.8022,short,AUDUSD,session_range_fade,2.0,1.6,48
1768539600.0,1768557600.0,-1.2431,short,AUDUSD,session_range_fade,2.0,1.6,48
1768561200.0,1768572000.0,1.7371,short,AUDUSD,session_range_fade,2.0,1.6,48
1768935600.0,1768996800.0,1.8634,long,AUDUSD,session_range_fade,2.0,1.6,48
1769155200.0,1769162400.0,-1.2155,long,AUDUSD,session_range_fade,2.0,1.6,48
1769166000.0,1769184000.0,1.8232,long,AUDUSD,session_range_fade,2.0,1.6,48
1769454000.0,1769522400.0,1.8774,long,AUDUSD,session_range_fade,2.0,1.6,48
1769616000.0,1769634000.0,1.9071,long,AUDUSD,session_range_fade,2.0,1.6,48
1770066000.0,1770080400.0,-1.0836,short,AUDUSD,session_range_fade,2.0,1.6,48
1770084000.0,1770087600.0,-1.0904,short,AUDUSD,session_range_fade,2.0,1.6,48
1770148800.0,1770256800.0,1.9205,short,AUDUSD,session_range_fade,2.0,1.6,48
1770271200.0,1770303600.0,-1.0982,long,AUDUSD,session_range_fade,2.0,1.6,48
1770361200.0,1770375600.0,-1.0972,short,AUDUSD,session_range_fade,2.0,1.6,48
1770634800.0,1770642000.0,-1.1161,short,AUDUSD,session_range_fade,2.0,1.6,48
1770696000.0,1770775200.0,1.8272,long,AUDUSD,session_range_fade,2.0,1.6,48
1770904800.0,1770912000.0,-1.0943,long,AUDUSD,session_range_fade,2.0,1.6,48
1771002000.0,1771351200.0,-0.5504,short,AUDUSD,session_range_fade,2.0,1.6,48
1771376400.0,1771441200.0,1.8826,short,AUDUSD,session_range_fade,2.0,1.6,48
1771858800.0,1771930800.0,-1.1377,long,AUDUSD,session_range_fade,2.0,1.6,48
1771934400.0,1771977600.0,1.859,long,AUDUSD,session_range_fade,2.0,1.6,48
1772042400.0,1772067600.0,-1.1388,short,AUDUSD,session_range_fade,2.0,1.6,48
1772092800.0,1772118000.0,-1.1592,long,AUDUSD,session_range_fade,2.0,1.6,48
1772182800.0,1772197200.0,-1.17,long,AUDUSD,session_range_fade,2.0,1.6,48
1772679600.0,1772686800.0,-0.2414,short,AUDUSD,session_range_fade,2.0,1.6,48
1765980000.0,1765994400.0,1.8394,short,AUDUSD,session_range_fade,2.0,1.6,96
1766106000.0,1766376000.0,-1.1401,short,AUDUSD,session_range_fade,2.0,1.6,96
1766584800.0,1766649600.0,-1.2047,long,AUDUSD,session_range_fade,2.0,1.6,96
1766739600.0,1766754000.0,1.7647,long,AUDUSD,session_range_fade,2.0,1.6,96
1767056400.0,1767070800.0,-1.1801,short,AUDUSD,session_range_fade,2.0,1.6,96
1767243600.0,1767308400.0,-1.4919,short,AUDUSD,session_range_fade,2.0,1.6,96
1767902400.0,1767970800.0,1.828,short,AUDUSD,session_range_fade,2.0,1.6,96
1768309200.0,1768316400.0,-1.1937,long,AUDUSD,session_range_fade,2.0,1.6,96
1768438800.0,1768467600.0,-1.1844,short,AUDUSD,session_range_fade,2.0,1.6,96
1768471200.0,1768482000.0,1.8022,short,AUDUSD,session_range_fade,2.0,1.6,96
1768539600.0,1768557600.0,-1.2431,short,AUDUSD,session_range_fade,2.0,1.6,96
1768561200.0,1768572000.0,1.7371,short,AUDUSD,session_range_fade,2.0,1.6,96
1768935600.0,1768996800.0,1.8634,long,AUDUSD,session_range_fade,2.0,1.6,96
1769155200.0,1769162400.0,-1.2155,long,AUDUSD,session_range_fade,2.0,1.6,96
1769166000.0,1769184000.0,1.8232,long,AUDUSD,session_range_fade,2.0,1.6,96
1769454000.0,1769522400.0,1.8774,long,AUDUSD,session_range_fade,2.0,1.6,96
1769616000.0,1769634000.0,1.9071,long,AUDUSD,session_range_fade,2.0,1.6,96
1770066000.0,1770080400.0,-1.0836,short,AUDUSD,session_range_fade,2.0,1.6,96
1770084000.0,1770087600.0,-1.0904,short,AUDUSD,session_range_fade,2.0,1.6,96
1770148800.0,1770256800.0,1.9205,short,AUDUSD,session_range_fade,2.0,1.6,96
1770271200.0,1770303600.0,-1.0982,long,AUDUSD,session_range_fade,2.0,1.6,96
1770361200.0,1770375600.0,-1.0972,short,AUDUSD,session_range_fade,2.0,1.6,96
1770634800.0,1770642000.0,-1.1161,short,AUDUSD,session_range_fade,2.0,1.6,96
1770696000.0,1770775200.0,1.8272,long,AUDUSD,session_range_fade,2.0,1.6,96
1770904800.0,1770912000.0,-1.0943,long,AUDUSD,session_range_fade,2.0,1.6,96
1771002000.0,1771524000.0,0.7906,short,AUDUSD,session_range_fade,2.0,1.6,96
1771858800.0,1771930800.0,-1.1377,long,AUDUSD,session_range_fade,2.0,1.6,96
1771934400.0,1771977600.0,1.859,long,AUDUSD,session_range_fade,2.0,1.6,96
1772042400.0,1772067600.0,-1.1388,short,AUDUSD,session_range_fade,2.0,1.6,96
1772092800.0,1772118000.0,-1.1592,long,AUDUSD,session_range_fade,2.0,1.6,96
1772182800.0,1772197200.0,-1.17,long,AUDUSD,session_range_fade,2.0,1.6,96
1772679600.0,1772686800.0,-0.2414,short,AUDUSD,session_range_fade,2.0,1.6,96
1765980000.0,1766019600.0,1.8715,short,AUDUSD,session_range_fade,2.0,2.0,24
1766106000.0,1766368800.0,-0.6318,short,AUDUSD,session_range_fade,2.0,2.0,24
1766584800.0,1766649600.0,-1.1638,long,AUDUSD,session_range_fade,2.0,2.0,24
1766739600.0,1766757600.0,1.8118,long,AUDUSD,session_range_fade,2.0,2.0,24
1767056400.0,1767074400.0,-1.1441,short,AUDUSD,session_range_fade,2.0,2.0,24
1767243600.0,1767308400.0,-1.3935,short,AUDUSD,session_range_fade,2.0,2.0,24
1767902400.0,1767970800.0,1.8624,short,AUDUSD,session_range_fade,2.0,2.0,24
1768309200.0,1768316400.0,-1.1549,long,AUDUSD,session_range_fade,2.0,2.0,24
1768438800.0,1768467600.0,-1.1475,short,AUDUSD,session_range_fade,2.0,2.0,24
1768471200.0,1768557600.0,-0.6891,short,AUDUSD,session_range_fade,2.0,2.0,24
1768561200.0,1768575600.0,1.7897,short,AUDUSD,session_range_fade,2.0,2.0,24
1768935600.0,1769000400.0,1.8907,long,AUDUSD,session_range_fade,2.0,2.0,24
1769155200.0,1769162400.0,-1.1724,long,AUDUSD,session_range_fade,2.0,2.0,24
1769166000.0,1769184000.0,1.8585,long,AUDUSD,session_range_fade,2.0,2.0,24
1769454000.0,1769522400.0,1.902,long,AUDUSD,session_range_fade,2.0,2.0,24
1769616000.0,1769641200.0,1.9257,long,AUDUSD,session_range_fade,2.0,2.0,24
1770066000.0,1770087600.0,-1.0669,short,AUDUSD,session_range_fade,2.0,2.0,24
1770148800.0,1770235200.0,0.6784,short,AUDUSD,session_range_fade,2.0,2.0,24
1770249600.0,1770256800.0,-1.0775,long,AUDUSD,session_range_fade,2.0,2.0,24
1770271200.0,1770303600.0,-1.0786,long,AUDUSD,session_range_fade,2.0,2.0,24
1770361200.0,1770379200.0,-1.0778,short,AUDUSD,session_range_fade,2.0,2.0,24
1770634800.0,1770642000.0,-1.0929,short,AUDUSD,session_range_fade,2.0,2.0,24
1770696000.0,1770775200.0,1.8618,long,AUDUSD,session_range_fade,2.0,2.0,24
1770904800.0,1770912000.0,-1.0755,long,AUDUSD,session_range_fade,2.0,2.0,24
1771002000.0,1771264800.0,0.0274,short,AUDUSD,session_range_fade,2.0,2.0,24
1771268400.0,1771333200.0,1.8549,short,AUDUSD,session_range_fade,2.0,2.0,24
1771376400.0,1771462800.0,0.393,short,AUDUSD,session_range_fade,2.0,2.0,24
1771858800.0,1771934400.0,-1.1101,long,AUDUSD,session_range_fade,2.0,2.0,24
1771963200.0,1771981200.0,-1.1034,short,AUDUSD,session_range_fade,2.0,2.0,24
1772042400.0,1772118000.0,1.8889,short,AUDUSD,session_range_fade,2.0,2.0,24
1772182800.0,1772197200.0,-1.136,long,AUDUSD,session_range_fade,2.0,2.0,24
1772679600.0,1772686800.0,-0.1931,short,AUDUSD,session_range_fade,2.0,2.0,24
1765980000.0,1766019600.0,1.8715,short,AUDUSD,session_range_fade,2.0,2.0,48
1766106000.0,1766386800.0,-1.1121,short,AUDUSD,session_range_fade,2.0,2.0,48
1766584800.0,1766649600.0,-1.1638,long,AUDUSD,session_range_fade,2.0,2.0,48
1766739600.0,1766757600.0,1.8118,long,AUDUSD,session_range_fade,2.0,2.0,48
1767056400.0,1767074400.0,-1.1441,short,AUDUSD,session_range_fade,2.0,2.0,48
1767243600.0,1767308400.0,-1.3935,short,AUDUSD,session_range_fade,2.0,2.0,48
1767902400.0,1767970800.0,1.8624,short,AUDUSD,session_range_fade,2.0,2.0,48
1768309200.0,1768316400.0,-1.1549,long,AUDUSD,session_range_fade,2.0,2.0,48
1768438800.0,1768467600.0,-1.1475,short,AUDUSD,session_range_fade,2.0,2.0,48
1768471200.0,1768575600.0,1.8417,short,AUDUSD,session_range_fade,2.0,2.0,48
1768935600.0,1769000400.0,1.8907,long,AUDUSD,session_range_fade,2.0,2.0,48
1769155200.0,1769162400.0,-1.1724,long,AUDUSD,session_range_fade,2.0,2.0,48
1769166000.0,1769184000.0,1.8585,long,AUDUSD,session_range_fade,2.0,2.0,48
1769454000.0,1769522400.0,1.902,long,AUDUSD,session_range_fade,2.0,2.0,48
1769616000.0,1769641200.0,1.9257,long,AUDUSD,session_range_fade,2.0,2.0,48
1770066000.0,1770087600.0,-1.0669,short,AUDUSD,session_range_fade,2.0,2.0,48
1770148800.0,1770303600.0,1.9364,short,AUDUSD,session_range_fade,2.0,2.0,48
1770361200.0,1770379200.0,-1.0778,short,AUDUSD,session_range_fade,2.0,2.0,48
1770634800.0,1770642000.0,-1.0929,short,AUDUSD,session_range_fade,2.0,2.0,48
1770696000.0,1770775200.0,1.8618,long,AUDUSD,session_range_fade,2.0,2.0,48
1770904800.0,1770912000.0,-1.0755,long,AUDUSD,session_range_fade,2.0,2.0,48
1771002000.0,1771351200.0,-0.4403,short,AUDUSD,session_range_fade,2.0,2.0,48
1771376400.0,1771509600.0,1.9061,short,AUDUSD,session_range_fade,2.0,2.0,48
1771858800.0,1771934400.0,-1.1101,long,AUDUSD,session_range_fade,2.0,2.0,48
1771963200.0,1771981200.0,-1.1034,short,AUDUSD,session_range_fade,2.0,2.0,48
1772042400.0,1772118000.0,1.8889,short,AUDUSD,session_range_fade,2.0,2.0,48
1772182800.0,1772197200.0,-1.136,long,AUDUSD,session_range_fade,2.0,2.0,48
1772679600.0,1772686800.0,-0.1931,short,AUDUSD,session_range_fade,2.0,2.0,48
1765980000.0,1766019600.0,1.8715,short,AUDUSD,session_range_fade,2.0,2.0,96
1766106000.0,1766386800.0,-1.1121,short,AUDUSD,session_range_fade,2.0,2.0,96
1766584800.0,1766649600.0,-1.1638,long,AUDUSD,session_range_fade,2.0,2.0,96
1766739600.0,1766757600.0,1.8118,long,AUDUSD,session_range_fade,2.0,2.0,96
1767056400.0,1767074400.0,-1.1441,short,AUDUSD,session_range_fade,2.0,2.0,96
1767243600.0,1767308400.0,-1.3935,short,AUDUSD,session_range_fade,2.0,2.0,96
1767902400.0,1767970800.0,1.8624,short,AUDUSD,session_range_fade,2.0,2.0,96
1768309200.0,1768316400.0,-1.1549,long,AUDUSD,session_range_fade,2.0,2.0,96
1768438800.0,1768467600.0,-1.1475,short,AUDUSD,session_range_fade,2.0,2.0,96
1768471200.0,1768575600.0,1.8417,short,AUDUSD,session_range_fade,2.0,2.0,96
1768935600.0,1769000400.0,1.8907,long,AUDUSD,session_range_fade,2.0,2.0,96
1769155200.0,1769162400.0,-1.1724,long,AUDUSD,session_range_fade,2.0,2.0,96
1769166000.0,1769184000.0,1.8585,long,AUDUSD,session_range_fade,2.0,2.0,96
1769454000.0,1769522400.0,1.902,long,AUDUSD,session_range_fade,2.0,2.0,96
1769616000.0,1769641200.0,1.9257,long,AUDUSD,session_range_fade,2.0,2.0,96
1770066000.0,1770087600.0,-1.0669,short,AUDUSD,session_range_fade,2.0,2.0,96
1770148800.0,1770303600.0,1.9364,short,AUDUSD,session_range_fade,2.0,2.0,96
1770361200.0,1770379200.0,-1.0778,short,AUDUSD,session_range_fade,2.0,2.0,96
1770634800.0,1770642000.0,-1.0929,short,AUDUSD,session_range_fade,2.0,2.0,96
1770696000.0,1770775200.0,1.8618,long,AUDUSD,session_range_fade,2.0,2.0,96
1770904800.0,1770912000.0,-1.0755,long,AUDUSD,session_range_fade,2.0,2.0,96
1771002000.0,1771524000.0,0.6325,short,AUDUSD,session_range_fade,2.0,2.0,96
1771858800.0,1771934400.0,-1.1101,long,AUDUSD,session_range_fade,2.0,2.0,96
1771963200.0,1771981200.0,-1.1034,short,AUDUSD,session_range_fade,2.0,2.0,96
1772042400.0,1772118000.0,1.8889,short,AUDUSD,session_range_fade,2.0,2.0,96
1772182800.0,1772197200.0,-1.136,long,AUDUSD,session_range_fade,2.0,2.0,96
1772679600.0,1772686800.0,-0.1931,short,AUDUSD,session_range_fade,2.0,2.0,96
1765980000.0,1766066400.0,0.0561,short,AUDUSD,session_range_fade,2.0,2.5,24
1766106000.0,1766368800.0,-0.5054,short,AUDUSD,session_range_fade,2.0,2.5,24
1766584800.0,1766671200.0,-0.5116,long,AUDUSD,session_range_fade,2.0,2.5,24
1766739600.0,1766977200.0,1.8494,long,AUDUSD,session_range_fade,2.0,2.5,24
1767056400.0,1767142800.0,0.2708,short,AUDUSD,session_range_fade,2.0,2.5,24
1767243600.0,1767308400.0,-1.3148,short,AUDUSD,session_range_fade,2.0,2.5,24
1767902400.0,1767988800.0,0.3074,short,AUDUSD,session_range_fade,2.0,2.5,24
1768309200.0,1768316400.0,-1.1239,long,AUDUSD,session_range_fade,2.0,2.5,24
1768438800.0,1768467600.0,-1.118,short,AUDUSD,session_range_fade,2.0,2.5,24
1768471200.0,1768557600.0,-0.5513,short,AUDUSD,session_range_fade,2.0,2.5,24
1768561200.0,1768575600.0,1.8318,short,AUDUSD,session_range_fade,2.0,2.5,24
1768935600.0,1769022000.0,1.1349,long,AUDUSD,session_range_fade,2.0,2.5,24
1769155200.0,1769184000.0,1.8621,long,AUDUSD,session_range_fade,2.0,2.5,24
1769454000.0,1769526000.0,1.9216,long,AUDUSD,session_range_fade,2.0,2.5,24
1769616000.0,1769655600.0,1.9405,long,AUDUSD,session_range_fade,2.0,2.5,24
1770066000.0,1770087600.0,-1.0535,short,AUDUSD,session_range_fade,2.0,2.5,24
1770148800.0,1770235200.0,0.5427,short,AUDUSD,session_range_fade,2.0,2.5,24
1770249600.0,1770256800.0,-1.062,long,AUDUSD,session_range_fade,2.0,2.5,24
1770271200.0,1770303600.0,-1.0629,long,AUDUSD,session_range_fade,2.0,2.5,24
1770361200.0,1770386400.0,-1.0622,short,AUDUSD,session_range_fade,2.0,2.5,24
1770634800.0,1770645600.0,-1.0743,short,AUDUSD,session_range_fade,2.0,2.5,24
1770696000.0,1770775200.0,1.8894,long,AUDUSD,session_range_fade,2.0,2.5,24
1770904800.0,1770919200.0,-1.0604,long,AUDUSD,session_range_fade,2.0,2.5,24
1771002000.0,1771264800.0,0.0219,short,AUDUSD,session_range_fade,2.0,2.5,24
1771268400.0,1771336800.0,1.8839,short,AUDUSD,session_range_fade,2.0,2.5,24
1771376400.0,1771462800.0,0.3144,short,AUDUSD,session_range_fade,2.0,2.5,24
1771858800.0,1771938000.0,-1.0881,long,AUDUSD,session_range_fade,2.0,2.5,24
1771963200.0,1771984800.0,-1.0828,short,AUDUSD,session_range_fade,2.0,2.5,24
1772042400.0,1772118000.0,1.9111,short,AUDUSD,session_range_fade,2.0,2.5,24
1772182800.0,1772197200.0,-1.1088,long,AUDUSD,session_range_fade,2.0,2.5,24
1772679600.0,1772686800.0,-0.1545,short,AUDUSD,session_range_fade,2.0,2.5,24
1765980000.0,1766152800.0,0.1242,short,AUDUSD,session_range_fade,2.0,2.5,48
1766160000.0,1766386800.0,-1.1125,short,AUDUSD,session_range_fade,2.0,2.5,48
1766584800.0,1766768400.0,0.0742,long,AUDUSD,session_range_fade,2.0,2.5,48
1767056400.0,1767193200.0,1.8847,short,AUDUSD,session_range_fade,2.0,2.5,48
1767243600.0,1767308400.0,-1.3148,short,AUDUSD,session_range_fade,2.0,2.5,48
1767902400.0,1768222800.0,-1.1101,short,AUDUSD,session_range_fade,2.0,2.5,48
1768309200.0,1768316400.0,-1.1239,long,AUDUSD,session_range_fade,2.0,2.5,48
1768438800.0,1768467600.0,-1.118,short,AUDUSD,session_range_fade,2.0,2.5,48
1768471200.0,1768820400.0,-0.4096,short,AUDUSD,session_range_fade,2.0,2.5,48
1768935600.0,1769040000.0,1.9125,long,AUDUSD,session_range_fade,2.0,2.5,48
1769155200.0,1769184000.0,1.8621,long,AUDUSD,session_range_fade,2.0,2.5,48
1769454000.0,1769526000.0,1.9216,long,AUDUSD,session_range_fade,2.0,2.5,48
1769616000.0,1769655600.0,1.9405,long,AUDUSD,session_range_fade,2.0,2.5,48
1770066000.0,1770087600.0,-1.0535,short,AUDUSD,session_range_fade,2.0,2.5,48
1770148800.0,1770321600.0,1.7991,short,AUDUSD,session_range_fade,2.0,2.5,48
1770361200.0,1770386400.0,-1.0622,short,AUDUSD,session_range_fade,2.0,2.5,48
1770634800.0,1770645600.0,-1.0743,short,AUDUSD,session_range_fade,2.0,2.5,48
1770696000.0,1770775200.0,1.8894,long,AUDUSD,session_range_fade,2.0,2.5,48
1770904800.0,1770919200.0,-1.0604,long,AUDUSD,session_range_fade,2.0,2.5,48
1771002000.0,1771351200.0,-0.3523,short,AUDUSD,session_range_fade,2.0,2.5,48
1771376400.0,1771549200.0,1.5459,short,AUDUSD,session_range_fade,2.0,2.5,48
1771858800.0,1771938000.0,-1.0881,long,AUDUSD,session_range_fade,2.0,2.5,48
1771963200.0,1771984800.0,-1.0828,short,AUDUSD,session_range_fade,2.0,2.5,48
1772042400.0,1772118000.0,1.9111,short,AUDUSD,session_range_fade,2.0,2.5,48
1772182800.0,1772197200.0,-1.1088,long,AUDUSD,session_range_fade,2.0,2.5,48
1772679600.0,1772686800.0,-0.1545,short,AUDUSD,session_range_fade,2.0,2.5,48
1765980000.0,1766404800.0,-1.1028,short,AUDUSD,session_range_fade,2.0,2.5,96
1766584800.0,1767009600.0,-1.131,long,AUDUSD,session_range_fade,2.0,2.5,96
1767056400.0,1767193200.0,1.8847,short,AUDUSD,session_range_fade,2.0,2.5,96
1767243600.0,1767308400.0,-1.3148,short,AUDUSD,session_range_fade,2.0,2.5,96
1767902400.0,1768222800.0,-1.1101,short,AUDUSD,session_range_fade,2.0,2.5,96
1768309200.0,1768316400.0,-1.1239,long,AUDUSD,session_range_fade,2.0,2.5,96
1768438800.0,1768467600.0,-1.118,short,AUDUSD,session_range_fade,2.0,2.5,96
1768471200.0,1768838400.0,-1.1266,short,AUDUSD,session_range_fade,2.0,2.5,96
1768935600.0,1769040000.0,1.9125,long,AUDUSD,session_range_fade,2.0,2.5,96
1769155200.0,1769184000.0,1.8621,long,AUDUSD,session_range_fade,2.0,2.5,96
1769454000.0,1769526000.0,1.9216,long,AUDUSD,session_range_fade,2.0,2.5,96
1769616000.0,1769655600.0,1.9405,long,AUDUSD,session_range_fade,2.0,2.5,96
1770066000.0,1770087600.0,-1.0535,short,AUDUSD,session_range_fade,2.0,2.5,96
1770148800.0,1770325200.0,1.9491,short,AUDUSD,session_range_fade,2.0,2.5,96
1770361200.0,1770386400.0,-1.0622,short,AUDUSD,session_range_fade,2.0,2.5,96
1770634800.0,1770645600.0,-1.0743,short,AUDUSD,session_range_fade,2.0,2.5,96
1770696000.0,1770775200.0,1.8894,long,AUDUSD,session_range_fade,2.0,2.5,96
1770904800.0,1770919200.0,-1.0604,long,AUDUSD,session_range_fade,2.0,2.5,96
1771002000.0,1771524000.0,0.506,short,AUDUSD,session_range_fade,2.0,2.5,96
1771858800.0,1771938000.0,-1.0881,long,AUDUSD,session_range_fade,2.0,2.5,96
1771963200.0,1771984800.0,-1.0828,short,AUDUSD,session_range_fade,2.0,2.5,96
1772042400.0,1772118000.0,1.9111,short,AUDUSD,session_range_fade,2.0,2.5,96
1772182800.0,1772197200.0,-1.1088,long,AUDUSD,session_range_fade,2.0,2.5,96
1772679600.0,1772686800.0,-0.1545,short,AUDUSD,session_range_fade,2.0,2.5,96
1765980000.0,1765994400.0,2.3023,short,AUDUSD,session_range_fade,2.5,1.3,24
1766106000.0,1766368800.0,-0.972,short,AUDUSD,session_range_fade,2.5,1.3,24
1766584800.0,1766649600.0,-1.252,long,AUDUSD,session_range_fade,2.5,1.3,24
1766739600.0,1766754000.0,2.2104,long,AUDUSD,session_range_fade,2.5,1.3,24
1767056400.0,1767070800.0,-1.2217,short,AUDUSD,session_range_fade,2.5,1.3,24
1767243600.0,1767301200.0,-1.6054,short,AUDUSD,session_range_fade,2.5,1.3,24
1767902400.0,1767970800.0,2.2883,short,AUDUSD,session_range_fade,2.5,1.3,24
1768309200.0,1768312800.0,-1.2384,long,AUDUSD,session_range_fade,2.5,1.3,24
1768438800.0,1768464000.0,-1.2269,short,AUDUSD,session_range_fade,2.5,1.3,24
1768471200.0,1768482000.0,2.2565,short,AUDUSD,session_range_fade,2.5,1.3,24
1768539600.0,1768557600.0,-1.2992,short,AUDUSD,session_range_fade,2.5,1.3,24
1768561200.0,1768572000.0,2.1765,short,AUDUSD,session_range_fade,2.5,1.3,24
1768935600.0,1768996800.0,2.3318,long,AUDUSD,session_range_fade,2.5,1.3,24
1769155200.0,1769162400.0,-1.2652,long,AUDUSD,session_range_fade,2.5,1.3,24
1769166000.0,1769184000.0,2.2824,long,AUDUSD,session_range_fade,2.5,1.3,24
1769454000.0,1769500800.0,-1.1508,long,AUDUSD,session_range_fade,2.5,1.3,24
1769616000.0,1769634000.0,2.3856,long,AUDUSD,session_range_fade,2.5,1.3,24
1770066000.0,1770076800.0,-1.1029,short,AUDUSD,session_range_fade,2.5,1.3,24
1770080400.0,1770087600.0,-1.1165,short,AUDUSD,session_range_fade,2.5,1.3,24
1770148800.0,1770235200.0,1.0436,short,AUDUSD,session_range_fade,2.5,1.3,24
1770249600.0,1770256800.0,-1.1192,long,AUDUSD,session_range_fade,2.5,1.3,24
1770271200.0,1770303600.0,-1.1209,long,AUDUSD,session_range_fade,2.5,1.3,24
1770361200.0,1770368400.0,-1.1197,short,AUDUSD,session_range_fade,2.5,1.3,24
1770372000.0,1770382800.0,-1.1264,short,AUDUSD,session_range_fade,2.5,1.3,24
1770634800.0,1770642000.0,-1.1429,short,AUDUSD,session_range_fade,2.5,1.3,24
1770696000.0,1770775200.0,2.2874,long,AUDUSD,session_range_fade,2.5,1.3,24
1770904800.0,1770912000.0,-1.1161,long,AUDUSD,session_range_fade,2.5,1.3,24
1771002000.0,1771264800.0,0.0422,short,AUDUSD,session_range_fade,2.5,1.3,24
1771268400.0,1771297200.0,2.2767,short,AUDUSD,session_range_fade,2.5,1.3,24
1771329600.0,1771336800.0,-1.1691,long,AUDUSD,session_range_fade,2.5,1.3,24
1771376400.0,1771441200.0,2.3555,short,AUDUSD,session_range_fade,2.5,1.3,24
1771858800.0,1771930800.0,-1.1694,long,AUDUSD,session_range_fade,2.5,1.3,24
1771934400.0,1771941600.0,-1.1735,long,AUDUSD,session_range_fade,2.5,1.3,24
1771963200.0,1771977600.0,-1.1592,short,AUDUSD,session_range_fade,2.5,1.3,24
1772042400.0,1772067600.0,-1.1709,short,AUDUSD,session_range_fade,2.5,1.3,24
1772092800.0,1772114400.0,-1.196,long,AUDUSD,session_range_fade,2.5,1.3,24
1772182800.0,1772197200.0,-1.2092,long,AUDUSD,session_range_fade,2.5,1.3,24
1772679600.0,1772686800.0,-0.2971,short,AUDUSD,session_range_fade,2.5,1.3,24
1765980000.0,1765994400.0,2.3023,short,AUDUSD,session_range_fade,2.5,1.3,48
1766106000.0,1766376000.0,-1.1724,short,AUDUSD,session_range_fade,2.5,1.3,48
1766584800.0,1766649600.0,-1.252,long,AUDUSD,session_range_fade,2.5,1.3,48
1766739600.0,1766754000.0,2.2104,long,AUDUSD,session_range_fade,2.5,1.3,48
1767056400.0,1767070800.0,-1.2217,short,AUDUSD,session_range_fade,2.5,1.3,48
1767243600.0,1767301200.0,-1.6054,short,AUDUSD,session_range_fade,2.5,1.3,48
1767902400.0,1767970800.0,2.2883,short,AUDUSD,session_range_fade,2.5,1.3,48
1768309200.0,1768312800.0,-1.2384,long,AUDUSD,session_range_fade,2.5,1.3,48
1768438800.0,1768464000.0,-1.2269,short,AUDUSD,session_range_fade,2.5,1.3,48
1768471200.0,1768482000.0,2.2565,short,AUDUSD,session_range_fade,2.5,1.3,48
1768539600.0,1768557600.0,-1.2992,short,AUDUSD,session_range_fade,2.5,1.3,48
1768561200.0,1768572000.0,2.1765,short,AUDUSD,session_range_fade,2.5,1.3,48
1768935600.0,1768996800.0,2.3318,long,AUDUSD,session_range_fade,2.5,1.3,48
1769155200.0,1769162400.0,-1.2652,long,AUDUSD,session_range_fade,2.5,1.3,48
1769166000.0,1769184000.0,2.2824,long,AUDUSD,session_range_fade,2.5,1.3,48
1769454000.0,1769500800.0,-1.1508,long,AUDUSD,session_range_fade,2.5,1.3,48
1769616000.0,1769634000.0,2.3856,long,AUDUSD,session_range_fade,2.5,1.3,48
1770066000.0,1770076800.0,-1.1029,short,AUDUSD,session_range_fade,2.5,1.3,48
1770080400.0,1770087600.0,-1.1165,short,AUDUSD,session_range_fade,2.5,1.3,48
1770148800.0,1770256800.0,2.4021,short,AUDUSD,session_range_fade,2.5,1.3,48
1770271200.0,1770303600.0,-1.1209,long,AUDUSD,session_range_fade,2.5,1.3,48
1770361200.0,1770368400.0,-1.1197,short,AUDUSD,session_range_fade,2.5,1.3,48
1770372000.0,1770382800.0,-1.1264,short,AUDUSD,session_range_fade,2.5,1.3,48
1770634800.0,1770642000.0,-1.1429,short,AUDUSD,session_range_fade,2.5,1.3,48
1770696000.0,1770775200.0,2.2874,long,AUDUSD,session_range_fade,2.5,1.3,48
1770904800.0,1770912000.0,-1.1161,long,AUDUSD,session_range_fade,2.5,1.3,48
1771002000.0,1771351200.0,-0.6774,short,AUDUSD,session_range_fade,2.5,1.3,48
1771376400.0,1771441200.0,2.3555,short,AUDUSD,session_range_fade,2.5,1.3,48
1771858800.0,1771930800.0,-1.1694,long,AUDUSD,session_range_fade,2.5,1.3,48
1771934400.0,1771941600.0,-1.1735,long,AUDUSD,session_range_fade,2.5,1.3,48
1771963200.0,1771977600.0,-1.1592,short,AUDUSD,session_range_fade,2.5,1.3,48
1772042400.0,1772067600.0,-1.1709,short,AUDUSD,session_range_fade,2.5,1.3,48
1772092800.0,1772114400.0,-1.196,long,AUDUSD,session_range_fade,2.5,1.3,48
1772182800.0,1772197200.0,-1.2092,long,AUDUSD,session_range_fade,2.5,1.3,48
1772679600.0,1772686800.0,-0.2971,short,AUDUSD,session_range_fade,2.5,1.3,48
1765980000.0,1765994400.0,2.3023,short,AUDUSD,session_range_fade,2.5,1.3,96
1766106000.0,1766376000.0,-1.1724,short,AUDUSD,session_range_fade,2.5,1.3,96
1766584800.0,1766649600.0,-1.252,long,AUDUSD,session_range_fade,2.5,1.3,96
1766739600.0,1766754000.0,2.2104,long,AUDUSD,session_range_fade,2.5,1.3,96
1767056400.0,1767070800.0,-1.2217,short,AUDUSD,session_range_fade,2.5,1.3,96
1767243600.0,1767301200.0,-1.6054,short,AUDUSD,session_range_fade,2.5,1.3,96
1767902400.0,1767970800.0,2.2883,short,AUDUSD,session_range_fade,2.5,1.3,96
1768309200.0,1768312800.0,-1.2384,long,AUDUSD,session_range_fade,2.5,1.3,96
1768438800.0,1768464000.0,-1.2269,short,AUDUSD,session_range_fade,2.5,1.3,96
1768471200.0,1768482000.0,2.2565,short,AUDUSD,session_range_fade,2.5,1.3,96
1768539600.0,1768557600.0,-1.2992,short,AUDUSD,session_range_fade,2.5,1.3,96
1768561200.0,1768572000.0,2.1765,short,AUDUSD,session_range_fade,2.5,1.3,96
1768935600.0,1768996800.0,2.3318,long,AUDUSD,session_range_fade,2.5,1.3,96
1769155200.0,1769162400.0,-1.2652,long,AUDUSD,session_range_fade,2.5,1.3,96
1769166000.0,1769184000.0,2.2824,long,AUDUSD,session_range_fade,2.5,1.3,96
1769454000.0,1769500800.0,-1.1508,long,AUDUSD,session_range_fade,2.5,1.3,96
1769616000.0,1769634000.0,2.3856,long,AUDUSD,session_range_fade,2.5,1.3,96
1770066000.0,1770076800.0,-1.1029,short,AUDUSD,session_range_fade,2.5,1.3,96
1770080400.0,1770087600.0,-1.1165,short,AUDUSD,session_range_fade,2.5,1.3,96
1770148800.0,1770256800.0,2.4021,short,AUDUSD,session_range_fade,2.5,1.3,96
1770271200.0,1770303600.0,-1.1209,long,AUDUSD,session_range_fade,2.5,1.3,96
1770361200.0,1770368400.0,-1.1197,short,AUDUSD,session_range_fade,2.5,1.3,96
1770372000.0,1770382800.0,-1.1264,short,AUDUSD,session_range_fade,2.5,1.3,96
1770634800.0,1770642000.0,-1.1429,short,AUDUSD,session_range_fade,2.5,1.3,96
1770696000.0,1770775200.0,2.2874,long,AUDUSD,session_range_fade,2.5,1.3,96
1770904800.0,1770912000.0,-1.1161,long,AUDUSD,session_range_fade,2.5,1.3,96
1771002000.0,1771524000.0,0.9731,short,AUDUSD,session_range_fade,2.5,1.3,96
1771858800.0,1771930800.0,-1.1694,long,AUDUSD,session_range_fade,2.5,1.3,96
1771934400.0,1771941600.0,-1.1735,long,AUDUSD,session_range_fade,2.5,1.3,96
1771963200.0,1771977600.0,-1.1592,short,AUDUSD,session_range_fade,2.5,1.3,96
1772042400.0,1772067600.0,-1.1709,short,AUDUSD,session_range_fade,2.5,1.3,96
1772092800.0,1772114400.0,-1.196,long,AUDUSD,session_range_fade,2.5,1.3,96
1772182800.0,1772197200.0,-1.2092,long,AUDUSD,session_range_fade,2.5,1.3,96
1772679600.0,1772686800.0,-0.2971,short,AUDUSD,session_range_fade,2.5,1.3,96
1765980000.0,1766019600.0,2.3394,short,AUDUSD,session_range_fade,2.5,1.6,24
1766106000.0,1766368800.0,-0.7897,short,AUDUSD,session_range_fade,2.5,1.6,24
1766584800.0,1766649600.0,-1.2047,long,AUDUSD,session_range_fade,2.5,1.6,24
1766739600.0,1766757600.0,2.2647,long,AUDUSD,session_range_fade,2.5,1.6,24
1767056400.0,1767070800.0,-1.1801,short,AUDUSD,session_range_fade,2.5,1.6,24
1767243600.0,1767308400.0,-1.4919,short,AUDUSD,session_range_fade,2.5,1.6,24
1767902400.0,1767970800.0,2.328,short,AUDUSD,session_range_fade,2.5,1.6,24
1768309200.0,1768316400.0,-1.1937,long,AUDUSD,session_range_fade,2.5,1.6,24
1768438800.0,1768467600.0,-1.1844,short,AUDUSD,session_range_fade,2.5,1.6,24
1768471200.0,1768492800.0,-1.1978,short,AUDUSD,session_range_fade,2.5,1.6,24
1768539600.0,1768557600.0,-1.2431,short,AUDUSD,session_range_fade,2.5,1.6,24
1768561200.0,1768575600.0,2.2371,short,AUDUSD,session_range_fade,2.5,1.6,24
1768935600.0,1769000400.0,2.3634,long,AUDUSD,session_range_fade,2.5,1.6,24
1769155200.0,1769162400.0,-1.2155,long,AUDUSD,session_range_fade,2.5,1.6,24
1769166000.0,1769184000.0,2.3232,long,AUDUSD,session_range_fade,2.5,1.6,24
1769454000.0,1769522400.0,2.3774,long,AUDUSD,session_range_fade,2.5,1.6,24
1769616000.0,1769641200.0,2.4071,long,AUDUSD,session_range_fade,2.5,1.6,24
1770066000.0,1770080400.0,-1.0836,short,AUDUSD,session_range_fade,2.5,1.6,24
1770084000.0,1770087600.0,-1.0904,short,AUDUSD,session_range_fade,2.5,1.6,24
1770148800.0,1770235200.0,0.848,short,AUDUSD,session_range_fade,2.5,1.6,24
1770249600.0,1770256800.0,-1.0968,long,AUDUSD,session_range_fade,2.5,1.6,24
1770271200.0,1770303600.0,-1.0982,long,AUDUSD,session_range_fade,2.5,1.6,24
1770361200.0,1770375600.0,-1.0972,short,AUDUSD,session_range_fade,2.5,1.6,24
1770634800.0,1770642000.0,-1.1161,short,AUDUSD,session_range_fade,2.5,1.6,24
1770696000.0,1770775200.0,2.3272,long,AUDUSD,session_range_fade,2.5,1.6,24
1770904800.0,1770912000.0,-1.0943,long,AUDUSD,session_range_fade,2.5,1.6,24
1771002000.0,1771264800.0,0.0343,short,AUDUSD,session_range_fade,2.5,1.6,24
1771268400.0,1771333200.0,2.3186,short,AUDUSD,session_range_fade,2.5,1.6,24
1771376400.0,1771462800.0,0.4913,short,AUDUSD,session_range_fade,2.5,1.6,24
1771858800.0,1771930800.0,-1.1377,long,AUDUSD,session_range_fade,2.5,1.6,24
1771934400.0,1771981200.0,2.359,long,AUDUSD,session_range_fade,2.5,1.6,24
1772042400.0,1772067600.0,-1.1388,short,AUDUSD,session_range_fade,2.5,1.6,24
1772092800.0,1772118000.0,-1.1592,long,AUDUSD,session_range_fade,2.5,1.6,24
1772182800.0,1772197200.0,-1.17,long,AUDUSD,session_range_fade,2.5,1.6,24
1772679600.0,1772686800.0,-0.2414,short,AUDUSD,session_range_fade,2.5,1.6,24
1765980000.0,1766019600.0,2.3394,short,AUDUSD,session_range_fade,2.5,1.6,48
1766106000.0,1766376000.0,-1.1401,short,AUDUSD,session_range_fade,2.5,1.6,48
1766584800.0,1766649600.0,-1.2047,long,AUDUSD,session_range_fade,2.5,1.6,48
1766739600.0,1766757600.0,2.2647,long,AUDUSD,session_range_fade,2.5,1.6,48
1767056400.0,1767070800.0,-1.1801,short,AUDUSD,session_range_fade,2.5,1.6,48
1767243600.0,1767308400.0,-1.4919,short,AUDUSD,session_range_fade,2.5,1.6,48
1767902400.0,1767970800.0,2.328,short,AUDUSD,session_range_fade,2.5,1.6,48
1768309200.0,1768316400.0,-1.1937,long,AUDUSD,session_range_fade,2.5,1.6,48
1768438800.0,1768467600.0,-1.1844,short,AUDUSD,session_range_fade,2.5,1.6,48
1768471200.0,1768492800.0,-1.1978,short,AUDUSD,session_range_fade,2.5,1.6,48
1768539600.0,1768557600.0,-1.2431,short,AUDUSD,session_range_fade,2.5,1.6,48
1768561200.0,1768575600.0,2.2371,short,AUDUSD,session_range_fade,2.5,1.6,48
1768935600.0,1769000400.0,2.3634,long,AUDUSD,session_range_fade,2.5,1.6,48
1769155200.0,1769162400.0,-1.2155,long,AUDUSD,session_range_fade,2.5,1.6,48
1769166000.0,1769184000.0,2.3232,long,AUDUSD,session_range_fade,2.5,1.6,48
1769454000.0,1769522400.0,2.3774,long,AUDUSD,session_range_fade,2.5,1.6,48
1769616000.0,1769641200.0,2.4071,long,AUDUSD,session_range_fade,2.5,1.6,48
1770066000.0,1770080400.0,-1.0836,short,AUDUSD,session_range_fade,2.5,1.6,48
1770084000.0,1770087600.0,-1.0904,short,AUDUSD,session_range_fade,2.5,1.6,48
1770148800.0,1770303600.0,2.4205,short,AUDUSD,session_range_fade,2.5,1.6,48
1770361200.0,1770375600.0,-1.0972,short,AUDUSD,session_range_fade,2.5,1.6,48
1770634800.0,1770642000.0,-1.1161,short,AUDUSD,session_range_fade,2.5,1.6,48
1770696000.0,1770775200.0,2.3272,long,AUDUSD,session_range_fade,2.5,1.6,48
1770904800.0,1770912000.0,-1.0943,long,AUDUSD,session_range_fade,2.5,1.6,48
1771002000.0,1771351200.0,-0.5504,short,AUDUSD,session_range_fade,2.5,1.6,48
1771376400.0,1771509600.0,2.3826,short,AUDUSD,session_range_fade,2.5,1.6,48
1771858800.0,1771930800.0,-1.1377,long,AUDUSD,session_range_fade,2.5,1.6,48
1771934400.0,1771981200.0,2.359,long,AUDUSD,session_range_fade,2.5,1.6,48
1772042400.0,1772067600.0,-1.1388,short,AUDUSD,session_range_fade,2.5,1.6,48
1772092800.0,1772118000.0,-1.1592,long,AUDUSD,session_range_fade,2.5,1.6,48
1772182800.0,1772197200.0,-1.17,long,AUDUSD,session_range_fade,2.5,1.6,48
1772679600.0,1772686800.0,-0.2414,short,AUDUSD,session_range_fade,2.5,1.6,48
1765980000.0,1766019600.0,2.3394,short,AUDUSD,session_range_fade,2.5,1.6,96
1766106000.0,1766376000.0,-1.1401,short,AUDUSD,session_range_fade,2.5,1.6,96
1766584800.0,1766649600.0,-1.2047,long,AUDUSD,session_range_fade,2.5,1.6,96
1766739600.0,1766757600.0,2.2647,long,AUDUSD,session_range_fade,2.5,1.6,96
1767056400.0,1767070800.0,-1.1801,short,AUDUSD,session_range_fade,2.5,1.6,96
1767243600.0,1767308400.0,-1.4919,short,AUDUSD,session_range_fade,2.5,1.6,96
1767902400.0,1767970800.0,2.328,short,AUDUSD,session_range_fade,2.5,1.6,96
1768309200.0,1768316400.0,-1.1937,long,AUDUSD,session_range_fade,2.5,1.6,96
1768438800.0,1768467600.0,-1.1844,short,AUDUSD,session_range_fade,2.5,1.6,96
1768471200.0,1768492800.0,-1.1978,short,AUDUSD,session_range_fade,2.5,1.6,96
1768539600.0,1768557600.0,-1.2431,short,AUDUSD,session_range_fade,2.5,1.6,96
1768561200.0,1768575600.0,2.2371,short,AUDUSD,session_range_fade,2.5,1.6,96
1768935600.0,1769000400.0,2.3634,long,AUDUSD,session_range_fade,2.5,1.6,96
1769155200.0,1769162400.0,-1.2155,long,AUDUSD,session_range_fade,2.5,1.6,96
1769166000.0,1769184000.0,2.3232,long,AUDUSD,session_range_fade,2.5,1.6,96
1769454000.0,1769522400.0,2.3774,long,AUDUSD,session_range_fade,2.5,1.6,96
1769616000.0,1769641200.0,2.4071,long,AUDUSD,session_range_fade,2.5,1.6,96
1770066000.0,1770080400.0,-1.0836,short,AUDUSD,session_range_fade,2.5,1.6,96
1770084000.0,1770087600.0,-1.0904,short,AUDUSD,session_range_fade,2.5,1.6,96
1770148800.0,1770303600.0,2.4205,short,AUDUSD,session_range_fade,2.5,1.6,96
1770361200.0,1770375600.0,-1.0972,short,AUDUSD,session_range_fade,2.5,1.6,96
1770634800.0,1770642000.0,-1.1161,short,AUDUSD,session_range_fade,2.5,1.6,96
1770696000.0,1770775200.0,2.3272,long,AUDUSD,session_range_fade,2.5,1.6,96
1770904800.0,1770912000.0,-1.0943,long,AUDUSD,session_range_fade,2.5,1.6,96
1771002000.0,1771524000.0,0.7906,short,AUDUSD,session_range_fade,2.5,1.6,96
1771858800.0,1771930800.0,-1.1377,long,AUDUSD,session_range_fade,2.5,1.6,96
1771934400.0,1771981200.0,2.359,long,AUDUSD,session_range_fade,2.5,1.6,96
1772042400.0,1772067600.0,-1.1388,short,AUDUSD,session_range_fade,2.5,1.6,96
1772092800.0,1772118000.0,-1.1592,long,AUDUSD,session_range_fade,2.5,1.6,96
1772182800.0,1772197200.0,-1.17,long,AUDUSD,session_range_fade,2.5,1.6,96
1772679600.0,1772686800.0,-0.2414,short,AUDUSD,session_range_fade,2.5,1.6,96
1765980000.0,1766066400.0,0.0701,short,AUDUSD,session_range_fade,2.5,2.0,24
1766106000.0,1766368800.0,-0.6318,short,AUDUSD,session_range_fade,2.5,2.0,24
1766584800.0,1766649600.0,-1.1638,long,AUDUSD,session_range_fade,2.5,2.0,24
1766739600.0,1766977200.0,2.3118,long,AUDUSD,session_range_fade,2.5,2.0,24
1767056400.0,1767074400.0,-1.1441,short,AUDUSD,session_range_fade,2.5,2.0,24
1767243600.0,1767308400.0,-1.3935,short,AUDUSD,session_range_fade,2.5,2.0,24
1767902400.0,1767988800.0,0.3842,short,AUDUSD,session_range_fade,2.5,2.0,24
1768309200.0,1768316400.0,-1.1549,long,AUDUSD,session_range_fade,2.5,2.0,24
1768438800.0,1768467600.0,-1.1475,short,AUDUSD,session_range_fade,2.5,2.0,24
1768471200.0,1768557600.0,-0.6891,short,AUDUSD,session_range_fade,2.5,2.0,24
1768561200.0,1768575600.0,2.2897,short,AUDUSD,session_range_fade,2.5,2.0,24
1768935600.0,1769022000.0,1.4186,long,AUDUSD,session_range_fade,2.5,2.0,24
1769155200.0,1769162400.0,-1.1724,long,AUDUSD,session_range_fade,2.5,2.0,24
1769166000.0,1769187600.0,2.3585,long,AUDUSD,session_range_fade,2.5,2.0,24
1769454000.0,1769526000.0,2.402,long,AUDUSD,session_range_fade,2.5,2.0,24
1769616000.0,1769655600.0,2.4257,long,AUDUSD,session_range_fade,2.5,2.0,24
1770066000.0,1770087600.0,-1.0669,short,AUDUSD,session_range_fade,2.5,2.0,24
1770148800.0,1770235200.0,0.6784,short,AUDUSD,session_range_fade,2.5,2.0,24
1770249600.0,1770256800.0,-1.0775,long,AUDUSD,session_range_fade,2.5,2.0,24
1770271200.0,1770303600.0,-1.0786,long,AUDUSD,session_range_fade,2.5,2.0,24
1770361200.0,1770379200.0,-1.0778,short,AUDUSD,session_range_fade,2.5,2.0,24
1770634800.0,1770642000.0,-1.0929,short,AUDUSD,session_range_fade,2.5,2.0,24
1770696000.0,1770775200.0,2.3618,long,AUDUSD,session_range_fade,2.5,2.0,24
1770904800.0,1770912000.0,-1.0755,long,AUDUSD,session_range_fade,2.5,2.0,24
1771002000.0,1771264800.0,0.0274,short,AUDUSD,session_range_fade,2.5,2.0,24
1771268400.0,1771336800.0,2.3549,short,AUDUSD,session_range_fade,2.5,2.0,24
1771376400.0,1771462800.0,0.393,short,AUDUSD,session_range_fade,2.5,2.0,24
1771858800.0,1771934400.0,-1.1101,long,AUDUSD,session_range_fade,2.5,2.0,24
1771963200.0,1771981200.0,-1.1034,short,AUDUSD,session_range_fade,2.5,2.0,24
1772042400.0,1772118000.0,2.3889,short,AUDUSD,session_range_fade,2.5,2.0,24
1772182800.0,1772197200.0,-1.136,long,AUDUSD,session_range_fade,2.5,2.0,24
1772679600.0,1772686800.0,-0.1931,short,AUDUSD,session_range_fade,2.5,2.0,24
1765980000.0,1766152800.0,0.1552,short,AUDUSD,session_range_fade,2.5,2.0,48
1766160000.0,1766379600.0,-1.1406,short,AUDUSD,session_range_fade,2.5,2.0,48
1766584800.0,1766649600.0,-1.1638,long,AUDUSD,session_range_fade,2.5,2.0,48
1766739600.0,1766977200.0,2.3118,long,AUDUSD,session_range_fade,2.5,2.0,48
1767056400.0,1767074400.0,-1.1441,short,AUDUSD,session_range_fade,2.5,2.0,48
1767243600.0,1767308400.0,-1.3935,short,AUDUSD,session_range_fade,2.5,2.0,48
1767902400.0,1768215600.0,-1.1376,short,AUDUSD,session_range_fade,2.5,2.0,48
1768309200.0,1768316400.0,-1.1549,long,AUDUSD,session_range_fade,2.5,2.0,48
1768438800.0,1768467600.0,-1.1475,short,AUDUSD,session_range_fade,2.5,2.0,48
1768471200.0,1768820400.0,-0.5121,short,AUDUSD,session_range_fade,2.5,2.0,48
1768935600.0,1769040000.0,2.3907,long,AUDUSD,session_range_fade,2.5,2.0,48
1769155200.0,1769162400.0,-1.1724,long,AUDUSD,session_range_fade,2.5,2.0,48
1769166000.0,1769187600.0,2.3585,long,AUDUSD,session_range_fade,2.5,2.0,48
1769454000.0,1769526000.0,2.402,long,AUDUSD,session_range_fade,2.5,2.0,48
1769616000.0,1769655600.0,2.4257,long,AUDUSD,session_range_fade,2.5,2.0,48
1770066000.0,1770087600.0,-1.0669,short,AUDUSD,session_range_fade,2.5,2.0,48
1770148800.0,1770321600.0,2.2489,short,AUDUSD,session_range_fade,2.5,2.0,48
1770361200.0,1770379200.0,-1.0778,short,AUDUSD,session_range_fade,2.5,2.0,48
1770634800.0,1770642000.0,-1.0929,short,AUDUSD,session_range_fade,2.5,2.0,48
1770696000.0,1770775200.0,2.3618,long,AUDUSD,session_range_fade,2.5,2.0,48
1770904800.0,1770912000.0,-1.0755,long,AUDUSD,session_range_fade,2.5,2.0,48
1771002000.0,1771351200.0,-0.4403,short,AUDUSD,session_range_fade,2.5,2.0,48
1771376400.0,1771549200.0,1.9324,short,AUDUSD,session_range_fade,2.5,2.0,48
1771858800.0,1771934400.0,-1.1101,long,AUDUSD,session_range_fade,2.5,2.0,48
1771963200.0,1771981200.0,-1.1034,short,AUDUSD,session_range_fade,2.5,2.0,48
1772042400.0,1772118000.0,2.3889,short,AUDUSD,session_range_fade,2.5,2.0,48
1772182800.0,1772197200.0,-1.136,long,AUDUSD,session_range_fade,2.5,2.0,48
1772679600.0,1772686800.0,-0.1931,short,AUDUSD,session_range_fade,2.5,2.0,48
1765980000.0,1766397600.0,-1.1285,short,AUDUSD,session_range_fade,2.5,2.0,96
1766584800.0,1766649600.0,-1.1638,long,AUDUSD,session_range_fade,2.5,2.0,96
1766739600.0,1766977200.0,2.3118,long,AUDUSD,session_range_fade,2.5,2.0,96
1767056400.0,1767074400.0,-1.1441,short,AUDUSD,session_range_fade,2.5,2.0,96
1767243600.0,1767308400.0,-1.3935,short,AUDUSD,session_range_fade,2.5,2.0,96
1767902400.0,1768215600.0,-1.1376,short,AUDUSD,session_range_fade,2.5,2.0,96
1768309200.0,1768316400.0,-1.1549,long,AUDUSD,session_range_fade,2.5,2.0,96
1768438800.0,1768467600.0,-1.1475,short,AUDUSD,session_range_fade,2.5,2.0,96
1768471200.0,1768834800.0,-1.1583,short,AUDUSD,session_range_fade,2.5,2.0,96
1768935600.0,1769040000.0,2.3907,long,AUDUSD,session_range_fade,2.5,2.0,96
1769155200.0,1769162400.0,-1.1724,long,AUDUSD,session_range_fade,2.5,2.0,96
1769166000.0,1769187600.0,2.3585,long,AUDUSD,session_range_fade,2.5,2.0,96
1769454000.0,1769526000.0,2.402,long,AUDUSD,session_range_fade,2.5,2.0,96
1769616000.0,1769655600.0,2.4257,long,AUDUSD,session_range_fade,2.5,2.0,96
1770066000.0,1770087600.0,-1.0669,short,AUDUSD,session_range_fade,2.5,2.0,96
1770148800.0,1770325200.0,2.4364,short,AUDUSD,session_range_fade,2.5,2.0,96
1770361200.0,1770379200.0,-1.0778,short,AUDUSD,session_range_fade,2.5,2.0,96
1770634800.0,1770642000.0,-1.0929,short,AUDUSD,session_range_fade,2.5,2.0,96
1770696000.0,1770775200.0,2.3618,long,AUDUSD,session_range_fade,2.5,2.0,96
1770904800.0,1770912000.0,-1.0755,long,AUDUSD,session_range_fade,2.5,2.0,96
1771002000.0,1771524000.0,0.6325,short,AUDUSD,session_range_fade,2.5,2.0,96
1771858800.0,1771934400.0,-1.1101,long,AUDUSD,session_range_fade,2.5,2.0,96
1771963200.0,1771981200.0,-1.1034,short,AUDUSD,session_range_fade,2.5,2.0,96
1772042400.0,1772118000.0,2.3889,short,AUDUSD,session_range_fade,2.5,2.0,96
1772182800.0,1772197200.0,-1.136,long,AUDUSD,session_range_fade,2.5,2.0,96
1772679600.0,1772686800.0,-0.1931,short,AUDUSD,session_range_fade,2.5,2.0,96
1765980000.0,1766066400.0,0.0561,short,AUDUSD,session_range_fade,2.5,2.5,24
1766106000.0,1766368800.0,-0.5054,short,AUDUSD,session_range_fade,2.5,2.5,24
1766584800.0,1766671200.0,-0.5116,long,AUDUSD,session_range_fade,2.5,2.5,24
1766739600.0,1767002400.0,0.085,long,AUDUSD,session_range_fade,2.5,2.5,24
1767056400.0,1767142800.0,0.2708,short,AUDUSD,session_range_fade,2.5,2.5,24
1767243600.0,1767308400.0,-1.3148,short,AUDUSD,session_range_fade,2.5,2.5,24
1767902400.0,1767988800.0,0.3074,short,AUDUSD,session_range_fade,2.5,2.5,24
1768309200.0,1768316400.0,-1.1239,long,AUDUSD,session_range_fade,2.5,2.5,24
1768438800.0,1768467600.0,-1.118,short,AUDUSD,session_range_fade,2.5,2.5,24
1768471200.0,1768557600.0,-0.5513,short,AUDUSD,session_range_fade,2.5,2.5,24
1768561200.0,1768575600.0,2.3318,short,AUDUSD,session_range_fade,2.5,2.5,24
1768935600.0,1769022000.0,1.1349,long,AUDUSD,session_range_fade,2.5,2.5,24
1769155200.0,1769187600.0,2.3621,long,AUDUSD,session_range_fade,2.5,2.5,24
1769454000.0,1769540400.0,2.2216,long,AUDUSD,session_range_fade,2.5,2.5,24
1769616000.0,1769659200.0,2.4405,long,AUDUSD,session_range_fade,2.5,2.5,24
1770066000.0,1770087600.0,-1.0535,short,AUDUSD,session_range_fade,2.5,2.5,24
1770148800.0,1770235200.0,0.5427,short,AUDUSD,session_range_fade,2.5,2.5,24
1770249600.0,1770256800.0,-1.062,long,AUDUSD,session_range_fade,2.5,2.5,24
1770271200.0,1770303600.0,-1.0629,long,AUDUSD,session_range_fade,2.5,2.5,24
1770361200.0,1770386400.0,-1.0622,short,AUDUSD,session_range_fade,2.5,2.5,24
1770634800.0,1770645600.0,-1.0743,short,AUDUSD,session_range_fade,2.5,2.5,24
1770696000.0,1770775200.0,2.3894,long,AUDUSD,session_range_fade,2.5,2.5,24
1770904800.0,1770919200.0,-1.0604,long,AUDUSD,session_range_fade,2.5,2.5,24
1771002000.0,1771264800.0,0.0219,short,AUDUSD,session_range_fade,2.5,2.5,24
1771268400.0,1771340400.0,2.3839,short,AUDUSD,session_range_fade,2.5,2.5,24
1771376400.0,1771462800.0,0.3144,short,AUDUSD,session_range_fade,2.5,2.5,24
1771858800.0,1771938000.0,-1.0881,long,AUDUSD,session_range_fade,2.5,2.5,24
1771963200.0,1771984800.0,-1.0828,short,AUDUSD,session_range_fade,2.5,2.5,24
1772042400.0,1772128800.0,0.8573,short,AUDUSD,session_range_fade,2.5,2.5,24
1772182800.0,1772197200.0,-1.1088,long,AUDUSD,session_range_fade,2.5,2.5,24
1772679600.0,1772686800.0,-0.1545,short,AUDUSD,session_range_fade,2.5,2.5,24
1765980000.0,1766152800.0,0.1242,short,AUDUSD,session_range_fade,2.5,2.5,48
1766160000.0,1766386800.0,-1.1125,short,AUDUSD,session_range_fade,2.5,2.5,48
1766584800.0,1766768400.0,0.0742,long,AUDUSD,session_range_fade,2.5,2.5,48
1767056400.0,1767229200.0,1.6287,short,AUDUSD,session_range_fade,2.5,2.5,48
1767243600.0,1767308400.0,-1.3148,short,AUDUSD,session_range_fade,2.5,2.5,48
1767902400.0,1768222800.0,-1.1101,short,AUDUSD,session_range_fade,2.5,2.5,48
1768309200.0,1768316400.0,-1.1239,long,AUDUSD,session_range_fade,2.5,2.5,48
1768438800.0,1768467600.0,-1.118,short,AUDUSD,session_range_fade,2.5,2.5,48
1768471200.0,1768820400.0,-0.4096,short,AUDUSD,session_range_fade,2.5,2.5,48
1768935600.0,1769043600.0,2.4125,long,AUDUSD,session_range_fade,2.5,2.5,48
1769155200.0,1769187600.0,2.3621,long,AUDUSD,session_range_fade,2.5,2.5,48
1769454000.0,1769544000.0,2.4216,long,AUDUSD,session_range_fade,2.5,2.5,48
1769616000.0,1769659200.0,2.4405,long,AUDUSD,session_range_fade,2.5,2.5,48
1770066000.0,1770087600.0,-1.0535,short,AUDUSD,session_range_fade,2.5,2.5,48
1770148800.0,1770321600.0,1.7991,short,AUDUSD,session_range_fade,2.5,2.5,48
1770361200.0,1770386400.0,-1.0622,short,AUDUSD,session_range_fade,2.5,2.5,48
1770634800.0,1770645600.0,-1.0743,short,AUDUSD,session_range_fade,2.5,2.5,48
1770696000.0,1770775200.0,2.3894,long,AUDUSD,session_range_fade,2.5,2.5,48
1770904800.0,1770919200.0,-1.0604,long,AUDUSD,session_range_fade,2.5,2.5,48
1771002000.0,1771351200.0,-0.3523,short,AUDUSD,session_range_fade,2.5,2.5,48
1771376400.0,1771549200.0,1.5459,short,AUDUSD,session_range_fade,2.5,2.5,48
1771858800.0,1771938000.0,-1.0881,long,AUDUSD,session_range_fade,2.5,2.5,48
1771963200.0,1771984800.0,-1.0828,short,AUDUSD,session_range_fade,2.5,2.5,48
1772042400.0,1772215200.0,-0.0045,short,AUDUSD,session_range_fade,2.5,2.5,48
1772679600.0,1772686800.0,-0.1545,short,AUDUSD,session_range_fade,2.5,2.5,48
1765980000.0,1766404800.0,-1.1028,short,AUDUSD,session_range_fade,2.5,2.5,96
1766584800.0,1767009600.0,-1.131,long,AUDUSD,session_range_fade,2.5,2.5,96
1767056400.0,1767585600.0,1.6542,short,AUDUSD,session_range_fade,2.5,2.5,96
1767902400.0,1768222800.0,-1.1101,short,AUDUSD,session_range_fade,2.5,2.5,96
1768309200.0,1768316400.0,-1.1239,long,AUDUSD,session_range_fade,2.5,2.5,96
1768438800.0,1768467600.0,-1.118,short,AUDUSD,session_range_fade,2.5,2.5,96
1768471200.0,1768838400.0,-1.1266,short,AUDUSD,session_range_fade,2.5,2.5,96
1768935600.0,1769043600.0,2.4125,long,AUDUSD,session_range_fade,2.5,2.5,96
1769155200.0,1769187600.0,2.3621,long,AUDUSD,session_range_fade,2.5,2.5,96
1769454000.0,1769544000.0,2.4216,long,AUDUSD,session_range_fade,2.5,2.5,96
1769616000.0,1769659200.0,2.4405,long,AUDUSD,session_range_fade,2.5,2.5,96
1770066000.0,1770087600.0,-1.0535,short,AUDUSD,session_range_fade,2.5,2.5,96
1770148800.0,1770332400.0,2.4491,short,AUDUSD,session_range_fade,2.5,2.5,96
1770361200.0,1770386400.0,-1.0622,short,AUDUSD,session_range_fade,2.5,2.5,96
1770634800.0,1770645600.0,-1.0743,short,AUDUSD,session_range_fade,2.5,2.5,96
1770696000.0,1770775200.0,2.3894,long,AUDUSD,session_range_fade,2.5,2.5,96
1770904800.0,1770919200.0,-1.0604,long,AUDUSD,session_range_fade,2.5,2.5,96
1771002000.0,1771524000.0,0.506,short,AUDUSD,session_range_fade,2.5,2.5,96
1771858800.0,1771938000.0,-1.0881,long,AUDUSD,session_range_fade,2.5,2.5,96
1771963200.0,1771984800.0,-1.0828,short,AUDUSD,session_range_fade,2.5,2.5,96
1772042400.0,1772409600.0,2.4111,short,AUDUSD,session_range_fade,2.5,2.5,96
1772679600.0,1772686800.0,-0.1545,short,AUDUSD,session_range_fade,2.5,2.5,96
