symbol,side,entry_ts,exit_ts,entry,exit,gross_r,net_r,fees_r,reason,z
ONDOUSDT,short,1752195600000,1752199200000,0.8857,0.9011714285714286,-1.0,-1.0687,0.0687,sl,1.9009
ONDOUSDT,short,1752210000000,1752210000000,0.909,0.9252,-1.0,-1.06733,0.06733,sl,2.2088
BCHUSDT,short,1752210000000,1752210000000,521.0,525.8857142857142,-1.0,-1.12796,0.12796,sl,2.0507
ONDOUSDT,short,1752224400000,1752238800000,0.9118,0.9293285714285715,-1.0,-1.06242,0.06242,sl,1.8822
BCHUSDT,short,1752224400000,1752238800000,523.6,529.3942857142857,-1.0,-1.10844,0.10844,sl,2.0972
XLMUSDT,short,1752238800000,1752238800000,0.32993,0.33651971428571426,-1.0,-1.06008,0.06008,sl,4.0279
BCHUSDT,short,1752253200000,1752256800000,529.7,536.8571428571429,-1.0,-1.08881,0.08881,sl,2.0867
XLMUSDT,short,1752253200000,1752260400000,0.37114,0.38493657142857146,-1.0,-1.03228,0.03228,sl,4.1236
BCHUSDT,short,1752267600000,1752271200000,533.5,526.3171428571429,1.0,0.91087,0.08913,tp,1.9841
XLMUSDT,short,1752267600000,1752271200000,0.36781,0.3502531428571429,1.0,0.97486,0.02514,tp,2.2384
XLMUSDT,short,1752296400000,1752314400000,0.38641,0.40928714285714285,-1.0,-1.02027,0.02027,sl,1.8731
XLMUSDT,short,1752325200000,1752328800000,0.401,0.3817425714285715,1.0,0.97501,0.02499,tp,1.5922
ONDOUSDT,long,1752339600000,1752364800000,0.8606,0.8774257142857143,1.0,0.93862,0.06138,tp,-1.9764
BCHUSDT,long,1752339600000,1752379200000,506.4,505.6,-0.10324,-0.18167,0.07842,time,-1.8287
XLMUSDT,short,1752382800000,1752415200000,0.43541,0.4528297142857143,-1.0,-1.02999,0.02999,sl,2.0126
XLMUSDT,short,1752426000000,1752429600000,0.45508,0.47801885714285713,-1.0,-1.02381,0.02381,sl,2.0203
XLMUSDT,short,1752440400000,1752451200000,0.47282,0.49492657142857144,-1.0,-1.02567,0.02567,sl,2.0463
ONDOUSDT,short,1752469200000,1752469200000,0.9474,0.9300085714285714,1.0,0.93463,0.06537,tp,3.1738
XLMUSDT,short,1752469200000,1752469200000,0.49942,0.4761528571428571,1.0,0.97424,0.02576,tp,1.8861
ONDOUSDT,short,1752483600000,1752501600000,0.946,0.9262771428571428,1.0,0.94244,0.05756,tp,2.1749
BCHUSDT,short,1752483600000,1752494400000,518.7,511.6542857142858,1.0,0.91166,0.08834,tp,2.1564
BCHUSDT,long,1752541200000,1752541200000,500.7,495.1714285714286,-1.0,-1.10868,0.10868,sl,-1.5996
BCHUSDT,long,1752555600000,1752566400000,491.9,485.6685714285714,-1.0,-1.09473,0.09473,sl,-2.6423
BCHUSDT,long,1752584400000,1752588000000,489.1,483.28000000000003,-1.0,-1.10085,0.10085,sl,-1.6574
ONDOUSDT,short,1752656400000,1752685200000,0.9508,0.9672914285714286,-1.0,-1.06919,0.06919,sl,1.6139
XLMUSDT,short,1752656400000,1752663600000,0.46995,0.4592897142857143,1.0,0.9471,0.0529,tp,1.5826
ONDOUSDT,short,1752699600000,1752703200000,0.973,0.9575628571428572,1.0,0.92436,0.07564,tp,2.0606
XLMUSDT,short,1752742800000,1752757200000,0.47499,0.4620908571428572,1.0,0.95581,0.04419,tp,1.8498
ONDOUSDT,short,1752757200000,1752757200000,1.0424,1.01798,1.0,0.94878,0.05122,tp,5.1167
ONDOUSDT,short,1752771600000,1752789600000,1.022,1.0517085714285714,-1.0,-1.04128,0.04128,sl,2.3519
ONDOUSDT,short,1752800400000,1752840000000,1.061,1.0589,0.05552,0.02186,0.03366,time,2.5275
BCHUSDT,short,1752800400000,1752811200000,508.2,515.3485714285714,-1.0,-1.08531,0.08531,sl,3.1691
XLMUSDT,short,1752800400000,1752800400000,0.5187,0.5002645714285715,1.0,0.96624,0.03376,tp,4.4628
XLMUSDT,short,1752814800000,1752822000000,0.49821,0.48020999999999997,1.0,0.96679,0.03321,tp,1.8054
BCHUSDT,short,1752829200000,1752847200000,529.9,518.4057142857142,1.0,0.94468,0.05532,tp,2.7912
ONDOUSDT,short,1753002000000,1753023600000,1.0596,1.0750885714285714,-1.0,-1.08209,0.08209,sl,2.4128
BCHUSDT,short,1753002000000,1753009200000,528.6,535.9371428571428,-1.0,-1.08645,0.08645,sl,1.5167
BCHUSDT,short,1753016400000,1753016400000,537.4,544.5571428571428,-1.0,-1.0901,0.0901,sl,2.7633
ONDOUSDT,short,1753030800000,1753030800000,1.0758,1.059977142857143,1.0,0.91841,0.08159,tp,2.5626
BCHUSDT,short,1753030800000,1753045200000,550.3,542.8171428571428,1.0,0.91175,0.08825,tp,2.9116
XLMUSDT,short,1753030800000,1753030800000,0.47402,0.46733514285714284,1.0,0.91491,0.08509,tp,2.2365
XLMUSDT,short,1753074000000,1753077600000,0.4774,0.48727514285714285,-1.0,-1.05801,0.05801,sl,1.9192
ONDOUSDT,short,1753088400000,1753099200000,1.0758,1.094597142857143,-1.0,-1.06868,0.06868,sl,1.5662
XLMUSDT,short,1753088400000,1753106400000,0.4843,0.49417514285714287,-1.0,-1.05885,0.05885,sl,2.2429
ONDOUSDT,long,1753160400000,1753164000000,1.0317,1.0617514285714287,1.0,0.9588,0.0412,tp,-1.936
BCHUSDT,long,1753160400000,1753160400000,511.6,519.3914285714286,1.0,0.92121,0.07879,tp,-2.0132
XLMUSDT,long,1753160400000,1753167600000,0.44944,0.4601157142857143,1.0,0.94948,0.05052,tp,-3.013
ONDOUSDT,long,1753174800000,1753207200000,1.0394,1.0687657142857143,1.0,0.95753,0.04247,tp,-1.6649
XLMUSDT,long,1753174800000,1753200000000,0.45752,0.4671457142857143,1.0,0.94296,0.05704,tp,-1.7332
ONDOUSDT,short,1753232400000,1753239600000,1.1371,1.105762857142857,1.0,0.95646,0.04354,tp,2.9891
ONDOUSDT,short,1753246800000,1753261200000,1.1194,1.0893828571428572,1.0,0.95525,0.04475,tp,1.7251
XLMUSDT,long,1753275600000,1753275600000,0.45014,0.4428088571428571,-1.0,-1.07368,0.07368,sl,-2.2756
ONDOUSDT,long,1753290000000,1753304400000,1.0192,0.9913942857142858,-1.0,-1.04399,0.04399,sl,-1.9395
BCHUSDT,long,1753290000000,1753304400000,506.7,498.5742857142857,-1.0,-1.07483,0.07483,sl,-3.1231
XLMUSDT,long,1753290000000,1753300800000,0.42752,0.41676885714285716,-1.0,-1.04772,0.04772,sl,-3.7999
ONDOUSDT,long,1753333200000,1753333200000,1.0101,0.9826628571428572,-1.0,-1.04418,0.04418,sl,-1.5097
BCHUSDT,long,1753333200000,1753333200000,506.3,496.71714285714285,-1.0,-1.0634,0.0634,sl,-2.0036
XLMUSDT,long,1753333200000,1753333200000,0.42184,0.41011514285714284,-1.0,-1.04317,0.04317,sl,-1.8155
BCHUSDT,long,1753347600000,1753347600000,504.6,515.3057142857143,1.0,0.94344,0.05656,tp,-1.5563
BCHUSDT,short,1753448400000,1753452000000,550.1,537.6457142857143,1.0,0.947,0.053,tp,2.7876
BCHUSDT,short,1753462800000,1753473600000,540.0,552.3,-1.0,-1.05268,0.05268,sl,1.5012
BCHUSDT,short,1753491600000,1753531200000,554.1,555.7,-0.18105,-0.2563,0.07524,time,1.7797
XLMUSDT,short,1753506000000,1753545600000,0.44254,0.43972,0.40156,0.32594,0.07562,time,1.9744
BCHUSDT,short,1753606800000,1753610400000,583.9,591.64,-1.0,-1.09053,0.09053,sl,2.6659
BCHUSDT,short,1753621200000,1753657200000,602.0,592.6828571428571,1.0,0.92247,0.07753,tp,3.2499
ONDOUSDT,short,1753664400000,1753664400000,1.0641,1.0489457142857144,1.0,0.91574,0.08426,tp,2.0541
XLMUSDT,short,1753664400000,1753664400000,0.44626,0.4404837142857143,1.0,0.90729,0.09271,tp,1.8069
ONDOUSDT,short,1753678800000,1753678800000,1.0677,1.0841742857142858,-1.0,-1.07777,0.07777,sl,2.3141
XLMUSDT,short,1753678800000,1753678800000,0.44632,0.4525462857142857,-1.0,-1.08602,0.08602,sl,1.5316
ONDOUSDT,long,1753722000000,1753725600000,1.0102,0.9900228571428571,-1.0,-1.06008,0.06008,sl,-3.2344
XLMUSDT,long,1753722000000,1753725600000,0.42476,0.41815228571428575,-1.0,-1.07714,0.07714,sl,-3.0304
ONDOUSDT,long,1753736400000,1753754400000,0.9937,0.9739685714285714,-1.0,-1.06043,0.06043,sl,-2.8352
XLMUSDT,long,1753736400000,1753765200000,0.41929,0.4257845714285714,1.0,0.92253,0.07747,tp,-2.671
ONDOUSDT,long,1753765200000,1753768800000,0.9792,0.99768,1.0,0.93642,0.06358,tp,-1.9665
BCHUSDT,long,1753779600000,1753797600000,571.1,563.48,-1.0,-1.08994,0.08994,sl,-1.7963
ONDOUSDT,long,1753808400000,1753819200000,0.9603,0.9416742857142858,-1.0,-1.06187,0.06187,sl,-1.6598
BCHUSDT,long,1753822800000,1753840800000,562.9,570.0485714285714,1.0,0.90551,0.09449,tp,-1.7266
ONDOUSDT,long,1753880400000,1753884000000,0.9351,0.9513257142857143,1.0,0.93084,0.06916,tp,-1.6668
XLMUSDT,long,1753880400000,1753884000000,0.40783,0.4145662857142857,1.0,0.92735,0.07265,tp,-2.4043
XLMUSDT,long,1753909200000,1753927200000,0.4074,0.4162268571428571,1.0,0.94461,0.05539,tp,-1.8473
BCHUSDT,short,1753923600000,1753923600000,590.8,580.7971428571428,1.0,0.92912,0.07088,tp,3.4501
BCHUSDT,short,1753938000000,1753966800000,584.2,574.7457142857144,1.0,0.92585,0.07415,tp,2.0313
ONDOUSDT,short,1753952400000,1753952400000,1.0037,0.9861971428571429,1.0,0.93119,0.06881,tp,2.9752
ONDOUSDT,long,1754010000000,1754035200000,0.9125,0.8875057142857142,-1.0,-1.04381,0.04381,sl,-2.5163
XLMUSDT,long,1754010000000,1754035200000,0.3946,0.3861065714285714,-1.0,-1.05575,0.05575,sl,-2.7556
BCHUSDT,long,1754038800000,1754067600000,553.6,543.7428571428571,-1.0,-1.06739,0.06739,sl,-1.9886
BCHUSDT,long,1754082000000,1754121600000,535.6,537.0,0.13737,0.07431,0.06306,time,-2.3844
ONDOUSDT,long,1754154000000,1754157600000,0.8724,0.8550685714285714,-1.0,-1.0604,0.0604,sl,-1.5848
XLMUSDT,long,1754154000000,1754154000000,0.37225,0.3653997142857143,-1.0,-1.06521,0.06521,sl,-1.9505
XLMUSDT,long,1754168400000,1754179200000,0.36918,0.3616405714285714,-1.0,-1.05876,0.05876,sl,-1.8361
ONDOUSDT,short,1754240400000,1754247600000,0.9176,0.92648,-1.0,-1.124,0.124,sl,1.6741
XLMUSDT,short,1754240400000,1754251200000,0.40011,0.3949465714285715,1.0,0.90701,0.09299,tp,2.1414
ONDOUSDT,short,1754254800000,1754265600000,0.92,0.9288628571428572,-1.0,-1.12456,0.12456,sl,1.5681
BCHUSDT,short,1754269200000,1754298000000,551.6,556.9057142857143,-1.0,-1.12476,0.12476,sl,2.3054
XLMUSDT,short,1754269200000,1754283600000,0.41495,0.40757428571428567,1.0,0.93249,0.06751,tp,3.0457
XLMUSDT,short,1754298000000,1754305200000,0.41679,0.4097914285714286,1.0,0.92854,0.07146,tp,1.9208
BCHUSDT,short,1754312400000,1754316000000,556.7,562.0485714285714,-1.0,-1.1249,0.1249,sl,1.7306
ONDOUSDT,short,1754326800000,1754334000000,0.9502,0.9380542857142857,1.0,0.90612,0.09388,tp,1.8577
BCHUSDT,short,1754326800000,1754330400000,572.8,566.2171428571428,1.0,0.89558,0.10442,tp,2.4702
ONDOUSDT,short,1754341200000,1754362800000,0.9456,0.9320314285714286,1.0,0.91637,0.08363,tp,1.5367
BCHUSDT,short,1754355600000,1754373600000,573.0,563.9914285714285,1.0,0.92367,0.07633,tp,1.8383
ONDOUSDT,long,1754413200000,1754420400000,0.9104,0.9267971428571429,1.0,0.93337,0.06663,tp,-1.876
XLMUSDT,long,1754413200000,1754438400000,0.39762,0.3905537142857142,-1.0,-1.06752,0.06752,sl,-1.6525
ONDOUSDT,long,1754427600000,1754467200000,0.9118,0.918,0.30715,0.25294,0.0542,time,-1.5331
BCHUSDT,long,1754427600000,1754442000000,543.1,553.1628571428572,1.0,0.93524,0.06476,tp,-1.7297
XLMUSDT,long,1754456400000,1754456400000,0.38566,0.39055942857142856,1.0,0.90554,0.09446,tp,-2.4186
ONDOUSDT,short,1754557200000,1754560800000,0.9498,0.9591085714285714,-1.0,-1.12244,0.12244,sl,1.7189
ONDOUSDT,short,1754571600000,1754582400000,0.9834,0.9710742857142858,1.0,0.90426,0.09574,tp,3.0777
XLMUSDT,short,1754571600000,1754582400000,0.41455,0.40924685714285713,1.0,0.9062,0.0938,tp,2.9959
ONDOUSDT,short,1754600400000,1754611200000,0.9997,1.0140142857142858,-1.0,-1.08381,0.08381,sl,2.2327
XLMUSDT,short,1754600400000,1754600400000,0.41563,0.4216762857142857,-1.0,-1.08249,0.08249,sl,2.1181
XLMUSDT,short,1754614800000,1754618400000,0.44801,0.4577488571428572,-1.0,-1.0552,0.0552,sl,3.776
ONDOUSDT,short,1754629200000,1754640000000,1.0089,1.02288,-1.0,-1.0866,0.0866,sl,1.6247
XLMUSDT,short,1754629200000,1754661600000,0.46248,0.4508682857142857,1.0,0.95221,0.04779,tp,2.9691
BCHUSDT,short,1754686800000,1754704800000,587.3,583.4599999999999,1.0,0.81647,0.18353,tp,2.0071
ONDOUSDT,short,1754730000000,1754730000000,1.0438,1.0543857142857143,-1.0,-1.11833,0.11833,sl,1.8182
ONDOUSDT,short,1754744400000,1754744400000,1.0561,1.0436628571428572,1.0,0.8981,0.1019,tp,2.3332
BCHUSDT,long,1754758800000,1754787600000,569.0,575.2657142857142,1.0,0.89103,0.10897,tp,-2.487
ONDOUSDT,short,1754773200000,1754773200000,1.0547,1.04102,1.0,0.90748,0.09252,tp,1.9278
ONDOUSDT,short,1754802000000,1754802000000,1.0535,1.0390057142857143,1.0,0.91278,0.08722,tp,1.5366
BCHUSDT,long,1754816400000,1754827200000,563.4,570.0342857142857,1.0,0.89809,0.10191,tp,-2.1247
XLMUSDT,long,1754816400000,1754856000000,0.44083,0.44299,0.30405,0.22959,0.07446,time,-2.0047
ONDOUSDT,long,1754917200000,1754917200000,0.9951,1.01166,1.0,0.92789,0.07211,tp,-2.4907
BCHUSDT,short,1754917200000,1754920800000,583.8,591.8828571428571,-1.0,-1.08667,0.08667,sl,1.7296
BCHUSDT,short,1754931600000,1754938800000,590.4,580.4228571428571,1.0,0.92899,0.07101,tp,2.402
ONDOUSDT,long,1754946000000,1754949600000,0.9975,0.9769114285714287,-1.0,-1.05814,0.05814,sl,-1.6892
XLMUSDT,long,1754946000000,1754985600000,0.43464,0.43518,0.05419,0.00185,0.05234,time,-1.9607
BCHUSDT,short,1754960400000,1754964000000,590.5,600.64,-1.0,-1.06988,0.06988,sl,1.8237
BCHUSDT,short,1754974800000,1754996400000,596.0,586.5542857142857,1.0,0.92428,0.07572,tp,1.9586
ONDOUSDT,short,1755018000000,1755057600000,1.0603,1.0649,-0.23354,-0.29813,0.0646,time,2.2826
BCHUSDT,short,1755018000000,1755018000000,607.7,615.8428571428572,-1.0,-1.08956,0.08956,sl,2.5817
BCHUSDT,short,1755032400000,1755046800000,625.2,615.7628571428572,1.0,0.9205,0.0795,tp,3.1328
ONDOUSDT,short,1755075600000,1755090000000,1.0799,1.0639828571428573,1.0,0.91859,0.08141,tp,2.0082
XLMUSDT,short,1755075600000,1755090000000,0.45372,0.4596162857142857,-1.0,-1.09234,0.09234,sl,1.8
XLMUSDT,short,1755133200000,1755133200000,0.45755,0.4643522857142857,-1.0,-1.08072,0.08072,sl,1.8033
XLMUSDT,short,1755147600000,1755151200000,0.45951,0.45170142857142853,1.0,0.92938,0.07062,tp,1.5402
ONDOUSDT,long,1755176400000,1755205200000,1.0047,0.9767742857142856,-1.0,-1.04317,0.04317,sl,-3.3247
BCHUSDT,long,1755176400000,1755216000000,590.4,592.7,0.23852,0.16505,0.07347,time,-2.7841
XLMUSDT,long,1755176400000,1755216000000,0.42312,0.42193,-0.106,-0.15122,0.04523,time,-4.4616
ONDOUSDT,long,1755219600000,1755237600000,0.9982,1.0247028571428571,1.0,0.9548,0.0452,tp,-1.7395
ONDOUSDT,long,1755277200000,1755295200000,0.9726,0.9917142857142857,1.0,0.93894,0.06106,tp,-1.6711
BCHUSDT,long,1755363600000,1755370800000,579.1,583.3942857142857,1.0,0.83818,0.16182,tp,-3.1204
ONDOUSDT,short,1755421200000,1755442800000,1.0208,1.0296371428571427,-1.0,-1.13861,0.13861,sl,2.0598
XLMUSDT,short,1755421200000,1755421200000,0.43251,0.4298254285714286,1.0,0.80667,0.19333,tp,1.8836
ONDOUSDT,short,1755450000000,1755453600000,1.0279,1.01698,1.0,0.88704,0.11296,tp,1.8934
XLMUSDT,long,1755478800000,1755478800000,0.42345,0.41951742857142854,-1.0,-1.12921,0.12921,sl,-1.8612
ONDOUSDT,long,1755493200000,1755496800000,0.9743,0.9580657142857143,-1.0,-1.07202,0.07202,sl,-1.7866
BCHUSDT,long,1755493200000,1755496800000,569.8,564.8371428571428,-1.0,-1.13778,0.13778,sl,-2.8506
XLMUSDT,long,1755493200000,1755496800000,0.41326,0.4080117142857143,-1.0,-1.09449,0.09449,sl,-3.0567
ONDOUSDT,long,1755507600000,1755522000000,0.9518,0.9672028571428571,1.0,0.92585,0.07415,tp,-2.5599
BCHUSDT,long,1755507600000,1755543600000,564.0,568.9285714285714,1.0,0.86268,0.13732,tp,-2.8611
XLMUSDT,long,1755507600000,1755522000000,0.40502,0.41036085714285714,1.0,0.909,0.091,tp,-3.1887
ONDOUSDT,long,1755536400000,1755536400000,0.9511,0.9672657142857142,1.0,0.9294,0.0706,tp,-1.7016
XLMUSDT,long,1755536400000,1755536400000,0.40792,0.41364828571428575,1.0,0.91455,0.08545,tp,-1.5293
ONDOUSDT,long,1755622800000,1755662400000,0.9195,0.9265,0.44457,0.37449,0.07008,time,-1.8296
BCHUSDT,long,1755622800000,1755662400000,552.0,553.0,0.17233,0.05818,0.11415,time,-2.3002
XLMUSDT,long,1755622800000,1755644400000,0.39553,0.38970485714285713,-1.0,-1.08148,0.08148,sl,-2.1668
XLMUSDT,long,1755651600000,1755676800000,0.39355,0.39945914285714285,1.0,0.92008,0.07992,tp,-1.8931
ONDOUSDT,long,1755867600000,1755867600000,0.9001,0.9132228571428572,1.0,0.91769,0.08231,tp,-2.3852
XLMUSDT,long,1755867600000,1755867600000,0.38503,0.38960885714285715,1.0,0.89909,0.10091,tp,-2.1138
ONDOUSDT,short,1755882000000,1755889200000,0.9914,1.0120485714285714,-1.0,-1.05762,0.05762,sl,3.7397
BCHUSDT,short,1755882000000,1755914400000,601.2,591.96,1.0,0.92192,0.07808,tp,5.4203
XLMUSDT,short,1755882000000,1755914400000,0.42128,0.41344314285714284,1.0,0.93549,0.06451,tp,3.6247
ONDOUSDT,short,1755896400000,1755914400000,1.0092,0.9874285714285714,1.0,0.94437,0.05563,tp,2.8693
ONDOUSDT,short,1755925200000,1755928800000,1.0029,1.0205914285714284,-1.0,-1.06803,0.06803,sl,1.5917
BCHUSDT,long,1756069200000,1756069200000,586.2,592.0285714285715,1.0,0.87931,0.12069,tp,-1.5906
ONDOUSDT,long,1756083600000,1756087200000,0.9579,0.9813257142857142,1.0,0.95093,0.04907,tp,-2.385
BCHUSDT,long,1756083600000,1756087200000,578.8,586.66,1.0,0.91163,0.08837,tp,-3.5434
XLMUSDT,long,1756083600000,1756105200000,0.40332,0.39573342857142857,-1.0,-1.06379,0.06379,sl,-2.0837
ONDOUSDT,long,1756098000000,1756105200000,0.9644,0.9384028571428572,-1.0,-1.04452,0.04452,sl,-1.6569
BCHUSDT,long,1756098000000,1756101600000,581.4,573.0942857142857,-1.0,-1.084,0.084,sl,-2.1356
ONDOUSDT,long,1756112400000,1756148400000,0.9314,0.9068171428571429,-1.0,-1.04547,0.04547,sl,-2.9171
BCHUSDT,long,1756112400000,1756137600000,565.5,556.3285714285714,-1.0,-1.07399,0.07399,sl,-3.5169
XLMUSDT,long,1756112400000,1756152000000,0.3921,0.38416628571428574,-1.0,-1.05931,0.05931,sl,-3.341
ONDOUSDT,long,1756155600000,1756166400000,0.8785,0.8951971428571428,1.0,0.93686,0.06314,tp,-2.8917
BCHUSDT,long,1756155600000,1756170000000,539.4,546.0771428571428,1.0,0.90306,0.09694,tp,-3.0839
XLMUSDT,long,1756170000000,1756173600000,0.38403,0.3900762857142857,1.0,0.92378,0.07622,tp,-1.7258
BCHUSDT,long,1756184400000,1756224000000,540.3,539.2,-0.15556,-0.24724,0.09169,time,-1.7318
BCHUSDT,short,1756328400000,1756328400000,559.1,553.4857142857143,1.0,0.8805,0.1195,tp,1.6848
XLMUSDT,long,1756342800000,1756368000000,0.37935,0.38479628571428576,1.0,0.91642,0.08358,tp,-1.9431
BCHUSDT,short,1756357200000,1756368000000,559.8,565.4571428571428,-1.0,-1.11875,0.11875,sl,1.5092
ONDOUSDT,long,1756400400000,1756404000000,0.9283,0.9412428571428572,1.0,0.91393,0.08607,tp,-1.5965
XLMUSDT,long,1756400400000,1756418400000,0.377,0.38121371428571427,1.0,0.89264,0.10736,tp,-1.7815
XLMUSDT,long,1756443600000,1756450800000,0.37296,0.36831600000000003,-1.0,-1.09637,0.09637,sl,-2.5407
ONDOUSDT,long,1756458000000,1756461600000,0.9017,0.9149514285714285,1.0,0.91835,0.08165,tp,-5.0585
BCHUSDT,long,1756458000000,1756468800000,533.2,539.5171428571429,1.0,0.89871,0.10129,tp,-5.4683
XLMUSDT,long,1756458000000,1756461600000,0.36208,0.36652,1.0,0.90214,0.09786,tp,-4.0966
XLMUSDT,long,1756472400000,1756472400000,0.36287,0.358076,-1.0,-1.09083,0.09083,sl,-2.4873
ONDOUSDT,long,1756486800000,1756522800000,0.9043,0.9200714285714285,1.0,0.93119,0.06881,tp,-2.1494
BCHUSDT,long,1756486800000,1756501200000,537.0,528.5742857142857,-1.0,-1.07648,0.07648,sl,-1.6575
XLMUSDT,long,1756486800000,1756515600000,0.36011,0.3548102857142857,-1.0,-1.08154,0.08154,sl,-2.0722
BCHUSDT,long,1756515600000,1756522800000,528.7,534.8971428571429,1.0,0.89762,0.10238,tp,-1.7487
BCHUSDT,short,1756602000000,1756616400000,553.4,548.0171428571429,1.0,0.87663,0.12337,tp,1.7502
ONDOUSDT,short,1756630800000,1756634400000,0.9193,0.9128971428571429,1.0,0.82771,0.17229,tp,1.5767
BCHUSDT,short,1756630800000,1756634400000,551.7,547.6457142857143,1.0,0.83671,0.16329,tp,1.6935
ONDOUSDT,long,1756688400000,1756692000000,0.8889,0.8799171428571428,-1.0,-1.11875,0.11875,sl,-3.7068
XLMUSDT,long,1756688400000,1756692000000,0.35112,0.34770685714285715,-1.0,-1.12345,0.12345,sl,-2.7686
ONDOUSDT,long,1756702800000,1756710000000,0.8732,0.8836485714285714,1.0,0.89971,0.10029,tp,-3.5857
BCHUSDT,long,1756702800000,1756706400000,530.8,535.0171428571429,1.0,0.84896,0.15104,tp,-1.8513
XLMUSDT,long,1756702800000,1756710000000,0.34628,0.3502082857142857,1.0,0.89422,0.10578,tp,-3.1522
ONDOUSDT,long,1756746000000,1756760400000,0.8794,0.86674,-1.0,-1.08336,0.08336,sl,-1.7653
BCHUSDT,short,1756789200000,1756818000000,566.4,574.1057142857143,-1.0,-1.0882,0.0882,sl,3.3089
XLMUSDT,short,1756803600000,1756814400000,0.36433,0.35898142857142856,1.0,0.91826,0.08174,tp,1.8595
BCHUSDT,short,1756832400000,1756868400000,579.4,587.8685714285714,-1.0,-1.0821,0.0821,sl,2.2157
ONDOUSDT,short,1756846800000,1756857600000,0.9439,0.9614714285714285,-1.0,-1.06446,0.06446,sl,2.5888
ONDOUSDT,short,1756875600000,1756904400000,0.96,0.9771514285714286,-1.0,-1.06717,0.06717,sl,1.9133
BCHUSDT,short,1756875600000,1756875600000,590.4,597.1971428571428,-1.0,-1.10423,0.10423,sl,1.6596
BCHUSDT,short,1756890000000,1756911600000,600.6,593.4257142857143,1.0,0.89954,0.10046,tp,1.8959
ONDOUSDT,long,1757005200000,1757023200000,0.9078,0.9168171428571429,1.0,0.87919,0.12081,tp,-1.9024
XLMUSDT,long,1757005200000,1757012400000,0.35439,0.3508808571428571,-1.0,-1.12119,0.12119,sl,-2.7026
XLMUSDT,long,1757019600000,1757023200000,0.35238,0.3559637142857143,1.0,0.88201,0.11799,tp,-2.3401
XLMUSDT,long,1757034000000,1757034000000,0.35127,0.355194,1.0,0.89258,0.10742,tp,-2.1569
BCHUSDT,short,1757077200000,1757077200000,606.4,613.12,-1.0,-1.10829,0.10829,sl,2.5543
XLMUSDT,short,1757077200000,1757080800000,0.36733,0.36367514285714286,1.0,0.87939,0.12061,tp,1.952
BCHUSDT,short,1757091600000,1757120400000,612.9,604.5514285714286,1.0,0.9119,0.0881,tp,2.915
BCHUSDT,short,1757134800000,1757149200000,612.1,606.1600000000001,1.0,0.87634,0.12366,tp,1.5003
ONDOUSDT,long,1757163600000,1757167200000,0.8999,0.9049400000000001,1.0,0.78574,0.21426,tp,-1.568
ONDOUSDT,short,1757307600000,1757318400000,0.9119,0.9188342857142858,-1.0,-1.15781,0.15781,sl,1.8665
XLMUSDT,short,1757307600000,1757318400000,0.36313,0.36618828571428574,-1.0,-1.14248,0.14248,sl,2.3541
BCHUSDT,long,1757322000000,1757322000000,588.5,592.5628571428572,1.0,0.82618,0.17382,tp,-1.9408
ONDOUSDT,short,1757336400000,1757340000000,0.9322,0.9412171428571429,-1.0,-1.12406,0.12406,sl,3.4748
XLMUSDT,short,1757336400000,1757336400000,0.37333,0.3770388571428571,-1.0,-1.12079,0.12079,sl,3.7237
ONDOUSDT,short,1757350800000,1757361600000,0.9346,0.9244771428571429,1.0,0.88921,0.11079,tp,2.2833
BCHUSDT,long,1757350800000,1757383200000,589.2,583.4742857142858,-1.0,-1.12349,0.12349,sl,-1.9655
XLMUSDT,short,1757350800000,1757383200000,0.37686,0.37210628571428567,1.0,0.90487,0.09513,tp,2.4885
ONDOUSDT,short,1757379600000,1757383200000,0.9377,0.92708,1.0,0.89405,0.10595,tp,1.8342
ONDOUSDT,short,1757394000000,1757397600000,0.9374,0.9479342857142857,-1.0,-1.10678,0.10678,sl,1.5317
BCHUSDT,long,1757394000000,1757394000000,584.1,580.0971428571429,-1.0,-1.1751,0.1751,sl,-1.7848
ONDOUSDT,short,1757408400000,1757419200000,0.9769,0.9649257142857143,1.0,0.9021,0.0979,tp,3.468
XLMUSDT,short,1757408400000,1757412000000,0.38596,0.38138114285714286,1.0,0.89885,0.10115,tp,2.2174
BCHUSDT,long,1757437200000,1757448000000,578.0,583.4942857142858,1.0,0.87376,0.12624,tp,-1.6894
ONDOUSDT,short,1757466000000,1757466000000,0.9738,0.9890314285714286,-1.0,-1.07672,0.07672,sl,1.8198
ONDOUSDT,short,1757480400000,1757520000000,1.0195,1.0217,-0.09276,-0.14434,0.05158,time,2.4566
XLMUSDT,short,1757509200000,1757509200000,0.38193,0.385002,-1.0,-1.14919,0.14919,sl,1.6256
XLMUSDT,short,1757523600000,1757530800000,0.38464,0.3812311428571428,1.0,0.8646,0.1354,tp,2.0223
XLMUSDT,short,1757552400000,1757577600000,0.38777,0.3914617142857143,-1.0,-1.12605,0.12605,sl,2.2553
BCHUSDT,short,1757566800000,1757566800000,594.6,589.0971428571429,1.0,0.87034,0.12966,tp,4.6442
BCHUSDT,short,1757581200000,1757599200000,598.0,591.2371428571429,1.0,0.89389,0.10611,tp,3.3784
ONDOUSDT,short,1757624400000,1757631600000,1.0593,1.0792714285714284,-1.0,-1.06365,0.06365,sl,2.119
ONDOUSDT,short,1757638800000,1757642400000,1.0967,1.1219857142857141,-1.0,-1.05205,0.05205,sl,4.0813
BCHUSDT,short,1757638800000,1757649600000,598.7,593.2314285714286,1.0,0.86862,0.13138,tp,1.7595
XLMUSDT,short,1757638800000,1757646000000,0.3978,0.392574,1.0,0.90866,0.09134,tp,2.1326
ONDOUSDT,short,1757653200000,1757671200000,1.1056,1.0803914285714284,1.0,0.94737,0.05263,tp,2.6279
XLMUSDT,short,1757653200000,1757671200000,0.39599,0.39168714285714284,1.0,0.88956,0.11044,tp,1.6357
XLMUSDT,short,1757710800000,1757718000000,0.40138,0.40515828571428575,-1.0,-1.12748,0.12748,sl,2.2707
XLMUSDT,short,1757725200000,1757754000000,0.40443,0.40855028571428575,-1.0,-1.11779,0.11779,sl,2.5364
BCHUSDT,short,1757739600000,1757754000000,600.6,604.9714285714286,-1.0,-1.16487,0.16487,sl,1.7377
BCHUSDT,short,1757768400000,1757768400000,603.8,599.8914285714285,1.0,0.81462,0.18538,tp,1.8531
XLMUSDT,short,1757768400000,1757768400000,0.41185,0.40775285714285714,1.0,0.87937,0.12063,tp,2.0914
ONDOUSDT,long,1757826000000,1757851200000,1.0651,1.051402857142857,-1.0,-1.09331,0.09331,sl,-2.3011
XLMUSDT,long,1757854800000,1757858400000,0.39101,0.38672171428571434,-1.0,-1.10942,0.10942,sl,-1.9315
ONDOUSDT,long,1757869200000,1757908800000,1.0486,1.0634371428571427,1.0,0.91519,0.08481,tp,-1.8455
XLMUSDT,long,1757869200000,1757887200000,0.38831,0.3929762857142857,1.0,0.90014,0.09986,tp,-2.1057
ONDOUSDT,long,1757926800000,1757966400000,1.0199,1.0326,0.72101,0.65152,0.06948,time,-2.4256
XLMUSDT,long,1757926800000,1757937600000,0.37532,0.3806162857142857,1.0,0.91496,0.08504,tp,-2.7203
BCHUSDT,long,1757955600000,1757984400000,588.4,594.1771428571428,1.0,0.87778,0.12222,tp,-2.0451
XLMUSDT,long,1757955600000,1757995200000,0.3752,0.37736,0.36745,0.29086,0.07659,time,-1.9747
ONDOUSDT,long,1758085200000,1758092400000,1.0094,1.0216057142857145,1.0,0.90076,0.09924,tp,-1.6039
ONDOUSDT,long,1758099600000,1758124800000,1.013,1.001145714285714,-1.0,-1.10255,0.10255,sl,-1.5987
BCHUSDT,short,1758099600000,1758099600000,602.2,599.0371428571428,1.0,0.77152,0.22848,tp,2.1946
ONDOUSDT,short,1758157200000,1758196800000,1.0543,1.0548,-0.02198,-0.07759,0.05561,time,2.1919
BCHUSDT,short,1758157200000,1758164400000,616.9,624.4428571428572,-1.0,-1.09814,0.09814,sl,3.1682
XLMUSDT,short,1758157200000,1758196800000,0.39483,0.40098428571428574,-1.0,-1.07699,0.07699,sl,2.3361
BCHUSDT,short,1758171600000,1758200400000,638.5,649.1971428571428,-1.0,-1.07163,0.07163,sl,3.7941
ONDOUSDT,short,1758214800000,1758218400000,1.0771,1.0899485714285715,-1.0,-1.1006,0.1006,sl,1.9354
XLMUSDT,short,1758214800000,1758236400000,0.4012,0.39699914285714283,1.0,0.88539,0.11461,tp,1.7289
ONDOUSDT,short,1758229200000,1758232800000,1.0919,1.0790600000000001,1.0,0.89795,0.10205,tp,1.9982
ONDOUSDT,long,1758315600000,1758355200000,1.0204,1.0142,-0.47031,-0.56319,0.09288,time,-1.9227
XLMUSDT,long,1758315600000,1758319200000,0.38734,0.3909708571428572,1.0,0.87198,0.12802,tp,-1.6235
ONDOUSDT,long,1758459600000,1758466800000,1.006,0.9976771428571428,-1.0,-1.14505,0.14505,sl,-1.7614
XLMUSDT,long,1758459600000,1758470400000,0.38282,0.379868,-1.0,-1.15562,0.15562,sl,-2.8601
ONDOUSDT,long,1758474000000,1758477600000,0.9948,1.0034057142857142,1.0,0.86128,0.13872,tp,-3.2831
ONDOUSDT,long,1758488400000,1758499200000,0.9932,0.9834457142857143,-1.0,-1.12219,0.12219,sl,-2.7616
BCHUSDT,long,1758488400000,1758499200000,595.1,592.5200000000001,-1.0,-1.27679,0.27679,sl,-1.504
XLMUSDT,long,1758488400000,1758499200000,0.38132,0.37801914285714283,-1.0,-1.13863,0.13863,sl,-2.0942
ONDOUSDT,long,1758517200000,1758517200000,0.9567,0.94308,-1.0,-1.08429,0.08429,sl,-2.9078
BCHUSDT,long,1758517200000,1758517200000,586.3,582.1685714285713,-1.0,-1.17029,0.17029,sl,-2.5922
XLMUSDT,long,1758517200000,1758517200000,0.36813,0.3640774285714286,-1.0,-1.10901,0.10901,sl,-3.0203
ONDOUSDT,long,1758531600000,1758549600000,0.9253,0.9442171428571429,1.0,0.9413,0.0587,tp,-2.8924
BCHUSDT,long,1758531600000,1758567600000,568.7,561.2942857142857,-1.0,-1.09215,0.09215,sl,-3.8984
XLMUSDT,long,1758531600000,1758549600000,0.3576,0.36359142857142857,1.0,0.92838,0.07162,tp,-2.9617
ONDOUSDT,long,1758560400000,1758585600000,0.9274,0.94444,1.0,0.93469,0.06531,tp,-1.6495
BCHUSDT,long,1758574800000,1758585600000,564.5,569.0857142857143,1.0,0.85228,0.14772,tp,-1.7801
XLMUSDT,short,1758733200000,1758740400000,0.3764,0.3805554285714286,-1.0,-1.1087,0.1087,sl,2.8749
XLMUSDT,short,1758747600000,1758747600000,0.37983,0.3760705714285714,1.0,0.87876,0.12124,tp,2.7777
ONDOUSDT,long,1758762000000,1758769200000,0.917,0.9078285714285715,-1.0,-1.11998,0.11998,sl,-1.7792
BCHUSDT,long,1758762000000,1758765600000,554.2,550.7885714285715,-1.0,-1.19494,0.19494,sl,-1.66
ONDOUSDT,long,1758776400000,1758776400000,0.897,0.9079628571428572,1.0,0.90181,0.09819,tp,-3.7524
BCHUSDT,long,1758776400000,1758801600000,547.8,543.6342857142857,-1.0,-1.1578,0.1578,sl,-3.5234
XLMUSDT,long,1758776400000,1758798000000,0.36251,0.3572274285714286,-1.0,-1.08235,0.08235,sl,-1.636
ONDOUSDT,long,1758790800000,1758801600000,0.8979,0.8852657142857143,-1.0,-1.08528,0.08528,sl,-2.4115
XLMUSDT,long,1758805200000,1758808800000,0.35866,0.3640942857142857,1.0,0.9208,0.0792,tp,-1.6911
ONDOUSDT,long,1758819600000,1758819600000,0.8818,0.8663885714285715,-1.0,-1.06866,0.06866,sl,-2.4663
XLMUSDT,long,1758819600000,1758819600000,0.35586,0.35016600000000003,-1.0,-1.075,0.075,sl,-1.9088
ONDOUSDT,long,1758834000000,1758848400000,0.8734,0.8901657142857142,1.0,0.93749,0.06251,tp,-2.2109
BCHUSDT,long,1758834000000,1758870000000,539.2,546.6485714285715,1.0,0.91313,0.08687,tp,-2.5815
XLMUSDT,long,1758834000000,1758873600000,0.35098,0.35404,0.48204,0.41569,0.06635,time,-2.1099
BCHUSDT,long,1759035600000,1759042800000,537.7,540.5028571428572,1.0,0.76979,0.23021,tp,-2.0255
BCHUSDT,long,1759050000000,1759068000000,538.7,541.58,1.0,0.77554,0.22446,tp,-1.5702
ONDOUSDT,long,1759064400000,1759064400000,0.8673,0.8739,1.0,0.84231,0.15769,tp,-2.399
XLMUSDT,long,1759064400000,1759064400000,0.35257,0.35524085714285714,1.0,0.84159,0.15841,tp,-2.1337
BCHUSDT,short,1759093200000,1759096800000,553.5,557.04,-1.0,-1.18763,0.18763,sl,3.0798
XLMUSDT,short,1759093200000,1759096800000,0.36397,0.36675828571428576,-1.0,-1.15664,0.15664,sl,2.1166
ONDOUSDT,short,1759107600000,1759118400000,0.899,0.8907028571428571,1.0,0.86998,0.13002,tp,1.8364
BCHUSDT,short,1759107600000,1759122000000,554.8,558.8199999999999,-1.0,-1.16561,0.16561,sl,2.4303
XLMUSDT,short,1759107600000,1759129200000,0.36716,0.37015914285714285,-1.0,-1.14691,0.14691,sl,2.5685
XLMUSDT,short,1759136400000,1759140000000,0.36953,0.3663842857142857,1.0,0.85903,0.14097,tp,2.1924
ONDOUSDT,short,1759179600000,1759186800000,0.9053,0.8925971428571429,1.0,0.91448,0.08552,tp,2.2939
BCHUSDT,short,1759179600000,1759215600000,562.4,558.0114285714285,1.0,0.84622,0.15378,tp,1.7113
XLMUSDT,short,1759179600000,1759190400000,0.3747,0.3697911428571428,1.0,0.9084,0.0916,tp,2.0679
ONDOUSDT,long,1759251600000,1759258800000,0.8653,0.8757228571428571,1.0,0.90038,0.09962,tp,-2.5434
XLMUSDT,long,1759251600000,1759255200000,0.35824,0.36144314285714285,1.0,0.86579,0.13421,tp,-2.5102
BCHUSDT,short,1759294800000,1759298400000,563.0,559.0742857142857,1.0,0.8279,0.1721,tp,1.5914
ONDOUSDT,short,1759309200000,1759348800000,0.9215,0.9284,-0.47577,-0.55202,0.07625,time,4.4997
BCHUSDT,short,1759309200000,1759309200000,581.4,586.9114285714286,-1.0,-1.12659,0.12659,sl,6.1757
XLMUSDT,short,1759309200000,1759316400000,0.37895,0.38364028571428577,-1.0,-1.09695,0.09695,sl,3.0455
BCHUSDT,short,1759323600000,1759359600000,585.5,593.2228571428572,-1.0,-1.09098,0.09098,sl,2.7834
XLMUSDT,short,1759323600000,1759334400000,0.38536,0.3903142857142857,-1.0,-1.09334,0.09334,sl,2.8301
XLMUSDT,short,1759352400000,1759363200000,0.39355,0.39965114285714287,-1.0,-1.07741,0.07741,sl,2.2218
ONDOUSDT,short,1759366800000,1759366800000,0.9361,0.9470371428571429,-1.0,-1.10271,0.10271,sl,1.9118
BCHUSDT,short,1759366800000,1759374000000,592.4,586.9485714285714,1.0,0.8696,0.1304,tp,1.7924
ONDOUSDT,short,1759381200000,1759413600000,0.9451,0.93418,1.0,0.89614,0.10386,tp,1.7965
XLMUSDT,short,1759381200000,1759413600000,0.40294,0.39667857142857144,1.0,0.92278,0.07722,tp,1.851
BCHUSDT,short,1759467600000,1759492800000,600.2,605.0600000000001,-1.0,-1.1482,0.1482,sl,1.6607
ONDOUSDT,short,1759510800000,1759510800000,0.9637,0.9513914285714286,1.0,0.90605,0.09395,tp,1.793
BCHUSDT,short,1759510800000,1759510800000,607.9,602.0885714285714,1.0,0.87447,0.12553,tp,2.5865
BCHUSDT,short,1759525200000,1759539600000,604.4,597.9628571428572,1.0,0.88733,0.11267,tp,1.5845
ONDOUSDT,long,1759539600000,1759564800000,0.9381,0.9239142857142858,-1.0,-1.07936,0.07936,sl,-1.595
XLMUSDT,long,1759568400000,1759572000000,0.3985,0.39507914285714285,-1.0,-1.13979,0.13979,sl,-1.7504
ONDOUSDT,long,1759582800000,1759582800000,0.9178,0.9262428571428571,1.0,0.86955,0.13045,tp,-2.3319
XLMUSDT,long,1759582800000,1759586400000,0.39437,0.39107257142857144,-1.0,-1.14352,0.14352,sl,-2.4785
ONDOUSDT,long,1759597200000,1759611600000,0.9113,0.9202571428571429,1.0,0.87791,0.12209,tp,-2.2259
XLMUSDT,long,1759597200000,1759611600000,0.38968,0.3931685714285715,1.0,0.86596,0.13404,tp,-2.7168
ONDOUSDT,short,1759654800000,1759654800000,0.9594,0.9494914285714287,1.0,0.88381,0.11619,tp,1.6481
ONDOUSDT,short,1759770000000,1759809600000,0.9638,0.9655,-0.13014,-0.21868,0.08854,time,2.5146
XLMUSDT,short,1759770000000,1759788000000,0.40808,0.41237,-1.0,-1.11415,0.11415,sl,1.6777
BCHUSDT,short,1759784400000,1759788000000,604.5,600.5228571428571,1.0,0.81761,0.18239,tp,1.613
BCHUSDT,long,1759856400000,1759896000000,576.5,578.6,0.38401,0.25751,0.1265,time,-4.1154
XLMUSDT,long,1759856400000,1759892400000,0.38752,0.3821842857142857,-1.0,-1.08715,0.08715,sl,-2.6636
XLMUSDT,long,1759899600000,1759899600000,0.38384,0.379514,-1.0,-1.10647,0.10647,sl,-1.6792
XLMUSDT,long,1759914000000,1759932000000,0.38178,0.38595342857142856,1.0,0.89023,0.10977,tp,-1.5106
ONDOUSDT,long,1760000400000,1760007600000,0.8825,0.8936171428571428,1.0,0.90474,0.09526,tp,-2.4345
BCHUSDT,long,1760000400000,1760000400000,570.1,574.3514285714286,1.0,0.83908,0.16092,tp,-2.0698
XLMUSDT,long,1760000400000,1760007600000,0.37284,0.3766542857142857,1.0,0.8827,0.1173,tp,-2.2497
ONDOUSDT,long,1760029200000,1760029200000,0.8682,0.8802085714285715,1.0,0.91324,0.08676,tp,-3.186
BCHUSDT,long,1760029200000,1760036400000,568.9,575.0028571428571,1.0,0.88814,0.11186,tp,-2.8424
XLMUSDT,long,1760029200000,1760029200000,0.37161,0.3762942857142857,1.0,0.9048,0.0952,tp,-2.6804
ONDOUSDT,long,1760043600000,1760083200000,0.8799,0.8834,0.28317,0.19774,0.08543,time,-1.6401
BCHUSDT,short,1760072400000,1760108400000,590.0,582.1485714285714,1.0,0.90983,0.09017,tp,2.3406
ONDOUSDT,long,1760115600000,1760122800000,0.8452,0.8293857142857143,-1.0,-1.06413,0.06413,sl,-2.7069
XLMUSDT,long,1760115600000,1760122800000,0.36786,0.36222000000000004,-1.0,-1.07827,0.07827,sl,-2.6054
ONDOUSDT,long,1760130000000,1760130000000,0.7666,0.7437571428571428,-1.0,-1.04027,0.04027,sl,-5.5423
BCHUSDT,long,1760130000000,1760130000000,534.8,522.62,-1.0,-1.05269,0.05269,sl,-5.6538
XLMUSDT,long,1760130000000,1760130000000,0.34007,0.33213371428571425,-1.0,-1.05142,0.05142,sl,-6.172
ONDOUSDT,long,1760144400000,1760184000000,0.7235,0.7472,0.25311,0.24384,0.00927,time,-2.3787
BCHUSDT,long,1760144400000,1760184000000,515.4,525.4,0.35515,0.33318,0.02197,time,-3.5234
XLMUSDT,long,1760144400000,1760184000000,0.3224,0.32376,0.04448,0.03183,0.01265,time,-2.6684
BCHUSDT,long,1760216400000,1760216400000,486.8,478.04,-1.0,-1.06668,0.06668,sl,-2.187
BCHUSDT,long,1760230800000,1760238000000,495.6,505.8,1.0,0.94169,0.05831,tp,-1.5158
ONDOUSDT,short,1760302800000,1760313600000,0.8246,0.8039428571428572,1.0,0.9521,0.0479,tp,2.3335
BCHUSDT,short,1760302800000,1760302800000,542.0,534.56,1.0,0.91258,0.08742,tp,1.5437
XLMUSDT,short,1760302800000,1760313600000,0.34592,0.33886057142857146,1.0,0.9412,0.0588,tp,2.1757
ONDOUSDT,short,1760346000000,1760349600000,0.8309,0.8130542857142857,1.0,0.94413,0.05587,tp,1.7103
XLMUSDT,short,1760346000000,1760353200000,0.3505,0.3441845714285714,1.0,0.9334,0.0666,tp,1.9777
XLMUSDT,short,1760389200000,1760407200000,0.35376,0.346494,1.0,0.94158,0.05842,tp,1.529
BCHUSDT,long,1760432400000,1760436000000,523.3,515.2857142857142,-1.0,-1.07836,0.07836,sl,-1.5531
ONDOUSDT,long,1760446800000,1760450400000,0.7479,0.7681885714285714,1.0,0.95576,0.04424,tp,-2.3414
BCHUSDT,long,1760446800000,1760454000000,516.0,525.7628571428571,1.0,0.93658,0.06342,tp,-2.2404
XLMUSDT,long,1760446800000,1760450400000,0.32317,0.3301377142857143,1.0,0.94434,0.05566,tp,-2.2339
XLMUSDT,long,1760562000000,1760580000000,0.32235,0.32775514285714286,1.0,0.92843,0.07157,tp,-1.6658
ONDOUSDT,long,1760634000000,1760637600000,0.7498,0.7317314285714286,-1.0,-1.0498,0.0498,sl,-1.5773
BCHUSDT,long,1760634000000,1760637600000,516.6,509.16857142857145,-1.0,-1.08342,0.08342,sl,-1.6465
ONDOUSDT,long,1760648400000,1760680800000,0.7183,0.6985857142857144,-1.0,-1.04372,0.04372,sl,-2.7121
BCHUSDT,long,1760648400000,1760680800000,504.0,495.66,-1.0,-1.07252,0.07252,sl,-2.6816
XLMUSDT,long,1760648400000,1760662800000,0.30811,0.315814,1.0,0.95201,0.04799,tp,-2.8933
ONDOUSDT,long,1760691600000,1760691600000,0.6765,0.6924771428571428,1.0,0.94919,0.05081,tp,-2.9109
BCHUSDT,long,1760691600000,1760691600000,454.6,464.9114285714286,1.0,0.9471,0.0529,tp,-5.2734
XLMUSDT,long,1760691600000,1760691600000,0.29124,0.29735828571428574,1.0,0.94288,0.05712,tp,-3.3375
ONDOUSDT,long,1760706000000,1760734800000,0.695,0.7121685714285714,1.0,0.95142,0.04858,tp,-1.7227
BCHUSDT,long,1760706000000,1760716800000,458.7,470.6657142857143,1.0,0.954,0.046,tp,-2.8296
XLMUSDT,long,1760706000000,1760716800000,0.30036,0.3069317142857143,1.0,0.94515,0.05485,tp,-1.7023
BCHUSDT,long,1760864400000,1760864400000,459.4,463.56571428571425,1.0,0.86766,0.13234,tp,-1.5903
ONDOUSDT,short,1760878800000,1760878800000,0.7258,0.7362914285714286,-1.0,-1.08302,0.08302,sl,2.0889
ONDOUSDT,short,1760893200000,1760918400000,0.7388,0.7265257142857143,1.0,0.92777,0.07223,tp,2.6033
XLMUSDT,short,1760893200000,1760918400000,0.32053,0.31580371428571424,1.0,0.91862,0.08138,tp,2.0372
ONDOUSDT,short,1760936400000,1760940000000,0.7505,0.7618828571428571,-1.0,-1.07912,0.07912,sl,2.2312
BCHUSDT,short,1760936400000,1760940000000,478.5,482.9485714285714,-1.0,-1.12908,0.12908,sl,1.771
XLMUSDT,short,1760936400000,1760940000000,0.32485,0.3283651428571429,-1.0,-1.1109,0.1109,sl,2.7602
ONDOUSDT,short,1760950800000,1760976000000,0.7627,0.7499885714285714,1.0,0.928,0.072,tp,2.1895
BCHUSDT,short,1760950800000,1760972400000,480.3,485.0914285714286,-1.0,-1.12029,0.12029,sl,1.748
XLMUSDT,short,1760950800000,1760965200000,0.32766,0.3241414285714286,1.0,0.88825,0.11175,tp,2.4892
XLMUSDT,short,1760994000000,1760997600000,0.32892,0.324912,1.0,0.90152,0.09848,tp,1.6169
BCHUSDT,long,1761037200000,1761040800000,465.0,469.37142857142857,1.0,0.87235,0.12765,tp,-1.87
BCHUSDT,short,1761066000000,1761076800000,500.1,490.90285714285716,1.0,0.93475,0.06525,tp,2.869
ONDOUSDT,long,1761094800000,1761134400000,0.7207,0.7203,-0.02211,-0.0699,0.0478,time,-1.5777
XLMUSDT,long,1761094800000,1761134400000,0.31147,0.31152,0.00795,-0.05147,0.05942,time,-2.137
ONDOUSDT,long,1761166800000,1761166800000,0.7008,0.6874457142857142,-1.0,-1.06297,0.06297,sl,-1.8155
ONDOUSDT,short,1761282000000,1761307200000,0.7319,0.7415171428571429,-1.0,-1.09132,0.09132,sl,1.8058
XLMUSDT,short,1761282000000,1761307200000,0.31537,0.3184788571428571,-1.0,-1.12173,0.12173,sl,1.7651
BCHUSDT,short,1761296400000,1761307200000,492.6,497.08285714285716,-1.0,-1.13186,0.13186,sl,1.9915
BCHUSDT,short,1761325200000,1761364800000,503.3,504.3,-0.14006,-0.22464,0.08459,time,2.4134
ONDOUSDT,short,1761339600000,1761361200000,0.7422,0.7319742857142857,1.0,0.9129,0.0871,tp,1.7129
XLMUSDT,short,1761339600000,1761379200000,0.31872,0.31976,-0.25136,-0.3438,0.09244,time,1.7234
BCHUSDT,short,1761382800000,1761386400000,509.5,505.18,1.0,0.85847,0.14153,tp,1.8418
XLMUSDT,short,1761397200000,1761400800000,0.32262,0.32518800000000003,-1.0,-1.15076,0.15076,sl,1.8715
XLMUSDT,short,1761411600000,1761444000000,0.32627,0.3232065714285714,1.0,0.87219,0.12781,tp,2.1196
BCHUSDT,short,1761469200000,1761469200000,517.2,522.3514285714286,-1.0,-1.12048,0.12048,sl,2.2878
ONDOUSDT,short,1761483600000,1761483600000,0.7525,0.7593399999999999,-1.0,-1.13202,0.13202,sl,2.7271
BCHUSDT,short,1761483600000,1761487200000,561.6,552.7971428571428,1.0,0.92344,0.07656,tp,7.4474
XLMUSDT,short,1761483600000,1761501600000,0.33126,0.32837314285714286,1.0,0.8623,0.1377,tp,2.09
ONDOUSDT,short,1761498000000,1761516000000,0.7527,0.76026,-1.0,-1.11948,0.11948,sl,1.9288
BCHUSDT,short,1761498000000,1761516000000,550.7,560.2571428571429,-1.0,-1.06915,0.06915,sl,2.6339
ONDOUSDT,short,1761526800000,1761541200000,0.7693,0.7780085714285714,-1.0,-1.10601,0.10601,sl,2.5753
BCHUSDT,short,1761526800000,1761566400000,557.3,561.6,-0.38063,-0.43982,0.0592,time,1.7818
XLMUSDT,short,1761526800000,1761548400000,0.33176,0.32871885714285715,1.0,0.86909,0.13091,tp,1.6225
XLMUSDT,long,1761598800000,1761627600000,0.32314,0.32677085714285714,1.0,0.8932,0.1068,tp,-1.6095
XLMUSDT,short,1761642000000,1761652800000,0.33344,0.32848314285714286,1.0,0.91928,0.08072,tp,1.6196
ONDOUSDT,long,1761685200000,1761714000000,0.7238,0.7364857142857143,1.0,0.93153,0.06847,tp,-2.947
XLMUSDT,long,1761685200000,1761724800000,0.31624,0.31896,0.47834,0.41161,0.06674,time,-3.0403
ONDOUSDT,long,1761800400000,1761807600000,0.7125,0.7328142857142858,1.0,0.95791,0.04209,tp,-2.7515
XLMUSDT,long,1761800400000,1761804000000,0.30983,0.31571514285714286,1.0,0.93682,0.06318,tp,-2.2373
BCHUSDT,short,1761814800000,1761822000000,569.5,562.3342857142858,1.0,0.90463,0.09537,tp,2.3211
ONDOUSDT,long,1761829200000,1761829200000,0.7032,0.6890400000000001,-1.0,-1.05959,0.05959,sl,-3.0034
BCHUSDT,long,1761829200000,1761829200000,545.2,535.3685714285715,-1.0,-1.06655,0.06655,sl,-3.5824
XLMUSDT,long,1761829200000,1761829200000,0.30479,0.2999882857142857,-1.0,-1.07617,0.07617,sl,-2.9626
ONDOUSDT,long,1761843600000,1761843600000,0.6851,0.67034,-1.0,-1.0557,0.0557,sl,-2.9885
BCHUSDT,long,1761843600000,1761861600000,534.9,546.4628571428572,1.0,0.94449,0.05551,tp,-3.1501
XLMUSDT,long,1761843600000,1761843600000,0.29866,0.2932951428571428,-1.0,-1.0668,0.0668,sl,-2.8034
ONDOUSDT,long,1761858000000,1761868800000,0.6769,0.6907085714285713,1.0,0.94118,0.05882,tp,-2.2646
XLMUSDT,long,1761858000000,1761865200000,0.29347,0.29835485714285714,1.0,0.92791,0.07209,tp,-2.4606
ONDOUSDT,short,1762030800000,1762030800000,0.7085,0.7005285714285715,1.0,0.89334,0.10666,tp,2.6571
ONDOUSDT,short,1762059600000,1762077600000,0.7055,0.6979057142857144,1.0,0.88852,0.11148,tp,1.8486
BCHUSDT,long,1762088400000,1762128000000,534.3,532.8,-0.22727,-0.32442,0.09715,time,-2.3095
XLMUSDT,long,1762117200000,1762124400000,0.30088,0.3041251428571428,1.0,0.88874,0.11126,tp,-2.5217
XLMUSDT,long,1762131600000,1762135200000,0.30127,0.29785085714285714,-1.0,-1.10574,0.10574,sl,-1.8056
ONDOUSDT,long,1762146000000,1762149600000,0.656,0.6447200000000001,-1.0,-1.06979,0.06979,sl,-3.7415
XLMUSDT,long,1762146000000,1762149600000,0.29323,0.2895322857142857,-1.0,-1.09516,0.09516,sl,-3.7854
ONDOUSDT,long,1762160400000,1762174800000,0.6464,0.6341514285714286,-1.0,-1.06333,0.06333,sl,-2.7622
BCHUSDT,long,1762160400000,1762160400000,525.2,519.3285714285715,-1.0,-1.10734,0.10734,sl,-1.6226
XLMUSDT,long,1762160400000,1762178400000,0.2909,0.294878,1.0,0.91225,0.08775,tp,-2.6552
BCHUSDT,long,1762174800000,1762182000000,521.8,514.36,-1.0,-1.08416,0.08416,sl,-1.5678
ONDOUSDT,long,1762189200000,1762200000000,0.6201,0.60174,-1.0,-1.04053,0.04053,sl,-2.4116
BCHUSDT,long,1762189200000,1762203600000,513.6,502.8942857142858,-1.0,-1.05757,0.05757,sl,-1.8816
XLMUSDT,long,1762189200000,1762200000000,0.28126,0.27473200000000003,-1.0,-1.0517,0.0517,sl,-2.8059
ONDOUSDT,long,1762218000000,1762232400000,0.6162,0.5977542857142857,-1.0,-1.04009,0.04009,sl,-1.5143
BCHUSDT,long,1762218000000,1762232400000,508.0,496.99428571428575,-1.0,-1.05539,0.05539,sl,-1.63
XLMUSDT,long,1762218000000,1762232400000,0.28069,0.27359028571428573,-1.0,-1.04744,0.04744,sl,-1.5186
BCHUSDT,long,1762246800000,1762268400000,495.9,505.67999999999995,1.0,0.93915,0.06085,tp,-1.9721
XLMUSDT,long,1762246800000,1762254000000,0.27384,0.2801982857142857,1.0,0.94832,0.05168,tp,-1.5604
ONDOUSDT,long,1762275600000,1762279200000,0.5885,0.5711514285714286,-1.0,-1.04071,0.04071,sl,-1.5312
BCHUSDT,long,1762275600000,1762275600000,491.3,480.60285714285715,-1.0,-1.05511,0.05511,sl,-1.7496
XLMUSDT,long,1762275600000,1762279200000,0.27015,0.2634042857142857,-1.0,-1.04806,0.04806,sl,-1.5481
ONDOUSDT,long,1762290000000,1762290000000,0.5759,0.5562199999999999,-1.0,-1.03512,0.03512,sl,-1.7116
BCHUSDT,long,1762290000000,1762290000000,475.3,463.2657142857143,-1.0,-1.04739,0.04739,sl,-2.3312
XLMUSDT,long,1762290000000,1762290000000,0.26244,0.2545611428571429,-1.0,-1.03997,0.03997,sl,-2.017
BCHUSDT,long,1762304400000,1762304400000,473.6,459.9371428571429,-1.0,-1.0416,0.0416,sl,-2.0056
ONDOUSDT,long,1762448400000,1762452000000,0.577,0.5876628571428572,1.0,0.93506,0.06494,tp,-2.0816
BCHUSDT,long,1762448400000,1762473600000,467.8,474.16,1.0,0.91174,0.08826,tp,-2.6462
XLMUSDT,long,1762520400000,1762524000000,0.267,0.2713482857142857,1.0,0.92632,0.07368,tp,-1.6725
ONDOUSDT,short,1762534800000,1762534800000,0.656,0.6723457142857143,-1.0,-1.04816,0.04816,sl,4.3903
BCHUSDT,short,1762534800000,1762538400000,502.3,512.9885714285714,-1.0,-1.05639,0.05639,sl,3.1544
XLMUSDT,short,1762534800000,1762538400000,0.2835,0.2893148571428571,-1.0,-1.05851,0.05851,sl,2.2214
ONDOUSDT,short,1762549200000,1762556400000,0.6836,0.6643485714285714,1.0,0.95739,0.04261,tp,3.3998
BCHUSDT,short,1762549200000,1762578000000,513.5,501.87714285714287,1.0,0.94698,0.05302,tp,2.9829
XLMUSDT,short,1762549200000,1762581600000,0.29203,0.285544,1.0,0.94597,0.05403,tp,3.1496
ONDOUSDT,short,1762563600000,1762603200000,0.6634,0.671,-0.39181,-0.43285,0.04104,time,1.687
ONDOUSDT,short,1762736400000,1762765200000,0.6847,0.69772,-1.0,-1.06311,0.06311,sl,2.3678
BCHUSDT,short,1762736400000,1762750800000,507.8,502.0057142857143,1.0,0.89483,0.10517,tp,1.9069
XLMUSDT,short,1762736400000,1762758000000,0.29172,0.296628,-1.0,-1.07133,0.07133,sl,1.877
BCHUSDT,short,1762765200000,1762765200000,508.1,513.5600000000001,-1.0,-1.11167,0.11167,sl,1.9091
XLMUSDT,short,1762765200000,1762765200000,0.30062,0.3050994285714286,-1.0,-1.08053,0.08053,sl,2.9152
BCHUSDT,short,1762779600000,1762783200000,519.7,513.0828571428572,1.0,0.90575,0.09425,tp,2.7772
XLMUSDT,short,1762779600000,1762786800000,0.3052,0.29907228571428573,1.0,0.94023,0.05977,tp,2.3249
BCHUSDT,short,1762822800000,1762822800000,520.0,527.86,-1.0,-1.07939,0.07939,sl,1.9298
BCHUSDT,short,1762837200000,1762844400000,524.6,515.7542857142857,1.0,0.92883,0.07117,tp,2.0078
ONDOUSDT,long,1762894800000,1762934400000,0.6521,0.6630628571428572,1.0,0.92862,0.07138,tp,-2.7584
XLMUSDT,long,1762894800000,1762923600000,0.28184,0.28582571428571424,1.0,0.91514,0.08486,tp,-1.9644
BCHUSDT,short,1762952400000,1762959600000,526.0,518.9714285714285,1.0,0.9102,0.0898,tp,2.0443
ONDOUSDT,long,1762966800000,1762995600000,0.6356,0.6469742857142857,1.0,0.93294,0.06706,tp,-2.3732
XLMUSDT,long,1762966800000,1762995600000,0.27795,0.2827482857142857,1.0,0.93049,0.06951,tp,-1.9297
BCHUSDT,short,1763010000000,1763049600000,524.4,514.4914285714285,1.0,0.93649,0.06351,tp,1.6765
XLMUSDT,short,1763024400000,1763028000000,0.2936,0.29893828571428577,-1.0,-1.066,0.066,sl,1.5676
ONDOUSDT,long,1763053200000,1763053200000,0.6271,0.6139942857142857,-1.0,-1.05742,0.05742,sl,-2.4455
XLMUSDT,long,1763053200000,1763056800000,0.27681,0.26896714285714285,-1.0,-1.04235,0.04235,sl,-1.5862
ONDOUSDT,long,1763067600000,1763071200000,0.5971,0.6106514285714285,1.0,0.94713,0.05287,tp,-3.3252
BCHUSDT,long,1763067600000,1763074800000,497.4,506.5457142857142,1.0,0.93474,0.06526,tp,-1.9764
XLMUSDT,long,1763067600000,1763107200000,0.26478,0.26667,0.25327,0.21069,0.04258,time,-2.7631
ONDOUSDT,long,1763082000000,1763092800000,0.6062,0.5916028571428571,-1.0,-1.04983,0.04983,sl,-1.9508
ONDOUSDT,long,1763110800000,1763118000000,0.599,0.5857399999999999,-1.0,-1.05421,0.05421,sl,-1.5409
BCHUSDT,long,1763110800000,1763121600000,494.4,484.18285714285713,-1.0,-1.05807,0.05807,sl,-1.9948
ONDOUSDT,long,1763125200000,1763132400000,0.5866,0.5996714285714286,1.0,0.94615,0.05385,tp,-1.76
ONDOUSDT,long,1763154000000,1763161200000,0.5821,0.5671942857142857,-1.0,-1.04686,0.04686,sl,-1.5009
BCHUSDT,long,1763154000000,1763175600000,482.2,494.2085714285714,1.0,0.95181,0.04819,tp,-1.863
XLMUSDT,long,1763240400000,1763254800000,0.25882,0.2559228571428571,-1.0,-1.1072,0.1072,sl,-1.813
ONDOUSDT,long,1763298000000,1763298000000,0.5772,0.5694085714285715,-1.0,-1.0889,0.0889,sl,-1.5106
XLMUSDT,long,1763298000000,1763305200000,0.25677,0.25346314285714283,-1.0,-1.09318,0.09318,sl,-2.016
ONDOUSDT,long,1763312400000,1763316000000,0.5537,0.5629314285714285,1.0,0.92802,0.07198,tp,-4.5521
BCHUSDT,long,1763312400000,1763312400000,479.0,473.0857142857143,-1.0,-1.09719,0.09719,sl,-2.3142
XLMUSDT,long,1763312400000,1763316000000,0.25052,0.2540368571428572,1.0,0.91452,0.08548,tp,-3.4091
ONDOUSDT,long,1763326800000,1763337600000,0.553,0.5641428571428572,1.0,0.94045,0.05955,tp,-2.7988
BCHUSDT,long,1763326800000,1763334000000,477.6,484.6114285714286,1.0,0.91826,0.08174,tp,-1.9128
XLMUSDT,long,1763326800000,1763334000000,0.25292,0.24885714285714283,-1.0,-1.0747,0.0747,sl,-1.9257
BCHUSDT,short,1763398800000,1763398800000,511.5,503.42571428571426,1.0,0.92398,0.07602,tp,1.8593
ONDOUSDT,long,1763413200000,1763452800000,0.525,0.5392028571428571,1.0,0.95564,0.04436,tp,-2.4867
XLMUSDT,long,1763413200000,1763452800000,0.24671,0.2499,0.61161,0.55485,0.05676,time,-2.3998
BCHUSDT,short,1763485200000,1763503200000,524.0,536.06,-1.0,-1.05214,0.05214,sl,4.068
ONDOUSDT,long,1763571600000,1763575200000,0.5135,0.5036257142857142,-1.0,-1.0624,0.0624,sl,-2.7401
XLMUSDT,long,1763571600000,1763571600000,0.23984,0.2361174285714286,-1.0,-1.07731,0.07731,sl,-2.555
ONDOUSDT,long,1763586000000,1763586000000,0.5167,0.5276028571428572,1.0,0.94313,0.05687,tp,-1.5687
XLMUSDT,long,1763586000000,1763586000000,0.24033,0.2443242857142857,1.0,0.9278,0.0722,tp,-1.7261
ONDOUSDT,long,1763658000000,1763661600000,0.5074,0.4972171428571428,-1.0,-1.05979,0.05979,sl,-2.4201
XLMUSDT,long,1763658000000,1763658000000,0.24003,0.23620885714285714,-1.0,-1.07538,0.07538,sl,-1.7688
ONDOUSDT,long,1763672400000,1763676000000,0.5016,0.5137028571428572,1.0,0.95027,0.04973,tp,-2.1762
XLMUSDT,long,1763672400000,1763690400000,0.23926,0.23457485714285714,-1.0,-1.06128,0.06128,sl,-1.5013
ONDOUSDT,long,1763686800000,1763690400000,0.5048,0.49105142857142864,-1.0,-1.04406,0.04406,sl,-1.6101
ONDOUSDT,long,1763701200000,1763708400000,0.4946,0.48056,-1.0,-1.04227,0.04227,sl,-1.8643
ONDOUSDT,long,1763715600000,1763726400000,0.468,0.45357428571428576,-1.0,-1.03893,0.03893,sl,-2.7707
BCHUSDT,long,1763715600000,1763726400000,464.6,454.52000000000004,-1.0,-1.05531,0.05531,sl,-2.3759
XLMUSDT,long,1763715600000,1763715600000,0.22834,0.22280714285714284,-1.0,-1.04952,0.04952,sl,-2.3495
XLMUSDT,long,1763730000000,1763744400000,0.22619,0.232706,1.0,0.95834,0.04166,tp,-1.8508
BCHUSDT,short,1763744400000,1763758800000,504.7,520.5914285714285,-1.0,-1.03811,0.03811,sl,1.6425
BCHUSDT,short,1763773200000,1763809200000,532.1,552.2514285714286,-1.0,-1.03169,0.03169,sl,2.3004
BCHUSDT,short,1763816400000,1763823600000,549.6,535.9028571428572,1.0,0.95185,0.04815,tp,1.8285
BCHUSDT,short,1763830800000,1763838000000,550.3,564.1514285714285,-1.0,-1.04767,0.04767,sl,1.5644
BCHUSDT,short,1763845200000,1763863200000,559.5,545.2542857142857,1.0,0.95287,0.04713,tp,1.5382
XLMUSDT,short,1763874000000,1763881200000,0.23927,0.23596742857142858,1.0,0.91306,0.08694,tp,2.997
XLMUSDT,short,1763888400000,1763899200000,0.23701,0.24046857142857142,-1.0,-1.08223,0.08223,sl,1.8794
XLMUSDT,short,1763917200000,1763920800000,0.24326,0.24667228571428573,-1.0,-1.08555,0.08555,sl,2.4393
ONDOUSDT,short,1763931600000,1763938800000,0.4819,0.47565142857142856,1.0,0.90745,0.09255,tp,2.4497
XLMUSDT,short,1763931600000,1763931600000,0.24914,0.25271171428571426,-1.0,-1.0837,0.0837,sl,2.6844
XLMUSDT,short,1763946000000,1763949600000,0.24627,0.2508445714285714,-1.0,-1.0646,0.0646,sl,1.5407
ONDOUSDT,short,1764003600000,1764003600000,0.4839,0.4925742857142857,-1.0,-1.06694,0.06694,sl,1.7095
ONDOUSDT,short,1764018000000,1764028800000,0.5054,0.4968028571428571,1.0,0.92946,0.07054,tp,3.4235
XLMUSDT,short,1764018000000,1764050400000,0.25661,0.25153057142857144,1.0,0.93938,0.06062,tp,1.9795
ONDOUSDT,short,1764046800000,1764057600000,0.5002,0.49230571428571424,1.0,0.92397,0.07603,tp,1.7074
BCHUSDT,long,1764046800000,1764046800000,540.6,534.1285714285715,-1.0,-1.10024,0.10024,sl,-1.5144
BCHUSDT,long,1764061200000,1764079200000,519.0,525.9771428571429,1.0,0.91074,0.08926,tp,-4.4564
BCHUSDT,long,1764090000000,1764111600000,521.0,527.9685714285714,1.0,0.91028,0.08972,tp,-1.8255
ONDOUSDT,short,1764190800000,1764205200000,0.515,0.5223028571428572,-1.0,-1.08462,0.08462,sl,2.6763
XLMUSDT,short,1764190800000,1764212400000,0.2603,0.25600999999999996,1.0,0.92719,0.07281,tp,2.334
ONDOUSDT,short,1764219600000,1764255600000,0.5189,0.5267771428571429,-1.0,-1.07905,0.07905,sl,1.7957
ONDOUSDT,short,1764262800000,1764262800000,0.5382,0.5316428571428571,1.0,0.90151,0.09849,tp,3.0283
ONDOUSDT,short,1764277200000,1764280800000,0.5299,0.5234114285714286,1.0,0.902,0.098,tp,1.6204
XLMUSDT,short,1764320400000,1764324000000,0.26171,0.25877942857142855,1.0,0.89284,0.10716,tp,2.1018
BCHUSDT,short,1764363600000,1764367200000,549.8,543.1657142857142,1.0,0.90055,0.09945,tp,2.1928
ONDOUSDT,long,1764406800000,1764417600000,0.5112,0.51618,1.0,0.87682,0.12318,tp,-1.5629
BCHUSDT,long,1764421200000,1764439200000,526.3,520.2485714285714,-1.0,-1.10437,0.10437,sl,-1.9156
BCHUSDT,long,1764450000000,1764453600000,519.0,522.9857142857143,1.0,0.84374,0.15626,tp,-2.1828
BCHUSDT,long,1764464400000,1764464400000,520.8,525.5314285714285,1.0,0.86791,0.13209,tp,-1.5743
ONDOUSDT,short,1764522000000,1764536400000,0.519,0.5132057142857144,1.0,0.89251,0.10749,tp,1.9158
BCHUSDT,short,1764522000000,1764536400000,560.2,550.9942857142858,1.0,0.92698,0.07302,tp,2.5274
XLMUSDT,long,1764536400000,1764543600000,0.25019,0.24790142857142858,-1.0,-1.13119,0.13119,sl,-2.1617
ONDOUSDT,long,1764550800000,1764586800000,0.4701,0.4611342857142857,-1.0,-1.06292,0.06292,sl,-12.679
XLMUSDT,long,1764550800000,1764550800000,0.23528,0.23887657142857144,1.0,0.9215,0.0785,tp,-10.4197
XLMUSDT,long,1764565200000,1764590400000,0.23119,0.22709628571428572,-1.0,-1.06777,0.06777,sl,-3.9374
ONDOUSDT,long,1764594000000,1764601200000,0.4596,0.45006857142857143,-1.0,-1.05786,0.05786,sl,-2.0171
ONDOUSDT,long,1764608400000,1764619200000,0.4492,0.4566142857142857,1.0,0.9273,0.0727,tp,-2.0415
XLMUSDT,long,1764608400000,1764619200000,0.22703,0.23080057142857144,1.0,0.92775,0.07225,tp,-1.9564
ONDOUSDT,short,1764694800000,1764705600000,0.5097,0.5005285714285714,1.0,0.93331,0.06669,tp,1.7626
XLMUSDT,short,1764694800000,1764694800000,0.25035,0.25392257142857144,-1.0,-1.08409,0.08409,sl,1.8494
BCHUSDT,short,1764709200000,1764716400000,552.2,545.1457142857143,1.0,0.90607,0.09393,tp,2.2534
XLMUSDT,short,1764709200000,1764720000000,0.2567,0.25264914285714285,1.0,0.92396,0.07604,tp,2.611
ONDOUSDT,short,1764723600000,1764734400000,0.5023,0.5122,-1.0,-1.06088,0.06088,sl,1.7564
BCHUSDT,short,1764723600000,1764730800000,550.2,557.9742857142858,-1.0,-1.08493,0.08493,sl,1.9952
BCHUSDT,short,1764738000000,1764741600000,593.7,583.2428571428572,1.0,0.93187,0.06813,tp,4.7241
XLMUSDT,short,1764738000000,1764741600000,0.25706,0.26123085714285715,-1.0,-1.07396,0.07396,sl,1.8534
BCHUSDT,short,1764752400000,1764763200000,580.4,591.9971428571428,-1.0,-1.06006,0.06006,sl,2.1865
XLMUSDT,short,1764752400000,1764770400000,0.25805,0.254684,1.0,0.908,0.092,tp,1.5552
BCHUSDT,short,1764781200000,1764820800000,598.6,590.6,0.5609,0.51053,0.05036,time,1.9809
ONDOUSDT,long,1764867600000,1764874800000,0.4958,0.4895771428571429,-1.0,-1.09561,0.09561,sl,-2.3828
ONDOUSDT,long,1764882000000,1764907200000,0.4931,0.4861485714285714,-1.0,-1.08512,0.08512,sl,-2.1394
BCHUSDT,long,1764910800000,1764928800000,572.5,565.7285714285715,-1.0,-1.10146,0.10146,sl,-1.5115
XLMUSDT,long,1764910800000,1764932400000,0.25129,0.2483182857142857,-1.0,-1.10147,0.10147,sl,-1.5463
ONDOUSDT,long,1764925200000,1764925200000,0.4881,0.48228,-1.0,-1.10064,0.10064,sl,-1.529
ONDOUSDT,long,1764939600000,1764939600000,0.478,0.4727628571428571,-1.0,-1.10953,0.10953,sl,-2.1407
XLMUSDT,long,1764939600000,1764943200000,0.24883,0.2468645714285714,-1.0,-1.15192,0.15192,sl,-1.8745
ONDOUSDT,long,1764954000000,1764961200000,0.4624,0.45491714285714285,-1.0,-1.07415,0.07415,sl,-2.9212
BCHUSDT,long,1764954000000,1764993600000,564.8,573.7399999999999,1.0,0.92419,0.07581,tp,-1.7593
XLMUSDT,long,1764954000000,1764957600000,0.24354,0.24068914285714285,-1.0,-1.10251,0.10251,sl,-3.1375
ONDOUSDT,long,1764968400000,1764993600000,0.4596,0.46803428571428574,1.0,0.93461,0.06539,tp,-2.2236
XLMUSDT,long,1764968400000,1765008000000,0.23922,0.23755,-0.49263,-0.57731,0.08468,time,-3.0884
BCHUSDT,short,1765026000000,1765065600000,588.2,581.1,0.82013,0.7386,0.08153,time,2.2841
BCHUSDT,short,1765098000000,1765098000000,592.9,585.6485714285714,1.0,0.90188,0.09812,tp,1.5044
ONDOUSDT,short,1765141200000,1765141200000,0.4732,0.46588,1.0,0.92243,0.07757,tp,1.9925
ONDOUSDT,long,1765155600000,1765155600000,0.455,0.46407714285714285,1.0,0.93985,0.06015,tp,-2.0644
BCHUSDT,short,1765170000000,1765195200000,600.9,589.9457142857143,1.0,0.93417,0.06583,tp,1.749
XLMUSDT,short,1765184400000,1765202400000,0.24355,0.2466382857142857,-1.0,-1.09464,0.09464,sl,1.7795
ONDOUSDT,short,1765198800000,1765198800000,0.4969,0.4878228571428571,1.0,0.93431,0.06569,tp,5.8537
BCHUSDT,long,1765256400000,1765281600000,572.3,578.6171428571428,1.0,0.89129,0.10871,tp,-1.7065
ONDOUSDT,short,1765299600000,1765310400000,0.5123,0.5042085714285715,1.0,0.92402,0.07598,tp,4.1507
XLMUSDT,short,1765299600000,1765310400000,0.25682,0.25354314285714286,1.0,0.90595,0.09405,tp,6.0424
BCHUSDT,long,1765342800000,1765360800000,561.5,570.0885714285714,1.0,0.92155,0.07845,tp,-2.2531
BCHUSDT,long,1765414800000,1765414800000,560.6,553.0142857142857,-1.0,-1.08868,0.08868,sl,-2.0193
ONDOUSDT,long,1765429200000,1765468800000,0.4708,0.4621,-0.79921,-0.85111,0.0519,time,-1.744
XLMUSDT,long,1765472400000,1765476000000,0.2402,0.24285285714285715,1.0,0.89135,0.10865,tp,-1.6882
BCHUSDT,short,1765515600000,1765522800000,579.8,586.9657142857142,-1.0,-1.0971,0.0971,sl,2.0658
BCHUSDT,short,1765544400000,1765555200000,581.9,574.5028571428571,1.0,0.9056,0.0944,tp,1.6048
ONDOUSDT,long,1765558800000,1765562400000,0.4518,0.4585542857142857,1.0,0.91973,0.08027,tp,-2.1068
XLMUSDT,long,1765558800000,1765580400000,0.23502,0.23822485714285715,1.0,0.912,0.088,tp,-2.4527
ONDOUSDT,long,1765573200000,1765591200000,0.4548,0.46172571428571424,1.0,0.9212,0.0788,tp,-1.6815
ONDOUSDT,long,1765731600000,1765738800000,0.4505,0.4461714285714286,-1.0,-1.12489,0.12489,sl,-2.4963
BCHUSDT,long,1765731600000,1765735200000,569.8,564.0914285714285,-1.0,-1.11978,0.11978,sl,-2.1053
XLMUSDT,long,1765731600000,1765731600000,0.23184,0.22986514285714285,-1.0,-1.14087,0.14087,sl,-2.7382
ONDOUSDT,long,1765746000000,1765753200000,0.4459,0.44096285714285716,-1.0,-1.10838,0.10838,sl,-2.8721
BCHUSDT,long,1765746000000,1765746000000,561.3,555.6428571428571,-1.0,-1.11906,0.11906,sl,-3.1186
XLMUSDT,long,1765746000000,1765760400000,0.22909,0.23151571428571427,1.0,0.88667,0.11333,tp,-2.7343
ONDOUSDT,long,1765760400000,1765760400000,0.4445,0.45051714285714284,1.0,0.91135,0.08865,tp,-2.135
BCHUSDT,long,1765760400000,1765760400000,561.3,567.1885714285714,1.0,0.88562,0.11438,tp,-1.9578
ONDOUSDT,long,1765818000000,1765821600000,0.4133,0.4059028571428572,-1.0,-1.06705,0.06705,sl,-4.5497
BCHUSDT,long,1765818000000,1765818000000,532.2,524.5628571428572,-1.0,-1.08362,0.08362,sl,-4.5921
XLMUSDT,long,1765818000000,1765818000000,0.21916,0.21635714285714286,-1.0,-1.09383,0.09383,sl,-3.7314
ONDOUSDT,long,1765832400000,1765839600000,0.4055,0.41430285714285714,1.0,0.94472,0.05528,tp,-2.9678
BCHUSDT,long,1765832400000,1765839600000,527.4,535.8257142857143,1.0,0.92489,0.07511,tp,-2.7266
XLMUSDT,long,1765832400000,1765857600000,0.21833,0.21505485714285713,-1.0,-1.08,0.08,sl,-2.4612
ONDOUSDT,long,1765846800000,1765854000000,0.4093,0.3997171428571429,-1.0,-1.05125,0.05125,sl,-2.0219
BCHUSDT,long,1765846800000,1765882800000,533.9,543.5,1.0,0.93326,0.06674,tp,-1.6934
ONDOUSDT,long,1765861200000,1765879200000,0.4035,0.4124914285714286,1.0,0.94615,0.05385,tp,-1.8775
XLMUSDT,long,1765875600000,1765879200000,0.21713,0.21947685714285714,1.0,0.88898,0.11102,tp,-1.5089
ONDOUSDT,long,1765990800000,1765994400000,0.3968,0.38798,-1.0,-1.05399,0.05399,sl,-3.0164
BCHUSDT,short,1765990800000,1765990800000,557.1,549.2914285714286,1.0,0.91439,0.08561,tp,1.8721
XLMUSDT,long,1765990800000,1765998000000,0.21282,0.2093117142857143,-1.0,-1.07279,0.07279,sl,-3.2872
ONDOUSDT,long,1766005200000,1766037600000,0.3898,0.38015714285714286,-1.0,-1.04851,0.04851,sl,-2.7313
XLMUSDT,long,1766005200000,1766034000000,0.21181,0.20779257142857144,-1.0,-1.06327,0.06327,sl,-2.293
BCHUSDT,long,1766048400000,1766048400000,535.3,542.86,1.0,0.91503,0.08497,tp,-1.6352
BCHUSDT,short,1766077200000,1766077200000,574.1,563.12,1.0,0.93726,0.06274,tp,3.3173
ONDOUSDT,long,1766091600000,1766113200000,0.366,0.3759,1.0,0.95564,0.04436,tp,-2.4792
BCHUSDT,short,1766091600000,1766113200000,566.8,580.3342857142857,-1.0,-1.05025,0.05025,sl,1.9053
XLMUSDT,long,1766091600000,1766091600000,0.20294,0.20701314285714287,1.0,0.94021,0.05979,tp,-2.6162
XLMUSDT,long,1766106000000,1766113200000,0.20586,0.21013714285714286,1.0,0.94224,0.05776,tp,-1.5785
BCHUSDT,short,1766120400000,1766160000000,589.5,598.2,-0.60815,-0.6576,0.04945,time,2.9912
XLMUSDT,short,1766149200000,1766188800000,0.21884,0.21887,-0.01045,-0.10196,0.09151,time,1.8029
ONDOUSDT,short,1766178000000,1766217600000,0.4,0.4005,-0.06644,-0.13022,0.06378,time,1.6286
BCHUSDT,short,1766178000000,1766192400000,622.1,611.4885714285714,1.0,0.92965,0.07035,tp,2.3397
ONDOUSDT,long,1766336400000,1766358000000,0.3858,0.3907285714285714,1.0,0.90607,0.09393,tp,-2.246
BCHUSDT,long,1766336400000,1766347200000,579.7,585.9914285714286,1.0,0.88943,0.11057,tp,-1.5786
XLMUSDT,long,1766336400000,1766361600000,0.21526,0.21732314285714285,1.0,0.8748,0.1252,tp,-1.5268
BCHUSDT,long,1766394000000,1766401200000,577.9,585.2457142857143,1.0,0.90559,0.09441,tp,-1.6701
XLMUSDT,short,1766408400000,1766415600000,0.22329,0.22577057142857143,-1.0,-1.10802,0.10802,sl,3.2188
XLMUSDT,short,1766422800000,1766430000000,0.22292,0.2204162857142857,1.0,0.89316,0.10684,tp,1.9632
BCHUSDT,long,1766509200000,1766541600000,576.0,570.0685714285714,-1.0,-1.11653,0.11653,sl,-1.6063
ONDOUSDT,long,1766552400000,1766584800000,0.3791,0.37311714285714287,-1.0,-1.07604,0.07604,sl,-2.1756
BCHUSDT,long,1766552400000,1766574000000,571.1,576.8000000000001,1.0,0.87977,0.12023,tp,-1.626
XLMUSDT,long,1766552400000,1766592000000,0.2145,0.21247,-0.75908,-0.85533,0.09625,time,-1.5323
BCHUSDT,long,1766595600000,1766628000000,567.5,573.4657142857143,1.0,0.88585,0.11415,tp,-1.573
XLMUSDT,long,1766610000000,1766628000000,0.21212,0.21402114285714285,1.0,0.86611,0.13389,tp,-1.6334
BCHUSDT,short,1766653200000,1766671200000,587.1,593.2542857142857,-1.0,-1.11448,0.11448,sl,2.9362
BCHUSDT,short,1766682000000,1766685600000,592.3,599.1914285714286,-1.0,-1.10314,0.10314,sl,2.4195
BCHUSDT,short,1766696400000,1766700000000,594.8,587.5228571428571,1.0,0.90192,0.09808,tp,1.9706
ONDOUSDT,long,1766710800000,1766714400000,0.3682,0.3734371428571429,1.0,0.91563,0.08437,tp,-2.5833
XLMUSDT,long,1766710800000,1766714400000,0.20913,0.21138342857142858,1.0,0.88863,0.11137,tp,-2.9415
ONDOUSDT,short,1766725200000,1766757600000,0.3825,0.3759857142857143,1.0,0.92954,0.07046,tp,1.7269
BCHUSDT,short,1766725200000,1766732400000,609.1,601.4371428571429,1.0,0.90462,0.09538,tp,2.4771
XLMUSDT,short,1766754000000,1766757600000,0.21596,0.21353000000000003,1.0,0.89335,0.10665,tp,1.7487
ONDOUSDT,long,1766768400000,1766775600000,0.369,0.37363714285714283,1.0,0.90451,0.09549,tp,-2.2213
XLMUSDT,long,1766768400000,1766768400000,0.2105,0.21276885714285715,1.0,0.88867,0.11133,tp,-1.6461
BCHUSDT,short,1766840400000,1766844000000,611.8,617.3542857142857,-1.0,-1.13218,0.13218,sl,2.0521
BCHUSDT,short,1766854800000,1766876400000,618.5,624.62,-1.0,-1.12127,0.12127,sl,2.3946
XLMUSDT,short,1766869200000,1766872800000,0.21785,0.219272,-1.0,-1.18384,0.18384,sl,2.1668
ONDOUSDT,short,1766883600000,1766905200000,0.3869,0.3902171428571429,-1.0,-1.13996,0.13996,sl,2.2831
BCHUSDT,short,1766883600000,1766883600000,621.0,615.1714285714286,1.0,0.87215,0.12785,tp,1.7462
XLMUSDT,short,1766883600000,1766901600000,0.22181,0.223526,-1.0,-1.15511,0.15511,sl,3.3361
ONDOUSDT,short,1766912400000,1766923200000,0.3904,0.3873314285714286,1.0,0.84733,0.15267,tp,2.1442
XLMUSDT,short,1766912400000,1766944800000,0.22322,0.22141657142857143,1.0,0.85147,0.14853,tp,2.0193
BCHUSDT,short,1766941200000,1766944800000,631.0,624.5542857142857,1.0,0.88253,0.11747,tp,1.856
ONDOUSDT,short,1766984400000,1766988000000,0.3976,0.3930057142857143,1.0,0.89615,0.10385,tp,2.2269
XLMUSDT,short,1766984400000,1766991600000,0.22685,0.22428542857142858,1.0,0.89385,0.10615,tp,2.0198
BCHUSDT,long,1767013200000,1767027600000,604.3,596.4571428571428,-1.0,-1.09246,0.09246,sl,-2.5801
ONDOUSDT,long,1767027600000,1767060000000,0.3792,0.3738942857142857,-1.0,-1.08576,0.08576,sl,-1.5977
BCHUSDT,long,1767042000000,1767063600000,596.5,603.3914285714286,1.0,0.89613,0.10387,tp,-2.0889
XLMUSDT,long,1767042000000,1767060000000,0.21578,0.21312885714285715,-1.0,-1.09767,0.09767,sl,-2.2941
ONDOUSDT,long,1767070800000,1767081600000,0.3762,0.38028,1.0,0.88935,0.11065,tp,-1.5363
XLMUSDT,long,1767070800000,1767110400000,0.21417,0.21237342857142857,-1.0,-1.14305,0.14305,sl,-1.9141
XLMUSDT,long,1767128400000,1767164400000,0.2098,0.20816457142857142,-1.0,-1.15394,0.15394,sl,-1.8198
XLMUSDT,long,1767171600000,1767189600000,0.20763,0.20644285714285715,-1.0,-1.20988,0.20988,sl,-1.7482
ONDOUSDT,long,1767200400000,1767204000000,0.3652,0.3613942857142857,-1.0,-1.11515,0.11515,sl,-4.9364
XLMUSDT,long,1767200400000,1767211200000,0.19995,0.19809257142857142,-1.0,-1.12918,0.12918,sl,-3.5414
ONDOUSDT,long,1767214800000,1767222000000,0.363,0.3585685714285714,-1.0,-1.0983,0.0983,sl,-2.8322
ONDOUSDT,long,1767229200000,1767240000000,0.3613,0.3566114285714286,-1.0,-1.09247,0.09247,sl,-2.1718
BCHUSDT,short,1767229200000,1767229200000,603.0,597.7628571428571,1.0,0.86183,0.13817,tp,1.703
BCHUSDT,long,1767272400000,1767276000000,591.7,587.6542857142857,-1.0,-1.1755,0.1755,sl,-2.2791
BCHUSDT,long,1767286800000,1767297600000,588.1,592.2828571428571,1.0,0.83128,0.16872,tp,-3.0845
ONDOUSDT,short,1767301200000,1767304800000,0.3804,0.38437714285714286,-1.0,-1.11478,0.11478,sl,1.6606
ONDOUSDT,short,1767315600000,1767322800000,0.3851,0.3895571428571428,-1.0,-1.10368,0.10368,sl,1.9344
ONDOUSDT,short,1767330000000,1767344400000,0.3913,0.39645142857142857,-1.0,-1.09115,0.09115,sl,2.1671
ONDOUSDT,short,1767358800000,1767362400000,0.4027,0.40814285714285714,-1.0,-1.08878,0.08878,sl,2.0897
XLMUSDT,short,1767358800000,1767362400000,0.21185,0.20931114285714286,1.0,0.89987,0.10013,tp,2.0777
ONDOUSDT,short,1767373200000,1767387600000,0.4172,0.42471714285714285,-1.0,-1.0666,0.0666,sl,2.5205
XLMUSDT,short,1767373200000,1767391200000,0.217,0.22042514285714285,-1.0,-1.07603,0.07603,sl,3.0693
BCHUSDT,short,1767387600000,1767398400000,605.5,613.9685714285714,-1.0,-1.0858,0.0858,sl,1.7937
ONDOUSDT,short,1767402000000,1767423600000,0.4238,0.41616285714285717,1.0,0.93341,0.06659,tp,1.7629
XLMUSDT,short,1767402000000,1767412800000,0.22304,0.22706685714285713,-1.0,-1.06647,0.06647,sl,2.9703
BCHUSDT,short,1767416400000,1767420000000,626.7,638.4000000000001,-1.0,-1.06428,0.06428,sl,2.4521
BCHUSDT,short,1767430800000,1767445200000,630.9,642.0942857142857,-1.0,-1.06763,0.06763,sl,2.1251
BCHUSDT,short,1767459600000,1767470400000,637.9,647.1828571428571,-1.0,-1.08246,0.08246,sl,1.6485
XLMUSDT,short,1767488400000,1767495600000,0.22542,0.22739914285714286,-1.0,-1.13668,0.13668,sl,1.5271
XLMUSDT,short,1767502800000,1767506400000,0.22813,0.2304382857142857,-1.0,-1.1186,0.1186,sl,1.7605
XLMUSDT,short,1767517200000,1767517200000,0.23,0.23275914285714286,-1.0,-1.10003,0.10003,sl,1.8582
ONDOUSDT,short,1767531600000,1767542400000,0.4378,0.44386857142857145,-1.0,-1.08657,0.08657,sl,1.6413
XLMUSDT,short,1767531600000,1767553200000,0.23433,0.23102657142857144,1.0,0.91488,0.08512,tp,2.1968
BCHUSDT,short,1767589200000,1767592800000,653.1,659.5457142857143,-1.0,-1.12159,0.12159,sl,1.5126
BCHUSDT,short,1767603600000,1767607200000,659.5,666.8371428571429,-1.0,-1.10786,0.10786,sl,2.0252
ONDOUSDT,short,1767646800000,1767682800000,0.4556,0.44781714285714286,1.0,0.92975,0.07025,tp,2.9269
XLMUSDT,short,1767646800000,1767646800000,0.24538,0.24969142857142856,-1.0,-1.0683,0.0683,sl,2.8093
XLMUSDT,short,1767661200000,1767682800000,0.25357,0.24822485714285716,1.0,0.94307,0.05693,tp,3.3797
ONDOUSDT,short,1767704400000,1767708000000,0.4608,0.4674342857142857,-1.0,-1.08335,0.08335,sl,1.9888
BCHUSDT,long,1767718800000,1767733200000,632.8,640.3,1.0,0.89875,0.10125,tp,-1.8688
BCHUSDT,long,1767747600000,1767787200000,631.9,629.3,-0.30671,-0.39616,0.08945,time,-1.504
ONDOUSDT,long,1767790800000,1767794400000,0.4359,0.4292057142857143,-1.0,-1.07814,0.07814,sl,-1.7164
ONDOUSDT,long,1767805200000,1767812400000,0.4256,0.4191028571428571,-1.0,-1.07861,0.07861,sl,-2.6429
ONDOUSDT,long,1767819600000,1767852000000,0.4215,0.4146085714285714,-1.0,-1.0734,0.0734,sl,-2.2811
XLMUSDT,long,1767819600000,1767852000000,0.23308,0.22950828571428572,-1.0,-1.07831,0.07831,sl,-1.6855
ONDOUSDT,long,1767862800000,1767873600000,0.4107,0.40422,-1.0,-1.07606,0.07606,sl,-1.8559
XLMUSDT,long,1767862800000,1767880800000,0.2287,0.2253082857142857,-1.0,-1.08091,0.08091,sl,-1.8325
BCHUSDT,long,1767877200000,1767884400000,624.4,633.9485714285714,1.0,0.92153,0.07847,tp,-1.7854
BCHUSDT,short,1767891600000,1767891600000,642.2,633.3971428571429,1.0,0.91246,0.08754,tp,2.0799
XLMUSDT,long,1767963600000,1767963600000,0.22649,0.22908971428571429,1.0,0.89545,0.10455,tp,-1.777
XLMUSDT,long,1767992400000,1768032000000,0.22585,0.22707,0.31665,0.24631,0.07034,time,-1.935
BCHUSDT,short,1768064400000,1768078800000,640.7,644.8057142857143,-1.0,-1.18726,0.18726,sl,1.7759
BCHUSDT,short,1768093200000,1768093200000,644.6,640.2371428571429,1.0,0.8227,0.1773,tp,1.9527
BCHUSDT,short,1768107600000,1768107600000,646.9,652.1714285714286,-1.0,-1.14726,0.14726,sl,2.007
BCHUSDT,short,1768122000000,1768161600000,655.0,656.3,-0.15982,-0.25645,0.09663,time,2.6852
ONDOUSDT,long,1768165200000,1768172400000,0.3963,0.39217714285714284,-1.0,-1.11535,0.11535,sl,-2.7215
XLMUSDT,long,1768165200000,1768179600000,0.22295,0.2253662857142857,1.0,0.88928,0.11072,tp,-4.2244
ONDOUSDT,long,1768208400000,1768226400000,0.3927,0.3858942857142857,-1.0,-1.06924,0.06924,sl,-3.3442
BCHUSDT,long,1768208400000,1768237200000,624.4,613.5485714285714,-1.0,-1.06905,0.06905,sl,-2.7696
XLMUSDT,long,1768208400000,1768222800000,0.22054,0.21713457142857145,-1.0,-1.07771,0.07771,sl,-3.8562
ONDOUSDT,long,1768251600000,1768266000000,0.3908,0.38457714285714284,-1.0,-1.07536,0.07536,sl,-1.8563
BCHUSDT,long,1768251600000,1768276800000,618.5,610.8285714285714,-1.0,-1.09675,0.09675,sl,-1.75
ONDOUSDT,short,1768323600000,1768341600000,0.4065,0.41228571428571426,-1.0,-1.08431,0.08431,sl,2.0346
XLMUSDT,short,1768323600000,1768334400000,0.23095,0.23367571428571426,-1.0,-1.10168,0.10168,sl,2.7967
ONDOUSDT,short,1768352400000,1768370400000,0.4179,0.4106314285714286,1.0,0.93101,0.06899,tp,2.695
XLMUSDT,short,1768352400000,1768359600000,0.23975,0.24357199999999998,-1.0,-1.07527,0.07527,sl,3.0012
XLMUSDT,short,1768366800000,1768388400000,0.24408,0.23998285714285714,1.0,0.92851,0.07149,tp,2.6304
BCHUSDT,long,1768381200000,1768395600000,601.0,592.9342857142857,-1.0,-1.08942,0.08942,sl,-2.8988
BCHUSDT,long,1768438800000,1768438800000,591.4,598.6171428571429,1.0,0.90167,0.09833,tp,-2.6421
ONDOUSDT,long,1768453200000,1768467600000,0.387,0.3948,1.0,0.94046,0.05954,tp,-2.017
ONDOUSDT,long,1768496400000,1768500000000,0.3846,0.37823142857142855,-1.0,-1.07247,0.07247,sl,-1.7699
BCHUSDT,long,1768496400000,1768500000000,591.9,580.6371428571429,-1.0,-1.06306,0.06306,sl,-2.0694
ONDOUSDT,long,1768510800000,1768521600000,0.3758,0.3822114285714286,1.0,0.92966,0.07034,tp,-2.0583
BCHUSDT,long,1768510800000,1768518000000,580.8,591.6942857142857,1.0,0.93603,0.06397,tp,-2.4474
XLMUSDT,long,1768510800000,1768518000000,0.2251,0.22850457142857142,1.0,0.92066,0.07934,tp,-2.0822
XLMUSDT,long,1768582800000,1768593600000,0.2211,0.22339457142857141,1.0,0.88437,0.11563,tp,-2.1268
ONDOUSDT,short,1768669200000,1768687200000,0.3904,0.38554857142857146,1.0,0.90343,0.09657,tp,1.5704
XLMUSDT,short,1768669200000,1768676400000,0.23189,0.23346714285714287,-1.0,-1.17644,0.17644,sl,2.526
XLMUSDT,short,1768683600000,1768687200000,0.23363,0.23120685714285716,1.0,0.8843,0.1157,tp,2.4767
ONDOUSDT,long,1768741200000,1768744800000,0.3749,0.37112,-1.0,-1.11902,0.11902,sl,-1.9855
BCHUSDT,long,1768741200000,1768748400000,591.0,588.1971428571429,-1.0,-1.25303,0.25303,sl,-1.5234
ONDOUSDT,long,1768755600000,1768762800000,0.3692,0.3652228571428571,-1.0,-1.1114,0.1114,sl,-2.7025
BCHUSDT,long,1768755600000,1768759200000,589.8,593.2457142857143,1.0,0.7946,0.2054,tp,-1.6192
ONDOUSDT,long,1768770000000,1768777200000,0.3687,0.36396,-1.0,-1.09334,0.09334,sl,-2.211
ONDOUSDT,long,1768784400000,1768824000000,0.339,0.3375,-0.17157,-0.2181,0.04653,time,-4.8996
BCHUSDT,long,1768784400000,1768824000000,585.7,589.7,0.56157,0.4629,0.09867,time,-3.3583
XLMUSDT,long,1768784400000,1768795200000,0.21143,0.21517657142857144,1.0,0.93228,0.06772,tp,-5.3134
XLMUSDT,long,1768813200000,1768845600000,0.21461,0.21894285714285713,1.0,0.94056,0.05944,tp,-1.7661
BCHUSDT,long,1768870800000,1768874400000,585.1,581.74,-1.0,-1.20896,0.20896,sl,-1.8408
BCHUSDT,long,1768885200000,1768888800000,579.2,575.0,-1.0,-1.16549,0.16549,sl,-2.9292
BCHUSDT,long,1768899600000,1768899600000,578.6,573.7828571428572,-1.0,-1.14414,0.14414,sl,-2.2259
BCHUSDT,long,1768914000000,1768935600000,572.7,567.4028571428572,-1.0,-1.12974,0.12974,sl,-2.6228
BCHUSDT,long,1768942800000,1768946400000,570.3,565.6714285714286,-1.0,-1.14786,0.14786,sl,-1.6669
ONDOUSDT,long,1769000400000,1769004000000,0.3283,0.33269714285714286,1.0,0.91041,0.08959,tp,-1.8864
ONDOUSDT,long,1769014800000,1769022000000,0.3272,0.3331571428571429,1.0,0.93409,0.06591,tp,-1.8591
XLMUSDT,long,1769014800000,1769018400000,0.20566,0.20910657142857145,1.0,0.92839,0.07161,tp,-2.368
ONDOUSDT,short,1769144400000,1769148000000,0.3527,0.3475742857142857,1.0,0.91743,0.08257,tp,2.388
ONDOUSDT,short,1769173200000,1769176800000,0.3533,0.34783142857142857,1.0,0.92247,0.07753,tp,1.7844
ONDOUSDT,short,1769187600000,1769194800000,0.3567,0.34962000000000004,1.0,0.93954,0.06046,tp,2.1368
BCHUSDT,long,1769202000000,1769205600000,587.0,591.9628571428572,1.0,0.85807,0.14193,tp,-2.2444
ONDOUSDT,long,1769302800000,1769302800000,0.3407,0.3377942857142857,-1.0,-1.1407,0.1407,sl,-1.5711
ONDOUSDT,long,1769317200000,1769353200000,0.3375,0.3341657142857143,-1.0,-1.12147,0.12147,sl,-1.9877
BCHUSDT,long,1769331600000,1769338800000,589.2,586.38,-1.0,-1.25072,0.25072,sl,-2.3729
XLMUSDT,long,1769331600000,1769335200000,0.20918,0.210452,1.0,0.80266,0.19734,tp,-1.5372
BCHUSDT,long,1769346000000,1769349600000,586.7,583.5885714285715,-1.0,-1.22628,0.22628,sl,-2.7469
ONDOUSDT,long,1769360400000,1769364000000,0.3294,0.32565428571428573,-1.0,-1.10553,0.10553,sl,-2.7273
BCHUSDT,long,1769360400000,1769364000000,577.3,573.5028571428571,-1.0,-1.18244,0.18244,sl,-4.3766
XLMUSDT,long,1769360400000,1769364000000,0.20476,0.20295657142857143,-1.0,-1.13625,0.13625,sl,-4.234
ONDOUSDT,long,1769374800000,1769389200000,0.3205,0.32537714285714286,1.0,0.92114,0.07886,tp,-3.3425
BCHUSDT,long,1769374800000,1769382000000,567.1,572.2085714285714,1.0,0.86679,0.13321,tp,-3.8687
XLMUSDT,long,1769374800000,1769385600000,0.20229,0.20459142857142856,1.0,0.89452,0.10548,tp,-3.4749
BCHUSDT,long,1769389200000,1769389200000,574.8,580.6885714285713,1.0,0.88286,0.11714,tp,-1.6603
BCHUSDT,short,1769533200000,1769533200000,594.1,589.6771428571428,1.0,0.83881,0.16119,tp,1.9634
ONDOUSDT,short,1769547600000,1769587200000,0.3388,0.339,-0.03928,-0.11913,0.07985,time,2.0306
BCHUSDT,short,1769547600000,1769576400000,599.6,594.5942857142858,1.0,0.85626,0.14374,tp,2.3418
XLMUSDT,short,1769547600000,1769572800000,0.20944,0.20703314285714286,1.0,0.89558,0.10442,tp,1.875
ONDOUSDT,short,1769605200000,1769605200000,0.3429,0.34705714285714284,-1.0,-1.09898,0.09898,sl,1.8089
XLMUSDT,short,1769605200000,1769612400000,0.21065,0.209018,1.0,0.84511,0.15489,tp,1.9731
BCHUSDT,long,1769662800000,1769684400000,581.5,576.9571428571429,-1.0,-1.1536,0.1536,sl,-2.5888
BCHUSDT,long,1769691600000,1769695200000,574.3,570.0057142857142,-1.0,-1.16048,0.16048,sl,-2.5231
XLMUSDT,long,1769691600000,1769695200000,0.20379,0.2020662857142857,-1.0,-1.14187,0.14187,sl,-2.0051
ONDOUSDT,long,1769706000000,1769709600000,0.3181,0.313,-1.0,-1.07485,0.07485,sl,-2.9987
BCHUSDT,long,1769706000000,1769709600000,558.7,552.0828571428572,-1.0,-1.10132,0.10132,sl,-3.1199
XLMUSDT,long,1769706000000,1769706000000,0.19932,0.20156742857142856,1.0,0.89357,0.10643,tp,-3.0134
ONDOUSDT,long,1769720400000,1769734800000,0.3135,0.30700285714285713,-1.0,-1.0579,0.0579,sl,-2.3865
BCHUSDT,long,1769720400000,1769734800000,556.1,548.6171428571429,-1.0,-1.08918,0.08918,sl,-2.1931
XLMUSDT,long,1769720400000,1769734800000,0.19835,0.19544,-1.0,-1.08179,0.08179,sl,-2.1613
ONDOUSDT,long,1769749200000,1769788800000,0.311,0.3132,0.27599,0.22917,0.04682,time,-1.6078
BCHUSDT,long,1769749200000,1769781600000,545.4,554.3142857142857,1.0,0.92658,0.07342,tp,-1.83
XLMUSDT,long,1769749200000,1769752800000,0.19467,0.19097828571428574,-1.0,-1.06328,0.06328,sl,-1.907
XLMUSDT,long,1769763600000,1769796000000,0.19302,0.18982542857142856,-1.0,-1.07251,0.07251,sl,-1.76
ONDOUSDT,long,1769850000000,1769868000000,0.3018,0.29694,-1.0,-1.07452,0.07452,sl,-1.7259
XLMUSDT,long,1769850000000,1769864400000,0.18608,0.18373828571428572,-1.0,-1.09536,0.09536,sl,-2.1075
BCHUSDT,long,1769864400000,1769868000000,533.2,528.2542857142857,-1.0,-1.12937,0.12937,sl,-2.1258
ONDOUSDT,long,1769878800000,1769878800000,0.2834,0.2769542857142857,-1.0,-1.05276,0.05276,sl,-3.9964
BCHUSDT,long,1769878800000,1769878800000,510.1,502.42857142857144,-1.0,-1.07979,0.07979,sl,-4.168
XLMUSDT,long,1769878800000,1769878800000,0.17683,0.1737802857142857,-1.0,-1.06958,0.06958,sl,-3.2484
ONDOUSDT,long,1769893200000,1769900400000,0.2762,0.28571428571428575,1.0,0.96516,0.03484,tp,-2.7086
BCHUSDT,long,1769893200000,1769900400000,485.2,498.34000000000003,1.0,0.95569,0.04431,tp,-3.2665
XLMUSDT,long,1769893200000,1769900400000,0.17448,0.17918057142857144,1.0,0.95546,0.04454,tp,-2.359
XLMUSDT,long,1769965200000,1769968800000,0.17331,0.1761282857142857,1.0,0.92621,0.07379,tp,-1.5392
BCHUSDT,short,1770051600000,1770091200000,538.0,533.0,0.40481,0.35254,0.05227,time,1.578
ONDOUSDT,short,1770152400000,1770156000000,0.2907,0.28066285714285716,1.0,0.96525,0.03475,tp,2.0944
ONDOUSDT,long,1770224400000,1770228000000,0.2679,0.2731457142857143,1.0,0.93872,0.06128,tp,-2.8627
BCHUSDT,long,1770224400000,1770228000000,519.7,525.88,1.0,0.89909,0.10091,tp,-1.6797
XLMUSDT,long,1770224400000,1770228000000,0.16939,0.17196314285714287,1.0,0.921,0.079,tp,-2.5096
XLMUSDT,long,1770253200000,1770256800000,0.17034,0.16660714285714284,-1.0,-1.05476,0.05476,sl,-1.5707
ONDOUSDT,long,1770267600000,1770285600000,0.2633,0.25561142857142855,-1.0,-1.04109,0.04109,sl,-2.0737
XLMUSDT,long,1770267600000,1770285600000,0.16586,0.16197971428571428,-1.0,-1.05129,0.05129,sl,-2.3561
ONDOUSDT,long,1770296400000,1770303600000,0.252,0.24570857142857142,-1.0,-1.04807,0.04807,sl,-2.3006
BCHUSDT,long,1770296400000,1770303600000,502.9,492.3142857142857,-1.0,-1.05701,0.05701,sl,-3.9007
XLMUSDT,long,1770296400000,1770303600000,0.1599,0.15639685714285712,-1.0,-1.05477,0.05477,sl,-2.2713
ONDOUSDT,long,1770310800000,1770310800000,0.2435,0.23596571428571428,-1.0,-1.03878,0.03878,sl,-2.4851
BCHUSDT,long,1770310800000,1770310800000,495.0,482.42571428571426,-1.0,-1.04724,0.04724,sl,-2.9547
XLMUSDT,long,1770310800000,1770310800000,0.15465,0.1503137142857143,-1.0,-1.0428,0.0428,sl,-2.4789
ONDOUSDT,long,1770325200000,1770336000000,0.2251,0.2161342857142857,-1.0,-1.03013,0.03013,sl,-3.0012
BCHUSDT,long,1770325200000,1770332400000,468.0,453.2742857142857,-1.0,-1.03814,0.03814,sl,-3.4265
XLMUSDT,long,1770325200000,1770336000000,0.14664,0.14160942857142855,-1.0,-1.03498,0.03498,sl,-2.7332
BCHUSDT,long,1770339600000,1770354000000,451.3,470.14,1.0,0.97125,0.02875,tp,-2.873
BTCUSDT,short,1770555600000,1770566400000,71204.6,70495.50285714286,1.0,0.8795,0.1205,tp,1.7861
SUIUSDT,long,1770570000000,1770573600000,0.9683,0.9847400000000001,1.0,0.92932,0.07068,tp,-2.4931
ADAUSDT,long,1770570000000,1770573600000,0.2681,0.27194,1.0,0.91622,0.08378,tp,-1.5336
ATOMUSDT,long,1770570000000,1770573600000,1.9448,1.96964,1.0,0.90605,0.09395,tp,-1.8458
SUIUSDT,long,1770598800000,1770624000000,0.9725,0.9540285714285714,-1.0,-1.06318,0.06318,sl,-1.5764
ATOMUSDT,long,1770598800000,1770606000000,1.9458,1.97304,1.0,0.91428,0.08572,tp,-1.5399
LINKUSDT,long,1770627600000,1770631200000,8.656,8.517657142857143,-1.0,-1.07508,0.07508,sl,-1.97
SOLUSDT,long,1770627600000,1770652800000,84.5,86.19114285714286,1.0,0.94004,0.05996,tp,-2.6098
ADAUSDT,long,1770627600000,1770631200000,0.2662,0.2620342857142857,-1.0,-1.07668,0.07668,sl,-2.3612
LTCUSDT,long,1770627600000,1770631200000,53.42,52.680285714285716,-1.0,-1.08666,0.08666,sl,-2.0149
ONDOUSDT,long,1770627600000,1770631200000,0.2459,0.24087714285714287,-1.0,-1.05875,0.05875,sl,-2.8416
LINKUSDT,long,1770642000000,1770649200000,8.601,8.74217142857143,1.0,0.92689,0.07311,tp,-2.1772
SUIUSDT,long,1770642000000,1770649200000,0.9412,0.9589771428571429,1.0,0.93647,0.06353,tp,-2.4961
ADAUSDT,long,1770642000000,1770652800000,0.2645,0.26894,1.0,0.92851,0.07149,tp,-2.0833
LTCUSDT,long,1770642000000,1770649200000,53.28,54.072857142857146,1.0,0.91936,0.08064,tp,-1.9534
ATOMUSDT,long,1770642000000,1770649200000,1.9253,1.9544000000000001,1.0,0.92061,0.07939,tp,-1.8603
ONDOUSDT,long,1770642000000,1770649200000,0.2438,0.24874571428571426,1.0,0.94085,0.05915,tp,-2.54
BCHUSDT,long,1770642000000,1770649200000,516.7,523.7285714285715,1.0,0.91178,0.08822,tp,-1.7107
XLMUSDT,long,1770642000000,1770649200000,0.15786,0.16029257142857142,1.0,0.92213,0.07787,tp,-2.0153
BTCUSDT,long,1770714000000,1770728400000,69087.6,68309.30571428571,-1.0,-1.10652,0.10652,sl,-1.5335
LINKUSDT,long,1770714000000,1770753600000,8.565,8.528,-0.30593,-0.39091,0.08498,time,-1.697
ATOMUSDT,long,1770714000000,1770735600000,1.9146,1.9358914285714286,1.0,0.89209,0.10791,tp,-1.8823
XLMUSDT,long,1770714000000,1770724800000,0.15718,0.15529257142857142,-1.0,-1.09993,0.09993,sl,-1.6248
SUIUSDT,long,1770728400000,1770746400000,0.9321,0.9171085714285715,-1.0,-1.07461,0.07461,sl,-1.7277
SOLUSDT,long,1770728400000,1770732000000,83.9,85.01685714285715,1.0,0.90985,0.09015,tp,-1.5812
ADAUSDT,long,1770728400000,1770732000000,0.2623,0.26524,1.0,0.89294,0.10706,tp,-1.6608
LTCUSDT,long,1770728400000,1770732000000,52.89,53.440285714285714,1.0,0.88466,0.11534,tp,-1.8281
SUIUSDT,long,1770757200000,1770786000000,0.9231,0.9082457142857143,-1.0,-1.07457,0.07457,sl,-1.7035
SOLUSDT,long,1770757200000,1770775200000,82.58,83.88114285714286,1.0,0.92384,0.07616,tp,-2.0224
BTCUSDT,long,1770786000000,1770789600000,67542.5,66702.14,-1.0,-1.09645,0.09645,sl,-2.4579
LINKUSDT,long,1770786000000,1770789600000,8.405,8.288599999999999,-1.0,-1.08665,0.08665,sl,-1.7563
SOLUSDT,long,1770786000000,1770789600000,81.92,80.59828571428571,-1.0,-1.07438,0.07438,sl,-1.87
ADAUSDT,long,1770786000000,1770789600000,0.2587,0.25547714285714285,-1.0,-1.09632,0.09632,sl,-1.8581
LTCUSDT,long,1770786000000,1770789600000,52.6,52.01714285714286,-1.0,-1.10829,0.10829,sl,-1.6725
XLMUSDT,long,1770786000000,1770800400000,0.15538,0.15325514285714284,-1.0,-1.08775,0.08775,sl,-1.7227
BTCUSDT,long,1770800400000,1770814800000,66951.5,67636.04857142858,1.0,0.88264,0.11736,tp,-2.4288
LINKUSDT,long,1770800400000,1770818400000,8.278,8.37717142857143,1.0,0.89983,0.10017,tp,-2.1289
SUIUSDT,long,1770800400000,1770804000000,0.8956,0.8842428571428571,-1.0,-1.09463,0.09463,sl,-2.3211
SOLUSDT,long,1770800400000,1770818400000,81.02,79.856,-1.0,-1.08353,0.08353,sl,-1.9288
ADAUSDT,long,1770800400000,1770804000000,0.255,0.25228285714285714,-1.0,-1.11262,0.11262,sl,-2.3238
LTCUSDT,long,1770800400000,1770811200000,51.94,52.425999999999995,1.0,0.87175,0.12825,tp,-2.1907
ATOMUSDT,long,1770800400000,1770811200000,1.8838,1.9035657142857143,1.0,0.88563,0.11437,tp,-1.8679
ONDOUSDT,long,1770800400000,1770814800000,0.2396,0.2428914285714286,1.0,0.91265,0.08735,tp,-2.128
SUIUSDT,long,1770814800000,1770818400000,0.8972,0.8854828571428571,-1.0,-1.09189,0.09189,sl,-1.6544
ADAUSDT,long,1770814800000,1770818400000,0.2543,0.2570171428571429,1.0,0.88769,0.11231,tp,-1.9032
XLMUSDT,long,1770814800000,1770818400000,0.15343,0.15488628571428573,1.0,0.87357,0.12643,tp,-1.829
BTCUSDT,long,1770829200000,1770832800000,65996.8,67017.43428571429,1.0,0.9224,0.0776,tp,-2.2202
LINKUSDT,long,1770829200000,1770832800000,8.168,8.31482857142857,1.0,0.93324,0.06676,tp,-1.8884
SUIUSDT,long,1770829200000,1770829200000,0.8769,0.8953628571428571,1.0,0.94301,0.05699,tp,-2.1047
SOLUSDT,long,1770829200000,1770836400000,78.65,80.21514285714287,1.0,0.9397,0.0603,tp,-2.2883
ADAUSDT,long,1770829200000,1770829200000,0.2514,0.25572,1.0,0.93017,0.06983,tp,-2.0602
LTCUSDT,long,1770829200000,1770832800000,51.21,51.996,1.0,0.92182,0.07818,tp,-2.2262
ONDOUSDT,long,1770829200000,1770829200000,0.2371,0.24210571428571429,1.0,0.94316,0.05684,tp,-2.0647
BCHUSDT,long,1770829200000,1770832800000,510.9,517.7914285714286,1.0,0.91104,0.08896,tp,-1.7826
XLMUSDT,long,1770829200000,1770829200000,0.15078,0.1530342857142857,1.0,0.91974,0.08026,tp,-2.4297
SOLUSDT,long,1770843600000,1770883200000,79.57,80.71,0.71047,0.65096,0.05951,time,-1.5384
ATOMUSDT,short,1770872400000,1770879600000,1.9641,1.9944085714285713,-1.0,-1.07776,0.07776,sl,2.1218
BCHUSDT,long,1770872400000,1770901200000,510.2,516.5514285714286,1.0,0.90361,0.09639,tp,-2.0352
ATOMUSDT,short,1770886800000,1770890400000,2.0083,1.9840514285714288,1.0,0.90061,0.09939,tp,3.2444
ONDOUSDT,short,1770886800000,1770886800000,0.2501,0.2538628571428571,-1.0,-1.07976,0.07976,sl,1.7028
ONDOUSDT,short,1770901200000,1770908400000,0.2542,0.2500857142857143,1.0,0.92586,0.07414,tp,1.9346
XLMUSDT,short,1770901200000,1770908400000,0.16041,0.16190571428571426,-1.0,-1.1287,0.1287,sl,1.8198
BTCUSDT,long,1770915600000,1770948000000,65815.2,66632.50285714286,1.0,0.90337,0.09663,tp,-2.1051
LINKUSDT,long,1770915600000,1770922800000,8.208,8.329371428571429,1.0,0.91885,0.08115,tp,-1.6774
SOLUSDT,long,1770915600000,1770922800000,78.29,77.07114285714286,-1.0,-1.07708,0.07708,sl,-2.0205
LTCUSDT,long,1770915600000,1770922800000,51.69,52.318285714285715,1.0,0.90127,0.09873,tp,-1.5958
BCHUSDT,long,1770915600000,1770922800000,497.1,503.52000000000004,1.0,0.90708,0.09292,tp,-3.993
SOLUSDT,long,1770930000000,1770937200000,76.89,78.32314285714286,1.0,0.93562,0.06438,tp,-2.5557
BCHUSDT,long,1770930000000,1770937200000,500.2,506.86,1.0,0.90987,0.09013,tp,-2.1132
BCHUSDT,short,1770973200000,1770980400000,520.3,526.6857142857143,-1.0,-1.09777,0.09777,sl,1.5239
ATOMUSDT,short,1770987600000,1770987600000,2.0123,2.0334457142857145,-1.0,-1.1142,0.1142,sl,1.9105
BCHUSDT,short,1770987600000,1770991200000,525.8,532.3485714285714,-1.0,-1.09635,0.09635,sl,1.9785
BTCUSDT,short,1771002000000,1771041600000,68922.2,68750.1,0.23087,0.11992,0.11095,time,2.5445
LINKUSDT,short,1771002000000,1771041600000,8.845,8.841,0.03225,-0.05333,0.08558,time,4.2922
SUIUSDT,short,1771002000000,1771041600000,0.9721,0.965,0.42632,0.35627,0.07004,time,3.3136
SOLUSDT,short,1771002000000,1771005600000,84.15,85.53,-1.0,-1.07317,0.07317,sl,3.2343
ADAUSDT,short,1771002000000,1771030800000,0.273,0.27688285714285715,-1.0,-1.08437,0.08437,sl,3.139
LTCUSDT,short,1771002000000,1771041600000,55.09,55.24,-0.22876,-0.32958,0.10082,time,3.6195
ATOMUSDT,short,1771002000000,1771016400000,2.0797,2.1075571428571425,-1.0,-1.08959,0.08959,sl,3.5417
ONDOUSDT,short,1771002000000,1771027200000,0.2633,0.26750857142857143,-1.0,-1.07508,0.07508,sl,2.8216
BCHUSDT,short,1771002000000,1771005600000,544.9,552.7685714285715,-1.0,-1.0831,0.0831,sl,3.3478
XLMUSDT,short,1771002000000,1771041600000,0.16525,0.16626,-0.45147,-0.54011,0.08864,time,3.5401
SOLUSDT,short,1771016400000,1771056000000,84.74,86.26657142857142,-1.0,-1.06661,0.06661,sl,2.3822
BCHUSDT,short,1771016400000,1771016400000,552.9,562.0885714285714,-1.0,-1.07221,0.07221,sl,2.5234
ATOMUSDT,short,1771030800000,1771070400000,2.1204,2.1382,-0.59691,-0.68224,0.08533,time,2.4517
BCHUSDT,short,1771030800000,1771070400000,563.8,560.4,0.29188,0.2338,0.05808,time,2.3703
ADAUSDT,short,1771045200000,1771056000000,0.2756,0.2791314285714286,-1.0,-1.09365,0.09365,sl,1.8443
ONDOUSDT,short,1771045200000,1771045200000,0.2752,0.27089714285714284,1.0,0.92325,0.07675,tp,2.6685
BTCUSDT,short,1771059600000,1771066800000,69713.0,70066.80285714286,-1.0,-1.23645,0.23645,sl,1.7853
LINKUSDT,short,1771059600000,1771066800000,8.957,9.03397142857143,-1.0,-1.13964,0.13964,sl,1.8909
SUIUSDT,short,1771059600000,1771066800000,0.9834,0.9947828571428572,-1.0,-1.10367,0.10367,sl,1.8488
LTCUSDT,short,1771059600000,1771074000000,55.61,55.189142857142855,1.0,0.84144,0.15856,tp,1.6334
ONDOUSDT,short,1771059600000,1771066800000,0.2782,0.28218571428571426,-1.0,-1.08376,0.08376,sl,2.4304
XLMUSDT,short,1771059600000,1771066800000,0.16927,0.17080085714285714,-1.0,-1.13269,0.13269,sl,2.1401
SUIUSDT,short,1771074000000,1771077600000,0.9896,1.0030485714285715,-1.0,-1.0883,0.0883,sl,1.6707
ADAUSDT,short,1771074000000,1771077600000,0.2817,0.2846142857142857,-1.0,-1.11599,0.11599,sl,2.039
ONDOUSDT,short,1771074000000,1771088400000,0.2811,0.28571142857142856,-1.0,-1.07315,0.07315,sl,2.0797
XLMUSDT,short,1771074000000,1771074000000,0.16969,0.16799028571428573,1.0,0.8802,0.1198,tp,1.7254
LINKUSDT,short,1771088400000,1771095600000,9.063,9.148714285714286,-1.0,-1.12688,0.12688,sl,1.6392
SUIUSDT,short,1771088400000,1771092000000,1.0095,1.0260257142857143,-1.0,-1.0733,0.0733,sl,1.9746
SOLUSDT,short,1771088400000,1771128000000,88.07,89.01285714285713,-1.0,-1.11209,0.11209,sl,1.7214
ADAUSDT,short,1771088400000,1771092000000,0.2895,0.2932628571428571,-1.0,-1.09232,0.09232,sl,2.4932
LTCUSDT,short,1771088400000,1771092000000,56.41,55.89828571428571,1.0,0.86772,0.13228,tp,1.7216
ATOMUSDT,short,1771088400000,1771095600000,2.1757,2.1955685714285713,-1.0,-1.13141,0.13141,sl,1.6524
XLMUSDT,short,1771088400000,1771092000000,0.17239,0.17435285714285712,-1.0,-1.10539,0.10539,sl,1.8776
LINKUSDT,short,1771102800000,1771113600000,9.137,9.0326,1.0,0.89498,0.10502,tp,1.6397
SUIUSDT,short,1771102800000,1771120800000,1.0326,1.0123971428571428,1.0,0.93867,0.06133,tp,2.1722
ADAUSDT,short,1771102800000,1771124400000,0.2971,0.29237714285714284,1.0,0.92451,0.07549,tp,2.5458
ATOMUSDT,short,1771102800000,1771113600000,2.1952,2.1704885714285713,1.0,0.8934,0.1066,tp,1.616
ONDOUSDT,short,1771102800000,1771120800000,0.2934,0.2881457142857143,1.0,0.93299,0.06701,tp,2.1054
XLMUSDT,short,1771102800000,1771124400000,0.17401,0.17642714285714287,-1.0,-1.08639,0.08639,sl,1.6937
ADAUSDT,short,1771131600000,1771149600000,0.2974,0.2918542857142857,1.0,0.93565,0.06435,tp,1.6331
XLMUSDT,short,1771131600000,1771131600000,0.17746,0.180088,-1.0,-1.08103,0.08103,sl,1.6822
XLMUSDT,short,1771146000000,1771153200000,0.17878,0.17540971428571428,1.0,0.93634,0.06366,tp,1.551
BTCUSDT,long,1771189200000,1771228800000,68423.0,68729.0,0.46433,0.33974,0.12459,time,-1.7427
LINKUSDT,long,1771189200000,1771200000000,8.658,8.804485714285715,1.0,0.92907,0.07093,tp,-2.0791
LTCUSDT,long,1771189200000,1771218000000,54.54,53.71028571428571,-1.0,-1.07888,0.07888,sl,-1.8996
BCHUSDT,long,1771189200000,1771210800000,554.2,560.4742857142858,1.0,0.89401,0.10599,tp,-1.6332
BCHUSDT,short,1771218000000,1771218000000,568.3,562.2657142857142,1.0,0.88699,0.11301,tp,1.7766
ATOMUSDT,short,1771246800000,1771246800000,2.2291,2.199922857142857,1.0,0.90832,0.09168,tp,2.5615
BCHUSDT,short,1771246800000,1771246800000,567.6,561.2485714285715,1.0,0.89276,0.10724,tp,1.849
BTCUSDT,long,1771261200000,1771275600000,67844.8,68600.57714285715,1.0,0.89228,0.10772,tp,-1.8244
SOLUSDT,long,1771261200000,1771272000000,83.92,85.31114285714285,1.0,0.92761,0.07239,tp,-1.7415
LTCUSDT,long,1771261200000,1771268400000,53.55,54.33,1.0,0.91762,0.08238,tp,-1.916
ATOMUSDT,short,1771261200000,1771268400000,2.2196,2.2588057142857143,-1.0,-1.06794,0.06794,sl,1.912
ATOMUSDT,short,1771275600000,1771279200000,2.2319,2.2765314285714284,-1.0,-1.06001,0.06001,sl,1.88
BCHUSDT,short,1771275600000,1771300800000,571.7,563.6171428571429,1.0,0.91512,0.08488,tp,2.7929
ATOMUSDT,short,1771290000000,1771329600000,2.2694,2.2518,0.33231,0.28089,0.05142,time,2.0203
XLMUSDT,long,1771333200000,1771333200000,0.16537,0.16677399999999998,1.0,0.85866,0.14134,tp,-2.0784
BTCUSDT,long,1771347600000,1771351200000,67495.9,68178.49428571427,1.0,0.88134,0.11866,tp,-1.8213
BTCUSDT,long,1771376400000,1771398000000,67269.3,68038.05428571429,1.0,0.89499,0.10501,tp,-1.7212
XLMUSDT,long,1771376400000,1771394400000,0.16514,0.16725371428571428,1.0,0.90625,0.09375,tp,-1.6555
SUIUSDT,long,1771419600000,1771419600000,0.9565,0.9466,-1.0,-1.11594,0.11594,sl,-1.6259
SOLUSDT,long,1771419600000,1771423200000,82.92,81.94200000000001,-1.0,-1.10174,0.10174,sl,-2.1622
BTCUSDT,long,1771434000000,1771437600000,67102.7,66460.98285714285,-1.0,-1.12548,0.12548,sl,-1.5619
LINKUSDT,long,1771434000000,1771437600000,8.709,8.605371428571429,-1.0,-1.10085,0.10085,sl,-1.8924
SUIUSDT,long,1771434000000,1771441200000,0.9497,0.9369457142857143,-1.0,-1.08935,0.08935,sl,-2.0269
SOLUSDT,long,1771434000000,1771437600000,82.23,81.09514285714286,-1.0,-1.08695,0.08695,sl,-2.3825
ATOMUSDT,short,1771434000000,1771437600000,2.4598,2.411757142857143,1.0,0.93856,0.06144,tp,4.7129
ONDOUSDT,long,1771434000000,1771437600000,0.2708,0.26726,-1.0,-1.0918,0.0918,sl,-2.1818
XLMUSDT,long,1771434000000,1771437600000,0.16422,0.16235914285714287,-1.0,-1.1059,0.1059,sl,-1.9607
BTCUSDT,long,1771448400000,1771470000000,66231.4,66977.12285714285,1.0,0.89342,0.10658,tp,-2.5129
LINKUSDT,long,1771448400000,1771466400000,8.556,8.678914285714285,1.0,0.91647,0.08353,tp,-3.1674
SUIUSDT,long,1771448400000,1771488000000,0.9318,0.9163285714285714,-1.0,-1.07227,0.07227,sl,-2.8122
SOLUSDT,long,1771448400000,1771484400000,81.25,82.522,1.0,0.92335,0.07665,tp,-2.3473
ADAUSDT,long,1771448400000,1771488000000,0.2738,0.2738,0.0,-0.07219,0.07219,time,-3.0155
LTCUSDT,long,1771448400000,1771488000000,53.09,52.78,-0.48287,-0.5821,0.09923,time,-2.3037
ATOMUSDT,short,1771448400000,1771452000000,2.3863,2.3240542857142854,1.0,0.954,0.046,tp,1.7605
ONDOUSDT,long,1771448400000,1771488000000,0.265,0.2626,-0.56566,-0.64061,0.07495,time,-3.4563
BCHUSDT,long,1771448400000,1771462800000,552.5,558.9971428571429,1.0,0.89796,0.10204,tp,-2.0592
XLMUSDT,long,1771448400000,1771488000000,0.1614,0.16029,-0.50764,-0.59622,0.08858,time,-2.9527
ONDOUSDT,long,1771506000000,1771506000000,0.2593,0.25654,-1.0,-1.11274,0.11274,sl,-2.305
BCHUSDT,long,1771506000000,1771506000000,545.4,539.8457142857143,-1.0,-1.11783,0.11783,sl,-2.7434
XLMUSDT,long,1771506000000,1771506000000,0.15912,0.15780257142857143,-1.0,-1.14494,0.14494,sl,-1.887
ONDOUSDT,long,1771520400000,1771520400000,0.2575,0.26084285714285715,1.0,0.90756,0.09244,tp,-2.0028
XLMUSDT,long,1771520400000,1771520400000,0.15821,0.15990971428571427,1.0,0.8883,0.1117,tp,-1.7673
ONDOUSDT,short,1771606800000,1771606800000,0.2698,0.2653857142857143,1.0,0.92666,0.07334,tp,1.9332
XLMUSDT,short,1771606800000,1771606800000,0.16336,0.16126428571428572,1.0,0.90646,0.09354,tp,1.9299
ONDOUSDT,short,1771664400000,1771664400000,0.2704,0.27294571428571424,-1.0,-1.12746,0.12746,sl,1.8416
BCHUSDT,short,1771678800000,1771682400000,569.2,573.4342857142858,-1.0,-1.16131,0.16131,sl,1.5726
XLMUSDT,long,1771736400000,1771776000000,0.15573,0.15475,-0.5197,-0.6188,0.0991,time,-3.4887
ONDOUSDT,long,1771750800000,1771754400000,0.2615,0.26397714285714285,1.0,0.87332,0.12668,tp,-1.8482
BCHUSDT,short,1771750800000,1771754400000,575.2,568.5571428571429,1.0,0.89609,0.10391,tp,1.7486
ONDOUSDT,long,1771765200000,1771772400000,0.2622,0.25951714285714284,-1.0,-1.11728,0.11728,sl,-1.6056
ONDOUSDT,long,1771779600000,1771804800000,0.2609,0.2581657142857143,-1.0,-1.1145,0.1145,sl,-1.9928
XLMUSDT,long,1771794000000,1771804800000,0.15445,0.15327742857142856,-1.0,-1.15806,0.15806,sl,-1.508
ONDOUSDT,long,1771822800000,1771826400000,0.2484,0.2519571428571429,1.0,0.9162,0.0838,tp,-2.8088
BCHUSDT,long,1771822800000,1771855200000,538.8,531.7971428571428,-1.0,-1.09233,0.09233,sl,-3.5393
XLMUSDT,long,1771822800000,1771826400000,0.15014,0.15181142857142857,1.0,0.89221,0.10779,tp,-1.9536
ONDOUSDT,long,1771837200000,1771837200000,0.2515,0.2552714285714286,1.0,0.91998,0.08002,tp,-1.7225
ONDOUSDT,long,1771866000000,1771866000000,0.2502,0.24625714285714284,-1.0,-1.07615,0.07615,sl,-1.665
BCHUSDT,long,1771866000000,1771873200000,530.6,524.5057142857144,-1.0,-1.10448,0.10448,sl,-2.027
ONDOUSDT,long,1771880400000,1771894800000,0.2482,0.2441114285714286,-1.0,-1.07285,0.07285,sl,-1.6845
BCHUSDT,long,1771880400000,1771884000000,494.7,503.9657142857143,1.0,0.93593,0.06407,tp,-3.5293
BCHUSDT,long,1771894800000,1771898400000,497.3,487.08285714285716,-1.0,-1.05841,0.05841,sl,-2.2533
ONDOUSDT,long,1771909200000,1771941600000,0.2451,0.24895714285714288,1.0,0.92375,0.07625,tp,-1.6927
BCHUSDT,long,1771909200000,1771927200000,487.7,477.10571428571427,-1.0,-1.05524,0.05524,sl,-1.9684
XLMUSDT,long,1771909200000,1771938000000,0.14961,0.14770885714285714,-1.0,-1.09443,0.09443,sl,-1.8345
BCHUSDT,long,1771938000000,1771956000000,475.8,483.69428571428574,1.0,0.92767,0.07233,tp,-1.6107
ONDOUSDT,short,1772024400000,1772028000000,0.2625,0.2667771428571429,-1.0,-1.07365,0.07365,sl,3.1087
XLMUSDT,short,1772024400000,1772028000000,0.15681,0.15879000000000001,-1.0,-1.09504,0.09504,sl,2.7661
ONDOUSDT,short,1772038800000,1772038800000,0.2748,0.2792828571428571,-1.0,-1.07356,0.07356,sl,3.8916
BCHUSDT,short,1772038800000,1772056800000,513.4,504.88,1.0,0.92769,0.07231,tp,1.5473
XLMUSDT,short,1772038800000,1772038800000,0.16373,0.16589257142857142,-1.0,-1.09085,0.09085,sl,4.1601
ONDOUSDT,short,1772053200000,1772056800000,0.2875,0.28235714285714286,1.0,0.93292,0.06708,tp,3.3783
XLMUSDT,short,1772053200000,1772060400000,0.16705,0.16456257142857142,1.0,0.91941,0.08059,tp,2.9548
XLMUSDT,short,1772067600000,1772107200000,0.16327,0.16414,-0.26153,-0.32043,0.0589,time,1.5298
BCHUSDT,long,1772125200000,1772164800000,480.4,486.82,1.0,0.91021,0.08979,tp,-1.5616
BCHUSDT,long,1772197200000,1772197200000,472.7,466.7685714285714,-1.0,-1.09563,0.09563,sl,-1.5796
XLMUSDT,long,1772197200000,1772229600000,0.15867,0.15650657142857144,-1.0,-1.08801,0.08801,sl,-1.8023
ONDOUSDT,long,1772211600000,1772229600000,0.2565,0.25206,-1.0,-1.06932,0.06932,sl,-1.9108
BCHUSDT,long,1772211600000,1772229600000,464.8,457.9428571428572,-1.0,-1.08134,0.08134,sl,-1.8196
ONDOUSDT,long,1772254800000,1772258400000,0.255,0.25175142857142857,-1.0,-1.0942,0.0942,sl,-1.5276
ONDOUSDT,long,1772269200000,1772283600000,0.2417,0.24605428571428573,1.0,0.93339,0.06661,tp,-2.8994
BCHUSDT,long,1772269200000,1772283600000,443.6,449.81428571428575,1.0,0.91434,0.08566,tp,-2.2529
XLMUSDT,long,1772269200000,1772283600000,0.14858,0.1508702857142857,1.0,0.92215,0.07785,tp,-3.5575
BCHUSDT,long,1772298000000,1772308800000,444.6,452.34857142857146,1.0,0.93115,0.06885,tp,-1.5714
BCHUSDT,long,1772384400000,1772395200000,439.7,433.09999999999997,-1.0,-1.07995,0.07995,sl,-1.7495
ONDOUSDT,short,1772470800000,1772470800000,0.2671,0.26230000000000003,1.0,0.93322,0.06678,tp,1.9103
XLMUSDT,long,1772514000000,1772532000000,0.15207,0.14951228571428574,-1.0,-1.07135,0.07135,sl,-1.5543
BCHUSDT,long,1772528400000,1772553600000,436.4,442.5542857142857,1.0,0.91491,0.08509,tp,-1.6897
XLMUSDT,long,1772542800000,1772553600000,0.15038,0.1524002857142857,1.0,0.91068,0.08932,tp,-1.7097
ONDOUSDT,short,1772614800000,1772614800000,0.2674,0.27205428571428575,-1.0,-1.06894,0.06894,sl,2.9102
BCHUSDT,short,1772614800000,1772632800000,457.6,464.1914285714286,-1.0,-1.08331,0.08331,sl,4.2078
ONDOUSDT,short,1772629200000,1772632800000,0.2646,0.2699742857142857,-1.0,-1.05908,0.05908,sl,1.502
ONDOUSDT,short,1772643600000,1772665200000,0.2751,0.26866285714285715,1.0,0.94872,0.05128,tp,2.7571
BCHUSDT,short,1772643600000,1772668800000,469.4,460.8457142857143,1.0,0.93415,0.06585,tp,2.9064
XLMUSDT,short,1772643600000,1772647200000,0.15862,0.16147857142857144,-1.0,-1.06659,0.06659,sl,1.9036
XLMUSDT,short,1772658000000,1772661600000,0.16421,0.16080714285714284,1.0,0.94209,0.05791,tp,3.1791
ONDOUSDT,long,1772802000000,1772802000000,0.2608,0.25755142857142854,-1.0,-1.09634,0.09634,sl,-1.8248
BCHUSDT,long,1772802000000,1772802000000,451.6,447.8457142857143,-1.0,-1.14435,0.14435,sl,-2.2662
ONDOUSDT,long,1772816400000,1772856000000,0.253,0.2528,-0.04996,-0.12581,0.07585,time,-2.8781
BCHUSDT,long,1772816400000,1772816400000,445.3,450.2114285714286,1.0,0.8912,0.1088,tp,-2.4729
XLMUSDT,long,1772816400000,1772852400000,0.15096,0.1531654285714286,1.0,0.91786,0.08214,tp,-3.0304
BCHUSDT,long,1772830800000,1772870400000,448.0,451.0,0.53191,0.4366,0.09532,time,-1.6695
ONDOUSDT,long,1772946000000,1772946000000,0.244,0.24634857142857142,1.0,0.87533,0.12467,tp,-1.6983
XLMUSDT,long,1772946000000,1772946000000,0.14793,0.14915914285714285,1.0,0.85558,0.14442,tp,-1.6537
ONDOUSDT,long,1772989200000,1772996400000,0.2442,0.24708857142857144,1.0,0.89855,0.10145,tp,-1.8404
BCHUSDT,long,1772989200000,1772996400000,443.5,447.3485714285714,1.0,0.86171,0.13829,tp,-3.4661
XLMUSDT,long,1772989200000,1772996400000,0.14796,0.14946514285714285,1.0,0.88204,0.11796,tp,-2.2754
BCHUSDT,long,1773018000000,1773025200000,444.3,449.1171428571429,1.0,0.88932,0.11068,tp,-1.9543
ONDOUSDT,short,1773090000000,1773108000000,0.2537,0.2576685714285714,-1.0,-1.07671,0.07671,sl,2.3087
XLMUSDT,short,1773090000000,1773108000000,0.15215,0.154232,-1.0,-1.08769,0.08769,sl,2.3825
ONDOUSDT,short,1773118800000,1773133200000,0.2562,0.26044285714285714,-1.0,-1.07246,0.07246,sl,2.233
XLMUSDT,short,1773118800000,1773129600000,0.15443,0.1564057142857143,-1.0,-1.0938,0.0938,sl,3.0106
ONDOUSDT,short,1773147600000,1773151200000,0.2592,0.26262857142857143,-1.0,-1.09072,0.09072,sl,1.9019
XLMUSDT,short,1773147600000,1773151200000,0.16072,0.16281142857142858,-1.0,-1.09222,0.09222,sl,2.7223
ONDOUSDT,short,1773162000000,1773165600000,0.2639,0.2593657142857143,1.0,0.93016,0.06984,tp,2.2934
XLMUSDT,short,1773162000000,1773162000000,0.1661,0.163106,1.0,0.93343,0.06657,tp,2.832
BCHUSDT,short,1773248400000,1773280800000,456.8,451.7342857142857,1.0,0.89179,0.10821,tp,3.4192
BCHUSDT,short,1773320400000,1773324000000,458.2,454.86571428571426,1.0,0.8351,0.1649,tp,1.5031
ONDOUSDT,short,1773363600000,1773378000000,0.264,0.26808,-1.0,-1.07765,0.07765,sl,4.0117
BCHUSDT,short,1773363600000,1773363600000,464.6,469.8971428571429,-1.0,-1.10525,0.10525,sl,3.0691
XLMUSDT,short,1773363600000,1773388800000,0.162,0.16412828571428573,-1.0,-1.09134,0.09134,sl,2.3496
BCHUSDT,short,1773378000000,1773406800000,467.2,473.49142857142857,-1.0,-1.08911,0.08911,sl,2.6971
ONDOUSDT,short,1773392400000,1773403200000,0.2667,0.2706085714285714,-1.0,-1.08188,0.08188,sl,2.097
XLMUSDT,short,1773406800000,1773410400000,0.16646,0.1644817142857143,1.0,0.89903,0.10097,tp,2.9631
XLMUSDT,short,1773536400000,1773540000000,0.16564,0.16721714285714287,-1.0,-1.12603,0.12603,sl,1.5061
XLMUSDT,short,1773550800000,1773554400000,0.16777,0.16631285714285715,1.0,0.86184,0.13816,tp,2.576
XLMUSDT,short,1773565200000,1773579600000,0.16711,0.1687222857142857,-1.0,-1.12438,0.12438,sl,1.751
ONDOUSDT,short,1773608400000,1773612000000,0.267,0.26953714285714286,-1.0,-1.12628,0.12628,sl,1.7466
ONDOUSDT,short,1773622800000,1773630000000,0.2703,0.27362571428571425,-1.0,-1.09753,0.09753,sl,2.3128
ONDOUSDT,short,1773637200000,1773644400000,0.2786,0.2828942857142857,-1.0,-1.07785,0.07785,sl,3.6391
BCHUSDT,short,1773637200000,1773655200000,470.4,474.85714285714283,-1.0,-1.12665,0.12665,sl,1.9347
XLMUSDT,short,1773637200000,1773648000000,0.17131,0.17375885714285713,-1.0,-1.08395,0.08395,sl,2.5781
ONDOUSDT,short,1773651600000,1773666000000,0.2796,0.28434000000000004,-1.0,-1.07078,0.07078,sl,2.3497
BCHUSDT,short,1773666000000,1773666000000,474.9,479.53714285714284,-1.0,-1.12289,0.12289,sl,2.2998
XLMUSDT,short,1773666000000,1773673200000,0.1722,0.17478942857142857,-1.0,-1.0798,0.0798,sl,1.8244
ONDOUSDT,short,1773680400000,1773694800000,0.2831,0.2880285714285714,-1.0,-1.06893,0.06893,sl,1.8804
BCHUSDT,short,1773680400000,1773716400000,478.8,473.63142857142856,1.0,0.88884,0.11116,tp,2.6014
XLMUSDT,short,1773680400000,1773705600000,0.17405,0.176984,-1.0,-1.07119,0.07119,sl,2.1242
ETHUSDT,short,1773709200000,1773716400000,2356.63,2317.689142857143,1.0,0.92738,0.07262,tp,1.7373
DOTUSDT,short,1773709200000,1773716400000,1.6328,1.5986942857142858,1.0,0.94255,0.05745,tp,1.5734
ONDOUSDT,short,1773709200000,1773716400000,0.2898,0.2853342857142857,1.0,0.92213,0.07787,tp,1.8876
BCHUSDT,long,1773824400000,1773831600000,468.9,466.13142857142856,-1.0,-1.20324,0.20324,sl,-1.7769
ETHUSDT,long,1773838800000,1773842400000,2236.3,2211.6734285714288,-1.0,-1.10897,0.10897,sl,-4.1137
ONDOUSDT,long,1773838800000,1773842400000,0.2694,0.2656628571428571,-1.0,-1.0865,0.0865,sl,-4.0422
BCHUSDT,long,1773838800000,1773842400000,456.3,452.9742857142857,-1.0,-1.16464,0.16464,sl,-4.6682
XLMUSDT,long,1773838800000,1773842400000,0.16853,0.16632114285714286,-1.0,-1.09156,0.09156,sl,-3.7
ETHUSDT,long,1773853200000,1773853200000,2180.26,2209.878571428572,1.0,0.91167,0.08833,tp,-3.7121
DOTUSDT,long,1773853200000,1773874800000,1.5529,1.5768485714285714,1.0,0.92219,0.07781,tp,-2.8437
ONDOUSDT,long,1773853200000,1773856800000,0.263,0.2671914285714286,1.0,0.9247,0.0753,tp,-3.3038
BCHUSDT,long,1773853200000,1773853200000,447.9,451.73999999999995,1.0,0.86003,0.13997,tp,-3.3052
XLMUSDT,long,1773853200000,1773856800000,0.16715,0.1695937142857143,1.0,0.91792,0.08208,tp,-2.7403
ETHUSDT,long,1773867600000,1773889200000,2186.38,2222.096285714286,1.0,0.92654,0.07346,tp,-2.3202
ONDOUSDT,long,1773867600000,1773903600000,0.2652,0.26064,-1.0,-1.06979,0.06979,sl,-2.0062
BCHUSDT,long,1773867600000,1773889200000,454.5,459.3257142857143,1.0,0.88698,0.11302,tp,-1.6805
DOTUSDT,long,1773896400000,1773903600000,1.5525,1.5316114285714286,-1.0,-1.08919,0.08919,sl,-1.5225
ETHUSDT,long,1773910800000,1773910800000,2159.51,2186.461142857143,1.0,0.90385,0.09615,tp,-1.6817
DOTUSDT,long,1773910800000,1773925200000,1.53,1.5119314285714285,-1.0,-1.10161,0.10161,sl,-1.9244
ONDOUSDT,long,1773910800000,1773921600000,0.2605,0.2576542857142857,-1.0,-1.10985,0.10985,sl,-1.7366
XLMUSDT,long,1773910800000,1773921600000,0.16707,0.1652785714285714,-1.0,-1.11191,0.11191,sl,-1.5177
ETHUSDT,long,1773925200000,1773928800000,2131.41,2104.3002857142856,-1.0,-1.09435,0.09435,sl,-1.8278
ETHUSDT,long,1773939600000,1773946800000,2114.18,2146.8954285714285,1.0,0.92245,0.07755,tp,-1.7045
DOTUSDT,long,1773939600000,1773946800000,1.509,1.5289542857142857,1.0,0.90925,0.09075,tp,-1.796
ONDOUSDT,long,1773939600000,1773946800000,0.2541,0.2575542857142857,1.0,0.91173,0.08827,tp,-1.7962
XLMUSDT,long,1773939600000,1773946800000,0.16385,0.16590971428571427,1.0,0.90454,0.09546,tp,-1.8885
LINKUSDT,long,1773993600000,1773993600000,9.11,9.186885714285713,1.0,0.85781,0.14219,tp,-1.5114
SUIUSDT,long,1773993600000,1774008000000,0.9748,0.9640771428571429,-1.0,-1.10909,0.10909,sl,-1.9256
SOLUSDT,long,1773993600000,1773993600000,89.32,90.11285714285714,1.0,0.86481,0.13519,tp,-1.5286
ADAUSDT,long,1773993600000,1773993600000,0.2699,0.2724885714285714,1.0,0.87488,0.12512,tp,-1.7171
LTCUSDT,long,1773993600000,1773997200000,55.96,55.521142857142856,-1.0,-1.15302,0.15302,sl,-2.5585
BTCUSDT,short,1773997200000,1774000800000,71006.4,70195.57714285713,1.0,0.89491,0.10509,tp,6.881
ATOMUSDT,long,1773997200000,1774036800000,1.8181,1.8108,-0.09934,-0.12903,0.02969,time,-8.6882
BCHUSDT,short,1773997200000,1773997200000,469.7,465.48285714285714,1.0,0.86635,0.13365,tp,2.526
BTCUSDT,short,1774011600000,1774018800000,70307.1,69433.42285714287,1.0,0.90343,0.09657,tp,2.5688
LINKUSDT,short,1774011600000,1774051200000,9.068,9.13,-0.46219,-0.54331,0.08112,time,2.0052
SOLUSDT,short,1774011600000,1774051200000,89.07,89.97,-0.53736,-0.60118,0.06382,time,2.3652
ADAUSDT,long,1774011600000,1774026000000,0.267,0.2641457142857143,-1.0,-1.11225,0.11225,sl,-2.1764
LTCUSDT,short,1774011600000,1774040400000,55.34,56.08571428571429,-1.0,-1.08905,0.08905,sl,1.92
BCHUSDT,short,1774011600000,1774044000000,466.8,472.1314285714286,-1.0,-1.10507,0.10507,sl,2.0432
BTCUSDT,short,1774026000000,1774044000000,69799.7,70780.07428571428,-1.0,-1.08544,0.08544,sl,1.6533
ADAUSDT,long,1774040400000,1774040400000,0.2636,0.26667714285714283,1.0,0.8972,0.1028,tp,-1.8105
DOTUSDT,long,1774040400000,1774080000000,1.5065,1.4997,-0.37037,-0.46883,0.09846,time,-1.6025
XLMUSDT,long,1774040400000,1774044000000,0.1641,0.16589142857142855,1.0,0.89008,0.10992,tp,-1.6921
BTCUSDT,short,1774054800000,1774094400000,70650.9,70672.9,-0.03318,-0.16104,0.12787,time,1.5873
LTCUSDT,short,1774054800000,1774090800000,56.38,55.918000000000006,1.0,0.85356,0.14644,tp,1.9025
BCHUSDT,short,1774054800000,1774072800000,472.3,466.8571428571429,1.0,0.89587,0.10413,tp,1.8838
DOTUSDT,long,1774098000000,1774105200000,1.4908,1.5027742857142856,1.0,0.8506,0.1494,tp,-2.0059
ETHUSDT,long,1774141200000,1774144800000,2086.42,2105.4305714285715,1.0,0.8683,0.1317,tp,-4.5701
ADAUSDT,long,1774141200000,1774148400000,0.2569,0.2595314285714286,1.0,0.88285,0.11715,tp,-2.6086
DOTUSDT,long,1774141200000,1774148400000,1.4643,1.4794542857142856,1.0,0.88405,0.11595,tp,-2.6872
ONDOUSDT,long,1774141200000,1774148400000,0.2524,0.25487714285714286,1.0,0.87773,0.12227,tp,-4.5174
BCHUSDT,long,1774141200000,1774148400000,458.1,461.5028571428572,1.0,0.83845,0.16155,tp,-2.9054
XLMUSDT,long,1774141200000,1774144800000,0.16157,0.16283942857142855,1.0,0.84727,0.15273,tp,-4.0256
ADAUSDT,long,1774155600000,1774166400000,0.2584,0.2552885714285715,-1.0,-1.09966,0.09966,sl,-1.8648
DOTUSDT,long,1774155600000,1774162800000,1.4749,1.4575257142857143,-1.0,-1.10187,0.10187,sl,-1.5357
ONDOUSDT,long,1774155600000,1774162800000,0.2548,0.25189428571428574,-1.0,-1.10523,0.10523,sl,-1.7808
XLMUSDT,long,1774155600000,1774162800000,0.16231,0.1608254285714286,-1.0,-1.1312,0.1312,sl,-2.1125
ETHUSDT,long,1774170000000,1774202400000,2085.41,2060.790285714286,-1.0,-1.10165,0.10165,sl,-2.5155
BTCUSDT,long,1774170000000,1774177200000,68757.8,68227.67428571428,-1.0,-1.15564,0.15564,sl,-2.3182
LINKUSDT,long,1774170000000,1774202400000,8.825,8.721457142857142,-1.0,-1.10228,0.10228,sl,-2.3453
SUIUSDT,long,1774170000000,1774202400000,0.9265,0.9149028571428571,-1.0,-1.09587,0.09587,sl,-2.6491
SOLUSDT,long,1774170000000,1774209600000,87.3,86.52,-0.7596,-0.86162,0.10202,time,-2.4238
LTCUSDT,long,1774170000000,1774206000000,54.21,53.718857142857146,-1.0,-1.13245,0.13245,sl,-2.4991
DOTUSDT,long,1774170000000,1774173600000,1.4518,1.4347942857142857,-1.0,-1.10245,0.10245,sl,-2.3446
ATOMUSDT,long,1774170000000,1774180800000,1.7695,1.7871657142857142,1.0,0.8798,0.1202,tp,-2.3461
ONDOUSDT,long,1774170000000,1774177200000,0.2502,0.24719142857142856,-1.0,-1.09979,0.09979,sl,-2.8843
XLMUSDT,long,1774170000000,1774195200000,0.15946,0.15784257142857142,-1.0,-1.11831,0.11831,sl,-3.1536
BTCUSDT,long,1774184400000,1774213200000,68617.5,67993.68857142857,-1.0,-1.132,0.132,sl,-1.8841
ADAUSDT,long,1774184400000,1774202400000,0.2557,0.2523485714285714,-1.0,-1.09155,0.09155,sl,-1.8454
DOTUSDT,long,1774184400000,1774206000000,1.4392,1.4205142857142858,-1.0,-1.09243,0.09243,sl,-2.2472
ONDOUSDT,long,1774184400000,1774206000000,0.2487,0.24534,-1.0,-1.08882,0.08882,sl,-2.2905
ETHUSDT,long,1774213200000,1774213200000,2057.34,2037.6325714285717,-1.0,-1.12527,0.12527,sl,-1.9542
LINKUSDT,long,1774213200000,1774213200000,8.692,8.620600000000001,-1.0,-1.14608,0.14608,sl,-1.9108
SUIUSDT,long,1774213200000,1774213200000,0.9053,0.8966085714285714,-1.0,-1.12499,0.12499,sl,-2.2124
ADAUSDT,long,1774213200000,1774213200000,0.2511,0.24881142857142857,-1.0,-1.13166,0.13166,sl,-2.0851
LTCUSDT,long,1774213200000,1774213200000,53.54,53.184285714285714,-1.0,-1.18062,0.18062,sl,-1.8981
DOTUSDT,long,1774213200000,1774213200000,1.4105,1.3968114285714286,-1.0,-1.12365,0.12365,sl,-2.2868
ATOMUSDT,long,1774213200000,1774213200000,1.7693,1.7546685714285715,-1.0,-1.14511,0.14511,sl,-1.5124
ONDOUSDT,long,1774213200000,1774213200000,0.245,0.2427885714285714,-1.0,-1.13295,0.13295,sl,-2.0488
XLMUSDT,long,1774213200000,1774213200000,0.15673,0.155308,-1.0,-1.13226,0.13226,sl,-2.0788
ETHUSDT,long,1774227600000,1774231200000,2042.38,2066.6028571428574,1.0,0.89882,0.10118,tp,-1.9287
BTCUSDT,long,1774227600000,1774231200000,67639.4,68262.15714285713,1.0,0.86966,0.13034,tp,-1.9549
LINKUSDT,long,1774227600000,1774231200000,8.669,8.7548,1.0,0.87876,0.12124,tp,-1.6697
SUIUSDT,long,1774227600000,1774231200000,0.9052,0.9154257142857143,1.0,0.89377,0.10623,tp,-1.7341
SOLUSDT,long,1774227600000,1774231200000,85.83,86.76,1.0,0.88925,0.11075,tp,-1.9394
ADAUSDT,long,1774227600000,1774231200000,0.2512,0.25393428571428567,1.0,0.88976,0.11024,tp,-1.6267
DOTUSDT,long,1774227600000,1774234800000,1.4203,1.4361742857142856,1.0,0.89263,0.10737,tp,-1.5048
ONDOUSDT,long,1774227600000,1774234800000,0.2456,0.2481114285714286,1.0,0.88265,0.11735,tp,-1.537
XLMUSDT,long,1774227600000,1774238400000,0.15649,0.15805257142857143,1.0,0.87982,0.12018,tp,-1.6635
SUIUSDT,long,1774256400000,1774263600000,0.8955,0.9081428571428571,1.0,0.915,0.085,tp,-1.7024
ADAUSDT,long,1774256400000,1774263600000,0.2491,0.25233142857142854,1.0,0.9075,0.0925,tp,-1.5483
DOTUSDT,long,1774256400000,1774263600000,1.4077,1.4259742857142856,1.0,0.90756,0.09244,tp,-1.5495
ONDOUSDT,long,1774256400000,1774263600000,0.2434,0.2464,1.0,0.90264,0.09736,tp,-1.5149
BTCUSDT,short,1774270800000,1774274400000,70710.8,71720.37714285715,-1.0,-1.08405,0.08405,sl,1.8807
SOLUSDT,short,1774270800000,1774278000000,90.18,91.84542857142858,-1.0,-1.06498,0.06498,sl,1.7821
TAOUSDT,short,1774270800000,1774274400000,284.57,292.7582857142857,-1.0,-1.0417,0.0417,sl,3.2767
BCHUSDT,short,1774270800000,1774285200000,481.8,475.54285714285714,1.0,0.9076,0.0924,tp,5.4634
BNBUSDT,short,1774270800000,1774278000000,644.8,636.8971428571429,1.0,0.90209,0.09791,tp,2.0422
BTCUSDT,short,1774285200000,1774324800000,70538.5,70342.5,0.1744,0.09908,0.07532,time,1.5607
SOLUSDT,short,1774285200000,1774324800000,90.3,90.3,0.0,-0.0593,0.0593,time,1.6548
DOGEUSDT,short,1774285200000,1774288800000,0.09393,0.09557914285714286,-1.0,-1.06835,0.06835,sl,1.5148
TAOUSDT,short,1774285200000,1774306800000,285.09,294.8134285714285,-1.0,-1.03518,0.03518,sl,2.2567
1000PEPEUSDT,short,1774285200000,1774292400000,0.00346,0.0035324285714285713,-1.0,-1.05733,0.05733,sl,2.1706
ETHUSDT,short,1774299600000,1774339200000,2160.69,2153.77,0.14846,0.09284,0.05563,time,1.6671
LINKUSDT,short,1774299600000,1774339200000,9.157,9.199,-0.233,-0.29396,0.06096,time,1.8761
DOGEUSDT,short,1774299600000,1774310400000,0.09497,0.09322657142857142,1.0,0.93463,0.06537,tp,2.0273
LTCUSDT,short,1774299600000,1774339200000,55.64,55.76,-0.15909,-0.24761,0.08852,time,1.6633
1000PEPEUSDT,short,1774299600000,1774306800000,0.003511,0.0034311142857142854,1.0,0.94726,0.05274,tp,2.4219
AVAXUSDT,short,1774299600000,1774339200000,9.526,9.582,-0.28149,-0.33895,0.05746,time,1.6781
BCHUSDT,short,1774299600000,1774317600000,478.1,472.19428571428574,1.0,0.90285,0.09715,tp,1.6914
XLMUSDT,short,1774299600000,1774328400000,0.16657,0.16375342857142858,1.0,0.92903,0.07097,tp,1.9365
TAOUSDT,short,1774314000000,1774317600000,297.46,308.08599999999996,-1.0,-1.03359,0.03359,sl,2.7254
TAOUSDT,short,1774328400000,1774335600000,309.0,319.22142857142853,-1.0,-1.03628,0.03628,sl,2.7171
ADAUSDT,short,1774342800000,1774346400000,0.2665,0.26332857142857147,1.0,0.89916,0.10084,tp,2.0811
DOGEUSDT,short,1774342800000,1774346400000,0.09506,0.09401342857142858,1.0,0.891,0.109,tp,1.5884
TAOUSDT,short,1774342800000,1774350000000,313.41,302.55600000000004,1.0,0.96535,0.03465,tp,2.2182
ONDOUSDT,short,1774342800000,1774350000000,0.2573,0.26041142857142857,-1.0,-1.09923,0.09923,sl,1.9224
TAOUSDT,short,1774357200000,1774375200000,313.74,325.6097142857143,-1.0,-1.03172,0.03172,sl,1.803
DOTUSDT,long,1774357200000,1774368000000,1.3912,1.37374,-1.0,-1.09562,0.09562,sl,-2.0839
ONDOUSDT,short,1774357200000,1774357200000,0.2584,0.25462,1.0,0.91797,0.08203,tp,1.8321
HYPEUSDT,short,1774371600000,1774375200000,39.251,39.89822857142857,-1.0,-1.07277,0.07277,sl,2.595
TAOUSDT,short,1774386000000,1774396800000,332.13,343.374,-1.0,-1.03545,0.03545,sl,2.1331
HYPEUSDT,short,1774386000000,1774396800000,40.195,40.9486,-1.0,-1.064,0.064,sl,3.3194
XLMUSDT,short,1774386000000,1774389600000,0.16998,0.17222657142857142,-1.0,-1.09079,0.09079,sl,1.646
ADAUSDT,short,1774400400000,1774422000000,0.2674,0.27052000000000004,-1.0,-1.10285,0.10285,sl,1.5509
1000PEPEUSDT,short,1774400400000,1774414800000,0.003529,0.0035776857142857145,-1.0,-1.08698,0.08698,sl,1.6181
XLMUSDT,short,1774400400000,1774400400000,0.17636,0.17889971428571427,-1.0,-1.08333,0.08333,sl,2.6782
HYPEUSDT,short,1774414800000,1774432800000,40.338,41.10265714285714,-1.0,-1.0633,0.0633,sl,1.885
XLMUSDT,short,1774414800000,1774418400000,0.17621,0.17930428571428572,-1.0,-1.06834,0.06834,sl,2.0402
LINKUSDT,short,1774429200000,1774440000000,9.362,9.461428571428572,-1.0,-1.11299,0.11299,sl,1.6134
ADAUSDT,short,1774429200000,1774436400000,0.2715,0.27456857142857144,-1.0,-1.10617,0.10617,sl,2.1128
DOGEUSDT,short,1774429200000,1774450800000,0.09695,0.09586657142857143,1.0,0.89262,0.10738,tp,1.981
TAOUSDT,short,1774429200000,1774432800000,346.72,357.7154285714286,-1.0,-1.03784,0.03784,sl,1.8011
1000PEPEUSDT,short,1774429200000,1774450800000,0.003572,0.0035223714285714286,1.0,0.91363,0.08637,tp,1.7496
ONDOUSDT,short,1774429200000,1774450800000,0.2607,0.25748571428571426,1.0,0.90267,0.09733,tp,1.9254
XLMUSDT,short,1774429200000,1774429200000,0.18131,0.17806314285714284,1.0,0.93299,0.06701,tp,2.5161
BNBUSDT,short,1774429200000,1774443600000,647.0,651.2342857142856,-1.0,-1.18336,0.18336,sl,1.9463
ETHUSDT,short,1774443600000,1774450800000,2182.27,2161.7208571428573,1.0,0.87256,0.12744,tp,1.6504
BTCUSDT,short,1774443600000,1774450800000,71684.2,71131.80571428571,1.0,0.84428,0.15572,tp,1.7925
SUIUSDT,short,1774443600000,1774450800000,0.966,0.9563057142857143,1.0,0.88042,0.11958,tp,1.7159
SOLUSDT,short,1774443600000,1774447200000,93.01,92.04057142857144,1.0,0.88487,0.11513,tp,1.9186
ADAUSDT,short,1774443600000,1774447200000,0.2745,0.27150857142857143,1.0,0.88989,0.11011,tp,2.7693
LTCUSDT,short,1774443600000,1774450800000,56.51,56.17657142857143,1.0,0.79662,0.20338,tp,1.7668
TAOUSDT,short,1774443600000,1774443600000,352.83,364.95,-1.0,-1.03493,0.03493,sl,1.7302
HYPEUSDT,short,1774443600000,1774447200000,40.957,40.33934285714286,1.0,0.92043,0.07957,tp,1.7519
AVAXUSDT,short,1774443600000,1774450800000,9.731,9.643571428571429,1.0,0.86644,0.13356,tp,2.0572
XLMUSDT,short,1774443600000,1774450800000,0.17857,0.17524857142857142,1.0,0.93548,0.06452,tp,1.7037
LINKUSDT,short,1774458000000,1774458000000,9.421,9.318228571428572,1.0,0.89,0.11,tp,1.9156
TAOUSDT,short,1774458000000,1774461600000,365.56,352.606,1.0,0.96614,0.03386,tp,1.9179
DOTUSDT,long,1774458000000,1774468800000,1.3661,1.348657142857143,-1.0,-1.09398,0.09398,sl,-1.7922
ATOMUSDT,long,1774458000000,1774486800000,1.7615,1.7466628571428573,-1.0,-1.14247,0.14247,sl,-1.8493
BNBUSDT,short,1774458000000,1774490400000,647.3,642.3285714285714,1.0,0.84376,0.15624,tp,1.5364
ONDOUSDT,short,1774472400000,1774476000000,0.2617,0.2648628571428571,-1.0,-1.09929,0.09929,sl,1.6158
DOTUSDT,long,1774486800000,1774494000000,1.3558,1.3378857142857141,-1.0,-1.09082,0.09082,sl,-1.7223
ONDOUSDT,short,1774486800000,1774486800000,0.2691,0.27289714285714284,-1.0,-1.08504,0.08504,sl,2.9813
DOTUSDT,long,1774501200000,1774504800000,1.3347,1.318757142857143,-1.0,-1.10046,0.10046,sl,-2.4112
ATOMUSDT,long,1774501200000,1774504800000,1.7295,1.715057142857143,-1.0,-1.1437,0.1437,sl,-3.361
ONDOUSDT,short,1774501200000,1774501200000,0.2678,0.26328285714285715,1.0,0.92886,0.07114,tp,1.8165
BCHUSDT,long,1774501200000,1774501200000,469.9,467.38,-1.0,-1.22376,0.22376,sl,-2.1585
ETHUSDT,long,1774515600000,1774515600000,2118.62,2100.445142857143,-1.0,-1.13988,0.13988,sl,-1.8733
LINKUSDT,long,1774515600000,1774515600000,9.084,9.010714285714286,-1.0,-1.14874,0.14874,sl,-1.585
SUIUSDT,long,1774515600000,1774515600000,0.9374,0.92858,-1.0,-1.12754,0.12754,sl,-1.5527
SOLUSDT,long,1774515600000,1774515600000,88.79,87.99114285714286,-1.0,-1.13338,0.13338,sl,-1.9442
ADAUSDT,long,1774515600000,1774515600000,0.2601,0.2577257142857143,-1.0,-1.13146,0.13146,sl,-1.6563
DOGEUSDT,long,1774515600000,1774515600000,0.09223,0.09136085714285715,-1.0,-1.12734,0.12734,sl,-2.0364
LTCUSDT,long,1774515600000,1774515600000,55.2,54.85028571428572,-1.0,-1.18941,0.18941,sl,-2.2186
DOTUSDT,long,1774515600000,1774519200000,1.3203,1.3055742857142858,-1.0,-1.10759,0.10759,sl,-2.4621
ATOMUSDT,long,1774515600000,1774522800000,1.7198,1.70672,-1.0,-1.15778,0.15778,sl,-2.5867
XRPUSDT,long,1774515600000,1774515600000,1.3815,1.3719857142857141,-1.0,-1.17424,0.17424,sl,-2.5078
AVAXUSDT,long,1774515600000,1774515600000,9.405,9.332742857142856,-1.0,-1.15619,0.15619,sl,-1.8177
BCHUSDT,long,1774515600000,1774515600000,467.3,464.31714285714287,-1.0,-1.18799,0.18799,sl,-2.2795
ETHUSDT,long,1774530000000,1774530000000,2072.36,2092.916857142857,1.0,0.87903,0.12097,tp,-2.7411
BTCUSDT,long,1774530000000,1774537200000,69399.8,68924.0,-1.0,-1.17503,0.17503,sl,-1.7092
LINKUSDT,long,1774530000000,1774537200000,8.95,8.871485714285713,-1.0,-1.13679,0.13679,sl,-2.1533
SUIUSDT,long,1774530000000,1774530000000,0.9256,0.9345314285714286,1.0,0.87564,0.12436,tp,-2.0353
SOLUSDT,long,1774530000000,1774537200000,87.52,86.69971428571428,-1.0,-1.12803,0.12803,sl,-2.2558
ADAUSDT,long,1774530000000,1774537200000,0.2578,0.25533999999999996,-1.0,-1.12576,0.12576,sl,-1.8031
DOGEUSDT,long,1774530000000,1774537200000,0.09153,0.09065314285714286,-1.0,-1.12526,0.12526,sl,-1.9562
LTCUSDT,long,1774530000000,1774530000000,54.66,55.01228571428571,1.0,0.81381,0.18619,tp,-2.5529
1000PEPEUSDT,long,1774530000000,1774530000000,0.003395,0.003430742857142857,1.0,0.88602,0.11398,tp,-1.7276
DOTUSDT,long,1774530000000,1774530000000,1.3185,1.33242,1.0,0.88634,0.11366,tp,-1.8991
ATOMUSDT,long,1774530000000,1774537200000,1.7123,1.6997771428571429,-1.0,-1.16408,0.16408,sl,-2.1474
XRPUSDT,long,1774530000000,1774537200000,1.3735,1.3631971428571428,-1.0,-1.15998,0.15998,sl,-2.2303
AVAXUSDT,long,1774530000000,1774530000000,9.24,9.31782857142857,1.0,0.85753,0.14247,tp,-2.4729
BCHUSDT,long,1774530000000,1774551600000,461.9,458.7028571428571,-1.0,-1.17337,0.17337,sl,-2.7085
BNBUSDT,long,1774530000000,1774537200000,629.3,625.4942857142856,-1.0,-1.19843,0.19843,sl,-1.5847
ETHUSDT,long,1774544400000,1774548000000,2059.89,2037.0385714285715,-1.0,-1.10817,0.10817,sl,-2.3964
BTCUSDT,long,1774544400000,1774544400000,68896.0,68335.86571428571,-1.0,-1.1476,0.1476,sl,-2.1443
LINKUSDT,long,1774544400000,1774548000000,8.9,8.813257142857143,-1.0,-1.12312,0.12312,sl,-2.1015
SUIUSDT,long,1774544400000,1774555200000,0.9124,0.9222228571428571,1.0,0.88854,0.11146,tp,-2.5281
SOLUSDT,long,1774544400000,1774548000000,87.16,86.22999999999999,-1.0,-1.11246,0.11246,sl,-2.0268
ADAUSDT,long,1774544400000,1774555200000,0.2554,0.25272571428571433,-1.0,-1.1146,0.1146,sl,-2.0285
DOGEUSDT,long,1774544400000,1774555200000,0.09097,0.09187428571428571,1.0,0.87928,0.12072,tp,-1.9122
LTCUSDT,long,1774544400000,1774548000000,54.61,54.21485714285714,-1.0,-1.16584,0.16584,sl,-2.1826
1000PEPEUSDT,long,1774544400000,1774555200000,0.003376,0.0034115714285714287,1.0,0.88611,0.11389,tp,-1.9788
DOTUSDT,long,1774544400000,1774551600000,1.3181,1.3035885714285715,-1.0,-1.109,0.109,sl,-1.6103
ATOMUSDT,long,1774544400000,1774551600000,1.6941,1.6809942857142857,-1.0,-1.15512,0.15512,sl,-2.2823
XRPUSDT,long,1774544400000,1774548000000,1.36,1.347777142857143,-1.0,-1.13352,0.13352,sl,-2.4202
AVAXUSDT,long,1774544400000,1774544400000,9.129,9.036771428571429,-1.0,-1.11878,0.11878,sl,-2.6145
BNBUSDT,long,1774544400000,1774555200000,626.5,630.6571428571428,1.0,0.81915,0.18085,tp,-1.8556
ETHUSDT,long,1774558800000,1774598400000,2063.79,2038.4571428571428,-1.0,-1.09776,0.09776,sl,-1.7183
BTCUSDT,long,1774558800000,1774584000000,68973.2,68318.86571428571,-1.0,-1.12649,0.12649,sl,-1.6857
LINKUSDT,long,1774558800000,1774598400000,8.904,8.8068,-1.0,-1.10993,0.10993,sl,-1.6726
SOLUSDT,long,1774558800000,1774598400000,86.29,85.25028571428572,-1.0,-1.09959,0.09959,sl,-1.9953
DOTUSDT,long,1774558800000,1774558800000,1.3071,1.3233771428571428,1.0,0.90364,0.09636,tp,-1.6566
ATOMUSDT,long,1774558800000,1774566000000,1.6824,1.6967057142857143,1.0,0.85888,0.14112,tp,-1.9956
XRPUSDT,long,1774558800000,1774598400000,1.3586,1.344037142857143,-1.0,-1.11195,0.11195,sl,-1.8079
AVAXUSDT,long,1774558800000,1774598400000,9.09,8.985857142857142,-1.0,-1.10474,0.10474,sl,-2.047
BCHUSDT,long,1774558800000,1774576800000,462.2,465.54285714285714,1.0,0.83408,0.16592,tp,-1.5436
ADAUSDT,long,1774573200000,1774598400000,0.2542,0.2514828571428571,-1.0,-1.11226,0.11226,sl,-1.5779
ONDOUSDT,short,1774573200000,1774573200000,0.2719,0.2770085714285714,-1.0,-1.06387,0.06387,sl,2.4882
ONDOUSDT,short,1774587600000,1774587600000,0.2821,0.2886228571428572,-1.0,-1.0519,0.0519,sl,2.9856
BTCUSDT,long,1774602000000,1774605600000,67875.7,67290.34857142856,-1.0,-1.13915,0.13915,sl,-1.8845
TAOUSDT,long,1774602000000,1774605600000,329.77,321.49857142857144,-1.0,-1.04784,0.04784,sl,-1.578
BNBUSDT,long,1774602000000,1774605600000,620.1,615.9342857142857,-1.0,-1.17863,0.17863,sl,-1.8556
ETHUSDT,long,1774616400000,1774656000000,1987.64,1991.56,0.17434,0.06826,0.10608,time,-2.0869
BTCUSDT,long,1774616400000,1774620000000,66576.1,65934.21142857143,-1.0,-1.12446,0.12446,sl,-2.3713
LINKUSDT,long,1774616400000,1774623600000,8.571,8.660057142857143,1.0,0.88451,0.11549,tp,-2.1292
SUIUSDT,long,1774616400000,1774634400000,0.8903,0.8800228571428571,-1.0,-1.10395,0.10395,sl,-2.1388
SOLUSDT,long,1774616400000,1774634400000,83.03,81.99542857142858,-1.0,-1.09631,0.09631,sl,-2.0193
ADAUSDT,long,1774616400000,1774656000000,0.2468,0.2463,-0.17057,-0.27159,0.10103,time,-1.7781
LTCUSDT,long,1774616400000,1774623600000,53.79,54.23914285714286,1.0,0.85629,0.14371,tp,-1.7925
TAOUSDT,long,1774616400000,1774620000000,320.46,328.60542857142855,1.0,0.95279,0.04721,tp,-2.1066
1000PEPEUSDT,long,1774616400000,1774623600000,0.003271,0.003312657142857143,1.0,0.90577,0.09423,tp,-2.2897
DOTUSDT,long,1774616400000,1774656000000,1.2824,1.2818,-0.03723,-0.13273,0.0955,time,-2.04
ATOMUSDT,long,1774616400000,1774656000000,1.6735,1.6681,-0.28226,-0.38723,0.10497,time,-1.588
XRPUSDT,long,1774616400000,1774620000000,1.3317,1.3432114285714287,1.0,0.86118,0.13882,tp,-1.8519
AVAXUSDT,long,1774616400000,1774623600000,8.774,8.871971428571428,1.0,0.89253,0.10747,tp,-1.8648
XLMUSDT,long,1774616400000,1774634400000,0.16941,0.16738714285714287,-1.0,-1.1005,0.1005,sl,-2.2535
BNBUSDT,long,1774616400000,1774620000000,611.0,606.0285714285715,-1.0,-1.14748,0.14748,sl,-2.2343
BTCUSDT,long,1774630800000,1774670400000,65945.4,66251.8,0.42189,0.31293,0.10896,time,-2.1944
LINKUSDT,long,1774630800000,1774670400000,8.576,8.524,-0.51109,-0.61224,0.10115,time,-1.7252
TAOUSDT,long,1774630800000,1774648800000,322.33,313.44485714285713,-1.0,-1.04353,0.04353,sl,-1.7213
1000PEPEUSDT,long,1774630800000,1774670400000,0.003288,0.003264,-0.51376,-0.59822,0.08446,time,-1.6741
XRPUSDT,long,1774630800000,1774670400000,1.3297,1.33,0.02173,-0.09383,0.11555,time,-1.6439
AVAXUSDT,long,1774630800000,1774670400000,8.759,8.733,-0.23262,-0.32666,0.09404,time,-1.6038
BNBUSDT,long,1774630800000,1774670400000,609.0,610.7,0.3028,0.17263,0.13017,time,-1.9105
SUIUSDT,long,1774645200000,1774684800000,0.8762,0.8836,0.57671,0.49477,0.08194,time,-1.8784
LTCUSDT,long,1774645200000,1774684800000,53.5,53.81,0.5303,0.42048,0.10982,time,-1.712
XLMUSDT,long,1774645200000,1774659600000,0.16769,0.165488,-1.0,-1.09138,0.09138,sl,-1.9146
TAOUSDT,long,1774659600000,1774681200000,315.54,323.6931428571429,1.0,0.95356,0.04644,tp,-1.982
HYPEUSDT,long,1774659600000,1774674000000,38.05,38.654114285714286,1.0,0.92442,0.07558,tp,-1.7975
BCHUSDT,short,1774659600000,1774681200000,474.3,478.8857142857143,-1.0,-1.12412,0.12412,sl,2.4003
XLMUSDT,long,1774674000000,1774677600000,0.16465,0.16611571428571428,1.0,0.8652,0.1348,tp,-2.1669
HYPEUSDT,short,1774688400000,1774699200000,39.49,39.99374285714286,-1.0,-1.09407,0.09407,sl,1.9399
BCHUSDT,short,1774688400000,1774702800000,476.5,480.57142857142856,-1.0,-1.14044,0.14044,sl,2.0727
DOGEUSDT,short,1774717200000,1774731600000,0.09282,0.09175285714285715,1.0,0.89562,0.10438,tp,1.6844
HYPEUSDT,short,1774717200000,1774746000000,39.817,39.316,1.0,0.90463,0.09537,tp,1.8685
BCHUSDT,short,1774717200000,1774738800000,481.8,477.7457142857143,1.0,0.8574,0.1426,tp,1.9782
SUIUSDT,long,1774746000000,1774785600000,0.86,0.8563,-0.32238,-0.4123,0.08992,time,-1.6843
DOTUSDT,long,1774746000000,1774782000000,1.258,1.2734542857142859,1.0,0.90232,0.09768,tp,-1.8827
ADAUSDT,long,1774789200000,1774789200000,0.2428,0.2406228571428571,-1.0,-1.13383,0.13383,sl,-2.0767
DOTUSDT,long,1774789200000,1774803600000,1.2612,1.25136,-1.0,-1.1538,0.1538,sl,-1.7177
ATOMUSDT,long,1774789200000,1774789200000,1.6481,1.6384828571428571,-1.0,-1.20565,0.20565,sl,-2.1127
AVAXUSDT,long,1774789200000,1774789200000,8.699,8.640799999999999,-1.0,-1.17936,0.17936,sl,-1.512
LINKUSDT,long,1774803600000,1774821600000,8.428,8.367057142857144,-1.0,-1.16595,0.16595,sl,-1.9972
SUIUSDT,long,1774803600000,1774810800000,0.8456,0.8382371428571429,-1.0,-1.13782,0.13782,sl,-2.3922
SOLUSDT,long,1774803600000,1774821600000,81.64,80.98514285714286,-1.0,-1.1496,0.1496,sl,-2.3391
ADAUSDT,long,1774803600000,1774821600000,0.241,0.23874571428571428,-1.0,-1.12829,0.12829,sl,-2.2053
LTCUSDT,long,1774803600000,1774814400000,53.31,53.64085714285714,1.0,0.80665,0.19335,tp,-1.9697
1000PEPEUSDT,long,1774803600000,1774814400000,0.003253,0.0032802571428571427,1.0,0.85679,0.14321,tp,-1.5506
ATOMUSDT,long,1774803600000,1774814400000,1.6417,1.6506314285714285,1.0,0.77943,0.22057,tp,-2.0246
AVAXUSDT,long,1774803600000,1774803600000,8.629,8.567457142857142,-1.0,-1.16825,0.16825,sl,-2.2315
BCHUSDT,long,1774803600000,1774821600000,451.2,446.24571428571426,-1.0,-1.10929,0.10929,sl,-3.9542
XLMUSDT,long,1774803600000,1774821600000,0.1646,0.16331257142857142,-1.0,-1.15342,0.15342,sl,-1.796
SUIUSDT,long,1774818000000,1774821600000,0.8428,0.8344428571428572,-1.0,-1.12102,0.12102,sl,-1.9687
AVAXUSDT,long,1774818000000,1774821600000,8.64,8.5716,-1.0,-1.15158,0.15158,sl,-1.5768
ONDOUSDT,long,1774818000000,1774821600000,0.26,0.2569571428571429,-1.0,-1.10254,0.10254,sl,-1.6347
HYPEUSDT,long,1774832400000,1774836000000,37.663,38.194942857142856,1.0,0.91504,0.08496,tp,-2.6762
BCHUSDT,long,1774832400000,1774872000000,455.0,458.6,0.52764,0.44761,0.08003,time,-1.752
ETHUSDT,short,1774846800000,1774857600000,2047.69,2073.8157142857144,-1.0,-1.09405,0.09405,sl,3.4261
BTCUSDT,short,1774846800000,1774886400000,67582.9,67335.8,0.3543,0.23802,0.11628,time,3.7108
LINKUSDT,short,1774846800000,1774857600000,8.674,8.778657142857142,-1.0,-1.09946,0.09946,sl,2.3044
SOLUSDT,short,1774846800000,1774857600000,83.73,84.91971428571429,-1.0,-1.08445,0.08445,sl,1.7863
DOGEUSDT,short,1774846800000,1774886400000,0.09292,0.09273,0.16028,0.06622,0.09406,time,1.8286
TAOUSDT,short,1774846800000,1774846800000,327.67,320.27885714285713,1.0,0.9468,0.0532,tp,2.5344
XRPUSDT,short,1774846800000,1774857600000,1.3503,1.3649057142857144,-1.0,-1.11094,0.11094,sl,1.7192
BNBUSDT,short,1774846800000,1774886400000,616.9,616.5,0.07752,-0.06595,0.14347,time,1.5215
1000PEPEUSDT,short,1774861200000,1774893600000,0.003379,0.0033253428571428574,1.0,0.92443,0.07557,tp,1.8016
ATOMUSDT,short,1774861200000,1774890000000,1.69,1.67188,1.0,0.88808,0.11192,tp,1.6173
AVAXUSDT,short,1774861200000,1774879200000,9.002,8.876514285714286,1.0,0.91392,0.08608,tp,2.5349
XLMUSDT,short,1774861200000,1774861200000,0.17282,0.17067200000000002,1.0,0.90345,0.09655,tp,2.5527
ETHUSDT,short,1774875600000,1774879200000,2073.84,2049.0865714285715,1.0,0.89946,0.10054,tp,2.6649
LINKUSDT,short,1774875600000,1774879200000,8.877,8.776971428571429,1.0,0.89351,0.10649,tp,2.9415
SOLUSDT,short,1774875600000,1774890000000,84.47,83.44742857142857,1.0,0.90087,0.09913,tp,2.1171
XLMUSDT,short,1774875600000,1774879200000,0.17303,0.170816,1.0,0.90622,0.09378,tp,2.1719
ETHUSDT,short,1774890000000,1774890000000,2065.11,2042.7582857142859,1.0,0.88913,0.11087,tp,1.7232
LINKUSDT,short,1774890000000,1774890000000,8.807,8.716142857142858,1.0,0.88368,0.11632,tp,1.697
TAOUSDT,long,1774890000000,1774918800000,310.38,316.74771428571427,1.0,0.94151,0.05849,tp,-2.1806
LTCUSDT,long,1774904400000,1774918800000,53.29,53.74771428571429,1.0,0.86029,0.13971,tp,-1.7058
HYPEUSDT,long,1774904400000,1774918800000,36.888,37.459199999999996,1.0,0.9225,0.0775,tp,-2.3323
DOTUSDT,long,1774904400000,1774904400000,1.2341,1.2489628571428573,1.0,0.90036,0.09964,tp,-3.4125
DOTUSDT,long,1774918800000,1774918800000,1.2429,1.2579771428571427,1.0,0.90108,0.09892,tp,-1.8381
HYPEUSDT,long,1774933200000,1774940400000,37.011,36.442800000000005,-1.0,-1.07816,0.07816,sl,-1.533
HYPEUSDT,long,1774947600000,1774965600000,36.177,36.74245714285714,1.0,0.92323,0.07677,tp,-2.3862
DOTUSDT,long,1774947600000,1774954800000,1.2401,1.2253057142857142,-1.0,-1.10059,0.10059,sl,-1.7388
XRPUSDT,long,1774947600000,1774962000000,1.3129,1.3257742857142858,1.0,0.87763,0.12237,tp,-1.8188
ONDOUSDT,long,1774947600000,1774962000000,0.2591,0.2627942857142857,1.0,0.91584,0.08416,tp,-1.5269
BNBUSDT,long,1774947600000,1774947600000,606.8,602.4799999999999,-1.0,-1.16856,0.16856,sl,-1.6287
SOLUSDT,long,1774962000000,1774962000000,80.73,81.882,1.0,0.91591,0.08409,tp,-1.8465
TAOUSDT,long,1774962000000,1774962000000,302.79,308.1274285714286,1.0,0.93192,0.06808,tp,-1.8831
ETHUSDT,short,1774976400000,1774976400000,2090.86,2122.669428571429,-1.0,-1.07888,0.07888,sl,1.9207
BCHUSDT,short,1774976400000,1774990800000,473.4,468.47999999999996,1.0,0.88454,0.11546,tp,2.1001
ETHUSDT,short,1774990800000,1775023200000,2106.81,2141.4505714285715,-1.0,-1.07298,0.07298,sl,2.1388
BTCUSDT,short,1774990800000,1775023200000,68241.0,69122.94,-1.0,-1.09285,0.09285,sl,1.9974
LTCUSDT,short,1774990800000,1775023200000,54.13,54.66314285714286,-1.0,-1.12184,0.12184,sl,1.6048
1000PEPEUSDT,short,1774990800000,1774994400000,0.003425,0.0033698,1.0,0.92554,0.07446,tp,2.3203
ATOMUSDT,short,1774990800000,1775023200000,1.7082,1.726662857142857,-1.0,-1.11103,0.11103,sl,2.0147
ONDOUSDT,short,1774990800000,1774990800000,0.2797,0.27440285714285717,1.0,0.93664,0.06336,tp,3.6126
1000PEPEUSDT,short,1775005200000,1775008800000,0.00342,0.0033643714285714285,1.0,0.92622,0.07378,tp,2.0833
ONDOUSDT,short,1775005200000,1775044800000,0.2734,0.2735,-0.01734,-0.07421,0.05687,time,1.556
1000PEPEUSDT,short,1775019600000,1775019600000,0.003415,0.0034654857142857143,-1.0,-1.08117,0.08117,sl,1.6757
ETHUSDT,short,1775034000000,1775048400000,2136.0,2111.3708571428574,1.0,0.89593,0.10407,tp,2.125
BTCUSDT,short,1775034000000,1775048400000,68633.1,68018.3742857143,1.0,0.86602,0.13398,tp,1.733
LINKUSDT,short,1775034000000,1775048400000,9.056,8.955285714285713,1.0,0.8921,0.1079,tp,2.7724
SUIUSDT,short,1775034000000,1775037600000,0.8974,0.8875257142857143,1.0,0.89094,0.10906,tp,2.2423
1000PEPEUSDT,short,1775034000000,1775048400000,0.003449,0.0033991142857142855,1.0,0.91703,0.08297,tp,1.7824
DOTUSDT,short,1775034000000,1775044800000,1.2786,1.292922857142857,-1.0,-1.10712,0.10712,sl,1.5067
ATOMUSDT,short,1775034000000,1775034000000,1.732,1.7194257142857143,1.0,0.83471,0.16529,tp,2.651
AVAXUSDT,short,1775034000000,1775073600000,9.239,9.11497142857143,1.0,0.91061,0.08939,tp,2.6013
SUIUSDT,short,1775048400000,1775059200000,0.8942,0.9049142857142857,-1.0,-1.10015,0.10015,sl,1.6789
TAOUSDT,short,1775048400000,1775052000000,314.62,319.95657142857146,-1.0,-1.07075,0.07075,sl,1.6499
XLMUSDT,short,1775048400000,1775062800000,0.17301,0.17124942857142855,1.0,0.88208,0.11792,tp,1.874
ETHUSDT,short,1775062800000,1775091600000,2145.16,2119.499714285714,1.0,0.89968,0.10032,tp,1.6786
LINKUSDT,short,1775062800000,1775084400000,9.046,8.932514285714285,1.0,0.90435,0.09565,tp,1.8053
SOLUSDT,short,1775062800000,1775062800000,85.21,86.27371428571428,-1.0,-1.09613,0.09613,sl,2.4345
ADAUSDT,short,1775062800000,1775091600000,0.2499,0.246,1.0,0.92311,0.07689,tp,1.6598
DOGEUSDT,short,1775062800000,1775073600000,0.09339,0.09232885714285714,1.0,0.89439,0.10561,tp,1.7221
TAOUSDT,short,1775062800000,1775066400000,322.86,315.6385714285714,1.0,0.94635,0.05365,tp,2.7849
1000PEPEUSDT,short,1775062800000,1775066400000,0.003473,0.0034190857142857144,1.0,0.9227,0.0773,tp,1.8542
XRPUSDT,short,1775062800000,1775073600000,1.3581,1.3451914285714286,1.0,0.87375,0.12625,tp,1.6763
BCHUSDT,long,1775077200000,1775091600000,454.7,451.4,-1.0,-1.16535,0.16535,sl,-2.0238
ETHUSDT,long,1775106000000,1775145600000,2043.35,2074.213142857143,1.0,0.92055,0.07945,tp,-1.5173
BTCUSDT,long,1775106000000,1775138400000,66290.1,66947.12571428572,1.0,0.87893,0.12107,tp,-2.0599
LINKUSDT,long,1775106000000,1775145600000,8.513,8.639428571428573,1.0,0.9192,0.0808,tp,-1.9881
SUIUSDT,long,1775106000000,1775113200000,0.8562,0.8698285714285714,1.0,0.92461,0.07539,tp,-1.6909
SOLUSDT,long,1775106000000,1775134800000,78.78,77.21657142857143,-1.0,-1.06047,0.06047,sl,-2.5695
ADAUSDT,long,1775106000000,1775138400000,0.2368,0.24050285714285716,1.0,0.92326,0.07674,tp,-2.0028
DOGEUSDT,long,1775106000000,1775138400000,0.08966,0.09074942857142858,1.0,0.90124,0.09876,tp,-2.132
LTCUSDT,long,1775106000000,1775127600000,52.2,51.70542857142858,-1.0,-1.12666,0.12666,sl,-3.9729
HYPEUSDT,long,1775106000000,1775134800000,35.025,34.46125714285714,-1.0,-1.07456,0.07456,sl,-2.6795
1000PEPEUSDT,long,1775106000000,1775113200000,0.003275,0.0033326000000000002,1.0,0.93177,0.06823,tp,-2.2624
DOTUSDT,long,1775106000000,1775145600000,1.2167,1.2229,0.35285,0.26975,0.08309,time,-2.5486
ATOMUSDT,long,1775106000000,1775113200000,1.6258,1.6440571428571427,1.0,0.89314,0.10686,tp,-3.3433
XRPUSDT,long,1775106000000,1775131200000,1.3072,1.29274,-1.0,-1.10848,0.10848,sl,-1.9075
AVAXUSDT,long,1775106000000,1775138400000,8.676,8.8032,1.0,0.91815,0.08185,tp,-1.7866
ONDOUSDT,long,1775106000000,1775134800000,0.2593,0.2550828571428571,-1.0,-1.07378,0.07378,sl,-1.5474
BCHUSDT,long,1775106000000,1775120400000,442.1,445.43428571428575,1.0,0.84089,0.15911,tp,-3.0091
XLMUSDT,long,1775106000000,1775134800000,0.16302,0.16095085714285715,-1.0,-1.09454,0.09454,sl,-2.0121
BNBUSDT,long,1775106000000,1775124000000,587.6,581.96,-1.0,-1.12502,0.12502,sl,-4.2636
SUIUSDT,long,1775120400000,1775149200000,0.8526,0.86538,1.0,0.91994,0.08006,tp,-1.7656
ATOMUSDT,long,1775120400000,1775124000000,1.6318,1.6147771428571427,-1.0,-1.11503,0.11503,sl,-2.1715
LTCUSDT,long,1775134800000,1775138400000,51.62,52.12571428571428,1.0,0.87751,0.12249,tp,-2.5295
TAOUSDT,long,1775134800000,1775134800000,294.73,300.41114285714286,1.0,0.93775,0.06225,tp,-2.2
1000PEPEUSDT,long,1775134800000,1775138400000,0.003278,0.003324114285714286,1.0,0.9147,0.0853,tp,-1.8648
ATOMUSDT,long,1775134800000,1775138400000,1.6195,1.6372857142857142,1.0,0.89073,0.10927,tp,-2.0603
BCHUSDT,long,1775134800000,1775138400000,441.4,445.4028571428571,1.0,0.86767,0.13233,tp,-1.7755
BNBUSDT,long,1775134800000,1775149200000,575.2,581.1314285714286,1.0,0.88363,0.11637,tp,-2.9825
XRPUSDT,long,1775149200000,1775160000000,1.3035,1.3162542857142858,1.0,0.87736,0.12264,tp,-1.5215
1000PEPEUSDT,short,1775206800000,1775228400000,0.003474,0.003430457142857143,1.0,0.90426,0.09574,tp,1.7755
XLMUSDT,long,1775293200000,1775293200000,0.161,0.1620157142857143,1.0,0.80979,0.19021,tp,-2.1184
BTCUSDT,short,1775322000000,1775332800000,67336.4,67131.7657142857,1.0,0.60513,0.39487,tp,2.6533
ONDOUSDT,long,1775322000000,1775322000000,0.2553,0.2570657142857143,1.0,0.8265,0.1735,tp,-1.9695
XLMUSDT,long,1775322000000,1775322000000,0.16075,0.16178885714285715,1.0,0.81432,0.18568,tp,-2.0132
ONDOUSDT,long,1775336400000,1775350800000,0.2553,0.25331142857142863,-1.0,-1.15406,0.15406,sl,-1.7354
BCHUSDT,long,1775350800000,1775361600000,441.0,439.31142857142856,-1.0,-1.3134,0.3134,sl,-1.5014
ONDOUSDT,long,1775365200000,1775368800000,0.2521,0.25024,-1.0,-1.16265,0.16265,sl,-2.3844
ONDOUSDT,long,1775379600000,1775390400000,0.2495,0.2476057142857143,-1.0,-1.15805,0.15805,sl,-2.4716
BCHUSDT,long,1775379600000,1775386800000,434.8,432.4428571428572,-1.0,-1.22135,0.22135,sl,-3.3114
XLMUSDT,long,1775379600000,1775390400000,0.15872,0.15777971428571427,-1.0,-1.20256,0.20256,sl,-2.6902
BCHUSDT,long,1775394000000,1775397600000,427.3,424.40285714285716,-1.0,-1.17699,0.17699,sl,-4.844
ONDOUSDT,long,1775408400000,1775426400000,0.2496,0.2518028571428571,1.0,0.86403,0.13597,tp,-1.5112
BCHUSDT,long,1775408400000,1775422800000,425.7,422.0228571428571,-1.0,-1.13892,0.13892,sl,-2.5781
XLMUSDT,long,1775408400000,1775426400000,0.1583,0.15949742857142857,1.0,0.84136,0.15864,tp,-1.7876
BTCUSDT,short,1775422800000,1775426400000,67629.8,67967.00857142857,-1.0,-1.24067,0.24067,sl,2.9268
BTCUSDT,short,1775437200000,1775466000000,69053.3,69570.82571428572,-1.0,-1.16012,0.16012,sl,4.8808
ONDOUSDT,short,1775437200000,1775440800000,0.2607,0.2637085714285714,-1.0,-1.10398,0.10398,sl,1.8971
ONDOUSDT,short,1775451600000,1775455200000,0.2662,0.2623857142857143,1.0,0.91625,0.08375,tp,2.7552
ONDOUSDT,short,1775466000000,1775466000000,0.2654,0.2695657142857143,-1.0,-1.07645,0.07645,sl,2.1445
BTCUSDT,short,1775480400000,1775487600000,69337.6,69869.89428571428,-1.0,-1.15631,0.15631,sl,1.6911
ONDOUSDT,short,1775480400000,1775494800000,0.2661,0.2616514285714286,1.0,0.92822,0.07178,tp,1.7156
BTCUSDT,short,1775494800000,1775494800000,69759.2,69259.22857142857,1.0,0.83257,0.16743,tp,1.7221
XLMUSDT,long,1775509200000,1775516400000,0.15715,0.155482,-1.0,-1.11306,0.11306,sl,-1.926
XLMUSDT,long,1775523600000,1775548800000,0.15561,0.15719485714285714,1.0,0.88218,0.11782,tp,-2.1993
XLMUSDT,long,1775581200000,1775581200000,0.15393,0.15545742857142858,1.0,0.87907,0.12093,tp,-1.638
BTCUSDT,short,1775610000000,1775649600000,71682.9,72033.1,-0.39728,-0.49487,0.09758,time,3.356
ONDOUSDT,short,1775610000000,1775649600000,0.2693,0.2685,0.17348,0.1034,0.07008,time,1.6504
BCHUSDT,short,1775610000000,1775638800000,442.3,446.32,-1.0,-1.13203,0.13203,sl,2.1613
XLMUSDT,short,1775610000000,1775649600000,0.16331,0.16189,0.6484,0.55892,0.08948,time,1.647
BCHUSDT,short,1775653200000,1775656800000,448.1,445.20285714285717,1.0,0.8144,0.1856,tp,2.1399
BTCUSDT,short,1775768400000,1775772000000,72384.4,73070.37999999999,-1.0,-1.12662,0.12662,sl,1.956
BCHUSDT,long,1775811600000,1775815200000,436.7,439.53714285714284,1.0,0.81529,0.18471,tp,-2.2235
BTCUSDT,short,1775840400000,1775880000000,72963.8,72770.0,0.34413,0.18866,0.15548,time,2.5118
ONDOUSDT,short,1775854800000,1775869200000,0.2579,0.25464285714285717,1.0,0.90498,0.09502,tp,1.5692
BCHUSDT,short,1775854800000,1775865600000,445.8,442.96285714285716,1.0,0.81144,0.18856,tp,1.6025
XLMUSDT,long,1775898000000,1775905200000,0.15317,0.15422257142857143,1.0,0.82538,0.17462,tp,-1.5768
ONDOUSDT,short,1775941200000,1775948400000,0.2589,0.2561657142857143,1.0,0.88638,0.11362,tp,1.9296
BCHUSDT,long,1775955600000,1775955600000,434.6,431.96857142857147,-1.0,-1.19819,0.19819,sl,-2.5122
BTCUSDT,long,1775970000000,1775998800000,71433.3,70841.22,-1.0,-1.14478,0.14478,sl,-2.176
ONDOUSDT,long,1775970000000,1776009600000,0.2473,0.2451,-0.57549,-0.65311,0.07763,time,-2.6793
BCHUSDT,long,1775970000000,1776009600000,423.4,422.1,-0.3326,-0.46259,0.12999,time,-3.7465
XLMUSDT,long,1775970000000,1776006000000,0.15152,0.14994457142857143,-1.0,-1.11541,0.11541,sl,-2.2899
BTCUSDT,long,1776013200000,1776024000000,70889.9,71202.5257142857,1.0,0.72789,0.27211,tp,-1.9778
ONDOUSDT,long,1776027600000,1776031200000,0.2445,0.24232285714285715,-1.0,-1.13476,0.13476,sl,-1.5536
XLMUSDT,long,1776056400000,1776060000000,0.14994,0.1509642857142857,1.0,0.82434,0.17566,tp,-1.5141
BTCUSDT,short,1776114000000,1776117600000,73101.9,73778.09142857142,-1.0,-1.12973,0.12973,sl,2.0255
BTCUSDT,short,1776128400000,1776168000000,74125.7,74425.5,-0.36241,-0.46994,0.10753,time,2.7976
ONDOUSDT,short,1776128400000,1776168000000,0.2543,0.255,-0.15675,-0.22508,0.06833,time,2.0159
BCHUSDT,short,1776128400000,1776142800000,434.3,438.0028571428571,-1.0,-1.14075,0.14075,sl,2.5138
XLMUSDT,short,1776128400000,1776157200000,0.1551,0.1569617142857143,-1.0,-1.09997,0.09997,sl,2.7947
BCHUSDT,short,1776157200000,1776171600000,436.4,440.26571428571424,-1.0,-1.13547,0.13547,sl,1.8815
XLMUSDT,short,1776258000000,1776265200000,0.15723,0.15569828571428573,1.0,0.87682,0.12318,tp,1.5826
ONDOUSDT,short,1776286800000,1776308400000,0.258,0.26118,-1.0,-1.09736,0.09736,sl,1.8871
XLMUSDT,short,1776301200000,1776304800000,0.15784,0.15929457142857145,-1.0,-1.13022,0.13022,sl,1.833
ONDOUSDT,short,1776315600000,1776322800000,0.2615,0.26469714285714285,-1.0,-1.09815,0.09815,sl,2.4517
BCHUSDT,short,1776315600000,1776337200000,441.9,438.9342857142857,1.0,0.8212,0.1788,tp,1.5956
XLMUSDT,short,1776315600000,1776326400000,0.15979,0.16129,-1.0,-1.12783,0.12783,sl,2.6782
ONDOUSDT,short,1776330000000,1776340800000,0.2629,0.26602857142857145,-1.0,-1.10084,0.10084,sl,2.0982
XLMUSDT,short,1776344400000,1776344400000,0.16151,0.16009571428571429,1.0,0.86296,0.13704,tp,2.2174
ONDOUSDT,short,1776358800000,1776362400000,0.2655,0.27018,-1.0,-1.06808,0.06808,sl,1.8166
XLMUSDT,short,1776358800000,1776362400000,0.16335,0.1655005714285714,-1.0,-1.09115,0.09115,sl,2.4323
BTCUSDT,short,1776373200000,1776412800000,75186.9,75736.5,-0.70008,-0.815,0.11493,time,1.9457
ONDOUSDT,short,1776373200000,1776391200000,0.2708,0.2656657142857143,1.0,0.93671,0.06329,tp,2.1419
BCHUSDT,short,1776373200000,1776376800000,446.3,450.31142857142856,-1.0,-1.13351,0.13351,sl,2.2243
XLMUSDT,short,1776373200000,1776402000000,0.16777,0.1652097142857143,1.0,0.92137,0.07863,tp,2.8892
BCHUSDT,short,1776387600000,1776394800000,454.8,449.8542857142857,1.0,0.88965,0.11035,tp,3.2361
BCHUSDT,short,1776416400000,1776420000000,450.5,446.6,1.0,0.86138,0.13862,tp,1.5181
XLMUSDT,short,1776416400000,1776420000000,0.16787,0.1698002857142857,-1.0,-1.10436,0.10436,sl,1.5407
BTCUSDT,short,1776430800000,1776430800000,76200.0,76749.9857142857,-1.0,-1.16626,0.16626,sl,3.2651
ONDOUSDT,short,1776430800000,1776430800000,0.2704,0.2740428571428571,-1.0,-1.08907,0.08907,sl,1.5011
BCHUSDT,short,1776430800000,1776430800000,451.9,455.8171428571428,-1.0,-1.13844,0.13844,sl,1.5925
XLMUSDT,short,1776430800000,1776430800000,0.17071,0.17276971428571428,-1.0,-1.09946,0.09946,sl,1.8839
BTCUSDT,short,1776445200000,1776445200000,77814.6,77067.34285714287,1.0,0.87504,0.12496,tp,3.4033
ONDOUSDT,short,1776445200000,1776445200000,0.2795,0.27512000000000003,1.0,0.92342,0.07658,tp,2.9025
BCHUSDT,short,1776445200000,1776445200000,459.1,455.1914285714286,1.0,0.85905,0.14095,tp,2.3153
XLMUSDT,short,1776445200000,1776445200000,0.17644,0.1740957142857143,1.0,0.90968,0.09032,tp,2.5172
BTCUSDT,short,1776459600000,1776499200000,77285.4,76688.8,0.70571,0.59601,0.1097,time,1.9569
XLMUSDT,short,1776459600000,1776499200000,0.17469,0.17202771428571428,1.0,0.92126,0.07874,tp,1.755
ONDOUSDT,long,1776517200000,1776517200000,0.2615,0.25813142857142857,-1.0,-1.09316,0.09316,sl,-1.7326
ONDOUSDT,long,1776531600000,1776535200000,0.259,0.25573428571428575,-1.0,-1.09517,0.09517,sl,-2.0619
ONDOUSDT,long,1776546000000,1776564000000,0.2578,0.2544485714285714,-1.0,-1.09231,0.09231,sl,-1.7914
BCHUSDT,long,1776546000000,1776582000000,444.1,441.2457142857143,-1.0,-1.18671,0.18671,sl,-1.6648
ONDOUSDT,long,1776589200000,1776600000000,0.2541,0.25682571428571427,1.0,0.88813,0.11187,tp,-1.5208
BCHUSDT,long,1776589200000,1776589200000,441.9,439.3542857142857,-1.0,-1.2083,0.2083,sl,-1.544
XLMUSDT,long,1776589200000,1776596400000,0.16788,0.1696037142857143,1.0,0.88313,0.11687,tp,-1.5202
BTCUSDT,long,1776632400000,1776636000000,74600.2,74025.12571428572,-1.0,-1.15567,0.15567,sl,-1.8762
BTCUSDT,long,1776646800000,1776668400000,74238.8,74869.70857142858,1.0,0.8588,0.1412,tp,-1.8581
BTCUSDT,short,1776718800000,1776740400000,76220.9,75508.07428571428,1.0,0.87169,0.12831,tp,1.777
XLMUSDT,short,1776718800000,1776733200000,0.17315,0.1755097142857143,-1.0,-1.08805,0.08805,sl,2.2297
XLMUSDT,short,1776747600000,1776754800000,0.17569,0.17797428571428572,-1.0,-1.09229,0.09229,sl,2.4499
BTCUSDT,short,1776762000000,1776772800000,76469.4,75966.11142857141,1.0,0.81767,0.18233,tp,1.8577
ONDOUSDT,short,1776762000000,1776765600000,0.2583,0.2607942857142857,-1.0,-1.12427,0.12427,sl,1.7257
XLMUSDT,short,1776762000000,1776762000000,0.18216,0.17986114285714283,1.0,0.90491,0.09509,tp,3.883
XLMUSDT,short,1776776400000,1776790800000,0.17897,0.17607199999999998,1.0,0.92589,0.07411,tp,1.7139
BCHUSDT,short,1776790800000,1776790800000,445.7,443.12857142857143,1.0,0.79201,0.20799,tp,1.5115
BCHUSDT,short,1776819600000,1776823200000,449.0,452.63428571428574,-1.0,-1.14825,0.14825,sl,2.434
BTCUSDT,short,1776834000000,1776834000000,77485.6,78217.82285714286,-1.0,-1.12699,0.12699,sl,2.6113
ONDOUSDT,short,1776834000000,1776834000000,0.2656,0.2692085714285714,-1.0,-1.08832,0.08832,sl,3.3605
BCHUSDT,short,1776834000000,1776834000000,455.0,458.8914285714286,-1.0,-1.14031,0.14031,sl,3.5957
BTCUSDT,short,1776848400000,1776862800000,77965.9,78657.39142857143,-1.0,-1.1353,0.1353,sl,2.4534
ONDOUSDT,short,1776848400000,1776873600000,0.2696,0.2658885714285714,1.0,0.91283,0.08717,tp,3.0088
BCHUSDT,short,1776848400000,1776852000000,472.8,467.9142857142857,1.0,0.88387,0.11613,tp,4.1522
BCHUSDT,short,1776862800000,1776902400000,464.6,459.57714285714286,1.0,0.889,0.111,tp,1.7873
BTCUSDT,short,1776877200000,1776898800000,78699.2,78137.10285714285,1.0,0.83199,0.16801,tp,1.9334
XLMUSDT,long,1776920400000,1776920400000,0.1749,0.17658857142857143,1.0,0.87571,0.12429,tp,-2.1264
XLMUSDT,long,1776978000000,1776999600000,0.17544,0.17345314285714286,-1.0,-1.10596,0.10596,sl,-1.5726
XLMUSDT,long,1777006800000,1777021200000,0.17436,0.17623114285714284,1.0,0.88818,0.11182,tp,-1.7026
ONDOUSDT,short,1777050000000,1777060800000,0.266,0.2630257142857143,1.0,0.89268,0.10732,tp,1.7343
XLMUSDT,long,1777078800000,1777086000000,0.1728,0.174324,1.0,0.86394,0.13606,tp,-1.9811
BCHUSDT,long,1777122000000,1777122000000,453.2,454.54571428571427,1.0,0.59587,0.40413,tp,-1.9114
XLMUSDT,long,1777122000000,1777129200000,0.17186,0.1706857142857143,-1.0,-1.17562,0.17562,sl,-1.8716
ONDOUSDT,long,1777136400000,1777154400000,0.2589,0.2608114285714286,1.0,0.83746,0.16254,tp,-1.7015
BCHUSDT,long,1777136400000,1777147200000,453.3,451.87714285714287,-1.0,-1.3823,0.3823,sl,-1.5629
XLMUSDT,long,1777136400000,1777158000000,0.17098,0.1696565714285714,-1.0,-1.15503,0.15503,sl,-2.3291
ONDOUSDT,long,1777165200000,1777176000000,0.259,0.26099714285714287,1.0,0.84438,0.15562,tp,-1.5416
BCHUSDT,long,1777165200000,1777176000000,451.9,453.4942857142857,1.0,0.65986,0.34014,tp,-1.6596
XLMUSDT,long,1777165200000,1777179600000,0.1688,0.16985257142857144,1.0,0.80756,0.19244,tp,-2.5947
ONDOUSDT,short,1777208400000,1777237200000,0.2691,0.2661942857142857,1.0,0.88887,0.11113,tp,2.7365
BCHUSDT,long,1777222800000,1777226400000,450.6,452.22857142857146,1.0,0.66798,0.33202,tp,-1.6851
ONDOUSDT,short,1777251600000,1777266000000,0.2698,0.26596857142857144,1.0,0.9155,0.0845,tp,1.9116
BCHUSDT,long,1777280400000,1777291200000,447.3,450.0514285714286,1.0,0.80492,0.19508,tp,-2.8284
XLMUSDT,long,1777280400000,1777302000000,0.16837,0.1665117142857143,-1.0,-1.10873,0.10873,sl,-1.6929
BCHUSDT,long,1777309200000,1777334400000,448.0,451.42857142857144,1.0,0.8432,0.1568,tp,-1.7322
XLMUSDT,long,1777309200000,1777327200000,0.16446,0.16617857142857143,1.0,0.88517,0.11483,tp,-3.2296
XLMUSDT,long,1777381200000,1777384800000,0.16219,0.16100457142857144,-1.0,-1.16418,0.16418,sl,-1.7285
ONDOUSDT,short,1777438800000,1777442400000,0.2675,0.26528,1.0,0.85541,0.14459,tp,2.351
BCHUSDT,short,1777438800000,1777464000000,454.1,451.3657142857143,1.0,0.80071,0.19929,tp,2.2098
ONDOUSDT,long,1777482000000,1777485600000,0.2599,0.2569514285714286,-1.0,-1.10577,0.10577,sl,-1.6746
XLMUSDT,long,1777482000000,1777485600000,0.15985,0.1581562857142857,-1.0,-1.11325,0.11325,sl,-2.3237
XLMUSDT,long,1777496400000,1777536000000,0.15924,0.16014,0.49929,0.39328,0.10601,time,-2.146
ONDOUSDT,long,1777525200000,1777532400000,0.2596,0.26344,1.0,0.91888,0.08112,tp,-1.5566
BCHUSDT,long,1777525200000,1777539600000,443.5,446.4485714285714,1.0,0.81951,0.18049,tp,-1.8464
BCHUSDT,long,1777554000000,1777568400000,443.3,440.75428571428574,-1.0,-1.20896,0.20896,sl,-1.5109
BCHUSDT,long,1777582800000,1777604400000,441.1,443.75714285714287,1.0,0.80079,0.19921,tp,-1.5325
ONDOUSDT,short,1777626000000,1777626000000,0.2675,0.26516,1.0,0.86282,0.13718,tp,1.5142
ONDOUSDT,short,1777654800000,1777654800000,0.2726,0.26978857142857143,1.0,0.88365,0.11635,tp,3.0946
BCHUSDT,short,1777654800000,1777694400000,452.7,449.35714285714283,1.0,0.83749,0.16251,tp,2.7189
XLMUSDT,short,1777654800000,1777672800000,0.16115,0.15976742857142856,1.0,0.86013,0.13987,tp,1.9286
ONDOUSDT,short,1777712400000,1777716000000,0.2715,0.2740714285714286,-1.0,-1.1267,0.1267,sl,1.6402
ONDOUSDT,short,1777726800000,1777726800000,0.2751,0.2779628571428572,-1.0,-1.11531,0.11531,sl,2.2531
ONDOUSDT,short,1777741200000,1777741200000,0.2887,0.2842857142857143,1.0,0.92152,0.07848,tp,3.5938
ONDOUSDT,short,1777755600000,1777766400000,0.2856,0.2804057142857143,1.0,0.93402,0.06598,tp,2.1447
XLMUSDT,long,1777784400000,1777791600000,0.15841,0.15925514285714285,1.0,0.77508,0.22492,tp,-1.6667
ONDOUSDT,short,1777842000000,1777856400000,0.2873,0.29165428571428575,-1.0,-1.07918,0.07918,sl,1.5219
BCHUSDT,long,1777856400000,1777856400000,441.7,443.7914285714286,1.0,0.74657,0.25343,tp,-1.7798
XLMUSDT,long,1777856400000,1777856400000,0.15779,0.15876885714285716,1.0,0.80656,0.19344,tp,-2.2038
ONDOUSDT,short,1777870800000,1777870800000,0.2998,0.3063914285714286,-1.0,-1.05458,0.05458,sl,2.579
BCHUSDT,short,1777870800000,1777874400000,449.0,446.28285714285715,1.0,0.8017,0.1983,tp,1.6298
XLMUSDT,short,1777870800000,1777874400000,0.16081,0.1595517142857143,1.0,0.84664,0.15336,tp,2.17
ONDOUSDT,short,1777885200000,1777888800000,0.3126,0.30346285714285715,1.0,0.95895,0.04105,tp,2.9431
XLMUSDT,long,1777899600000,1777903200000,0.1574,0.15911257142857144,1.0,0.88971,0.11029,tp,-2.1817
ONDOUSDT,short,1777914000000,1777917600000,0.308,0.31892,-1.0,-1.03385,0.03385,sl,1.5017
XLMUSDT,long,1777914000000,1777942800000,0.15739,0.15914971428571428,1.0,0.89267,0.10733,tp,-1.7924
ONDOUSDT,short,1777928400000,1777968000000,0.3167,0.3242,-0.66038,-0.69384,0.03346,time,1.7072
BCHUSDT,short,1777971600000,1777975200000,454.0,456.9657142857143,-1.0,-1.1837,0.1837,sl,5.4794
BCHUSDT,short,1777986000000,1777989600000,459.6,455.8542857142857,1.0,0.85276,0.14724,tp,3.4661
XLMUSDT,short,1777986000000,1777989600000,0.16019,0.15908171428571427,1.0,0.82655,0.17345,tp,1.5163
BCHUSDT,short,1778000400000,1778018400000,454.7,458.84,-1.0,-1.1318,0.1318,sl,1.5316
XLMUSDT,short,1778014800000,1778029200000,0.16052,0.16172342857142857,-1.0,-1.16006,0.16006,sl,1.696
BCHUSDT,short,1778029200000,1778040000000,460.8,464.4514285714286,-1.0,-1.15144,0.15144,sl,1.8596
XLMUSDT,short,1778043600000,1778050800000,0.1613,0.16274685714285714,-1.0,-1.13378,0.13378,sl,1.7761
BCHUSDT,short,1778058000000,1778076000000,472.2,464.83714285714285,1.0,0.92304,0.07696,tp,1.9011
XLMUSDT,short,1778058000000,1778072400000,0.16551,0.16381971428571426,1.0,0.8825,0.1175,tp,4.29
ONDOUSDT,short,1778086800000,1778094000000,0.3309,0.3226542857142857,1.0,0.95184,0.04816,tp,2.7529
ONDOUSDT,short,1778130000000,1778137200000,0.333,0.3410742857142857,-1.0,-1.04949,0.04949,sl,3.0747
ONDOUSDT,short,1778144400000,1778148000000,0.3475,0.3389885714285714,1.0,0.95101,0.04899,tp,4.1465
ONDOUSDT,short,1778158800000,1778158800000,0.3712,0.3607428571428571,1.0,0.9574,0.0426,tp,5.2682
ONDOUSDT,short,1778173200000,1778212800000,0.3551,0.36,-0.35685,-0.38788,0.03103,time,1.9693
BCHUSDT,long,1778173200000,1778212800000,449.8,450.0,0.05968,-0.10138,0.16105,time,-1.9815
XLMUSDT,long,1778187600000,1778227200000,0.15772,0.15927057142857143,1.0,0.87794,0.12206,tp,-2.0511
ONDOUSDT,short,1778230800000,1778230800000,0.3729,0.38277428571428573,-1.0,-1.04532,0.04532,sl,2.0982
ONDOUSDT,short,1778245200000,1778248800000,0.3996,0.4120457142857143,-1.0,-1.03853,0.03853,sl,2.6888
ONDOUSDT,short,1778259600000,1778266800000,0.4522,0.43449142857142853,1.0,0.96936,0.03064,tp,3.8122
ONDOUSDT,short,1778274000000,1778284800000,0.4419,0.4624457142857143,-1.0,-1.02581,0.02581,sl,2.2293
XLMUSDT,short,1778274000000,1778281200000,0.16441,0.16265714285714286,1.0,0.88745,0.11255,tp,2.5025
XLMUSDT,short,1778288400000,1778288400000,0.16474,0.16662914285714284,-1.0,-1.10464,0.10464,sl,2.2312
XLMUSDT,short,1778302800000,1778317200000,0.16622,0.1641054285714286,1.0,0.90567,0.09433,tp,2.0682
BCHUSDT,short,1778389200000,1778389200000,453.6,451.75714285714287,1.0,0.70463,0.29537,tp,3.6508
BCHUSDT,short,1778403600000,1778425200000,453.4,455.39714285714285,-1.0,-1.27243,0.27243,sl,2.7159
BCHUSDT,short,1778432400000,1778432400000,457.5,460.0542857142857,-1.0,-1.21493,0.21493,sl,3.8659
XLMUSDT,short,1778432400000,1778432400000,0.17004,0.171642,-1.0,-1.12737,0.12737,sl,3.8165
BCHUSDT,short,1778446800000,1778450400000,460.1,462.89428571428573,-1.0,-1.19759,0.19759,sl,2.6908
BCHUSDT,short,1778461200000,1778464800000,460.4,456.6971428571428,1.0,0.8508,0.1492,tp,1.8497
ONDOUSDT,short,1778475600000,1778479200000,0.454,0.43844285714285713,1.0,0.96498,0.03502,tp,3.3844
ONDOUSDT,short,1778547600000,1778547600000,0.4385,0.42734,1.0,0.95285,0.04715,tp,1.551
BCHUSDT,long,1778562000000,1778565600000,445.4,447.9285714285714,1.0,0.78862,0.21138,tp,-1.591
ONDOUSDT,long,1778590800000,1778594400000,0.4093,0.3976685714285714,-1.0,-1.04223,0.04223,sl,-1.7364
BCHUSDT,long,1778590800000,1778601600000,440.1,436.81714285714287,-1.0,-1.16087,0.16087,sl,-1.9634
XLMUSDT,long,1778590800000,1778594400000,0.16402,0.1623802857142857,-1.0,-1.12004,0.12004,sl,-1.7534
ONDOUSDT,long,1778605200000,1778634000000,0.3904,0.40088285714285715,1.0,0.95531,0.04469,tp,-2.9261
XLMUSDT,long,1778605200000,1778612400000,0.16147,0.1631037142857143,1.0,0.8814,0.1186,tp,-2.5655
XLMUSDT,long,1778619600000,1778634000000,0.16256,0.16410028571428573,1.0,0.87335,0.12665,tp,-1.7418
BCHUSDT,long,1778677200000,1778677200000,436.0,433.40285714285716,-1.0,-1.20145,0.20145,sl,-1.6311
XLMUSDT,long,1778677200000,1778677200000,0.16128,0.15973114285714288,-1.0,-1.12495,0.12495,sl,-1.5969
BCHUSDT,long,1778691600000,1778731200000,433.4,433.1,-0.08235,-0.22512,0.14277,time,-1.7106
XLMUSDT,long,1778691600000,1778731200000,0.15885,0.15924,0.19834,0.1014,0.09694,time,-2.0607
BCHUSDT,long,1778835600000,1778850000000,431.3,428.45428571428573,-1.0,-1.18187,0.18187,sl,-1.6299
ONDOUSDT,long,1778864400000,1778904000000,0.3653,0.35742285714285715,-1.0,-1.05565,0.05565,sl,-2.1304
BCHUSDT,long,1778864400000,1778904000000,426.8,426.9,0.02867,-0.11815,0.14681,time,-2.3402
XLMUSDT,long,1778864400000,1778904000000,0.15547,0.15350028571428573,-1.0,-1.09472,0.09472,sl,-1.7306
ONDOUSDT,long,1778922000000,1778922000000,0.3479,0.3436571428571428,-1.0,-1.0984,0.0984,sl,-1.9646
BCHUSDT,long,1778922000000,1778922000000,420.5,417.80857142857144,-1.0,-1.18748,0.18748,sl,-2.0504
XLMUSDT,long,1778922000000,1778922000000,0.15189,0.1507542857142857,-1.0,-1.16049,0.16049,sl,-1.6429
ONDOUSDT,long,1778936400000,1778943600000,0.343,0.34776571428571434,1.0,0.91363,0.08637,tp,-1.7946
BCHUSDT,long,1778936400000,1778947200000,414.1,417.98285714285714,1.0,0.87202,0.12798,tp,-2.2204
BCHUSDT,long,1779066000000,1779066000000,403.3,399.6742857142857,-1.0,-1.13348,0.13348,sl,-2.6441
XLMUSDT,long,1779066000000,1779084000000,0.14953,0.14814057142857143,-1.0,-1.12914,0.12914,sl,-1.9657
BCHUSDT,long,1779080400000,1779080400000,384.4,378.5542857142857,-1.0,-1.07891,0.07891,sl,-3.6155
BCHUSDT,long,1779094800000,1779098400000,366.0,357.24,-1.0,-1.05014,0.05014,sl,-3.2983
XLMUSDT,long,1779094800000,1779116400000,0.14768,0.14598457142857144,-1.0,-1.10453,0.10453,sl,-2.9686
BCHUSDT,long,1779109200000,1779148800000,375.7,377.9,0.18294,0.14545,0.03749,time,-1.5582
XLMUSDT,long,1779123600000,1779127200000,0.14586,0.1442862857142857,-1.0,-1.11122,0.11122,sl,-2.4929
XLMUSDT,long,1779138000000,1779148800000,0.14613,0.14788371428571429,1.0,0.90001,0.09999,tp,-1.7589
ONDOUSDT,short,1779152400000,1779181200000,0.3893,0.37702571428571424,1.0,0.96194,0.03806,tp,3.7015
XLMUSDT,long,1779224400000,1779264000000,0.14355,0.14315,-0.25198,-0.36049,0.10852,time,-1.9765
ONDOUSDT,short,1779310800000,1779328800000,0.4009,0.41278,-1.0,-1.04049,0.04049,sl,1.8546
XLMUSDT,short,1779339600000,1779339600000,0.14685,0.1455017142857143,1.0,0.8693,0.1307,tp,1.8616
ONDOUSDT,short,1779354000000,1779361200000,0.4072,0.39592,1.0,0.95668,0.04332,tp,1.5619
ONDOUSDT,short,1779382800000,1779422400000,0.4162,0.4128,0.25493,0.21748,0.03745,time,1.7772
BCHUSDT,short,1779382800000,1779422400000,380.4,378.8,0.42424,0.30321,0.12104,time,1.9916
XLMUSDT,short,1779397200000,1779436800000,0.14725,0.14734,-0.05396,-0.15989,0.10594,time,2.1242
ONDOUSDT,short,1779440400000,1779440400000,0.4274,0.4378228571428571,-1.0,-1.04921,0.04921,sl,2.03
ONDOUSDT,short,1779454800000,1779454800000,0.4524,0.46527428571428575,-1.0,-1.04217,0.04217,sl,4.2266
XLMUSDT,short,1779454800000,1779454800000,0.15036,0.14903142857142856,1.0,0.86419,0.13581,tp,2.8369
ONDOUSDT,short,1779469200000,1779472800000,0.4452,0.4292314285714286,1.0,0.96654,0.03346,tp,2.1002
BCHUSDT,long,1779483600000,1779490800000,373.5,370.07142857142856,-1.0,-1.13072,0.13072,sl,-1.8089
ONDOUSDT,long,1779498000000,1779530400000,0.3798,0.39834,1.0,0.97542,0.02458,tp,-1.9364
BCHUSDT,long,1779498000000,1779505200000,359.3,364.28857142857146,1.0,0.91357,0.08643,tp,-5.4648
BCHUSDT,long,1779512400000,1779519600000,362.9,358.2285714285714,-1.0,-1.09322,0.09322,sl,-2.3914
BCHUSDT,long,1779526800000,1779526800000,357.1,352.2314285714286,-1.0,-1.08802,0.08802,sl,-2.5073
XLMUSDT,long,1779526800000,1779537600000,0.14065,0.14216285714285715,1.0,0.88844,0.11156,tp,-2.7662
BCHUSDT,long,1779541200000,1779548400000,344.5,350.0028571428571,1.0,0.92488,0.07512,tp,-2.7034
BCHUSDT,long,1779555600000,1779566400000,350.6,354.8,1.0,0.89983,0.10017,tp,-1.5591
XLMUSDT,short,1779570000000,1779570000000,0.14929,0.147616,1.0,0.89298,0.10702,tp,1.685
XLMUSDT,short,1779699600000,1779699600000,0.15346,0.15196514285714288,1.0,0.87681,0.12319,tp,2.5763
ONDOUSDT,long,1779757200000,1779786000000,0.416,0.4264571428571428,1.0,0.95226,0.04774,tp,-3.4563
BCHUSDT,short,1779800400000,1779804000000,353.7,350.12571428571425,1.0,0.88125,0.11875,tp,1.8688
BCHUSDT,long,1779858000000,1779865200000,342.6,345.7457142857143,1.0,0.86931,0.13069,tp,-1.9989
ONDOUSDT,long,1779872400000,1779876000000,0.4037,0.3962085714285714,-1.0,-1.06467,0.06467,sl,-1.5249
XLMUSDT,short,1779886800000,1779886800000,0.15074,0.14927171428571429,1.0,0.8768,0.1232,tp,1.5931
XLMUSDT,short,1779901200000,1779901200000,0.16322,0.16002457142857143,1.0,0.9387,0.0613,tp,5.0282
XLMUSDT,short,1779915600000,1779915600000,0.16671,0.16188257142857143,1.0,0.95856,0.04144,tp,3.3338
ONDOUSDT,long,1779930000000,1779933600000,0.383,0.3739828571428572,-1.0,-1.05097,0.05097,sl,-2.4896
BCHUSDT,long,1779930000000,1779937200000,335.4,330.7628571428571,-1.0,-1.08679,0.08679,sl,-2.3475
XLMUSDT,short,1779930000000,1779951600000,0.1728,0.165894,1.0,0.96997,0.03003,tp,3.4673
ONDOUSDT,long,1779944400000,1779984000000,0.3576,0.36697714285714284,1.0,0.95424,0.04576,tp,-3.3707
BCHUSDT,long,1779944400000,1779944400000,331.6,326.80857142857144,-1.0,-1.08305,0.08305,sl,-2.4659
BCHUSDT,long,1779958800000,1779962400000,324.5,319.3828571428572,-1.0,-1.0761,0.0761,sl,-2.6609
BCHUSDT,long,1779973200000,1779976800000,300.2,293.0942857142857,-1.0,-1.0507,0.0507,sl,-4.1162
XLMUSDT,short,1779973200000,1779973200000,0.19004,0.19734457142857142,-1.0,-1.03122,0.03122,sl,3.0749
BCHUSDT,long,1779987600000,1780027200000,299.9,305.2,0.6932,0.64613,0.04707,time,-2.4269
XLMUSDT,short,1779987600000,1779987600000,0.20206,0.21192142857142857,-1.0,-1.02459,0.02459,sl,2.8008
XLMUSDT,short,1780002000000,1780041600000,0.20568,0.2173997142857143,-1.0,-1.02106,0.02106,sl,2.1663
XLMUSDT,short,1780088400000,1780092000000,0.2411,0.2535457142857143,-1.0,-1.02325,0.02325,sl,2.4435
ONDOUSDT,long,1780102800000,1780106400000,0.3464,0.35425999999999996,1.0,0.94711,0.05289,tp,-3.052
XLMUSDT,short,1780102800000,1780106400000,0.26788,0.28102257142857145,-1.0,-1.02446,0.02446,sl,2.9917
ONDOUSDT,long,1780117200000,1780156800000,0.348,0.3428,-0.67109,-0.72499,0.05389,time,-2.3617
XLMUSDT,short,1780117200000,1780131600000,0.26457,0.2466394285714286,1.0,0.98229,0.01771,tp,1.8275
BCHUSDT,short,1780160400000,1780178400000,306.7,303.68285714285713,1.0,0.87802,0.12198,tp,1.7108
ONDOUSDT,short,1780189200000,1780192800000,0.3792,0.3703028571428571,1.0,0.94886,0.05114,tp,2.0545
BCHUSDT,long,1780246800000,1780254000000,297.9,300.7542857142857,1.0,0.87476,0.12524,tp,-2.9992
BCHUSDT,long,1780304400000,1780308000000,287.8,283.1457142857143,-1.0,-1.0742,0.0742,sl,-4.0982
BCHUSDT,long,1780318800000,1780333200000,283.4,289.0742857142857,1.0,0.94007,0.05993,tp,-2.8783
XLMUSDT,short,1780318800000,1780322400000,0.26768,0.2550602857142857,1.0,0.97455,0.02545,tp,1.7012
XLMUSDT,long,1780376400000,1780408800000,0.23286,0.2247557142857143,-1.0,-1.03448,0.03448,sl,-1.8407
ONDOUSDT,short,1780405200000,1780408800000,0.3722,0.36206,1.0,0.95595,0.04405,tp,2.7124
XLMUSDT,long,1780419600000,1780426800000,0.22255,0.21546914285714286,-1.0,-1.03772,0.03772,sl,-1.8619
ONDOUSDT,short,1780434000000,1780441200000,0.3972,0.37990285714285715,1.0,0.97244,0.02756,tp,4.0627
XLMUSDT,long,1780434000000,1780444800000,0.22158,0.22878428571428572,1.0,0.96309,0.03691,tp,-1.5385
ONDOUSDT,short,1780448400000,1780462800000,0.3902,0.4095542857142857,-1.0,-1.02419,0.02419,sl,2.0902
BCHUSDT,long,1780448400000,1780448400000,269.7,263.21142857142854,-1.0,-1.04988,0.04988,sl,-2.6087
BCHUSDT,long,1780462800000,1780502400000,248.0,248.6,0.06849,0.03452,0.03397,time,-3.8459
ONDOUSDT,short,1780477200000,1780516800000,0.4178,0.4152,0.15152,0.1223,0.02922,time,2.5681
BCHUSDT,long,1780520400000,1780534800000,241.8,235.60285714285715,-1.0,-1.04682,0.04682,sl,-1.6422
XLMUSDT,long,1780520400000,1780534800000,0.20998,0.20301999999999998,-1.0,-1.0362,0.0362,sl,-2.2178
XLMUSDT,long,1780563600000,1780603200000,0.2073,0.20626,-0.14153,-0.17538,0.03385,time,-1.7444
XLMUSDT,long,1780621200000,1780639200000,0.19939,0.19348600000000002,-1.0,-1.04053,0.04053,sl,-1.7375
BCHUSDT,long,1780650000000,1780653600000,222.8,229.0914285714286,1.0,0.9575,0.0425,tp,-3.7286
XLMUSDT,long,1780650000000,1780675200000,0.19096,0.18490342857142855,-1.0,-1.03784,0.03784,sl,-1.9198
BCHUSDT,long,1780664400000,1780664400000,220.7,214.02285714285713,-1.0,-1.03966,0.03966,sl,-2.8529
ONDOUSDT,long,1780678800000,1780686000000,0.3403,0.32505142857142855,-1.0,-1.02678,0.02678,sl,-1.5618
BCHUSDT,long,1780678800000,1780682400000,220.4,212.23142857142858,-1.0,-1.03238,0.03238,sl,-1.9192
BCHUSDT,long,1780707600000,1780718400000,214.4,206.66,-1.0,-1.03324,0.03324,sl,-1.5994
ONDOUSDT,long,1780722000000,1780725600000,0.3165,0.33142285714285713,1.0,0.97455,0.02545,tp,-2.3994
XLMUSDT,short,1780765200000,1780768800000,0.21328,0.20613657142857142,1.0,0.96417,0.03583,tp,2.4781
ONDOUSDT,short,1780822800000,1780822800000,0.354,0.34499142857142856,1.0,0.95284,0.04716,tp,1.8173
BCHUSDT,short,1780822800000,1780833600000,226.0,222.20285714285714,1.0,0.92858,0.07142,tp,1.6374
ONDOUSDT,short,1780880400000,1780902000000,0.3517,0.3627057142857143,-1.0,-1.03835,0.03835,sl,1.8749
BCHUSDT,short,1780880400000,1780880400000,229.9,225.77714285714288,1.0,0.93309,0.06691,tp,1.8613
ONDOUSDT,short,1780909200000,1780916400000,0.3577,0.3684057142857143,-1.0,-1.04009,0.04009,sl,1.8455
BCHUSDT,long,1780909200000,1780930800000,201.7,208.54,1.0,0.96461,0.03539,tp,-4.662
ONDOUSDT,short,1780923600000,1780934400000,0.3682,0.3790171428571429,-1.0,-1.04085,0.04085,sl,2.2897
ONDOUSDT,short,1780952400000,1780959600000,0.3739,0.36359714285714284,1.0,0.95645,0.04355,tp,1.824
BCHUSDT,long,1780966800000,1780977600000,204.0,208.24285714285713,1.0,0.9423,0.0577,tp,-1.8493
XLMUSDT,long,1780966800000,1780984800000,0.1987,0.20302942857142856,1.0,0.94493,0.05507,tp,-1.5187
XLMUSDT,long,1781024400000,1781056800000,0.19349,0.18905342857142857,-1.0,-1.05234,0.05234,sl,-2.8192
ONDOUSDT,long,1781067600000,1781089200000,0.349,0.3395714285714286,-1.0,-1.04442,0.04442,sl,-1.8496
BCHUSDT,long,1781067600000,1781078400000,199.9,196.82285714285715,-1.0,-1.07796,0.07796,sl,-1.5348
XLMUSDT,long,1781067600000,1781078400000,0.18709,0.1835534285714286,-1.0,-1.06348,0.06348,sl,-2.5672
BCHUSDT,long,1781096400000,1781096400000,197.1,200.94,1.0,0.93841,0.06159,tp,-1.8164
ONDOUSDT,long,1781110800000,1781114400000,0.3453,0.33675428571428573,-1.0,-1.04849,0.04849,sl,-1.5349
ONDOUSDT,long,1781125200000,1781146800000,0.3323,0.34112,1.0,0.95479,0.04521,tp,-2.552
BCHUSDT,long,1781125200000,1781146800000,195.6,199.8085714285714,1.0,0.94423,0.05577,tp,-1.7311
ONDOUSDT,short,1781226000000,1781244000000,0.3658,0.35642285714285715,1.0,0.95319,0.04681,tp,1.9831
BCHUSDT,short,1781226000000,1781265600000,204.7,204.4,0.08974,0.01626,0.07348,time,1.5253
XLMUSDT,short,1781240400000,1781244000000,0.19402,0.19056828571428572,1.0,0.93255,0.06745,tp,1.6973
XLMUSDT,long,1781326800000,1781334000000,0.18508,0.18775257142857144,1.0,0.9169,0.0831,tp,-2.0448
BCHUSDT,short,1781341200000,1781355600000,206.4,208.93714285714287,-1.0,-1.09762,0.09762,sl,1.552
ONDOUSDT,short,1781355600000,1781366400000,0.3741,0.3682542857142857,1.0,0.92321,0.07679,tp,2.5239
ONDOUSDT,long,1781442000000,1781442000000,0.3532,0.34815142857142856,-1.0,-1.08395,0.08395,sl,-1.5886
XLMUSDT,long,1781442000000,1781470800000,0.18273,0.18479914285714286,1.0,0.89403,0.10597,tp,-2.3493
ONDOUSDT,long,1781456400000,1781470800000,0.3485,0.35368571428571427,1.0,0.91936,0.08064,tp,-1.9138
BCHUSDT,long,1781470800000,1781470800000,200.4,202.71428571428572,1.0,0.89609,0.10391,tp,-1.6122
BCHUSDT,short,1781485200000,1781514000000,211.1,214.66571428571427,-1.0,-1.07104,0.07104,sl,1.9248
ONDOUSDT,short,1781499600000,1781517600000,0.3781,0.3856771428571429,-1.0,-1.05988,0.05988,sl,2.0318
ONDOUSDT,short,1781528400000,1781532000000,0.3837,0.39146571428571425,-1.0,-1.05929,0.05929,sl,1.7944
BCHUSDT,short,1781528400000,1781535600000,227.5,223.5142857142857,1.0,0.93151,0.06849,tp,3.6865
XLMUSDT,short,1781528400000,1781528400000,0.20347,0.20779342857142857,-1.0,-1.05647,0.05647,sl,4.8097
BCHUSDT,short,1781542800000,1781550000000,225.7,221.38857142857142,1.0,0.93718,0.06282,tp,2.1274
XLMUSDT,short,1781542800000,1781542800000,0.22619,0.23374314285714287,-1.0,-1.03594,0.03594,sl,4.3089
BCHUSDT,short,1781557200000,1781575200000,225.2,220.5542857142857,1.0,0.94183,0.05817,tp,1.6456
XLMUSDT,short,1781557200000,1781575200000,0.22045,0.21122628571428573,1.0,0.97132,0.02868,tp,2.1866
XLMUSDT,short,1781600400000,1781611200000,0.22276,0.22935657142857144,-1.0,-1.04052,0.04052,sl,1.5059
BCHUSDT,long,1781686800000,1781712000000,213.1,216.62285714285713,1.0,0.92741,0.07259,tp,-1.6458
XLMUSDT,short,1781701200000,1781712000000,0.22751,0.2337122857142857,-1.0,-1.04402,0.04402,sl,1.5592
ONDOUSDT,long,1781744400000,1781758800000,0.3632,0.3531114285714286,-1.0,-1.0432,0.0432,sl,-1.7346
XLMUSDT,short,1781744400000,1781744400000,0.22894,0.23659685714285714,-1.0,-1.03588,0.03588,sl,1.6019
BCHUSDT,long,1781758800000,1781791200000,207.1,202.95142857142858,-1.0,-1.0599,0.0599,sl,-2.2095
XLMUSDT,short,1781773200000,1781773200000,0.23851,0.24684057142857144,-1.0,-1.03436,0.03436,sl,2.4084
XLMUSDT,short,1781787600000,1781794800000,0.24468,0.23589685714285716,1.0,0.96657,0.03343,tp,2.739
BCHUSDT,long,1781802000000,1781838000000,196.9,193.0857142857143,-1.0,-1.06195,0.06195,sl,-3.2964
XLMUSDT,short,1781802000000,1781802000000,0.24258,0.23368714285714284,1.0,0.96727,0.03273,tp,1.7782
ONDOUSDT,long,1781845200000,1781884800000,0.3517,0.3525,0.08974,0.0424,0.04734,time,-2.0967
BCHUSDT,long,1781845200000,1781874000000,193.4,197.10285714285715,1.0,0.93732,0.06268,tp,-2.0736
XLMUSDT,long,1781845200000,1781884800000,0.21986,0.21964,-0.02727,-0.05997,0.0327,time,-1.5186
XLMUSDT,long,1781917200000,1781920800000,0.21463,0.2106245714285714,-1.0,-1.0643,0.0643,sl,-1.5629
ONDOUSDT,long,1781974800000,1781974800000,0.3407,0.3355228571428572,-1.0,-1.07897,0.07897,sl,-2.3166
ONDOUSDT,long,1781989200000,1781992800000,0.3392,0.3443942857142857,1.0,0.92164,0.07836,tp,-1.9307
ONDOUSDT,long,1782003600000,1782028800000,0.3404,0.33494,-1.0,-1.07481,0.07481,sl,-1.5694
BCHUSDT,long,1782075600000,1782075600000,196.9,195.34,-1.0,-1.15146,0.15146,sl,-2.1678
BCHUSDT,short,1782133200000,1782133200000,202.1,204.55142857142857,-1.0,-1.09893,0.09893,sl,3.2562
ONDOUSDT,long,1782147600000,1782165600000,0.332,0.32724285714285717,-1.0,-1.08375,0.08375,sl,-2.097
XLMUSDT,long,1782147600000,1782151200000,0.20698,0.20349657142857142,-1.0,-1.0713,0.0713,sl,-3.1101
XLMUSDT,long,1782162000000,1782172800000,0.20461,0.2007262857142857,-1.0,-1.06322,0.06322,sl,-2.6956
ONDOUSDT,long,1782176400000,1782183600000,0.328,0.3227028571428572,-1.0,-1.0743,0.0743,sl,-2.2444
BCHUSDT,long,1782176400000,1782194400000,195.7,192.72571428571428,-1.0,-1.07896,0.07896,sl,-2.0083
ONDOUSDT,long,1782190800000,1782194400000,0.3201,0.31535142857142856,-1.0,-1.08089,0.08089,sl,-3.299
XLMUSDT,long,1782190800000,1782194400000,0.19657,0.19323057142857142,-1.0,-1.07064,0.07064,sl,-2.7938
ONDOUSDT,long,1782205200000,1782226800000,0.3141,0.3088285714285714,-1.0,-1.0715,0.0715,sl,-2.8163
BCHUSDT,long,1782205200000,1782212400000,188.5,191.42285714285714,1.0,0.92261,0.07739,tp,-3.9284
XLMUSDT,long,1782205200000,1782244800000,0.19229,0.1951665714285714,1.0,0.91978,0.08022,tp,-2.6555
BCHUSDT,long,1782219600000,1782248400000,191.2,193.9685714285714,1.0,0.91713,0.08287,tp,-1.8382
ONDOUSDT,long,1782234000000,1782248400000,0.3099,0.31528285714285714,1.0,0.93091,0.06909,tp,-1.961
ONDOUSDT,long,1782320400000,1782324000000,0.2982,0.30343714285714285,1.0,0.93167,0.06833,tp,-1.8526
BCHUSDT,long,1782320400000,1782331200000,182.1,185.04,1.0,0.92567,0.07433,tp,-3.9641
XLMUSDT,long,1782320400000,1782331200000,0.18446,0.18712314285714288,1.0,0.91688,0.08312,tp,-2.1325
XLMUSDT,long,1782392400000,1782392400000,0.1831,0.18093057142857144,-1.0,-1.10128,0.10128,sl,-1.5695
XLMUSDT,long,1782406800000,1782439200000,0.17655,0.173106,-1.0,-1.06152,0.06152,sl,-2.3163
XLMUSDT,long,1782450000000,1782453600000,0.17396,0.17737057142857143,1.0,0.93879,0.06121,tp,-1.6883
XLMUSDT,long,1782478800000,1782478800000,0.17255,0.17582942857142858,1.0,0.93686,0.06314,tp,-1.6439
BCHUSDT,short,1782493200000,1782518400000,200.0,195.89428571428573,1.0,0.94154,0.05846,tp,2.2349
XLMUSDT,long,1782622800000,1782626400000,0.17271,0.1708517142857143,-1.0,-1.11153,0.11153,sl,-1.6942
BCHUSDT,long,1782651600000,1782662400000,193.1,191.03428571428572,-1.0,-1.11217,0.11217,sl,-1.7357
XLMUSDT,long,1782651600000,1782662400000,0.17165,0.1699622857142857,-1.0,-1.12205,0.12205,sl,-1.5472
BCHUSDT,long,1782680400000,1782684000000,191.4,189.27428571428572,-1.0,-1.10805,0.10805,sl,-1.736
ONDOUSDT,short,1782766800000,1782777600000,0.3173,0.31244,1.0,0.92165,0.07835,tp,2.2863
BCHUSDT,short,1782766800000,1782781200000,201.7,198.5885714285714,1.0,0.92221,0.07779,tp,2.5285
XLMUSDT,short,1782766800000,1782784800000,0.17565,0.17841942857142856,-1.0,-1.07611,0.07611,sl,1.6744
XLMUSDT,short,1782795600000,1782795600000,0.18688,0.183502,1.0,0.93361,0.06639,tp,5.2883
ONDOUSDT,long,1782824400000,1782824400000,0.3047,0.3082657142857143,1.0,0.89746,0.10254,tp,-2.09
XLMUSDT,short,1782838800000,1782860400000,0.18361,0.18850171428571427,-1.0,-1.04504,0.04504,sl,1.9602
XLMUSDT,short,1782867600000,1782867600000,0.19491,0.20001942857142857,-1.0,-1.04578,0.04578,sl,3.5439
BCHUSDT,short,1782882000000,1782885600000,206.5,202.64285714285714,1.0,0.93576,0.06424,tp,2.808
XLMUSDT,short,1782882000000,1782921600000,0.2001,0.1996,0.07815,0.04062,0.03753,time,2.4691
BCHUSDT,short,1782896400000,1782910800000,204.1,207.5542857142857,-1.0,-1.0709,0.0709,sl,1.5085
BCHUSDT,short,1782925200000,1782939600000,212.7,217.07142857142856,-1.0,-1.05839,0.05839,sl,2.835
ONDOUSDT,short,1782939600000,1782939600000,0.3194,0.32397714285714285,-1.0,-1.08374,0.08374,sl,1.8197
ONDOUSDT,short,1782954000000,1782954000000,0.3249,0.3304371428571429,-1.0,-1.07041,0.07041,sl,2.4298
BCHUSDT,short,1782954000000,1782990000000,214.1,218.8057142857143,-1.0,-1.0546,0.0546,sl,1.8195
ONDOUSDT,short,1782968400000,1782993600000,0.3321,0.3381942857142857,-1.0,-1.06539,0.06539,sl,2.4028
BCHUSDT,short,1782997200000,1783011600000,218.3,222.01142857142858,-1.0,-1.07058,0.07058,sl,1.5282
BCHUSDT,short,1783083600000,1783087200000,226.3,229.63428571428574,-1.0,-1.08144,0.08144,sl,1.8463
XLMUSDT,short,1783083600000,1783101600000,0.20208,0.20534485714285716,-1.0,-1.07427,0.07427,sl,1.5554
BCHUSDT,short,1783098000000,1783119600000,228.3,229.2,-0.27062,-0.35299,0.08238,time,1.9496
ONDOUSDT,short,1783112400000,1783119600000,0.3372,0.3338,0.82126,0.72352,0.09774,time,1.6842
XLMUSDT,short,1783112400000,1783119600000,0.20555,0.20392,0.47721,0.40499,0.07221,time,2.6687
