entry_ts,exit_ts,r,side,symbol,setup,tp_rr,sl_atr,max_hold
1722441600.0,1722484800.0,1.2035,short,GBPUSD,session_range_fade,1.5,1.0,12
1723132800.0,1723435200.0,-1.1909,short,GBPUSD,session_range_fade,1.5,1.0,12
1723737600.0,1723780800.0,-1.2028,short,GBPUSD,session_range_fade,1.5,1.0,12
1724817600.0,1724846400.0,-1.2552,long,GBPUSD,session_range_fade,1.5,1.0,12
1725292800.0,1725336000.0,-1.287,long,GBPUSD,session_range_fade,1.5,1.0,12
1725393600.0,1725451200.0,1.1858,long,GBPUSD,session_range_fade,1.5,1.0,12
1725494400.0,1725523200.0,-1.2701,short,GBPUSD,session_range_fade,1.5,1.0,12
1727712000.0,1727755200.0,-1.2246,long,GBPUSD,session_range_fade,1.5,1.0,12
1728446400.0,1728561600.0,1.2562,short,GBPUSD,session_range_fade,1.5,1.0,12
1728633600.0,1728964800.0,-0.6984,short,GBPUSD,session_range_fade,1.5,1.0,12
1728979200.0,1728993600.0,-1.2863,short,GBPUSD,session_range_fade,1.5,1.0,12
1729512000.0,1729598400.0,-1.2434,long,GBPUSD,session_range_fade,1.5,1.0,12
1730102400.0,1730232000.0,-1.2875,short,GBPUSD,session_range_fade,1.5,1.0,12
1731960000.0,1732003200.0,1.3024,short,GBPUSD,session_range_fade,1.5,1.0,12
1732017600.0,1732075200.0,-1.189,short,GBPUSD,session_range_fade,1.5,1.0,12
1732089600.0,1732204800.0,1.2937,short,GBPUSD,session_range_fade,1.5,1.0,12
1732608000.0,1732708800.0,-1.1478,short,GBPUSD,session_range_fade,1.5,1.0,12
1733083200.0,1733140800.0,1.2683,short,GBPUSD,session_range_fade,1.5,1.0,12
1733299200.0,1733385600.0,1.3412,long,GBPUSD,session_range_fade,1.5,1.0,12
1733745600.0,1733774400.0,1.305,short,GBPUSD,session_range_fade,1.5,1.0,12
1733889600.0,1733918400.0,1.2905,long,GBPUSD,session_range_fade,1.5,1.0,12
1733932800.0,1734004800.0,-1.1976,long,GBPUSD,session_range_fade,1.5,1.0,12
1735272000.0,1735286400.0,-1.3244,short,GBPUSD,session_range_fade,1.5,1.0,12
1735560000.0,1735574400.0,-1.21,short,GBPUSD,session_range_fade,1.5,1.0,12
1735632000.0,1735804800.0,1.3202,short,GBPUSD,session_range_fade,1.5,1.0,12
1736913600.0,1736942400.0,-1.1165,short,GBPUSD,session_range_fade,1.5,1.0,12
1737345600.0,1737374400.0,-1.1716,short,GBPUSD,session_range_fade,1.5,1.0,12
1738051200.0,1738252800.0,0.6512,long,GBPUSD,session_range_fade,1.5,1.0,12
1738267200.0,1738324800.0,-1.1889,long,GBPUSD,session_range_fade,1.5,1.0,12
1738339200.0,1738526400.0,-1.1536,long,GBPUSD,session_range_fade,1.5,1.0,12
1739304000.0,1739361600.0,1.2937,short,GBPUSD,session_range_fade,1.5,1.0,12
1739390400.0,1739419200.0,-1.1696,short,GBPUSD,session_range_fade,1.5,1.0,12
1739880000.0,1739952000.0,1.2542,short,GBPUSD,session_range_fade,1.5,1.0,12
1739966400.0,1740052800.0,1.2879,long,GBPUSD,session_range_fade,1.5,1.0,12
1740124800.0,1740355200.0,1.2589,long,GBPUSD,session_range_fade,1.5,1.0,12
1740398400.0,1740484800.0,1.2932,long,GBPUSD,session_range_fade,1.5,1.0,12
1740528000.0,1740571200.0,1.3011,long,GBPUSD,session_range_fade,1.5,1.0,12
1740686400.0,1740758400.0,-1.2088,long,GBPUSD,session_range_fade,1.5,1.0,12
1741579200.0,1741608000.0,1.309,long,GBPUSD,session_range_fade,1.5,1.0,12
1741622400.0,1741680000.0,1.3183,long,GBPUSD,session_range_fade,1.5,1.0,12
1741694400.0,1741867200.0,-0.247,long,GBPUSD,session_range_fade,1.5,1.0,12
1741881600.0,1741953600.0,-1.2228,long,GBPUSD,session_range_fade,1.5,1.0,12
1742155200.0,1742198400.0,1.2412,long,GBPUSD,session_range_fade,1.5,1.0,12
1742212800.0,1742385600.0,0.4308,short,GBPUSD,session_range_fade,1.5,1.0,12
1742414400.0,1742443200.0,1.2527,short,GBPUSD,session_range_fade,1.5,1.0,12
1742457600.0,1742529600.0,-1.2131,long,GBPUSD,session_range_fade,1.5,1.0,12
1742846400.0,1742976000.0,-1.218,long,GBPUSD,session_range_fade,1.5,1.0,12
1743134400.0,1743422400.0,1.2876,short,GBPUSD,session_range_fade,1.5,1.0,12
1743595200.0,1743624000.0,-1.1871,short,GBPUSD,session_range_fade,1.5,1.0,12
1744848000.0,1744891200.0,1.297,long,GBPUSD,session_range_fade,1.5,1.0,12
1744905600.0,1745179200.0,1.2993,long,GBPUSD,session_range_fade,1.5,1.0,12
1745553600.0,1745841600.0,1.3282,long,GBPUSD,session_range_fade,1.5,1.0,12
1745884800.0,1746000000.0,1.3101,short,GBPUSD,session_range_fade,1.5,1.0,12
1746388800.0,1746432000.0,1.298,long,GBPUSD,session_range_fade,1.5,1.0,12
1746446400.0,1746518400.0,1.3195,long,GBPUSD,session_range_fade,1.5,1.0,12
1747339200.0,1747411200.0,1.3019,short,GBPUSD,session_range_fade,1.5,1.0,12
1747598400.0,1747627200.0,-1.2249,short,GBPUSD,session_range_fade,1.5,1.0,12
1747972800.0,1748001600.0,-1.1869,short,GBPUSD,session_range_fade,1.5,1.0,12
1748347200.0,1748404800.0,-1.2214,long,GBPUSD,session_range_fade,1.5,1.0,12
1748606400.0,1748836800.0,1.3054,long,GBPUSD,session_range_fade,1.5,1.0,12
1749052800.0,1749110400.0,-1.2013,short,GBPUSD,session_range_fade,1.5,1.0,12
1749513600.0,1749528000.0,-1.2474,long,GBPUSD,session_range_fade,1.5,1.0,12
1751356800.0,1751371200.0,-1.2259,long,GBPUSD,session_range_fade,1.5,1.0,12
1751385600.0,1751428800.0,-1.2209,long,GBPUSD,session_range_fade,1.5,1.0,12
1752105600.0,1752148800.0,1.287,short,GBPUSD,session_range_fade,1.5,1.0,12
1752177600.0,1752206400.0,1.2661,short,GBPUSD,session_range_fade,1.5,1.0,12
1753041600.0,1753070400.0,-1.2537,short,GBPUSD,session_range_fade,1.5,1.0,12
1753387200.0,1753416000.0,-1.2748,long,GBPUSD,session_range_fade,1.5,1.0,12
1754452800.0,1754481600.0,-1.2222,short,GBPUSD,session_range_fade,1.5,1.0,12
1754971200.0,1755000000.0,-1.2678,short,GBPUSD,session_range_fade,1.5,1.0,12
1755273600.0,1755504000.0,-1.2925,long,GBPUSD,session_range_fade,1.5,1.0,12
1755532800.0,1755619200.0,-1.3457,long,GBPUSD,session_range_fade,1.5,1.0,12
1755763200.0,1755777600.0,-1.255,long,GBPUSD,session_range_fade,1.5,1.0,12
1756411200.0,1756454400.0,1.2422,short,GBPUSD,session_range_fade,1.5,1.0,12
1756684800.0,1756785600.0,1.2489,short,GBPUSD,session_range_fade,1.5,1.0,12
1757448000.0,1757505600.0,-1.2539,short,GBPUSD,session_range_fade,1.5,1.0,12
1757664000.0,1757908800.0,1.265,long,GBPUSD,session_range_fade,1.5,1.0,12
1757980800.0,1758009600.0,-1.2491,short,GBPUSD,session_range_fade,1.5,1.0,12
1758585600.0,1758614400.0,-1.257,long,GBPUSD,session_range_fade,1.5,1.0,12
1758686400.0,1758700800.0,-1.2867,long,GBPUSD,session_range_fade,1.5,1.0,12
1759766400.0,1759809600.0,1.2862,short,GBPUSD,session_range_fade,1.5,1.0,12
1760918400.0,1761004800.0,1.267,short,GBPUSD,session_range_fade,1.5,1.0,12
1761220800.0,1761307200.0,1.2824,long,GBPUSD,session_range_fade,1.5,1.0,12
1761321600.0,1761609600.0,1.2696,long,GBPUSD,session_range_fade,1.5,1.0,12
1761696000.0,1761710400.0,-1.2393,long,GBPUSD,session_range_fade,1.5,1.0,12
1762200000.0,1762243200.0,1.2158,short,GBPUSD,session_range_fade,1.5,1.0,12
1762416000.0,1762430400.0,-1.2437,short,GBPUSD,session_range_fade,1.5,1.0,12
1762819200.0,1762833600.0,1.2632,short,GBPUSD,session_range_fade,1.5,1.0,12
1762862400.0,1762934400.0,1.2957,short,GBPUSD,session_range_fade,1.5,1.0,12
1763337600.0,1763510400.0,-0.305,long,GBPUSD,session_range_fade,1.5,1.0,12
1763524800.0,1763539200.0,-1.2557,long,GBPUSD,session_range_fade,1.5,1.0,12
1763740800.0,1764072000.0,1.3254,long,GBPUSD,session_range_fade,1.5,1.0,12
1764604800.0,1764662400.0,-1.2305,long,GBPUSD,session_range_fade,1.5,1.0,12
1764676800.0,1764734400.0,1.2675,long,GBPUSD,session_range_fade,1.5,1.0,12
1764748800.0,1764763200.0,-1.2332,short,GBPUSD,session_range_fade,1.5,1.0,12
1765137600.0,1765281600.0,-1.2745,long,GBPUSD,session_range_fade,1.5,1.0,12
1765310400.0,1765368000.0,1.1839,long,GBPUSD,session_range_fade,1.5,1.0,12
1765756800.0,1765800000.0,1.243,long,GBPUSD,session_range_fade,1.5,1.0,12
1765872000.0,1765886400.0,-1.2719,short,GBPUSD,session_range_fade,1.5,1.0,12
1766721600.0,1766750400.0,1.2165,long,GBPUSD,session_range_fade,1.5,1.0,12
1766764800.0,1766995200.0,-1.2936,long,GBPUSD,session_range_fade,1.5,1.0,12
1767009600.0,1767096000.0,-1.2757,long,GBPUSD,session_range_fade,1.5,1.0,12
1768176000.0,1768204800.0,1.2297,long,GBPUSD,session_range_fade,1.5,1.0,12
1768852800.0,1768881600.0,-1.2779,short,GBPUSD,session_range_fade,1.5,1.0,12
1769083200.0,1769155200.0,-1.1847,short,GBPUSD,session_range_fade,1.5,1.0,12
1769731200.0,1769788800.0,-1.1307,long,GBPUSD,session_range_fade,1.5,1.0,12
1770163200.0,1770206400.0,-1.1963,long,GBPUSD,session_range_fade,1.5,1.0,12
1770753600.0,1770768000.0,-1.2059,short,GBPUSD,session_range_fade,1.5,1.0,12
1770969600.0,1770998400.0,1.2963,long,GBPUSD,session_range_fade,1.5,1.0,12
1771257600.0,1771286400.0,-1.2769,long,GBPUSD,session_range_fade,1.5,1.0,12
1771804800.0,1771977600.0,-0.0543,short,GBPUSD,session_range_fade,1.5,1.0,12
1771992000.0,1772035200.0,-1.2307,short,GBPUSD,session_range_fade,1.5,1.0,12
1772092800.0,1772121600.0,1.2621,short,GBPUSD,session_range_fade,1.5,1.0,12
1772755200.0,1772827200.0,-1.1476,short,GBPUSD,session_range_fade,1.5,1.0,12
1773028800.0,1773057600.0,-1.1262,short,GBPUSD,session_range_fade,1.5,1.0,12
1773662400.0,1773748800.0,1.3168,long,GBPUSD,session_range_fade,1.5,1.0,12
1773864000.0,1773921600.0,1.3137,long,GBPUSD,session_range_fade,1.5,1.0,12
1774497600.0,1774598400.0,-1.1653,long,GBPUSD,session_range_fade,1.5,1.0,12
1774612800.0,1774814400.0,-1.172,long,GBPUSD,session_range_fade,1.5,1.0,12
1775203200.0,1775419200.0,1.3269,short,GBPUSD,session_range_fade,1.5,1.0,12
1775448000.0,1775548800.0,-1.231,short,GBPUSD,session_range_fade,1.5,1.0,12
1775836800.0,1776024000.0,1.2824,short,GBPUSD,session_range_fade,1.5,1.0,12
1776038400.0,1776081600.0,1.2764,long,GBPUSD,session_range_fade,1.5,1.0,12
1776340800.0,1776398400.0,-1.2568,long,GBPUSD,session_range_fade,1.5,1.0,12
1776427200.0,1776441600.0,-1.2503,long,GBPUSD,session_range_fade,1.5,1.0,12
1776456000.0,1776628800.0,-1.2544,long,GBPUSD,session_range_fade,1.5,1.0,12
1776643200.0,1776787200.0,-1.2268,long,GBPUSD,session_range_fade,1.5,1.0,12
1776816000.0,1776960000.0,-1.2189,long,GBPUSD,session_range_fade,1.5,1.0,12
1777003200.0,1777032000.0,1.2418,long,GBPUSD,session_range_fade,1.5,1.0,12
1777046400.0,1777276800.0,-1.2505,short,GBPUSD,session_range_fade,1.5,1.0,12
1777363200.0,1777377600.0,1.2589,long,GBPUSD,session_range_fade,1.5,1.0,12
1777392000.0,1777464000.0,1.2544,short,GBPUSD,session_range_fade,1.5,1.0,12
1778025600.0,1778054400.0,1.2815,long,GBPUSD,session_range_fade,1.5,1.0,12
1779307200.0,1779480000.0,-0.1637,short,GBPUSD,session_range_fade,1.5,1.0,12
1779825600.0,1779868800.0,-1.3145,long,GBPUSD,session_range_fade,1.5,1.0,12
1780372800.0,1780488000.0,1.2426,short,GBPUSD,session_range_fade,1.5,1.0,12
1780560000.0,1780588800.0,1.2061,short,GBPUSD,session_range_fade,1.5,1.0,12
1780603200.0,1780646400.0,1.2143,long,GBPUSD,session_range_fade,1.5,1.0,12
1781582400.0,1781611200.0,-1.2585,short,GBPUSD,session_range_fade,1.5,1.0,12
1781625600.0,1781697600.0,1.2249,short,GBPUSD,session_range_fade,1.5,1.0,12
1782244800.0,1782302400.0,1.2622,short,GBPUSD,session_range_fade,1.5,1.0,12
1782432000.0,1782460800.0,-1.2453,short,GBPUSD,session_range_fade,1.5,1.0,12
1782691200.0,1782705600.0,-1.2469,short,GBPUSD,session_range_fade,1.5,1.0,12
1782720000.0,1782748800.0,-1.235,short,GBPUSD,session_range_fade,1.5,1.0,12
1782878400.0,1782907200.0,-1.2769,short,GBPUSD,session_range_fade,1.5,1.0,12
1782936000.0,1782964800.0,-1.2616,short,GBPUSD,session_range_fade,1.5,1.0,12
1722441600.0,1722484800.0,1.2035,short,GBPUSD,session_range_fade,1.5,1.0,30
1723132800.0,1723435200.0,-1.1909,short,GBPUSD,session_range_fade,1.5,1.0,30
1723737600.0,1723780800.0,-1.2028,short,GBPUSD,session_range_fade,1.5,1.0,30
1724817600.0,1724846400.0,-1.2552,long,GBPUSD,session_range_fade,1.5,1.0,30
1725292800.0,1725336000.0,-1.287,long,GBPUSD,session_range_fade,1.5,1.0,30
1725393600.0,1725451200.0,1.1858,long,GBPUSD,session_range_fade,1.5,1.0,30
1725494400.0,1725523200.0,-1.2701,short,GBPUSD,session_range_fade,1.5,1.0,30
1727712000.0,1727755200.0,-1.2246,long,GBPUSD,session_range_fade,1.5,1.0,30
1728446400.0,1728561600.0,1.2562,short,GBPUSD,session_range_fade,1.5,1.0,30
1728633600.0,1728979200.0,-1.239,short,GBPUSD,session_range_fade,1.5,1.0,30
1728993600.0,1729051200.0,1.2127,short,GBPUSD,session_range_fade,1.5,1.0,30
1729512000.0,1729598400.0,-1.2434,long,GBPUSD,session_range_fade,1.5,1.0,30
1730102400.0,1730232000.0,-1.2875,short,GBPUSD,session_range_fade,1.5,1.0,30
1731960000.0,1732003200.0,1.3024,short,GBPUSD,session_range_fade,1.5,1.0,30
1732017600.0,1732075200.0,-1.189,short,GBPUSD,session_range_fade,1.5,1.0,30
1732089600.0,1732204800.0,1.2937,short,GBPUSD,session_range_fade,1.5,1.0,30
1732608000.0,1732708800.0,-1.1478,short,GBPUSD,session_range_fade,1.5,1.0,30
1733083200.0,1733140800.0,1.2683,short,GBPUSD,session_range_fade,1.5,1.0,30
1733299200.0,1733385600.0,1.3412,long,GBPUSD,session_range_fade,1.5,1.0,30
1733745600.0,1733774400.0,1.305,short,GBPUSD,session_range_fade,1.5,1.0,30
1733889600.0,1733918400.0,1.2905,long,GBPUSD,session_range_fade,1.5,1.0,30
1733932800.0,1734004800.0,-1.1976,long,GBPUSD,session_range_fade,1.5,1.0,30
1735272000.0,1735286400.0,-1.3244,short,GBPUSD,session_range_fade,1.5,1.0,30
1735560000.0,1735574400.0,-1.21,short,GBPUSD,session_range_fade,1.5,1.0,30
1735632000.0,1735804800.0,1.3202,short,GBPUSD,session_range_fade,1.5,1.0,30
1736913600.0,1736942400.0,-1.1165,short,GBPUSD,session_range_fade,1.5,1.0,30
1737345600.0,1737374400.0,-1.1716,short,GBPUSD,session_range_fade,1.5,1.0,30
1738051200.0,1738526400.0,-1.1502,long,GBPUSD,session_range_fade,1.5,1.0,30
1739304000.0,1739361600.0,1.2937,short,GBPUSD,session_range_fade,1.5,1.0,30
1739390400.0,1739419200.0,-1.1696,short,GBPUSD,session_range_fade,1.5,1.0,30
1739880000.0,1739952000.0,1.2542,short,GBPUSD,session_range_fade,1.5,1.0,30
1739966400.0,1740052800.0,1.2879,long,GBPUSD,session_range_fade,1.5,1.0,30
1740124800.0,1740355200.0,1.2589,long,GBPUSD,session_range_fade,1.5,1.0,30
1740398400.0,1740484800.0,1.2932,long,GBPUSD,session_range_fade,1.5,1.0,30
1740528000.0,1740571200.0,1.3011,long,GBPUSD,session_range_fade,1.5,1.0,30
1740686400.0,1740758400.0,-1.2088,long,GBPUSD,session_range_fade,1.5,1.0,30
1741579200.0,1741608000.0,1.309,long,GBPUSD,session_range_fade,1.5,1.0,30
1741622400.0,1741680000.0,1.3183,long,GBPUSD,session_range_fade,1.5,1.0,30
1741694400.0,1742284800.0,1.3188,long,GBPUSD,session_range_fade,1.5,1.0,30
1742414400.0,1742443200.0,1.2527,short,GBPUSD,session_range_fade,1.5,1.0,30
1742457600.0,1742529600.0,-1.2131,long,GBPUSD,session_range_fade,1.5,1.0,30
1742846400.0,1742976000.0,-1.218,long,GBPUSD,session_range_fade,1.5,1.0,30
1743134400.0,1743422400.0,1.2876,short,GBPUSD,session_range_fade,1.5,1.0,30
1743595200.0,1743624000.0,-1.1871,short,GBPUSD,session_range_fade,1.5,1.0,30
1744848000.0,1744891200.0,1.297,long,GBPUSD,session_range_fade,1.5,1.0,30
1744905600.0,1745179200.0,1.2993,long,GBPUSD,session_range_fade,1.5,1.0,30
1745553600.0,1745841600.0,1.3282,long,GBPUSD,session_range_fade,1.5,1.0,30
1745884800.0,1746000000.0,1.3101,short,GBPUSD,session_range_fade,1.5,1.0,30
1746388800.0,1746432000.0,1.298,long,GBPUSD,session_range_fade,1.5,1.0,30
1746446400.0,1746518400.0,1.3195,long,GBPUSD,session_range_fade,1.5,1.0,30
1747339200.0,1747411200.0,1.3019,short,GBPUSD,session_range_fade,1.5,1.0,30
1747598400.0,1747627200.0,-1.2249,short,GBPUSD,session_range_fade,1.5,1.0,30
1747972800.0,1748001600.0,-1.1869,short,GBPUSD,session_range_fade,1.5,1.0,30
1748347200.0,1748404800.0,-1.2214,long,GBPUSD,session_range_fade,1.5,1.0,30
1748606400.0,1748836800.0,1.3054,long,GBPUSD,session_range_fade,1.5,1.0,30
1749052800.0,1749110400.0,-1.2013,short,GBPUSD,session_range_fade,1.5,1.0,30
1749513600.0,1749528000.0,-1.2474,long,GBPUSD,session_range_fade,1.5,1.0,30
1751356800.0,1751371200.0,-1.2259,long,GBPUSD,session_range_fade,1.5,1.0,30
1751385600.0,1751428800.0,-1.2209,long,GBPUSD,session_range_fade,1.5,1.0,30
1752105600.0,1752148800.0,1.287,short,GBPUSD,session_range_fade,1.5,1.0,30
1752177600.0,1752206400.0,1.2661,short,GBPUSD,session_range_fade,1.5,1.0,30
1753041600.0,1753070400.0,-1.2537,short,GBPUSD,session_range_fade,1.5,1.0,30
1753387200.0,1753416000.0,-1.2748,long,GBPUSD,session_range_fade,1.5,1.0,30
1754452800.0,1754481600.0,-1.2222,short,GBPUSD,session_range_fade,1.5,1.0,30
1754971200.0,1755000000.0,-1.2678,short,GBPUSD,session_range_fade,1.5,1.0,30
1755273600.0,1755504000.0,-1.2925,long,GBPUSD,session_range_fade,1.5,1.0,30
1755532800.0,1755619200.0,-1.3457,long,GBPUSD,session_range_fade,1.5,1.0,30
1755763200.0,1755777600.0,-1.255,long,GBPUSD,session_range_fade,1.5,1.0,30
1756411200.0,1756454400.0,1.2422,short,GBPUSD,session_range_fade,1.5,1.0,30
1756684800.0,1756785600.0,1.2489,short,GBPUSD,session_range_fade,1.5,1.0,30
1757448000.0,1757505600.0,-1.2539,short,GBPUSD,session_range_fade,1.5,1.0,30
1757664000.0,1757908800.0,1.265,long,GBPUSD,session_range_fade,1.5,1.0,30
1757980800.0,1758009600.0,-1.2491,short,GBPUSD,session_range_fade,1.5,1.0,30
1758585600.0,1758614400.0,-1.257,long,GBPUSD,session_range_fade,1.5,1.0,30
1758686400.0,1758700800.0,-1.2867,long,GBPUSD,session_range_fade,1.5,1.0,30
1759766400.0,1759809600.0,1.2862,short,GBPUSD,session_range_fade,1.5,1.0,30
1760918400.0,1761004800.0,1.267,short,GBPUSD,session_range_fade,1.5,1.0,30
1761220800.0,1761307200.0,1.2824,long,GBPUSD,session_range_fade,1.5,1.0,30
1761321600.0,1761609600.0,1.2696,long,GBPUSD,session_range_fade,1.5,1.0,30
1761696000.0,1761710400.0,-1.2393,long,GBPUSD,session_range_fade,1.5,1.0,30
1762200000.0,1762243200.0,1.2158,short,GBPUSD,session_range_fade,1.5,1.0,30
1762416000.0,1762430400.0,-1.2437,short,GBPUSD,session_range_fade,1.5,1.0,30
1762819200.0,1762833600.0,1.2632,short,GBPUSD,session_range_fade,1.5,1.0,30
1762862400.0,1762934400.0,1.2957,short,GBPUSD,session_range_fade,1.5,1.0,30
1763337600.0,1763539200.0,-1.1725,long,GBPUSD,session_range_fade,1.5,1.0,30
1763740800.0,1764072000.0,1.3254,long,GBPUSD,session_range_fade,1.5,1.0,30
1764604800.0,1764662400.0,-1.2305,long,GBPUSD,session_range_fade,1.5,1.0,30
1764676800.0,1764734400.0,1.2675,long,GBPUSD,session_range_fade,1.5,1.0,30
1764748800.0,1764763200.0,-1.2332,short,GBPUSD,session_range_fade,1.5,1.0,30
1765137600.0,1765281600.0,-1.2745,long,GBPUSD,session_range_fade,1.5,1.0,30
1765310400.0,1765368000.0,1.1839,long,GBPUSD,session_range_fade,1.5,1.0,30
1765756800.0,1765800000.0,1.243,long,GBPUSD,session_range_fade,1.5,1.0,30
1765872000.0,1765886400.0,-1.2719,short,GBPUSD,session_range_fade,1.5,1.0,30
1766721600.0,1766750400.0,1.2165,long,GBPUSD,session_range_fade,1.5,1.0,30
1766764800.0,1766995200.0,-1.2936,long,GBPUSD,session_range_fade,1.5,1.0,30
1767009600.0,1767096000.0,-1.2757,long,GBPUSD,session_range_fade,1.5,1.0,30
1768176000.0,1768204800.0,1.2297,long,GBPUSD,session_range_fade,1.5,1.0,30
1768852800.0,1768881600.0,-1.2779,short,GBPUSD,session_range_fade,1.5,1.0,30
1769083200.0,1769155200.0,-1.1847,short,GBPUSD,session_range_fade,1.5,1.0,30
1769731200.0,1769788800.0,-1.1307,long,GBPUSD,session_range_fade,1.5,1.0,30
1770163200.0,1770206400.0,-1.1963,long,GBPUSD,session_range_fade,1.5,1.0,30
1770753600.0,1770768000.0,-1.2059,short,GBPUSD,session_range_fade,1.5,1.0,30
1770969600.0,1770998400.0,1.2963,long,GBPUSD,session_range_fade,1.5,1.0,30
1771257600.0,1771286400.0,-1.2769,long,GBPUSD,session_range_fade,1.5,1.0,30
1771804800.0,1772035200.0,-1.1973,short,GBPUSD,session_range_fade,1.5,1.0,30
1772092800.0,1772121600.0,1.2621,short,GBPUSD,session_range_fade,1.5,1.0,30
1772755200.0,1772827200.0,-1.1476,short,GBPUSD,session_range_fade,1.5,1.0,30
1773028800.0,1773057600.0,-1.1262,short,GBPUSD,session_range_fade,1.5,1.0,30
1773662400.0,1773748800.0,1.3168,long,GBPUSD,session_range_fade,1.5,1.0,30
1773864000.0,1773921600.0,1.3137,long,GBPUSD,session_range_fade,1.5,1.0,30
1774497600.0,1774598400.0,-1.1653,long,GBPUSD,session_range_fade,1.5,1.0,30
1774612800.0,1774814400.0,-1.172,long,GBPUSD,session_range_fade,1.5,1.0,30
1775203200.0,1775419200.0,1.3269,short,GBPUSD,session_range_fade,1.5,1.0,30
1775448000.0,1775548800.0,-1.231,short,GBPUSD,session_range_fade,1.5,1.0,30
1775836800.0,1776024000.0,1.2824,short,GBPUSD,session_range_fade,1.5,1.0,30
1776038400.0,1776081600.0,1.2764,long,GBPUSD,session_range_fade,1.5,1.0,30
1776340800.0,1776398400.0,-1.2568,long,GBPUSD,session_range_fade,1.5,1.0,30
1776427200.0,1776441600.0,-1.2503,long,GBPUSD,session_range_fade,1.5,1.0,30
1776456000.0,1776628800.0,-1.2544,long,GBPUSD,session_range_fade,1.5,1.0,30
1776643200.0,1776787200.0,-1.2268,long,GBPUSD,session_range_fade,1.5,1.0,30
1776816000.0,1776960000.0,-1.2189,long,GBPUSD,session_range_fade,1.5,1.0,30
1777003200.0,1777032000.0,1.2418,long,GBPUSD,session_range_fade,1.5,1.0,30
1777046400.0,1777276800.0,-1.2505,short,GBPUSD,session_range_fade,1.5,1.0,30
1777363200.0,1777377600.0,1.2589,long,GBPUSD,session_range_fade,1.5,1.0,30
1777392000.0,1777464000.0,1.2544,short,GBPUSD,session_range_fade,1.5,1.0,30
1778025600.0,1778054400.0,1.2815,long,GBPUSD,session_range_fade,1.5,1.0,30
1779307200.0,1779652800.0,-1.2237,short,GBPUSD,session_range_fade,1.5,1.0,30
1779825600.0,1779868800.0,-1.3145,long,GBPUSD,session_range_fade,1.5,1.0,30
1780372800.0,1780488000.0,1.2426,short,GBPUSD,session_range_fade,1.5,1.0,30
1780560000.0,1780588800.0,1.2061,short,GBPUSD,session_range_fade,1.5,1.0,30
1780603200.0,1780646400.0,1.2143,long,GBPUSD,session_range_fade,1.5,1.0,30
1781582400.0,1781611200.0,-1.2585,short,GBPUSD,session_range_fade,1.5,1.0,30
1781625600.0,1781697600.0,1.2249,short,GBPUSD,session_range_fade,1.5,1.0,30
1782244800.0,1782302400.0,1.2622,short,GBPUSD,session_range_fade,1.5,1.0,30
1782432000.0,1782460800.0,-1.2453,short,GBPUSD,session_range_fade,1.5,1.0,30
1782691200.0,1782705600.0,-1.2469,short,GBPUSD,session_range_fade,1.5,1.0,30
1782720000.0,1782748800.0,-1.235,short,GBPUSD,session_range_fade,1.5,1.0,30
1782878400.0,1782907200.0,-1.2769,short,GBPUSD,session_range_fade,1.5,1.0,30
1782936000.0,1782964800.0,-1.2616,short,GBPUSD,session_range_fade,1.5,1.0,30
1722441600.0,1722484800.0,1.2719,short,GBPUSD,session_range_fade,1.5,1.3,12
1723132800.0,1723464000.0,-1.1468,short,GBPUSD,session_range_fade,1.5,1.3,12
1723737600.0,1723795200.0,-1.156,short,GBPUSD,session_range_fade,1.5,1.3,12
1724817600.0,1724846400.0,-1.1963,long,GBPUSD,session_range_fade,1.5,1.3,12
1725292800.0,1725336000.0,-1.2208,long,GBPUSD,session_range_fade,1.5,1.3,12
1725393600.0,1725451200.0,1.2583,long,GBPUSD,session_range_fade,1.5,1.3,12
1725494400.0,1725537600.0,-1.2078,short,GBPUSD,session_range_fade,1.5,1.3,12
1727712000.0,1727769600.0,-1.1728,long,GBPUSD,session_range_fade,1.5,1.3,12
1728446400.0,1728561600.0,1.3125,short,GBPUSD,session_range_fade,1.5,1.3,12
1728633600.0,1728964800.0,-0.5372,short,GBPUSD,session_range_fade,1.5,1.3,12
1728979200.0,1729051200.0,1.2798,short,GBPUSD,session_range_fade,1.5,1.3,12
1729512000.0,1729598400.0,-1.1872,long,GBPUSD,session_range_fade,1.5,1.3,12
1730102400.0,1730275200.0,-1.2211,short,GBPUSD,session_range_fade,1.5,1.3,12
1731960000.0,1732003200.0,1.348,short,GBPUSD,session_range_fade,1.5,1.3,12
1732017600.0,1732075200.0,-1.1454,short,GBPUSD,session_range_fade,1.5,1.3,12
1732089600.0,1732204800.0,1.3413,short,GBPUSD,session_range_fade,1.5,1.3,12
1732608000.0,1732708800.0,-1.1137,short,GBPUSD,session_range_fade,1.5,1.3,12
1733083200.0,1733140800.0,1.3217,short,GBPUSD,session_range_fade,1.5,1.3,12
1733299200.0,1733400000.0,1.3778,long,GBPUSD,session_range_fade,1.5,1.3,12
1733745600.0,1733832000.0,1.35,short,GBPUSD,session_range_fade,1.5,1.3,12
1733889600.0,1734004800.0,-1.1611,long,GBPUSD,session_range_fade,1.5,1.3,12
1735272000.0,1735286400.0,-1.2495,short,GBPUSD,session_range_fade,1.5,1.3,12
1735560000.0,1735574400.0,-1.1616,short,GBPUSD,session_range_fade,1.5,1.3,12
1735632000.0,1735804800.0,1.3617,short,GBPUSD,session_range_fade,1.5,1.3,12
1736913600.0,1736942400.0,-1.0896,short,GBPUSD,session_range_fade,1.5,1.3,12
1737345600.0,1737374400.0,-1.132,short,GBPUSD,session_range_fade,1.5,1.3,12
1738051200.0,1738252800.0,0.5009,long,GBPUSD,session_range_fade,1.5,1.3,12
1738267200.0,1738526400.0,-1.1453,long,GBPUSD,session_range_fade,1.5,1.3,12
1739304000.0,1739361600.0,1.3413,short,GBPUSD,session_range_fade,1.5,1.3,12
1739390400.0,1739419200.0,-1.1305,short,GBPUSD,session_range_fade,1.5,1.3,12
1739880000.0,1739980800.0,1.3109,short,GBPUSD,session_range_fade,1.5,1.3,12
1739995200.0,1740052800.0,1.3334,long,GBPUSD,session_range_fade,1.5,1.3,12
1740124800.0,1740456000.0,-1.1272,long,GBPUSD,session_range_fade,1.5,1.3,12
1740470400.0,1740585600.0,1.3444,long,GBPUSD,session_range_fade,1.5,1.3,12
1740686400.0,1740988800.0,1.3394,long,GBPUSD,session_range_fade,1.5,1.3,12
1741579200.0,1741708800.0,1.3531,long,GBPUSD,session_range_fade,1.5,1.3,12
1741881600.0,1742212800.0,0.9064,long,GBPUSD,session_range_fade,1.5,1.3,12
1742227200.0,1742400000.0,-0.3892,short,GBPUSD,session_range_fade,1.5,1.3,12
1742414400.0,1742457600.0,1.3097,short,GBPUSD,session_range_fade,1.5,1.3,12
1742515200.0,1742558400.0,-1.1795,long,GBPUSD,session_range_fade,1.5,1.3,12
1742846400.0,1742990400.0,-1.1677,long,GBPUSD,session_range_fade,1.5,1.3,12
1743134400.0,1743422400.0,1.3366,short,GBPUSD,session_range_fade,1.5,1.3,12
1743595200.0,1743624000.0,-1.1439,short,GBPUSD,session_range_fade,1.5,1.3,12
1744848000.0,1744934400.0,1.3439,long,GBPUSD,session_range_fade,1.5,1.3,12
1744948800.0,1745193600.0,1.3354,long,GBPUSD,session_range_fade,1.5,1.3,12
1745553600.0,1745841600.0,1.3678,long,GBPUSD,session_range_fade,1.5,1.3,12
1745884800.0,1746014400.0,1.3539,short,GBPUSD,session_range_fade,1.5,1.3,12
1746388800.0,1746446400.0,1.3446,long,GBPUSD,session_range_fade,1.5,1.3,12
1746460800.0,1746518400.0,1.3474,long,GBPUSD,session_range_fade,1.5,1.3,12
1747339200.0,1747627200.0,-1.1524,short,GBPUSD,session_range_fade,1.5,1.3,12
1747972800.0,1748001600.0,-1.1438,short,GBPUSD,session_range_fade,1.5,1.3,12
1748347200.0,1748404800.0,-1.1703,long,GBPUSD,session_range_fade,1.5,1.3,12
1748606400.0,1748836800.0,1.3503,long,GBPUSD,session_range_fade,1.5,1.3,12
1749052800.0,1749124800.0,-1.1548,short,GBPUSD,session_range_fade,1.5,1.3,12
1749513600.0,1749528000.0,-1.1903,long,GBPUSD,session_range_fade,1.5,1.3,12
1751356800.0,1751371200.0,-1.1738,long,GBPUSD,session_range_fade,1.5,1.3,12
1751385600.0,1751443200.0,-1.1699,long,GBPUSD,session_range_fade,1.5,1.3,12
1752105600.0,1752148800.0,1.3362,short,GBPUSD,session_range_fade,1.5,1.3,12
1752177600.0,1752220800.0,1.3201,short,GBPUSD,session_range_fade,1.5,1.3,12
1753041600.0,1753084800.0,-1.1952,short,GBPUSD,session_range_fade,1.5,1.3,12
1753387200.0,1753416000.0,-1.2114,long,GBPUSD,session_range_fade,1.5,1.3,12
1754452800.0,1754481600.0,-1.171,short,GBPUSD,session_range_fade,1.5,1.3,12
1754971200.0,1755000000.0,-1.206,short,GBPUSD,session_range_fade,1.5,1.3,12
1755273600.0,1755518400.0,-1.225,long,GBPUSD,session_range_fade,1.5,1.3,12
1755532800.0,1755619200.0,-1.2659,long,GBPUSD,session_range_fade,1.5,1.3,12
1755763200.0,1755777600.0,-1.1961,long,GBPUSD,session_range_fade,1.5,1.3,12
1756411200.0,1756454400.0,1.3017,short,GBPUSD,session_range_fade,1.5,1.3,12
1756684800.0,1756785600.0,1.3069,short,GBPUSD,session_range_fade,1.5,1.3,12
1757448000.0,1757505600.0,-1.1953,short,GBPUSD,session_range_fade,1.5,1.3,12
1757664000.0,1757923200.0,1.3193,long,GBPUSD,session_range_fade,1.5,1.3,12
1757980800.0,1758024000.0,-1.1916,short,GBPUSD,session_range_fade,1.5,1.3,12
1758585600.0,1758700800.0,-1.1977,long,GBPUSD,session_range_fade,1.5,1.3,12
1759766400.0,1759824000.0,1.3356,short,GBPUSD,session_range_fade,1.5,1.3,12
1760918400.0,1761019200.0,1.3208,short,GBPUSD,session_range_fade,1.5,1.3,12
1761220800.0,1761552000.0,0.5112,long,GBPUSD,session_range_fade,1.5,1.3,12
1761696000.0,1761724800.0,-1.1841,long,GBPUSD,session_range_fade,1.5,1.3,12
1762200000.0,1762243200.0,1.2814,short,GBPUSD,session_range_fade,1.5,1.3,12
1762416000.0,1762444800.0,-1.1875,short,GBPUSD,session_range_fade,1.5,1.3,12
1762819200.0,1762934400.0,1.3178,short,GBPUSD,session_range_fade,1.5,1.3,12
1763337600.0,1763510400.0,-0.2346,long,GBPUSD,session_range_fade,1.5,1.3,12
1763524800.0,1763539200.0,-1.1967,long,GBPUSD,session_range_fade,1.5,1.3,12
1763740800.0,1764072000.0,1.3657,long,GBPUSD,session_range_fade,1.5,1.3,12
1764604800.0,1764748800.0,1.3227,long,GBPUSD,session_range_fade,1.5,1.3,12
1765137600.0,1765281600.0,-1.2112,long,GBPUSD,session_range_fade,1.5,1.3,12
1765310400.0,1765382400.0,1.2568,long,GBPUSD,session_range_fade,1.5,1.3,12
1765756800.0,1765872000.0,1.3023,long,GBPUSD,session_range_fade,1.5,1.3,12
1766721600.0,1767052800.0,0.513,long,GBPUSD,session_range_fade,1.5,1.3,12
1767067200.0,1767096000.0,-1.2148,long,GBPUSD,session_range_fade,1.5,1.3,12
1768176000.0,1768204800.0,1.2921,long,GBPUSD,session_range_fade,1.5,1.3,12
1768852800.0,1768881600.0,-1.2138,short,GBPUSD,session_range_fade,1.5,1.3,12
1769083200.0,1769155200.0,-1.1421,short,GBPUSD,session_range_fade,1.5,1.3,12
1769731200.0,1769788800.0,-1.1005,long,GBPUSD,session_range_fade,1.5,1.3,12
1770163200.0,1770220800.0,-1.151,long,GBPUSD,session_range_fade,1.5,1.3,12
1770753600.0,1770782400.0,-1.1584,short,GBPUSD,session_range_fade,1.5,1.3,12
1770969600.0,1771300800.0,-1.1567,long,GBPUSD,session_range_fade,1.5,1.3,12
1771804800.0,1771977600.0,-0.0417,short,GBPUSD,session_range_fade,1.5,1.3,12
1771992000.0,1772035200.0,-1.1774,short,GBPUSD,session_range_fade,1.5,1.3,12
1772092800.0,1772121600.0,1.317,short,GBPUSD,session_range_fade,1.5,1.3,12
1772755200.0,1773014400.0,1.3864,short,GBPUSD,session_range_fade,1.5,1.3,12
1773028800.0,1773072000.0,-1.0971,short,GBPUSD,session_range_fade,1.5,1.3,12
1773662400.0,1773806400.0,1.3591,long,GBPUSD,session_range_fade,1.5,1.3,12
1773864000.0,1773921600.0,1.3567,long,GBPUSD,session_range_fade,1.5,1.3,12
1774497600.0,1774598400.0,-1.1272,long,GBPUSD,session_range_fade,1.5,1.3,12
1774612800.0,1774814400.0,-1.1323,long,GBPUSD,session_range_fade,1.5,1.3,12
1775203200.0,1775534400.0,-0.0899,short,GBPUSD,session_range_fade,1.5,1.3,12
1775836800.0,1776024000.0,1.3326,short,GBPUSD,session_range_fade,1.5,1.3,12
1776038400.0,1776081600.0,1.328,long,GBPUSD,session_range_fade,1.5,1.3,12
1776340800.0,1776427200.0,1.3024,long,GBPUSD,session_range_fade,1.5,1.3,12
1776441600.0,1776628800.0,-1.1839,long,GBPUSD,session_range_fade,1.5,1.3,12
1776643200.0,1776816000.0,-0.1474,long,GBPUSD,session_range_fade,1.5,1.3,12
1776830400.0,1776902400.0,-1.1739,long,GBPUSD,session_range_fade,1.5,1.3,12
1776916800.0,1776960000.0,-1.1781,long,GBPUSD,session_range_fade,1.5,1.3,12
1777003200.0,1777046400.0,1.3013,long,GBPUSD,session_range_fade,1.5,1.3,12
1777060800.0,1777291200.0,-1.2056,short,GBPUSD,session_range_fade,1.5,1.3,12
1777363200.0,1777406400.0,1.3145,long,GBPUSD,session_range_fade,1.5,1.3,12
1778025600.0,1778054400.0,1.3319,long,GBPUSD,session_range_fade,1.5,1.3,12
1779307200.0,1779480000.0,-0.126,short,GBPUSD,session_range_fade,1.5,1.3,12
1779825600.0,1779883200.0,-1.2419,long,GBPUSD,session_range_fade,1.5,1.3,12
1780372800.0,1780502400.0,1.302,short,GBPUSD,session_range_fade,1.5,1.3,12
1780560000.0,1780660800.0,1.2739,short,GBPUSD,session_range_fade,1.5,1.3,12
1781582400.0,1781712000.0,1.3012,short,GBPUSD,session_range_fade,1.5,1.3,12
1782244800.0,1782302400.0,1.3171,short,GBPUSD,session_range_fade,1.5,1.3,12
1782432000.0,1782720000.0,-1.1887,short,GBPUSD,session_range_fade,1.5,1.3,12
1782878400.0,1782907200.0,-1.213,short,GBPUSD,session_range_fade,1.5,1.3,12
1782936000.0,1782964800.0,-1.2012,short,GBPUSD,session_range_fade,1.5,1.3,12
1722441600.0,1722484800.0,1.2719,short,GBPUSD,session_range_fade,1.5,1.3,30
1723132800.0,1723464000.0,-1.1468,short,GBPUSD,session_range_fade,1.5,1.3,30
1723737600.0,1723795200.0,-1.156,short,GBPUSD,session_range_fade,1.5,1.3,30
1724817600.0,1724846400.0,-1.1963,long,GBPUSD,session_range_fade,1.5,1.3,30
1725292800.0,1725336000.0,-1.2208,long,GBPUSD,session_range_fade,1.5,1.3,30
1725393600.0,1725451200.0,1.2583,long,GBPUSD,session_range_fade,1.5,1.3,30
1725494400.0,1725537600.0,-1.2078,short,GBPUSD,session_range_fade,1.5,1.3,30
1727712000.0,1727769600.0,-1.1728,long,GBPUSD,session_range_fade,1.5,1.3,30
1728446400.0,1728561600.0,1.3125,short,GBPUSD,session_range_fade,1.5,1.3,30
1728633600.0,1728979200.0,-1.1839,short,GBPUSD,session_range_fade,1.5,1.3,30
1728993600.0,1729051200.0,1.279,short,GBPUSD,session_range_fade,1.5,1.3,30
1729512000.0,1729598400.0,-1.1872,long,GBPUSD,session_range_fade,1.5,1.3,30
1730102400.0,1730275200.0,-1.2211,short,GBPUSD,session_range_fade,1.5,1.3,30
1731960000.0,1732003200.0,1.348,short,GBPUSD,session_range_fade,1.5,1.3,30
1732017600.0,1732075200.0,-1.1454,short,GBPUSD,session_range_fade,1.5,1.3,30
1732089600.0,1732204800.0,1.3413,short,GBPUSD,session_range_fade,1.5,1.3,30
1732608000.0,1732708800.0,-1.1137,short,GBPUSD,session_range_fade,1.5,1.3,30
1733083200.0,1733140800.0,1.3217,short,GBPUSD,session_range_fade,1.5,1.3,30
1733299200.0,1733400000.0,1.3778,long,GBPUSD,session_range_fade,1.5,1.3,30
1733745600.0,1733832000.0,1.35,short,GBPUSD,session_range_fade,1.5,1.3,30
1733889600.0,1734004800.0,-1.1611,long,GBPUSD,session_range_fade,1.5,1.3,30
1735272000.0,1735286400.0,-1.2495,short,GBPUSD,session_range_fade,1.5,1.3,30
1735560000.0,1735574400.0,-1.1616,short,GBPUSD,session_range_fade,1.5,1.3,30
1735632000.0,1735804800.0,1.3617,short,GBPUSD,session_range_fade,1.5,1.3,30
1736913600.0,1736942400.0,-1.0896,short,GBPUSD,session_range_fade,1.5,1.3,30
1737345600.0,1737374400.0,-1.132,short,GBPUSD,session_range_fade,1.5,1.3,30
1738051200.0,1738526400.0,-1.1155,long,GBPUSD,session_range_fade,1.5,1.3,30
1739304000.0,1739361600.0,1.3413,short,GBPUSD,session_range_fade,1.5,1.3,30
1739390400.0,1739419200.0,-1.1305,short,GBPUSD,session_range_fade,1.5,1.3,30
1739880000.0,1739980800.0,1.3109,short,GBPUSD,session_range_fade,1.5,1.3,30
1739995200.0,1740052800.0,1.3334,long,GBPUSD,session_range_fade,1.5,1.3,30
1740124800.0,1740470400.0,-1.1855,long,GBPUSD,session_range_fade,1.5,1.3,30
1740484800.0,1740585600.0,1.345,long,GBPUSD,session_range_fade,1.5,1.3,30
1740686400.0,1740988800.0,1.3394,long,GBPUSD,session_range_fade,1.5,1.3,30
1741579200.0,1741708800.0,1.3531,long,GBPUSD,session_range_fade,1.5,1.3,30
1741881600.0,1742284800.0,1.3286,long,GBPUSD,session_range_fade,1.5,1.3,30
1742414400.0,1742457600.0,1.3097,short,GBPUSD,session_range_fade,1.5,1.3,30
1742515200.0,1742558400.0,-1.1795,long,GBPUSD,session_range_fade,1.5,1.3,30
1742846400.0,1742990400.0,-1.1677,long,GBPUSD,session_range_fade,1.5,1.3,30
1743134400.0,1743422400.0,1.3366,short,GBPUSD,session_range_fade,1.5,1.3,30
1743595200.0,1743624000.0,-1.1439,short,GBPUSD,session_range_fade,1.5,1.3,30
1744848000.0,1744934400.0,1.3439,long,GBPUSD,session_range_fade,1.5,1.3,30
1744948800.0,1745193600.0,1.3354,long,GBPUSD,session_range_fade,1.5,1.3,30
1745553600.0,1745841600.0,1.3678,long,GBPUSD,session_range_fade,1.5,1.3,30
1745884800.0,1746014400.0,1.3539,short,GBPUSD,session_range_fade,1.5,1.3,30
1746388800.0,1746446400.0,1.3446,long,GBPUSD,session_range_fade,1.5,1.3,30
1746460800.0,1746518400.0,1.3474,long,GBPUSD,session_range_fade,1.5,1.3,30
1747339200.0,1747627200.0,-1.1524,short,GBPUSD,session_range_fade,1.5,1.3,30
1747972800.0,1748001600.0,-1.1438,short,GBPUSD,session_range_fade,1.5,1.3,30
1748347200.0,1748404800.0,-1.1703,long,GBPUSD,session_range_fade,1.5,1.3,30
1748606400.0,1748836800.0,1.3503,long,GBPUSD,session_range_fade,1.5,1.3,30
1749052800.0,1749124800.0,-1.1548,short,GBPUSD,session_range_fade,1.5,1.3,30
1749513600.0,1749528000.0,-1.1903,long,GBPUSD,session_range_fade,1.5,1.3,30
1751356800.0,1751371200.0,-1.1738,long,GBPUSD,session_range_fade,1.5,1.3,30
1751385600.0,1751443200.0,-1.1699,long,GBPUSD,session_range_fade,1.5,1.3,30
1752105600.0,1752148800.0,1.3362,short,GBPUSD,session_range_fade,1.5,1.3,30
1752177600.0,1752220800.0,1.3201,short,GBPUSD,session_range_fade,1.5,1.3,30
1753041600.0,1753084800.0,-1.1952,short,GBPUSD,session_range_fade,1.5,1.3,30
1753387200.0,1753416000.0,-1.2114,long,GBPUSD,session_range_fade,1.5,1.3,30
1754452800.0,1754481600.0,-1.171,short,GBPUSD,session_range_fade,1.5,1.3,30
1754971200.0,1755000000.0,-1.206,short,GBPUSD,session_range_fade,1.5,1.3,30
1755273600.0,1755518400.0,-1.225,long,GBPUSD,session_range_fade,1.5,1.3,30
1755532800.0,1755619200.0,-1.2659,long,GBPUSD,session_range_fade,1.5,1.3,30
1755763200.0,1755777600.0,-1.1961,long,GBPUSD,session_range_fade,1.5,1.3,30
1756411200.0,1756454400.0,1.3017,short,GBPUSD,session_range_fade,1.5,1.3,30
1756684800.0,1756785600.0,1.3069,short,GBPUSD,session_range_fade,1.5,1.3,30
1757448000.0,1757505600.0,-1.1953,short,GBPUSD,session_range_fade,1.5,1.3,30
1757664000.0,1757923200.0,1.3193,long,GBPUSD,session_range_fade,1.5,1.3,30
1757980800.0,1758024000.0,-1.1916,short,GBPUSD,session_range_fade,1.5,1.3,30
1758585600.0,1758700800.0,-1.1977,long,GBPUSD,session_range_fade,1.5,1.3,30
1759766400.0,1759824000.0,1.3356,short,GBPUSD,session_range_fade,1.5,1.3,30
1760918400.0,1761019200.0,1.3208,short,GBPUSD,session_range_fade,1.5,1.3,30
1761220800.0,1761652800.0,-1.1674,long,GBPUSD,session_range_fade,1.5,1.3,30
1761696000.0,1761724800.0,-1.1841,long,GBPUSD,session_range_fade,1.5,1.3,30
1762200000.0,1762243200.0,1.2814,short,GBPUSD,session_range_fade,1.5,1.3,30
1762416000.0,1762444800.0,-1.1875,short,GBPUSD,session_range_fade,1.5,1.3,30
1762819200.0,1762934400.0,1.3178,short,GBPUSD,session_range_fade,1.5,1.3,30
1763337600.0,1763539200.0,-1.1327,long,GBPUSD,session_range_fade,1.5,1.3,30
1763740800.0,1764072000.0,1.3657,long,GBPUSD,session_range_fade,1.5,1.3,30
1764604800.0,1764748800.0,1.3227,long,GBPUSD,session_range_fade,1.5,1.3,30
1765137600.0,1765281600.0,-1.2112,long,GBPUSD,session_range_fade,1.5,1.3,30
1765310400.0,1765382400.0,1.2568,long,GBPUSD,session_range_fade,1.5,1.3,30
1765756800.0,1765872000.0,1.3023,long,GBPUSD,session_range_fade,1.5,1.3,30
1766721600.0,1767081600.0,1.2819,long,GBPUSD,session_range_fade,1.5,1.3,30
1767096000.0,1767168000.0,-1.1932,long,GBPUSD,session_range_fade,1.5,1.3,30
1768176000.0,1768204800.0,1.2921,long,GBPUSD,session_range_fade,1.5,1.3,30
1768852800.0,1768881600.0,-1.2138,short,GBPUSD,session_range_fade,1.5,1.3,30
1769083200.0,1769155200.0,-1.1421,short,GBPUSD,session_range_fade,1.5,1.3,30
1769731200.0,1769788800.0,-1.1005,long,GBPUSD,session_range_fade,1.5,1.3,30
1770163200.0,1770220800.0,-1.151,long,GBPUSD,session_range_fade,1.5,1.3,30
1770753600.0,1770782400.0,-1.1584,short,GBPUSD,session_range_fade,1.5,1.3,30
1770969600.0,1771300800.0,-1.1567,long,GBPUSD,session_range_fade,1.5,1.3,30
1771804800.0,1772035200.0,-1.1518,short,GBPUSD,session_range_fade,1.5,1.3,30
1772092800.0,1772121600.0,1.317,short,GBPUSD,session_range_fade,1.5,1.3,30
1772755200.0,1773014400.0,1.3864,short,GBPUSD,session_range_fade,1.5,1.3,30
1773028800.0,1773072000.0,-1.0971,short,GBPUSD,session_range_fade,1.5,1.3,30
1773662400.0,1773806400.0,1.3591,long,GBPUSD,session_range_fade,1.5,1.3,30
1773864000.0,1773921600.0,1.3567,long,GBPUSD,session_range_fade,1.5,1.3,30
1774497600.0,1774598400.0,-1.1272,long,GBPUSD,session_range_fade,1.5,1.3,30
1774612800.0,1774814400.0,-1.1323,long,GBPUSD,session_range_fade,1.5,1.3,30
1775203200.0,1775577600.0,-1.1332,short,GBPUSD,session_range_fade,1.5,1.3,30
1775836800.0,1776024000.0,1.3326,short,GBPUSD,session_range_fade,1.5,1.3,30
1776038400.0,1776081600.0,1.328,long,GBPUSD,session_range_fade,1.5,1.3,30
1776340800.0,1776427200.0,1.3024,long,GBPUSD,session_range_fade,1.5,1.3,30
1776441600.0,1776628800.0,-1.1839,long,GBPUSD,session_range_fade,1.5,1.3,30
1776643200.0,1776960000.0,-1.1745,long,GBPUSD,session_range_fade,1.5,1.3,30
1777003200.0,1777046400.0,1.3013,long,GBPUSD,session_range_fade,1.5,1.3,30
1777060800.0,1777291200.0,-1.2056,short,GBPUSD,session_range_fade,1.5,1.3,30
1777363200.0,1777406400.0,1.3145,long,GBPUSD,session_range_fade,1.5,1.3,30
1778025600.0,1778054400.0,1.3319,long,GBPUSD,session_range_fade,1.5,1.3,30
1779307200.0,1779652800.0,-1.1721,short,GBPUSD,session_range_fade,1.5,1.3,30
1779825600.0,1779883200.0,-1.2419,long,GBPUSD,session_range_fade,1.5,1.3,30
1780372800.0,1780502400.0,1.302,short,GBPUSD,session_range_fade,1.5,1.3,30
1780560000.0,1780660800.0,1.2739,short,GBPUSD,session_range_fade,1.5,1.3,30
1781582400.0,1781712000.0,1.3012,short,GBPUSD,session_range_fade,1.5,1.3,30
1782244800.0,1782302400.0,1.3171,short,GBPUSD,session_range_fade,1.5,1.3,30
1782432000.0,1782720000.0,-1.1887,short,GBPUSD,session_range_fade,1.5,1.3,30
1782878400.0,1782907200.0,-1.213,short,GBPUSD,session_range_fade,1.5,1.3,30
1782936000.0,1782964800.0,-1.2012,short,GBPUSD,session_range_fade,1.5,1.3,30
1722441600.0,1722484800.0,1.7035,short,GBPUSD,session_range_fade,2.0,1.0,12
1723132800.0,1723435200.0,-1.1909,short,GBPUSD,session_range_fade,2.0,1.0,12
1723737600.0,1723780800.0,-1.2028,short,GBPUSD,session_range_fade,2.0,1.0,12
1724817600.0,1724846400.0,-1.2552,long,GBPUSD,session_range_fade,2.0,1.0,12
1725292800.0,1725336000.0,-1.287,long,GBPUSD,session_range_fade,2.0,1.0,12
1725393600.0,1725451200.0,1.6858,long,GBPUSD,session_range_fade,2.0,1.0,12
1725494400.0,1725523200.0,-1.2701,short,GBPUSD,session_range_fade,2.0,1.0,12
1727712000.0,1727755200.0,-1.2246,long,GBPUSD,session_range_fade,2.0,1.0,12
1728446400.0,1728561600.0,1.7562,short,GBPUSD,session_range_fade,2.0,1.0,12
1728633600.0,1728964800.0,-0.6984,short,GBPUSD,session_range_fade,2.0,1.0,12
1728979200.0,1728993600.0,-1.2863,short,GBPUSD,session_range_fade,2.0,1.0,12
1729512000.0,1729598400.0,-1.2434,long,GBPUSD,session_range_fade,2.0,1.0,12
1730102400.0,1730232000.0,-1.2875,short,GBPUSD,session_range_fade,2.0,1.0,12
1731960000.0,1732003200.0,1.8024,short,GBPUSD,session_range_fade,2.0,1.0,12
1732017600.0,1732075200.0,-1.189,short,GBPUSD,session_range_fade,2.0,1.0,12
1732089600.0,1732204800.0,1.7937,short,GBPUSD,session_range_fade,2.0,1.0,12
1732608000.0,1732708800.0,-1.1478,short,GBPUSD,session_range_fade,2.0,1.0,12
1733083200.0,1733140800.0,1.7683,short,GBPUSD,session_range_fade,2.0,1.0,12
1733299200.0,1733400000.0,1.8412,long,GBPUSD,session_range_fade,2.0,1.0,12
1733745600.0,1733832000.0,1.805,short,GBPUSD,session_range_fade,2.0,1.0,12
1733889600.0,1734004800.0,-1.2095,long,GBPUSD,session_range_fade,2.0,1.0,12
1735272000.0,1735286400.0,-1.3244,short,GBPUSD,session_range_fade,2.0,1.0,12
1735560000.0,1735574400.0,-1.21,short,GBPUSD,session_range_fade,2.0,1.0,12
1735632000.0,1735804800.0,1.8202,short,GBPUSD,session_range_fade,2.0,1.0,12
1736913600.0,1736942400.0,-1.1165,short,GBPUSD,session_range_fade,2.0,1.0,12
1737345600.0,1737374400.0,-1.1716,short,GBPUSD,session_range_fade,2.0,1.0,12
1738051200.0,1738252800.0,0.6512,long,GBPUSD,session_range_fade,2.0,1.0,12
1738267200.0,1738324800.0,-1.1889,long,GBPUSD,session_range_fade,2.0,1.0,12
1738339200.0,1738526400.0,-1.1536,long,GBPUSD,session_range_fade,2.0,1.0,12
1739304000.0,1739361600.0,1.7937,short,GBPUSD,session_range_fade,2.0,1.0,12
1739390400.0,1739419200.0,-1.1696,short,GBPUSD,session_range_fade,2.0,1.0,12
1739880000.0,1739980800.0,1.7542,short,GBPUSD,session_range_fade,2.0,1.0,12
1739995200.0,1740052800.0,1.7834,long,GBPUSD,session_range_fade,2.0,1.0,12
1740124800.0,1740398400.0,-1.2411,long,GBPUSD,session_range_fade,2.0,1.0,12
1740412800.0,1740571200.0,1.7863,long,GBPUSD,session_range_fade,2.0,1.0,12
1740686400.0,1740758400.0,-1.2088,long,GBPUSD,session_range_fade,2.0,1.0,12
1741579200.0,1741622400.0,-1.191,long,GBPUSD,session_range_fade,2.0,1.0,12
1741636800.0,1741694400.0,1.8106,long,GBPUSD,session_range_fade,2.0,1.0,12
1741708800.0,1741752000.0,-1.1849,long,GBPUSD,session_range_fade,2.0,1.0,12
1741881600.0,1741953600.0,-1.2228,long,GBPUSD,session_range_fade,2.0,1.0,12
1742155200.0,1742198400.0,1.7412,long,GBPUSD,session_range_fade,2.0,1.0,12
1742212800.0,1742385600.0,0.4308,short,GBPUSD,session_range_fade,2.0,1.0,12
1742414400.0,1742457600.0,1.7527,short,GBPUSD,session_range_fade,2.0,1.0,12
1742515200.0,1742558400.0,-1.2333,long,GBPUSD,session_range_fade,2.0,1.0,12
1742846400.0,1742976000.0,-1.218,long,GBPUSD,session_range_fade,2.0,1.0,12
1743134400.0,1743436800.0,1.7876,short,GBPUSD,session_range_fade,2.0,1.0,12
1743595200.0,1743624000.0,-1.1871,short,GBPUSD,session_range_fade,2.0,1.0,12
1744848000.0,1744934400.0,1.797,long,GBPUSD,session_range_fade,2.0,1.0,12
1744948800.0,1745193600.0,1.786,long,GBPUSD,session_range_fade,2.0,1.0,12
1745553600.0,1745841600.0,1.8282,long,GBPUSD,session_range_fade,2.0,1.0,12
1745884800.0,1746014400.0,1.8101,short,GBPUSD,session_range_fade,2.0,1.0,12
1746388800.0,1746446400.0,1.798,long,GBPUSD,session_range_fade,2.0,1.0,12
1746460800.0,1746518400.0,1.8016,long,GBPUSD,session_range_fade,2.0,1.0,12
1747339200.0,1747627200.0,-1.1981,short,GBPUSD,session_range_fade,2.0,1.0,12
1747972800.0,1748001600.0,-1.1869,short,GBPUSD,session_range_fade,2.0,1.0,12
1748347200.0,1748404800.0,-1.2214,long,GBPUSD,session_range_fade,2.0,1.0,12
1748606400.0,1748836800.0,1.8054,long,GBPUSD,session_range_fade,2.0,1.0,12
1749052800.0,1749110400.0,-1.2013,short,GBPUSD,session_range_fade,2.0,1.0,12
1749513600.0,1749528000.0,-1.2474,long,GBPUSD,session_range_fade,2.0,1.0,12
1751356800.0,1751371200.0,-1.2259,long,GBPUSD,session_range_fade,2.0,1.0,12
1751385600.0,1751428800.0,-1.2209,long,GBPUSD,session_range_fade,2.0,1.0,12
1752105600.0,1752148800.0,1.787,short,GBPUSD,session_range_fade,2.0,1.0,12
1752177600.0,1752220800.0,1.7661,short,GBPUSD,session_range_fade,2.0,1.0,12
1753041600.0,1753070400.0,-1.2537,short,GBPUSD,session_range_fade,2.0,1.0,12
1753387200.0,1753416000.0,-1.2748,long,GBPUSD,session_range_fade,2.0,1.0,12
1754452800.0,1754481600.0,-1.2222,short,GBPUSD,session_range_fade,2.0,1.0,12
1754971200.0,1755000000.0,-1.2678,short,GBPUSD,session_range_fade,2.0,1.0,12
1755273600.0,1755504000.0,-1.2925,long,GBPUSD,session_range_fade,2.0,1.0,12
1755532800.0,1755619200.0,-1.3457,long,GBPUSD,session_range_fade,2.0,1.0,12
1755763200.0,1755777600.0,-1.255,long,GBPUSD,session_range_fade,2.0,1.0,12
1756411200.0,1756454400.0,1.7422,short,GBPUSD,session_range_fade,2.0,1.0,12
1756684800.0,1756785600.0,1.7489,short,GBPUSD,session_range_fade,2.0,1.0,12
1757448000.0,1757505600.0,-1.2539,short,GBPUSD,session_range_fade,2.0,1.0,12
1757664000.0,1757923200.0,1.765,long,GBPUSD,session_range_fade,2.0,1.0,12
1757980800.0,1758009600.0,-1.2491,short,GBPUSD,session_range_fade,2.0,1.0,12
1758585600.0,1758614400.0,-1.257,long,GBPUSD,session_range_fade,2.0,1.0,12
1758686400.0,1758700800.0,-1.2867,long,GBPUSD,session_range_fade,2.0,1.0,12
1759766400.0,1759824000.0,1.7862,short,GBPUSD,session_range_fade,2.0,1.0,12
1760918400.0,1761019200.0,1.767,short,GBPUSD,session_range_fade,2.0,1.0,12
1761220800.0,1761321600.0,-1.2176,long,GBPUSD,session_range_fade,2.0,1.0,12
1761336000.0,1761624000.0,1.7345,long,GBPUSD,session_range_fade,2.0,1.0,12
1761696000.0,1761710400.0,-1.2393,long,GBPUSD,session_range_fade,2.0,1.0,12
1762200000.0,1762243200.0,1.7158,short,GBPUSD,session_range_fade,2.0,1.0,12
1762416000.0,1762430400.0,-1.2437,short,GBPUSD,session_range_fade,2.0,1.0,12
1762819200.0,1762934400.0,1.7632,short,GBPUSD,session_range_fade,2.0,1.0,12
1763337600.0,1763510400.0,-0.305,long,GBPUSD,session_range_fade,2.0,1.0,12
1763524800.0,1763539200.0,-1.2557,long,GBPUSD,session_range_fade,2.0,1.0,12
1763740800.0,1764072000.0,1.8254,long,GBPUSD,session_range_fade,2.0,1.0,12
1764604800.0,1764662400.0,-1.2305,long,GBPUSD,session_range_fade,2.0,1.0,12
1764676800.0,1764748800.0,1.7675,long,GBPUSD,session_range_fade,2.0,1.0,12
1765137600.0,1765281600.0,-1.2745,long,GBPUSD,session_range_fade,2.0,1.0,12
1765310400.0,1765382400.0,1.6839,long,GBPUSD,session_range_fade,2.0,1.0,12
1765756800.0,1765872000.0,1.743,long,GBPUSD,session_range_fade,2.0,1.0,12
1766721600.0,1767052800.0,0.6669,long,GBPUSD,session_range_fade,2.0,1.0,12
1767067200.0,1767096000.0,-1.2792,long,GBPUSD,session_range_fade,2.0,1.0,12
1768176000.0,1768204800.0,1.7297,long,GBPUSD,session_range_fade,2.0,1.0,12
1768852800.0,1768881600.0,-1.2779,short,GBPUSD,session_range_fade,2.0,1.0,12
1769083200.0,1769155200.0,-1.1847,short,GBPUSD,session_range_fade,2.0,1.0,12
1769731200.0,1769788800.0,-1.1307,long,GBPUSD,session_range_fade,2.0,1.0,12
1770163200.0,1770206400.0,-1.1963,long,GBPUSD,session_range_fade,2.0,1.0,12
1770753600.0,1770768000.0,-1.2059,short,GBPUSD,session_range_fade,2.0,1.0,12
1770969600.0,1771300800.0,-1.2037,long,GBPUSD,session_range_fade,2.0,1.0,12
1771804800.0,1771977600.0,-0.0543,short,GBPUSD,session_range_fade,2.0,1.0,12
1771992000.0,1772035200.0,-1.2307,short,GBPUSD,session_range_fade,2.0,1.0,12
1772092800.0,1772121600.0,1.7621,short,GBPUSD,session_range_fade,2.0,1.0,12
1772755200.0,1772827200.0,-1.1476,short,GBPUSD,session_range_fade,2.0,1.0,12
1773028800.0,1773057600.0,-1.1262,short,GBPUSD,session_range_fade,2.0,1.0,12
1773662400.0,1773835200.0,0.3648,long,GBPUSD,session_range_fade,2.0,1.0,12
1773864000.0,1773921600.0,1.8137,long,GBPUSD,session_range_fade,2.0,1.0,12
1774497600.0,1774598400.0,-1.1653,long,GBPUSD,session_range_fade,2.0,1.0,12
1774612800.0,1774814400.0,-1.172,long,GBPUSD,session_range_fade,2.0,1.0,12
1775203200.0,1775534400.0,-0.1169,short,GBPUSD,session_range_fade,2.0,1.0,12
1775836800.0,1776024000.0,1.7824,short,GBPUSD,session_range_fade,2.0,1.0,12
1776038400.0,1776081600.0,1.7764,long,GBPUSD,session_range_fade,2.0,1.0,12
1776340800.0,1776398400.0,-1.2568,long,GBPUSD,session_range_fade,2.0,1.0,12
1776427200.0,1776441600.0,-1.2503,long,GBPUSD,session_range_fade,2.0,1.0,12
1776456000.0,1776628800.0,-1.2544,long,GBPUSD,session_range_fade,2.0,1.0,12
1776643200.0,1776787200.0,-1.2268,long,GBPUSD,session_range_fade,2.0,1.0,12
1776816000.0,1776960000.0,-1.2189,long,GBPUSD,session_range_fade,2.0,1.0,12
1777003200.0,1777046400.0,1.7418,long,GBPUSD,session_range_fade,2.0,1.0,12
1777060800.0,1777276800.0,-1.2673,short,GBPUSD,session_range_fade,2.0,1.0,12
1777363200.0,1777420800.0,1.7589,long,GBPUSD,session_range_fade,2.0,1.0,12
1778025600.0,1778054400.0,1.7815,long,GBPUSD,session_range_fade,2.0,1.0,12
1779307200.0,1779480000.0,-0.1637,short,GBPUSD,session_range_fade,2.0,1.0,12
1779825600.0,1779868800.0,-1.3145,long,GBPUSD,session_range_fade,2.0,1.0,12
1780372800.0,1780502400.0,1.7426,short,GBPUSD,session_range_fade,2.0,1.0,12
1780560000.0,1780646400.0,-1.2939,short,GBPUSD,session_range_fade,2.0,1.0,12
1781582400.0,1781611200.0,-1.2585,short,GBPUSD,session_range_fade,2.0,1.0,12
1781625600.0,1781712000.0,1.7249,short,GBPUSD,session_range_fade,2.0,1.0,12
1782244800.0,1782302400.0,1.7622,short,GBPUSD,session_range_fade,2.0,1.0,12
1782432000.0,1782460800.0,-1.2453,short,GBPUSD,session_range_fade,2.0,1.0,12
1782691200.0,1782705600.0,-1.2469,short,GBPUSD,session_range_fade,2.0,1.0,12
1782720000.0,1782748800.0,-1.235,short,GBPUSD,session_range_fade,2.0,1.0,12
1782878400.0,1782907200.0,-1.2769,short,GBPUSD,session_range_fade,2.0,1.0,12
1782936000.0,1782964800.0,-1.2616,short,GBPUSD,session_range_fade,2.0,1.0,12
1722441600.0,1722484800.0,1.7035,short,GBPUSD,session_range_fade,2.0,1.0,30
1723132800.0,1723435200.0,-1.1909,short,GBPUSD,session_range_fade,2.0,1.0,30
1723737600.0,1723780800.0,-1.2028,short,GBPUSD,session_range_fade,2.0,1.0,30
1724817600.0,1724846400.0,-1.2552,long,GBPUSD,session_range_fade,2.0,1.0,30
1725292800.0,1725336000.0,-1.287,long,GBPUSD,session_range_fade,2.0,1.0,30
1725393600.0,1725451200.0,1.6858,long,GBPUSD,session_range_fade,2.0,1.0,30
1725494400.0,1725523200.0,-1.2701,short,GBPUSD,session_range_fade,2.0,1.0,30
1727712000.0,1727755200.0,-1.2246,long,GBPUSD,session_range_fade,2.0,1.0,30
1728446400.0,1728561600.0,1.7562,short,GBPUSD,session_range_fade,2.0,1.0,30
1728633600.0,1728979200.0,-1.239,short,GBPUSD,session_range_fade,2.0,1.0,30
1728993600.0,1729051200.0,1.7127,short,GBPUSD,session_range_fade,2.0,1.0,30
1729512000.0,1729598400.0,-1.2434,long,GBPUSD,session_range_fade,2.0,1.0,30
1730102400.0,1730232000.0,-1.2875,short,GBPUSD,session_range_fade,2.0,1.0,30
1731960000.0,1732003200.0,1.8024,short,GBPUSD,session_range_fade,2.0,1.0,30
1732017600.0,1732075200.0,-1.189,short,GBPUSD,session_range_fade,2.0,1.0,30
1732089600.0,1732204800.0,1.7937,short,GBPUSD,session_range_fade,2.0,1.0,30
1732608000.0,1732708800.0,-1.1478,short,GBPUSD,session_range_fade,2.0,1.0,30
1733083200.0,1733140800.0,1.7683,short,GBPUSD,session_range_fade,2.0,1.0,30
1733299200.0,1733400000.0,1.8412,long,GBPUSD,session_range_fade,2.0,1.0,30
1733745600.0,1733832000.0,1.805,short,GBPUSD,session_range_fade,2.0,1.0,30
1733889600.0,1734004800.0,-1.2095,long,GBPUSD,session_range_fade,2.0,1.0,30
1735272000.0,1735286400.0,-1.3244,short,GBPUSD,session_range_fade,2.0,1.0,30
1735560000.0,1735574400.0,-1.21,short,GBPUSD,session_range_fade,2.0,1.0,30
1735632000.0,1735804800.0,1.8202,short,GBPUSD,session_range_fade,2.0,1.0,30
1736913600.0,1736942400.0,-1.1165,short,GBPUSD,session_range_fade,2.0,1.0,30
1737345600.0,1737374400.0,-1.1716,short,GBPUSD,session_range_fade,2.0,1.0,30
1738051200.0,1738526400.0,-1.1502,long,GBPUSD,session_range_fade,2.0,1.0,30
1739304000.0,1739361600.0,1.7937,short,GBPUSD,session_range_fade,2.0,1.0,30
1739390400.0,1739419200.0,-1.1696,short,GBPUSD,session_range_fade,2.0,1.0,30
1739880000.0,1739980800.0,1.7542,short,GBPUSD,session_range_fade,2.0,1.0,30
1739995200.0,1740052800.0,1.7834,long,GBPUSD,session_range_fade,2.0,1.0,30
1740124800.0,1740398400.0,-1.2411,long,GBPUSD,session_range_fade,2.0,1.0,30
1740412800.0,1740571200.0,1.7863,long,GBPUSD,session_range_fade,2.0,1.0,30
1740686400.0,1740758400.0,-1.2088,long,GBPUSD,session_range_fade,2.0,1.0,30
1741579200.0,1741622400.0,-1.191,long,GBPUSD,session_range_fade,2.0,1.0,30
1741636800.0,1741694400.0,1.8106,long,GBPUSD,session_range_fade,2.0,1.0,30
1741708800.0,1741752000.0,-1.1849,long,GBPUSD,session_range_fade,2.0,1.0,30
1741881600.0,1741953600.0,-1.2228,long,GBPUSD,session_range_fade,2.0,1.0,30
1742155200.0,1742198400.0,1.7412,long,GBPUSD,session_range_fade,2.0,1.0,30
1742212800.0,1742428800.0,-1.2399,short,GBPUSD,session_range_fade,2.0,1.0,30
1742443200.0,1742457600.0,-1.2279,long,GBPUSD,session_range_fade,2.0,1.0,30
1742515200.0,1742558400.0,-1.2333,long,GBPUSD,session_range_fade,2.0,1.0,30
1742846400.0,1742976000.0,-1.218,long,GBPUSD,session_range_fade,2.0,1.0,30
1743134400.0,1743436800.0,1.7876,short,GBPUSD,session_range_fade,2.0,1.0,30
1743595200.0,1743624000.0,-1.1871,short,GBPUSD,session_range_fade,2.0,1.0,30
1744848000.0,1744934400.0,1.797,long,GBPUSD,session_range_fade,2.0,1.0,30
1744948800.0,1745193600.0,1.786,long,GBPUSD,session_range_fade,2.0,1.0,30
1745553600.0,1745841600.0,1.8282,long,GBPUSD,session_range_fade,2.0,1.0,30
1745884800.0,1746014400.0,1.8101,short,GBPUSD,session_range_fade,2.0,1.0,30
1746388800.0,1746446400.0,1.798,long,GBPUSD,session_range_fade,2.0,1.0,30
1746460800.0,1746518400.0,1.8016,long,GBPUSD,session_range_fade,2.0,1.0,30
1747339200.0,1747627200.0,-1.1981,short,GBPUSD,session_range_fade,2.0,1.0,30
1747972800.0,1748001600.0,-1.1869,short,GBPUSD,session_range_fade,2.0,1.0,30
1748347200.0,1748404800.0,-1.2214,long,GBPUSD,session_range_fade,2.0,1.0,30
1748606400.0,1748836800.0,1.8054,long,GBPUSD,session_range_fade,2.0,1.0,30
1749052800.0,1749110400.0,-1.2013,short,GBPUSD,session_range_fade,2.0,1.0,30
1749513600.0,1749528000.0,-1.2474,long,GBPUSD,session_range_fade,2.0,1.0,30
1751356800.0,1751371200.0,-1.2259,long,GBPUSD,session_range_fade,2.0,1.0,30
1751385600.0,1751428800.0,-1.2209,long,GBPUSD,session_range_fade,2.0,1.0,30
1752105600.0,1752148800.0,1.787,short,GBPUSD,session_range_fade,2.0,1.0,30
1752177600.0,1752220800.0,1.7661,short,GBPUSD,session_range_fade,2.0,1.0,30
1753041600.0,1753070400.0,-1.2537,short,GBPUSD,session_range_fade,2.0,1.0,30
1753387200.0,1753416000.0,-1.2748,long,GBPUSD,session_range_fade,2.0,1.0,30
1754452800.0,1754481600.0,-1.2222,short,GBPUSD,session_range_fade,2.0,1.0,30
1754971200.0,1755000000.0,-1.2678,short,GBPUSD,session_range_fade,2.0,1.0,30
1755273600.0,1755504000.0,-1.2925,long,GBPUSD,session_range_fade,2.0,1.0,30
1755532800.0,1755619200.0,-1.3457,long,GBPUSD,session_range_fade,2.0,1.0,30
1755763200.0,1755777600.0,-1.255,long,GBPUSD,session_range_fade,2.0,1.0,30
1756411200.0,1756454400.0,1.7422,short,GBPUSD,session_range_fade,2.0,1.0,30
1756684800.0,1756785600.0,1.7489,short,GBPUSD,session_range_fade,2.0,1.0,30
1757448000.0,1757505600.0,-1.2539,short,GBPUSD,session_range_fade,2.0,1.0,30
1757664000.0,1757923200.0,1.765,long,GBPUSD,session_range_fade,2.0,1.0,30
1757980800.0,1758009600.0,-1.2491,short,GBPUSD,session_range_fade,2.0,1.0,30
1758585600.0,1758614400.0,-1.257,long,GBPUSD,session_range_fade,2.0,1.0,30
1758686400.0,1758700800.0,-1.2867,long,GBPUSD,session_range_fade,2.0,1.0,30
1759766400.0,1759824000.0,1.7862,short,GBPUSD,session_range_fade,2.0,1.0,30
1760918400.0,1761019200.0,1.767,short,GBPUSD,session_range_fade,2.0,1.0,30
1761220800.0,1761321600.0,-1.2176,long,GBPUSD,session_range_fade,2.0,1.0,30
1761336000.0,1761624000.0,1.7345,long,GBPUSD,session_range_fade,2.0,1.0,30
1761696000.0,1761710400.0,-1.2393,long,GBPUSD,session_range_fade,2.0,1.0,30
1762200000.0,1762243200.0,1.7158,short,GBPUSD,session_range_fade,2.0,1.0,30
1762416000.0,1762430400.0,-1.2437,short,GBPUSD,session_range_fade,2.0,1.0,30
1762819200.0,1762934400.0,1.7632,short,GBPUSD,session_range_fade,2.0,1.0,30
1763337600.0,1763539200.0,-1.1725,long,GBPUSD,session_range_fade,2.0,1.0,30
1763740800.0,1764072000.0,1.8254,long,GBPUSD,session_range_fade,2.0,1.0,30
1764604800.0,1764662400.0,-1.2305,long,GBPUSD,session_range_fade,2.0,1.0,30
1764676800.0,1764748800.0,1.7675,long,GBPUSD,session_range_fade,2.0,1.0,30
1765137600.0,1765281600.0,-1.2745,long,GBPUSD,session_range_fade,2.0,1.0,30
1765310400.0,1765382400.0,1.6839,long,GBPUSD,session_range_fade,2.0,1.0,30
1765756800.0,1765872000.0,1.743,long,GBPUSD,session_range_fade,2.0,1.0,30
1766721600.0,1767081600.0,1.7165,long,GBPUSD,session_range_fade,2.0,1.0,30
1767096000.0,1767168000.0,-1.2512,long,GBPUSD,session_range_fade,2.0,1.0,30
1768176000.0,1768204800.0,1.7297,long,GBPUSD,session_range_fade,2.0,1.0,30
1768852800.0,1768881600.0,-1.2779,short,GBPUSD,session_range_fade,2.0,1.0,30
1769083200.0,1769155200.0,-1.1847,short,GBPUSD,session_range_fade,2.0,1.0,30
1769731200.0,1769788800.0,-1.1307,long,GBPUSD,session_range_fade,2.0,1.0,30
1770163200.0,1770206400.0,-1.1963,long,GBPUSD,session_range_fade,2.0,1.0,30
1770753600.0,1770768000.0,-1.2059,short,GBPUSD,session_range_fade,2.0,1.0,30
1770969600.0,1771300800.0,-1.2037,long,GBPUSD,session_range_fade,2.0,1.0,30
1771804800.0,1772035200.0,-1.1973,short,GBPUSD,session_range_fade,2.0,1.0,30
1772092800.0,1772121600.0,1.7621,short,GBPUSD,session_range_fade,2.0,1.0,30
1772755200.0,1772827200.0,-1.1476,short,GBPUSD,session_range_fade,2.0,1.0,30
1773028800.0,1773057600.0,-1.1262,short,GBPUSD,session_range_fade,2.0,1.0,30
1773662400.0,1773864000.0,-1.1832,long,GBPUSD,session_range_fade,2.0,1.0,30
1774497600.0,1774598400.0,-1.1653,long,GBPUSD,session_range_fade,2.0,1.0,30
1774612800.0,1774814400.0,-1.172,long,GBPUSD,session_range_fade,2.0,1.0,30
1775203200.0,1775548800.0,-1.1731,short,GBPUSD,session_range_fade,2.0,1.0,30
1775836800.0,1776024000.0,1.7824,short,GBPUSD,session_range_fade,2.0,1.0,30
1776038400.0,1776081600.0,1.7764,long,GBPUSD,session_range_fade,2.0,1.0,30
1776340800.0,1776398400.0,-1.2568,long,GBPUSD,session_range_fade,2.0,1.0,30
1776427200.0,1776441600.0,-1.2503,long,GBPUSD,session_range_fade,2.0,1.0,30
1776456000.0,1776628800.0,-1.2544,long,GBPUSD,session_range_fade,2.0,1.0,30
1776643200.0,1776787200.0,-1.2268,long,GBPUSD,session_range_fade,2.0,1.0,30
1776816000.0,1776960000.0,-1.2189,long,GBPUSD,session_range_fade,2.0,1.0,30
1777003200.0,1777046400.0,1.7418,long,GBPUSD,session_range_fade,2.0,1.0,30
1777060800.0,1777276800.0,-1.2673,short,GBPUSD,session_range_fade,2.0,1.0,30
1777363200.0,1777420800.0,1.7589,long,GBPUSD,session_range_fade,2.0,1.0,30
1778025600.0,1778054400.0,1.7815,long,GBPUSD,session_range_fade,2.0,1.0,30
1779307200.0,1779652800.0,-1.2237,short,GBPUSD,session_range_fade,2.0,1.0,30
1779825600.0,1779868800.0,-1.3145,long,GBPUSD,session_range_fade,2.0,1.0,30
1780372800.0,1780502400.0,1.7426,short,GBPUSD,session_range_fade,2.0,1.0,30
1780560000.0,1780646400.0,-1.2939,short,GBPUSD,session_range_fade,2.0,1.0,30
1781582400.0,1781611200.0,-1.2585,short,GBPUSD,session_range_fade,2.0,1.0,30
1781625600.0,1781712000.0,1.7249,short,GBPUSD,session_range_fade,2.0,1.0,30
1782244800.0,1782302400.0,1.7622,short,GBPUSD,session_range_fade,2.0,1.0,30
1782432000.0,1782460800.0,-1.2453,short,GBPUSD,session_range_fade,2.0,1.0,30
1782691200.0,1782705600.0,-1.2469,short,GBPUSD,session_range_fade,2.0,1.0,30
1782720000.0,1782748800.0,-1.235,short,GBPUSD,session_range_fade,2.0,1.0,30
1782878400.0,1782907200.0,-1.2769,short,GBPUSD,session_range_fade,2.0,1.0,30
1782936000.0,1782964800.0,-1.2616,short,GBPUSD,session_range_fade,2.0,1.0,30
1722441600.0,1722484800.0,1.7719,short,GBPUSD,session_range_fade,2.0,1.3,12
1723132800.0,1723464000.0,-1.1468,short,GBPUSD,session_range_fade,2.0,1.3,12
1723737600.0,1723795200.0,-1.156,short,GBPUSD,session_range_fade,2.0,1.3,12
1724817600.0,1724846400.0,-1.1963,long,GBPUSD,session_range_fade,2.0,1.3,12
1725292800.0,1725336000.0,-1.2208,long,GBPUSD,session_range_fade,2.0,1.3,12
1725393600.0,1725451200.0,1.7583,long,GBPUSD,session_range_fade,2.0,1.3,12
1725494400.0,1725537600.0,-1.2078,short,GBPUSD,session_range_fade,2.0,1.3,12
1727712000.0,1727769600.0,-1.1728,long,GBPUSD,session_range_fade,2.0,1.3,12
1728446400.0,1728619200.0,0.0361,short,GBPUSD,session_range_fade,2.0,1.3,12
1728633600.0,1728964800.0,-0.5372,short,GBPUSD,session_range_fade,2.0,1.3,12
1728979200.0,1729051200.0,1.7798,short,GBPUSD,session_range_fade,2.0,1.3,12
1729512000.0,1729598400.0,-1.1872,long,GBPUSD,session_range_fade,2.0,1.3,12
1730102400.0,1730275200.0,-1.2211,short,GBPUSD,session_range_fade,2.0,1.3,12
1731960000.0,1732132800.0,0.403,short,GBPUSD,session_range_fade,2.0,1.3,12
1732608000.0,1732708800.0,-1.1137,short,GBPUSD,session_range_fade,2.0,1.3,12
1733083200.0,1733140800.0,1.8217,short,GBPUSD,session_range_fade,2.0,1.3,12
1733299200.0,1733472000.0,1.6292,long,GBPUSD,session_range_fade,2.0,1.3,12
1733745600.0,1733918400.0,1.0645,short,GBPUSD,session_range_fade,2.0,1.3,12
1733932800.0,1734004800.0,-1.152,long,GBPUSD,session_range_fade,2.0,1.3,12
1735272000.0,1735286400.0,-1.2495,short,GBPUSD,session_range_fade,2.0,1.3,12
1735560000.0,1735574400.0,-1.1616,short,GBPUSD,session_range_fade,2.0,1.3,12
1735632000.0,1735804800.0,1.8617,short,GBPUSD,session_range_fade,2.0,1.3,12
1736913600.0,1736942400.0,-1.0896,short,GBPUSD,session_range_fade,2.0,1.3,12
1737345600.0,1737374400.0,-1.132,short,GBPUSD,session_range_fade,2.0,1.3,12
1738051200.0,1738252800.0,0.5009,long,GBPUSD,session_range_fade,2.0,1.3,12
1738267200.0,1738526400.0,-1.1453,long,GBPUSD,session_range_fade,2.0,1.3,12
1739304000.0,1739419200.0,-1.1587,short,GBPUSD,session_range_fade,2.0,1.3,12
1739880000.0,1740052800.0,-0.9474,short,GBPUSD,session_range_fade,2.0,1.3,12
1740124800.0,1740456000.0,-1.1272,long,GBPUSD,session_range_fade,2.0,1.3,12
1740470400.0,1740643200.0,0.3155,long,GBPUSD,session_range_fade,2.0,1.3,12
1740686400.0,1741003200.0,1.8394,long,GBPUSD,session_range_fade,2.0,1.3,12
1741579200.0,1741752000.0,0.6074,long,GBPUSD,session_range_fade,2.0,1.3,12
1741881600.0,1742212800.0,0.9064,long,GBPUSD,session_range_fade,2.0,1.3,12
1742227200.0,1742400000.0,-0.3892,short,GBPUSD,session_range_fade,2.0,1.3,12
1742414400.0,1742457600.0,1.8097,short,GBPUSD,session_range_fade,2.0,1.3,12
1742515200.0,1742558400.0,-1.1795,long,GBPUSD,session_range_fade,2.0,1.3,12
1742846400.0,1742990400.0,-1.1677,long,GBPUSD,session_range_fade,2.0,1.3,12
1743134400.0,1743465600.0,0.2769,short,GBPUSD,session_range_fade,2.0,1.3,12
1743595200.0,1743624000.0,-1.1439,short,GBPUSD,session_range_fade,2.0,1.3,12
1744848000.0,1745006400.0,1.8439,long,GBPUSD,session_range_fade,2.0,1.3,12
1745553600.0,1745841600.0,1.8678,long,GBPUSD,session_range_fade,2.0,1.3,12
1745884800.0,1746014400.0,1.8539,short,GBPUSD,session_range_fade,2.0,1.3,12
1746388800.0,1746518400.0,1.8446,long,GBPUSD,session_range_fade,2.0,1.3,12
1747339200.0,1747627200.0,-1.1524,short,GBPUSD,session_range_fade,2.0,1.3,12
1747972800.0,1748001600.0,-1.1438,short,GBPUSD,session_range_fade,2.0,1.3,12
1748347200.0,1748404800.0,-1.1703,long,GBPUSD,session_range_fade,2.0,1.3,12
1748606400.0,1748836800.0,1.8503,long,GBPUSD,session_range_fade,2.0,1.3,12
1749052800.0,1749124800.0,-1.1548,short,GBPUSD,session_range_fade,2.0,1.3,12
1749513600.0,1749528000.0,-1.1903,long,GBPUSD,session_range_fade,2.0,1.3,12
1751356800.0,1751371200.0,-1.1738,long,GBPUSD,session_range_fade,2.0,1.3,12
1751385600.0,1751443200.0,-1.1699,long,GBPUSD,session_range_fade,2.0,1.3,12
1752105600.0,1752220800.0,1.8362,short,GBPUSD,session_range_fade,2.0,1.3,12
1753041600.0,1753084800.0,-1.1952,short,GBPUSD,session_range_fade,2.0,1.3,12
1753387200.0,1753416000.0,-1.2114,long,GBPUSD,session_range_fade,2.0,1.3,12
1754452800.0,1754481600.0,-1.171,short,GBPUSD,session_range_fade,2.0,1.3,12
1754971200.0,1755000000.0,-1.206,short,GBPUSD,session_range_fade,2.0,1.3,12
1755273600.0,1755518400.0,-1.225,long,GBPUSD,session_range_fade,2.0,1.3,12
1755532800.0,1755619200.0,-1.2659,long,GBPUSD,session_range_fade,2.0,1.3,12
1755763200.0,1755777600.0,-1.1961,long,GBPUSD,session_range_fade,2.0,1.3,12
1756411200.0,1756728000.0,-1.1983,short,GBPUSD,session_range_fade,2.0,1.3,12
1756742400.0,1756785600.0,1.7753,short,GBPUSD,session_range_fade,2.0,1.3,12
1757448000.0,1757505600.0,-1.1953,short,GBPUSD,session_range_fade,2.0,1.3,12
1757664000.0,1757980800.0,1.8193,long,GBPUSD,session_range_fade,2.0,1.3,12
1758585600.0,1758700800.0,-1.1977,long,GBPUSD,session_range_fade,2.0,1.3,12
1759766400.0,1759824000.0,1.8356,short,GBPUSD,session_range_fade,2.0,1.3,12
1760918400.0,1761048000.0,1.8208,short,GBPUSD,session_range_fade,2.0,1.3,12
1761220800.0,1761552000.0,0.5112,long,GBPUSD,session_range_fade,2.0,1.3,12
1761696000.0,1761724800.0,-1.1841,long,GBPUSD,session_range_fade,2.0,1.3,12
1762200000.0,1762243200.0,1.7814,short,GBPUSD,session_range_fade,2.0,1.3,12
1762416000.0,1762444800.0,-1.1875,short,GBPUSD,session_range_fade,2.0,1.3,12
1762819200.0,1762948800.0,1.8178,short,GBPUSD,session_range_fade,2.0,1.3,12
1763337600.0,1763510400.0,-0.2346,long,GBPUSD,session_range_fade,2.0,1.3,12
1763524800.0,1763539200.0,-1.1967,long,GBPUSD,session_range_fade,2.0,1.3,12
1763740800.0,1764072000.0,1.3876,long,GBPUSD,session_range_fade,2.0,1.3,12
1764604800.0,1764748800.0,1.8227,long,GBPUSD,session_range_fade,2.0,1.3,12
1765137600.0,1765281600.0,-1.2112,long,GBPUSD,session_range_fade,2.0,1.3,12
1765310400.0,1765382400.0,1.7568,long,GBPUSD,session_range_fade,2.0,1.3,12
1765756800.0,1765872000.0,1.8023,long,GBPUSD,session_range_fade,2.0,1.3,12
1766721600.0,1767052800.0,0.513,long,GBPUSD,session_range_fade,2.0,1.3,12
1767067200.0,1767096000.0,-1.2148,long,GBPUSD,session_range_fade,2.0,1.3,12
1768176000.0,1768219200.0,1.7921,long,GBPUSD,session_range_fade,2.0,1.3,12
1768852800.0,1768881600.0,-1.2138,short,GBPUSD,session_range_fade,2.0,1.3,12
1769083200.0,1769155200.0,-1.1421,short,GBPUSD,session_range_fade,2.0,1.3,12
1769731200.0,1769788800.0,-1.1005,long,GBPUSD,session_range_fade,2.0,1.3,12
1770163200.0,1770220800.0,-1.151,long,GBPUSD,session_range_fade,2.0,1.3,12
1770753600.0,1770782400.0,-1.1584,short,GBPUSD,session_range_fade,2.0,1.3,12
1770969600.0,1771300800.0,-1.1567,long,GBPUSD,session_range_fade,2.0,1.3,12
1771804800.0,1771977600.0,-0.0417,short,GBPUSD,session_range_fade,2.0,1.3,12
1771992000.0,1772035200.0,-1.1774,short,GBPUSD,session_range_fade,2.0,1.3,12
1772092800.0,1772121600.0,1.817,short,GBPUSD,session_range_fade,2.0,1.3,12
1772755200.0,1773072000.0,-1.1136,short,GBPUSD,session_range_fade,2.0,1.3,12
1773662400.0,1773835200.0,0.2806,long,GBPUSD,session_range_fade,2.0,1.3,12
1773864000.0,1773921600.0,1.8567,long,GBPUSD,session_range_fade,2.0,1.3,12
1774497600.0,1774598400.0,-1.1272,long,GBPUSD,session_range_fade,2.0,1.3,12
1774612800.0,1774814400.0,-1.1323,long,GBPUSD,session_range_fade,2.0,1.3,12
1775203200.0,1775534400.0,-0.0899,short,GBPUSD,session_range_fade,2.0,1.3,12
1775836800.0,1776024000.0,1.8326,short,GBPUSD,session_range_fade,2.0,1.3,12
1776038400.0,1776096000.0,1.828,long,GBPUSD,session_range_fade,2.0,1.3,12
1776340800.0,1776628800.0,-1.1976,long,GBPUSD,session_range_fade,2.0,1.3,12
1776643200.0,1776816000.0,-0.1474,long,GBPUSD,session_range_fade,2.0,1.3,12
1776830400.0,1776902400.0,-1.1739,long,GBPUSD,session_range_fade,2.0,1.3,12
1776916800.0,1776960000.0,-1.1781,long,GBPUSD,session_range_fade,2.0,1.3,12
1777003200.0,1777248000.0,1.8013,long,GBPUSD,session_range_fade,2.0,1.3,12
1777363200.0,1777536000.0,1.1543,long,GBPUSD,session_range_fade,2.0,1.3,12
1778025600.0,1778198400.0,-0.4258,long,GBPUSD,session_range_fade,2.0,1.3,12
1779307200.0,1779480000.0,-0.126,short,GBPUSD,session_range_fade,2.0,1.3,12
1779825600.0,1779883200.0,-1.2419,long,GBPUSD,session_range_fade,2.0,1.3,12
1780372800.0,1780545600.0,1.2701,short,GBPUSD,session_range_fade,2.0,1.3,12
1780560000.0,1780660800.0,1.7739,short,GBPUSD,session_range_fade,2.0,1.3,12
1781582400.0,1781712000.0,1.8012,short,GBPUSD,session_range_fade,2.0,1.3,12
1782244800.0,1782417600.0,0.1538,short,GBPUSD,session_range_fade,2.0,1.3,12
1782432000.0,1782720000.0,-1.1887,short,GBPUSD,session_range_fade,2.0,1.3,12
1782878400.0,1782907200.0,-1.213,short,GBPUSD,session_range_fade,2.0,1.3,12
1782936000.0,1782964800.0,-1.2012,short,GBPUSD,session_range_fade,2.0,1.3,12
1722441600.0,1722484800.0,1.7719,short,GBPUSD,session_range_fade,2.0,1.3,30
1723132800.0,1723464000.0,-1.1468,short,GBPUSD,session_range_fade,2.0,1.3,30
1723737600.0,1723795200.0,-1.156,short,GBPUSD,session_range_fade,2.0,1.3,30
1724817600.0,1724846400.0,-1.1963,long,GBPUSD,session_range_fade,2.0,1.3,30
1725292800.0,1725336000.0,-1.2208,long,GBPUSD,session_range_fade,2.0,1.3,30
1725393600.0,1725451200.0,1.7583,long,GBPUSD,session_range_fade,2.0,1.3,30
1725494400.0,1725537600.0,-1.2078,short,GBPUSD,session_range_fade,2.0,1.3,30
1727712000.0,1727769600.0,-1.1728,long,GBPUSD,session_range_fade,2.0,1.3,30
1728446400.0,1729036800.0,0.1508,short,GBPUSD,session_range_fade,2.0,1.3,30
1729512000.0,1729598400.0,-1.1872,long,GBPUSD,session_range_fade,2.0,1.3,30
1730102400.0,1730275200.0,-1.2211,short,GBPUSD,session_range_fade,2.0,1.3,30
1731960000.0,1732204800.0,1.848,short,GBPUSD,session_range_fade,2.0,1.3,30
1732608000.0,1732708800.0,-1.1137,short,GBPUSD,session_range_fade,2.0,1.3,30
1733083200.0,1733140800.0,1.8217,short,GBPUSD,session_range_fade,2.0,1.3,30
1733299200.0,1733486400.0,1.8778,long,GBPUSD,session_range_fade,2.0,1.3,30
1733745600.0,1734004800.0,1.85,short,GBPUSD,session_range_fade,2.0,1.3,30
1735272000.0,1735286400.0,-1.2495,short,GBPUSD,session_range_fade,2.0,1.3,30
1735560000.0,1735574400.0,-1.1616,short,GBPUSD,session_range_fade,2.0,1.3,30
1735632000.0,1735804800.0,1.8617,short,GBPUSD,session_range_fade,2.0,1.3,30
1736913600.0,1736942400.0,-1.0896,short,GBPUSD,session_range_fade,2.0,1.3,30
1737345600.0,1737374400.0,-1.132,short,GBPUSD,session_range_fade,2.0,1.3,30
1738051200.0,1738526400.0,-1.1155,long,GBPUSD,session_range_fade,2.0,1.3,30
1739304000.0,1739419200.0,-1.1587,short,GBPUSD,session_range_fade,2.0,1.3,30
1739880000.0,1740067200.0,-1.1891,short,GBPUSD,session_range_fade,2.0,1.3,30
1740124800.0,1740470400.0,-1.1855,long,GBPUSD,session_range_fade,2.0,1.3,30
1740484800.0,1740672000.0,-1.155,long,GBPUSD,session_range_fade,2.0,1.3,30
1740686400.0,1741003200.0,1.8394,long,GBPUSD,session_range_fade,2.0,1.3,30
1741579200.0,1741780800.0,1.8531,long,GBPUSD,session_range_fade,2.0,1.3,30
1741881600.0,1742472000.0,0.5926,long,GBPUSD,session_range_fade,2.0,1.3,30
1742515200.0,1742558400.0,-1.1795,long,GBPUSD,session_range_fade,2.0,1.3,30
1742846400.0,1742990400.0,-1.1677,long,GBPUSD,session_range_fade,2.0,1.3,30
1743134400.0,1743624000.0,-1.1634,short,GBPUSD,session_range_fade,2.0,1.3,30
1744848000.0,1745006400.0,1.8439,long,GBPUSD,session_range_fade,2.0,1.3,30
1745553600.0,1745841600.0,1.8678,long,GBPUSD,session_range_fade,2.0,1.3,30
1745884800.0,1746014400.0,1.8539,short,GBPUSD,session_range_fade,2.0,1.3,30
1746388800.0,1746518400.0,1.8446,long,GBPUSD,session_range_fade,2.0,1.3,30
1747339200.0,1747627200.0,-1.1524,short,GBPUSD,session_range_fade,2.0,1.3,30
1747972800.0,1748001600.0,-1.1438,short,GBPUSD,session_range_fade,2.0,1.3,30
1748347200.0,1748404800.0,-1.1703,long,GBPUSD,session_range_fade,2.0,1.3,30
1748606400.0,1748836800.0,1.8503,long,GBPUSD,session_range_fade,2.0,1.3,30
1749052800.0,1749124800.0,-1.1548,short,GBPUSD,session_range_fade,2.0,1.3,30
1749513600.0,1749528000.0,-1.1903,long,GBPUSD,session_range_fade,2.0,1.3,30
1751356800.0,1751371200.0,-1.1738,long,GBPUSD,session_range_fade,2.0,1.3,30
1751385600.0,1751443200.0,-1.1699,long,GBPUSD,session_range_fade,2.0,1.3,30
1752105600.0,1752220800.0,1.8362,short,GBPUSD,session_range_fade,2.0,1.3,30
1753041600.0,1753084800.0,-1.1952,short,GBPUSD,session_range_fade,2.0,1.3,30
1753387200.0,1753416000.0,-1.2114,long,GBPUSD,session_range_fade,2.0,1.3,30
1754452800.0,1754481600.0,-1.171,short,GBPUSD,session_range_fade,2.0,1.3,30
1754971200.0,1755000000.0,-1.206,short,GBPUSD,session_range_fade,2.0,1.3,30
1755273600.0,1755518400.0,-1.225,long,GBPUSD,session_range_fade,2.0,1.3,30
1755532800.0,1755619200.0,-1.2659,long,GBPUSD,session_range_fade,2.0,1.3,30
1755763200.0,1755777600.0,-1.1961,long,GBPUSD,session_range_fade,2.0,1.3,30
1756411200.0,1756728000.0,-1.1983,short,GBPUSD,session_range_fade,2.0,1.3,30
1756742400.0,1756785600.0,1.7753,short,GBPUSD,session_range_fade,2.0,1.3,30
1757448000.0,1757505600.0,-1.1953,short,GBPUSD,session_range_fade,2.0,1.3,30
1757664000.0,1757980800.0,1.8193,long,GBPUSD,session_range_fade,2.0,1.3,30
1758585600.0,1758700800.0,-1.1977,long,GBPUSD,session_range_fade,2.0,1.3,30
1759766400.0,1759824000.0,1.8356,short,GBPUSD,session_range_fade,2.0,1.3,30
1760918400.0,1761048000.0,1.8208,short,GBPUSD,session_range_fade,2.0,1.3,30
1761220800.0,1761652800.0,-1.1674,long,GBPUSD,session_range_fade,2.0,1.3,30
1761696000.0,1761724800.0,-1.1841,long,GBPUSD,session_range_fade,2.0,1.3,30
1762200000.0,1762243200.0,1.7814,short,GBPUSD,session_range_fade,2.0,1.3,30
1762416000.0,1762444800.0,-1.1875,short,GBPUSD,session_range_fade,2.0,1.3,30
1762819200.0,1762948800.0,1.8178,short,GBPUSD,session_range_fade,2.0,1.3,30
1763337600.0,1763539200.0,-1.1327,long,GBPUSD,session_range_fade,2.0,1.3,30
1763740800.0,1764086400.0,1.8657,long,GBPUSD,session_range_fade,2.0,1.3,30
1764604800.0,1764748800.0,1.8227,long,GBPUSD,session_range_fade,2.0,1.3,30
1765137600.0,1765281600.0,-1.2112,long,GBPUSD,session_range_fade,2.0,1.3,30
1765310400.0,1765382400.0,1.7568,long,GBPUSD,session_range_fade,2.0,1.3,30
1765756800.0,1765872000.0,1.8023,long,GBPUSD,session_range_fade,2.0,1.3,30
1766721600.0,1767096000.0,-1.2181,long,GBPUSD,session_range_fade,2.0,1.3,30
1768176000.0,1768219200.0,1.7921,long,GBPUSD,session_range_fade,2.0,1.3,30
1768852800.0,1768881600.0,-1.2138,short,GBPUSD,session_range_fade,2.0,1.3,30
1769083200.0,1769155200.0,-1.1421,short,GBPUSD,session_range_fade,2.0,1.3,30
1769731200.0,1769788800.0,-1.1005,long,GBPUSD,session_range_fade,2.0,1.3,30
1770163200.0,1770220800.0,-1.151,long,GBPUSD,session_range_fade,2.0,1.3,30
1770753600.0,1770782400.0,-1.1584,short,GBPUSD,session_range_fade,2.0,1.3,30
1770969600.0,1771300800.0,-1.1567,long,GBPUSD,session_range_fade,2.0,1.3,30
1771804800.0,1772035200.0,-1.1518,short,GBPUSD,session_range_fade,2.0,1.3,30
1772092800.0,1772121600.0,1.817,short,GBPUSD,session_range_fade,2.0,1.3,30
1772755200.0,1773072000.0,-1.1136,short,GBPUSD,session_range_fade,2.0,1.3,30
1773662400.0,1773864000.0,-1.1409,long,GBPUSD,session_range_fade,2.0,1.3,30
1774497600.0,1774598400.0,-1.1272,long,GBPUSD,session_range_fade,2.0,1.3,30
1774612800.0,1774814400.0,-1.1323,long,GBPUSD,session_range_fade,2.0,1.3,30
1775203200.0,1775577600.0,-1.1332,short,GBPUSD,session_range_fade,2.0,1.3,30
1775836800.0,1776024000.0,1.8326,short,GBPUSD,session_range_fade,2.0,1.3,30
1776038400.0,1776096000.0,1.828,long,GBPUSD,session_range_fade,2.0,1.3,30
1776340800.0,1776628800.0,-1.1976,long,GBPUSD,session_range_fade,2.0,1.3,30
1776643200.0,1776960000.0,-1.1745,long,GBPUSD,session_range_fade,2.0,1.3,30
1777003200.0,1777248000.0,1.8013,long,GBPUSD,session_range_fade,2.0,1.3,30
1777363200.0,1777550400.0,1.8145,long,GBPUSD,session_range_fade,2.0,1.3,30
1778025600.0,1778500800.0,1.8319,long,GBPUSD,session_range_fade,2.0,1.3,30
1779307200.0,1779652800.0,-1.1721,short,GBPUSD,session_range_fade,2.0,1.3,30
1779825600.0,1779883200.0,-1.2419,long,GBPUSD,session_range_fade,2.0,1.3,30
1780372800.0,1780660800.0,1.802,short,GBPUSD,session_range_fade,2.0,1.3,30
1781582400.0,1781712000.0,1.8012,short,GBPUSD,session_range_fade,2.0,1.3,30
1782244800.0,1782734400.0,-1.1829,short,GBPUSD,session_range_fade,2.0,1.3,30
1782878400.0,1782907200.0,-1.213,short,GBPUSD,session_range_fade,2.0,1.3,30
1782936000.0,1782964800.0,-1.2012,short,GBPUSD,session_range_fade,2.0,1.3,30
1722283200.0,1722312000.0,-1.1238,short,USDJPY,session_range_fade,1.5,1.0,12
1723204800.0,1723449600.0,-1.0829,short,USDJPY,session_range_fade,1.5,1.0,12
1723492800.0,1723521600.0,-1.1399,short,USDJPY,session_range_fade,1.5,1.0,12
1723550400.0,1723593600.0,1.356,short,USDJPY,session_range_fade,1.5,1.0,12
1723608000.0,1723636800.0,1.3692,short,USDJPY,session_range_fade,1.5,1.0,12
1723651200.0,1723723200.0,-1.116,short,USDJPY,session_range_fade,1.5,1.0,12
1723737600.0,1723795200.0,1.387,short,USDJPY,session_range_fade,1.5,1.0,12
1723809600.0,1724025600.0,-1.1145,long,USDJPY,session_range_fade,1.5,1.0,12
1724832000.0,1724846400.0,-1.147,short,USDJPY,session_range_fade,1.5,1.0,12
1724875200.0,1724932800.0,-1.1515,short,USDJPY,session_range_fade,1.5,1.0,12
1724947200.0,1725004800.0,-1.1524,short,USDJPY,session_range_fade,1.5,1.0,12
1726012800.0,1726027200.0,-1.1136,long,USDJPY,session_range_fade,1.5,1.0,12
1727193600.0,1727251200.0,1.3761,long,USDJPY,session_range_fade,1.5,1.0,12
1728331200.0,1728460800.0,-1.1271,short,USDJPY,session_range_fade,1.5,1.0,12
1728590400.0,1728849600.0,1.3337,long,USDJPY,session_range_fade,1.5,1.0,12
1728864000.0,1728921600.0,1.3254,long,USDJPY,session_range_fade,1.5,1.0,12
1728979200.0,1728993600.0,-1.2274,long,USDJPY,session_range_fade,1.5,1.0,12
1729008000.0,1729036800.0,-1.233,long,USDJPY,session_range_fade,1.5,1.0,12
1729051200.0,1729166400.0,1.2884,long,USDJPY,session_range_fade,1.5,1.0,12
1729195200.0,1729252800.0,1.2877,short,USDJPY,session_range_fade,1.5,1.0,12
1729267200.0,1729468800.0,-1.1988,long,USDJPY,session_range_fade,1.5,1.0,12
1729512000.0,1729540800.0,-1.1863,short,USDJPY,session_range_fade,1.5,1.0,12
1729555200.0,1729641600.0,-1.1847,short,USDJPY,session_range_fade,1.5,1.0,12
1730260800.0,1730275200.0,-1.1437,long,USDJPY,session_range_fade,1.5,1.0,12
1733212800.0,1733227200.0,1.3774,short,USDJPY,session_range_fade,1.5,1.0,12
1733443200.0,1733472000.0,-1.1347,short,USDJPY,session_range_fade,1.5,1.0,12
1733486400.0,1733731200.0,-1.1212,short,USDJPY,session_range_fade,1.5,1.0,12
1733745600.0,1733788800.0,-1.1559,short,USDJPY,session_range_fade,1.5,1.0,12
1734436800.0,1734537600.0,1.3114,long,USDJPY,session_range_fade,1.5,1.0,12
1735200000.0,1735214400.0,1.1955,long,USDJPY,session_range_fade,1.5,1.0,12
1735286400.0,1735560000.0,-1.2593,long,USDJPY,session_range_fade,1.5,1.0,12
1736121600.0,1736164800.0,1.336,short,USDJPY,session_range_fade,1.5,1.0,12
1736424000.0,1736481600.0,-1.1798,short,USDJPY,session_range_fade,1.5,1.0,12
1737446400.0,1737561600.0,-1.1302,short,USDJPY,session_range_fade,1.5,1.0,12
1737633600.0,1737676800.0,1.3209,short,USDJPY,session_range_fade,1.5,1.0,12
1738540800.0,1738569600.0,1.3507,short,USDJPY,session_range_fade,1.5,1.0,12
1739232000.0,1739275200.0,-1.1339,short,USDJPY,session_range_fade,1.5,1.0,12
1739894400.0,1739966400.0,-1.1977,long,USDJPY,session_range_fade,1.5,1.0,12
1739980800.0,1740009600.0,-1.1884,long,USDJPY,session_range_fade,1.5,1.0,12
1740542400.0,1740657600.0,-1.1229,short,USDJPY,session_range_fade,1.5,1.0,12
1740672000.0,1740715200.0,-1.1244,short,USDJPY,session_range_fade,1.5,1.0,12
1741896000.0,1741924800.0,-1.1416,short,USDJPY,session_range_fade,1.5,1.0,12
1741968000.0,1742227200.0,-1.1451,short,USDJPY,session_range_fade,1.5,1.0,12
1742284800.0,1742400000.0,1.3338,short,USDJPY,session_range_fade,1.5,1.0,12
1742414400.0,1742529600.0,1.3688,long,USDJPY,session_range_fade,1.5,1.0,12
1742544000.0,1742774400.0,1.3677,long,USDJPY,session_range_fade,1.5,1.0,12
1742990400.0,1743091200.0,-1.1709,short,USDJPY,session_range_fade,1.5,1.0,12
1743163200.0,1743177600.0,-1.1504,long,USDJPY,session_range_fade,1.5,1.0,12
1743552000.0,1743580800.0,-1.1503,long,USDJPY,session_range_fade,1.5,1.0,12
1744027200.0,1744142400.0,1.4393,short,USDJPY,session_range_fade,1.5,1.0,12
1744718400.0,1744819200.0,1.4068,short,USDJPY,session_range_fade,1.5,1.0,12
1744920000.0,1745193600.0,1.3832,short,USDJPY,session_range_fade,1.5,1.0,12
1746619200.0,1746633600.0,-1.1295,long,USDJPY,session_range_fade,1.5,1.0,12
1747699200.0,1747713600.0,-1.1474,long,USDJPY,session_range_fade,1.5,1.0,12
1747728000.0,1747785600.0,-1.1433,long,USDJPY,session_range_fade,1.5,1.0,12
1747814400.0,1747872000.0,-1.1378,long,USDJPY,session_range_fade,1.5,1.0,12
1747886400.0,1747915200.0,1.3745,long,USDJPY,session_range_fade,1.5,1.0,12
1748232000.0,1748318400.0,-1.1326,short,USDJPY,session_range_fade,1.5,1.0,12
1748332800.0,1748390400.0,-1.1405,short,USDJPY,session_range_fade,1.5,1.0,12
1748966400.0,1749038400.0,1.3545,short,USDJPY,session_range_fade,1.5,1.0,12
1749571200.0,1749628800.0,-1.187,short,USDJPY,session_range_fade,1.5,1.0,12
1749672000.0,1749700800.0,-1.1548,long,USDJPY,session_range_fade,1.5,1.0,12
1750262400.0,1750320000.0,-1.1412,short,USDJPY,session_range_fade,1.5,1.0,12
1750334400.0,1750435200.0,-1.1579,short,USDJPY,session_range_fade,1.5,1.0,12
1751256000.0,1751328000.0,-1.146,long,USDJPY,session_range_fade,1.5,1.0,12
1751472000.0,1751544000.0,-1.1451,short,USDJPY,session_range_fade,1.5,1.0,12
1751630400.0,1751860800.0,-1.1776,short,USDJPY,session_range_fade,1.5,1.0,12
1753056000.0,1753070400.0,-1.1826,long,USDJPY,session_range_fade,1.5,1.0,12
1753833600.0,1753876800.0,-1.1848,short,USDJPY,session_range_fade,1.5,1.0,12
1754539200.0,1754568000.0,1.3422,long,USDJPY,session_range_fade,1.5,1.0,12
1754625600.0,1754640000.0,-1.1416,short,USDJPY,session_range_fade,1.5,1.0,12
1754654400.0,1754928000.0,-1.139,short,USDJPY,session_range_fade,1.5,1.0,12
1755072000.0,1755129600.0,-1.19,long,USDJPY,session_range_fade,1.5,1.0,12
1755532800.0,1755662400.0,1.2753,short,USDJPY,session_range_fade,1.5,1.0,12
1755763200.0,1755777600.0,-1.2141,short,USDJPY,session_range_fade,1.5,1.0,12
1755792000.0,1755835200.0,-1.1949,short,USDJPY,session_range_fade,1.5,1.0,12
1756252800.0,1756324800.0,1.3042,short,USDJPY,session_range_fade,1.5,1.0,12
1756771200.0,1756785600.0,-1.2219,short,USDJPY,session_range_fade,1.5,1.0,12
1757001600.0,1757073600.0,1.3379,short,USDJPY,session_range_fade,1.5,1.0,12
1757620800.0,1757664000.0,1.2782,long,USDJPY,session_range_fade,1.5,1.0,12
1758686400.0,1758700800.0,-1.2516,short,USDJPY,session_range_fade,1.5,1.0,12
1759104000.0,1759118400.0,-1.2288,long,USDJPY,session_range_fade,1.5,1.0,12
1759132800.0,1759204800.0,-1.2177,long,USDJPY,session_range_fade,1.5,1.0,12
1761249600.0,1761278400.0,-1.2447,short,USDJPY,session_range_fade,1.5,1.0,12
1761336000.0,1761537600.0,-1.2307,short,USDJPY,session_range_fade,1.5,1.0,12
1761552000.0,1761566400.0,-1.2203,short,USDJPY,session_range_fade,1.5,1.0,12
1761580800.0,1761609600.0,1.2931,short,USDJPY,session_range_fade,1.5,1.0,12
1762171200.0,1762214400.0,-1.2524,short,USDJPY,session_range_fade,1.5,1.0,12
1762228800.0,1762300800.0,-1.2445,long,USDJPY,session_range_fade,1.5,1.0,12
1762876800.0,1762920000.0,-1.2246,short,USDJPY,session_range_fade,1.5,1.0,12
1763020800.0,1763035200.0,1.2624,short,USDJPY,session_range_fade,1.5,1.0,12
1763409600.0,1763481600.0,-1.2298,short,USDJPY,session_range_fade,1.5,1.0,12
1764288000.0,1764532800.0,-1.2154,long,USDJPY,session_range_fade,1.5,1.0,12
1764676800.0,1764763200.0,1.2767,short,USDJPY,session_range_fade,1.5,1.0,12
1764792000.0,1764806400.0,1.2262,long,USDJPY,session_range_fade,1.5,1.0,12
1765224000.0,1765252800.0,-1.2283,short,USDJPY,session_range_fade,1.5,1.0,12
1766707200.0,1766764800.0,1.2949,long,USDJPY,session_range_fade,1.5,1.0,12
1766966400.0,1766980800.0,-1.2497,long,USDJPY,session_range_fade,1.5,1.0,12
1766995200.0,1767009600.0,-1.2443,long,USDJPY,session_range_fade,1.5,1.0,12
1767024000.0,1767096000.0,1.2786,long,USDJPY,session_range_fade,1.5,1.0,12
1767110400.0,1767182400.0,-1.2211,short,USDJPY,session_range_fade,1.5,1.0,12
1767556800.0,1767585600.0,-1.31,short,USDJPY,session_range_fade,1.5,1.0,12
1767643200.0,1767657600.0,-1.2279,long,USDJPY,session_range_fade,1.5,1.0,12
1767744000.0,1767916800.0,1.2836,long,USDJPY,session_range_fade,1.5,1.0,12
1768924800.0,1768953600.0,-1.1882,long,USDJPY,session_range_fade,1.5,1.0,12
1768968000.0,1769040000.0,1.3113,long,USDJPY,session_range_fade,1.5,1.0,12
1770379200.0,1770580800.0,1.2928,long,USDJPY,session_range_fade,1.5,1.0,12
1770940800.0,1771272000.0,0.6592,long,USDJPY,session_range_fade,1.5,1.0,12
1771286400.0,1771329600.0,-1.1793,short,USDJPY,session_range_fade,1.5,1.0,12
1771387200.0,1771416000.0,-1.178,short,USDJPY,session_range_fade,1.5,1.0,12
1772136000.0,1772395200.0,1.3228,long,USDJPY,session_range_fade,1.5,1.0,12
1772409600.0,1772424000.0,1.3125,long,USDJPY,session_range_fade,1.5,1.0,12
1772640000.0,1772668800.0,-1.1641,long,USDJPY,session_range_fade,1.5,1.0,12
1772769600.0,1773000000.0,1.305,long,USDJPY,session_range_fade,1.5,1.0,12
1773633600.0,1773662400.0,-1.2271,long,USDJPY,session_range_fade,1.5,1.0,12
1773691200.0,1773748800.0,-1.2395,long,USDJPY,session_range_fade,1.5,1.0,12
1773849600.0,1773892800.0,1.2832,short,USDJPY,session_range_fade,1.5,1.0,12
1773907200.0,1773921600.0,-1.2167,long,USDJPY,session_range_fade,1.5,1.0,12
1774555200.0,1774612800.0,-1.2342,short,USDJPY,session_range_fade,1.5,1.0,12
1774944000.0,1774958400.0,-1.2369,long,USDJPY,session_range_fade,1.5,1.0,12
1775448000.0,1775476800.0,1.2051,long,USDJPY,session_range_fade,1.5,1.0,12
1775520000.0,1775592000.0,1.1748,short,USDJPY,session_range_fade,1.5,1.0,12
1776096000.0,1776139200.0,1.2172,short,USDJPY,session_range_fade,1.5,1.0,12
1776355200.0,1776398400.0,-1.2583,short,USDJPY,session_range_fade,1.5,1.0,12
1776412800.0,1776427200.0,1.243,short,USDJPY,session_range_fade,1.5,1.0,12
1776844800.0,1776873600.0,-1.2724,short,USDJPY,session_range_fade,1.5,1.0,12
1776960000.0,1777248000.0,1.2352,short,USDJPY,session_range_fade,1.5,1.0,12
1777262400.0,1777348800.0,-1.3021,long,USDJPY,session_range_fade,1.5,1.0,12
1777406400.0,1777464000.0,1.2176,long,USDJPY,session_range_fade,1.5,1.0,12
1778270400.0,1778443200.0,-1.2799,short,USDJPY,session_range_fade,1.5,1.0,12
1778673600.0,1778760000.0,-1.3011,short,USDJPY,session_range_fade,1.5,1.0,12
1778774400.0,1778817600.0,-1.3064,short,USDJPY,session_range_fade,1.5,1.0,12
1778832000.0,1778875200.0,-1.291,short,USDJPY,session_range_fade,1.5,1.0,12
1779235200.0,1779278400.0,-1.2922,long,USDJPY,session_range_fade,1.5,1.0,12
1779292800.0,1779364800.0,1.2139,long,USDJPY,session_range_fade,1.5,1.0,12
1779379200.0,1779710400.0,-0.372,long,USDJPY,session_range_fade,1.5,1.0,12
1779739200.0,1779768000.0,0.9583,long,USDJPY,session_range_fade,1.5,1.0,12
1779782400.0,1779868800.0,0.9789,long,USDJPY,session_range_fade,1.5,1.0,12
1780041600.0,1780286400.0,1.016,long,USDJPY,session_range_fade,1.5,1.0,12
1780300800.0,1780315200.0,-1.5515,short,USDJPY,session_range_fade,1.5,1.0,12
1782388800.0,1782720000.0,0.4559,long,USDJPY,session_range_fade,1.5,1.0,12
1782734400.0,1782777600.0,0.9682,long,USDJPY,session_range_fade,1.5,1.0,12
1722283200.0,1722312000.0,-1.1238,short,USDJPY,session_range_fade,1.5,1.0,30
1723204800.0,1723449600.0,-1.0829,short,USDJPY,session_range_fade,1.5,1.0,30
1723492800.0,1723521600.0,-1.1399,short,USDJPY,session_range_fade,1.5,1.0,30
1723550400.0,1723593600.0,1.356,short,USDJPY,session_range_fade,1.5,1.0,30
1723608000.0,1723636800.0,1.3692,short,USDJPY,session_range_fade,1.5,1.0,30
1723651200.0,1723723200.0,-1.116,short,USDJPY,session_range_fade,1.5,1.0,30
1723737600.0,1723795200.0,1.387,short,USDJPY,session_range_fade,1.5,1.0,30
1723809600.0,1724025600.0,-1.1145,long,USDJPY,session_range_fade,1.5,1.0,30
1724832000.0,1724846400.0,-1.147,short,USDJPY,session_range_fade,1.5,1.0,30
1724875200.0,1724932800.0,-1.1515,short,USDJPY,session_range_fade,1.5,1.0,30
1724947200.0,1725004800.0,-1.1524,short,USDJPY,session_range_fade,1.5,1.0,30
1726012800.0,1726027200.0,-1.1136,long,USDJPY,session_range_fade,1.5,1.0,30
1727193600.0,1727251200.0,1.3761,long,USDJPY,session_range_fade,1.5,1.0,30
1728331200.0,1728460800.0,-1.1271,short,USDJPY,session_range_fade,1.5,1.0,30
1728590400.0,1728849600.0,1.3337,long,USDJPY,session_range_fade,1.5,1.0,30
1728864000.0,1728921600.0,1.3254,long,USDJPY,session_range_fade,1.5,1.0,30
1728979200.0,1728993600.0,-1.2274,long,USDJPY,session_range_fade,1.5,1.0,30
1729008000.0,1729036800.0,-1.233,long,USDJPY,session_range_fade,1.5,1.0,30
1729051200.0,1729166400.0,1.2884,long,USDJPY,session_range_fade,1.5,1.0,30
1729195200.0,1729252800.0,1.2877,short,USDJPY,session_range_fade,1.5,1.0,30
1729267200.0,1729468800.0,-1.1988,long,USDJPY,session_range_fade,1.5,1.0,30
1729512000.0,1729540800.0,-1.1863,short,USDJPY,session_range_fade,1.5,1.0,30
1729555200.0,1729641600.0,-1.1847,short,USDJPY,session_range_fade,1.5,1.0,30
1730260800.0,1730275200.0,-1.1437,long,USDJPY,session_range_fade,1.5,1.0,30
1733212800.0,1733227200.0,1.3774,short,USDJPY,session_range_fade,1.5,1.0,30
1733443200.0,1733472000.0,-1.1347,short,USDJPY,session_range_fade,1.5,1.0,30
1733486400.0,1733731200.0,-1.1212,short,USDJPY,session_range_fade,1.5,1.0,30
1733745600.0,1733788800.0,-1.1559,short,USDJPY,session_range_fade,1.5,1.0,30
1734436800.0,1734537600.0,1.3114,long,USDJPY,session_range_fade,1.5,1.0,30
1735200000.0,1735214400.0,1.1955,long,USDJPY,session_range_fade,1.5,1.0,30
1735286400.0,1735560000.0,-1.2593,long,USDJPY,session_range_fade,1.5,1.0,30
1736121600.0,1736164800.0,1.336,short,USDJPY,session_range_fade,1.5,1.0,30
1736424000.0,1736481600.0,-1.1798,short,USDJPY,session_range_fade,1.5,1.0,30
1737446400.0,1737561600.0,-1.1302,short,USDJPY,session_range_fade,1.5,1.0,30
1737633600.0,1737676800.0,1.3209,short,USDJPY,session_range_fade,1.5,1.0,30
1738540800.0,1738569600.0,1.3507,short,USDJPY,session_range_fade,1.5,1.0,30
1739232000.0,1739275200.0,-1.1339,short,USDJPY,session_range_fade,1.5,1.0,30
1739894400.0,1739966400.0,-1.1977,long,USDJPY,session_range_fade,1.5,1.0,30
1739980800.0,1740009600.0,-1.1884,long,USDJPY,session_range_fade,1.5,1.0,30
1740542400.0,1740657600.0,-1.1229,short,USDJPY,session_range_fade,1.5,1.0,30
1740672000.0,1740715200.0,-1.1244,short,USDJPY,session_range_fade,1.5,1.0,30
1741896000.0,1741924800.0,-1.1416,short,USDJPY,session_range_fade,1.5,1.0,30
1741968000.0,1742227200.0,-1.1451,short,USDJPY,session_range_fade,1.5,1.0,30
1742284800.0,1742400000.0,1.3338,short,USDJPY,session_range_fade,1.5,1.0,30
1742414400.0,1742529600.0,1.3688,long,USDJPY,session_range_fade,1.5,1.0,30
1742544000.0,1742774400.0,1.3677,long,USDJPY,session_range_fade,1.5,1.0,30
1742990400.0,1743091200.0,-1.1709,short,USDJPY,session_range_fade,1.5,1.0,30
1743163200.0,1743177600.0,-1.1504,long,USDJPY,session_range_fade,1.5,1.0,30
1743552000.0,1743580800.0,-1.1503,long,USDJPY,session_range_fade,1.5,1.0,30
1744027200.0,1744142400.0,1.4393,short,USDJPY,session_range_fade,1.5,1.0,30
1744718400.0,1744819200.0,1.4068,short,USDJPY,session_range_fade,1.5,1.0,30
1744920000.0,1745193600.0,1.3832,short,USDJPY,session_range_fade,1.5,1.0,30
1746619200.0,1746633600.0,-1.1295,long,USDJPY,session_range_fade,1.5,1.0,30
1747699200.0,1747713600.0,-1.1474,long,USDJPY,session_range_fade,1.5,1.0,30
1747728000.0,1747785600.0,-1.1433,long,USDJPY,session_range_fade,1.5,1.0,30
1747814400.0,1747872000.0,-1.1378,long,USDJPY,session_range_fade,1.5,1.0,30
1747886400.0,1747915200.0,1.3745,long,USDJPY,session_range_fade,1.5,1.0,30
1748232000.0,1748318400.0,-1.1326,short,USDJPY,session_range_fade,1.5,1.0,30
1748332800.0,1748390400.0,-1.1405,short,USDJPY,session_range_fade,1.5,1.0,30
1748966400.0,1749038400.0,1.3545,short,USDJPY,session_range_fade,1.5,1.0,30
1749571200.0,1749628800.0,-1.187,short,USDJPY,session_range_fade,1.5,1.0,30
1749672000.0,1749700800.0,-1.1548,long,USDJPY,session_range_fade,1.5,1.0,30
1750262400.0,1750320000.0,-1.1412,short,USDJPY,session_range_fade,1.5,1.0,30
1750334400.0,1750435200.0,-1.1579,short,USDJPY,session_range_fade,1.5,1.0,30
1751256000.0,1751328000.0,-1.146,long,USDJPY,session_range_fade,1.5,1.0,30
1751472000.0,1751544000.0,-1.1451,short,USDJPY,session_range_fade,1.5,1.0,30
1751630400.0,1751860800.0,-1.1776,short,USDJPY,session_range_fade,1.5,1.0,30
1753056000.0,1753070400.0,-1.1826,long,USDJPY,session_range_fade,1.5,1.0,30
1753833600.0,1753876800.0,-1.1848,short,USDJPY,session_range_fade,1.5,1.0,30
1754539200.0,1754568000.0,1.3422,long,USDJPY,session_range_fade,1.5,1.0,30
1754625600.0,1754640000.0,-1.1416,short,USDJPY,session_range_fade,1.5,1.0,30
1754654400.0,1754928000.0,-1.139,short,USDJPY,session_range_fade,1.5,1.0,30
1755072000.0,1755129600.0,-1.19,long,USDJPY,session_range_fade,1.5,1.0,30
1755532800.0,1755662400.0,1.2753,short,USDJPY,session_range_fade,1.5,1.0,30
1755763200.0,1755777600.0,-1.2141,short,USDJPY,session_range_fade,1.5,1.0,30
1755792000.0,1755835200.0,-1.1949,short,USDJPY,session_range_fade,1.5,1.0,30
1756252800.0,1756324800.0,1.3042,short,USDJPY,session_range_fade,1.5,1.0,30
1756771200.0,1756785600.0,-1.2219,short,USDJPY,session_range_fade,1.5,1.0,30
1757001600.0,1757073600.0,1.3379,short,USDJPY,session_range_fade,1.5,1.0,30
1757620800.0,1757664000.0,1.2782,long,USDJPY,session_range_fade,1.5,1.0,30
1758686400.0,1758700800.0,-1.2516,short,USDJPY,session_range_fade,1.5,1.0,30
1759104000.0,1759118400.0,-1.2288,long,USDJPY,session_range_fade,1.5,1.0,30
1759132800.0,1759204800.0,-1.2177,long,USDJPY,session_range_fade,1.5,1.0,30
1761249600.0,1761278400.0,-1.2447,short,USDJPY,session_range_fade,1.5,1.0,30
1761336000.0,1761537600.0,-1.2307,short,USDJPY,session_range_fade,1.5,1.0,30
1761552000.0,1761566400.0,-1.2203,short,USDJPY,session_range_fade,1.5,1.0,30
1761580800.0,1761609600.0,1.2931,short,USDJPY,session_range_fade,1.5,1.0,30
1762171200.0,1762214400.0,-1.2524,short,USDJPY,session_range_fade,1.5,1.0,30
1762228800.0,1762300800.0,-1.2445,long,USDJPY,session_range_fade,1.5,1.0,30
1762876800.0,1762920000.0,-1.2246,short,USDJPY,session_range_fade,1.5,1.0,30
1763020800.0,1763035200.0,1.2624,short,USDJPY,session_range_fade,1.5,1.0,30
1763409600.0,1763481600.0,-1.2298,short,USDJPY,session_range_fade,1.5,1.0,30
1764288000.0,1764532800.0,-1.2154,long,USDJPY,session_range_fade,1.5,1.0,30
1764676800.0,1764763200.0,1.2767,short,USDJPY,session_range_fade,1.5,1.0,30
1764792000.0,1764806400.0,1.2262,long,USDJPY,session_range_fade,1.5,1.0,30
1765224000.0,1765252800.0,-1.2283,short,USDJPY,session_range_fade,1.5,1.0,30
1766707200.0,1766764800.0,1.2949,long,USDJPY,session_range_fade,1.5,1.0,30
1766966400.0,1766980800.0,-1.2497,long,USDJPY,session_range_fade,1.5,1.0,30
1766995200.0,1767009600.0,-1.2443,long,USDJPY,session_range_fade,1.5,1.0,30
1767024000.0,1767096000.0,1.2786,long,USDJPY,session_range_fade,1.5,1.0,30
1767110400.0,1767182400.0,-1.2211,short,USDJPY,session_range_fade,1.5,1.0,30
1767556800.0,1767585600.0,-1.31,short,USDJPY,session_range_fade,1.5,1.0,30
1767643200.0,1767657600.0,-1.2279,long,USDJPY,session_range_fade,1.5,1.0,30
1767744000.0,1767916800.0,1.2836,long,USDJPY,session_range_fade,1.5,1.0,30
1768924800.0,1768953600.0,-1.1882,long,USDJPY,session_range_fade,1.5,1.0,30
1768968000.0,1769040000.0,1.3113,long,USDJPY,session_range_fade,1.5,1.0,30
1770379200.0,1770580800.0,1.2928,long,USDJPY,session_range_fade,1.5,1.0,30
1770940800.0,1771416000.0,1.4051,long,USDJPY,session_range_fade,1.5,1.0,30
1772136000.0,1772395200.0,1.3228,long,USDJPY,session_range_fade,1.5,1.0,30
1772409600.0,1772424000.0,1.3125,long,USDJPY,session_range_fade,1.5,1.0,30
1772640000.0,1772668800.0,-1.1641,long,USDJPY,session_range_fade,1.5,1.0,30
1772769600.0,1773000000.0,1.305,long,USDJPY,session_range_fade,1.5,1.0,30
1773633600.0,1773662400.0,-1.2271,long,USDJPY,session_range_fade,1.5,1.0,30
1773691200.0,1773748800.0,-1.2395,long,USDJPY,session_range_fade,1.5,1.0,30
1773849600.0,1773892800.0,1.2832,short,USDJPY,session_range_fade,1.5,1.0,30
1773907200.0,1773921600.0,-1.2167,long,USDJPY,session_range_fade,1.5,1.0,30
1774555200.0,1774612800.0,-1.2342,short,USDJPY,session_range_fade,1.5,1.0,30
1774944000.0,1774958400.0,-1.2369,long,USDJPY,session_range_fade,1.5,1.0,30
1775448000.0,1775476800.0,1.2051,long,USDJPY,session_range_fade,1.5,1.0,30
1775520000.0,1775592000.0,1.1748,short,USDJPY,session_range_fade,1.5,1.0,30
1776096000.0,1776139200.0,1.2172,short,USDJPY,session_range_fade,1.5,1.0,30
1776355200.0,1776398400.0,-1.2583,short,USDJPY,session_range_fade,1.5,1.0,30
1776412800.0,1776427200.0,1.243,short,USDJPY,session_range_fade,1.5,1.0,30
1776844800.0,1776873600.0,-1.2724,short,USDJPY,session_range_fade,1.5,1.0,30
1776960000.0,1777248000.0,1.2352,short,USDJPY,session_range_fade,1.5,1.0,30
1777262400.0,1777348800.0,-1.3021,long,USDJPY,session_range_fade,1.5,1.0,30
1777406400.0,1777464000.0,1.2176,long,USDJPY,session_range_fade,1.5,1.0,30
1778270400.0,1778443200.0,-1.2799,short,USDJPY,session_range_fade,1.5,1.0,30
1778673600.0,1778760000.0,-1.3011,short,USDJPY,session_range_fade,1.5,1.0,30
1778774400.0,1778817600.0,-1.3064,short,USDJPY,session_range_fade,1.5,1.0,30
1778832000.0,1778875200.0,-1.291,short,USDJPY,session_range_fade,1.5,1.0,30
1779235200.0,1779278400.0,-1.2922,long,USDJPY,session_range_fade,1.5,1.0,30
1779292800.0,1779364800.0,1.2139,long,USDJPY,session_range_fade,1.5,1.0,30
1779379200.0,1779796800.0,1.2129,long,USDJPY,session_range_fade,1.5,1.0,30
1779825600.0,1779883200.0,0.9583,long,USDJPY,session_range_fade,1.5,1.0,30
1780041600.0,1780286400.0,1.016,long,USDJPY,session_range_fade,1.5,1.0,30
1780300800.0,1780315200.0,-1.5515,short,USDJPY,session_range_fade,1.5,1.0,30
1782388800.0,1782734400.0,1.0569,long,USDJPY,session_range_fade,1.5,1.0,30
1722283200.0,1722312000.0,-1.0953,short,USDJPY,session_range_fade,1.5,1.3,12
1723204800.0,1723449600.0,-1.0638,short,USDJPY,session_range_fade,1.5,1.3,12
1723492800.0,1723521600.0,-1.1076,short,USDJPY,session_range_fade,1.5,1.3,12
1723550400.0,1723723200.0,-1.1107,short,USDJPY,session_range_fade,1.5,1.3,12
1723737600.0,1723809600.0,1.4131,short,USDJPY,session_range_fade,1.5,1.3,12
1723824000.0,1724025600.0,-1.0889,long,USDJPY,session_range_fade,1.5,1.3,12
1724832000.0,1724846400.0,-1.1131,short,USDJPY,session_range_fade,1.5,1.3,12
1724875200.0,1724932800.0,-1.1165,short,USDJPY,session_range_fade,1.5,1.3,12
1724947200.0,1725019200.0,-1.1172,short,USDJPY,session_range_fade,1.5,1.3,12
1726012800.0,1726084800.0,1.4126,long,USDJPY,session_range_fade,1.5,1.3,12
1727193600.0,1727251200.0,1.4047,long,USDJPY,session_range_fade,1.5,1.3,12
1728331200.0,1728475200.0,-1.0978,short,USDJPY,session_range_fade,1.5,1.3,12
1728590400.0,1728892800.0,1.3721,long,USDJPY,session_range_fade,1.5,1.3,12
1728979200.0,1729036800.0,-1.1749,long,USDJPY,session_range_fade,1.5,1.3,12
1729051200.0,1729166400.0,1.3372,long,USDJPY,session_range_fade,1.5,1.3,12
1729195200.0,1729267200.0,1.3367,short,USDJPY,session_range_fade,1.5,1.3,12
1729281600.0,1729468800.0,-1.1689,long,USDJPY,session_range_fade,1.5,1.3,12
1729512000.0,1729569600.0,-1.1433,short,USDJPY,session_range_fade,1.5,1.3,12
1729584000.0,1729641600.0,-1.1403,short,USDJPY,session_range_fade,1.5,1.3,12
1730260800.0,1730347200.0,-1.1105,long,USDJPY,session_range_fade,1.5,1.3,12
1733212800.0,1733299200.0,-1.0943,short,USDJPY,session_range_fade,1.5,1.3,12
1733443200.0,1733472000.0,-1.1037,short,USDJPY,session_range_fade,1.5,1.3,12
1733486400.0,1733745600.0,-1.0932,short,USDJPY,session_range_fade,1.5,1.3,12
1733760000.0,1733832000.0,-1.1232,short,USDJPY,session_range_fade,1.5,1.3,12
1734436800.0,1734537600.0,1.355,long,USDJPY,session_range_fade,1.5,1.3,12
1735200000.0,1735531200.0,0.6621,long,USDJPY,session_range_fade,1.5,1.3,12
1735545600.0,1735560000.0,-1.1791,long,USDJPY,session_range_fade,1.5,1.3,12
1736121600.0,1736164800.0,1.3738,short,USDJPY,session_range_fade,1.5,1.3,12
1736424000.0,1736510400.0,-1.1383,short,USDJPY,session_range_fade,1.5,1.3,12
1737446400.0,1737561600.0,-1.1002,short,USDJPY,session_range_fade,1.5,1.3,12
1737633600.0,1737691200.0,1.3622,short,USDJPY,session_range_fade,1.5,1.3,12
1738540800.0,1738569600.0,1.3852,short,USDJPY,session_range_fade,1.5,1.3,12
1739232000.0,1739304000.0,-1.103,short,USDJPY,session_range_fade,1.5,1.3,12
1739894400.0,1739966400.0,-1.152,long,USDJPY,session_range_fade,1.5,1.3,12
1739980800.0,1740009600.0,-1.1449,long,USDJPY,session_range_fade,1.5,1.3,12
1740542400.0,1740715200.0,-1.0945,short,USDJPY,session_range_fade,1.5,1.3,12
1741896000.0,1741924800.0,-1.109,short,USDJPY,session_range_fade,1.5,1.3,12
1741968000.0,1742241600.0,-1.1116,short,USDJPY,session_range_fade,1.5,1.3,12
1742284800.0,1742400000.0,1.3722,short,USDJPY,session_range_fade,1.5,1.3,12
1742414400.0,1742529600.0,1.399,long,USDJPY,session_range_fade,1.5,1.3,12
1742544000.0,1742817600.0,1.3983,long,USDJPY,session_range_fade,1.5,1.3,12
1742990400.0,1743163200.0,0.6049,short,USDJPY,session_range_fade,1.5,1.3,12
1743177600.0,1743379200.0,-1.1127,long,USDJPY,session_range_fade,1.5,1.3,12
1743552000.0,1743595200.0,-1.1156,long,USDJPY,session_range_fade,1.5,1.3,12
1744027200.0,1744156800.0,1.4533,short,USDJPY,session_range_fade,1.5,1.3,12
1744718400.0,1744891200.0,0.697,short,USDJPY,session_range_fade,1.5,1.3,12
1744920000.0,1745193600.0,1.4102,short,USDJPY,session_range_fade,1.5,1.3,12
1746619200.0,1746691200.0,1.4004,long,USDJPY,session_range_fade,1.5,1.3,12
1747699200.0,1747713600.0,-1.1134,long,USDJPY,session_range_fade,1.5,1.3,12
1747728000.0,1747785600.0,-1.1102,long,USDJPY,session_range_fade,1.5,1.3,12
1747814400.0,1747886400.0,-1.106,long,USDJPY,session_range_fade,1.5,1.3,12
1748232000.0,1748318400.0,-1.102,short,USDJPY,session_range_fade,1.5,1.3,12
1748332800.0,1748390400.0,-1.1081,short,USDJPY,session_range_fade,1.5,1.3,12
1748966400.0,1749038400.0,1.3881,short,USDJPY,session_range_fade,1.5,1.3,12
1749571200.0,1749643200.0,-1.1439,short,USDJPY,session_range_fade,1.5,1.3,12
1749672000.0,1749715200.0,-1.119,long,USDJPY,session_range_fade,1.5,1.3,12
1750262400.0,1750420800.0,-1.1086,short,USDJPY,session_range_fade,1.5,1.3,12
1751256000.0,1751328000.0,-1.1123,long,USDJPY,session_range_fade,1.5,1.3,12
1751472000.0,1751544000.0,-1.1116,short,USDJPY,session_range_fade,1.5,1.3,12
1751630400.0,1751860800.0,-1.1366,short,USDJPY,session_range_fade,1.5,1.3,12
1753056000.0,1753070400.0,-1.1404,long,USDJPY,session_range_fade,1.5,1.3,12
1753833600.0,1753876800.0,-1.1422,short,USDJPY,session_range_fade,1.5,1.3,12
1754539200.0,1754640000.0,1.3786,long,USDJPY,session_range_fade,1.5,1.3,12
1754654400.0,1754956800.0,-1.1069,short,USDJPY,session_range_fade,1.5,1.3,12
1755072000.0,1755129600.0,-1.1462,long,USDJPY,session_range_fade,1.5,1.3,12
1755532800.0,1755662400.0,1.3271,short,USDJPY,session_range_fade,1.5,1.3,12
1755763200.0,1755777600.0,-1.1647,short,USDJPY,session_range_fade,1.5,1.3,12
1755792000.0,1755864000.0,1.3501,short,USDJPY,session_range_fade,1.5,1.3,12
1756252800.0,1756339200.0,1.3494,short,USDJPY,session_range_fade,1.5,1.3,12
1756771200.0,1756785600.0,-1.1707,short,USDJPY,session_range_fade,1.5,1.3,12
1757001600.0,1757073600.0,1.3753,short,USDJPY,session_range_fade,1.5,1.3,12
1757620800.0,1757664000.0,1.3294,long,USDJPY,session_range_fade,1.5,1.3,12
1758686400.0,1758700800.0,-1.1935,short,USDJPY,session_range_fade,1.5,1.3,12
1759104000.0,1759132800.0,-1.176,long,USDJPY,session_range_fade,1.5,1.3,12
1759147200.0,1759204800.0,-1.1637,long,USDJPY,session_range_fade,1.5,1.3,12
1761249600.0,1761278400.0,-1.1882,short,USDJPY,session_range_fade,1.5,1.3,12
1761336000.0,1761609600.0,1.3225,short,USDJPY,session_range_fade,1.5,1.3,12
1762171200.0,1762228800.0,1.3059,short,USDJPY,session_range_fade,1.5,1.3,12
1762876800.0,1762920000.0,-1.1727,short,USDJPY,session_range_fade,1.5,1.3,12
1763020800.0,1763121600.0,1.3172,short,USDJPY,session_range_fade,1.5,1.3,12
1763409600.0,1763481600.0,-1.1768,short,USDJPY,session_range_fade,1.5,1.3,12
1764288000.0,1764547200.0,-1.1657,long,USDJPY,session_range_fade,1.5,1.3,12
1764676800.0,1764777600.0,1.3282,short,USDJPY,session_range_fade,1.5,1.3,12
1764792000.0,1764835200.0,-1.2106,long,USDJPY,session_range_fade,1.5,1.3,12
1765224000.0,1765267200.0,-1.1757,short,USDJPY,session_range_fade,1.5,1.3,12
1766707200.0,1767038400.0,-0.2842,long,USDJPY,session_range_fade,1.5,1.3,12
1767052800.0,1767081600.0,-1.179,long,USDJPY,session_range_fade,1.5,1.3,12
1767110400.0,1767182400.0,-1.1701,short,USDJPY,session_range_fade,1.5,1.3,12
1767556800.0,1767614400.0,1.2616,short,USDJPY,session_range_fade,1.5,1.3,12
1767643200.0,1767686400.0,-1.1753,long,USDJPY,session_range_fade,1.5,1.3,12
1767744000.0,1767916800.0,1.2666,long,USDJPY,session_range_fade,1.5,1.3,12
1768924800.0,1769097600.0,0.0757,long,USDJPY,session_range_fade,1.5,1.3,12
1770379200.0,1770580800.0,1.3406,long,USDJPY,session_range_fade,1.5,1.3,12
1770940800.0,1771272000.0,0.5071,long,USDJPY,session_range_fade,1.5,1.3,12
1771286400.0,1771329600.0,-1.1379,short,USDJPY,session_range_fade,1.5,1.3,12
1771387200.0,1771416000.0,-1.1369,short,USDJPY,session_range_fade,1.5,1.3,12
1772136000.0,1772409600.0,1.3637,long,USDJPY,session_range_fade,1.5,1.3,12
1772640000.0,1772784000.0,1.3738,long,USDJPY,session_range_fade,1.5,1.3,12
1772798400.0,1773000000.0,1.358,long,USDJPY,session_range_fade,1.5,1.3,12
1773633600.0,1773748800.0,-1.1747,long,USDJPY,session_range_fade,1.5,1.3,12
1773849600.0,1773907200.0,1.3333,short,USDJPY,session_range_fade,1.5,1.3,12
1774555200.0,1774612800.0,-1.1801,short,USDJPY,session_range_fade,1.5,1.3,12
1774944000.0,1774958400.0,-1.1822,long,USDJPY,session_range_fade,1.5,1.3,12
1775448000.0,1775520000.0,1.2732,long,USDJPY,session_range_fade,1.5,1.3,12
1775534400.0,1775592000.0,1.2401,short,USDJPY,session_range_fade,1.5,1.3,12
1776096000.0,1776153600.0,1.2825,short,USDJPY,session_range_fade,1.5,1.3,12
1776355200.0,1776427200.0,1.3013,short,USDJPY,session_range_fade,1.5,1.3,12
1776844800.0,1776902400.0,-1.2096,short,USDJPY,session_range_fade,1.5,1.3,12
1776960000.0,1777276800.0,1.2963,short,USDJPY,session_range_fade,1.5,1.3,12
1777291200.0,1777449600.0,1.2623,long,USDJPY,session_range_fade,1.5,1.3,12
1778270400.0,1778457600.0,-1.2153,short,USDJPY,session_range_fade,1.5,1.3,12
1778673600.0,1778760000.0,-1.2316,short,USDJPY,session_range_fade,1.5,1.3,12
1778774400.0,1778846400.0,-1.2357,short,USDJPY,session_range_fade,1.5,1.3,12
1778860800.0,1779163200.0,-1.2212,short,USDJPY,session_range_fade,1.5,1.3,12
1779235200.0,1779408000.0,0.2436,long,USDJPY,session_range_fade,1.5,1.3,12
1779422400.0,1779652800.0,-1.2703,long,USDJPY,session_range_fade,1.5,1.3,12
1779667200.0,1779796800.0,1.1919,long,USDJPY,session_range_fade,1.5,1.3,12
1779825600.0,1779897600.0,1.0833,long,USDJPY,session_range_fade,1.5,1.3,12
1780041600.0,1780315200.0,1.1277,long,USDJPY,session_range_fade,1.5,1.3,12
1782388800.0,1782720000.0,0.3507,long,USDJPY,session_range_fade,1.5,1.3,12
1782734400.0,1782777600.0,1.0909,long,USDJPY,session_range_fade,1.5,1.3,12
1722283200.0,1722312000.0,-1.0953,short,USDJPY,session_range_fade,1.5,1.3,30
1723204800.0,1723449600.0,-1.0638,short,USDJPY,session_range_fade,1.5,1.3,30
1723492800.0,1723521600.0,-1.1076,short,USDJPY,session_range_fade,1.5,1.3,30
1723550400.0,1723723200.0,-1.1107,short,USDJPY,session_range_fade,1.5,1.3,30
1723737600.0,1723809600.0,1.4131,short,USDJPY,session_range_fade,1.5,1.3,30
1723824000.0,1724025600.0,-1.0889,long,USDJPY,session_range_fade,1.5,1.3,30
1724832000.0,1724846400.0,-1.1131,short,USDJPY,session_range_fade,1.5,1.3,30
1724875200.0,1724932800.0,-1.1165,short,USDJPY,session_range_fade,1.5,1.3,30
1724947200.0,1725019200.0,-1.1172,short,USDJPY,session_range_fade,1.5,1.3,30
1726012800.0,1726084800.0,1.4126,long,USDJPY,session_range_fade,1.5,1.3,30
1727193600.0,1727251200.0,1.4047,long,USDJPY,session_range_fade,1.5,1.3,30
1728331200.0,1728475200.0,-1.0978,short,USDJPY,session_range_fade,1.5,1.3,30
1728590400.0,1728892800.0,1.3721,long,USDJPY,session_range_fade,1.5,1.3,30
1728979200.0,1729036800.0,-1.1749,long,USDJPY,session_range_fade,1.5,1.3,30
1729051200.0,1729166400.0,1.3372,long,USDJPY,session_range_fade,1.5,1.3,30
1729195200.0,1729267200.0,1.3367,short,USDJPY,session_range_fade,1.5,1.3,30
1729281600.0,1729468800.0,-1.1689,long,USDJPY,session_range_fade,1.5,1.3,30
1729512000.0,1729569600.0,-1.1433,short,USDJPY,session_range_fade,1.5,1.3,30
1729584000.0,1729641600.0,-1.1403,short,USDJPY,session_range_fade,1.5,1.3,30
1730260800.0,1730347200.0,-1.1105,long,USDJPY,session_range_fade,1.5,1.3,30
1733212800.0,1733299200.0,-1.0943,short,USDJPY,session_range_fade,1.5,1.3,30
1733443200.0,1733472000.0,-1.1037,short,USDJPY,session_range_fade,1.5,1.3,30
1733486400.0,1733745600.0,-1.0932,short,USDJPY,session_range_fade,1.5,1.3,30
1733760000.0,1733832000.0,-1.1232,short,USDJPY,session_range_fade,1.5,1.3,30
1734436800.0,1734537600.0,1.355,long,USDJPY,session_range_fade,1.5,1.3,30
1735200000.0,1735560000.0,-1.2342,long,USDJPY,session_range_fade,1.5,1.3,30
1736121600.0,1736164800.0,1.3738,short,USDJPY,session_range_fade,1.5,1.3,30
1736424000.0,1736510400.0,-1.1383,short,USDJPY,session_range_fade,1.5,1.3,30
1737446400.0,1737561600.0,-1.1002,short,USDJPY,session_range_fade,1.5,1.3,30
1737633600.0,1737691200.0,1.3622,short,USDJPY,session_range_fade,1.5,1.3,30
1738540800.0,1738569600.0,1.3852,short,USDJPY,session_range_fade,1.5,1.3,30
1739232000.0,1739304000.0,-1.103,short,USDJPY,session_range_fade,1.5,1.3,30
1739894400.0,1739966400.0,-1.152,long,USDJPY,session_range_fade,1.5,1.3,30
1739980800.0,1740009600.0,-1.1449,long,USDJPY,session_range_fade,1.5,1.3,30
1740542400.0,1740715200.0,-1.0945,short,USDJPY,session_range_fade,1.5,1.3,30
1741896000.0,1741924800.0,-1.109,short,USDJPY,session_range_fade,1.5,1.3,30
1741968000.0,1742241600.0,-1.1116,short,USDJPY,session_range_fade,1.5,1.3,30
1742284800.0,1742400000.0,1.3722,short,USDJPY,session_range_fade,1.5,1.3,30
1742414400.0,1742529600.0,1.399,long,USDJPY,session_range_fade,1.5,1.3,30
1742544000.0,1742817600.0,1.3983,long,USDJPY,session_range_fade,1.5,1.3,30
1742990400.0,1743177600.0,1.3685,short,USDJPY,session_range_fade,1.5,1.3,30
1743552000.0,1743595200.0,-1.1156,long,USDJPY,session_range_fade,1.5,1.3,30
1744027200.0,1744156800.0,1.4533,short,USDJPY,session_range_fade,1.5,1.3,30
1744718400.0,1745179200.0,1.4283,short,USDJPY,session_range_fade,1.5,1.3,30
1746619200.0,1746691200.0,1.4004,long,USDJPY,session_range_fade,1.5,1.3,30
1747699200.0,1747713600.0,-1.1134,long,USDJPY,session_range_fade,1.5,1.3,30
1747728000.0,1747785600.0,-1.1102,long,USDJPY,session_range_fade,1.5,1.3,30
1747814400.0,1747886400.0,-1.106,long,USDJPY,session_range_fade,1.5,1.3,30
1748232000.0,1748318400.0,-1.102,short,USDJPY,session_range_fade,1.5,1.3,30
1748332800.0,1748390400.0,-1.1081,short,USDJPY,session_range_fade,1.5,1.3,30
1748966400.0,1749038400.0,1.3881,short,USDJPY,session_range_fade,1.5,1.3,30
1749571200.0,1749643200.0,-1.1439,short,USDJPY,session_range_fade,1.5,1.3,30
1749672000.0,1749715200.0,-1.119,long,USDJPY,session_range_fade,1.5,1.3,30
1750262400.0,1750420800.0,-1.1086,short,USDJPY,session_range_fade,1.5,1.3,30
1751256000.0,1751328000.0,-1.1123,long,USDJPY,session_range_fade,1.5,1.3,30
1751472000.0,1751544000.0,-1.1116,short,USDJPY,session_range_fade,1.5,1.3,30
1751630400.0,1751860800.0,-1.1366,short,USDJPY,session_range_fade,1.5,1.3,30
1753056000.0,1753070400.0,-1.1404,long,USDJPY,session_range_fade,1.5,1.3,30
1753833600.0,1753876800.0,-1.1422,short,USDJPY,session_range_fade,1.5,1.3,30
1754539200.0,1754640000.0,1.3786,long,USDJPY,session_range_fade,1.5,1.3,30
1754654400.0,1754956800.0,-1.1069,short,USDJPY,session_range_fade,1.5,1.3,30
1755072000.0,1755129600.0,-1.1462,long,USDJPY,session_range_fade,1.5,1.3,30
1755532800.0,1755662400.0,1.3271,short,USDJPY,session_range_fade,1.5,1.3,30
1755763200.0,1755777600.0,-1.1647,short,USDJPY,session_range_fade,1.5,1.3,30
1755792000.0,1755864000.0,1.3501,short,USDJPY,session_range_fade,1.5,1.3,30
1756252800.0,1756339200.0,1.3494,short,USDJPY,session_range_fade,1.5,1.3,30
1756771200.0,1756785600.0,-1.1707,short,USDJPY,session_range_fade,1.5,1.3,30
1757001600.0,1757073600.0,1.3753,short,USDJPY,session_range_fade,1.5,1.3,30
1757620800.0,1757664000.0,1.3294,long,USDJPY,session_range_fade,1.5,1.3,30
1758686400.0,1758700800.0,-1.1935,short,USDJPY,session_range_fade,1.5,1.3,30
1759104000.0,1759132800.0,-1.176,long,USDJPY,session_range_fade,1.5,1.3,30
1759147200.0,1759204800.0,-1.1637,long,USDJPY,session_range_fade,1.5,1.3,30
1761249600.0,1761278400.0,-1.1882,short,USDJPY,session_range_fade,1.5,1.3,30
1761336000.0,1761609600.0,1.3225,short,USDJPY,session_range_fade,1.5,1.3,30
1762171200.0,1762228800.0,1.3059,short,USDJPY,session_range_fade,1.5,1.3,30
1762876800.0,1762920000.0,-1.1727,short,USDJPY,session_range_fade,1.5,1.3,30
1763020800.0,1763121600.0,1.3172,short,USDJPY,session_range_fade,1.5,1.3,30
1763409600.0,1763481600.0,-1.1768,short,USDJPY,session_range_fade,1.5,1.3,30
1764288000.0,1764547200.0,-1.1657,long,USDJPY,session_range_fade,1.5,1.3,30
1764676800.0,1764777600.0,1.3282,short,USDJPY,session_range_fade,1.5,1.3,30
1764792000.0,1764835200.0,-1.2106,long,USDJPY,session_range_fade,1.5,1.3,30
1765224000.0,1765267200.0,-1.1757,short,USDJPY,session_range_fade,1.5,1.3,30
1766707200.0,1767182400.0,1.3422,long,USDJPY,session_range_fade,1.5,1.3,30
1767556800.0,1767614400.0,1.2616,short,USDJPY,session_range_fade,1.5,1.3,30
1767643200.0,1767686400.0,-1.1753,long,USDJPY,session_range_fade,1.5,1.3,30
1767744000.0,1767931200.0,1.3336,long,USDJPY,session_range_fade,1.5,1.3,30
1768924800.0,1769140800.0,-1.1448,long,USDJPY,session_range_fade,1.5,1.3,30
1770379200.0,1770580800.0,1.3406,long,USDJPY,session_range_fade,1.5,1.3,30
1770940800.0,1771430400.0,1.427,long,USDJPY,session_range_fade,1.5,1.3,30
1772136000.0,1772409600.0,1.3637,long,USDJPY,session_range_fade,1.5,1.3,30
1772640000.0,1772784000.0,1.3738,long,USDJPY,session_range_fade,1.5,1.3,30
1772798400.0,1773000000.0,1.358,long,USDJPY,session_range_fade,1.5,1.3,30
1773633600.0,1773748800.0,-1.1747,long,USDJPY,session_range_fade,1.5,1.3,30
1773849600.0,1773907200.0,1.3333,short,USDJPY,session_range_fade,1.5,1.3,30
1774555200.0,1774612800.0,-1.1801,short,USDJPY,session_range_fade,1.5,1.3,30
1774944000.0,1774958400.0,-1.1822,long,USDJPY,session_range_fade,1.5,1.3,30
1775448000.0,1775520000.0,1.2732,long,USDJPY,session_range_fade,1.5,1.3,30
1775534400.0,1775592000.0,1.2401,short,USDJPY,session_range_fade,1.5,1.3,30
1776096000.0,1776153600.0,1.2825,short,USDJPY,session_range_fade,1.5,1.3,30
1776355200.0,1776427200.0,1.3013,short,USDJPY,session_range_fade,1.5,1.3,30
1776844800.0,1776902400.0,-1.2096,short,USDJPY,session_range_fade,1.5,1.3,30
1776960000.0,1777276800.0,1.2963,short,USDJPY,session_range_fade,1.5,1.3,30
1777291200.0,1777449600.0,1.2623,long,USDJPY,session_range_fade,1.5,1.3,30
1778270400.0,1778457600.0,-1.2153,short,USDJPY,session_range_fade,1.5,1.3,30
1778673600.0,1778760000.0,-1.2316,short,USDJPY,session_range_fade,1.5,1.3,30
1778774400.0,1778846400.0,-1.2357,short,USDJPY,session_range_fade,1.5,1.3,30
1778860800.0,1779163200.0,-1.2212,short,USDJPY,session_range_fade,1.5,1.3,30
1779235200.0,1779825600.0,0.8449,long,USDJPY,session_range_fade,1.5,1.3,30
1779840000.0,1779883200.0,1.0959,long,USDJPY,session_range_fade,1.5,1.3,30
1780041600.0,1780315200.0,1.1277,long,USDJPY,session_range_fade,1.5,1.3,30
1782388800.0,1782777600.0,1.1591,long,USDJPY,session_range_fade,1.5,1.3,30
1722283200.0,1722312000.0,-1.1238,short,USDJPY,session_range_fade,2.0,1.0,12
1723204800.0,1723449600.0,-1.0829,short,USDJPY,session_range_fade,2.0,1.0,12
1723492800.0,1723521600.0,-1.1399,short,USDJPY,session_range_fade,2.0,1.0,12
1723550400.0,1723622400.0,-1.144,short,USDJPY,session_range_fade,2.0,1.0,12
1723636800.0,1723723200.0,1.8833,long,USDJPY,session_range_fade,2.0,1.0,12
1723737600.0,1723809600.0,1.887,short,USDJPY,session_range_fade,2.0,1.0,12
1723824000.0,1724025600.0,-1.1155,long,USDJPY,session_range_fade,2.0,1.0,12
1724832000.0,1724846400.0,-1.147,short,USDJPY,session_range_fade,2.0,1.0,12
1724875200.0,1724932800.0,-1.1515,short,USDJPY,session_range_fade,2.0,1.0,12
1724947200.0,1725004800.0,-1.1524,short,USDJPY,session_range_fade,2.0,1.0,12
1726012800.0,1726027200.0,-1.1136,long,USDJPY,session_range_fade,2.0,1.0,12
1727193600.0,1727251200.0,1.8761,long,USDJPY,session_range_fade,2.0,1.0,12
1728331200.0,1728460800.0,-1.1271,short,USDJPY,session_range_fade,2.0,1.0,12
1728590400.0,1728892800.0,1.8337,long,USDJPY,session_range_fade,2.0,1.0,12
1728979200.0,1728993600.0,-1.2274,long,USDJPY,session_range_fade,2.0,1.0,12
1729008000.0,1729036800.0,-1.233,long,USDJPY,session_range_fade,2.0,1.0,12
1729051200.0,1729180800.0,1.7884,long,USDJPY,session_range_fade,2.0,1.0,12
1729195200.0,1729267200.0,1.7877,short,USDJPY,session_range_fade,2.0,1.0,12
1729281600.0,1729468800.0,-1.2196,long,USDJPY,session_range_fade,2.0,1.0,12
1729512000.0,1729540800.0,-1.1863,short,USDJPY,session_range_fade,2.0,1.0,12
1729555200.0,1729641600.0,-1.1847,short,USDJPY,session_range_fade,2.0,1.0,12
1730260800.0,1730275200.0,-1.1437,long,USDJPY,session_range_fade,2.0,1.0,12
1733212800.0,1733284800.0,-1.1226,short,USDJPY,session_range_fade,2.0,1.0,12
1733443200.0,1733472000.0,-1.1347,short,USDJPY,session_range_fade,2.0,1.0,12
1733486400.0,1733731200.0,-1.1212,short,USDJPY,session_range_fade,2.0,1.0,12
1733745600.0,1733788800.0,-1.1559,short,USDJPY,session_range_fade,2.0,1.0,12
1734436800.0,1734537600.0,1.8114,long,USDJPY,session_range_fade,2.0,1.0,12
1735200000.0,1735531200.0,0.8607,long,USDJPY,session_range_fade,2.0,1.0,12
1735545600.0,1735560000.0,-1.2329,long,USDJPY,session_range_fade,2.0,1.0,12
1736121600.0,1736164800.0,1.836,short,USDJPY,session_range_fade,2.0,1.0,12
1736424000.0,1736481600.0,-1.1798,short,USDJPY,session_range_fade,2.0,1.0,12
1737446400.0,1737561600.0,-1.1302,short,USDJPY,session_range_fade,2.0,1.0,12
1737633600.0,1737691200.0,1.8209,short,USDJPY,session_range_fade,2.0,1.0,12
1738540800.0,1738569600.0,1.8507,short,USDJPY,session_range_fade,2.0,1.0,12
1739232000.0,1739275200.0,-1.1339,short,USDJPY,session_range_fade,2.0,1.0,12
1739894400.0,1739966400.0,-1.1977,long,USDJPY,session_range_fade,2.0,1.0,12
1739980800.0,1740009600.0,-1.1884,long,USDJPY,session_range_fade,2.0,1.0,12
1740542400.0,1740657600.0,-1.1229,short,USDJPY,session_range_fade,2.0,1.0,12
1740672000.0,1740715200.0,-1.1244,short,USDJPY,session_range_fade,2.0,1.0,12
1741896000.0,1741924800.0,-1.1416,short,USDJPY,session_range_fade,2.0,1.0,12
1741968000.0,1742227200.0,-1.1451,short,USDJPY,session_range_fade,2.0,1.0,12
1742284800.0,1742400000.0,1.8338,short,USDJPY,session_range_fade,2.0,1.0,12
1742414400.0,1742529600.0,1.8688,long,USDJPY,session_range_fade,2.0,1.0,12
1742544000.0,1742817600.0,1.8677,long,USDJPY,session_range_fade,2.0,1.0,12
1742990400.0,1743091200.0,-1.1709,short,USDJPY,session_range_fade,2.0,1.0,12
1743163200.0,1743177600.0,-1.1504,long,USDJPY,session_range_fade,2.0,1.0,12
1743552000.0,1743580800.0,-1.1503,long,USDJPY,session_range_fade,2.0,1.0,12
1744027200.0,1744156800.0,1.9393,short,USDJPY,session_range_fade,2.0,1.0,12
1744718400.0,1744891200.0,0.9061,short,USDJPY,session_range_fade,2.0,1.0,12
1744920000.0,1745193600.0,1.8832,short,USDJPY,session_range_fade,2.0,1.0,12
1746619200.0,1746633600.0,-1.1295,long,USDJPY,session_range_fade,2.0,1.0,12
1747699200.0,1747713600.0,-1.1474,long,USDJPY,session_range_fade,2.0,1.0,12
1747728000.0,1747785600.0,-1.1433,long,USDJPY,session_range_fade,2.0,1.0,12
1747814400.0,1747872000.0,-1.1378,long,USDJPY,session_range_fade,2.0,1.0,12
1747886400.0,1747929600.0,1.8745,long,USDJPY,session_range_fade,2.0,1.0,12
1748232000.0,1748318400.0,-1.1326,short,USDJPY,session_range_fade,2.0,1.0,12
1748332800.0,1748390400.0,-1.1405,short,USDJPY,session_range_fade,2.0,1.0,12
1748966400.0,1749038400.0,1.8545,short,USDJPY,session_range_fade,2.0,1.0,12
1749571200.0,1749628800.0,-1.187,short,USDJPY,session_range_fade,2.0,1.0,12
1749672000.0,1749700800.0,-1.1548,long,USDJPY,session_range_fade,2.0,1.0,12
1750262400.0,1750320000.0,-1.1412,short,USDJPY,session_range_fade,2.0,1.0,12
1750334400.0,1750435200.0,-1.1579,short,USDJPY,session_range_fade,2.0,1.0,12
1751256000.0,1751328000.0,-1.146,long,USDJPY,session_range_fade,2.0,1.0,12
1751472000.0,1751544000.0,-1.1451,short,USDJPY,session_range_fade,2.0,1.0,12
1751630400.0,1751860800.0,-1.1776,short,USDJPY,session_range_fade,2.0,1.0,12
1753056000.0,1753070400.0,-1.1826,long,USDJPY,session_range_fade,2.0,1.0,12
1753833600.0,1753876800.0,-1.1848,short,USDJPY,session_range_fade,2.0,1.0,12
1754539200.0,1754640000.0,1.8422,long,USDJPY,session_range_fade,2.0,1.0,12
1754654400.0,1754928000.0,-1.139,short,USDJPY,session_range_fade,2.0,1.0,12
1755072000.0,1755129600.0,-1.19,long,USDJPY,session_range_fade,2.0,1.0,12
1755532800.0,1755662400.0,1.7753,short,USDJPY,session_range_fade,2.0,1.0,12
1755763200.0,1755777600.0,-1.2141,short,USDJPY,session_range_fade,2.0,1.0,12
1755792000.0,1755835200.0,-1.1949,short,USDJPY,session_range_fade,2.0,1.0,12
1756252800.0,1756353600.0,1.8042,short,USDJPY,session_range_fade,2.0,1.0,12
1756771200.0,1756785600.0,-1.2219,short,USDJPY,session_range_fade,2.0,1.0,12
1757001600.0,1757073600.0,1.8379,short,USDJPY,session_range_fade,2.0,1.0,12
1757620800.0,1757664000.0,1.7782,long,USDJPY,session_range_fade,2.0,1.0,12
1758686400.0,1758700800.0,-1.2516,short,USDJPY,session_range_fade,2.0,1.0,12
1759104000.0,1759118400.0,-1.2288,long,USDJPY,session_range_fade,2.0,1.0,12
1759132800.0,1759204800.0,-1.2177,long,USDJPY,session_range_fade,2.0,1.0,12
1761249600.0,1761278400.0,-1.2447,short,USDJPY,session_range_fade,2.0,1.0,12
1761336000.0,1761537600.0,-1.2307,short,USDJPY,session_range_fade,2.0,1.0,12
1761552000.0,1761566400.0,-1.2203,short,USDJPY,session_range_fade,2.0,1.0,12
1761580800.0,1761609600.0,1.7931,short,USDJPY,session_range_fade,2.0,1.0,12
1762171200.0,1762214400.0,-1.2524,short,USDJPY,session_range_fade,2.0,1.0,12
1762228800.0,1762300800.0,-1.2445,long,USDJPY,session_range_fade,2.0,1.0,12
1762876800.0,1762920000.0,-1.2246,short,USDJPY,session_range_fade,2.0,1.0,12
1763020800.0,1763121600.0,1.7624,short,USDJPY,session_range_fade,2.0,1.0,12
1763409600.0,1763481600.0,-1.2298,short,USDJPY,session_range_fade,2.0,1.0,12
1764288000.0,1764532800.0,-1.2154,long,USDJPY,session_range_fade,2.0,1.0,12
1764676800.0,1764777600.0,1.7767,short,USDJPY,session_range_fade,2.0,1.0,12
1764792000.0,1764835200.0,-1.2738,long,USDJPY,session_range_fade,2.0,1.0,12
1765224000.0,1765252800.0,-1.2283,short,USDJPY,session_range_fade,2.0,1.0,12
1766707200.0,1767038400.0,-0.3694,long,USDJPY,session_range_fade,2.0,1.0,12
1767052800.0,1767067200.0,-1.2326,long,USDJPY,session_range_fade,2.0,1.0,12
1767110400.0,1767182400.0,-1.2211,short,USDJPY,session_range_fade,2.0,1.0,12
1767556800.0,1767585600.0,-1.31,short,USDJPY,session_range_fade,2.0,1.0,12
1767643200.0,1767657600.0,-1.2279,long,USDJPY,session_range_fade,2.0,1.0,12
1767744000.0,1767916800.0,1.6466,long,USDJPY,session_range_fade,2.0,1.0,12
1768924800.0,1768953600.0,-1.1882,long,USDJPY,session_range_fade,2.0,1.0,12
1768968000.0,1769054400.0,1.8113,long,USDJPY,session_range_fade,2.0,1.0,12
1770379200.0,1770580800.0,1.7928,long,USDJPY,session_range_fade,2.0,1.0,12
1770940800.0,1771272000.0,0.6592,long,USDJPY,session_range_fade,2.0,1.0,12
1771286400.0,1771329600.0,-1.1793,short,USDJPY,session_range_fade,2.0,1.0,12
1771387200.0,1771416000.0,-1.178,short,USDJPY,session_range_fade,2.0,1.0,12
1772136000.0,1772409600.0,1.8228,long,USDJPY,session_range_fade,2.0,1.0,12
1772640000.0,1772668800.0,-1.1641,long,USDJPY,session_range_fade,2.0,1.0,12
1772769600.0,1773000000.0,1.805,long,USDJPY,session_range_fade,2.0,1.0,12
1773633600.0,1773662400.0,-1.2271,long,USDJPY,session_range_fade,2.0,1.0,12
1773691200.0,1773748800.0,-1.2395,long,USDJPY,session_range_fade,2.0,1.0,12
1773849600.0,1773907200.0,1.7832,short,USDJPY,session_range_fade,2.0,1.0,12
1774555200.0,1774612800.0,-1.2342,short,USDJPY,session_range_fade,2.0,1.0,12
1774944000.0,1774958400.0,-1.2369,long,USDJPY,session_range_fade,2.0,1.0,12
1775448000.0,1775520000.0,1.7051,long,USDJPY,session_range_fade,2.0,1.0,12
1775534400.0,1775592000.0,1.6621,short,USDJPY,session_range_fade,2.0,1.0,12
1776096000.0,1776153600.0,1.7172,short,USDJPY,session_range_fade,2.0,1.0,12
1776355200.0,1776398400.0,-1.2583,short,USDJPY,session_range_fade,2.0,1.0,12
1776412800.0,1776427200.0,1.743,short,USDJPY,session_range_fade,2.0,1.0,12
1776844800.0,1776873600.0,-1.2724,short,USDJPY,session_range_fade,2.0,1.0,12
1776960000.0,1777291200.0,1.0717,short,USDJPY,session_range_fade,2.0,1.0,12
1777305600.0,1777334400.0,-1.32,long,USDJPY,session_range_fade,2.0,1.0,12
1777406400.0,1777464000.0,1.7176,long,USDJPY,session_range_fade,2.0,1.0,12
1778270400.0,1778443200.0,-1.2799,short,USDJPY,session_range_fade,2.0,1.0,12
1778673600.0,1778760000.0,-1.3011,short,USDJPY,session_range_fade,2.0,1.0,12
1778774400.0,1778817600.0,-1.3064,short,USDJPY,session_range_fade,2.0,1.0,12
1778832000.0,1778875200.0,-1.291,short,USDJPY,session_range_fade,2.0,1.0,12
1779235200.0,1779278400.0,-1.2922,long,USDJPY,session_range_fade,2.0,1.0,12
1779292800.0,1779465600.0,0.8269,long,USDJPY,session_range_fade,2.0,1.0,12
1779652800.0,1779667200.0,-1.4147,long,USDJPY,session_range_fade,2.0,1.0,12
1779681600.0,1779796800.0,1.6021,long,USDJPY,session_range_fade,2.0,1.0,12
1779825600.0,1779897600.0,1.4583,long,USDJPY,session_range_fade,2.0,1.0,12
1780041600.0,1780315200.0,1.516,long,USDJPY,session_range_fade,2.0,1.0,12
1782388800.0,1782720000.0,0.4559,long,USDJPY,session_range_fade,2.0,1.0,12
1782734400.0,1782777600.0,1.4682,long,USDJPY,session_range_fade,2.0,1.0,12
1722283200.0,1722312000.0,-1.1238,short,USDJPY,session_range_fade,2.0,1.0,30
1723204800.0,1723449600.0,-1.0829,short,USDJPY,session_range_fade,2.0,1.0,30
1723492800.0,1723521600.0,-1.1399,short,USDJPY,session_range_fade,2.0,1.0,30
1723550400.0,1723622400.0,-1.144,short,USDJPY,session_range_fade,2.0,1.0,30
1723636800.0,1723723200.0,1.8833,long,USDJPY,session_range_fade,2.0,1.0,30
1723737600.0,1723809600.0,1.887,short,USDJPY,session_range_fade,2.0,1.0,30
1723824000.0,1724025600.0,-1.1155,long,USDJPY,session_range_fade,2.0,1.0,30
1724832000.0,1724846400.0,-1.147,short,USDJPY,session_range_fade,2.0,1.0,30
1724875200.0,1724932800.0,-1.1515,short,USDJPY,session_range_fade,2.0,1.0,30
1724947200.0,1725004800.0,-1.1524,short,USDJPY,session_range_fade,2.0,1.0,30
1726012800.0,1726027200.0,-1.1136,long,USDJPY,session_range_fade,2.0,1.0,30
1727193600.0,1727251200.0,1.8761,long,USDJPY,session_range_fade,2.0,1.0,30
1728331200.0,1728460800.0,-1.1271,short,USDJPY,session_range_fade,2.0,1.0,30
1728590400.0,1728892800.0,1.8337,long,USDJPY,session_range_fade,2.0,1.0,30
1728979200.0,1728993600.0,-1.2274,long,USDJPY,session_range_fade,2.0,1.0,30
1729008000.0,1729036800.0,-1.233,long,USDJPY,session_range_fade,2.0,1.0,30
1729051200.0,1729180800.0,1.7884,long,USDJPY,session_range_fade,2.0,1.0,30
1729195200.0,1729267200.0,1.7877,short,USDJPY,session_range_fade,2.0,1.0,30
1729281600.0,1729468800.0,-1.2196,long,USDJPY,session_range_fade,2.0,1.0,30
1729512000.0,1729540800.0,-1.1863,short,USDJPY,session_range_fade,2.0,1.0,30
1729555200.0,1729641600.0,-1.1847,short,USDJPY,session_range_fade,2.0,1.0,30
1730260800.0,1730275200.0,-1.1437,long,USDJPY,session_range_fade,2.0,1.0,30
1733212800.0,1733284800.0,-1.1226,short,USDJPY,session_range_fade,2.0,1.0,30
1733443200.0,1733472000.0,-1.1347,short,USDJPY,session_range_fade,2.0,1.0,30
1733486400.0,1733731200.0,-1.1212,short,USDJPY,session_range_fade,2.0,1.0,30
1733745600.0,1733788800.0,-1.1559,short,USDJPY,session_range_fade,2.0,1.0,30
1734436800.0,1734537600.0,1.8114,long,USDJPY,session_range_fade,2.0,1.0,30
1735200000.0,1735560000.0,-1.3045,long,USDJPY,session_range_fade,2.0,1.0,30
1736121600.0,1736164800.0,1.836,short,USDJPY,session_range_fade,2.0,1.0,30
1736424000.0,1736481600.0,-1.1798,short,USDJPY,session_range_fade,2.0,1.0,30
1737446400.0,1737561600.0,-1.1302,short,USDJPY,session_range_fade,2.0,1.0,30
1737633600.0,1737691200.0,1.8209,short,USDJPY,session_range_fade,2.0,1.0,30
1738540800.0,1738569600.0,1.8507,short,USDJPY,session_range_fade,2.0,1.0,30
1739232000.0,1739275200.0,-1.1339,short,USDJPY,session_range_fade,2.0,1.0,30
1739894400.0,1739966400.0,-1.1977,long,USDJPY,session_range_fade,2.0,1.0,30
1739980800.0,1740009600.0,-1.1884,long,USDJPY,session_range_fade,2.0,1.0,30
1740542400.0,1740657600.0,-1.1229,short,USDJPY,session_range_fade,2.0,1.0,30
1740672000.0,1740715200.0,-1.1244,short,USDJPY,session_range_fade,2.0,1.0,30
1741896000.0,1741924800.0,-1.1416,short,USDJPY,session_range_fade,2.0,1.0,30
1741968000.0,1742227200.0,-1.1451,short,USDJPY,session_range_fade,2.0,1.0,30
1742284800.0,1742400000.0,1.8338,short,USDJPY,session_range_fade,2.0,1.0,30
1742414400.0,1742529600.0,1.8688,long,USDJPY,session_range_fade,2.0,1.0,30
1742544000.0,1742817600.0,1.8677,long,USDJPY,session_range_fade,2.0,1.0,30
1742990400.0,1743091200.0,-1.1709,short,USDJPY,session_range_fade,2.0,1.0,30
1743163200.0,1743177600.0,-1.1504,long,USDJPY,session_range_fade,2.0,1.0,30
1743552000.0,1743580800.0,-1.1503,long,USDJPY,session_range_fade,2.0,1.0,30
1744027200.0,1744156800.0,1.9393,short,USDJPY,session_range_fade,2.0,1.0,30
1744718400.0,1745179200.0,1.9068,short,USDJPY,session_range_fade,2.0,1.0,30
1746619200.0,1746633600.0,-1.1295,long,USDJPY,session_range_fade,2.0,1.0,30
1747699200.0,1747713600.0,-1.1474,long,USDJPY,session_range_fade,2.0,1.0,30
1747728000.0,1747785600.0,-1.1433,long,USDJPY,session_range_fade,2.0,1.0,30
1747814400.0,1747872000.0,-1.1378,long,USDJPY,session_range_fade,2.0,1.0,30
1747886400.0,1747929600.0,1.8745,long,USDJPY,session_range_fade,2.0,1.0,30
1748232000.0,1748318400.0,-1.1326,short,USDJPY,session_range_fade,2.0,1.0,30
1748332800.0,1748390400.0,-1.1405,short,USDJPY,session_range_fade,2.0,1.0,30
1748966400.0,1749038400.0,1.8545,short,USDJPY,session_range_fade,2.0,1.0,30
1749571200.0,1749628800.0,-1.187,short,USDJPY,session_range_fade,2.0,1.0,30
1749672000.0,1749700800.0,-1.1548,long,USDJPY,session_range_fade,2.0,1.0,30
1750262400.0,1750320000.0,-1.1412,short,USDJPY,session_range_fade,2.0,1.0,30
1750334400.0,1750435200.0,-1.1579,short,USDJPY,session_range_fade,2.0,1.0,30
1751256000.0,1751328000.0,-1.146,long,USDJPY,session_range_fade,2.0,1.0,30
1751472000.0,1751544000.0,-1.1451,short,USDJPY,session_range_fade,2.0,1.0,30
1751630400.0,1751860800.0,-1.1776,short,USDJPY,session_range_fade,2.0,1.0,30
1753056000.0,1753070400.0,-1.1826,long,USDJPY,session_range_fade,2.0,1.0,30
1753833600.0,1753876800.0,-1.1848,short,USDJPY,session_range_fade,2.0,1.0,30
1754539200.0,1754640000.0,1.8422,long,USDJPY,session_range_fade,2.0,1.0,30
1754654400.0,1754928000.0,-1.139,short,USDJPY,session_range_fade,2.0,1.0,30
1755072000.0,1755129600.0,-1.19,long,USDJPY,session_range_fade,2.0,1.0,30
1755532800.0,1755662400.0,1.7753,short,USDJPY,session_range_fade,2.0,1.0,30
1755763200.0,1755777600.0,-1.2141,short,USDJPY,session_range_fade,2.0,1.0,30
1755792000.0,1755835200.0,-1.1949,short,USDJPY,session_range_fade,2.0,1.0,30
1756252800.0,1756353600.0,1.8042,short,USDJPY,session_range_fade,2.0,1.0,30
1756771200.0,1756785600.0,-1.2219,short,USDJPY,session_range_fade,2.0,1.0,30
1757001600.0,1757073600.0,1.8379,short,USDJPY,session_range_fade,2.0,1.0,30
1757620800.0,1757664000.0,1.7782,long,USDJPY,session_range_fade,2.0,1.0,30
1758686400.0,1758700800.0,-1.2516,short,USDJPY,session_range_fade,2.0,1.0,30
1759104000.0,1759118400.0,-1.2288,long,USDJPY,session_range_fade,2.0,1.0,30
1759132800.0,1759204800.0,-1.2177,long,USDJPY,session_range_fade,2.0,1.0,30
1761249600.0,1761278400.0,-1.2447,short,USDJPY,session_range_fade,2.0,1.0,30
1761336000.0,1761537600.0,-1.2307,short,USDJPY,session_range_fade,2.0,1.0,30
1761552000.0,1761566400.0,-1.2203,short,USDJPY,session_range_fade,2.0,1.0,30
1761580800.0,1761609600.0,1.7931,short,USDJPY,session_range_fade,2.0,1.0,30
1762171200.0,1762214400.0,-1.2524,short,USDJPY,session_range_fade,2.0,1.0,30
1762228800.0,1762300800.0,-1.2445,long,USDJPY,session_range_fade,2.0,1.0,30
1762876800.0,1762920000.0,-1.2246,short,USDJPY,session_range_fade,2.0,1.0,30
1763020800.0,1763121600.0,1.7624,short,USDJPY,session_range_fade,2.0,1.0,30
1763409600.0,1763481600.0,-1.2298,short,USDJPY,session_range_fade,2.0,1.0,30
1764288000.0,1764532800.0,-1.2154,long,USDJPY,session_range_fade,2.0,1.0,30
1764676800.0,1764777600.0,1.7767,short,USDJPY,session_range_fade,2.0,1.0,30
1764792000.0,1764835200.0,-1.2738,long,USDJPY,session_range_fade,2.0,1.0,30
1765224000.0,1765252800.0,-1.2283,short,USDJPY,session_range_fade,2.0,1.0,30
1766707200.0,1767182400.0,1.7949,long,USDJPY,session_range_fade,2.0,1.0,30
1767556800.0,1767585600.0,-1.31,short,USDJPY,session_range_fade,2.0,1.0,30
1767643200.0,1767657600.0,-1.2279,long,USDJPY,session_range_fade,2.0,1.0,30
1767744000.0,1767931200.0,1.7836,long,USDJPY,session_range_fade,2.0,1.0,30
1768924800.0,1768953600.0,-1.1882,long,USDJPY,session_range_fade,2.0,1.0,30
1768968000.0,1769054400.0,1.8113,long,USDJPY,session_range_fade,2.0,1.0,30
1770379200.0,1770580800.0,1.7928,long,USDJPY,session_range_fade,2.0,1.0,30
1770940800.0,1771430400.0,1.9051,long,USDJPY,session_range_fade,2.0,1.0,30
1772136000.0,1772409600.0,1.8228,long,USDJPY,session_range_fade,2.0,1.0,30
1772640000.0,1772668800.0,-1.1641,long,USDJPY,session_range_fade,2.0,1.0,30
1772769600.0,1773000000.0,1.805,long,USDJPY,session_range_fade,2.0,1.0,30
1773633600.0,1773662400.0,-1.2271,long,USDJPY,session_range_fade,2.0,1.0,30
1773691200.0,1773748800.0,-1.2395,long,USDJPY,session_range_fade,2.0,1.0,30
1773849600.0,1773907200.0,1.7832,short,USDJPY,session_range_fade,2.0,1.0,30
1774555200.0,1774612800.0,-1.2342,short,USDJPY,session_range_fade,2.0,1.0,30
1774944000.0,1774958400.0,-1.2369,long,USDJPY,session_range_fade,2.0,1.0,30
1775448000.0,1775520000.0,1.7051,long,USDJPY,session_range_fade,2.0,1.0,30
1775534400.0,1775592000.0,1.6621,short,USDJPY,session_range_fade,2.0,1.0,30
1776096000.0,1776153600.0,1.7172,short,USDJPY,session_range_fade,2.0,1.0,30
1776355200.0,1776398400.0,-1.2583,short,USDJPY,session_range_fade,2.0,1.0,30
1776412800.0,1776427200.0,1.743,short,USDJPY,session_range_fade,2.0,1.0,30
1776844800.0,1776873600.0,-1.2724,short,USDJPY,session_range_fade,2.0,1.0,30
1776960000.0,1777334400.0,1.7352,short,USDJPY,session_range_fade,2.0,1.0,30
1777406400.0,1777464000.0,1.7176,long,USDJPY,session_range_fade,2.0,1.0,30
1778270400.0,1778443200.0,-1.2799,short,USDJPY,session_range_fade,2.0,1.0,30
1778673600.0,1778760000.0,-1.3011,short,USDJPY,session_range_fade,2.0,1.0,30
1778774400.0,1778817600.0,-1.3064,short,USDJPY,session_range_fade,2.0,1.0,30
1778832000.0,1778875200.0,-1.291,short,USDJPY,session_range_fade,2.0,1.0,30
1779235200.0,1779278400.0,-1.2922,long,USDJPY,session_range_fade,2.0,1.0,30
1779292800.0,1779868800.0,1.7139,long,USDJPY,session_range_fade,2.0,1.0,30
1780041600.0,1780315200.0,1.516,long,USDJPY,session_range_fade,2.0,1.0,30
1782388800.0,1782777600.0,1.5569,long,USDJPY,session_range_fade,2.0,1.0,30
1722283200.0,1722312000.0,-1.0953,short,USDJPY,session_range_fade,2.0,1.3,12
1723204800.0,1723449600.0,-1.0638,short,USDJPY,session_range_fade,2.0,1.3,12
1723492800.0,1723521600.0,-1.1076,short,USDJPY,session_range_fade,2.0,1.3,12
1723550400.0,1723723200.0,-1.1107,short,USDJPY,session_range_fade,2.0,1.3,12
1723737600.0,1724025600.0,1.9131,short,USDJPY,session_range_fade,2.0,1.3,12
1724832000.0,1724846400.0,-1.1131,short,USDJPY,session_range_fade,2.0,1.3,12
1724875200.0,1724932800.0,-1.1165,short,USDJPY,session_range_fade,2.0,1.3,12
1724947200.0,1725019200.0,-1.1172,short,USDJPY,session_range_fade,2.0,1.3,12
1726012800.0,1726113600.0,1.9126,long,USDJPY,session_range_fade,2.0,1.3,12
1727193600.0,1727280000.0,1.9047,long,USDJPY,session_range_fade,2.0,1.3,12
1728331200.0,1728475200.0,-1.0978,short,USDJPY,session_range_fade,2.0,1.3,12
1728590400.0,1728907200.0,1.8721,long,USDJPY,session_range_fade,2.0,1.3,12
1728979200.0,1729036800.0,-1.1749,long,USDJPY,session_range_fade,2.0,1.3,12
1729051200.0,1729224000.0,1.2367,long,USDJPY,session_range_fade,2.0,1.3,12
1729252800.0,1729468800.0,-1.1513,long,USDJPY,session_range_fade,2.0,1.3,12
1729512000.0,1729569600.0,-1.1433,short,USDJPY,session_range_fade,2.0,1.3,12
1729584000.0,1729641600.0,-1.1403,short,USDJPY,session_range_fade,2.0,1.3,12
1730260800.0,1730347200.0,-1.1105,long,USDJPY,session_range_fade,2.0,1.3,12
1733212800.0,1733299200.0,-1.0943,short,USDJPY,session_range_fade,2.0,1.3,12
1733443200.0,1733472000.0,-1.1037,short,USDJPY,session_range_fade,2.0,1.3,12
1733486400.0,1733745600.0,-1.0932,short,USDJPY,session_range_fade,2.0,1.3,12
1733760000.0,1733832000.0,-1.1232,short,USDJPY,session_range_fade,2.0,1.3,12
1734436800.0,1734537600.0,1.855,long,USDJPY,session_range_fade,2.0,1.3,12
1735200000.0,1735531200.0,0.6621,long,USDJPY,session_range_fade,2.0,1.3,12
1735545600.0,1735560000.0,-1.1791,long,USDJPY,session_range_fade,2.0,1.3,12
1736121600.0,1736164800.0,1.8738,short,USDJPY,session_range_fade,2.0,1.3,12
1736424000.0,1736510400.0,-1.1383,short,USDJPY,session_range_fade,2.0,1.3,12
1737446400.0,1737561600.0,-1.1002,short,USDJPY,session_range_fade,2.0,1.3,12
1737633600.0,1737691200.0,1.8622,short,USDJPY,session_range_fade,2.0,1.3,12
1738540800.0,1738584000.0,1.8852,short,USDJPY,session_range_fade,2.0,1.3,12
1739232000.0,1739304000.0,-1.103,short,USDJPY,session_range_fade,2.0,1.3,12
1739894400.0,1739966400.0,-1.152,long,USDJPY,session_range_fade,2.0,1.3,12
1739980800.0,1740009600.0,-1.1449,long,USDJPY,session_range_fade,2.0,1.3,12
1740542400.0,1740715200.0,-1.0945,short,USDJPY,session_range_fade,2.0,1.3,12
1741896000.0,1741924800.0,-1.109,short,USDJPY,session_range_fade,2.0,1.3,12
1741968000.0,1742241600.0,-1.1116,short,USDJPY,session_range_fade,2.0,1.3,12
1742284800.0,1742414400.0,1.8722,short,USDJPY,session_range_fade,2.0,1.3,12
1742428800.0,1742760000.0,1.7589,long,USDJPY,session_range_fade,2.0,1.3,12
1742990400.0,1743163200.0,0.6049,short,USDJPY,session_range_fade,2.0,1.3,12
1743177600.0,1743379200.0,-1.1127,long,USDJPY,session_range_fade,2.0,1.3,12
1743552000.0,1743595200.0,-1.1156,long,USDJPY,session_range_fade,2.0,1.3,12
1744027200.0,1744171200.0,1.9533,short,USDJPY,session_range_fade,2.0,1.3,12
1744718400.0,1744891200.0,0.697,short,USDJPY,session_range_fade,2.0,1.3,12
1744920000.0,1745193600.0,1.9102,short,USDJPY,session_range_fade,2.0,1.3,12
1746619200.0,1746691200.0,1.9004,long,USDJPY,session_range_fade,2.0,1.3,12
1747699200.0,1747713600.0,-1.1134,long,USDJPY,session_range_fade,2.0,1.3,12
1747728000.0,1747785600.0,-1.1102,long,USDJPY,session_range_fade,2.0,1.3,12
1747814400.0,1747886400.0,-1.106,long,USDJPY,session_range_fade,2.0,1.3,12
1748232000.0,1748318400.0,-1.102,short,USDJPY,session_range_fade,2.0,1.3,12
1748332800.0,1748390400.0,-1.1081,short,USDJPY,session_range_fade,2.0,1.3,12
1748966400.0,1749052800.0,1.8881,short,USDJPY,session_range_fade,2.0,1.3,12
1749571200.0,1749643200.0,-1.1439,short,USDJPY,session_range_fade,2.0,1.3,12
1749672000.0,1749715200.0,-1.119,long,USDJPY,session_range_fade,2.0,1.3,12
1750262400.0,1750420800.0,-1.1086,short,USDJPY,session_range_fade,2.0,1.3,12
1751256000.0,1751328000.0,-1.1123,long,USDJPY,session_range_fade,2.0,1.3,12
1751472000.0,1751544000.0,-1.1116,short,USDJPY,session_range_fade,2.0,1.3,12
1751630400.0,1751860800.0,-1.1366,short,USDJPY,session_range_fade,2.0,1.3,12
1753056000.0,1753070400.0,-1.1404,long,USDJPY,session_range_fade,2.0,1.3,12
1753833600.0,1753876800.0,-1.1422,short,USDJPY,session_range_fade,2.0,1.3,12
1754539200.0,1754870400.0,0.9963,long,USDJPY,session_range_fade,2.0,1.3,12
1754884800.0,1754913600.0,-1.1276,short,USDJPY,session_range_fade,2.0,1.3,12
1755072000.0,1755129600.0,-1.1462,long,USDJPY,session_range_fade,2.0,1.3,12
1755532800.0,1755691200.0,1.8271,short,USDJPY,session_range_fade,2.0,1.3,12
1755763200.0,1755777600.0,-1.1647,short,USDJPY,session_range_fade,2.0,1.3,12
1755792000.0,1755864000.0,1.8501,short,USDJPY,session_range_fade,2.0,1.3,12
1756252800.0,1756368000.0,1.8494,short,USDJPY,session_range_fade,2.0,1.3,12
1756771200.0,1756785600.0,-1.1707,short,USDJPY,session_range_fade,2.0,1.3,12
1757001600.0,1757073600.0,1.8753,short,USDJPY,session_range_fade,2.0,1.3,12
1757620800.0,1757966400.0,0.228,long,USDJPY,session_range_fade,2.0,1.3,12
1758686400.0,1758700800.0,-1.1935,short,USDJPY,session_range_fade,2.0,1.3,12
1759104000.0,1759132800.0,-1.176,long,USDJPY,session_range_fade,2.0,1.3,12
1759147200.0,1759204800.0,-1.1637,long,USDJPY,session_range_fade,2.0,1.3,12
1761249600.0,1761278400.0,-1.1882,short,USDJPY,session_range_fade,2.0,1.3,12
1761336000.0,1761624000.0,1.8225,short,USDJPY,session_range_fade,2.0,1.3,12
1762171200.0,1762300800.0,1.8059,short,USDJPY,session_range_fade,2.0,1.3,12
1762876800.0,1762920000.0,-1.1727,short,USDJPY,session_range_fade,2.0,1.3,12
1763020800.0,1763121600.0,1.8172,short,USDJPY,session_range_fade,2.0,1.3,12
1763409600.0,1763481600.0,-1.1768,short,USDJPY,session_range_fade,2.0,1.3,12
1764288000.0,1764547200.0,-1.1657,long,USDJPY,session_range_fade,2.0,1.3,12
1764676800.0,1764835200.0,1.8282,short,USDJPY,session_range_fade,2.0,1.3,12
1765224000.0,1765267200.0,-1.1757,short,USDJPY,session_range_fade,2.0,1.3,12
1766707200.0,1767038400.0,-0.2842,long,USDJPY,session_range_fade,2.0,1.3,12
1767052800.0,1767081600.0,-1.179,long,USDJPY,session_range_fade,2.0,1.3,12
1767110400.0,1767182400.0,-1.1701,short,USDJPY,session_range_fade,2.0,1.3,12
1767556800.0,1767628800.0,1.7616,short,USDJPY,session_range_fade,2.0,1.3,12
1767643200.0,1767686400.0,-1.1753,long,USDJPY,session_range_fade,2.0,1.3,12
1767744000.0,1767916800.0,1.2666,long,USDJPY,session_range_fade,2.0,1.3,12
1768924800.0,1769097600.0,0.0757,long,USDJPY,session_range_fade,2.0,1.3,12
1770379200.0,1770595200.0,-1.1594,long,USDJPY,session_range_fade,2.0,1.3,12
1770940800.0,1771272000.0,0.5071,long,USDJPY,session_range_fade,2.0,1.3,12
1771286400.0,1771329600.0,-1.1379,short,USDJPY,session_range_fade,2.0,1.3,12
1771387200.0,1771416000.0,-1.1369,short,USDJPY,session_range_fade,2.0,1.3,12
1772136000.0,1772424000.0,1.8637,long,USDJPY,session_range_fade,2.0,1.3,12
1772640000.0,1772812800.0,1.2753,long,USDJPY,session_range_fade,2.0,1.3,12
1773633600.0,1773748800.0,-1.1747,long,USDJPY,session_range_fade,2.0,1.3,12
1773849600.0,1773921600.0,1.8333,short,USDJPY,session_range_fade,2.0,1.3,12
1774555200.0,1774612800.0,-1.1801,short,USDJPY,session_range_fade,2.0,1.3,12
1774944000.0,1774958400.0,-1.1822,long,USDJPY,session_range_fade,2.0,1.3,12
1775448000.0,1775592000.0,-1.2268,long,USDJPY,session_range_fade,2.0,1.3,12
1776096000.0,1776168000.0,1.7825,short,USDJPY,session_range_fade,2.0,1.3,12
1776355200.0,1776427200.0,1.8013,short,USDJPY,session_range_fade,2.0,1.3,12
1776844800.0,1776902400.0,-1.2096,short,USDJPY,session_range_fade,2.0,1.3,12
1776960000.0,1777291200.0,0.8244,short,USDJPY,session_range_fade,2.0,1.3,12
1777305600.0,1777334400.0,-1.2461,long,USDJPY,session_range_fade,2.0,1.3,12
1777406400.0,1777464000.0,1.7828,long,USDJPY,session_range_fade,2.0,1.3,12
1778270400.0,1778457600.0,-1.2153,short,USDJPY,session_range_fade,2.0,1.3,12
1778673600.0,1778760000.0,-1.2316,short,USDJPY,session_range_fade,2.0,1.3,12
1778774400.0,1778846400.0,-1.2357,short,USDJPY,session_range_fade,2.0,1.3,12
1778860800.0,1779163200.0,-1.2212,short,USDJPY,session_range_fade,2.0,1.3,12
1779235200.0,1779408000.0,0.2436,long,USDJPY,session_range_fade,2.0,1.3,12
1779422400.0,1779652800.0,-1.2703,long,USDJPY,session_range_fade,2.0,1.3,12
1779667200.0,1779840000.0,0.929,long,USDJPY,session_range_fade,2.0,1.3,12
1780041600.0,1780315200.0,1.6277,long,USDJPY,session_range_fade,2.0,1.3,12
1782388800.0,1782720000.0,0.3507,long,USDJPY,session_range_fade,2.0,1.3,12
1782734400.0,1782777600.0,1.5909,long,USDJPY,session_range_fade,2.0,1.3,12
1722283200.0,1722312000.0,-1.0953,short,USDJPY,session_range_fade,2.0,1.3,30
1723204800.0,1723449600.0,-1.0638,short,USDJPY,session_range_fade,2.0,1.3,30
1723492800.0,1723521600.0,-1.1076,short,USDJPY,session_range_fade,2.0,1.3,30
1723550400.0,1723723200.0,-1.1107,short,USDJPY,session_range_fade,2.0,1.3,30
1723737600.0,1724025600.0,1.9131,short,USDJPY,session_range_fade,2.0,1.3,30
1724832000.0,1724846400.0,-1.1131,short,USDJPY,session_range_fade,2.0,1.3,30
1724875200.0,1724932800.0,-1.1165,short,USDJPY,session_range_fade,2.0,1.3,30
1724947200.0,1725019200.0,-1.1172,short,USDJPY,session_range_fade,2.0,1.3,30
1726012800.0,1726113600.0,1.9126,long,USDJPY,session_range_fade,2.0,1.3,30
1727193600.0,1727280000.0,1.9047,long,USDJPY,session_range_fade,2.0,1.3,30
1728331200.0,1728475200.0,-1.0978,short,USDJPY,session_range_fade,2.0,1.3,30
1728590400.0,1728907200.0,1.8721,long,USDJPY,session_range_fade,2.0,1.3,30
1728979200.0,1729036800.0,-1.1749,long,USDJPY,session_range_fade,2.0,1.3,30
1729051200.0,1729512000.0,1.8372,long,USDJPY,session_range_fade,2.0,1.3,30
1729526400.0,1729641600.0,-1.1515,short,USDJPY,session_range_fade,2.0,1.3,30
1730260800.0,1730347200.0,-1.1105,long,USDJPY,session_range_fade,2.0,1.3,30
1733212800.0,1733299200.0,-1.0943,short,USDJPY,session_range_fade,2.0,1.3,30
1733443200.0,1733472000.0,-1.1037,short,USDJPY,session_range_fade,2.0,1.3,30
1733486400.0,1733745600.0,-1.0932,short,USDJPY,session_range_fade,2.0,1.3,30
1733760000.0,1733832000.0,-1.1232,short,USDJPY,session_range_fade,2.0,1.3,30
1734436800.0,1734537600.0,1.855,long,USDJPY,session_range_fade,2.0,1.3,30
1735200000.0,1735560000.0,-1.2342,long,USDJPY,session_range_fade,2.0,1.3,30
1736121600.0,1736164800.0,1.8738,short,USDJPY,session_range_fade,2.0,1.3,30
1736424000.0,1736510400.0,-1.1383,short,USDJPY,session_range_fade,2.0,1.3,30
1737446400.0,1737561600.0,-1.1002,short,USDJPY,session_range_fade,2.0,1.3,30
1737633600.0,1737691200.0,1.8622,short,USDJPY,session_range_fade,2.0,1.3,30
1738540800.0,1738584000.0,1.8852,short,USDJPY,session_range_fade,2.0,1.3,30
1739232000.0,1739304000.0,-1.103,short,USDJPY,session_range_fade,2.0,1.3,30
1739894400.0,1739966400.0,-1.152,long,USDJPY,session_range_fade,2.0,1.3,30
1739980800.0,1740009600.0,-1.1449,long,USDJPY,session_range_fade,2.0,1.3,30
1740542400.0,1740715200.0,-1.0945,short,USDJPY,session_range_fade,2.0,1.3,30
1741896000.0,1741924800.0,-1.109,short,USDJPY,session_range_fade,2.0,1.3,30
1741968000.0,1742241600.0,-1.1116,short,USDJPY,session_range_fade,2.0,1.3,30
1742284800.0,1742414400.0,1.8722,short,USDJPY,session_range_fade,2.0,1.3,30
1742428800.0,1742774400.0,1.8934,long,USDJPY,session_range_fade,2.0,1.3,30
1742990400.0,1743364800.0,1.8685,short,USDJPY,session_range_fade,2.0,1.3,30
1743552000.0,1743595200.0,-1.1156,long,USDJPY,session_range_fade,2.0,1.3,30
1744027200.0,1744171200.0,1.9533,short,USDJPY,session_range_fade,2.0,1.3,30
1744718400.0,1745193600.0,1.9283,short,USDJPY,session_range_fade,2.0,1.3,30
1746619200.0,1746691200.0,1.9004,long,USDJPY,session_range_fade,2.0,1.3,30
1747699200.0,1747713600.0,-1.1134,long,USDJPY,session_range_fade,2.0,1.3,30
1747728000.0,1747785600.0,-1.1102,long,USDJPY,session_range_fade,2.0,1.3,30
1747814400.0,1747886400.0,-1.106,long,USDJPY,session_range_fade,2.0,1.3,30
1748232000.0,1748318400.0,-1.102,short,USDJPY,session_range_fade,2.0,1.3,30
1748332800.0,1748390400.0,-1.1081,short,USDJPY,session_range_fade,2.0,1.3,30
1748966400.0,1749052800.0,1.8881,short,USDJPY,session_range_fade,2.0,1.3,30
1749571200.0,1749643200.0,-1.1439,short,USDJPY,session_range_fade,2.0,1.3,30
1749672000.0,1749715200.0,-1.119,long,USDJPY,session_range_fade,2.0,1.3,30
1750262400.0,1750420800.0,-1.1086,short,USDJPY,session_range_fade,2.0,1.3,30
1751256000.0,1751328000.0,-1.1123,long,USDJPY,session_range_fade,2.0,1.3,30
1751472000.0,1751544000.0,-1.1116,short,USDJPY,session_range_fade,2.0,1.3,30
1751630400.0,1751860800.0,-1.1366,short,USDJPY,session_range_fade,2.0,1.3,30
1753056000.0,1753070400.0,-1.1404,long,USDJPY,session_range_fade,2.0,1.3,30
1753833600.0,1753876800.0,-1.1422,short,USDJPY,session_range_fade,2.0,1.3,30
1754539200.0,1754913600.0,1.8786,long,USDJPY,session_range_fade,2.0,1.3,30
1755072000.0,1755129600.0,-1.1462,long,USDJPY,session_range_fade,2.0,1.3,30
1755532800.0,1755691200.0,1.8271,short,USDJPY,session_range_fade,2.0,1.3,30
1755763200.0,1755777600.0,-1.1647,short,USDJPY,session_range_fade,2.0,1.3,30
1755792000.0,1755864000.0,1.8501,short,USDJPY,session_range_fade,2.0,1.3,30
1756252800.0,1756368000.0,1.8494,short,USDJPY,session_range_fade,2.0,1.3,30
1756771200.0,1756785600.0,-1.1707,short,USDJPY,session_range_fade,2.0,1.3,30
1757001600.0,1757073600.0,1.8753,short,USDJPY,session_range_fade,2.0,1.3,30
1757620800.0,1757995200.0,-1.1706,long,USDJPY,session_range_fade,2.0,1.3,30
1758686400.0,1758700800.0,-1.1935,short,USDJPY,session_range_fade,2.0,1.3,30
1759104000.0,1759132800.0,-1.176,long,USDJPY,session_range_fade,2.0,1.3,30
1759147200.0,1759204800.0,-1.1637,long,USDJPY,session_range_fade,2.0,1.3,30
1761249600.0,1761278400.0,-1.1882,short,USDJPY,session_range_fade,2.0,1.3,30
1761336000.0,1761624000.0,1.8225,short,USDJPY,session_range_fade,2.0,1.3,30
1762171200.0,1762300800.0,1.8059,short,USDJPY,session_range_fade,2.0,1.3,30
1762876800.0,1762920000.0,-1.1727,short,USDJPY,session_range_fade,2.0,1.3,30
1763020800.0,1763121600.0,1.8172,short,USDJPY,session_range_fade,2.0,1.3,30
1763409600.0,1763481600.0,-1.1768,short,USDJPY,session_range_fade,2.0,1.3,30
1764288000.0,1764547200.0,-1.1657,long,USDJPY,session_range_fade,2.0,1.3,30
1764676800.0,1764835200.0,1.8282,short,USDJPY,session_range_fade,2.0,1.3,30
1765224000.0,1765267200.0,-1.1757,short,USDJPY,session_range_fade,2.0,1.3,30
1766707200.0,1767369600.0,1.462,long,USDJPY,session_range_fade,2.0,1.3,30
1767556800.0,1767628800.0,1.7616,short,USDJPY,session_range_fade,2.0,1.3,30
1767643200.0,1767686400.0,-1.1753,long,USDJPY,session_range_fade,2.0,1.3,30
1767744000.0,1767931200.0,1.8336,long,USDJPY,session_range_fade,2.0,1.3,30
1768924800.0,1769140800.0,-1.1448,long,USDJPY,session_range_fade,2.0,1.3,30
1770379200.0,1770595200.0,-1.1594,long,USDJPY,session_range_fade,2.0,1.3,30
1770940800.0,1771459200.0,1.927,long,USDJPY,session_range_fade,2.0,1.3,30
1772136000.0,1772424000.0,1.8637,long,USDJPY,session_range_fade,2.0,1.3,30
1772640000.0,1773000000.0,1.8738,long,USDJPY,session_range_fade,2.0,1.3,30
1773633600.0,1773748800.0,-1.1747,long,USDJPY,session_range_fade,2.0,1.3,30
1773849600.0,1773921600.0,1.8333,short,USDJPY,session_range_fade,2.0,1.3,30
1774555200.0,1774612800.0,-1.1801,short,USDJPY,session_range_fade,2.0,1.3,30
1774944000.0,1774958400.0,-1.1822,long,USDJPY,session_range_fade,2.0,1.3,30
1775448000.0,1775592000.0,-1.2268,long,USDJPY,session_range_fade,2.0,1.3,30
1776096000.0,1776168000.0,1.7825,short,USDJPY,session_range_fade,2.0,1.3,30
1776355200.0,1776427200.0,1.8013,short,USDJPY,session_range_fade,2.0,1.3,30
1776844800.0,1776902400.0,-1.2096,short,USDJPY,session_range_fade,2.0,1.3,30
1776960000.0,1777464000.0,-1.2037,short,USDJPY,session_range_fade,2.0,1.3,30
1778270400.0,1778457600.0,-1.2153,short,USDJPY,session_range_fade,2.0,1.3,30
1778673600.0,1778760000.0,-1.2316,short,USDJPY,session_range_fade,2.0,1.3,30
1778774400.0,1778846400.0,-1.2357,short,USDJPY,session_range_fade,2.0,1.3,30
1778860800.0,1779163200.0,-1.2212,short,USDJPY,session_range_fade,2.0,1.3,30
1779235200.0,1779825600.0,0.8449,long,USDJPY,session_range_fade,2.0,1.3,30
1779840000.0,1779926400.0,1.5959,long,USDJPY,session_range_fade,2.0,1.3,30
1780041600.0,1780315200.0,1.6277,long,USDJPY,session_range_fade,2.0,1.3,30
1782388800.0,1782777600.0,1.6591,long,USDJPY,session_range_fade,2.0,1.3,30
