run_id,tag,run_dir,passed,fail_reasons,score,trades,net_pnl,profit_factor,winrate,max_drawdown,negative_months,positive_months,max_negative_streak,worst_month_pnl,overrides_json
1,elder_ema50_force_canonical_v1_r001,/root/by-bot/backtest_runs/portfolio_20260618_095046_elder_ema50_force_canonical_v1_r001,False,pf<1.15;dd>10.0;net<4.0;neg_months>5;neg_streak>3,-2351.0553078919997,4534,-98.74,0.688,0.489,98.7729,12,0,12,-25.01536278,"{""ETS2_ENTRY_MIN_BODY_FRAC"": ""0.15"", ""ETS2_ENTRY_RETEST_BARS"": ""2"", ""ETS2_ENTRY_TF"": ""15"", ""ETS2_OSC_OB"": ""58"", ""ETS2_OSC_OS"": ""25"", ""ETS2_OSC_PERIOD"": ""2"", ""ETS2_OSC_TYPE"": ""force"", ""ETS2_SL_ATR_MULT"": ""0.75"", ""ETS2_TP1_ATR_MULT"": ""0.75"", ""ETS2_TP_ATR_MULT"": ""1.5"", ""ETS2_WAVE_LOOKBACK"": ""1""}"
2,elder_ema50_force_canonical_v1_r002,/root/by-bot/backtest_runs/portfolio_20260618_095407_elder_ema50_force_canonical_v1_r002,False,pf<1.15;dd>10.0;net<4.0;neg_months>5;neg_streak>3,-2349.527583826,4928,-99.3,0.673,0.483,99.303,12,0,12,-22.686845590000015,"{""ETS2_ENTRY_MIN_BODY_FRAC"": ""0.15"", ""ETS2_ENTRY_RETEST_BARS"": ""2"", ""ETS2_ENTRY_TF"": ""15"", ""ETS2_OSC_OB"": ""58"", ""ETS2_OSC_OS"": ""25"", ""ETS2_OSC_PERIOD"": ""2"", ""ETS2_OSC_TYPE"": ""force"", ""ETS2_SL_ATR_MULT"": ""0.75"", ""ETS2_TP1_ATR_MULT"": ""0.75"", ""ETS2_TP_ATR_MULT"": ""1.5"", ""ETS2_WAVE_LOOKBACK"": ""3""}"
3,elder_ema50_force_canonical_v1_r003,/root/by-bot/backtest_runs/portfolio_20260618_095727_elder_ema50_force_canonical_v1_r003,False,pf<1.15;dd>10.0;net<4.0;neg_months>5;neg_streak>3,-2348.0329861259997,4222,-98.36,0.679,0.475,98.3755,12,0,12,-23.749990089999994,"{""ETS2_ENTRY_MIN_BODY_FRAC"": ""0.15"", ""ETS2_ENTRY_RETEST_BARS"": ""2"", ""ETS2_ENTRY_TF"": ""15"", ""ETS2_OSC_OB"": ""58"", ""ETS2_OSC_OS"": ""25"", ""ETS2_OSC_PERIOD"": ""2"", ""ETS2_OSC_TYPE"": ""force"", ""ETS2_SL_ATR_MULT"": ""0.75"", ""ETS2_TP1_ATR_MULT"": ""0.75"", ""ETS2_TP_ATR_MULT"": ""2.0"", ""ETS2_WAVE_LOOKBACK"": ""1""}"
4,elder_ema50_force_canonical_v1_r004,/root/by-bot/backtest_runs/portfolio_20260618_095908_elder_ema50_force_canonical_v1_r004,False,pf<1.15;dd>10.0;net<4.0;neg_months>5;neg_streak>3,-2355.0117418239997,4521,-99.13,0.659,0.467,99.1529,12,0,12,-26.96424416000002,"{""ETS2_ENTRY_MIN_BODY_FRAC"": ""0.15"", ""ETS2_ENTRY_RETEST_BARS"": ""2"", ""ETS2_ENTRY_TF"": ""15"", ""ETS2_OSC_OB"": ""58"", ""ETS2_OSC_OS"": ""25"", ""ETS2_OSC_PERIOD"": ""2"", ""ETS2_OSC_TYPE"": ""force"", ""ETS2_SL_ATR_MULT"": ""0.75"", ""ETS2_TP1_ATR_MULT"": ""0.75"", ""ETS2_TP_ATR_MULT"": ""2.0"", ""ETS2_WAVE_LOOKBACK"": ""3""}"
5,elder_ema50_force_canonical_v1_r005,/root/by-bot/backtest_runs/portfolio_20260618_100039_elder_ema50_force_canonical_v1_r005,False,pf<1.15;dd>10.0;net<4.0;neg_months>5;neg_streak>3,-2349.396866558,3988,-98.64,0.651,0.465,98.6538,12,0,12,-24.086618969999996,"{""ETS2_ENTRY_MIN_BODY_FRAC"": ""0.15"", ""ETS2_ENTRY_RETEST_BARS"": ""2"", ""ETS2_ENTRY_TF"": ""15"", ""ETS2_OSC_OB"": ""58"", ""ETS2_OSC_OS"": ""25"", ""ETS2_OSC_PERIOD"": ""2"", ""ETS2_OSC_TYPE"": ""force"", ""ETS2_SL_ATR_MULT"": ""0.75"", ""ETS2_TP1_ATR_MULT"": ""0.75"", ""ETS2_TP_ATR_MULT"": ""2.5"", ""ETS2_WAVE_LOOKBACK"": ""1""}"
6,elder_ema50_force_canonical_v1_r006,/root/by-bot/backtest_runs/portfolio_20260618_100218_elder_ema50_force_canonical_v1_r006,False,pf<1.15;dd>10.0;net<4.0;neg_months>5;neg_streak>3,-2344.300415978,4173,-98.24,0.669,0.474,98.2478,12,0,12,-21.369154269999996,"{""ETS2_ENTRY_MIN_BODY_FRAC"": ""0.15"", ""ETS2_ENTRY_RETEST_BARS"": ""2"", ""ETS2_ENTRY_TF"": ""15"", ""ETS2_OSC_OB"": ""58"", ""ETS2_OSC_OS"": ""25"", ""ETS2_OSC_PERIOD"": ""2"", ""ETS2_OSC_TYPE"": ""force"", ""ETS2_SL_ATR_MULT"": ""0.75"", ""ETS2_TP1_ATR_MULT"": ""0.75"", ""ETS2_TP_ATR_MULT"": ""2.5"", ""ETS2_WAVE_LOOKBACK"": ""3""}"
7,elder_ema50_force_canonical_v1_r007,/root/by-bot/backtest_runs/portfolio_20260618_100338_elder_ema50_force_canonical_v1_r007,False,pf<1.15;dd>10.0;net<4.0;neg_months>5;neg_streak>3,-2353.494221048,4535,-98.69,0.706,0.411,98.7236,12,0,12,-26.87072932,"{""ETS2_ENTRY_MIN_BODY_FRAC"": ""0.15"", ""ETS2_ENTRY_RETEST_BARS"": ""2"", ""ETS2_ENTRY_TF"": ""15"", ""ETS2_OSC_OB"": ""58"", ""ETS2_OSC_OS"": ""25"", ""ETS2_OSC_PERIOD"": ""2"", ""ETS2_OSC_TYPE"": ""force"", ""ETS2_SL_ATR_MULT"": ""0.75"", ""ETS2_TP1_ATR_MULT"": ""1.0"", ""ETS2_TP_ATR_MULT"": ""1.5"", ""ETS2_WAVE_LOOKBACK"": ""1""}"
8,elder_ema50_force_canonical_v1_r008,/root/by-bot/backtest_runs/portfolio_20260618_100516_elder_ema50_force_canonical_v1_r008,False,pf<1.15;dd>10.0;net<4.0;neg_months>5;neg_streak>3,-2348.063544328,4924,-99.2,0.701,0.41,99.2051,12,0,12,-21.866674520000018,"{""ETS2_ENTRY_MIN_BODY_FRAC"": ""0.15"", ""ETS2_ENTRY_RETEST_BARS"": ""2"", ""ETS2_ENTRY_TF"": ""15"", ""ETS2_OSC_OB"": ""58"", ""ETS2_OSC_OS"": ""25"", ""ETS2_OSC_PERIOD"": ""2"", ""ETS2_OSC_TYPE"": ""force"", ""ETS2_SL_ATR_MULT"": ""0.75"", ""ETS2_TP1_ATR_MULT"": ""1.0"", ""ETS2_TP_ATR_MULT"": ""1.5"", ""ETS2_WAVE_LOOKBACK"": ""3""}"
9,elder_ema50_force_canonical_v1_r009,/root/by-bot/backtest_runs/portfolio_20260618_100639_elder_ema50_force_canonical_v1_r009,False,pf<1.15;dd>10.0;net<4.0;neg_months>5;neg_streak>3,-2350.7772862879997,4213,-98.32,0.704,0.403,98.3326,12,0,12,-25.80577591999999,"{""ETS2_ENTRY_MIN_BODY_FRAC"": ""0.15"", ""ETS2_ENTRY_RETEST_BARS"": ""2"", ""ETS2_ENTRY_TF"": ""15"", ""ETS2_OSC_OB"": ""58"", ""ETS2_OSC_OS"": ""25"", ""ETS2_OSC_PERIOD"": ""2"", ""ETS2_OSC_TYPE"": ""force"", ""ETS2_SL_ATR_MULT"": ""0.75"", ""ETS2_TP1_ATR_MULT"": ""1.0"", ""ETS2_TP_ATR_MULT"": ""2.0"", ""ETS2_WAVE_LOOKBACK"": ""1""}"
10,elder_ema50_force_canonical_v1_r010,/root/by-bot/backtest_runs/portfolio_20260618_100815_elder_ema50_force_canonical_v1_r010,False,pf<1.15;dd>10.0;net<4.0;neg_months>5;neg_streak>3,-2351.233316154,4509,-99.1,0.683,0.396,99.1215,12,0,12,-24.335940110000003,"{""ETS2_ENTRY_MIN_BODY_FRAC"": ""0.15"", ""ETS2_ENTRY_RETEST_BARS"": ""2"", ""ETS2_ENTRY_TF"": ""15"", ""ETS2_OSC_OB"": ""58"", ""ETS2_OSC_OS"": ""25"", ""ETS2_OSC_PERIOD"": ""2"", ""ETS2_OSC_TYPE"": ""force"", ""ETS2_SL_ATR_MULT"": ""0.75"", ""ETS2_TP1_ATR_MULT"": ""1.0"", ""ETS2_TP_ATR_MULT"": ""2.0"", ""ETS2_WAVE_LOOKBACK"": ""3""}"
11,elder_ema50_force_canonical_v1_r011,/root/by-bot/backtest_runs/portfolio_20260618_100940_elder_ema50_force_canonical_v1_r011,False,pf<1.15;dd>10.0;net<4.0;neg_months>5;neg_streak>3,-2353.3467698339996,3994,-98.74,0.664,0.392,98.7428,12,0,12,-26.695121309999976,"{""ETS2_ENTRY_MIN_BODY_FRAC"": ""0.15"", ""ETS2_ENTRY_RETEST_BARS"": ""2"", ""ETS2_ENTRY_TF"": ""15"", ""ETS2_OSC_OB"": ""58"", ""ETS2_OSC_OS"": ""25"", ""ETS2_OSC_PERIOD"": ""2"", ""ETS2_OSC_TYPE"": ""force"", ""ETS2_SL_ATR_MULT"": ""0.75"", ""ETS2_TP1_ATR_MULT"": ""1.0"", ""ETS2_TP_ATR_MULT"": ""2.5"", ""ETS2_WAVE_LOOKBACK"": ""1""}"
12,elder_ema50_force_canonical_v1_r012,/root/by-bot/backtest_runs/portfolio_20260618_101108_elder_ema50_force_canonical_v1_r012,False,pf<1.15;dd>10.0;net<4.0;neg_months>5;neg_streak>3,-2349.371488364,4192,-98.25,0.685,0.405,98.2533,12,0,12,-24.974920260000008,"{""ETS2_ENTRY_MIN_BODY_FRAC"": ""0.15"", ""ETS2_ENTRY_RETEST_BARS"": ""2"", ""ETS2_ENTRY_TF"": ""15"", ""ETS2_OSC_OB"": ""58"", ""ETS2_OSC_OS"": ""25"", ""ETS2_OSC_PERIOD"": ""2"", ""ETS2_OSC_TYPE"": ""force"", ""ETS2_SL_ATR_MULT"": ""0.75"", ""ETS2_TP1_ATR_MULT"": ""1.0"", ""ETS2_TP_ATR_MULT"": ""2.5"", ""ETS2_WAVE_LOOKBACK"": ""3""}"
13,elder_ema50_force_canonical_v1_r013,/root/by-bot/backtest_runs/portfolio_20260618_101223_elder_ema50_force_canonical_v1_r013,False,pf<1.15;dd>10.0;net<4.0;neg_months>5;neg_streak>3,-2354.17487871,4542,-98.67,0.707,0.339,98.712,12,0,12,-27.390627649999995,"{""ETS2_ENTRY_MIN_BODY_FRAC"": ""0.15"", ""ETS2_ENTRY_RETEST_BARS"": ""2"", ""ETS2_ENTRY_TF"": ""15"", ""ETS2_OSC_OB"": ""58"", ""ETS2_OSC_OS"": ""25"", ""ETS2_OSC_PERIOD"": ""2"", ""ETS2_OSC_TYPE"": ""force"", ""ETS2_SL_ATR_MULT"": ""0.75"", ""ETS2_TP1_ATR_MULT"": ""1.25"", ""ETS2_TP_ATR_MULT"": ""1.5"", ""ETS2_WAVE_LOOKBACK"": ""1""}"
14,elder_ema50_force_canonical_v1_r014,/root/by-bot/backtest_runs/portfolio_20260618_101342_elder_ema50_force_canonical_v1_r014,False,pf<1.15;dd>10.0;net<4.0;neg_months>5;neg_streak>3,-2344.969640422,4914,-99.1,0.721,0.344,99.1122,12,0,12,-19.875171730000016,"{""ETS2_ENTRY_MIN_BODY_FRAC"": ""0.15"", ""ETS2_ENTRY_RETEST_BARS"": ""2"", ""ETS2_ENTRY_TF"": ""15"", ""ETS2_OSC_OB"": ""58"", ""ETS2_OSC_OS"": ""25"", ""ETS2_OSC_PERIOD"": ""2"", ""ETS2_OSC_TYPE"": ""force"", ""ETS2_SL_ATR_MULT"": ""0.75"", ""ETS2_TP1_ATR_MULT"": ""1.25"", ""ETS2_TP_ATR_MULT"": ""1.5"", ""ETS2_WAVE_LOOKBACK"": ""3""}"
15,elder_ema50_force_canonical_v1_r015,/root/by-bot/backtest_runs/portfolio_20260618_101523_elder_ema50_force_canonical_v1_r015,False,pf<1.15;dd>10.0;net<4.0;neg_months>5;neg_streak>3,-2354.292210358,4238,-98.77,0.684,0.328,98.7808,12,0,12,-27.290435969999994,"{""ETS2_ENTRY_MIN_BODY_FRAC"": ""0.15"", ""ETS2_ENTRY_RETEST_BARS"": ""2"", ""ETS2_ENTRY_TF"": ""15"", ""ETS2_OSC_OB"": ""58"", ""ETS2_OSC_OS"": ""25"", ""ETS2_OSC_PERIOD"": ""2"", ""ETS2_OSC_TYPE"": ""force"", ""ETS2_SL_ATR_MULT"": ""0.75"", ""ETS2_TP1_ATR_MULT"": ""1.25"", ""ETS2_TP_ATR_MULT"": ""2.0"", ""ETS2_WAVE_LOOKBACK"": ""1""}"
16,elder_ema50_force_canonical_v1_r016,/root/by-bot/backtest_runs/portfolio_20260618_101654_elder_ema50_force_canonical_v1_r016,False,pf<1.15;dd>10.0;net<4.0;neg_months>5;neg_streak>3,-2353.2678803579997,4520,-99.18,0.689,0.333,99.2014,12,0,12,-25.606485970000005,"{""ETS2_ENTRY_MIN_BODY_FRAC"": ""0.15"", ""ETS2_ENTRY_RETEST_BARS"": ""2"", ""ETS2_ENTRY_TF"": ""15"", ""ETS2_OSC_OB"": ""58"", ""ETS2_OSC_OS"": ""25"", ""ETS2_OSC_PERIOD"": ""2"", ""ETS2_OSC_TYPE"": ""force"", ""ETS2_SL_ATR_MULT"": ""0.75"", ""ETS2_TP1_ATR_MULT"": ""1.25"", ""ETS2_TP_ATR_MULT"": ""2.0"", ""ETS2_WAVE_LOOKBACK"": ""3""}"
17,elder_ema50_force_canonical_v1_r017,/root/by-bot/backtest_runs/portfolio_20260618_101822_elder_ema50_force_canonical_v1_r017,False,pf<1.15;dd>10.0;net<4.0;neg_months>5;neg_streak>3,-2352.761932174,3992,-98.68,0.675,0.327,98.6901,12,0,12,-26.40409440999998,"{""ETS2_ENTRY_MIN_BODY_FRAC"": ""0.15"", ""ETS2_ENTRY_RETEST_BARS"": ""2"", ""ETS2_ENTRY_TF"": ""15"", ""ETS2_OSC_OB"": ""58"", ""ETS2_OSC_OS"": ""25"", ""ETS2_OSC_PERIOD"": ""2"", ""ETS2_OSC_TYPE"": ""force"", ""ETS2_SL_ATR_MULT"": ""0.75"", ""ETS2_TP1_ATR_MULT"": ""1.25"", ""ETS2_TP_ATR_MULT"": ""2.5"", ""ETS2_WAVE_LOOKBACK"": ""1""}"
18,elder_ema50_force_canonical_v1_r018,/root/by-bot/backtest_runs/portfolio_20260618_101944_elder_ema50_force_canonical_v1_r018,False,pf<1.15;dd>10.0;net<4.0;neg_months>5;neg_streak>3,-2347.683441664,4190,-98.14,0.697,0.344,98.1619,12,0,12,-23.99402976000001,"{""ETS2_ENTRY_MIN_BODY_FRAC"": ""0.15"", ""ETS2_ENTRY_RETEST_BARS"": ""2"", ""ETS2_ENTRY_TF"": ""15"", ""ETS2_OSC_OB"": ""58"", ""ETS2_OSC_OS"": ""25"", ""ETS2_OSC_PERIOD"": ""2"", ""ETS2_OSC_TYPE"": ""force"", ""ETS2_SL_ATR_MULT"": ""0.75"", ""ETS2_TP1_ATR_MULT"": ""1.25"", ""ETS2_TP_ATR_MULT"": ""2.5"", ""ETS2_WAVE_LOOKBACK"": ""3""}"
19,elder_ema50_force_canonical_v1_r019,/root/by-bot/backtest_runs/portfolio_20260618_102102_elder_ema50_force_canonical_v1_r019,False,pf<1.15;dd>10.0;net<4.0;neg_months>5;neg_streak>3,-2334.147718712,3835,-94.84,0.727,0.493,95.0269,12,0,12,-21.632799079999987,"{""ETS2_ENTRY_MIN_BODY_FRAC"": ""0.15"", ""ETS2_ENTRY_RETEST_BARS"": ""2"", ""ETS2_ENTRY_TF"": ""15"", ""ETS2_OSC_OB"": ""58"", ""ETS2_OSC_OS"": ""25"", ""ETS2_OSC_PERIOD"": ""2"", ""ETS2_OSC_TYPE"": ""force"", ""ETS2_SL_ATR_MULT"": ""1.0"", ""ETS2_TP1_ATR_MULT"": ""0.75"", ""ETS2_TP_ATR_MULT"": ""1.5"", ""ETS2_WAVE_LOOKBACK"": ""1""}"
20,elder_ema50_force_canonical_v1_r020,/root/by-bot/backtest_runs/portfolio_20260618_102222_elder_ema50_force_canonical_v1_r020,False,pf<1.15;dd>10.0;net<4.0;neg_months>5;neg_streak>3,-2333.7159234619994,4154,-94.24,0.74,0.504,94.3543,12,0,12,-22.810945330000017,"{""ETS2_ENTRY_MIN_BODY_FRAC"": ""0.15"", ""ETS2_ENTRY_RETEST_BARS"": ""2"", ""ETS2_ENTRY_TF"": ""15"", ""ETS2_OSC_OB"": ""58"", ""ETS2_OSC_OS"": ""25"", ""ETS2_OSC_PERIOD"": ""2"", ""ETS2_OSC_TYPE"": ""force"", ""ETS2_SL_ATR_MULT"": ""1.0"", ""ETS2_TP1_ATR_MULT"": ""0.75"", ""ETS2_TP_ATR_MULT"": ""1.5"", ""ETS2_WAVE_LOOKBACK"": ""3""}"
21,elder_ema50_force_canonical_v1_r021,/root/by-bot/backtest_runs/portfolio_20260618_102338_elder_ema50_force_canonical_v1_r021,False,pf<1.15;dd>10.0;net<4.0;neg_months>5;neg_streak>3,-2340.08892433,3524,-94.01,0.687,0.483,94.0763,12,0,12,-27.945945950000013,"{""ETS2_ENTRY_MIN_BODY_FRAC"": ""0.15"", ""ETS2_ENTRY_RETEST_BARS"": ""2"", ""ETS2_ENTRY_TF"": ""15"", ""ETS2_OSC_OB"": ""58"", ""ETS2_OSC_OS"": ""25"", ""ETS2_OSC_PERIOD"": ""2"", ""ETS2_OSC_TYPE"": ""force"", ""ETS2_SL_ATR_MULT"": ""1.0"", ""ETS2_TP1_ATR_MULT"": ""0.75"", ""ETS2_TP_ATR_MULT"": ""2.0"", ""ETS2_WAVE_LOOKBACK"": ""1""}"
22,elder_ema50_force_canonical_v1_r022,/root/by-bot/backtest_runs/portfolio_20260618_102501_elder_ema50_force_canonical_v1_r022,False,pf<1.15;dd>10.0;net<4.0;neg_months>5;neg_streak>3,-2332.6480784019996,3802,-94.25,0.72,0.49,94.3554,12,0,12,-22.026627430000005,"{""ETS2_ENTRY_MIN_BODY_FRAC"": ""0.15"", ""ETS2_ENTRY_RETEST_BARS"": ""2"", ""ETS2_ENTRY_TF"": ""15"", ""ETS2_OSC_OB"": ""58"", ""ETS2_OSC_OS"": ""25"", ""ETS2_OSC_PERIOD"": ""2"", ""ETS2_OSC_TYPE"": ""force"", ""ETS2_SL_ATR_MULT"": ""1.0"", ""ETS2_TP1_ATR_MULT"": ""0.75"", ""ETS2_TP_ATR_MULT"": ""2.0"", ""ETS2_WAVE_LOOKBACK"": ""3""}"
23,elder_ema50_force_canonical_v1_r023,/root/by-bot/backtest_runs/portfolio_20260618_102622_elder_ema50_force_canonical_v1_r023,False,pf<1.15;dd>10.0;net<4.0;neg_months>5;neg_streak>3,-2328.361889528,3299,-93.15,0.702,0.476,93.1643,12,0,12,-21.609492520000003,"{""ETS2_ENTRY_MIN_BODY_FRAC"": ""0.15"", ""ETS2_ENTRY_RETEST_BARS"": ""2"", ""ETS2_ENTRY_TF"": ""15"", ""ETS2_OSC_OB"": ""58"", ""ETS2_OSC_OS"": ""25"", ""ETS2_OSC_PERIOD"": ""2"", ""ETS2_OSC_TYPE"": ""force"", ""ETS2_SL_ATR_MULT"": ""1.0"", ""ETS2_TP1_ATR_MULT"": ""0.75"", ""ETS2_TP_ATR_MULT"": ""2.5"", ""ETS2_WAVE_LOOKBACK"": ""1""}"
24,elder_ema50_force_canonical_v1_r024,/root/by-bot/backtest_runs/portfolio_20260618_102739_elder_ema50_force_canonical_v1_r024,False,pf<1.15;dd>10.0;net<4.0;neg_months>5;neg_streak>3,-2326.37874992,3503,-92.39,0.718,0.486,92.4496,12,0,12,-21.865392800000006,"{""ETS2_ENTRY_MIN_BODY_FRAC"": ""0.15"", ""ETS2_ENTRY_RETEST_BARS"": ""2"", ""ETS2_ENTRY_TF"": ""15"", ""ETS2_OSC_OB"": ""58"", ""ETS2_OSC_OS"": ""25"", ""ETS2_OSC_PERIOD"": ""2"", ""ETS2_OSC_TYPE"": ""force"", ""ETS2_SL_ATR_MULT"": ""1.0"", ""ETS2_TP1_ATR_MULT"": ""0.75"", ""ETS2_TP_ATR_MULT"": ""2.5"", ""ETS2_WAVE_LOOKBACK"": ""3""}"
25,elder_ema50_force_canonical_v1_r025,/root/by-bot/backtest_runs/portfolio_20260618_102854_elder_ema50_force_canonical_v1_r025,False,pf<1.15;dd>10.0;net<4.0;neg_months>5;neg_streak>3,-2332.745230484,3839,-94.21,0.761,0.493,94.4685,12,0,12,-21.968736060000012,"{""ETS2_ENTRY_MIN_BODY_FRAC"": ""0.15"", ""ETS2_ENTRY_RETEST_BARS"": ""2"", ""ETS2_ENTRY_TF"": ""15"", ""ETS2_OSC_OB"": ""58"", ""ETS2_OSC_OS"": ""25"", ""ETS2_OSC_PERIOD"": ""2"", ""ETS2_OSC_TYPE"": ""force"", ""ETS2_SL_ATR_MULT"": ""1.0"", ""ETS2_TP1_ATR_MULT"": ""1.0"", ""ETS2_TP_ATR_MULT"": ""1.5"", ""ETS2_WAVE_LOOKBACK"": ""1""}"
26,elder_ema50_force_canonical_v1_r026,/root/by-bot/backtest_runs/portfolio_20260618_103029_elder_ema50_force_canonical_v1_r026,False,pf<1.15;dd>10.0;net<4.0;neg_months>5;neg_streak>3,-2325.536435788,4143,-92.33,0.786,0.505,92.517,12,0,12,-21.23316842,"{""ETS2_ENTRY_MIN_BODY_FRAC"": ""0.15"", ""ETS2_ENTRY_RETEST_BARS"": ""2"", ""ETS2_ENTRY_TF"": ""15"", ""ETS2_OSC_OB"": ""58"", ""ETS2_OSC_OS"": ""25"", ""ETS2_OSC_PERIOD"": ""2"", ""ETS2_OSC_TYPE"": ""force"", ""ETS2_SL_ATR_MULT"": ""1.0"", ""ETS2_TP1_ATR_MULT"": ""1.0"", ""ETS2_TP_ATR_MULT"": ""1.5"", ""ETS2_WAVE_LOOKBACK"": ""3""}"
27,elder_ema50_force_canonical_v1_r027,/root/by-bot/backtest_runs/portfolio_20260618_103142_elder_ema50_force_canonical_v1_r027,False,pf<1.15;dd>10.0;net<4.0;neg_months>5;neg_streak>3,-2339.9881711999997,3532,-93.52,0.724,0.486,93.6448,12,0,12,-28.910408,"{""ETS2_ENTRY_MIN_BODY_FRAC"": ""0.15"", ""ETS2_ENTRY_RETEST_BARS"": ""2"", ""ETS2_ENTRY_TF"": ""15"", ""ETS2_OSC_OB"": ""58"", ""ETS2_OSC_OS"": ""25"", ""ETS2_OSC_PERIOD"": ""2"", ""ETS2_OSC_TYPE"": ""force"", ""ETS2_SL_ATR_MULT"": ""1.0"", ""ETS2_TP1_ATR_MULT"": ""1.0"", ""ETS2_TP_ATR_MULT"": ""2.0"", ""ETS2_WAVE_LOOKBACK"": ""1""}"
28,elder_ema50_force_canonical_v1_r028,/root/by-bot/backtest_runs/portfolio_20260618_103301_elder_ema50_force_canonical_v1_r028,False,pf<1.15;dd>10.0;net<4.0;neg_months>5;neg_streak>3,-2330.4678965919998,3805,-93.51,0.751,0.491,93.6294,12,0,12,-22.14078328000001,"{""ETS2_ENTRY_MIN_BODY_FRAC"": ""0.15"", ""ETS2_ENTRY_RETEST_BARS"": ""2"", ""ETS2_ENTRY_TF"": ""15"", ""ETS2_OSC_OB"": ""58"", ""ETS2_OSC_OS"": ""25"", ""ETS2_OSC_PERIOD"": ""2"", ""ETS2_OSC_TYPE"": ""force"", ""ETS2_SL_ATR_MULT"": ""1.0"", ""ETS2_TP1_ATR_MULT"": ""1.0"", ""ETS2_TP_ATR_MULT"": ""2.0"", ""ETS2_WAVE_LOOKBACK"": ""3""}"
29,elder_ema50_force_canonical_v1_r029,/root/by-bot/backtest_runs/portfolio_20260618_103411_elder_ema50_force_canonical_v1_r029,False,pf<1.15;dd>10.0;net<4.0;neg_months>5;neg_streak>3,-2327.250511634,3298,-92.64,0.735,0.479,92.6437,12,0,12,-21.99650831,"{""ETS2_ENTRY_MIN_BODY_FRAC"": ""0.15"", ""ETS2_ENTRY_RETEST_BARS"": ""2"", ""ETS2_ENTRY_TF"": ""15"", ""ETS2_OSC_OB"": ""58"", ""ETS2_OSC_OS"": ""25"", ""ETS2_OSC_PERIOD"": ""2"", ""ETS2_OSC_TYPE"": ""force"", ""ETS2_SL_ATR_MULT"": ""1.0"", ""ETS2_TP1_ATR_MULT"": ""1.0"", ""ETS2_TP_ATR_MULT"": ""2.5"", ""ETS2_WAVE_LOOKBACK"": ""1""}"
30,elder_ema50_force_canonical_v1_r030,/root/by-bot/backtest_runs/portfolio_20260618_103530_elder_ema50_force_canonical_v1_r030,False,pf<1.15;dd>10.0;net<4.0;neg_months>5;neg_streak>3,-2323.6812082680003,3504,-90.91,0.757,0.489,90.9746,12,0,12,-23.314291620000017,"{""ETS2_ENTRY_MIN_BODY_FRAC"": ""0.15"", ""ETS2_ENTRY_RETEST_BARS"": ""2"", ""ETS2_ENTRY_TF"": ""15"", ""ETS2_OSC_OB"": ""58"", ""ETS2_OSC_OS"": ""25"", ""ETS2_OSC_PERIOD"": ""2"", ""ETS2_OSC_TYPE"": ""force"", ""ETS2_SL_ATR_MULT"": ""1.0"", ""ETS2_TP1_ATR_MULT"": ""1.0"", ""ETS2_TP_ATR_MULT"": ""2.5"", ""ETS2_WAVE_LOOKBACK"": ""3""}"
31,elder_ema50_force_canonical_v1_r031,/root/by-bot/backtest_runs/portfolio_20260618_103638_elder_ema50_force_canonical_v1_r031,False,pf<1.15;dd>10.0;net<4.0;neg_months>5;neg_streak>3,-2330.4057902259997,3837,-94.18,0.773,0.419,94.4545,12,0,12,-20.343421589999995,"{""ETS2_ENTRY_MIN_BODY_FRAC"": ""0.15"", ""ETS2_ENTRY_RETEST_BARS"": ""2"", ""ETS2_ENTRY_TF"": ""15"", ""ETS2_OSC_OB"": ""58"", ""ETS2_OSC_OS"": ""25"", ""ETS2_OSC_PERIOD"": ""2"", ""ETS2_OSC_TYPE"": ""force"", ""ETS2_SL_ATR_MULT"": ""1.0"", ""ETS2_TP1_ATR_MULT"": ""1.25"", ""ETS2_TP_ATR_MULT"": ""1.5"", ""ETS2_WAVE_LOOKBACK"": ""1""}"
32,elder_ema50_force_canonical_v1_r032,/root/by-bot/backtest_runs/portfolio_20260618_103805_elder_ema50_force_canonical_v1_r032,False,pf<1.15;dd>10.0;net<4.0;neg_months>5;neg_streak>3,-2325.412140092,4138,-92.25,0.798,0.432,92.5291,12,0,12,-21.181385780000006,"{""ETS2_ENTRY_MIN_BODY_FRAC"": ""0.15"", ""ETS2_ENTRY_RETEST_BARS"": ""2"", ""ETS2_ENTRY_TF"": ""15"", ""ETS2_OSC_OB"": ""58"", ""ETS2_OSC_OS"": ""25"", ""ETS2_OSC_PERIOD"": ""2"", ""ETS2_OSC_TYPE"": ""force"", ""ETS2_SL_ATR_MULT"": ""1.0"", ""ETS2_TP1_ATR_MULT"": ""1.25"", ""ETS2_TP_ATR_MULT"": ""1.5"", ""ETS2_WAVE_LOOKBACK"": ""3""}"
33,elder_ema50_force_canonical_v1_r033,/root/by-bot/backtest_runs/portfolio_20260618_103923_elder_ema50_force_canonical_v1_r033,False,pf<1.15;dd>10.0;net<4.0;neg_months>5;neg_streak>3,-2340.656860394,3531,-93.84,0.731,0.413,93.9817,12,0,12,-28.632471710000015,"{""ETS2_ENTRY_MIN_BODY_FRAC"": ""0.15"", ""ETS2_ENTRY_RETEST_BARS"": ""2"", ""ETS2_ENTRY_TF"": ""15"", ""ETS2_OSC_OB"": ""58"", ""ETS2_OSC_OS"": ""25"", ""ETS2_OSC_PERIOD"": ""2"", ""ETS2_OSC_TYPE"": ""force"", ""ETS2_SL_ATR_MULT"": ""1.0"", ""ETS2_TP1_ATR_MULT"": ""1.25"", ""ETS2_TP_ATR_MULT"": ""2.0"", ""ETS2_WAVE_LOOKBACK"": ""1""}"
34,elder_ema50_force_canonical_v1_r034,/root/by-bot/backtest_runs/portfolio_20260618_104100_elder_ema50_force_canonical_v1_r034,False,pf<1.15;dd>10.0;net<4.0;neg_months>5;neg_streak>3,-2323.3223475659997,3801,-92.15,0.779,0.425,92.4007,12,0,12,-19.957819689999997,"{""ETS2_ENTRY_MIN_BODY_FRAC"": ""0.15"", ""ETS2_ENTRY_RETEST_BARS"": ""2"", ""ETS2_ENTRY_TF"": ""15"", ""ETS2_OSC_OB"": ""58"", ""ETS2_OSC_OS"": ""25"", ""ETS2_OSC_PERIOD"": ""2"", ""ETS2_OSC_TYPE"": ""force"", ""ETS2_SL_ATR_MULT"": ""1.0"", ""ETS2_TP1_ATR_MULT"": ""1.25"", ""ETS2_TP_ATR_MULT"": ""2.0"", ""ETS2_WAVE_LOOKBACK"": ""3""}"
35,elder_ema50_force_canonical_v1_r035,/root/by-bot/backtest_runs/portfolio_20260618_104211_elder_ema50_force_canonical_v1_r035,False,pf<1.15;dd>10.0;net<4.0;neg_months>5;neg_streak>3,-2328.21969962,3302,-92.76,0.741,0.409,92.776,12,0,12,-22.396928300000006,"{""ETS2_ENTRY_MIN_BODY_FRAC"": ""0.15"", ""ETS2_ENTRY_RETEST_BARS"": ""2"", ""ETS2_ENTRY_TF"": ""15"", ""ETS2_OSC_OB"": ""58"", ""ETS2_OSC_OS"": ""25"", ""ETS2_OSC_PERIOD"": ""2"", ""ETS2_OSC_TYPE"": ""force"", ""ETS2_SL_ATR_MULT"": ""1.0"", ""ETS2_TP1_ATR_MULT"": ""1.25"", ""ETS2_TP_ATR_MULT"": ""2.5"", ""ETS2_WAVE_LOOKBACK"": ""1""}"
36,elder_ema50_force_canonical_v1_r036,/root/by-bot/backtest_runs/portfolio_20260618_104319_elder_ema50_force_canonical_v1_r036,False,pf<1.15;dd>10.0;net<4.0;neg_months>5;neg_streak>3,-2320.54259157,3495,-90.39,0.774,0.421,90.5201,12,0,12,-22.167422550000012,"{""ETS2_ENTRY_MIN_BODY_FRAC"": ""0.15"", ""ETS2_ENTRY_RETEST_BARS"": ""2"", ""ETS2_ENTRY_TF"": ""15"", ""ETS2_OSC_OB"": ""58"", ""ETS2_OSC_OS"": ""25"", ""ETS2_OSC_PERIOD"": ""2"", ""ETS2_OSC_TYPE"": ""force"", ""ETS2_SL_ATR_MULT"": ""1.0"", ""ETS2_TP1_ATR_MULT"": ""1.25"", ""ETS2_TP_ATR_MULT"": ""2.5"", ""ETS2_WAVE_LOOKBACK"": ""3""}"
37,elder_ema50_force_canonical_v1_r037,/root/by-bot/backtest_runs/portfolio_20260618_104420_elder_ema50_force_canonical_v1_r037,False,pf<1.15;dd>10.0;net<4.0;neg_months>5;neg_streak>3,-2302.0512249680005,3252,-85.42,0.745,0.502,85.8497,11,1,11,-21.18273211999999,"{""ETS2_ENTRY_MIN_BODY_FRAC"": ""0.15"", ""ETS2_ENTRY_RETEST_BARS"": ""2"", ""ETS2_ENTRY_TF"": ""15"", ""ETS2_OSC_OB"": ""58"", ""ETS2_OSC_OS"": ""25"", ""ETS2_OSC_PERIOD"": ""2"", ""ETS2_OSC_TYPE"": ""force"", ""ETS2_SL_ATR_MULT"": ""1.25"", ""ETS2_TP1_ATR_MULT"": ""0.75"", ""ETS2_TP_ATR_MULT"": ""1.5"", ""ETS2_WAVE_LOOKBACK"": ""1""}"
38,elder_ema50_force_canonical_v1_r038,/root/by-bot/backtest_runs/portfolio_20260618_104540_elder_ema50_force_canonical_v1_r038,False,pf<1.15;dd>10.0;net<4.0;neg_months>5;neg_streak>3,-2304.5651218179996,3488,-87.69,0.741,0.506,87.7916,12,0,12,-16.98422987,"{""ETS2_ENTRY_MIN_BODY_FRAC"": ""0.15"", ""ETS2_ENTRY_RETEST_BARS"": ""2"", ""ETS2_ENTRY_TF"": ""15"", ""ETS2_OSC_OB"": ""58"", ""ETS2_OSC_OS"": ""25"", ""ETS2_OSC_PERIOD"": ""2"", ""ETS2_OSC_TYPE"": ""force"", ""ETS2_SL_ATR_MULT"": ""1.25"", ""ETS2_TP1_ATR_MULT"": ""0.75"", ""ETS2_TP_ATR_MULT"": ""1.5"", ""ETS2_WAVE_LOOKBACK"": ""3""}"
39,elder_ema50_force_canonical_v1_r039,/root/by-bot/backtest_runs/portfolio_20260618_104654_elder_ema50_force_canonical_v1_r039,False,pf<1.15;dd>10.0;net<4.0;neg_months>5;neg_streak>3,-2300.6858336699997,3004,-84.97,0.725,0.494,85.3861,12,0,12,-19.964024050000003,"{""ETS2_ENTRY_MIN_BODY_FRAC"": ""0.15"", ""ETS2_ENTRY_RETEST_BARS"": ""2"", ""ETS2_ENTRY_TF"": ""15"", ""ETS2_OSC_OB"": ""58"", ""ETS2_OSC_OS"": ""25"", ""ETS2_OSC_PERIOD"": ""2"", ""ETS2_OSC_TYPE"": ""force"", ""ETS2_SL_ATR_MULT"": ""1.25"", ""ETS2_TP1_ATR_MULT"": ""0.75"", ""ETS2_TP_ATR_MULT"": ""2.0"", ""ETS2_WAVE_LOOKBACK"": ""1""}"
40,elder_ema50_force_canonical_v1_r040,/root/by-bot/backtest_runs/portfolio_20260618_104805_elder_ema50_force_canonical_v1_r040,False,pf<1.15;dd>10.0;net<4.0;neg_months>5;neg_streak>3,-2305.448205332,3194,-84.99,0.737,0.498,85.3988,12,0,12,-23.330432380000005,"{""ETS2_ENTRY_MIN_BODY_FRAC"": ""0.15"", ""ETS2_ENTRY_RETEST_BARS"": ""2"", ""ETS2_ENTRY_TF"": ""15"", ""ETS2_OSC_OB"": ""58"", ""ETS2_OSC_OS"": ""25"", ""ETS2_OSC_PERIOD"": ""2"", ""ETS2_OSC_TYPE"": ""force"", ""ETS2_SL_ATR_MULT"": ""1.25"", ""ETS2_TP1_ATR_MULT"": ""0.75"", ""ETS2_TP_ATR_MULT"": ""2.0"", ""ETS2_WAVE_LOOKBACK"": ""3""}"
41,elder_ema50_force_canonical_v1_r041,/root/by-bot/backtest_runs/portfolio_20260618_104905_elder_ema50_force_canonical_v1_r041,False,pf<1.15;dd>10.0;net<4.0;neg_months>5;neg_streak>3,-2297.5010336220003,2782,-84.69,0.71,0.489,84.7819,12,0,12,-18.792309730000003,"{""ETS2_ENTRY_MIN_BODY_FRAC"": ""0.15"", ""ETS2_ENTRY_RETEST_BARS"": ""2"", ""ETS2_ENTRY_TF"": ""15"", ""ETS2_OSC_OB"": ""58"", ""ETS2_OSC_OS"": ""25"", ""ETS2_OSC_PERIOD"": ""2"", ""ETS2_OSC_TYPE"": ""force"", ""ETS2_SL_ATR_MULT"": ""1.25"", ""ETS2_TP1_ATR_MULT"": ""0.75"", ""ETS2_TP_ATR_MULT"": ""2.5"", ""ETS2_WAVE_LOOKBACK"": ""1""}"
42,elder_ema50_force_canonical_v1_r042,/root/by-bot/backtest_runs/portfolio_20260618_105016_elder_ema50_force_canonical_v1_r042,False,pf<1.15;dd>10.0;net<4.0;neg_months>5;neg_streak>3,-2286.043100668,2923,-82.02,0.745,0.498,82.4196,12,0,12,-16.271357620000003,"{""ETS2_ENTRY_MIN_BODY_FRAC"": ""0.15"", ""ETS2_ENTRY_RETEST_BARS"": ""2"", ""ETS2_ENTRY_TF"": ""15"", ""ETS2_OSC_OB"": ""58"", ""ETS2_OSC_OS"": ""25"", ""ETS2_OSC_PERIOD"": ""2"", ""ETS2_OSC_TYPE"": ""force"", ""ETS2_SL_ATR_MULT"": ""1.25"", ""ETS2_TP1_ATR_MULT"": ""0.75"", ""ETS2_TP_ATR_MULT"": ""2.5"", ""ETS2_WAVE_LOOKBACK"": ""3""}"
43,elder_ema50_force_canonical_v1_r043,/root/by-bot/backtest_runs/portfolio_20260618_105114_elder_ema50_force_canonical_v1_r043,False,pf<1.15;dd>10.0;net<4.0;neg_months>5;neg_streak>3,-2298.6325731760003,3250,-83.91,0.779,0.501,84.606,11,1,11,-21.808980839999997,"{""ETS2_ENTRY_MIN_BODY_FRAC"": ""0.15"", ""ETS2_ENTRY_RETEST_BARS"": ""2"", ""ETS2_ENTRY_TF"": ""15"", ""ETS2_OSC_OB"": ""58"", ""ETS2_OSC_OS"": ""25"", ""ETS2_OSC_PERIOD"": ""2"", ""ETS2_OSC_TYPE"": ""force"", ""ETS2_SL_ATR_MULT"": ""1.25"", ""ETS2_TP1_ATR_MULT"": ""1.0"", ""ETS2_TP_ATR_MULT"": ""1.5"", ""ETS2_WAVE_LOOKBACK"": ""1""}"
44,elder_ema50_force_canonical_v1_r044,/root/by-bot/backtest_runs/portfolio_20260618_105233_elder_ema50_force_canonical_v1_r044,False,pf<1.15;dd>10.0;net<4.0;neg_months>5;neg_streak>3,-2293.669185968,3478,-84.43,0.787,0.506,84.7227,12,0,12,-16.37984711999999,"{""ETS2_ENTRY_MIN_BODY_FRAC"": ""0.15"", ""ETS2_ENTRY_RETEST_BARS"": ""2"", ""ETS2_ENTRY_TF"": ""15"", ""ETS2_OSC_OB"": ""58"", ""ETS2_OSC_OS"": ""25"", ""ETS2_OSC_PERIOD"": ""2"", ""ETS2_OSC_TYPE"": ""force"", ""ETS2_SL_ATR_MULT"": ""1.25"", ""ETS2_TP1_ATR_MULT"": ""1.0"", ""ETS2_TP_ATR_MULT"": ""1.5"", ""ETS2_WAVE_LOOKBACK"": ""3""}"
45,elder_ema50_force_canonical_v1_r045,/root/by-bot/backtest_runs/portfolio_20260618_105341_elder_ema50_force_canonical_v1_r045,False,pf<1.15;dd>10.0;net<4.0;neg_months>5;neg_streak>3,-2300.451781838,3000,-83.78,0.756,0.496,84.2857,12,0,12,-22.388844169999995,"{""ETS2_ENTRY_MIN_BODY_FRAC"": ""0.15"", ""ETS2_ENTRY_RETEST_BARS"": ""2"", ""ETS2_ENTRY_TF"": ""15"", ""ETS2_OSC_OB"": ""58"", ""ETS2_OSC_OS"": ""25"", ""ETS2_OSC_PERIOD"": ""2"", ""ETS2_OSC_TYPE"": ""force"", ""ETS2_SL_ATR_MULT"": ""1.25"", ""ETS2_TP1_ATR_MULT"": ""1.0"", ""ETS2_TP_ATR_MULT"": ""2.0"", ""ETS2_WAVE_LOOKBACK"": ""1""}"
46,elder_ema50_force_canonical_v1_r046,/root/by-bot/backtest_runs/portfolio_20260618_105455_elder_ema50_force_canonical_v1_r046,False,pf<1.15;dd>10.0;net<4.0;neg_months>5;neg_streak>3,-2306.9206707539997,3197,-84.61,0.76,0.497,85.1142,12,0,12,-25.11447911000001,"{""ETS2_ENTRY_MIN_BODY_FRAC"": ""0.15"", ""ETS2_ENTRY_RETEST_BARS"": ""2"", ""ETS2_ENTRY_TF"": ""15"", ""ETS2_OSC_OB"": ""58"", ""ETS2_OSC_OS"": ""25"", ""ETS2_OSC_PERIOD"": ""2"", ""ETS2_OSC_TYPE"": ""force"", ""ETS2_SL_ATR_MULT"": ""1.25"", ""ETS2_TP1_ATR_MULT"": ""1.0"", ""ETS2_TP_ATR_MULT"": ""2.0"", ""ETS2_WAVE_LOOKBACK"": ""3""}"
47,elder_ema50_force_canonical_v1_r047,/root/by-bot/backtest_runs/portfolio_20260618_105600_elder_ema50_force_canonical_v1_r047,False,pf<1.15;dd>10.0;net<4.0;neg_months>5;neg_streak>3,-2296.483396468,2780,-83.4,0.742,0.489,83.7223,12,0,12,-20.684854619999985,"{""ETS2_ENTRY_MIN_BODY_FRAC"": ""0.15"", ""ETS2_ENTRY_RETEST_BARS"": ""2"", ""ETS2_ENTRY_TF"": ""15"", ""ETS2_OSC_OB"": ""58"", ""ETS2_OSC_OS"": ""25"", ""ETS2_OSC_PERIOD"": ""2"", ""ETS2_OSC_TYPE"": ""force"", ""ETS2_SL_ATR_MULT"": ""1.25"", ""ETS2_TP1_ATR_MULT"": ""1.0"", ""ETS2_TP_ATR_MULT"": ""2.5"", ""ETS2_WAVE_LOOKBACK"": ""1""}"
48,elder_ema50_force_canonical_v1_r048,/root/by-bot/backtest_runs/portfolio_20260618_105708_elder_ema50_force_canonical_v1_r048,False,pf<1.15;dd>10.0;net<4.0;neg_months>5;neg_streak>3,-2285.455653872,2936,-81.1,0.77,0.497,81.7541,12,0,12,-17.59103848,"{""ETS2_ENTRY_MIN_BODY_FRAC"": ""0.15"", ""ETS2_ENTRY_RETEST_BARS"": ""2"", ""ETS2_ENTRY_TF"": ""15"", ""ETS2_OSC_OB"": ""58"", ""ETS2_OSC_OS"": ""25"", ""ETS2_OSC_PERIOD"": ""2"", ""ETS2_OSC_TYPE"": ""force"", ""ETS2_SL_ATR_MULT"": ""1.25"", ""ETS2_TP1_ATR_MULT"": ""1.0"", ""ETS2_TP_ATR_MULT"": ""2.5"", ""ETS2_WAVE_LOOKBACK"": ""3""}"
49,elder_ema50_force_canonical_v1_r049,/root/by-bot/backtest_runs/portfolio_20260618_105803_elder_ema50_force_canonical_v1_r049,False,pf<1.15;dd>10.0;net<4.0;neg_months>5;neg_streak>3,-2299.980412098,3251,-84.04,0.798,0.499,84.6381,11,1,11,-22.611580069999984,"{""ETS2_ENTRY_MIN_BODY_FRAC"": ""0.15"", ""ETS2_ENTRY_RETEST_BARS"": ""2"", ""ETS2_ENTRY_TF"": ""15"", ""ETS2_OSC_OB"": ""58"", ""ETS2_OSC_OS"": ""25"", ""ETS2_OSC_PERIOD"": ""2"", ""ETS2_OSC_TYPE"": ""force"", ""ETS2_SL_ATR_MULT"": ""1.25"", ""ETS2_TP1_ATR_MULT"": ""1.25"", ""ETS2_TP_ATR_MULT"": ""1.5"", ""ETS2_WAVE_LOOKBACK"": ""1""}"
50,elder_ema50_force_canonical_v1_r050,/root/by-bot/backtest_runs/portfolio_20260618_105914_elder_ema50_force_canonical_v1_r050,False,pf<1.15;dd>10.0;net<4.0;neg_months>5;neg_streak>3,-2290.7627111180004,3483,-84.11,0.811,0.503,84.4626,12,0,12,-14.94107937,"{""ETS2_ENTRY_MIN_BODY_FRAC"": ""0.15"", ""ETS2_ENTRY_RETEST_BARS"": ""2"", ""ETS2_ENTRY_TF"": ""15"", ""ETS2_OSC_OB"": ""58"", ""ETS2_OSC_OS"": ""25"", ""ETS2_OSC_PERIOD"": ""2"", ""ETS2_OSC_TYPE"": ""force"", ""ETS2_SL_ATR_MULT"": ""1.25"", ""ETS2_TP1_ATR_MULT"": ""1.25"", ""ETS2_TP_ATR_MULT"": ""1.5"", ""ETS2_WAVE_LOOKBACK"": ""3""}"
51,elder_ema50_force_canonical_v1_r051,/root/by-bot/backtest_runs/portfolio_20260618_110033_elder_ema50_force_canonical_v1_r051,False,pf<1.15;dd>10.0;net<4.0;neg_months>5;neg_streak>3,-2298.94567528,2999,-83.53,0.78,0.494,83.9705,12,0,12,-21.977625199999995,"{""ETS2_ENTRY_MIN_BODY_FRAC"": ""0.15"", ""ETS2_ENTRY_RETEST_BARS"": ""2"", ""ETS2_ENTRY_TF"": ""15"", ""ETS2_OSC_OB"": ""58"", ""ETS2_OSC_OS"": ""25"", ""ETS2_OSC_PERIOD"": ""2"", ""ETS2_OSC_TYPE"": ""force"", ""ETS2_SL_ATR_MULT"": ""1.25"", ""ETS2_TP1_ATR_MULT"": ""1.25"", ""ETS2_TP_ATR_MULT"": ""2.0"", ""ETS2_WAVE_LOOKBACK"": ""1""}"
52,elder_ema50_force_canonical_v1_r052,/root/by-bot/backtest_runs/portfolio_20260618_110156_elder_ema50_force_canonical_v1_r052,False,pf<1.15;dd>10.0;net<4.0;neg_months>5;neg_streak>3,-2301.7554478260004,3198,-83.36,0.789,0.496,83.8261,12,0,12,-24.336605590000005,"{""ETS2_ENTRY_MIN_BODY_FRAC"": ""0.15"", ""ETS2_ENTRY_RETEST_BARS"": ""2"", ""ETS2_ENTRY_TF"": ""15"", ""ETS2_OSC_OB"": ""58"", ""ETS2_OSC_OS"": ""25"", ""ETS2_OSC_PERIOD"": ""2"", ""ETS2_OSC_TYPE"": ""force"", ""ETS2_SL_ATR_MULT"": ""1.25"", ""ETS2_TP1_ATR_MULT"": ""1.25"", ""ETS2_TP_ATR_MULT"": ""2.0"", ""ETS2_WAVE_LOOKBACK"": ""3""}"
53,elder_ema50_force_canonical_v1_r053,/root/by-bot/backtest_runs/portfolio_20260618_110300_elder_ema50_force_canonical_v1_r053,False,pf<1.15;dd>10.0;net<4.0;neg_months>5;neg_streak>3,-2290.137762768,2773,-82.64,0.773,0.489,82.8686,12,0,12,-18.023259120000002,"{""ETS2_ENTRY_MIN_BODY_FRAC"": ""0.15"", ""ETS2_ENTRY_RETEST_BARS"": ""2"", ""ETS2_ENTRY_TF"": ""15"", ""ETS2_OSC_OB"": ""58"", ""ETS2_OSC_OS"": ""25"", ""ETS2_OSC_PERIOD"": ""2"", ""ETS2_OSC_TYPE"": ""force"", ""ETS2_SL_ATR_MULT"": ""1.25"", ""ETS2_TP1_ATR_MULT"": ""1.25"", ""ETS2_TP_ATR_MULT"": ""2.5"", ""ETS2_WAVE_LOOKBACK"": ""1""}"
54,elder_ema50_force_canonical_v1_r054,/root/by-bot/backtest_runs/portfolio_20260618_110402_elder_ema50_force_canonical_v1_r054,False,pf<1.15;dd>10.0;net<4.0;neg_months>5;neg_streak>3,-2275.052796938,2919,-78.94,0.804,0.5,79.5699,12,0,12,-15.132140669999991,"{""ETS2_ENTRY_MIN_BODY_FRAC"": ""0.15"", ""ETS2_ENTRY_RETEST_BARS"": ""2"", ""ETS2_ENTRY_TF"": ""15"", ""ETS2_OSC_OB"": ""58"", ""ETS2_OSC_OS"": ""25"", ""ETS2_OSC_PERIOD"": ""2"", ""ETS2_OSC_TYPE"": ""force"", ""ETS2_SL_ATR_MULT"": ""1.25"", ""ETS2_TP1_ATR_MULT"": ""1.25"", ""ETS2_TP_ATR_MULT"": ""2.5"", ""ETS2_WAVE_LOOKBACK"": ""3""}"
55,elder_ema50_force_canonical_v1_r055,/root/by-bot/backtest_runs/portfolio_20260618_110459_elder_ema50_force_canonical_v1_r055,False,pf<1.15;dd>10.0;net<4.0;neg_months>5;neg_streak>3,-2353.420911852,4426,-98.52,0.691,0.492,98.5551,12,0,12,-27.204794179999986,"{""ETS2_ENTRY_MIN_BODY_FRAC"": ""0.3"", ""ETS2_ENTRY_RETEST_BARS"": ""2"", ""ETS2_ENTRY_TF"": ""15"", ""ETS2_OSC_OB"": ""58"", ""ETS2_OSC_OS"": ""25"", ""ETS2_OSC_PERIOD"": ""2"", ""ETS2_OSC_TYPE"": ""force"", ""ETS2_SL_ATR_MULT"": ""0.75"", ""ETS2_TP1_ATR_MULT"": ""0.75"", ""ETS2_TP_ATR_MULT"": ""1.5"", ""ETS2_WAVE_LOOKBACK"": ""1""}"
56,elder_ema50_force_canonical_v1_r056,/root/by-bot/backtest_runs/portfolio_20260618_110640_elder_ema50_force_canonical_v1_r056,False,pf<1.15;dd>10.0;net<4.0;neg_months>5;neg_streak>3,-2346.8342147079998,4784,-98.98,0.701,0.491,99.0034,12,0,12,-21.465296219999978,"{""ETS2_ENTRY_MIN_BODY_FRAC"": ""0.3"", ""ETS2_ENTRY_RETEST_BARS"": ""2"", ""ETS2_ENTRY_TF"": ""15"", ""ETS2_OSC_OB"": ""58"", ""ETS2_OSC_OS"": ""25"", ""ETS2_OSC_PERIOD"": ""2"", ""ETS2_OSC_TYPE"": ""force"", ""ETS2_SL_ATR_MULT"": ""0.75"", ""ETS2_TP1_ATR_MULT"": ""0.75"", ""ETS2_TP_ATR_MULT"": ""1.5"", ""ETS2_WAVE_LOOKBACK"": ""3""}"
57,elder_ema50_force_canonical_v1_r057,/root/by-bot/backtest_runs/portfolio_20260618_110810_elder_ema50_force_canonical_v1_r057,False,pf<1.15;dd>10.0;net<4.0;neg_months>5;neg_streak>3,-2346.89903604,4091,-97.53,0.696,0.484,97.6218,12,0,12,-24.72816859999999,"{""ETS2_ENTRY_MIN_BODY_FRAC"": ""0.3"", ""ETS2_ENTRY_RETEST_BARS"": ""2"", ""ETS2_ENTRY_TF"": ""15"", ""ETS2_OSC_OB"": ""58"", ""ETS2_OSC_OS"": ""25"", ""ETS2_OSC_PERIOD"": ""2"", ""ETS2_OSC_TYPE"": ""force"", ""ETS2_SL_ATR_MULT"": ""0.75"", ""ETS2_TP1_ATR_MULT"": ""0.75"", ""ETS2_TP_ATR_MULT"": ""2.0"", ""ETS2_WAVE_LOOKBACK"": ""1""}"
58,elder_ema50_force_canonical_v1_r058,/root/by-bot/backtest_runs/portfolio_20260618_110949_elder_ema50_force_canonical_v1_r058,False,pf<1.15;dd>10.0;net<4.0;neg_months>5;neg_streak>3,-2361.220582674,4482,-99.1,0.659,0.473,99.104,12,0,12,-31.494701910000003,"{""ETS2_ENTRY_MIN_BODY_FRAC"": ""0.3"", ""ETS2_ENTRY_RETEST_BARS"": ""2"", ""ETS2_ENTRY_TF"": ""15"", ""ETS2_OSC_OB"": ""58"", ""ETS2_OSC_OS"": ""25"", ""ETS2_OSC_PERIOD"": ""2"", ""ETS2_OSC_TYPE"": ""force"", ""ETS2_SL_ATR_MULT"": ""0.75"", ""ETS2_TP1_ATR_MULT"": ""0.75"", ""ETS2_TP_ATR_MULT"": ""2.0"", ""ETS2_WAVE_LOOKBACK"": ""3""}"
59,elder_ema50_force_canonical_v1_r059,/root/by-bot/backtest_runs/portfolio_20260618_111118_elder_ema50_force_canonical_v1_r059,False,pf<1.15;dd>10.0;net<4.0;neg_months>5;neg_streak>3,-2341.1158731100004,3825,-96.62,0.714,0.483,96.7499,11,1,11,-23.908623649999978,"{""ETS2_ENTRY_MIN_BODY_FRAC"": ""0.3"", ""ETS2_ENTRY_RETEST_BARS"": ""2"", ""ETS2_ENTRY_TF"": ""15"", ""ETS2_OSC_OB"": ""58"", ""ETS2_OSC_OS"": ""25"", ""ETS2_OSC_PERIOD"": ""2"", ""ETS2_OSC_TYPE"": ""force"", ""ETS2_SL_ATR_MULT"": ""0.75"", ""ETS2_TP1_ATR_MULT"": ""0.75"", ""ETS2_TP_ATR_MULT"": ""2.5"", ""ETS2_WAVE_LOOKBACK"": ""1""}"
60,elder_ema50_force_canonical_v1_r060,/root/by-bot/backtest_runs/portfolio_20260618_111253_elder_ema50_force_canonical_v1_r060,False,pf<1.15;dd>10.0;net<4.0;neg_months>5;neg_streak>3,-2349.7376814179997,4162,-98.74,0.652,0.47,98.7385,12,0,12,-24.12334387,"{""ETS2_ENTRY_MIN_BODY_FRAC"": ""0.3"", ""ETS2_ENTRY_RETEST_BARS"": ""2"", ""ETS2_ENTRY_TF"": ""15"", ""ETS2_OSC_OB"": ""58"", ""ETS2_OSC_OS"": ""25"", ""ETS2_OSC_PERIOD"": ""2"", ""ETS2_OSC_TYPE"": ""force"", ""ETS2_SL_ATR_MULT"": ""0.75"", ""ETS2_TP1_ATR_MULT"": ""0.75"", ""ETS2_TP_ATR_MULT"": ""2.5"", ""ETS2_WAVE_LOOKBACK"": ""3""}"
61,elder_ema50_force_canonical_v1_r061,/root/by-bot/backtest_runs/portfolio_20260618_111411_elder_ema50_force_canonical_v1_r061,False,pf<1.15;dd>10.0;net<4.0;neg_months>5;neg_streak>3,-2355.098846114,4428,-98.42,0.708,0.416,98.4701,12,0,12,-28.61046151,"{""ETS2_ENTRY_MIN_BODY_FRAC"": ""0.3"", ""ETS2_ENTRY_RETEST_BARS"": ""2"", ""ETS2_ENTRY_TF"": ""15"", ""ETS2_OSC_OB"": ""58"", ""ETS2_OSC_OS"": ""25"", ""ETS2_OSC_PERIOD"": ""2"", ""ETS2_OSC_TYPE"": ""force"", ""ETS2_SL_ATR_MULT"": ""0.75"", ""ETS2_TP1_ATR_MULT"": ""1.0"", ""ETS2_TP_ATR_MULT"": ""1.5"", ""ETS2_WAVE_LOOKBACK"": ""1""}"
62,elder_ema50_force_canonical_v1_r062,/root/by-bot/backtest_runs/portfolio_20260618_111550_elder_ema50_force_canonical_v1_r062,False,pf<1.15;dd>10.0;net<4.0;neg_months>5;neg_streak>3,-2352.075709322,4811,-99.03,0.704,0.413,99.0576,12,0,12,-25.08893523000002,"{""ETS2_ENTRY_MIN_BODY_FRAC"": ""0.3"", ""ETS2_ENTRY_RETEST_BARS"": ""2"", ""ETS2_ENTRY_TF"": ""15"", ""ETS2_OSC_OB"": ""58"", ""ETS2_OSC_OS"": ""25"", ""ETS2_OSC_PERIOD"": ""2"", ""ETS2_OSC_TYPE"": ""force"", ""ETS2_SL_ATR_MULT"": ""0.75"", ""ETS2_TP1_ATR_MULT"": ""1.0"", ""ETS2_TP_ATR_MULT"": ""1.5"", ""ETS2_WAVE_LOOKBACK"": ""3""}"
63,elder_ema50_force_canonical_v1_r063,/root/by-bot/backtest_runs/portfolio_20260618_111720_elder_ema50_force_canonical_v1_r063,False,pf<1.15;dd>10.0;net<4.0;neg_months>5;neg_streak>3,-2346.434486734,4093,-97.15,0.724,0.414,97.2626,12,0,12,-25.23520481,"{""ETS2_ENTRY_MIN_BODY_FRAC"": ""0.3"", ""ETS2_ENTRY_RETEST_BARS"": ""2"", ""ETS2_ENTRY_TF"": ""15"", ""ETS2_OSC_OB"": ""58"", ""ETS2_OSC_OS"": ""25"", ""ETS2_OSC_PERIOD"": ""2"", ""ETS2_OSC_TYPE"": ""force"", ""ETS2_SL_ATR_MULT"": ""0.75"", ""ETS2_TP1_ATR_MULT"": ""1.0"", ""ETS2_TP_ATR_MULT"": ""2.0"", ""ETS2_WAVE_LOOKBACK"": ""1""}"
64,elder_ema50_force_canonical_v1_r064,/root/by-bot/backtest_runs/portfolio_20260618_111845_elder_ema50_force_canonical_v1_r064,False,pf<1.15;dd>10.0;net<4.0;neg_months>5;neg_streak>3,-2353.2708669979997,4464,-98.89,0.695,0.403,98.901,12,0,12,-26.286333570000007,"{""ETS2_ENTRY_MIN_BODY_FRAC"": ""0.3"", ""ETS2_ENTRY_RETEST_BARS"": ""2"", ""ETS2_ENTRY_TF"": ""15"", ""ETS2_OSC_OB"": ""58"", ""ETS2_OSC_OS"": ""25"", ""ETS2_OSC_PERIOD"": ""2"", ""ETS2_OSC_TYPE"": ""force"", ""ETS2_SL_ATR_MULT"": ""0.75"", ""ETS2_TP1_ATR_MULT"": ""1.0"", ""ETS2_TP_ATR_MULT"": ""2.0"", ""ETS2_WAVE_LOOKBACK"": ""3""}"
65,elder_ema50_force_canonical_v1_r065,/root/by-bot/backtest_runs/portfolio_20260618_112001_elder_ema50_force_canonical_v1_r065,False,pf<1.15;dd>10.0;net<4.0;neg_months>5;neg_streak>3,-2343.76978264,3826,-96.52,0.73,0.408,96.6694,11,1,11,-26.004987599999982,"{""ETS2_ENTRY_MIN_BODY_FRAC"": ""0.3"", ""ETS2_ENTRY_RETEST_BARS"": ""2"", ""ETS2_ENTRY_TF"": ""15"", ""ETS2_OSC_OB"": ""58"", ""ETS2_OSC_OS"": ""25"", ""ETS2_OSC_PERIOD"": ""2"", ""ETS2_OSC_TYPE"": ""force"", ""ETS2_SL_ATR_MULT"": ""0.75"", ""ETS2_TP1_ATR_MULT"": ""1.0"", ""ETS2_TP_ATR_MULT"": ""2.5"", ""ETS2_WAVE_LOOKBACK"": ""1""}"
66,elder_ema50_force_canonical_v1_r066,/root/by-bot/backtest_runs/portfolio_20260618_112125_elder_ema50_force_canonical_v1_r066,False,pf<1.15;dd>10.0;net<4.0;neg_months>5;neg_streak>3,-2339.2282367020002,4088,-97.4,0.723,0.408,97.4077,12,0,12,-19.666311929999992,"{""ETS2_ENTRY_MIN_BODY_FRAC"": ""0.3"", ""ETS2_ENTRY_RETEST_BARS"": ""2"", ""ETS2_ENTRY_TF"": ""15"", ""ETS2_OSC_OB"": ""58"", ""ETS2_OSC_OS"": ""25"", ""ETS2_OSC_PERIOD"": ""2"", ""ETS2_OSC_TYPE"": ""force"", ""ETS2_SL_ATR_MULT"": ""0.75"", ""ETS2_TP1_ATR_MULT"": ""1.0"", ""ETS2_TP_ATR_MULT"": ""2.5"", ""ETS2_WAVE_LOOKBACK"": ""3""}"
67,elder_ema50_force_canonical_v1_r067,/root/by-bot/backtest_runs/portfolio_20260618_112239_elder_ema50_force_canonical_v1_r067,False,pf<1.15;dd>10.0;net<4.0;neg_months>5;neg_streak>3,-2356.0811448120003,4427,-98.55,0.711,0.34,98.5952,12,0,12,-29.021960580000005,"{""ETS2_ENTRY_MIN_BODY_FRAC"": ""0.3"", ""ETS2_ENTRY_RETEST_BARS"": ""2"", ""ETS2_ENTRY_TF"": ""15"", ""ETS2_OSC_OB"": ""58"", ""ETS2_OSC_OS"": ""25"", ""ETS2_OSC_PERIOD"": ""2"", ""ETS2_OSC_TYPE"": ""force"", ""ETS2_SL_ATR_MULT"": ""0.75"", ""ETS2_TP1_ATR_MULT"": ""1.25"", ""ETS2_TP_ATR_MULT"": ""1.5"", ""ETS2_WAVE_LOOKBACK"": ""1""}"
68,elder_ema50_force_canonical_v1_r068,/root/by-bot/backtest_runs/portfolio_20260618_112411_elder_ema50_force_canonical_v1_r068,False,pf<1.15;dd>10.0;net<4.0;neg_months>5;neg_streak>3,-2348.236883306,4815,-99.07,0.713,0.343,99.0911,12,0,12,-22.264773790000003,"{""ETS2_ENTRY_MIN_BODY_FRAC"": ""0.3"", ""ETS2_ENTRY_RETEST_BARS"": ""2"", ""ETS2_ENTRY_TF"": ""15"", ""ETS2_OSC_OB"": ""58"", ""ETS2_OSC_OS"": ""25"", ""ETS2_OSC_PERIOD"": ""2"", ""ETS2_OSC_TYPE"": ""force"", ""ETS2_SL_ATR_MULT"": ""0.75"", ""ETS2_TP1_ATR_MULT"": ""1.25"", ""ETS2_TP_ATR_MULT"": ""1.5"", ""ETS2_WAVE_LOOKBACK"": ""3""}"
69,elder_ema50_force_canonical_v1_r069,/root/by-bot/backtest_runs/portfolio_20260618_112540_elder_ema50_force_canonical_v1_r069,False,pf<1.15;dd>10.0;net<4.0;neg_months>5;neg_streak>3,-2349.592512022,4090,-97.57,0.717,0.339,97.6802,12,0,12,-26.534365730000008,"{""ETS2_ENTRY_MIN_BODY_FRAC"": ""0.3"", ""ETS2_ENTRY_RETEST_BARS"": ""2"", ""ETS2_ENTRY_TF"": ""15"", ""ETS2_OSC_OB"": ""58"", ""ETS2_OSC_OS"": ""25"", ""ETS2_OSC_PERIOD"": ""2"", ""ETS2_OSC_TYPE"": ""force"", ""ETS2_SL_ATR_MULT"": ""0.75"", ""ETS2_TP1_ATR_MULT"": ""1.25"", ""ETS2_TP_ATR_MULT"": ""2.0"", ""ETS2_WAVE_LOOKBACK"": ""1""}"
70,elder_ema50_force_canonical_v1_r070,/root/by-bot/backtest_runs/portfolio_20260618_112700_elder_ema50_force_canonical_v1_r070,False,pf<1.15;dd>10.0;net<4.0;neg_months>5;neg_streak>3,-2352.81430959,4470,-98.99,0.697,0.335,98.9976,12,0,12,-25.736506850000016,"{""ETS2_ENTRY_MIN_BODY_FRAC"": ""0.3"", ""ETS2_ENTRY_RETEST_BARS"": ""2"", ""ETS2_ENTRY_TF"": ""15"", ""ETS2_OSC_OB"": ""58"", ""ETS2_OSC_OS"": ""25"", ""ETS2_OSC_PERIOD"": ""2"", ""ETS2_OSC_TYPE"": ""force"", ""ETS2_SL_ATR_MULT"": ""0.75"", ""ETS2_TP1_ATR_MULT"": ""1.25"", ""ETS2_TP_ATR_MULT"": ""2.0"", ""ETS2_WAVE_LOOKBACK"": ""3""}"
71,elder_ema50_force_canonical_v1_r071,/root/by-bot/backtest_runs/portfolio_20260618_112815_elder_ema50_force_canonical_v1_r071,False,pf<1.15;dd>10.0;net<4.0;neg_months>5;neg_streak>3,-2343.9495672200005,3824,-96.47,0.739,0.338,96.6449,11,1,11,-26.211262299999976,"{""ETS2_ENTRY_MIN_BODY_FRAC"": ""0.3"", ""ETS2_ENTRY_RETEST_BARS"": ""2"", ""ETS2_ENTRY_TF"": ""15"", ""ETS2_OSC_OB"": ""58"", ""ETS2_OSC_OS"": ""25"", ""ETS2_OSC_PERIOD"": ""2"", ""ETS2_OSC_TYPE"": ""force"", ""ETS2_SL_ATR_MULT"": ""0.75"", ""ETS2_TP1_ATR_MULT"": ""1.25"", ""ETS2_TP_ATR_MULT"": ""2.5"", ""ETS2_WAVE_LOOKBACK"": ""1""}"
72,elder_ema50_force_canonical_v1_r072,/root/by-bot/backtest_runs/portfolio_20260618_112937_elder_ema50_force_canonical_v1_r072,False,pf<1.15;dd>10.0;net<4.0;neg_months>5;neg_streak>3,-2338.5571994179995,4090,-97.4,0.732,0.339,97.424,12,0,12,-19.163713869999974,"{""ETS2_ENTRY_MIN_BODY_FRAC"": ""0.3"", ""ETS2_ENTRY_RETEST_BARS"": ""2"", ""ETS2_ENTRY_TF"": ""15"", ""ETS2_OSC_OB"": ""58"", ""ETS2_OSC_OS"": ""25"", ""ETS2_OSC_PERIOD"": ""2"", ""ETS2_OSC_TYPE"": ""force"", ""ETS2_SL_ATR_MULT"": ""0.75"", ""ETS2_TP1_ATR_MULT"": ""1.25"", ""ETS2_TP_ATR_MULT"": ""2.5"", ""ETS2_WAVE_LOOKBACK"": ""3""}"
73,elder_ema50_force_canonical_v1_r073,/root/by-bot/backtest_runs/portfolio_20260618_113117_elder_ema50_force_canonical_v1_r073,False,pf<1.15;dd>10.0;net<4.0;neg_months>5;neg_streak>3,-2329.7708289559996,3800,-94.09,0.725,0.496,94.1723,12,0,12,-20.370163540000004,"{""ETS2_ENTRY_MIN_BODY_FRAC"": ""0.3"", ""ETS2_ENTRY_RETEST_BARS"": ""2"", ""ETS2_ENTRY_TF"": ""15"", ""ETS2_OSC_OB"": ""58"", ""ETS2_OSC_OS"": ""25"", ""ETS2_OSC_PERIOD"": ""2"", ""ETS2_OSC_TYPE"": ""force"", ""ETS2_SL_ATR_MULT"": ""1.0"", ""ETS2_TP1_ATR_MULT"": ""0.75"", ""ETS2_TP_ATR_MULT"": ""1.5"", ""ETS2_WAVE_LOOKBACK"": ""1""}"
74,elder_ema50_force_canonical_v1_r074,/root/by-bot/backtest_runs/portfolio_20260618_113241_elder_ema50_force_canonical_v1_r074,False,pf<1.15;dd>10.0;net<4.0;neg_months>5;neg_streak>3,-2327.6271161839995,4087,-94.88,0.731,0.496,94.9502,12,0,12,-17.050511560000004,"{""ETS2_ENTRY_MIN_BODY_FRAC"": ""0.3"", ""ETS2_ENTRY_RETEST_BARS"": ""2"", ""ETS2_ENTRY_TF"": ""15"", ""ETS2_OSC_OB"": ""58"", ""ETS2_OSC_OS"": ""25"", ""ETS2_OSC_PERIOD"": ""2"", ""ETS2_OSC_TYPE"": ""force"", ""ETS2_SL_ATR_MULT"": ""1.0"", ""ETS2_TP1_ATR_MULT"": ""0.75"", ""ETS2_TP_ATR_MULT"": ""1.5"", ""ETS2_WAVE_LOOKBACK"": ""3""}"
75,elder_ema50_force_canonical_v1_r075,/root/by-bot/backtest_runs/portfolio_20260618_113348_elder_ema50_force_canonical_v1_r075,False,pf<1.15;dd>10.0;net<4.0;neg_months>5;neg_streak>3,-2322.27229818,3437,-91.27,0.734,0.489,91.489,12,0,12,-21.264498699999994,"{""ETS2_ENTRY_MIN_BODY_FRAC"": ""0.3"", ""ETS2_ENTRY_RETEST_BARS"": ""2"", ""ETS2_ENTRY_TF"": ""15"", ""ETS2_OSC_OB"": ""58"", ""ETS2_OSC_OS"": ""25"", ""ETS2_OSC_PERIOD"": ""2"", ""ETS2_OSC_TYPE"": ""force"", ""ETS2_SL_ATR_MULT"": ""1.0"", ""ETS2_TP1_ATR_MULT"": ""0.75"", ""ETS2_TP_ATR_MULT"": ""2.0"", ""ETS2_WAVE_LOOKBACK"": ""1""}"
76,elder_ema50_force_canonical_v1_r076,/root/by-bot/backtest_runs/portfolio_20260618_113505_elder_ema50_force_canonical_v1_r076,False,pf<1.15;dd>10.0;net<4.0;neg_months>5;neg_streak>3,-2327.030589958,3730,-92.44,0.746,0.495,92.5807,12,0,12,-22.10084997000002,"{""ETS2_ENTRY_MIN_BODY_FRAC"": ""0.3"", ""ETS2_ENTRY_RETEST_BARS"": ""2"", ""ETS2_ENTRY_TF"": ""15"", ""ETS2_OSC_OB"": ""58"", ""ETS2_OSC_OS"": ""25"", ""ETS2_OSC_PERIOD"": ""2"", ""ETS2_OSC_TYPE"": ""force"", ""ETS2_SL_ATR_MULT"": ""1.0"", ""ETS2_TP1_ATR_MULT"": ""0.75"", ""ETS2_TP_ATR_MULT"": ""2.0"", ""ETS2_WAVE_LOOKBACK"": ""3""}"
77,elder_ema50_force_canonical_v1_r077,/root/by-bot/backtest_runs/portfolio_20260618_113613_elder_ema50_force_canonical_v1_r077,False,pf<1.15;dd>10.0;net<4.0;neg_months>5;neg_streak>3,-2314.55845401,3222,-89.53,0.738,0.488,89.5903,12,0,12,-19.958467150000008,"{""ETS2_ENTRY_MIN_BODY_FRAC"": ""0.3"", ""ETS2_ENTRY_RETEST_BARS"": ""2"", ""ETS2_ENTRY_TF"": ""15"", ""ETS2_OSC_OB"": ""58"", ""ETS2_OSC_OS"": ""25"", ""ETS2_OSC_PERIOD"": ""2"", ""ETS2_OSC_TYPE"": ""force"", ""ETS2_SL_ATR_MULT"": ""1.0"", ""ETS2_TP1_ATR_MULT"": ""0.75"", ""ETS2_TP_ATR_MULT"": ""2.5"", ""ETS2_WAVE_LOOKBACK"": ""1""}"
78,elder_ema50_force_canonical_v1_r078,/root/by-bot/backtest_runs/portfolio_20260618_113730_elder_ema50_force_canonical_v1_r078,False,pf<1.15;dd>10.0;net<4.0;neg_months>5;neg_streak>3,-2314.963650202,3463,-92.04,0.74,0.494,92.223,12,0,12,-14.335464429999991,"{""ETS2_ENTRY_MIN_BODY_FRAC"": ""0.3"", ""ETS2_ENTRY_RETEST_BARS"": ""2"", ""ETS2_ENTRY_TF"": ""15"", ""ETS2_OSC_OB"": ""58"", ""ETS2_OSC_OS"": ""25"", ""ETS2_OSC_PERIOD"": ""2"", ""ETS2_OSC_TYPE"": ""force"", ""ETS2_SL_ATR_MULT"": ""1.0"", ""ETS2_TP1_ATR_MULT"": ""0.75"", ""ETS2_TP_ATR_MULT"": ""2.5"", ""ETS2_WAVE_LOOKBACK"": ""3""}"
79,elder_ema50_force_canonical_v1_r079,/root/by-bot/backtest_runs/portfolio_20260618_113838_elder_ema50_force_canonical_v1_r079,False,pf<1.15;dd>10.0;net<4.0;neg_months>5;neg_streak>3,-2326.423875442,3795,-92.57,0.768,0.497,92.7362,12,0,12,-21.33391102999998,"{""ETS2_ENTRY_MIN_BODY_FRAC"": ""0.3"", ""ETS2_ENTRY_RETEST_BARS"": ""2"", ""ETS2_ENTRY_TF"": ""15"", ""ETS2_OSC_OB"": ""58"", ""ETS2_OSC_OS"": ""25"", ""ETS2_OSC_PERIOD"": ""2"", ""ETS2_OSC_TYPE"": ""force"", ""ETS2_SL_ATR_MULT"": ""1.0"", ""ETS2_TP1_ATR_MULT"": ""1.0"", ""ETS2_TP_ATR_MULT"": ""1.5"", ""ETS2_WAVE_LOOKBACK"": ""1""}"
80,elder_ema50_force_canonical_v1_r080,/root/by-bot/backtest_runs/portfolio_20260618_114020_elder_ema50_force_canonical_v1_r080,False,pf<1.15;dd>10.0;net<4.0;neg_months>5;neg_streak>3,-2326.624110924,4082,-94.41,0.765,0.498,94.5003,12,0,12,-17.379650660000003,"{""ETS2_ENTRY_MIN_BODY_FRAC"": ""0.3"", ""ETS2_ENTRY_RETEST_BARS"": ""2"", ""ETS2_ENTRY_TF"": ""15"", ""ETS2_OSC_OB"": ""58"", ""ETS2_OSC_OS"": ""25"", ""ETS2_OSC_PERIOD"": ""2"", ""ETS2_OSC_TYPE"": ""force"", ""ETS2_SL_ATR_MULT"": ""1.0"", ""ETS2_TP1_ATR_MULT"": ""1.0"", ""ETS2_TP_ATR_MULT"": ""1.5"", ""ETS2_WAVE_LOOKBACK"": ""3""}"
81,elder_ema50_force_canonical_v1_r081,/root/by-bot/backtest_runs/portfolio_20260618_114145_elder_ema50_force_canonical_v1_r081,False,pf<1.15;dd>10.0;net<4.0;neg_months>5;neg_streak>3,-2320.130750612,3437,-90.32,0.768,0.491,90.7307,11,1,11,-22.918107579999997,"{""ETS2_ENTRY_MIN_BODY_FRAC"": ""0.3"", ""ETS2_ENTRY_RETEST_BARS"": ""2"", ""ETS2_ENTRY_TF"": ""15"", ""ETS2_OSC_OB"": ""58"", ""ETS2_OSC_OS"": ""25"", ""ETS2_OSC_PERIOD"": ""2"", ""ETS2_OSC_TYPE"": ""force"", ""ETS2_SL_ATR_MULT"": ""1.0"", ""ETS2_TP1_ATR_MULT"": ""1.0"", ""ETS2_TP_ATR_MULT"": ""2.0"", ""ETS2_WAVE_LOOKBACK"": ""1""}"
82,elder_ema50_force_canonical_v1_r082,/root/by-bot/backtest_runs/portfolio_20260618_114306_elder_ema50_force_canonical_v1_r082,False,pf<1.15;dd>10.0;net<4.0;neg_months>5;neg_streak>3,-2325.292013866,3737,-90.86,0.781,0.496,91.0824,12,0,12,-24.353724190000005,"{""ETS2_ENTRY_MIN_BODY_FRAC"": ""0.3"", ""ETS2_ENTRY_RETEST_BARS"": ""2"", ""ETS2_ENTRY_TF"": ""15"", ""ETS2_OSC_OB"": ""58"", ""ETS2_OSC_OS"": ""25"", ""ETS2_OSC_PERIOD"": ""2"", ""ETS2_OSC_TYPE"": ""force"", ""ETS2_SL_ATR_MULT"": ""1.0"", ""ETS2_TP1_ATR_MULT"": ""1.0"", ""ETS2_TP_ATR_MULT"": ""2.0"", ""ETS2_WAVE_LOOKBACK"": ""3""}"
83,elder_ema50_force_canonical_v1_r083,/root/by-bot/backtest_runs/portfolio_20260618_114415_elder_ema50_force_canonical_v1_r083,False,pf<1.15;dd>10.0;net<4.0;neg_months>5;neg_streak>3,-2311.35240888,3231,-88.42,0.772,0.491,88.4869,12,0,12,-20.19614919999999,"{""ETS2_ENTRY_MIN_BODY_FRAC"": ""0.3"", ""ETS2_ENTRY_RETEST_BARS"": ""2"", ""ETS2_ENTRY_TF"": ""15"", ""ETS2_OSC_OB"": ""58"", ""ETS2_OSC_OS"": ""25"", ""ETS2_OSC_PERIOD"": ""2"", ""ETS2_OSC_TYPE"": ""force"", ""ETS2_SL_ATR_MULT"": ""1.0"", ""ETS2_TP1_ATR_MULT"": ""1.0"", ""ETS2_TP_ATR_MULT"": ""2.5"", ""ETS2_WAVE_LOOKBACK"": ""1""}"
84,elder_ema50_force_canonical_v1_r084,/root/by-bot/backtest_runs/portfolio_20260618_114539_elder_ema50_force_canonical_v1_r084,False,pf<1.15;dd>10.0;net<4.0;neg_months>5;neg_streak>3,-2304.818538032,3460,-88.91,0.791,0.498,89.2655,12,0,12,-13.996812879999998,"{""ETS2_ENTRY_MIN_BODY_FRAC"": ""0.3"", ""ETS2_ENTRY_RETEST_BARS"": ""2"", ""ETS2_ENTRY_TF"": ""15"", ""ETS2_OSC_OB"": ""58"", ""ETS2_OSC_OS"": ""25"", ""ETS2_OSC_PERIOD"": ""2"", ""ETS2_OSC_TYPE"": ""force"", ""ETS2_SL_ATR_MULT"": ""1.0"", ""ETS2_TP1_ATR_MULT"": ""1.0"", ""ETS2_TP_ATR_MULT"": ""2.5"", ""ETS2_WAVE_LOOKBACK"": ""3""}"
85,elder_ema50_force_canonical_v1_r085,/root/by-bot/backtest_runs/portfolio_20260618_114645_elder_ema50_force_canonical_v1_r085,False,pf<1.15;dd>10.0;net<4.0;neg_months>5;neg_streak>3,-2327.167191716,3789,-93.0,0.777,0.421,93.1745,12,0,12,-20.87013694000001,"{""ETS2_ENTRY_MIN_BODY_FRAC"": ""0.3"", ""ETS2_ENTRY_RETEST_BARS"": ""2"", ""ETS2_ENTRY_TF"": ""15"", ""ETS2_OSC_OB"": ""58"", ""ETS2_OSC_OS"": ""25"", ""ETS2_OSC_PERIOD"": ""2"", ""ETS2_OSC_TYPE"": ""force"", ""ETS2_SL_ATR_MULT"": ""1.0"", ""ETS2_TP1_ATR_MULT"": ""1.25"", ""ETS2_TP_ATR_MULT"": ""1.5"", ""ETS2_WAVE_LOOKBACK"": ""1""}"
86,elder_ema50_force_canonical_v1_r086,/root/by-bot/backtest_runs/portfolio_20260618_114816_elder_ema50_force_canonical_v1_r086,False,pf<1.15;dd>10.0;net<4.0;neg_months>5;neg_streak>3,-2325.058743108,4075,-94.15,0.778,0.427,94.2821,12,0,12,-16.796102219999987,"{""ETS2_ENTRY_MIN_BODY_FRAC"": ""0.3"", ""ETS2_ENTRY_RETEST_BARS"": ""2"", ""ETS2_ENTRY_TF"": ""15"", ""ETS2_OSC_OB"": ""58"", ""ETS2_OSC_OS"": ""25"", ""ETS2_OSC_PERIOD"": ""2"", ""ETS2_OSC_TYPE"": ""force"", ""ETS2_SL_ATR_MULT"": ""1.0"", ""ETS2_TP1_ATR_MULT"": ""1.25"", ""ETS2_TP_ATR_MULT"": ""1.5"", ""ETS2_WAVE_LOOKBACK"": ""3""}"
87,elder_ema50_force_canonical_v1_r087,/root/by-bot/backtest_runs/portfolio_20260618_114936_elder_ema50_force_canonical_v1_r087,False,pf<1.15;dd>10.0;net<4.0;neg_months>5;neg_streak>3,-2324.799795686,3437,-91.6,0.767,0.411,91.9218,11,1,11,-23.454425490000013,"{""ETS2_ENTRY_MIN_BODY_FRAC"": ""0.3"", ""ETS2_ENTRY_RETEST_BARS"": ""2"", ""ETS2_ENTRY_TF"": ""15"", ""ETS2_OSC_OB"": ""58"", ""ETS2_OSC_OS"": ""25"", ""ETS2_OSC_PERIOD"": ""2"", ""ETS2_OSC_TYPE"": ""force"", ""ETS2_SL_ATR_MULT"": ""1.0"", ""ETS2_TP1_ATR_MULT"": ""1.25"", ""ETS2_TP_ATR_MULT"": ""2.0"", ""ETS2_WAVE_LOOKBACK"": ""1""}"
88,elder_ema50_force_canonical_v1_r088,/root/by-bot/backtest_runs/portfolio_20260618_115103_elder_ema50_force_canonical_v1_r088,False,pf<1.15;dd>10.0;net<4.0;neg_months>5;neg_streak>3,-2327.4249192499997,3735,-91.32,0.787,0.422,91.5972,12,0,12,-24.74751375,"{""ETS2_ENTRY_MIN_BODY_FRAC"": ""0.3"", ""ETS2_ENTRY_RETEST_BARS"": ""2"", ""ETS2_ENTRY_TF"": ""15"", ""ETS2_OSC_OB"": ""58"", ""ETS2_OSC_OS"": ""25"", ""ETS2_OSC_PERIOD"": ""2"", ""ETS2_OSC_TYPE"": ""force"", ""ETS2_SL_ATR_MULT"": ""1.0"", ""ETS2_TP1_ATR_MULT"": ""1.25"", ""ETS2_TP_ATR_MULT"": ""2.0"", ""ETS2_WAVE_LOOKBACK"": ""3""}"
89,elder_ema50_force_canonical_v1_r089,/root/by-bot/backtest_runs/portfolio_20260618_115215_elder_ema50_force_canonical_v1_r089,False,pf<1.15;dd>10.0;net<4.0;neg_months>5;neg_streak>3,-2315.185821652,3222,-89.21,0.775,0.412,89.5051,11,1,11,-22.08830117999999,"{""ETS2_ENTRY_MIN_BODY_FRAC"": ""0.3"", ""ETS2_ENTRY_RETEST_BARS"": ""2"", ""ETS2_ENTRY_TF"": ""15"", ""ETS2_OSC_OB"": ""58"", ""ETS2_OSC_OS"": ""25"", ""ETS2_OSC_PERIOD"": ""2"", ""ETS2_OSC_TYPE"": ""force"", ""ETS2_SL_ATR_MULT"": ""1.0"", ""ETS2_TP1_ATR_MULT"": ""1.25"", ""ETS2_TP_ATR_MULT"": ""2.5"", ""ETS2_WAVE_LOOKBACK"": ""1""}"
90,elder_ema50_force_canonical_v1_r090,/root/by-bot/backtest_runs/portfolio_20260618_115332_elder_ema50_force_canonical_v1_r090,False,pf<1.15;dd>10.0;net<4.0;neg_months>5;neg_streak>3,-2304.92738708,3462,-88.88,0.803,0.423,89.2828,12,0,12,-14.075562200000006,"{""ETS2_ENTRY_MIN_BODY_FRAC"": ""0.3"", ""ETS2_ENTRY_RETEST_BARS"": ""2"", ""ETS2_ENTRY_TF"": ""15"", ""ETS2_OSC_OB"": ""58"", ""ETS2_OSC_OS"": ""25"", ""ETS2_OSC_PERIOD"": ""2"", ""ETS2_OSC_TYPE"": ""force"", ""ETS2_SL_ATR_MULT"": ""1.0"", ""ETS2_TP1_ATR_MULT"": ""1.25"", ""ETS2_TP_ATR_MULT"": ""2.5"", ""ETS2_WAVE_LOOKBACK"": ""3""}"
91,elder_ema50_force_canonical_v1_r091,/root/by-bot/backtest_runs/portfolio_20260618_115445_elder_ema50_force_canonical_v1_r091,False,pf<1.15;dd>10.0;net<4.0;neg_months>5;neg_streak>3,-2297.746128142,3205,-85.51,0.739,0.502,85.6276,12,0,12,-17.06209153,"{""ETS2_ENTRY_MIN_BODY_FRAC"": ""0.3"", ""ETS2_ENTRY_RETEST_BARS"": ""2"", ""ETS2_ENTRY_TF"": ""15"", ""ETS2_OSC_OB"": ""58"", ""ETS2_OSC_OS"": ""25"", ""ETS2_OSC_PERIOD"": ""2"", ""ETS2_OSC_TYPE"": ""force"", ""ETS2_SL_ATR_MULT"": ""1.25"", ""ETS2_TP1_ATR_MULT"": ""0.75"", ""ETS2_TP_ATR_MULT"": ""1.5"", ""ETS2_WAVE_LOOKBACK"": ""1""}"
92,elder_ema50_force_canonical_v1_r092,/root/by-bot/backtest_runs/portfolio_20260618_115602_elder_ema50_force_canonical_v1_r092,False,pf<1.15;dd>10.0;net<4.0;neg_months>5;neg_streak>3,-2305.43676079,3439,-86.49,0.741,0.508,86.6016,12,0,12,-20.341114849999986,"{""ETS2_ENTRY_MIN_BODY_FRAC"": ""0.3"", ""ETS2_ENTRY_RETEST_BARS"": ""2"", ""ETS2_ENTRY_TF"": ""15"", ""ETS2_OSC_OB"": ""58"", ""ETS2_OSC_OS"": ""25"", ""ETS2_OSC_PERIOD"": ""2"", ""ETS2_OSC_TYPE"": ""force"", ""ETS2_SL_ATR_MULT"": ""1.25"", ""ETS2_TP1_ATR_MULT"": ""0.75"", ""ETS2_TP_ATR_MULT"": ""1.5"", ""ETS2_WAVE_LOOKBACK"": ""3""}"
93,elder_ema50_force_canonical_v1_r093,/root/by-bot/backtest_runs/portfolio_20260618_115715_elder_ema50_force_canonical_v1_r093,False,pf<1.15;dd>10.0;net<4.0;neg_months>5;neg_streak>3,-2302.2233503599996,2953,-84.73,0.711,0.494,84.917,12,0,12,-21.9381074,"{""ETS2_ENTRY_MIN_BODY_FRAC"": ""0.3"", ""ETS2_ENTRY_RETEST_BARS"": ""2"", ""ETS2_ENTRY_TF"": ""15"", ""ETS2_OSC_OB"": ""58"", ""ETS2_OSC_OS"": ""25"", ""ETS2_OSC_PERIOD"": ""2"", ""ETS2_OSC_TYPE"": ""force"", ""ETS2_SL_ATR_MULT"": ""1.25"", ""ETS2_TP1_ATR_MULT"": ""0.75"", ""ETS2_TP_ATR_MULT"": ""2.0"", ""ETS2_WAVE_LOOKBACK"": ""1""}"
94,elder_ema50_force_canonical_v1_r094,/root/by-bot/backtest_runs/portfolio_20260618_115834_elder_ema50_force_canonical_v1_r094,False,pf<1.15;dd>10.0;net<4.0;neg_months>5;neg_streak>3,-2300.051565766,3159,-84.15,0.73,0.499,84.5671,12,0,12,-21.38383269,"{""ETS2_ENTRY_MIN_BODY_FRAC"": ""0.3"", ""ETS2_ENTRY_RETEST_BARS"": ""2"", ""ETS2_ENTRY_TF"": ""15"", ""ETS2_OSC_OB"": ""58"", ""ETS2_OSC_OS"": ""25"", ""ETS2_OSC_PERIOD"": ""2"", ""ETS2_OSC_TYPE"": ""force"", ""ETS2_SL_ATR_MULT"": ""1.25"", ""ETS2_TP1_ATR_MULT"": ""0.75"", ""ETS2_TP_ATR_MULT"": ""2.0"", ""ETS2_WAVE_LOOKBACK"": ""3""}"
95,elder_ema50_force_canonical_v1_r095,/root/by-bot/backtest_runs/portfolio_20260618_115937_elder_ema50_force_canonical_v1_r095,False,pf<1.15;dd>10.0;net<4.0;neg_months>5;neg_streak>3,-2278.127563118,2744,-80.72,0.732,0.49,80.8344,12,0,12,-13.996259369999992,"{""ETS2_ENTRY_MIN_BODY_FRAC"": ""0.3"", ""ETS2_ENTRY_RETEST_BARS"": ""2"", ""ETS2_ENTRY_TF"": ""15"", ""ETS2_OSC_OB"": ""58"", ""ETS2_OSC_OS"": ""25"", ""ETS2_OSC_PERIOD"": ""2"", ""ETS2_OSC_TYPE"": ""force"", ""ETS2_SL_ATR_MULT"": ""1.25"", ""ETS2_TP1_ATR_MULT"": ""0.75"", ""ETS2_TP_ATR_MULT"": ""2.5"", ""ETS2_WAVE_LOOKBACK"": ""1""}"
96,elder_ema50_force_canonical_v1_r096,/root/by-bot/backtest_runs/portfolio_20260618_120116_elder_ema50_force_canonical_v1_r096,False,pf<1.15;dd>10.0;net<4.0;neg_months>5;neg_streak>3,-2261.5845004780003,2875,-76.03,0.777,0.511,76.5797,11,1,11,-13.595071770000002,"{""ETS2_ENTRY_MIN_BODY_FRAC"": ""0.3"", ""ETS2_ENTRY_RETEST_BARS"": ""2"", ""ETS2_ENTRY_TF"": ""15"", ""ETS2_OSC_OB"": ""58"", ""ETS2_OSC_OS"": ""25"", ""ETS2_OSC_PERIOD"": ""2"", ""ETS2_OSC_TYPE"": ""force"", ""ETS2_SL_ATR_MULT"": ""1.25"", ""ETS2_TP1_ATR_MULT"": ""0.75"", ""ETS2_TP_ATR_MULT"": ""2.5"", ""ETS2_WAVE_LOOKBACK"": ""3""}"
97,elder_ema50_force_canonical_v1_r097,/root/by-bot/backtest_runs/portfolio_20260618_120222_elder_ema50_force_canonical_v1_r097,False,pf<1.15;dd>10.0;net<4.0;neg_months>5;neg_streak>3,-2300.67373225,3203,-84.33,0.766,0.5,84.4461,12,0,12,-21.846808749999994,"{""ETS2_ENTRY_MIN_BODY_FRAC"": ""0.3"", ""ETS2_ENTRY_RETEST_BARS"": ""2"", ""ETS2_ENTRY_TF"": ""15"", ""ETS2_OSC_OB"": ""58"", ""ETS2_OSC_OS"": ""25"", ""ETS2_OSC_PERIOD"": ""2"", ""ETS2_OSC_TYPE"": ""force"", ""ETS2_SL_ATR_MULT"": ""1.25"", ""ETS2_TP1_ATR_MULT"": ""1.0"", ""ETS2_TP_ATR_MULT"": ""1.5"", ""ETS2_WAVE_LOOKBACK"": ""1""}"
98,elder_ema50_force_canonical_v1_r098,/root/by-bot/backtest_runs/portfolio_20260618_120335_elder_ema50_force_canonical_v1_r098,False,pf<1.15;dd>10.0;net<4.0;neg_months>5;neg_streak>3,-2300.574729144,3441,-84.34,0.779,0.506,84.4645,12,0,12,-21.75837795999999,"{""ETS2_ENTRY_MIN_BODY_FRAC"": ""0.3"", ""ETS2_ENTRY_RETEST_BARS"": ""2"", ""ETS2_ENTRY_TF"": ""15"", ""ETS2_OSC_OB"": ""58"", ""ETS2_OSC_OS"": ""25"", ""ETS2_OSC_PERIOD"": ""2"", ""ETS2_OSC_TYPE"": ""force"", ""ETS2_SL_ATR_MULT"": ""1.25"", ""ETS2_TP1_ATR_MULT"": ""1.0"", ""ETS2_TP_ATR_MULT"": ""1.5"", ""ETS2_WAVE_LOOKBACK"": ""3""}"
99,elder_ema50_force_canonical_v1_r099,/root/by-bot/backtest_runs/portfolio_20260618_120447_elder_ema50_force_canonical_v1_r099,False,pf<1.15;dd>10.0;net<4.0;neg_months>5;neg_streak>3,-2296.6530650060004,2956,-82.79,0.75,0.497,82.9941,12,0,12,-22.369189289999976,"{""ETS2_ENTRY_MIN_BODY_FRAC"": ""0.3"", ""ETS2_ENTRY_RETEST_BARS"": ""2"", ""ETS2_ENTRY_TF"": ""15"", ""ETS2_OSC_OB"": ""58"", ""ETS2_OSC_OS"": ""25"", ""ETS2_OSC_PERIOD"": ""2"", ""ETS2_OSC_TYPE"": ""force"", ""ETS2_SL_ATR_MULT"": ""1.25"", ""ETS2_TP1_ATR_MULT"": ""1.0"", ""ETS2_TP_ATR_MULT"": ""2.0"", ""ETS2_WAVE_LOOKBACK"": ""1""}"
100,elder_ema50_force_canonical_v1_r100,/root/by-bot/backtest_runs/portfolio_20260618_120606_elder_ema50_force_canonical_v1_r100,False,pf<1.15;dd>10.0;net<4.0;neg_months>5;neg_streak>3,-2293.8228896479995,3159,-81.44,0.764,0.5,81.9798,12,0,12,-22.953778319999998,"{""ETS2_ENTRY_MIN_BODY_FRAC"": ""0.3"", ""ETS2_ENTRY_RETEST_BARS"": ""2"", ""ETS2_ENTRY_TF"": ""15"", ""ETS2_OSC_OB"": ""58"", ""ETS2_OSC_OS"": ""25"", ""ETS2_OSC_PERIOD"": ""2"", ""ETS2_OSC_TYPE"": ""force"", ""ETS2_SL_ATR_MULT"": ""1.25"", ""ETS2_TP1_ATR_MULT"": ""1.0"", ""ETS2_TP_ATR_MULT"": ""2.0"", ""ETS2_WAVE_LOOKBACK"": ""3""}"
101,elder_ema50_force_canonical_v1_r101,/root/by-bot/backtest_runs/portfolio_20260618_120719_elder_ema50_force_canonical_v1_r101,False,pf<1.15;dd>10.0;net<4.0;neg_months>5;neg_streak>3,-2273.5826148459996,2744,-79.05,0.765,0.493,79.1618,12,0,12,-14.57072489,"{""ETS2_ENTRY_MIN_BODY_FRAC"": ""0.3"", ""ETS2_ENTRY_RETEST_BARS"": ""2"", ""ETS2_ENTRY_TF"": ""15"", ""ETS2_OSC_OB"": ""58"", ""ETS2_OSC_OS"": ""25"", ""ETS2_OSC_PERIOD"": ""2"", ""ETS2_OSC_TYPE"": ""force"", ""ETS2_SL_ATR_MULT"": ""1.25"", ""ETS2_TP1_ATR_MULT"": ""1.0"", ""ETS2_TP_ATR_MULT"": ""2.5"", ""ETS2_WAVE_LOOKBACK"": ""1""}"
102,elder_ema50_force_canonical_v1_r102,/root/by-bot/backtest_runs/portfolio_20260618_120834_elder_ema50_force_canonical_v1_r102,False,pf<1.15;dd>10.0;net<4.0;neg_months>5;neg_streak>3,-2247.4156718120003,2875,-71.63,0.816,0.511,73.0308,11,1,11,-12.315765579999995,"{""ETS2_ENTRY_MIN_BODY_FRAC"": ""0.3"", ""ETS2_ENTRY_RETEST_BARS"": ""2"", ""ETS2_ENTRY_TF"": ""15"", ""ETS2_OSC_OB"": ""58"", ""ETS2_OSC_OS"": ""25"", ""ETS2_OSC_PERIOD"": ""2"", ""ETS2_OSC_TYPE"": ""force"", ""ETS2_SL_ATR_MULT"": ""1.25"", ""ETS2_TP1_ATR_MULT"": ""1.0"", ""ETS2_TP_ATR_MULT"": ""2.5"", ""ETS2_WAVE_LOOKBACK"": ""3""}"
103,elder_ema50_force_canonical_v1_r103,/root/by-bot/backtest_runs/portfolio_20260618_120936_elder_ema50_force_canonical_v1_r103,False,pf<1.15;dd>10.0;net<4.0;neg_months>5;neg_streak>3,-2299.1233142759997,3200,-84.76,0.789,0.496,84.8972,12,0,12,-19.72636734,"{""ETS2_ENTRY_MIN_BODY_FRAC"": ""0.3"", ""ETS2_ENTRY_RETEST_BARS"": ""2"", ""ETS2_ENTRY_TF"": ""15"", ""ETS2_OSC_OB"": ""58"", ""ETS2_OSC_OS"": ""25"", ""ETS2_OSC_PERIOD"": ""2"", ""ETS2_OSC_TYPE"": ""force"", ""ETS2_SL_ATR_MULT"": ""1.25"", ""ETS2_TP1_ATR_MULT"": ""1.25"", ""ETS2_TP_ATR_MULT"": ""1.5"", ""ETS2_WAVE_LOOKBACK"": ""1""}"
104,elder_ema50_force_canonical_v1_r104,/root/by-bot/backtest_runs/portfolio_20260618_121107_elder_ema50_force_canonical_v1_r104,False,pf<1.15;dd>10.0;net<4.0;neg_months>5;neg_streak>3,-2297.635936868,3433,-83.82,0.804,0.502,83.9656,12,0,12,-20.806240620000008,"{""ETS2_ENTRY_MIN_BODY_FRAC"": ""0.3"", ""ETS2_ENTRY_RETEST_BARS"": ""2"", ""ETS2_ENTRY_TF"": ""15"", ""ETS2_OSC_OB"": ""58"", ""ETS2_OSC_OS"": ""25"", ""ETS2_OSC_PERIOD"": ""2"", ""ETS2_OSC_TYPE"": ""force"", ""ETS2_SL_ATR_MULT"": ""1.25"", ""ETS2_TP1_ATR_MULT"": ""1.25"", ""ETS2_TP_ATR_MULT"": ""1.5"", ""ETS2_WAVE_LOOKBACK"": ""3""}"
105,elder_ema50_force_canonical_v1_r105,/root/by-bot/backtest_runs/portfolio_20260618_121228_elder_ema50_force_canonical_v1_r105,False,pf<1.15;dd>10.0;net<4.0;neg_months>5;neg_streak>3,-2294.455570098,2950,-83.07,0.774,0.492,83.2489,12,0,12,-20.195550069999992,"{""ETS2_ENTRY_MIN_BODY_FRAC"": ""0.3"", ""ETS2_ENTRY_RETEST_BARS"": ""2"", ""ETS2_ENTRY_TF"": ""15"", ""ETS2_OSC_OB"": ""58"", ""ETS2_OSC_OS"": ""25"", ""ETS2_OSC_PERIOD"": ""2"", ""ETS2_OSC_TYPE"": ""force"", ""ETS2_SL_ATR_MULT"": ""1.25"", ""ETS2_TP1_ATR_MULT"": ""1.25"", ""ETS2_TP_ATR_MULT"": ""2.0"", ""ETS2_WAVE_LOOKBACK"": ""1""}"
106,elder_ema50_force_canonical_v1_r106,/root/by-bot/backtest_runs/portfolio_20260618_121340_elder_ema50_force_canonical_v1_r106,False,pf<1.15;dd>10.0;net<4.0;neg_months>5;neg_streak>3,-2290.5498604639997,3159,-81.2,0.788,0.499,81.7097,12,0,12,-21.20747176000002,"{""ETS2_ENTRY_MIN_BODY_FRAC"": ""0.3"", ""ETS2_ENTRY_RETEST_BARS"": ""2"", ""ETS2_ENTRY_TF"": ""15"", ""ETS2_OSC_OB"": ""58"", ""ETS2_OSC_OS"": ""25"", ""ETS2_OSC_PERIOD"": ""2"", ""ETS2_OSC_TYPE"": ""force"", ""ETS2_SL_ATR_MULT"": ""1.25"", ""ETS2_TP1_ATR_MULT"": ""1.25"", ""ETS2_TP_ATR_MULT"": ""2.0"", ""ETS2_WAVE_LOOKBACK"": ""3""}"
107,elder_ema50_force_canonical_v1_r107,/root/by-bot/backtest_runs/portfolio_20260618_121448_elder_ema50_force_canonical_v1_r107,False,pf<1.15;dd>10.0;net<4.0;neg_months>5;neg_streak>3,-2267.9683598160004,2739,-78.08,0.794,0.49,78.2358,12,0,12,-12.714828440000002,"{""ETS2_ENTRY_MIN_BODY_FRAC"": ""0.3"", ""ETS2_ENTRY_RETEST_BARS"": ""2"", ""ETS2_ENTRY_TF"": ""15"", ""ETS2_OSC_OB"": ""58"", ""ETS2_OSC_OS"": ""25"", ""ETS2_OSC_PERIOD"": ""2"", ""ETS2_OSC_TYPE"": ""force"", ""ETS2_SL_ATR_MULT"": ""1.25"", ""ETS2_TP1_ATR_MULT"": ""1.25"", ""ETS2_TP_ATR_MULT"": ""2.5"", ""ETS2_WAVE_LOOKBACK"": ""1""}"
108,elder_ema50_force_canonical_v1_r108,/root/by-bot/backtest_runs/portfolio_20260618_121614_elder_ema50_force_canonical_v1_r108,False,pf<1.15;dd>10.0;net<4.0;neg_months>5;neg_streak>3,-2241.7567516560002,2876,-70.1,0.838,0.508,72.1767,10,2,7,-12.082394039999999,"{""ETS2_ENTRY_MIN_BODY_FRAC"": ""0.3"", ""ETS2_ENTRY_RETEST_BARS"": ""2"", ""ETS2_ENTRY_TF"": ""15"", ""ETS2_OSC_OB"": ""58"", ""ETS2_OSC_OS"": ""25"", ""ETS2_OSC_PERIOD"": ""2"", ""ETS2_OSC_TYPE"": ""force"", ""ETS2_SL_ATR_MULT"": ""1.25"", ""ETS2_TP1_ATR_MULT"": ""1.25"", ""ETS2_TP_ATR_MULT"": ""2.5"", ""ETS2_WAVE_LOOKBACK"": ""3""}"
109,elder_ema50_force_canonical_v1_r109,/root/by-bot/backtest_runs/portfolio_20260618_121721_elder_ema50_force_canonical_v1_r109,False,pf<1.15;dd>10.0;net<4.0;neg_months>5;neg_streak>3,-2352.94267653,4635,-98.61,0.701,0.492,98.6435,12,0,12,-26.65976894999998,"{""ETS2_ENTRY_MIN_BODY_FRAC"": ""0.15"", ""ETS2_ENTRY_RETEST_BARS"": ""3"", ""ETS2_ENTRY_TF"": ""15"", ""ETS2_OSC_OB"": ""58"", ""ETS2_OSC_OS"": ""25"", ""ETS2_OSC_PERIOD"": ""2"", ""ETS2_OSC_TYPE"": ""force"", ""ETS2_SL_ATR_MULT"": ""0.75"", ""ETS2_TP1_ATR_MULT"": ""0.75"", ""ETS2_TP_ATR_MULT"": ""1.5"", ""ETS2_WAVE_LOOKBACK"": ""1""}"
110,elder_ema50_force_canonical_v1_r110,/root/by-bot/backtest_runs/portfolio_20260618_121852_elder_ema50_force_canonical_v1_r110,False,pf<1.15;dd>10.0;net<4.0;neg_months>5;neg_streak>3,-2357.378810566,5152,-99.66,0.645,0.477,99.6666,12,0,12,-27.466864689999994,"{""ETS2_ENTRY_MIN_BODY_FRAC"": ""0.15"", ""ETS2_ENTRY_RETEST_BARS"": ""3"", ""ETS2_ENTRY_TF"": ""15"", ""ETS2_OSC_OB"": ""58"", ""ETS2_OSC_OS"": ""25"", ""ETS2_OSC_PERIOD"": ""2"", ""ETS2_OSC_TYPE"": ""force"", ""ETS2_SL_ATR_MULT"": ""0.75"", ""ETS2_TP1_ATR_MULT"": ""0.75"", ""ETS2_TP_ATR_MULT"": ""1.5"", ""ETS2_WAVE_LOOKBACK"": ""3""}"
111,elder_ema50_force_canonical_v1_r111,/root/by-bot/backtest_runs/portfolio_20260618_122023_elder_ema50_force_canonical_v1_r111,False,pf<1.15;dd>10.0;net<4.0;neg_months>5;neg_streak>3,-2346.05114107,4293,-98.58,0.686,0.478,98.6373,12,0,12,-21.771815050000008,"{""ETS2_ENTRY_MIN_BODY_FRAC"": ""0.15"", ""ETS2_ENTRY_RETEST_BARS"": ""3"", ""ETS2_ENTRY_TF"": ""15"", ""ETS2_OSC_OB"": ""58"", ""ETS2_OSC_OS"": ""25"", ""ETS2_OSC_PERIOD"": ""2"", ""ETS2_OSC_TYPE"": ""force"", ""ETS2_SL_ATR_MULT"": ""0.75"", ""ETS2_TP1_ATR_MULT"": ""0.75"", ""ETS2_TP_ATR_MULT"": ""2.0"", ""ETS2_WAVE_LOOKBACK"": ""1""}"
112,elder_ema50_force_canonical_v1_r112,/root/by-bot/backtest_runs/portfolio_20260618_122149_elder_ema50_force_canonical_v1_r112,False,pf<1.15;dd>10.0;net<4.0;neg_months>5;neg_streak>3,-2356.571774898,4742,-99.41,0.639,0.473,99.4137,12,0,12,-27.465982069999992,"{""ETS2_ENTRY_MIN_BODY_FRAC"": ""0.15"", ""ETS2_ENTRY_RETEST_BARS"": ""3"", ""ETS2_ENTRY_TF"": ""15"", ""ETS2_OSC_OB"": ""58"", ""ETS2_OSC_OS"": ""25"", ""ETS2_OSC_PERIOD"": ""2"", ""ETS2_OSC_TYPE"": ""force"", ""ETS2_SL_ATR_MULT"": ""0.75"", ""ETS2_TP1_ATR_MULT"": ""0.75"", ""ETS2_TP_ATR_MULT"": ""2.0"", ""ETS2_WAVE_LOOKBACK"": ""3""}"
113,elder_ema50_force_canonical_v1_r113,/root/by-bot/backtest_runs/portfolio_20260618_122312_elder_ema50_force_canonical_v1_r113,False,pf<1.15;dd>10.0;net<4.0;neg_months>5;neg_streak>3,-2343.9084827559996,4043,-98.08,0.687,0.476,98.1356,12,0,12,-21.38663053999999,"{""ETS2_ENTRY_MIN_BODY_FRAC"": ""0.15"", ""ETS2_ENTRY_RETEST_BARS"": ""3"", ""ETS2_ENTRY_TF"": ""15"", ""ETS2_OSC_OB"": ""58"", ""ETS2_OSC_OS"": ""25"", ""ETS2_OSC_PERIOD"": ""2"", ""ETS2_OSC_TYPE"": ""force"", ""ETS2_SL_ATR_MULT"": ""0.75"", ""ETS2_TP1_ATR_MULT"": ""0.75"", ""ETS2_TP_ATR_MULT"": ""2.5"", ""ETS2_WAVE_LOOKBACK"": ""1""}"
114,elder_ema50_force_canonical_v1_r114,/root/by-bot/backtest_runs/portfolio_20260618_122438_elder_ema50_force_canonical_v1_r114,False,pf<1.15;dd>10.0;net<4.0;neg_months>5;neg_streak>3,-2352.701444806,4298,-98.94,0.637,0.468,98.9577,12,0,12,-25.755746290000005,"{""ETS2_ENTRY_MIN_BODY_FRAC"": ""0.15"", ""ETS2_ENTRY_RETEST_BARS"": ""3"", ""ETS2_ENTRY_TF"": ""15"", ""ETS2_OSC_OB"": ""58"", ""ETS2_OSC_OS"": ""25"", ""ETS2_OSC_PERIOD"": ""2"", ""ETS2_OSC_TYPE"": ""force"", ""ETS2_SL_ATR_MULT"": ""0.75"", ""ETS2_TP1_ATR_MULT"": ""0.75"", ""ETS2_TP_ATR_MULT"": ""2.5"", ""ETS2_WAVE_LOOKBACK"": ""3""}"
115,elder_ema50_force_canonical_v1_r115,/root/by-bot/backtest_runs/portfolio_20260618_122606_elder_ema50_force_canonical_v1_r115,False,pf<1.15;dd>10.0;net<4.0;neg_months>5;neg_streak>3,-2355.159155426,4635,-98.55,0.716,0.413,98.5895,12,0,12,-28.37153958999999,"{""ETS2_ENTRY_MIN_BODY_FRAC"": ""0.15"", ""ETS2_ENTRY_RETEST_BARS"": ""3"", ""ETS2_ENTRY_TF"": ""15"", ""ETS2_OSC_OB"": ""58"", ""ETS2_OSC_OS"": ""25"", ""ETS2_OSC_PERIOD"": ""2"", ""ETS2_OSC_TYPE"": ""force"", ""ETS2_SL_ATR_MULT"": ""0.75"", ""ETS2_TP1_ATR_MULT"": ""1.0"", ""ETS2_TP_ATR_MULT"": ""1.5"", ""ETS2_WAVE_LOOKBACK"": ""1""}"
116,elder_ema50_force_canonical_v1_r116,/root/by-bot/backtest_runs/portfolio_20260618_122739_elder_ema50_force_canonical_v1_r116,False,pf<1.15;dd>10.0;net<4.0;neg_months>5;neg_streak>3,-2356.7345484719995,5154,-99.65,0.666,0.403,99.6509,12,0,12,-27.037677480000013,"{""ETS2_ENTRY_MIN_BODY_FRAC"": ""0.15"", ""ETS2_ENTRY_RETEST_BARS"": ""3"", ""ETS2_ENTRY_TF"": ""15"", ""ETS2_OSC_OB"": ""58"", ""ETS2_OSC_OS"": ""25"", ""ETS2_OSC_PERIOD"": ""2"", ""ETS2_OSC_TYPE"": ""force"", ""ETS2_SL_ATR_MULT"": ""0.75"", ""ETS2_TP1_ATR_MULT"": ""1.0"", ""ETS2_TP_ATR_MULT"": ""1.5"", ""ETS2_WAVE_LOOKBACK"": ""3""}"
117,elder_ema50_force_canonical_v1_r117,/root/by-bot/backtest_runs/portfolio_20260618_122858_elder_ema50_force_canonical_v1_r117,False,pf<1.15;dd>10.0;net<4.0;neg_months>5;neg_streak>3,-2351.819376856,4291,-98.61,0.705,0.401,98.6743,12,0,12,-25.813412039999974,"{""ETS2_ENTRY_MIN_BODY_FRAC"": ""0.15"", ""ETS2_ENTRY_RETEST_BARS"": ""3"", ""ETS2_ENTRY_TF"": ""15"", ""ETS2_OSC_OB"": ""58"", ""ETS2_OSC_OS"": ""25"", ""ETS2_OSC_PERIOD"": ""2"", ""ETS2_OSC_TYPE"": ""force"", ""ETS2_SL_ATR_MULT"": ""0.75"", ""ETS2_TP1_ATR_MULT"": ""1.0"", ""ETS2_TP_ATR_MULT"": ""2.0"", ""ETS2_WAVE_LOOKBACK"": ""1""}"
118,elder_ema50_force_canonical_v1_r118,/root/by-bot/backtest_runs/portfolio_20260618_123054_elder_ema50_force_canonical_v1_r118,False,pf<1.15;dd>10.0;net<4.0;neg_months>5;neg_streak>3,-2356.7601490879997,4740,-99.39,0.663,0.402,99.3962,12,0,12,-27.642677919999983,"{""ETS2_ENTRY_MIN_BODY_FRAC"": ""0.15"", ""ETS2_ENTRY_RETEST_BARS"": ""3"", ""ETS2_ENTRY_TF"": ""15"", ""ETS2_OSC_OB"": ""58"", ""ETS2_OSC_OS"": ""25"", ""ETS2_OSC_PERIOD"": ""2"", ""ETS2_OSC_TYPE"": ""force"", ""ETS2_SL_ATR_MULT"": ""0.75"", ""ETS2_TP1_ATR_MULT"": ""1.0"", ""ETS2_TP_ATR_MULT"": ""2.0"", ""ETS2_WAVE_LOOKBACK"": ""3""}"
119,elder_ema50_force_canonical_v1_r119,/root/by-bot/backtest_runs/portfolio_20260618_123308_elder_ema50_force_canonical_v1_r119,False,pf<1.15;dd>10.0;net<4.0;neg_months>5;neg_streak>3,-2346.658512176,4054,-98.2,0.696,0.402,98.2724,11,1,11,-24.33836583999998,"{""ETS2_ENTRY_MIN_BODY_FRAC"": ""0.15"", ""ETS2_ENTRY_RETEST_BARS"": ""3"", ""ETS2_ENTRY_TF"": ""15"", ""ETS2_OSC_OB"": ""58"", ""ETS2_OSC_OS"": ""25"", ""ETS2_OSC_PERIOD"": ""2"", ""ETS2_OSC_TYPE"": ""force"", ""ETS2_SL_ATR_MULT"": ""0.75"", ""ETS2_TP1_ATR_MULT"": ""1.0"", ""ETS2_TP_ATR_MULT"": ""2.5"", ""ETS2_WAVE_LOOKBACK"": ""1""}"
120,elder_ema50_force_canonical_v1_r120,/root/by-bot/backtest_runs/portfolio_20260618_123453_elder_ema50_force_canonical_v1_r120,False,pf<1.15;dd>10.0;net<4.0;neg_months>5;neg_streak>3,-2345.8910733919997,4271,-98.55,0.693,0.405,98.5995,12,0,12,-21.73719528000001,"{""ETS2_ENTRY_MIN_BODY_FRAC"": ""0.15"", ""ETS2_ENTRY_RETEST_BARS"": ""3"", ""ETS2_ENTRY_TF"": ""15"", ""ETS2_OSC_OB"": ""58"", ""ETS2_OSC_OS"": ""25"", ""ETS2_OSC_PERIOD"": ""2"", ""ETS2_OSC_TYPE"": ""force"", ""ETS2_SL_ATR_MULT"": ""0.75"", ""ETS2_TP1_ATR_MULT"": ""1.0"", ""ETS2_TP_ATR_MULT"": ""2.5"", ""ETS2_WAVE_LOOKBACK"": ""3""}"
121,elder_ema50_force_canonical_v1_r121,/root/by-bot/backtest_runs/portfolio_20260618_123601_elder_ema50_force_canonical_v1_r121,False,pf<1.15;dd>10.0;net<4.0;neg_months>5;neg_streak>3,-2356.979370472,4651,-98.66,0.712,0.338,98.691,12,0,12,-29.432407479999995,"{""ETS2_ENTRY_MIN_BODY_FRAC"": ""0.15"", ""ETS2_ENTRY_RETEST_BARS"": ""3"", ""ETS2_ENTRY_TF"": ""15"", ""ETS2_OSC_OB"": ""58"", ""ETS2_OSC_OS"": ""25"", ""ETS2_OSC_PERIOD"": ""2"", ""ETS2_OSC_TYPE"": ""force"", ""ETS2_SL_ATR_MULT"": ""0.75"", ""ETS2_TP1_ATR_MULT"": ""1.25"", ""ETS2_TP_ATR_MULT"": ""1.5"", ""ETS2_WAVE_LOOKBACK"": ""1""}"
122,elder_ema50_force_canonical_v1_r122,/root/by-bot/backtest_runs/portfolio_20260618_123726_elder_ema50_force_canonical_v1_r122,False,pf<1.15;dd>10.0;net<4.0;neg_months>5;neg_streak>3,-2356.997204584,5154,-99.69,0.671,0.33,99.691,12,0,12,-27.133717560000008,"{""ETS2_ENTRY_MIN_BODY_FRAC"": ""0.15"", ""ETS2_ENTRY_RETEST_BARS"": ""3"", ""ETS2_ENTRY_TF"": ""15"", ""ETS2_OSC_OB"": ""58"", ""ETS2_OSC_OS"": ""25"", ""ETS2_OSC_PERIOD"": ""2"", ""ETS2_OSC_TYPE"": ""force"", ""ETS2_SL_ATR_MULT"": ""0.75"", ""ETS2_TP1_ATR_MULT"": ""1.25"", ""ETS2_TP_ATR_MULT"": ""1.5"", ""ETS2_WAVE_LOOKBACK"": ""3""}"
123,elder_ema50_force_canonical_v1_r123,/root/by-bot/backtest_runs/portfolio_20260618_123847_elder_ema50_force_canonical_v1_r123,False,pf<1.15;dd>10.0;net<4.0;neg_months>5;neg_streak>3,-2352.308614734,4296,-98.71,0.703,0.326,98.7719,12,0,12,-25.93772480999999,"{""ETS2_ENTRY_MIN_BODY_FRAC"": ""0.15"", ""ETS2_ENTRY_RETEST_BARS"": ""3"", ""ETS2_ENTRY_TF"": ""15"", ""ETS2_OSC_OB"": ""58"", ""ETS2_OSC_OS"": ""25"", ""ETS2_OSC_PERIOD"": ""2"", ""ETS2_OSC_TYPE"": ""force"", ""ETS2_SL_ATR_MULT"": ""0.75"", ""ETS2_TP1_ATR_MULT"": ""1.25"", ""ETS2_TP_ATR_MULT"": ""2.0"", ""ETS2_WAVE_LOOKBACK"": ""1""}"
124,elder_ema50_force_canonical_v1_r124,/root/by-bot/backtest_runs/portfolio_20260618_124022_elder_ema50_force_canonical_v1_r124,False,pf<1.15;dd>10.0;net<4.0;neg_months>5;neg_streak>3,-2356.1408308219998,4742,-99.44,0.664,0.329,99.4488,12,0,12,-27.082307729999986,"{""ETS2_ENTRY_MIN_BODY_FRAC"": ""0.15"", ""ETS2_ENTRY_RETEST_BARS"": ""3"", ""ETS2_ENTRY_TF"": ""15"", ""ETS2_OSC_OB"": ""58"", ""ETS2_OSC_OS"": ""25"", ""ETS2_OSC_PERIOD"": ""2"", ""ETS2_OSC_TYPE"": ""force"", ""ETS2_SL_ATR_MULT"": ""0.75"", ""ETS2_TP1_ATR_MULT"": ""1.25"", ""ETS2_TP_ATR_MULT"": ""2.0"", ""ETS2_WAVE_LOOKBACK"": ""3""}"
125,elder_ema50_force_canonical_v1_r125,/root/by-bot/backtest_runs/portfolio_20260618_124142_elder_ema50_force_canonical_v1_r125,False,pf<1.15;dd>10.0;net<4.0;neg_months>5;neg_streak>3,-2349.2526246159996,4057,-98.26,0.697,0.328,98.3389,12,0,12,-24.75916043999996,"{""ETS2_ENTRY_MIN_BODY_FRAC"": ""0.15"", ""ETS2_ENTRY_RETEST_BARS"": ""3"", ""ETS2_ENTRY_TF"": ""15"", ""ETS2_OSC_OB"": ""58"", ""ETS2_OSC_OS"": ""25"", ""ETS2_OSC_PERIOD"": ""2"", ""ETS2_OSC_TYPE"": ""force"", ""ETS2_SL_ATR_MULT"": ""0.75"", ""ETS2_TP1_ATR_MULT"": ""1.25"", ""ETS2_TP_ATR_MULT"": ""2.5"", ""ETS2_WAVE_LOOKBACK"": ""1""}"
126,elder_ema50_force_canonical_v1_r126,/root/by-bot/backtest_runs/portfolio_20260618_124303_elder_ema50_force_canonical_v1_r126,False,pf<1.15;dd>10.0;net<4.0;neg_months>5;neg_streak>3,-2351.055682998,4297,-98.87,0.664,0.334,98.9027,12,0,12,-24.71877357000001,"{""ETS2_ENTRY_MIN_BODY_FRAC"": ""0.15"", ""ETS2_ENTRY_RETEST_BARS"": ""3"", ""ETS2_ENTRY_TF"": ""15"", ""ETS2_OSC_OB"": ""58"", ""ETS2_OSC_OS"": ""25"", ""ETS2_OSC_PERIOD"": ""2"", ""ETS2_OSC_TYPE"": ""force"", ""ETS2_SL_ATR_MULT"": ""0.75"", ""ETS2_TP1_ATR_MULT"": ""1.25"", ""ETS2_TP_ATR_MULT"": ""2.5"", ""ETS2_WAVE_LOOKBACK"": ""3""}"
127,elder_ema50_force_canonical_v1_r127,/root/by-bot/backtest_runs/portfolio_20260618_124413_elder_ema50_force_canonical_v1_r127,False,pf<1.15;dd>10.0;net<4.0;neg_months>5;neg_streak>3,-2334.851046976,3928,-95.5,0.711,0.493,95.6154,12,0,12,-20.728747839999993,"{""ETS2_ENTRY_MIN_BODY_FRAC"": ""0.15"", ""ETS2_ENTRY_RETEST_BARS"": ""3"", ""ETS2_ENTRY_TF"": ""15"", ""ETS2_OSC_OB"": ""58"", ""ETS2_OSC_OS"": ""25"", ""ETS2_OSC_PERIOD"": ""2"", ""ETS2_OSC_TYPE"": ""force"", ""ETS2_SL_ATR_MULT"": ""1.0"", ""ETS2_TP1_ATR_MULT"": ""0.75"", ""ETS2_TP_ATR_MULT"": ""1.5"", ""ETS2_WAVE_LOOKBACK"": ""1""}"
128,elder_ema50_force_canonical_v1_r128,/root/by-bot/backtest_runs/portfolio_20260618_124544_elder_ema50_force_canonical_v1_r128,False,pf<1.15;dd>10.0;net<4.0;neg_months>5;neg_streak>3,-2341.374354914,4282,-96.52,0.721,0.494,96.6232,12,0,12,-23.074253510000037,"{""ETS2_ENTRY_MIN_BODY_FRAC"": ""0.15"", ""ETS2_ENTRY_RETEST_BARS"": ""3"", ""ETS2_ENTRY_TF"": ""15"", ""ETS2_OSC_OB"": ""58"", ""ETS2_OSC_OS"": ""25"", ""ETS2_OSC_PERIOD"": ""2"", ""ETS2_OSC_TYPE"": ""force"", ""ETS2_SL_ATR_MULT"": ""1.0"", ""ETS2_TP1_ATR_MULT"": ""0.75"", ""ETS2_TP_ATR_MULT"": ""1.5"", ""ETS2_WAVE_LOOKBACK"": ""3""}"
129,elder_ema50_force_canonical_v1_r129,/root/by-bot/backtest_runs/portfolio_20260618_124657_elder_ema50_force_canonical_v1_r129,False,pf<1.15;dd>10.0;net<4.0;neg_months>5;neg_streak>3,-2332.385931536,3608,-93.49,0.709,0.49,93.6246,12,0,12,-23.534808240000004,"{""ETS2_ENTRY_MIN_BODY_FRAC"": ""0.15"", ""ETS2_ENTRY_RETEST_BARS"": ""3"", ""ETS2_ENTRY_TF"": ""15"", ""ETS2_OSC_OB"": ""58"", ""ETS2_OSC_OS"": ""25"", ""ETS2_OSC_PERIOD"": ""2"", ""ETS2_OSC_TYPE"": ""force"", ""ETS2_SL_ATR_MULT"": ""1.0"", ""ETS2_TP1_ATR_MULT"": ""0.75"", ""ETS2_TP_ATR_MULT"": ""2.0"", ""ETS2_WAVE_LOOKBACK"": ""1""}"
130,elder_ema50_force_canonical_v1_r130,/root/by-bot/backtest_runs/portfolio_20260618_124819_elder_ema50_force_canonical_v1_r130,False,pf<1.15;dd>10.0;net<4.0;neg_months>5;neg_streak>3,-2329.6732560719997,3889,-94.63,0.727,0.496,94.7218,12,0,12,-19.05261148,"{""ETS2_ENTRY_MIN_BODY_FRAC"": ""0.15"", ""ETS2_ENTRY_RETEST_BARS"": ""3"", ""ETS2_ENTRY_TF"": ""15"", ""ETS2_OSC_OB"": ""58"", ""ETS2_OSC_OS"": ""25"", ""ETS2_OSC_PERIOD"": ""2"", ""ETS2_OSC_TYPE"": ""force"", ""ETS2_SL_ATR_MULT"": ""1.0"", ""ETS2_TP1_ATR_MULT"": ""0.75"", ""ETS2_TP_ATR_MULT"": ""2.0"", ""ETS2_WAVE_LOOKBACK"": ""3""}"
131,elder_ema50_force_canonical_v1_r131,/root/by-bot/backtest_runs/portfolio_20260618_124929_elder_ema50_force_canonical_v1_r131,False,pf<1.15;dd>10.0;net<4.0;neg_months>5;neg_streak>3,-2335.976593678,3361,-94.85,0.675,0.474,94.9106,12,0,12,-23.09670977,"{""ETS2_ENTRY_MIN_BODY_FRAC"": ""0.15"", ""ETS2_ENTRY_RETEST_BARS"": ""3"", ""ETS2_ENTRY_TF"": ""15"", ""ETS2_OSC_OB"": ""58"", ""ETS2_OSC_OS"": ""25"", ""ETS2_OSC_PERIOD"": ""2"", ""ETS2_OSC_TYPE"": ""force"", ""ETS2_SL_ATR_MULT"": ""1.0"", ""ETS2_TP1_ATR_MULT"": ""0.75"", ""ETS2_TP_ATR_MULT"": ""2.5"", ""ETS2_WAVE_LOOKBACK"": ""1""}"
132,elder_ema50_force_canonical_v1_r132,/root/by-bot/backtest_runs/portfolio_20260618_125059_elder_ema50_force_canonical_v1_r132,False,pf<1.15;dd>10.0;net<4.0;neg_months>5;neg_streak>3,-2321.340772098,3566,-94.17,0.712,0.489,94.2641,12,0,12,-14.148980070000007,"{""ETS2_ENTRY_MIN_BODY_FRAC"": ""0.15"", ""ETS2_ENTRY_RETEST_BARS"": ""3"", ""ETS2_ENTRY_TF"": ""15"", ""ETS2_OSC_OB"": ""58"", ""ETS2_OSC_OS"": ""25"", ""ETS2_OSC_PERIOD"": ""2"", ""ETS2_OSC_TYPE"": ""force"", ""ETS2_SL_ATR_MULT"": ""1.0"", ""ETS2_TP1_ATR_MULT"": ""0.75"", ""ETS2_TP_ATR_MULT"": ""2.5"", ""ETS2_WAVE_LOOKBACK"": ""3""}"
133,elder_ema50_force_canonical_v1_r133,/root/by-bot/backtest_runs/portfolio_20260618_125204_elder_ema50_force_canonical_v1_r133,False,pf<1.15;dd>10.0;net<4.0;neg_months>5;neg_streak>3,-2333.359340688,3921,-94.87,0.749,0.495,95.0635,12,0,12,-20.99167192000001,"{""ETS2_ENTRY_MIN_BODY_FRAC"": ""0.15"", ""ETS2_ENTRY_RETEST_BARS"": ""3"", ""ETS2_ENTRY_TF"": ""15"", ""ETS2_OSC_OB"": ""58"", ""ETS2_OSC_OS"": ""25"", ""ETS2_OSC_PERIOD"": ""2"", ""ETS2_OSC_TYPE"": ""force"", ""ETS2_SL_ATR_MULT"": ""1.0"", ""ETS2_TP1_ATR_MULT"": ""1.0"", ""ETS2_TP_ATR_MULT"": ""1.5"", ""ETS2_WAVE_LOOKBACK"": ""1""}"
134,elder_ema50_force_canonical_v1_r134,/root/by-bot/backtest_runs/portfolio_20260618_125326_elder_ema50_force_canonical_v1_r134,False,pf<1.15;dd>10.0;net<4.0;neg_months>5;neg_streak>3,-2336.896710404,4275,-95.96,0.758,0.494,96.0981,12,0,12,-21.106078860000018,"{""ETS2_ENTRY_MIN_BODY_FRAC"": ""0.15"", ""ETS2_ENTRY_RETEST_BARS"": ""3"", ""ETS2_ENTRY_TF"": ""15"", ""ETS2_OSC_OB"": ""58"", ""ETS2_OSC_OS"": ""25"", ""ETS2_OSC_PERIOD"": ""2"", ""ETS2_OSC_TYPE"": ""force"", ""ETS2_SL_ATR_MULT"": ""1.0"", ""ETS2_TP1_ATR_MULT"": ""1.0"", ""ETS2_TP_ATR_MULT"": ""1.5"", ""ETS2_WAVE_LOOKBACK"": ""3""}"
135,elder_ema50_force_canonical_v1_r135,/root/by-bot/backtest_runs/portfolio_20260618_125439_elder_ema50_force_canonical_v1_r135,False,pf<1.15;dd>10.0;net<4.0;neg_months>5;neg_streak>3,-2330.1080752619996,3619,-92.98,0.746,0.492,93.123,12,0,12,-23.061482330000008,"{""ETS2_ENTRY_MIN_BODY_FRAC"": ""0.15"", ""ETS2_ENTRY_RETEST_BARS"": ""3"", ""ETS2_ENTRY_TF"": ""15"", ""ETS2_OSC_OB"": ""58"", ""ETS2_OSC_OS"": ""25"", ""ETS2_OSC_PERIOD"": ""2"", ""ETS2_OSC_TYPE"": ""force"", ""ETS2_SL_ATR_MULT"": ""1.0"", ""ETS2_TP1_ATR_MULT"": ""1.0"", ""ETS2_TP_ATR_MULT"": ""2.0"", ""ETS2_WAVE_LOOKBACK"": ""1""}"
136,elder_ema50_force_canonical_v1_r136,/root/by-bot/backtest_runs/portfolio_20260618_125600_elder_ema50_force_canonical_v1_r136,False,pf<1.15;dd>10.0;net<4.0;neg_months>5;neg_streak>3,-2325.9396242420003,3883,-93.13,0.77,0.499,93.3128,12,0,12,-19.684303030000002,"{""ETS2_ENTRY_MIN_BODY_FRAC"": ""0.15"", ""ETS2_ENTRY_RETEST_BARS"": ""3"", ""ETS2_ENTRY_TF"": ""15"", ""ETS2_OSC_OB"": ""58"", ""ETS2_OSC_OS"": ""25"", ""ETS2_OSC_PERIOD"": ""2"", ""ETS2_OSC_TYPE"": ""force"", ""ETS2_SL_ATR_MULT"": ""1.0"", ""ETS2_TP1_ATR_MULT"": ""1.0"", ""ETS2_TP_ATR_MULT"": ""2.0"", ""ETS2_WAVE_LOOKBACK"": ""3""}"
137,elder_ema50_force_canonical_v1_r137,/root/by-bot/backtest_runs/portfolio_20260618_125713_elder_ema50_force_canonical_v1_r137,False,pf<1.15;dd>10.0;net<4.0;neg_months>5;neg_streak>3,-2336.603538994,3366,-94.67,0.71,0.478,94.8064,12,0,12,-23.847670709999996,"{""ETS2_ENTRY_MIN_BODY_FRAC"": ""0.15"", ""ETS2_ENTRY_RETEST_BARS"": ""3"", ""ETS2_ENTRY_TF"": ""15"", ""ETS2_OSC_OB"": ""58"", ""ETS2_OSC_OS"": ""25"", ""ETS2_OSC_PERIOD"": ""2"", ""ETS2_OSC_TYPE"": ""force"", ""ETS2_SL_ATR_MULT"": ""1.0"", ""ETS2_TP1_ATR_MULT"": ""1.0"", ""ETS2_TP_ATR_MULT"": ""2.5"", ""ETS2_WAVE_LOOKBACK"": ""1""}"
138,elder_ema50_force_canonical_v1_r138,/root/by-bot/backtest_runs/portfolio_20260618_125827_elder_ema50_force_canonical_v1_r138,False,pf<1.15;dd>10.0;net<4.0;neg_months>5;neg_streak>3,-2321.2339224639995,3556,-93.07,0.754,0.492,93.1985,12,0,12,-16.53780176,"{""ETS2_ENTRY_MIN_BODY_FRAC"": ""0.15"", ""ETS2_ENTRY_RETEST_BARS"": ""3"", ""ETS2_ENTRY_TF"": ""15"", ""ETS2_OSC_OB"": ""58"", ""ETS2_OSC_OS"": ""25"", ""ETS2_OSC_PERIOD"": ""2"", ""ETS2_OSC_TYPE"": ""force"", ""ETS2_SL_ATR_MULT"": ""1.0"", ""ETS2_TP1_ATR_MULT"": ""1.0"", ""ETS2_TP_ATR_MULT"": ""2.5"", ""ETS2_WAVE_LOOKBACK"": ""3""}"
139,elder_ema50_force_canonical_v1_r139,/root/by-bot/backtest_runs/portfolio_20260618_125933_elder_ema50_force_canonical_v1_r139,False,pf<1.15;dd>10.0;net<4.0;neg_months>5;neg_streak>3,-2334.100010412,3922,-95.05,0.756,0.417,95.2529,12,0,12,-21.095864579999994,"{""ETS2_ENTRY_MIN_BODY_FRAC"": ""0.15"", ""ETS2_ENTRY_RETEST_BARS"": ""3"", ""ETS2_ENTRY_TF"": ""15"", ""ETS2_OSC_OB"": ""58"", ""ETS2_OSC_OS"": ""25"", ""ETS2_OSC_PERIOD"": ""2"", ""ETS2_OSC_TYPE"": ""force"", ""ETS2_SL_ATR_MULT"": ""1.0"", ""ETS2_TP1_ATR_MULT"": ""1.25"", ""ETS2_TP_ATR_MULT"": ""1.5"", ""ETS2_WAVE_LOOKBACK"": ""1""}"
140,elder_ema50_force_canonical_v1_r140,/root/by-bot/backtest_runs/portfolio_20260618_130117_elder_ema50_force_canonical_v1_r140,False,pf<1.15;dd>10.0;net<4.0;neg_months>5;neg_streak>3,-2338.123806222,4277,-96.02,0.765,0.419,96.1761,12,0,12,-21.81971873000001,"{""ETS2_ENTRY_MIN_BODY_FRAC"": ""0.15"", ""ETS2_ENTRY_RETEST_BARS"": ""3"", ""ETS2_ENTRY_TF"": ""15"", ""ETS2_OSC_OB"": ""58"", ""ETS2_OSC_OS"": ""25"", ""ETS2_OSC_PERIOD"": ""2"", ""ETS2_OSC_TYPE"": ""force"", ""ETS2_SL_ATR_MULT"": ""1.0"", ""ETS2_TP1_ATR_MULT"": ""1.25"", ""ETS2_TP_ATR_MULT"": ""1.5"", ""ETS2_WAVE_LOOKBACK"": ""3""}"
141,elder_ema50_force_canonical_v1_r141,/root/by-bot/backtest_runs/portfolio_20260618_130239_elder_ema50_force_canonical_v1_r141,False,pf<1.15;dd>10.0;net<4.0;neg_months>5;neg_streak>3,-2329.8450963239998,3619,-93.3,0.754,0.416,93.4416,12,0,12,-22.14421166,"{""ETS2_ENTRY_MIN_BODY_FRAC"": ""0.15"", ""ETS2_ENTRY_RETEST_BARS"": ""3"", ""ETS2_ENTRY_TF"": ""15"", ""ETS2_OSC_OB"": ""58"", ""ETS2_OSC_OS"": ""25"", ""ETS2_OSC_PERIOD"": ""2"", ""ETS2_OSC_TYPE"": ""force"", ""ETS2_SL_ATR_MULT"": ""1.0"", ""ETS2_TP1_ATR_MULT"": ""1.25"", ""ETS2_TP_ATR_MULT"": ""2.0"", ""ETS2_WAVE_LOOKBACK"": ""1""}"
142,elder_ema50_force_canonical_v1_r142,/root/by-bot/backtest_runs/portfolio_20260618_130405_elder_ema50_force_canonical_v1_r142,False,pf<1.15;dd>10.0;net<4.0;neg_months>5;neg_streak>3,-2327.715469666,3889,-93.66,0.77,0.419,93.8174,12,0,12,-19.77762119,"{""ETS2_ENTRY_MIN_BODY_FRAC"": ""0.15"", ""ETS2_ENTRY_RETEST_BARS"": ""3"", ""ETS2_ENTRY_TF"": ""15"", ""ETS2_OSC_OB"": ""58"", ""ETS2_OSC_OS"": ""25"", ""ETS2_OSC_PERIOD"": ""2"", ""ETS2_OSC_TYPE"": ""force"", ""ETS2_SL_ATR_MULT"": ""1.0"", ""ETS2_TP1_ATR_MULT"": ""1.25"", ""ETS2_TP_ATR_MULT"": ""2.0"", ""ETS2_WAVE_LOOKBACK"": ""3""}"
143,elder_ema50_force_canonical_v1_r143,/root/by-bot/backtest_runs/portfolio_20260618_130517_elder_ema50_force_canonical_v1_r143,False,pf<1.15;dd>10.0;net<4.0;neg_months>5;neg_streak>3,-2336.8952590100002,3363,-94.53,0.723,0.405,94.665,12,0,12,-24.37804214999999,"{""ETS2_ENTRY_MIN_BODY_FRAC"": ""0.15"", ""ETS2_ENTRY_RETEST_BARS"": ""3"", ""ETS2_ENTRY_TF"": ""15"", ""ETS2_OSC_OB"": ""58"", ""ETS2_OSC_OS"": ""25"", ""ETS2_OSC_PERIOD"": ""2"", ""ETS2_OSC_TYPE"": ""force"", ""ETS2_SL_ATR_MULT"": ""1.0"", ""ETS2_TP1_ATR_MULT"": ""1.25"", ""ETS2_TP_ATR_MULT"": ""2.5"", ""ETS2_WAVE_LOOKBACK"": ""1""}"
144,elder_ema50_force_canonical_v1_r144,/root/by-bot/backtest_runs/portfolio_20260618_130632_elder_ema50_force_canonical_v1_r144,False,pf<1.15;dd>10.0;net<4.0;neg_months>5;neg_streak>3,-2318.1075870279997,3560,-92.23,0.775,0.424,92.446,12,0,12,-16.099705019999995,"{""ETS2_ENTRY_MIN_BODY_FRAC"": ""0.15"", ""ETS2_ENTRY_RETEST_BARS"": ""3"", ""ETS2_ENTRY_TF"": ""15"", ""ETS2_OSC_OB"": ""58"", ""ETS2_OSC_OS"": ""25"", ""ETS2_OSC_PERIOD"": ""2"", ""ETS2_OSC_TYPE"": ""force"", ""ETS2_SL_ATR_MULT"": ""1.0"", ""ETS2_TP1_ATR_MULT"": ""1.25"", ""ETS2_TP_ATR_MULT"": ""2.5"", ""ETS2_WAVE_LOOKBACK"": ""3""}"
145,elder_ema50_force_canonical_v1_r145,/root/by-bot/backtest_runs/portfolio_20260618_130738_elder_ema50_force_canonical_v1_r145,False,pf<1.15;dd>10.0;net<4.0;neg_months>5;neg_streak>3,-2300.959223068,3276,-86.08,0.759,0.503,86.3469,12,0,12,-17.84387362,"{""ETS2_ENTRY_MIN_BODY_FRAC"": ""0.15"", ""ETS2_ENTRY_RETEST_BARS"": ""3"", ""ETS2_ENTRY_TF"": ""15"", ""ETS2_OSC_OB"": ""58"", ""ETS2_OSC_OS"": ""25"", ""ETS2_OSC_PERIOD"": ""2"", ""ETS2_OSC_TYPE"": ""force"", ""ETS2_SL_ATR_MULT"": ""1.25"", ""ETS2_TP1_ATR_MULT"": ""0.75"", ""ETS2_TP_ATR_MULT"": ""1.5"", ""ETS2_WAVE_LOOKBACK"": ""1""}"
146,elder_ema50_force_canonical_v1_r146,/root/by-bot/backtest_runs/portfolio_20260618_130859_elder_ema50_force_canonical_v1_r146,False,pf<1.15;dd>10.0;net<4.0;neg_months>5;neg_streak>3,-2312.67024093,3531,-89.27,0.737,0.506,89.4982,12,0,12,-18.98131495,"{""ETS2_ENTRY_MIN_BODY_FRAC"": ""0.15"", ""ETS2_ENTRY_RETEST_BARS"": ""3"", ""ETS2_ENTRY_TF"": ""15"", ""ETS2_OSC_OB"": ""58"", ""ETS2_OSC_OS"": ""25"", ""ETS2_OSC_PERIOD"": ""2"", ""ETS2_OSC_TYPE"": ""force"", ""ETS2_SL_ATR_MULT"": ""1.25"", ""ETS2_TP1_ATR_MULT"": ""0.75"", ""ETS2_TP_ATR_MULT"": ""1.5"", ""ETS2_WAVE_LOOKBACK"": ""3""}"
147,elder_ema50_force_canonical_v1_r147,/root/by-bot/backtest_runs/portfolio_20260618_131004_elder_ema50_force_canonical_v1_r147,False,pf<1.15;dd>10.0;net<4.0;neg_months>5;neg_streak>3,-2311.8103156739994,3066,-87.6,0.7,0.489,87.7388,12,0,12,-22.294796909999995,"{""ETS2_ENTRY_MIN_BODY_FRAC"": ""0.15"", ""ETS2_ENTRY_RETEST_BARS"": ""3"", ""ETS2_ENTRY_TF"": ""15"", ""ETS2_OSC_OB"": ""58"", ""ETS2_OSC_OS"": ""25"", ""ETS2_OSC_PERIOD"": ""2"", ""ETS2_OSC_TYPE"": ""force"", ""ETS2_SL_ATR_MULT"": ""1.25"", ""ETS2_TP1_ATR_MULT"": ""0.75"", ""ETS2_TP_ATR_MULT"": ""2.0"", ""ETS2_WAVE_LOOKBACK"": ""1""}"
148,elder_ema50_force_canonical_v1_r148,/root/by-bot/backtest_runs/portfolio_20260618_131125_elder_ema50_force_canonical_v1_r148,False,pf<1.15;dd>10.0;net<4.0;neg_months>5;neg_streak>3,-2301.7968126919995,3247,-86.0,0.731,0.501,86.5259,12,0,12,-18.249294780000007,"{""ETS2_ENTRY_MIN_BODY_FRAC"": ""0.15"", ""ETS2_ENTRY_RETEST_BARS"": ""3"", ""ETS2_ENTRY_TF"": ""15"", ""ETS2_OSC_OB"": ""58"", ""ETS2_OSC_OS"": ""25"", ""ETS2_OSC_PERIOD"": ""2"", ""ETS2_OSC_TYPE"": ""force"", ""ETS2_SL_ATR_MULT"": ""1.25"", ""ETS2_TP1_ATR_MULT"": ""0.75"", ""ETS2_TP_ATR_MULT"": ""2.0"", ""ETS2_WAVE_LOOKBACK"": ""3""}"
149,elder_ema50_force_canonical_v1_r149,/root/by-bot/backtest_runs/portfolio_20260618_131232_elder_ema50_force_canonical_v1_r149,False,pf<1.15;dd>10.0;net<4.0;neg_months>5;neg_streak>3,-2292.4399274539996,2828,-84.47,0.72,0.488,84.6092,12,0,12,-15.612519610000007,"{""ETS2_ENTRY_MIN_BODY_FRAC"": ""0.15"", ""ETS2_ENTRY_RETEST_BARS"": ""3"", ""ETS2_ENTRY_TF"": ""15"", ""ETS2_OSC_OB"": ""58"", ""ETS2_OSC_OS"": ""25"", ""ETS2_OSC_PERIOD"": ""2"", ""ETS2_OSC_TYPE"": ""force"", ""ETS2_SL_ATR_MULT"": ""1.25"", ""ETS2_TP1_ATR_MULT"": ""0.75"", ""ETS2_TP_ATR_MULT"": ""2.5"", ""ETS2_WAVE_LOOKBACK"": ""1""}"
150,elder_ema50_force_canonical_v1_r150,/root/by-bot/backtest_runs/portfolio_20260618_131331_elder_ema50_force_canonical_v1_r150,False,pf<1.15;dd>10.0;net<4.0;neg_months>5;neg_streak>3,-2294.5709471220002,2969,-84.48,0.743,0.496,84.925,12,0,12,-16.67496223,"{""ETS2_ENTRY_MIN_BODY_FRAC"": ""0.15"", ""ETS2_ENTRY_RETEST_BARS"": ""3"", ""ETS2_ENTRY_TF"": ""15"", ""ETS2_OSC_OB"": ""58"", ""ETS2_OSC_OS"": ""25"", ""ETS2_OSC_PERIOD"": ""2"", ""ETS2_OSC_TYPE"": ""force"", ""ETS2_SL_ATR_MULT"": ""1.25"", ""ETS2_TP1_ATR_MULT"": ""0.75"", ""ETS2_TP_ATR_MULT"": ""2.5"", ""ETS2_WAVE_LOOKBACK"": ""3""}"
151,elder_ema50_force_canonical_v1_r151,/root/by-bot/backtest_runs/portfolio_20260618_131425_elder_ema50_force_canonical_v1_r151,False,pf<1.15;dd>10.0;net<4.0;neg_months>5;neg_streak>3,-2293.33640198,3274,-84.84,0.791,0.501,85.2788,11,1,11,-16.267715700000004,"{""ETS2_ENTRY_MIN_BODY_FRAC"": ""0.15"", ""ETS2_ENTRY_RETEST_BARS"": ""3"", ""ETS2_ENTRY_TF"": ""15"", ""ETS2_OSC_OB"": ""58"", ""ETS2_OSC_OS"": ""25"", ""ETS2_OSC_PERIOD"": ""2"", ""ETS2_OSC_TYPE"": ""force"", ""ETS2_SL_ATR_MULT"": ""1.25"", ""ETS2_TP1_ATR_MULT"": ""1.0"", ""ETS2_TP_ATR_MULT"": ""1.5"", ""ETS2_WAVE_LOOKBACK"": ""1""}"
152,elder_ema50_force_canonical_v1_r152,/root/by-bot/backtest_runs/portfolio_20260618_131538_elder_ema50_force_canonical_v1_r152,False,pf<1.15;dd>10.0;net<4.0;neg_months>5;neg_streak>3,-2302.483614942,3520,-86.83,0.78,0.501,87.3276,12,0,12,-16.883153530000005,"{""ETS2_ENTRY_MIN_BODY_FRAC"": ""0.15"", ""ETS2_ENTRY_RETEST_BARS"": ""3"", ""ETS2_ENTRY_TF"": ""15"", ""ETS2_OSC_OB"": ""58"", ""ETS2_OSC_OS"": ""25"", ""ETS2_OSC_PERIOD"": ""2"", ""ETS2_OSC_TYPE"": ""force"", ""ETS2_SL_ATR_MULT"": ""1.25"", ""ETS2_TP1_ATR_MULT"": ""1.0"", ""ETS2_TP_ATR_MULT"": ""1.5"", ""ETS2_WAVE_LOOKBACK"": ""3""}"
153,elder_ema50_force_canonical_v1_r153,/root/by-bot/backtest_runs/portfolio_20260618_131646_elder_ema50_force_canonical_v1_r153,False,pf<1.15;dd>10.0;net<4.0;neg_months>5;neg_streak>3,-2307.74936578,3061,-85.89,0.742,0.493,86.0385,12,0,12,-23.288832700000015,"{""ETS2_ENTRY_MIN_BODY_FRAC"": ""0.15"", ""ETS2_ENTRY_RETEST_BARS"": ""3"", ""ETS2_ENTRY_TF"": ""15"", ""ETS2_OSC_OB"": ""58"", ""ETS2_OSC_OS"": ""25"", ""ETS2_OSC_PERIOD"": ""2"", ""ETS2_OSC_TYPE"": ""force"", ""ETS2_SL_ATR_MULT"": ""1.25"", ""ETS2_TP1_ATR_MULT"": ""1.0"", ""ETS2_TP_ATR_MULT"": ""2.0"", ""ETS2_WAVE_LOOKBACK"": ""1""}"
154,elder_ema50_force_canonical_v1_r154,/root/by-bot/backtest_runs/portfolio_20260618_131804_elder_ema50_force_canonical_v1_r154,False,pf<1.15;dd>10.0;net<4.0;neg_months>5;neg_streak>3,-2291.9819864700003,3242,-83.02,0.773,0.501,83.8909,12,0,12,-17.55727605000001,"{""ETS2_ENTRY_MIN_BODY_FRAC"": ""0.15"", ""ETS2_ENTRY_RETEST_BARS"": ""3"", ""ETS2_ENTRY_TF"": ""15"", ""ETS2_OSC_OB"": ""58"", ""ETS2_OSC_OS"": ""25"", ""ETS2_OSC_PERIOD"": ""2"", ""ETS2_OSC_TYPE"": ""force"", ""ETS2_SL_ATR_MULT"": ""1.25"", ""ETS2_TP1_ATR_MULT"": ""1.0"", ""ETS2_TP_ATR_MULT"": ""2.0"", ""ETS2_WAVE_LOOKBACK"": ""3""}"
155,elder_ema50_force_canonical_v1_r155,/root/by-bot/backtest_runs/portfolio_20260618_131909_elder_ema50_force_canonical_v1_r155,False,pf<1.15;dd>10.0;net<4.0;neg_months>5;neg_streak>3,-2294.6125440479996,2829,-84.18,0.747,0.49,84.3196,12,0,12,-17.82667431999999,"{""ETS2_ENTRY_MIN_BODY_FRAC"": ""0.15"", ""ETS2_ENTRY_RETEST_BARS"": ""3"", ""ETS2_ENTRY_TF"": ""15"", ""ETS2_OSC_OB"": ""58"", ""ETS2_OSC_OS"": ""25"", ""ETS2_OSC_PERIOD"": ""2"", ""ETS2_OSC_TYPE"": ""force"", ""ETS2_SL_ATR_MULT"": ""1.25"", ""ETS2_TP1_ATR_MULT"": ""1.0"", ""ETS2_TP_ATR_MULT"": ""2.5"", ""ETS2_WAVE_LOOKBACK"": ""1""}"
156,elder_ema50_force_canonical_v1_r156,/root/by-bot/backtest_runs/portfolio_20260618_132029_elder_ema50_force_canonical_v1_r156,False,pf<1.15;dd>10.0;net<4.0;neg_months>5;neg_streak>3,-2282.0197622120004,2967,-81.59,0.781,0.497,82.3184,11,1,11,-15.19640158,"{""ETS2_ENTRY_MIN_BODY_FRAC"": ""0.15"", ""ETS2_ENTRY_RETEST_BARS"": ""3"", ""ETS2_ENTRY_TF"": ""15"", ""ETS2_OSC_OB"": ""58"", ""ETS2_OSC_OS"": ""25"", ""ETS2_OSC_PERIOD"": ""2"", ""ETS2_OSC_TYPE"": ""force"", ""ETS2_SL_ATR_MULT"": ""1.25"", ""ETS2_TP1_ATR_MULT"": ""1.0"", ""ETS2_TP_ATR_MULT"": ""2.5"", ""ETS2_WAVE_LOOKBACK"": ""3""}"
157,elder_ema50_force_canonical_v1_r157,/root/by-bot/backtest_runs/portfolio_20260618_132132_elder_ema50_force_canonical_v1_r157,False,pf<1.15;dd>10.0;net<4.0;neg_months>5;neg_streak>3,-2284.3208590080003,3275,-82.71,0.823,0.499,83.163,11,1,8,-14.673470719999994,"{""ETS2_ENTRY_MIN_BODY_FRAC"": ""0.15"", ""ETS2_ENTRY_RETEST_BARS"": ""3"", ""ETS2_ENTRY_TF"": ""15"", ""ETS2_OSC_OB"": ""58"", ""ETS2_OSC_OS"": ""25"", ""ETS2_OSC_PERIOD"": ""2"", ""ETS2_OSC_TYPE"": ""force"", ""ETS2_SL_ATR_MULT"": ""1.25"", ""ETS2_TP1_ATR_MULT"": ""1.25"", ""ETS2_TP_ATR_MULT"": ""1.5"", ""ETS2_WAVE_LOOKBACK"": ""1""}"
158,elder_ema50_force_canonical_v1_r158,/root/by-bot/backtest_runs/portfolio_20260618_132238_elder_ema50_force_canonical_v1_r158,False,pf<1.15;dd>10.0;net<4.0;neg_months>5;neg_streak>3,-2298.0037475619997,3517,-85.25,0.808,0.498,85.859,12,0,12,-17.13267682999999,"{""ETS2_ENTRY_MIN_BODY_FRAC"": ""0.15"", ""ETS2_ENTRY_RETEST_BARS"": ""3"", ""ETS2_ENTRY_TF"": ""15"", ""ETS2_OSC_OB"": ""58"", ""ETS2_OSC_OS"": ""25"", ""ETS2_OSC_PERIOD"": ""2"", ""ETS2_OSC_TYPE"": ""force"", ""ETS2_SL_ATR_MULT"": ""1.25"", ""ETS2_TP1_ATR_MULT"": ""1.25"", ""ETS2_TP_ATR_MULT"": ""1.5"", ""ETS2_WAVE_LOOKBACK"": ""3""}"
159,elder_ema50_force_canonical_v1_r159,/root/by-bot/backtest_runs/portfolio_20260618_132337_elder_ema50_force_canonical_v1_r159,False,pf<1.15;dd>10.0;net<4.0;neg_months>5;neg_streak>3,-2301.8728882980004,3062,-85.11,0.772,0.492,85.2453,12,0,12,-20.893063069999997,"{""ETS2_ENTRY_MIN_BODY_FRAC"": ""0.15"", ""ETS2_ENTRY_RETEST_BARS"": ""3"", ""ETS2_ENTRY_TF"": ""15"", ""ETS2_OSC_OB"": ""58"", ""ETS2_OSC_OS"": ""25"", ""ETS2_OSC_PERIOD"": ""2"", ""ETS2_OSC_TYPE"": ""force"", ""ETS2_SL_ATR_MULT"": ""1.25"", ""ETS2_TP1_ATR_MULT"": ""1.25"", ""ETS2_TP_ATR_MULT"": ""2.0"", ""ETS2_WAVE_LOOKBACK"": ""1""}"
160,elder_ema50_force_canonical_v1_r160,/root/by-bot/backtest_runs/portfolio_20260618_132445_elder_ema50_force_canonical_v1_r160,False,pf<1.15;dd>10.0;net<4.0;neg_months>5;neg_streak>3,-2286.9034815759996,3236,-81.42,0.802,0.498,82.1828,12,0,12,-17.738486839999993,"{""ETS2_ENTRY_MIN_BODY_FRAC"": ""0.15"", ""ETS2_ENTRY_RETEST_BARS"": ""3"", ""ETS2_ENTRY_TF"": ""15"", ""ETS2_OSC_OB"": ""58"", ""ETS2_OSC_OS"": ""25"", ""ETS2_OSC_PERIOD"": ""2"", ""ETS2_OSC_TYPE"": ""force"", ""ETS2_SL_ATR_MULT"": ""1.25"", ""ETS2_TP1_ATR_MULT"": ""1.25"", ""ETS2_TP_ATR_MULT"": ""2.0"", ""ETS2_WAVE_LOOKBACK"": ""3""}"
161,elder_ema50_force_canonical_v1_r161,/root/by-bot/backtest_runs/portfolio_20260618_132546_elder_ema50_force_canonical_v1_r161,False,pf<1.15;dd>10.0;net<4.0;neg_months>5;neg_streak>3,-2291.640181068,2825,-83.53,0.775,0.487,83.6944,12,0,12,-17.153843619999993,"{""ETS2_ENTRY_MIN_BODY_FRAC"": ""0.15"", ""ETS2_ENTRY_RETEST_BARS"": ""3"", ""ETS2_ENTRY_TF"": ""15"", ""ETS2_OSC_OB"": ""58"", ""ETS2_OSC_OS"": ""25"", ""ETS2_OSC_PERIOD"": ""2"", ""ETS2_OSC_TYPE"": ""force"", ""ETS2_SL_ATR_MULT"": ""1.25"", ""ETS2_TP1_ATR_MULT"": ""1.25"", ""ETS2_TP_ATR_MULT"": ""2.5"", ""ETS2_WAVE_LOOKBACK"": ""1""}"
162,elder_ema50_force_canonical_v1_r162,/root/by-bot/backtest_runs/portfolio_20260618_132652_elder_ema50_force_canonical_v1_r162,False,pf<1.15;dd>10.0;net<4.0;neg_months>5;neg_streak>3,-2276.5260522080002,2957,-79.95,0.81,0.495,80.7913,11,1,11,-14.85960871999999,"{""ETS2_ENTRY_MIN_BODY_FRAC"": ""0.15"", ""ETS2_ENTRY_RETEST_BARS"": ""3"", ""ETS2_ENTRY_TF"": ""15"", ""ETS2_OSC_OB"": ""58"", ""ETS2_OSC_OS"": ""25"", ""ETS2_OSC_PERIOD"": ""2"", ""ETS2_OSC_TYPE"": ""force"", ""ETS2_SL_ATR_MULT"": ""1.25"", ""ETS2_TP1_ATR_MULT"": ""1.25"", ""ETS2_TP_ATR_MULT"": ""2.5"", ""ETS2_WAVE_LOOKBACK"": ""3""}"
163,elder_ema50_force_canonical_v1_r163,/root/by-bot/backtest_runs/portfolio_20260618_132745_elder_ema50_force_canonical_v1_r163,False,pf<1.15;dd>10.0;net<4.0;neg_months>5;neg_streak>3,-2350.6716709039997,4524,-98.36,0.706,0.492,98.4017,12,0,12,-25.597336359999996,"{""ETS2_ENTRY_MIN_BODY_FRAC"": ""0.3"", ""ETS2_ENTRY_RETEST_BARS"": ""3"", ""ETS2_ENTRY_TF"": ""15"", ""ETS2_OSC_OB"": ""58"", ""ETS2_OSC_OS"": ""25"", ""ETS2_OSC_PERIOD"": ""2"", ""ETS2_OSC_TYPE"": ""force"", ""ETS2_SL_ATR_MULT"": ""0.75"", ""ETS2_TP1_ATR_MULT"": ""0.75"", ""ETS2_TP_ATR_MULT"": ""1.5"", ""ETS2_WAVE_LOOKBACK"": ""1""}"
164,elder_ema50_force_canonical_v1_r164,/root/by-bot/backtest_runs/portfolio_20260618_132906_elder_ema50_force_canonical_v1_r164,False,pf<1.15;dd>10.0;net<4.0;neg_months>5;neg_streak>3,-2357.9235117139997,4976,-99.37,0.674,0.488,99.3909,12,0,12,-28.49836551,"{""ETS2_ENTRY_MIN_BODY_FRAC"": ""0.3"", ""ETS2_ENTRY_RETEST_BARS"": ""3"", ""ETS2_ENTRY_TF"": ""15"", ""ETS2_OSC_OB"": ""58"", ""ETS2_OSC_OS"": ""25"", ""ETS2_OSC_PERIOD"": ""2"", ""ETS2_OSC_TYPE"": ""force"", ""ETS2_SL_ATR_MULT"": ""0.75"", ""ETS2_TP1_ATR_MULT"": ""0.75"", ""ETS2_TP_ATR_MULT"": ""1.5"", ""ETS2_WAVE_LOOKBACK"": ""3""}"
165,elder_ema50_force_canonical_v1_r165,/root/by-bot/backtest_runs/portfolio_20260618_133052_elder_ema50_force_canonical_v1_r165,False,pf<1.15;dd>10.0;net<4.0;neg_months>5;neg_streak>3,-2349.2650728639996,4225,-98.08,0.701,0.482,98.1324,12,0,12,-25.21733776000001,"{""ETS2_ENTRY_MIN_BODY_FRAC"": ""0.3"", ""ETS2_ENTRY_RETEST_BARS"": ""3"", ""ETS2_ENTRY_TF"": ""15"", ""ETS2_OSC_OB"": ""58"", ""ETS2_OSC_OS"": ""25"", ""ETS2_OSC_PERIOD"": ""2"", ""ETS2_OSC_TYPE"": ""force"", ""ETS2_SL_ATR_MULT"": ""0.75"", ""ETS2_TP1_ATR_MULT"": ""0.75"", ""ETS2_TP_ATR_MULT"": ""2.0"", ""ETS2_WAVE_LOOKBACK"": ""1""}"
166,elder_ema50_force_canonical_v1_r166,/root/by-bot/backtest_runs/portfolio_20260618_133231_elder_ema50_force_canonical_v1_r166,False,pf<1.15;dd>10.0;net<4.0;neg_months>5;neg_streak>3,-2351.3494901719996,4648,-99.33,0.66,0.476,99.3373,12,0,12,-23.913492980000004,"{""ETS2_ENTRY_MIN_BODY_FRAC"": ""0.3"", ""ETS2_ENTRY_RETEST_BARS"": ""3"", ""ETS2_ENTRY_TF"": ""15"", ""ETS2_OSC_OB"": ""58"", ""ETS2_OSC_OS"": ""25"", ""ETS2_OSC_PERIOD"": ""2"", ""ETS2_OSC_TYPE"": ""force"", ""ETS2_SL_ATR_MULT"": ""0.75"", ""ETS2_TP1_ATR_MULT"": ""0.75"", ""ETS2_TP_ATR_MULT"": ""2.0"", ""ETS2_WAVE_LOOKBACK"": ""3""}"
167,elder_ema50_force_canonical_v1_r167,/root/by-bot/backtest_runs/portfolio_20260618_133344_elder_ema50_force_canonical_v1_r167,False,pf<1.15;dd>10.0;net<4.0;neg_months>5;neg_streak>3,-2337.2665077799998,3959,-97.49,0.705,0.477,97.504,12,0,12,-18.050362700000004,"{""ETS2_ENTRY_MIN_BODY_FRAC"": ""0.3"", ""ETS2_ENTRY_RETEST_BARS"": ""3"", ""ETS2_ENTRY_TF"": ""15"", ""ETS2_OSC_OB"": ""58"", ""ETS2_OSC_OS"": ""25"", ""ETS2_OSC_PERIOD"": ""2"", ""ETS2_OSC_TYPE"": ""force"", ""ETS2_SL_ATR_MULT"": ""0.75"", ""ETS2_TP1_ATR_MULT"": ""0.75"", ""ETS2_TP_ATR_MULT"": ""2.5"", ""ETS2_WAVE_LOOKBACK"": ""1""}"
168,elder_ema50_force_canonical_v1_r168,/root/by-bot/backtest_runs/portfolio_20260618_133455_elder_ema50_force_canonical_v1_r168,False,pf<1.15;dd>10.0;net<4.0;neg_months>5;neg_streak>3,-2353.302863652,4269,-98.92,0.653,0.473,98.92,12,0,12,-26.25633118,"{""ETS2_ENTRY_MIN_BODY_FRAC"": ""0.3"", ""ETS2_ENTRY_RETEST_BARS"": ""3"", ""ETS2_ENTRY_TF"": ""15"", ""ETS2_OSC_OB"": ""58"", ""ETS2_OSC_OS"": ""25"", ""ETS2_OSC_PERIOD"": ""2"", ""ETS2_OSC_TYPE"": ""force"", ""ETS2_SL_ATR_MULT"": ""0.75"", ""ETS2_TP1_ATR_MULT"": ""0.75"", ""ETS2_TP_ATR_MULT"": ""2.5"", ""ETS2_WAVE_LOOKBACK"": ""3""}"
169,elder_ema50_force_canonical_v1_r169,/root/by-bot/backtest_runs/portfolio_20260618_133602_elder_ema50_force_canonical_v1_r169,False,pf<1.15;dd>10.0;net<4.0;neg_months>5;neg_streak>3,-2353.7821438879996,4522,-98.21,0.728,0.414,98.2496,12,0,12,-28.164959920000012,"{""ETS2_ENTRY_MIN_BODY_FRAC"": ""0.3"", ""ETS2_ENTRY_RETEST_BARS"": ""3"", ""ETS2_ENTRY_TF"": ""15"", ""ETS2_OSC_OB"": ""58"", ""ETS2_OSC_OS"": ""25"", ""ETS2_OSC_PERIOD"": ""2"", ""ETS2_OSC_TYPE"": ""force"", ""ETS2_SL_ATR_MULT"": ""0.75"", ""ETS2_TP1_ATR_MULT"": ""1.0"", ""ETS2_TP_ATR_MULT"": ""1.5"", ""ETS2_WAVE_LOOKBACK"": ""1""}"
170,elder_ema50_force_canonical_v1_r170,/root/by-bot/backtest_runs/portfolio_20260618_133720_elder_ema50_force_canonical_v1_r170,False,pf<1.15;dd>10.0;net<4.0;neg_months>5;neg_streak>3,-2355.8849953379995,4966,-99.29,0.699,0.413,99.3215,12,0,12,-27.209996670000006,"{""ETS2_ENTRY_MIN_BODY_FRAC"": ""0.3"", ""ETS2_ENTRY_RETEST_BARS"": ""3"", ""ETS2_ENTRY_TF"": ""15"", ""ETS2_OSC_OB"": ""58"", ""ETS2_OSC_OS"": ""25"", ""ETS2_OSC_PERIOD"": ""2"", ""ETS2_OSC_TYPE"": ""force"", ""ETS2_SL_ATR_MULT"": ""0.75"", ""ETS2_TP1_ATR_MULT"": ""1.0"", ""ETS2_TP_ATR_MULT"": ""1.5"", ""ETS2_WAVE_LOOKBACK"": ""3""}"
171,elder_ema50_force_canonical_v1_r171,/root/by-bot/backtest_runs/portfolio_20260618_133839_elder_ema50_force_canonical_v1_r171,False,pf<1.15;dd>10.0;net<4.0;neg_months>5;neg_streak>3,-2350.58485032,4224,-98.1,0.721,0.407,98.1665,12,0,12,-26.094178800000012,"{""ETS2_ENTRY_MIN_BODY_FRAC"": ""0.3"", ""ETS2_ENTRY_RETEST_BARS"": ""3"", ""ETS2_ENTRY_TF"": ""15"", ""ETS2_OSC_OB"": ""58"", ""ETS2_OSC_OS"": ""25"", ""ETS2_OSC_PERIOD"": ""2"", ""ETS2_OSC_TYPE"": ""force"", ""ETS2_SL_ATR_MULT"": ""0.75"", ""ETS2_TP1_ATR_MULT"": ""1.0"", ""ETS2_TP_ATR_MULT"": ""2.0"", ""ETS2_WAVE_LOOKBACK"": ""1""}"
172,elder_ema50_force_canonical_v1_r172,/root/by-bot/backtest_runs/portfolio_20260618_133958_elder_ema50_force_canonical_v1_r172,False,pf<1.15;dd>10.0;net<4.0;neg_months>5;neg_streak>3,-2352.4174285639997,4645,-99.31,0.68,0.403,99.3228,12,0,12,-24.71416325999999,"{""ETS2_ENTRY_MIN_BODY_FRAC"": ""0.3"", ""ETS2_ENTRY_RETEST_BARS"": ""3"", ""ETS2_ENTRY_TF"": ""15"", ""ETS2_OSC_OB"": ""58"", ""ETS2_OSC_OS"": ""25"", ""ETS2_OSC_PERIOD"": ""2"", ""ETS2_OSC_TYPE"": ""force"", ""ETS2_SL_ATR_MULT"": ""0.75"", ""ETS2_TP1_ATR_MULT"": ""1.0"", ""ETS2_TP_ATR_MULT"": ""2.0"", ""ETS2_WAVE_LOOKBACK"": ""3""}"
173,elder_ema50_force_canonical_v1_r173,/root/by-bot/backtest_runs/portfolio_20260618_134120_elder_ema50_force_canonical_v1_r173,False,pf<1.15;dd>10.0;net<4.0;neg_months>5;neg_streak>3,-2338.289427794,3959,-97.38,0.726,0.403,97.4278,12,0,12,-18.984162709999982,"{""ETS2_ENTRY_MIN_BODY_FRAC"": ""0.3"", ""ETS2_ENTRY_RETEST_BARS"": ""3"", ""ETS2_ENTRY_TF"": ""15"", ""ETS2_OSC_OB"": ""58"", ""ETS2_OSC_OS"": ""25"", ""ETS2_OSC_PERIOD"": ""2"", ""ETS2_OSC_TYPE"": ""force"", ""ETS2_SL_ATR_MULT"": ""0.75"", ""ETS2_TP1_ATR_MULT"": ""1.0"", ""ETS2_TP_ATR_MULT"": ""2.5"", ""ETS2_WAVE_LOOKBACK"": ""1""}"
174,elder_ema50_force_canonical_v1_r174,/root/by-bot/backtest_runs/portfolio_20260618_134239_elder_ema50_force_canonical_v1_r174,False,pf<1.15;dd>10.0;net<4.0;neg_months>5;neg_streak>3,-2349.382306688,4253,-98.81,0.682,0.4,98.8093,12,0,12,-23.708361919999977,"{""ETS2_ENTRY_MIN_BODY_FRAC"": ""0.3"", ""ETS2_ENTRY_RETEST_BARS"": ""3"", ""ETS2_ENTRY_TF"": ""15"", ""ETS2_OSC_OB"": ""58"", ""ETS2_OSC_OS"": ""25"", ""ETS2_OSC_PERIOD"": ""2"", ""ETS2_OSC_TYPE"": ""force"", ""ETS2_SL_ATR_MULT"": ""0.75"", ""ETS2_TP1_ATR_MULT"": ""1.0"", ""ETS2_TP_ATR_MULT"": ""2.5"", ""ETS2_WAVE_LOOKBACK"": ""3""}"
175,elder_ema50_force_canonical_v1_r175,/root/by-bot/backtest_runs/portfolio_20260618_134346_elder_ema50_force_canonical_v1_r175,False,pf<1.15;dd>10.0;net<4.0;neg_months>5;neg_streak>3,-2354.0719079059995,4525,-98.27,0.731,0.34,98.3204,12,0,12,-28.21936278999999,"{""ETS2_ENTRY_MIN_BODY_FRAC"": ""0.3"", ""ETS2_ENTRY_RETEST_BARS"": ""3"", ""ETS2_ENTRY_TF"": ""15"", ""ETS2_OSC_OB"": ""58"", ""ETS2_OSC_OS"": ""25"", ""ETS2_OSC_PERIOD"": ""2"", ""ETS2_OSC_TYPE"": ""force"", ""ETS2_SL_ATR_MULT"": ""0.75"", ""ETS2_TP1_ATR_MULT"": ""1.25"", ""ETS2_TP_ATR_MULT"": ""1.5"", ""ETS2_WAVE_LOOKBACK"": ""1""}"
176,elder_ema50_force_canonical_v1_r176,/root/by-bot/backtest_runs/portfolio_20260618_134525_elder_ema50_force_canonical_v1_r176,False,pf<1.15;dd>10.0;net<4.0;neg_months>5;neg_streak>3,-2359.062935244,4986,-99.33,0.699,0.341,99.3547,12,0,12,-29.398239459999992,"{""ETS2_ENTRY_MIN_BODY_FRAC"": ""0.3"", ""ETS2_ENTRY_RETEST_BARS"": ""3"", ""ETS2_ENTRY_TF"": ""15"", ""ETS2_OSC_OB"": ""58"", ""ETS2_OSC_OS"": ""25"", ""ETS2_OSC_PERIOD"": ""2"", ""ETS2_OSC_TYPE"": ""force"", ""ETS2_SL_ATR_MULT"": ""0.75"", ""ETS2_TP1_ATR_MULT"": ""1.25"", ""ETS2_TP_ATR_MULT"": ""1.5"", ""ETS2_WAVE_LOOKBACK"": ""3""}"
177,elder_ema50_force_canonical_v1_r177,/root/by-bot/backtest_runs/portfolio_20260618_134648_elder_ema50_force_canonical_v1_r177,False,pf<1.15;dd>10.0;net<4.0;neg_months>5;neg_streak>3,-2354.5780910239996,4236,-98.48,0.706,0.328,98.5437,12,0,12,-28.081922159999987,"{""ETS2_ENTRY_MIN_BODY_FRAC"": ""0.3"", ""ETS2_ENTRY_RETEST_BARS"": ""3"", ""ETS2_ENTRY_TF"": ""15"", ""ETS2_OSC_OB"": ""58"", ""ETS2_OSC_OS"": ""25"", ""ETS2_OSC_PERIOD"": ""2"", ""ETS2_OSC_TYPE"": ""force"", ""ETS2_SL_ATR_MULT"": ""0.75"", ""ETS2_TP1_ATR_MULT"": ""1.25"", ""ETS2_TP_ATR_MULT"": ""2.0"", ""ETS2_WAVE_LOOKBACK"": ""1""}"
178,elder_ema50_force_canonical_v1_r178,/root/by-bot/backtest_runs/portfolio_20260618_134817_elder_ema50_force_canonical_v1_r178,False,pf<1.15;dd>10.0;net<4.0;neg_months>5;neg_streak>3,-2354.1891242859997,4647,-99.37,0.676,0.331,99.3738,12,0,12,-25.85537449,"{""ETS2_ENTRY_MIN_BODY_FRAC"": ""0.3"", ""ETS2_ENTRY_RETEST_BARS"": ""3"", ""ETS2_ENTRY_TF"": ""15"", ""ETS2_OSC_OB"": ""58"", ""ETS2_OSC_OS"": ""25"", ""ETS2_OSC_PERIOD"": ""2"", ""ETS2_OSC_TYPE"": ""force"", ""ETS2_SL_ATR_MULT"": ""0.75"", ""ETS2_TP1_ATR_MULT"": ""1.25"", ""ETS2_TP_ATR_MULT"": ""2.0"", ""ETS2_WAVE_LOOKBACK"": ""3""}"
179,elder_ema50_force_canonical_v1_r179,/root/by-bot/backtest_runs/portfolio_20260618_134939_elder_ema50_force_canonical_v1_r179,False,pf<1.15;dd>10.0;net<4.0;neg_months>5;neg_streak>3,-2339.809838346,3959,-97.53,0.725,0.327,97.5626,12,0,12,-19.749027389999977,"{""ETS2_ENTRY_MIN_BODY_FRAC"": ""0.3"", ""ETS2_ENTRY_RETEST_BARS"": ""3"", ""ETS2_ENTRY_TF"": ""15"", ""ETS2_OSC_OB"": ""58"", ""ETS2_OSC_OS"": ""25"", ""ETS2_OSC_PERIOD"": ""2"", ""ETS2_OSC_TYPE"": ""force"", ""ETS2_SL_ATR_MULT"": ""0.75"", ""ETS2_TP1_ATR_MULT"": ""1.25"", ""ETS2_TP_ATR_MULT"": ""2.5"", ""ETS2_WAVE_LOOKBACK"": ""1""}"
180,elder_ema50_force_canonical_v1_r180,/root/by-bot/backtest_runs/portfolio_20260618_135102_elder_ema50_force_canonical_v1_r180,False,pf<1.15;dd>10.0;net<4.0;neg_months>5;neg_streak>3,-2353.541546148,4268,-98.92,0.674,0.333,98.9215,12,0,12,-26.42467582,"{""ETS2_ENTRY_MIN_BODY_FRAC"": ""0.3"", ""ETS2_ENTRY_RETEST_BARS"": ""3"", ""ETS2_ENTRY_TF"": ""15"", ""ETS2_OSC_OB"": ""58"", ""ETS2_OSC_OS"": ""25"", ""ETS2_OSC_PERIOD"": ""2"", ""ETS2_OSC_TYPE"": ""force"", ""ETS2_SL_ATR_MULT"": ""0.75"", ""ETS2_TP1_ATR_MULT"": ""1.25"", ""ETS2_TP_ATR_MULT"": ""2.5"", ""ETS2_WAVE_LOOKBACK"": ""3""}"
181,elder_ema50_force_canonical_v1_r181,/root/by-bot/backtest_runs/portfolio_20260618_135202_elder_ema50_force_canonical_v1_r181,False,pf<1.15;dd>10.0;net<4.0;neg_months>5;neg_streak>3,-2333.8030753219996,3884,-95.42,0.719,0.489,95.5077,12,0,12,-20.202625229999988,"{""ETS2_ENTRY_MIN_BODY_FRAC"": ""0.3"", ""ETS2_ENTRY_RETEST_BARS"": ""3"", ""ETS2_ENTRY_TF"": ""15"", ""ETS2_OSC_OB"": ""58"", ""ETS2_OSC_OS"": ""25"", ""ETS2_OSC_PERIOD"": ""2"", ""ETS2_OSC_TYPE"": ""force"", ""ETS2_SL_ATR_MULT"": ""1.0"", ""ETS2_TP1_ATR_MULT"": ""0.75"", ""ETS2_TP_ATR_MULT"": ""1.5"", ""ETS2_WAVE_LOOKBACK"": ""1""}"
182,elder_ema50_force_canonical_v1_r182,/root/by-bot/backtest_runs/portfolio_20260618_135316_elder_ema50_force_canonical_v1_r182,False,pf<1.15;dd>10.0;net<4.0;neg_months>5;neg_streak>3,-2324.05501499,4180,-95.12,0.751,0.495,95.2606,12,0,12,-13.849867849999987,"{""ETS2_ENTRY_MIN_BODY_FRAC"": ""0.3"", ""ETS2_ENTRY_RETEST_BARS"": ""3"", ""ETS2_ENTRY_TF"": ""15"", ""ETS2_OSC_OB"": ""58"", ""ETS2_OSC_OS"": ""25"", ""ETS2_OSC_PERIOD"": ""2"", ""ETS2_OSC_TYPE"": ""force"", ""ETS2_SL_ATR_MULT"": ""1.0"", ""ETS2_TP1_ATR_MULT"": ""0.75"", ""ETS2_TP_ATR_MULT"": ""1.5"", ""ETS2_WAVE_LOOKBACK"": ""3""}"
183,elder_ema50_force_canonical_v1_r183,/root/by-bot/backtest_runs/portfolio_20260618_135421_elder_ema50_force_canonical_v1_r183,False,pf<1.15;dd>10.0;net<4.0;neg_months>5;neg_streak>3,-2330.647936446,3547,-94.22,0.716,0.483,94.3645,12,0,12,-20.610668889999985,"{""ETS2_ENTRY_MIN_BODY_FRAC"": ""0.3"", ""ETS2_ENTRY_RETEST_BARS"": ""3"", ""ETS2_ENTRY_TF"": ""15"", ""ETS2_OSC_OB"": ""58"", ""ETS2_OSC_OS"": ""25"", ""ETS2_OSC_PERIOD"": ""2"", ""ETS2_OSC_TYPE"": ""force"", ""ETS2_SL_ATR_MULT"": ""1.0"", ""ETS2_TP1_ATR_MULT"": ""0.75"", ""ETS2_TP_ATR_MULT"": ""2.0"", ""ETS2_WAVE_LOOKBACK"": ""1""}"
184,elder_ema50_force_canonical_v1_r184,/root/by-bot/backtest_runs/portfolio_20260618_135540_elder_ema50_force_canonical_v1_r184,False,pf<1.15;dd>10.0;net<4.0;neg_months>5;neg_streak>3,-2324.477526436,3825,-94.52,0.744,0.488,94.5986,12,0,12,-15.61166174,"{""ETS2_ENTRY_MIN_BODY_FRAC"": ""0.3"", ""ETS2_ENTRY_RETEST_BARS"": ""3"", ""ETS2_ENTRY_TF"": ""15"", ""ETS2_OSC_OB"": ""58"", ""ETS2_OSC_OS"": ""25"", ""ETS2_OSC_PERIOD"": ""2"", ""ETS2_OSC_TYPE"": ""force"", ""ETS2_SL_ATR_MULT"": ""1.0"", ""ETS2_TP1_ATR_MULT"": ""0.75"", ""ETS2_TP_ATR_MULT"": ""2.0"", ""ETS2_WAVE_LOOKBACK"": ""3""}"
185,elder_ema50_force_canonical_v1_r185,/root/by-bot/backtest_runs/portfolio_20260618_135655_elder_ema50_force_canonical_v1_r185,False,pf<1.15;dd>10.0;net<4.0;neg_months>5;neg_streak>3,-2320.830179048,3302,-92.45,0.715,0.485,92.563,12,0,12,-17.688699320000012,"{""ETS2_ENTRY_MIN_BODY_FRAC"": ""0.3"", ""ETS2_ENTRY_RETEST_BARS"": ""3"", ""ETS2_ENTRY_TF"": ""15"", ""ETS2_OSC_OB"": ""58"", ""ETS2_OSC_OS"": ""25"", ""ETS2_OSC_PERIOD"": ""2"", ""ETS2_OSC_TYPE"": ""force"", ""ETS2_SL_ATR_MULT"": ""1.0"", ""ETS2_TP1_ATR_MULT"": ""0.75"", ""ETS2_TP_ATR_MULT"": ""2.5"", ""ETS2_WAVE_LOOKBACK"": ""1""}"
186,elder_ema50_force_canonical_v1_r186,/root/by-bot/backtest_runs/portfolio_20260618_135811_elder_ema50_force_canonical_v1_r186,False,pf<1.15;dd>10.0;net<4.0;neg_months>5;neg_streak>3,-2321.215098886,3550,-93.5,0.729,0.488,93.7134,12,0,12,-15.420213489999998,"{""ETS2_ENTRY_MIN_BODY_FRAC"": ""0.3"", ""ETS2_ENTRY_RETEST_BARS"": ""3"", ""ETS2_ENTRY_TF"": ""15"", ""ETS2_OSC_OB"": ""58"", ""ETS2_OSC_OS"": ""25"", ""ETS2_OSC_PERIOD"": ""2"", ""ETS2_OSC_TYPE"": ""force"", ""ETS2_SL_ATR_MULT"": ""1.0"", ""ETS2_TP1_ATR_MULT"": ""0.75"", ""ETS2_TP_ATR_MULT"": ""2.5"", ""ETS2_WAVE_LOOKBACK"": ""3""}"
187,elder_ema50_force_canonical_v1_r187,/root/by-bot/backtest_runs/portfolio_20260618_135924_elder_ema50_force_canonical_v1_r187,False,pf<1.15;dd>10.0;net<4.0;neg_months>5;neg_streak>3,-2333.722892024,3880,-95.16,0.753,0.49,95.3016,12,0,12,-20.662637159999992,"{""ETS2_ENTRY_MIN_BODY_FRAC"": ""0.3"", ""ETS2_ENTRY_RETEST_BARS"": ""3"", ""ETS2_ENTRY_TF"": ""15"", ""ETS2_OSC_OB"": ""58"", ""ETS2_OSC_OS"": ""25"", ""ETS2_OSC_PERIOD"": ""2"", ""ETS2_OSC_TYPE"": ""force"", ""ETS2_SL_ATR_MULT"": ""1.0"", ""ETS2_TP1_ATR_MULT"": ""1.0"", ""ETS2_TP_ATR_MULT"": ""1.5"", ""ETS2_WAVE_LOOKBACK"": ""1""}"
188,elder_ema50_force_canonical_v1_r188,/root/by-bot/backtest_runs/portfolio_20260618_140127_elder_ema50_force_canonical_v1_r188,False,pf<1.15;dd>10.0;net<4.0;neg_months>5;neg_streak>3,-2320.5628209379997,4175,-94.26,0.791,0.499,94.4705,12,0,12,-13.221300669999978,"{""ETS2_ENTRY_MIN_BODY_FRAC"": ""0.3"", ""ETS2_ENTRY_RETEST_BARS"": ""3"", ""ETS2_ENTRY_TF"": ""15"", ""ETS2_OSC_OB"": ""58"", ""ETS2_OSC_OS"": ""25"", ""ETS2_OSC_PERIOD"": ""2"", ""ETS2_OSC_TYPE"": ""force"", ""ETS2_SL_ATR_MULT"": ""1.0"", ""ETS2_TP1_ATR_MULT"": ""1.0"", ""ETS2_TP_ATR_MULT"": ""1.5"", ""ETS2_WAVE_LOOKBACK"": ""3""}"
189,elder_ema50_force_canonical_v1_r189,/root/by-bot/backtest_runs/portfolio_20260618_140231_elder_ema50_force_canonical_v1_r189,False,pf<1.15;dd>10.0;net<4.0;neg_months>5;neg_streak>3,-2328.505609372,3534,-93.16,0.762,0.487,93.3581,12,0,12,-21.426720980000006,"{""ETS2_ENTRY_MIN_BODY_FRAC"": ""0.3"", ""ETS2_ENTRY_RETEST_BARS"": ""3"", ""ETS2_ENTRY_TF"": ""15"", ""ETS2_OSC_OB"": ""58"", ""ETS2_OSC_OS"": ""25"", ""ETS2_OSC_PERIOD"": ""2"", ""ETS2_OSC_TYPE"": ""force"", ""ETS2_SL_ATR_MULT"": ""1.0"", ""ETS2_TP1_ATR_MULT"": ""1.0"", ""ETS2_TP_ATR_MULT"": ""2.0"", ""ETS2_WAVE_LOOKBACK"": ""1""}"
190,elder_ema50_force_canonical_v1_r190,/root/by-bot/backtest_runs/portfolio_20260618_140337_elder_ema50_force_canonical_v1_r190,False,pf<1.15;dd>10.0;net<4.0;neg_months>5;neg_streak>3,-2321.360413582,3810,-93.32,0.783,0.492,93.3905,12,0,12,-16.13958113,"{""ETS2_ENTRY_MIN_BODY_FRAC"": ""0.3"", ""ETS2_ENTRY_RETEST_BARS"": ""3"", ""ETS2_ENTRY_TF"": ""15"", ""ETS2_OSC_OB"": ""58"", ""ETS2_OSC_OS"": ""25"", ""ETS2_OSC_PERIOD"": ""2"", ""ETS2_OSC_TYPE"": ""force"", ""ETS2_SL_ATR_MULT"": ""1.0"", ""ETS2_TP1_ATR_MULT"": ""1.0"", ""ETS2_TP_ATR_MULT"": ""2.0"", ""ETS2_WAVE_LOOKBACK"": ""3""}"
191,elder_ema50_force_canonical_v1_r191,/root/by-bot/backtest_runs/portfolio_20260618_140436_elder_ema50_force_canonical_v1_r191,False,pf<1.15;dd>10.0;net<4.0;neg_months>5;neg_streak>3,-2320.3676385319995,3301,-91.79,0.749,0.488,91.9665,12,0,12,-18.776170380000003,"{""ETS2_ENTRY_MIN_BODY_FRAC"": ""0.3"", ""ETS2_ENTRY_RETEST_BARS"": ""3"", ""ETS2_ENTRY_TF"": ""15"", ""ETS2_OSC_OB"": ""58"", ""ETS2_OSC_OS"": ""25"", ""ETS2_OSC_PERIOD"": ""2"", ""ETS2_OSC_TYPE"": ""force"", ""ETS2_SL_ATR_MULT"": ""1.0"", ""ETS2_TP1_ATR_MULT"": ""1.0"", ""ETS2_TP_ATR_MULT"": ""2.5"", ""ETS2_WAVE_LOOKBACK"": ""1""}"
192,elder_ema50_force_canonical_v1_r192,/root/by-bot/backtest_runs/portfolio_20260618_140610_elder_ema50_force_canonical_v1_r192,False,pf<1.15;dd>10.0;net<4.0;neg_months>5;neg_streak>3,-2318.6737999940005,3548,-92.34,0.767,0.49,92.7318,11,1,11,-17.287285710000013,"{""ETS2_ENTRY_MIN_BODY_FRAC"": ""0.3"", ""ETS2_ENTRY_RETEST_BARS"": ""3"", ""ETS2_ENTRY_TF"": ""15"", ""ETS2_OSC_OB"": ""58"", ""ETS2_OSC_OS"": ""25"", ""ETS2_OSC_PERIOD"": ""2"", ""ETS2_OSC_TYPE"": ""force"", ""ETS2_SL_ATR_MULT"": ""1.0"", ""ETS2_TP1_ATR_MULT"": ""1.0"", ""ETS2_TP_ATR_MULT"": ""2.5"", ""ETS2_WAVE_LOOKBACK"": ""3""}"
193,elder_ema50_force_canonical_v1_r193,/root/by-bot/backtest_runs/portfolio_20260618_140713_elder_ema50_force_canonical_v1_r193,False,pf<1.15;dd>10.0;net<4.0;neg_months>5;neg_streak>3,-2332.650560258,3883,-95.06,0.766,0.417,95.2094,12,0,12,-20.114114470000004,"{""ETS2_ENTRY_MIN_BODY_FRAC"": ""0.3"", ""ETS2_ENTRY_RETEST_BARS"": ""3"", ""ETS2_ENTRY_TF"": ""15"", ""ETS2_OSC_OB"": ""58"", ""ETS2_OSC_OS"": ""25"", ""ETS2_OSC_PERIOD"": ""2"", ""ETS2_OSC_TYPE"": ""force"", ""ETS2_SL_ATR_MULT"": ""1.0"", ""ETS2_TP1_ATR_MULT"": ""1.25"", ""ETS2_TP_ATR_MULT"": ""1.5"", ""ETS2_WAVE_LOOKBACK"": ""1""}"
194,elder_ema50_force_canonical_v1_r194,/root/by-bot/backtest_runs/portfolio_20260618_140828_elder_ema50_force_canonical_v1_r194,False,pf<1.15;dd>10.0;net<4.0;neg_months>5;neg_streak>3,-2322.592990154,4171,-94.16,0.799,0.424,94.4,12,0,12,-14.857850110000003,"{""ETS2_ENTRY_MIN_BODY_FRAC"": ""0.3"", ""ETS2_ENTRY_RETEST_BARS"": ""3"", ""ETS2_ENTRY_TF"": ""15"", ""ETS2_OSC_OB"": ""58"", ""ETS2_OSC_OS"": ""25"", ""ETS2_OSC_PERIOD"": ""2"", ""ETS2_OSC_TYPE"": ""force"", ""ETS2_SL_ATR_MULT"": ""1.0"", ""ETS2_TP1_ATR_MULT"": ""1.25"", ""ETS2_TP_ATR_MULT"": ""1.5"", ""ETS2_WAVE_LOOKBACK"": ""3""}"
195,elder_ema50_force_canonical_v1_r195,/root/by-bot/backtest_runs/portfolio_20260618_140937_elder_ema50_force_canonical_v1_r195,False,pf<1.15;dd>10.0;net<4.0;neg_months>5;neg_streak>3,-2330.3187142559996,3540,-93.7,0.765,0.409,93.912,12,0,12,-21.46765304000001,"{""ETS2_ENTRY_MIN_BODY_FRAC"": ""0.3"", ""ETS2_ENTRY_RETEST_BARS"": ""3"", ""ETS2_ENTRY_TF"": ""15"", ""ETS2_OSC_OB"": ""58"", ""ETS2_OSC_OS"": ""25"", ""ETS2_OSC_PERIOD"": ""2"", ""ETS2_OSC_TYPE"": ""force"", ""ETS2_SL_ATR_MULT"": ""1.0"", ""ETS2_TP1_ATR_MULT"": ""1.25"", ""ETS2_TP_ATR_MULT"": ""2.0"", ""ETS2_WAVE_LOOKBACK"": ""1""}"
196,elder_ema50_force_canonical_v1_r196,/root/by-bot/backtest_runs/portfolio_20260618_141116_elder_ema50_force_canonical_v1_r196,False,pf<1.15;dd>10.0;net<4.0;neg_months>5;neg_streak>3,-2322.56543314,3802,-93.41,0.791,0.418,93.5204,12,0,12,-16.737595100000014,"{""ETS2_ENTRY_MIN_BODY_FRAC"": ""0.3"", ""ETS2_ENTRY_RETEST_BARS"": ""3"", ""ETS2_ENTRY_TF"": ""15"", ""ETS2_OSC_OB"": ""58"", ""ETS2_OSC_OS"": ""25"", ""ETS2_OSC_PERIOD"": ""2"", ""ETS2_OSC_TYPE"": ""force"", ""ETS2_SL_ATR_MULT"": ""1.0"", ""ETS2_TP1_ATR_MULT"": ""1.25"", ""ETS2_TP_ATR_MULT"": ""2.0"", ""ETS2_WAVE_LOOKBACK"": ""3""}"
197,elder_ema50_force_canonical_v1_r197,/root/by-bot/backtest_runs/portfolio_20260618_141241_elder_ema50_force_canonical_v1_r197,False,pf<1.15;dd>10.0;net<4.0;neg_months>5;neg_streak>3,-2322.7879871160003,3297,-92.07,0.756,0.411,92.2858,12,0,12,-19.808847939999982,"{""ETS2_ENTRY_MIN_BODY_FRAC"": ""0.3"", ""ETS2_ENTRY_RETEST_BARS"": ""3"", ""ETS2_ENTRY_TF"": ""15"", ""ETS2_OSC_OB"": ""58"", ""ETS2_OSC_OS"": ""25"", ""ETS2_OSC_PERIOD"": ""2"", ""ETS2_OSC_TYPE"": ""force"", ""ETS2_SL_ATR_MULT"": ""1.0"", ""ETS2_TP1_ATR_MULT"": ""1.25"", ""ETS2_TP_ATR_MULT"": ""2.5"", ""ETS2_WAVE_LOOKBACK"": ""1""}"
198,elder_ema50_force_canonical_v1_r198,/root/by-bot/backtest_runs/portfolio_20260618_141356_elder_ema50_force_canonical_v1_r198,False,pf<1.15;dd>10.0;net<4.0;neg_months>5;neg_streak>3,-2320.223094966,3550,-92.48,0.775,0.418,92.8709,11,1,11,-18.07521069,"{""ETS2_ENTRY_MIN_BODY_FRAC"": ""0.3"", ""ETS2_ENTRY_RETEST_BARS"": ""3"", ""ETS2_ENTRY_TF"": ""15"", ""ETS2_OSC_OB"": ""58"", ""ETS2_OSC_OS"": ""25"", ""ETS2_OSC_PERIOD"": ""2"", ""ETS2_OSC_TYPE"": ""force"", ""ETS2_SL_ATR_MULT"": ""1.0"", ""ETS2_TP1_ATR_MULT"": ""1.25"", ""ETS2_TP_ATR_MULT"": ""2.5"", ""ETS2_WAVE_LOOKBACK"": ""3""}"
199,elder_ema50_force_canonical_v1_r199,/root/by-bot/backtest_runs/portfolio_20260618_141505_elder_ema50_force_canonical_v1_r199,False,pf<1.15;dd>10.0;net<4.0;neg_months>5;neg_streak>3,-2304.1344410959996,3275,-86.82,0.738,0.5,86.9267,12,0,12,-18.640743640000014,"{""ETS2_ENTRY_MIN_BODY_FRAC"": ""0.3"", ""ETS2_ENTRY_RETEST_BARS"": ""3"", ""ETS2_ENTRY_TF"": ""15"", ""ETS2_OSC_OB"": ""58"", ""ETS2_OSC_OS"": ""25"", ""ETS2_OSC_PERIOD"": ""2"", ""ETS2_OSC_TYPE"": ""force"", ""ETS2_SL_ATR_MULT"": ""1.25"", ""ETS2_TP1_ATR_MULT"": ""0.75"", ""ETS2_TP_ATR_MULT"": ""1.5"", ""ETS2_WAVE_LOOKBACK"": ""1""}"
200,elder_ema50_force_canonical_v1_r200,/root/by-bot/backtest_runs/portfolio_20260618_141627_elder_ema50_force_canonical_v1_r200,False,pf<1.15;dd>10.0;net<4.0;neg_months>5;neg_streak>3,-2303.8916115939996,3488,-86.73,0.754,0.509,86.8382,12,0,12,-18.696579709999998,"{""ETS2_ENTRY_MIN_BODY_FRAC"": ""0.3"", ""ETS2_ENTRY_RETEST_BARS"": ""3"", ""ETS2_ENTRY_TF"": ""15"", ""ETS2_OSC_OB"": ""58"", ""ETS2_OSC_OS"": ""25"", ""ETS2_OSC_PERIOD"": ""2"", ""ETS2_OSC_TYPE"": ""force"", ""ETS2_SL_ATR_MULT"": ""1.25"", ""ETS2_TP1_ATR_MULT"": ""0.75"", ""ETS2_TP_ATR_MULT"": ""1.5"", ""ETS2_WAVE_LOOKBACK"": ""3""}"
201,elder_ema50_force_canonical_v1_r201,/root/by-bot/backtest_runs/portfolio_20260618_141725_elder_ema50_force_canonical_v1_r201,False,pf<1.15;dd>10.0;net<4.0;neg_months>5;neg_streak>3,-2308.25902888,3027,-87.52,0.706,0.492,87.6536,12,0,12,-19.948449200000013,"{""ETS2_ENTRY_MIN_BODY_FRAC"": ""0.3"", ""ETS2_ENTRY_RETEST_BARS"": ""3"", ""ETS2_ENTRY_TF"": ""15"", ""ETS2_OSC_OB"": ""58"", ""ETS2_OSC_OS"": ""25"", ""ETS2_OSC_PERIOD"": ""2"", ""ETS2_OSC_TYPE"": ""force"", ""ETS2_SL_ATR_MULT"": ""1.25"", ""ETS2_TP1_ATR_MULT"": ""0.75"", ""ETS2_TP_ATR_MULT"": ""2.0"", ""ETS2_WAVE_LOOKBACK"": ""1""}"
202,elder_ema50_force_canonical_v1_r202,/root/by-bot/backtest_runs/portfolio_20260618_141824_elder_ema50_force_canonical_v1_r202,False,pf<1.15;dd>10.0;net<4.0;neg_months>5;neg_streak>3,-2302.9829302379994,3223,-87.24,0.711,0.495,87.6857,12,0,12,-16.37395016999999,"{""ETS2_ENTRY_MIN_BODY_FRAC"": ""0.3"", ""ETS2_ENTRY_RETEST_BARS"": ""3"", ""ETS2_ENTRY_TF"": ""15"", ""ETS2_OSC_OB"": ""58"", ""ETS2_OSC_OS"": ""25"", ""ETS2_OSC_PERIOD"": ""2"", ""ETS2_OSC_TYPE"": ""force"", ""ETS2_SL_ATR_MULT"": ""1.25"", ""ETS2_TP1_ATR_MULT"": ""0.75"", ""ETS2_TP_ATR_MULT"": ""2.0"", ""ETS2_WAVE_LOOKBACK"": ""3""}"
203,elder_ema50_force_canonical_v1_r203,/root/by-bot/backtest_runs/portfolio_20260618_141924_elder_ema50_force_canonical_v1_r203,False,pf<1.15;dd>10.0;net<4.0;neg_months>5;neg_streak>3,-2278.828463232,2794,-81.46,0.74,0.495,81.6368,12,0,12,-12.716330880000005,"{""ETS2_ENTRY_MIN_BODY_FRAC"": ""0.3"", ""ETS2_ENTRY_RETEST_BARS"": ""3"", ""ETS2_ENTRY_TF"": ""15"", ""ETS2_OSC_OB"": ""58"", ""ETS2_OSC_OS"": ""25"", ""ETS2_OSC_PERIOD"": ""2"", ""ETS2_OSC_TYPE"": ""force"", ""ETS2_SL_ATR_MULT"": ""1.25"", ""ETS2_TP1_ATR_MULT"": ""0.75"", ""ETS2_TP_ATR_MULT"": ""2.5"", ""ETS2_WAVE_LOOKBACK"": ""1""}"
204,elder_ema50_force_canonical_v1_r204,/root/by-bot/backtest_runs/portfolio_20260618_142058_elder_ema50_force_canonical_v1_r204,False,pf<1.15;dd>10.0;net<4.0;neg_months>5;neg_streak>3,-2287.2654428779997,2957,-82.89,0.746,0.493,83.3071,12,0,12,-15.130887770000006,"{""ETS2_ENTRY_MIN_BODY_FRAC"": ""0.3"", ""ETS2_ENTRY_RETEST_BARS"": ""3"", ""ETS2_ENTRY_TF"": ""15"", ""ETS2_OSC_OB"": ""58"", ""ETS2_OSC_OS"": ""25"", ""ETS2_OSC_PERIOD"": ""2"", ""ETS2_OSC_TYPE"": ""force"", ""ETS2_SL_ATR_MULT"": ""1.25"", ""ETS2_TP1_ATR_MULT"": ""0.75"", ""ETS2_TP_ATR_MULT"": ""2.5"", ""ETS2_WAVE_LOOKBACK"": ""3""}"
205,elder_ema50_force_canonical_v1_r205,/root/by-bot/backtest_runs/portfolio_20260618_142206_elder_ema50_force_canonical_v1_r205,False,pf<1.15;dd>10.0;net<4.0;neg_months>5;neg_streak>3,-2305.36132365,3272,-86.07,0.768,0.498,86.1807,12,0,12,-21.225659750000005,"{""ETS2_ENTRY_MIN_BODY_FRAC"": ""0.3"", ""ETS2_ENTRY_RETEST_BARS"": ""3"", ""ETS2_ENTRY_TF"": ""15"", ""ETS2_OSC_OB"": ""58"", ""ETS2_OSC_OS"": ""25"", ""ETS2_OSC_PERIOD"": ""2"", ""ETS2_OSC_TYPE"": ""force"", ""ETS2_SL_ATR_MULT"": ""1.25"", ""ETS2_TP1_ATR_MULT"": ""1.0"", ""ETS2_TP_ATR_MULT"": ""1.5"", ""ETS2_WAVE_LOOKBACK"": ""1""}"
206,elder_ema50_force_canonical_v1_r206,/root/by-bot/backtest_runs/portfolio_20260618_142316_elder_ema50_force_canonical_v1_r206,False,pf<1.15;dd>10.0;net<4.0;neg_months>5;neg_streak>3,-2294.533200042,3483,-83.7,0.798,0.507,83.8264,12,0,12,-18.906000030000026,"{""ETS2_ENTRY_MIN_BODY_FRAC"": ""0.3"", ""ETS2_ENTRY_RETEST_BARS"": ""3"", ""ETS2_ENTRY_TF"": ""15"", ""ETS2_OSC_OB"": ""58"", ""ETS2_OSC_OS"": ""25"", ""ETS2_OSC_PERIOD"": ""2"", ""ETS2_OSC_TYPE"": ""force"", ""ETS2_SL_ATR_MULT"": ""1.25"", ""ETS2_TP1_ATR_MULT"": ""1.0"", ""ETS2_TP_ATR_MULT"": ""1.5"", ""ETS2_WAVE_LOOKBACK"": ""3""}"
207,elder_ema50_force_canonical_v1_r207,/root/by-bot/backtest_runs/portfolio_20260618_142416_elder_ema50_force_canonical_v1_r207,False,pf<1.15;dd>10.0;net<4.0;neg_months>5;neg_streak>3,-2304.374368708,3021,-86.1,0.747,0.494,86.2378,12,0,12,-20.41340621999999,"{""ETS2_ENTRY_MIN_BODY_FRAC"": ""0.3"", ""ETS2_ENTRY_RETEST_BARS"": ""3"", ""ETS2_ENTRY_TF"": ""15"", ""ETS2_OSC_OB"": ""58"", ""ETS2_OSC_OS"": ""25"", ""ETS2_OSC_PERIOD"": ""2"", ""ETS2_OSC_TYPE"": ""force"", ""ETS2_SL_ATR_MULT"": ""1.25"", ""ETS2_TP1_ATR_MULT"": ""1.0"", ""ETS2_TP_ATR_MULT"": ""2.0"", ""ETS2_WAVE_LOOKBACK"": ""1""}"
208,elder_ema50_force_canonical_v1_r208,/root/by-bot/backtest_runs/portfolio_20260618_142528_elder_ema50_force_canonical_v1_r208,False,pf<1.15;dd>10.0;net<4.0;neg_months>5;neg_streak>3,-2296.4798470939995,3218,-85.34,0.751,0.497,85.8972,12,0,12,-15.912462209999989,"{""ETS2_ENTRY_MIN_BODY_FRAC"": ""0.3"", ""ETS2_ENTRY_RETEST_BARS"": ""3"", ""ETS2_ENTRY_TF"": ""15"", ""ETS2_OSC_OB"": ""58"", ""ETS2_OSC_OS"": ""25"", ""ETS2_OSC_PERIOD"": ""2"", ""ETS2_OSC_TYPE"": ""force"", ""ETS2_SL_ATR_MULT"": ""1.25"", ""ETS2_TP1_ATR_MULT"": ""1.0"", ""ETS2_TP_ATR_MULT"": ""2.0"", ""ETS2_WAVE_LOOKBACK"": ""3""}"
209,elder_ema50_force_canonical_v1_r209,/root/by-bot/backtest_runs/portfolio_20260618_142622_elder_ema50_force_canonical_v1_r209,False,pf<1.15;dd>10.0;net<4.0;neg_months>5;neg_streak>3,-2278.0835022139995,2791,-81.16,0.766,0.495,81.3227,12,0,12,-12.890073009999993,"{""ETS2_ENTRY_MIN_BODY_FRAC"": ""0.3"", ""ETS2_ENTRY_RETEST_BARS"": ""3"", ""ETS2_ENTRY_TF"": ""15"", ""ETS2_OSC_OB"": ""58"", ""ETS2_OSC_OS"": ""25"", ""ETS2_OSC_PERIOD"": ""2"", ""ETS2_OSC_TYPE"": ""force"", ""ETS2_SL_ATR_MULT"": ""1.25"", ""ETS2_TP1_ATR_MULT"": ""1.0"", ""ETS2_TP_ATR_MULT"": ""2.5"", ""ETS2_WAVE_LOOKBACK"": ""1""}"
210,elder_ema50_force_canonical_v1_r210,/root/by-bot/backtest_runs/portfolio_20260618_142729_elder_ema50_force_canonical_v1_r210,False,pf<1.15;dd>10.0;net<4.0;neg_months>5;neg_streak>3,-2274.28137347,2943,-78.87,0.795,0.495,79.3887,12,0,12,-14.899981050000003,"{""ETS2_ENTRY_MIN_BODY_FRAC"": ""0.3"", ""ETS2_ENTRY_RETEST_BARS"": ""3"", ""ETS2_ENTRY_TF"": ""15"", ""ETS2_OSC_OB"": ""58"", ""ETS2_OSC_OS"": ""25"", ""ETS2_OSC_PERIOD"": ""2"", ""ETS2_OSC_TYPE"": ""force"", ""ETS2_SL_ATR_MULT"": ""1.25"", ""ETS2_TP1_ATR_MULT"": ""1.0"", ""ETS2_TP_ATR_MULT"": ""2.5"", ""ETS2_WAVE_LOOKBACK"": ""3""}"
211,elder_ema50_force_canonical_v1_r211,/root/by-bot/backtest_runs/portfolio_20260618_142825_elder_ema50_force_canonical_v1_r211,False,pf<1.15;dd>10.0;net<4.0;neg_months>5;neg_streak>3,-2297.3414922279994,3262,-84.76,0.799,0.495,84.8956,12,0,12,-18.455923019999982,"{""ETS2_ENTRY_MIN_BODY_FRAC"": ""0.3"", ""ETS2_ENTRY_RETEST_BARS"": ""3"", ""ETS2_ENTRY_TF"": ""15"", ""ETS2_OSC_OB"": ""58"", ""ETS2_OSC_OS"": ""25"", ""ETS2_OSC_PERIOD"": ""2"", ""ETS2_OSC_TYPE"": ""force"", ""ETS2_SL_ATR_MULT"": ""1.25"", ""ETS2_TP1_ATR_MULT"": ""1.25"", ""ETS2_TP_ATR_MULT"": ""1.5"", ""ETS2_WAVE_LOOKBACK"": ""1""}"
212,elder_ema50_force_canonical_v1_r212,/root/by-bot/backtest_runs/portfolio_20260618_142935_elder_ema50_force_canonical_v1_r212,False,pf<1.15;dd>10.0;net<4.0;neg_months>5;neg_streak>3,-2292.857319306,3486,-83.87,0.815,0.502,84.0183,11,1,8,-18.560513790000012,"{""ETS2_ENTRY_MIN_BODY_FRAC"": ""0.3"", ""ETS2_ENTRY_RETEST_BARS"": ""3"", ""ETS2_ENTRY_TF"": ""15"", ""ETS2_OSC_OB"": ""58"", ""ETS2_OSC_OS"": ""25"", ""ETS2_OSC_PERIOD"": ""2"", ""ETS2_OSC_TYPE"": ""force"", ""ETS2_SL_ATR_MULT"": ""1.25"", ""ETS2_TP1_ATR_MULT"": ""1.25"", ""ETS2_TP_ATR_MULT"": ""1.5"", ""ETS2_WAVE_LOOKBACK"": ""3""}"
213,elder_ema50_force_canonical_v1_r213,/root/by-bot/backtest_runs/portfolio_20260618_143122_elder_ema50_force_canonical_v1_r213,False,pf<1.15;dd>10.0;net<4.0;neg_months>5;neg_streak>3,-2299.330564186,3021,-84.95,0.779,0.492,85.0877,12,0,12,-19.43940299000001,"{""ETS2_ENTRY_MIN_BODY_FRAC"": ""0.3"", ""ETS2_ENTRY_RETEST_BARS"": ""3"", ""ETS2_ENTRY_TF"": ""15"", ""ETS2_OSC_OB"": ""58"", ""ETS2_OSC_OS"": ""25"", ""ETS2_OSC_PERIOD"": ""2"", ""ETS2_OSC_TYPE"": ""force"", ""ETS2_SL_ATR_MULT"": ""1.25"", ""ETS2_TP1_ATR_MULT"": ""1.25"", ""ETS2_TP_ATR_MULT"": ""2.0"", ""ETS2_WAVE_LOOKBACK"": ""1""}"
214,elder_ema50_force_canonical_v1_r214,/root/by-bot/backtest_runs/portfolio_20260618_143228_elder_ema50_force_canonical_v1_r214,False,pf<1.15;dd>10.0;net<4.0;neg_months>5;neg_streak>3,-2296.5157193719997,3217,-85.2,0.772,0.494,85.7339,12,0,12,-16.291370980000003,"{""ETS2_ENTRY_MIN_BODY_FRAC"": ""0.3"", ""ETS2_ENTRY_RETEST_BARS"": ""3"", ""ETS2_ENTRY_TF"": ""15"", ""ETS2_OSC_OB"": ""58"", ""ETS2_OSC_OS"": ""25"", ""ETS2_OSC_PERIOD"": ""2"", ""ETS2_OSC_TYPE"": ""force"", ""ETS2_SL_ATR_MULT"": ""1.25"", ""ETS2_TP1_ATR_MULT"": ""1.25"", ""ETS2_TP_ATR_MULT"": ""2.0"", ""ETS2_WAVE_LOOKBACK"": ""3""}"
215,elder_ema50_force_canonical_v1_r215,/root/by-bot/backtest_runs/portfolio_20260618_143324_elder_ema50_force_canonical_v1_r215,False,pf<1.15;dd>10.0;net<4.0;neg_months>5;neg_streak>3,-2276.3846238839997,2790,-80.75,0.788,0.492,80.9461,12,0,12,-12.566017059999998,"{""ETS2_ENTRY_MIN_BODY_FRAC"": ""0.3"", ""ETS2_ENTRY_RETEST_BARS"": ""3"", ""ETS2_ENTRY_TF"": ""15"", ""ETS2_OSC_OB"": ""58"", ""ETS2_OSC_OS"": ""25"", ""ETS2_OSC_PERIOD"": ""2"", ""ETS2_OSC_TYPE"": ""force"", ""ETS2_SL_ATR_MULT"": ""1.25"", ""ETS2_TP1_ATR_MULT"": ""1.25"", ""ETS2_TP_ATR_MULT"": ""2.5"", ""ETS2_WAVE_LOOKBACK"": ""1""}"
216,elder_ema50_force_canonical_v1_r216,/root/by-bot/backtest_runs/portfolio_20260618_143426_elder_ema50_force_canonical_v1_r216,False,pf<1.15;dd>10.0;net<4.0;neg_months>5;neg_streak>3,-2275.135540812,2951,-79.18,0.812,0.492,79.6883,11,1,7,-16.102100579999995,"{""ETS2_ENTRY_MIN_BODY_FRAC"": ""0.3"", ""ETS2_ENTRY_RETEST_BARS"": ""3"", ""ETS2_ENTRY_TF"": ""15"", ""ETS2_OSC_OB"": ""58"", ""ETS2_OSC_OS"": ""25"", ""ETS2_OSC_PERIOD"": ""2"", ""ETS2_OSC_TYPE"": ""force"", ""ETS2_SL_ATR_MULT"": ""1.25"", ""ETS2_TP1_ATR_MULT"": ""1.25"", ""ETS2_TP_ATR_MULT"": ""2.5"", ""ETS2_WAVE_LOOKBACK"": ""3""}"
217,elder_ema50_force_canonical_v1_r217,/root/by-bot/backtest_runs/portfolio_20260618_143540_elder_ema50_force_canonical_v1_r217,False,pf<1.15;dd>10.0;net<4.0;neg_months>5;neg_streak>3,-2352.5894787380003,3775,-98.19,0.645,0.476,98.2262,12,0,12,-27.363627670000007,"{""ETS2_ENTRY_MIN_BODY_FRAC"": ""0.15"", ""ETS2_ENTRY_RETEST_BARS"": ""5"", ""ETS2_ENTRY_TF"": ""15"", ""ETS2_OSC_OB"": ""58"", ""ETS2_OSC_OS"": ""25"", ""ETS2_OSC_PERIOD"": ""2"", ""ETS2_OSC_TYPE"": ""force"", ""ETS2_SL_ATR_MULT"": ""0.75"", ""ETS2_TP1_ATR_MULT"": ""0.75"", ""ETS2_TP_ATR_MULT"": ""1.5"", ""ETS2_WAVE_LOOKBACK"": ""1""}"
218,elder_ema50_force_canonical_v1_r218,/root/by-bot/backtest_runs/portfolio_20260618_143740_elder_ema50_force_canonical_v1_r218,False,pf<1.15;dd>10.0;net<4.0;neg_months>5;neg_streak>3,-2366.504416944,4357,-99.17,0.636,0.475,99.1703,12,0,12,-35.11415496000001,"{""ETS2_ENTRY_MIN_BODY_FRAC"": ""0.15"", ""ETS2_ENTRY_RETEST_BARS"": ""5"", ""ETS2_ENTRY_TF"": ""15"", ""ETS2_OSC_OB"": ""58"", ""ETS2_OSC_OS"": ""25"", ""ETS2_OSC_PERIOD"": ""2"", ""ETS2_OSC_TYPE"": ""force"", ""ETS2_SL_ATR_MULT"": ""0.75"", ""ETS2_TP1_ATR_MULT"": ""0.75"", ""ETS2_TP_ATR_MULT"": ""1.5"", ""ETS2_WAVE_LOOKBACK"": ""3""}"
219,elder_ema50_force_canonical_v1_r219,/root/by-bot/backtest_runs/portfolio_20260618_143930_elder_ema50_force_canonical_v1_r219,False,pf<1.15;dd>10.0;net<4.0;neg_months>5;neg_streak>3,-2350.9183851059997,3591,-97.85,0.646,0.468,97.9118,12,0,12,-26.910560790000012,"{""ETS2_ENTRY_MIN_BODY_FRAC"": ""0.15"", ""ETS2_ENTRY_RETEST_BARS"": ""5"", ""ETS2_ENTRY_TF"": ""15"", ""ETS2_OSC_OB"": ""58"", ""ETS2_OSC_OS"": ""25"", ""ETS2_OSC_PERIOD"": ""2"", ""ETS2_OSC_TYPE"": ""force"", ""ETS2_SL_ATR_MULT"": ""0.75"", ""ETS2_TP1_ATR_MULT"": ""0.75"", ""ETS2_TP_ATR_MULT"": ""2.0"", ""ETS2_WAVE_LOOKBACK"": ""1""}"
220,elder_ema50_force_canonical_v1_r220,/root/by-bot/backtest_runs/portfolio_20260618_144129_elder_ema50_force_canonical_v1_r220,False,pf<1.15;dd>10.0;net<4.0;neg_months>5;neg_streak>3,-2356.431851396,4036,-98.15,0.66,0.474,98.1617,12,0,12,-30.234608140000027,"{""ETS2_ENTRY_MIN_BODY_FRAC"": ""0.15"", ""ETS2_ENTRY_RETEST_BARS"": ""5"", ""ETS2_ENTRY_TF"": ""15"", ""ETS2_OSC_OB"": ""58"", ""ETS2_OSC_OS"": ""25"", ""ETS2_OSC_PERIOD"": ""2"", ""ETS2_OSC_TYPE"": ""force"", ""ETS2_SL_ATR_MULT"": ""0.75"", ""ETS2_TP1_ATR_MULT"": ""0.75"", ""ETS2_TP_ATR_MULT"": ""2.0"", ""ETS2_WAVE_LOOKBACK"": ""3""}"
221,elder_ema50_force_canonical_v1_r221,/root/by-bot/backtest_runs/portfolio_20260618_144251_elder_ema50_force_canonical_v1_r221,False,pf<1.15;dd>10.0;net<4.0;neg_months>5;neg_streak>3,-2351.489595746,3426,-97.61,0.647,0.466,97.6365,12,0,12,-27.917568389999992,"{""ETS2_ENTRY_MIN_BODY_FRAC"": ""0.15"", ""ETS2_ENTRY_RETEST_BARS"": ""5"", ""ETS2_ENTRY_TF"": ""15"", ""ETS2_OSC_OB"": ""58"", ""ETS2_OSC_OS"": ""25"", ""ETS2_OSC_PERIOD"": ""2"", ""ETS2_OSC_TYPE"": ""force"", ""ETS2_SL_ATR_MULT"": ""0.75"", ""ETS2_TP1_ATR_MULT"": ""0.75"", ""ETS2_TP_ATR_MULT"": ""2.5"", ""ETS2_WAVE_LOOKBACK"": ""1""}"
222,elder_ema50_force_canonical_v1_r222,/root/by-bot/backtest_runs/portfolio_20260618_144424_elder_ema50_force_canonical_v1_r222,False,pf<1.15;dd>10.0;net<4.0;neg_months>5;neg_streak>3,-2351.3020666519997,3817,-98.33,0.66,0.467,98.3638,12,0,12,-26.12747618000001,"{""ETS2_ENTRY_MIN_BODY_FRAC"": ""0.15"", ""ETS2_ENTRY_RETEST_BARS"": ""5"", ""ETS2_ENTRY_TF"": ""15"", ""ETS2_OSC_OB"": ""58"", ""ETS2_OSC_OS"": ""25"", ""ETS2_OSC_PERIOD"": ""2"", ""ETS2_OSC_TYPE"": ""force"", ""ETS2_SL_ATR_MULT"": ""0.75"", ""ETS2_TP1_ATR_MULT"": ""0.75"", ""ETS2_TP_ATR_MULT"": ""2.5"", ""ETS2_WAVE_LOOKBACK"": ""3""}"
223,elder_ema50_force_canonical_v1_r223,/root/by-bot/backtest_runs/portfolio_20260618_144617_elder_ema50_force_canonical_v1_r223,False,pf<1.15;dd>10.0;net<4.0;neg_months>5;neg_streak>3,-2349.565475666,3774,-98.07,0.672,0.404,98.1118,12,0,12,-25.469911190000012,"{""ETS2_ENTRY_MIN_BODY_FRAC"": ""0.15"", ""ETS2_ENTRY_RETEST_BARS"": ""5"", ""ETS2_ENTRY_TF"": ""15"", ""ETS2_OSC_OB"": ""58"", ""ETS2_OSC_OS"": ""25"", ""ETS2_OSC_PERIOD"": ""2"", ""ETS2_OSC_TYPE"": ""force"", ""ETS2_SL_ATR_MULT"": ""0.75"", ""ETS2_TP1_ATR_MULT"": ""1.0"", ""ETS2_TP_ATR_MULT"": ""1.5"", ""ETS2_WAVE_LOOKBACK"": ""1""}"
224,elder_ema50_force_canonical_v1_r224,/root/by-bot/backtest_runs/portfolio_20260618_144813_elder_ema50_force_canonical_v1_r224,False,pf<1.15;dd>10.0;net<4.0;neg_months>5;neg_streak>3,-2362.724138912,4350,-99.06,0.669,0.405,99.0681,12,0,12,-32.65424208000003,"{""ETS2_ENTRY_MIN_BODY_FRAC"": ""0.15"", ""ETS2_ENTRY_RETEST_BARS"": ""5"", ""ETS2_ENTRY_TF"": ""15"", ""ETS2_OSC_OB"": ""58"", ""ETS2_OSC_OS"": ""25"", ""ETS2_OSC_PERIOD"": ""2"", ""ETS2_OSC_TYPE"": ""force"", ""ETS2_SL_ATR_MULT"": ""0.75"", ""ETS2_TP1_ATR_MULT"": ""1.0"", ""ETS2_TP_ATR_MULT"": ""1.5"", ""ETS2_WAVE_LOOKBACK"": ""3""}"
225,elder_ema50_force_canonical_v1_r225,/root/by-bot/backtest_runs/portfolio_20260618_144952_elder_ema50_force_canonical_v1_r225,False,pf<1.15;dd>10.0;net<4.0;neg_months>5;neg_streak>3,-2348.9721040199997,3584,-97.72,0.67,0.397,97.7849,12,0,12,-25.813074300000025,"{""ETS2_ENTRY_MIN_BODY_FRAC"": ""0.15"", ""ETS2_ENTRY_RETEST_BARS"": ""5"", ""ETS2_ENTRY_TF"": ""15"", ""ETS2_OSC_OB"": ""58"", ""ETS2_OSC_OS"": ""25"", ""ETS2_OSC_PERIOD"": ""2"", ""ETS2_OSC_TYPE"": ""force"", ""ETS2_SL_ATR_MULT"": ""0.75"", ""ETS2_TP1_ATR_MULT"": ""1.0"", ""ETS2_TP_ATR_MULT"": ""2.0"", ""ETS2_WAVE_LOOKBACK"": ""1""}"
226,elder_ema50_force_canonical_v1_r226,/root/by-bot/backtest_runs/portfolio_20260618_145157_elder_ema50_force_canonical_v1_r226,False,pf<1.15;dd>10.0;net<4.0;neg_months>5;neg_streak>3,-2352.821366408,4031,-97.96,0.692,0.407,97.9778,12,0,12,-28.081261720000015,"{""ETS2_ENTRY_MIN_BODY_FRAC"": ""0.15"", ""ETS2_ENTRY_RETEST_BARS"": ""5"", ""ETS2_ENTRY_TF"": ""15"", ""ETS2_OSC_OB"": ""58"", ""ETS2_OSC_OS"": ""25"", ""ETS2_OSC_PERIOD"": ""2"", ""ETS2_OSC_TYPE"": ""force"", ""ETS2_SL_ATR_MULT"": ""0.75"", ""ETS2_TP1_ATR_MULT"": ""1.0"", ""ETS2_TP_ATR_MULT"": ""2.0"", ""ETS2_WAVE_LOOKBACK"": ""3""}"
227,elder_ema50_force_canonical_v1_r227,/root/by-bot/backtest_runs/portfolio_20260618_145338_elder_ema50_force_canonical_v1_r227,False,pf<1.15;dd>10.0;net<4.0;neg_months>5;neg_streak>3,-2349.885686484,3424,-97.66,0.669,0.393,97.7032,12,0,12,-26.633776060000002,"{""ETS2_ENTRY_MIN_BODY_FRAC"": ""0.15"", ""ETS2_ENTRY_RETEST_BARS"": ""5"", ""ETS2_ENTRY_TF"": ""15"", ""ETS2_OSC_OB"": ""58"", ""ETS2_OSC_OS"": ""25"", ""ETS2_OSC_PERIOD"": ""2"", ""ETS2_OSC_TYPE"": ""force"", ""ETS2_SL_ATR_MULT"": ""0.75"", ""ETS2_TP1_ATR_MULT"": ""1.0"", ""ETS2_TP_ATR_MULT"": ""2.5"", ""ETS2_WAVE_LOOKBACK"": ""1""}"
228,elder_ema50_force_canonical_v1_r228,/root/by-bot/backtest_runs/portfolio_20260618_145533_elder_ema50_force_canonical_v1_r228,False,pf<1.15;dd>10.0;net<4.0;neg_months>5;neg_streak>3,-2348.2975208119997,3812,-98.29,0.685,0.397,98.3336,12,0,12,-24.058800580000003,"{""ETS2_ENTRY_MIN_BODY_FRAC"": ""0.15"", ""ETS2_ENTRY_RETEST_BARS"": ""5"", ""ETS2_ENTRY_TF"": ""15"", ""ETS2_OSC_OB"": ""58"", ""ETS2_OSC_OS"": ""25"", ""ETS2_OSC_PERIOD"": ""2"", ""ETS2_OSC_TYPE"": ""force"", ""ETS2_SL_ATR_MULT"": ""0.75"", ""ETS2_TP1_ATR_MULT"": ""1.0"", ""ETS2_TP_ATR_MULT"": ""2.5"", ""ETS2_WAVE_LOOKBACK"": ""3""}"
229,elder_ema50_force_canonical_v1_r229,/root/by-bot/backtest_runs/portfolio_20260618_145653_elder_ema50_force_canonical_v1_r229,False,pf<1.15;dd>10.0;net<4.0;neg_months>5;neg_streak>3,-2356.3911550000003,3786,-98.23,0.658,0.33,98.2703,12,0,12,-29.981825000000022,"{""ETS2_ENTRY_MIN_BODY_FRAC"": ""0.15"", ""ETS2_ENTRY_RETEST_BARS"": ""5"", ""ETS2_ENTRY_TF"": ""15"", ""ETS2_OSC_OB"": ""58"", ""ETS2_OSC_OS"": ""25"", ""ETS2_OSC_PERIOD"": ""2"", ""ETS2_OSC_TYPE"": ""force"", ""ETS2_SL_ATR_MULT"": ""0.75"", ""ETS2_TP1_ATR_MULT"": ""1.25"", ""ETS2_TP_ATR_MULT"": ""1.5"", ""ETS2_WAVE_LOOKBACK"": ""1""}"
230,elder_ema50_force_canonical_v1_r230,/root/by-bot/backtest_runs/portfolio_20260618_145831_elder_ema50_force_canonical_v1_r230,False,pf<1.15;dd>10.0;net<4.0;neg_months>5;neg_streak>3,-2365.383472094,4363,-99.15,0.662,0.334,99.1579,12,0,12,-34.34833721000002,"{""ETS2_ENTRY_MIN_BODY_FRAC"": ""0.15"", ""ETS2_ENTRY_RETEST_BARS"": ""5"", ""ETS2_ENTRY_TF"": ""15"", ""ETS2_OSC_OB"": ""58"", ""ETS2_OSC_OS"": ""25"", ""ETS2_OSC_PERIOD"": ""2"", ""ETS2_OSC_TYPE"": ""force"", ""ETS2_SL_ATR_MULT"": ""0.75"", ""ETS2_TP1_ATR_MULT"": ""1.25"", ""ETS2_TP_ATR_MULT"": ""1.5"", ""ETS2_WAVE_LOOKBACK"": ""3""}"
231,elder_ema50_force_canonical_v1_r231,/root/by-bot/backtest_runs/portfolio_20260618_150028_elder_ema50_force_canonical_v1_r231,False,pf<1.15;dd>10.0;net<4.0;neg_months>5;neg_streak>3,-2351.459982284,3595,-97.88,0.66,0.326,97.9226,12,0,12,-27.25627306000002,"{""ETS2_ENTRY_MIN_BODY_FRAC"": ""0.15"", ""ETS2_ENTRY_RETEST_BARS"": ""5"", ""ETS2_ENTRY_TF"": ""15"", ""ETS2_OSC_OB"": ""58"", ""ETS2_OSC_OS"": ""25"", ""ETS2_OSC_PERIOD"": ""2"", ""ETS2_OSC_TYPE"": ""force"", ""ETS2_SL_ATR_MULT"": ""0.75"", ""ETS2_TP1_ATR_MULT"": ""1.25"", ""ETS2_TP_ATR_MULT"": ""2.0"", ""ETS2_WAVE_LOOKBACK"": ""1""}"
232,elder_ema50_force_canonical_v1_r232,/root/by-bot/backtest_runs/portfolio_20260618_150244_elder_ema50_force_canonical_v1_r232,False,pf<1.15;dd>10.0;net<4.0;neg_months>5;neg_streak>3,-2356.990906714,4040,-98.15,0.681,0.337,98.1653,12,0,12,-30.628790510000044,"{""ETS2_ENTRY_MIN_BODY_FRAC"": ""0.15"", ""ETS2_ENTRY_RETEST_BARS"": ""5"", ""ETS2_ENTRY_TF"": ""15"", ""ETS2_OSC_OB"": ""58"", ""ETS2_OSC_OS"": ""25"", ""ETS2_OSC_PERIOD"": ""2"", ""ETS2_OSC_TYPE"": ""force"", ""ETS2_SL_ATR_MULT"": ""0.75"", ""ETS2_TP1_ATR_MULT"": ""1.25"", ""ETS2_TP_ATR_MULT"": ""2.0"", ""ETS2_WAVE_LOOKBACK"": ""3""}"
233,elder_ema50_force_canonical_v1_r233,/root/by-bot/backtest_runs/portfolio_20260618_150414_elder_ema50_force_canonical_v1_r233,False,pf<1.15;dd>10.0;net<4.0;neg_months>5;neg_streak>3,-2353.4880639859994,3433,-97.96,0.654,0.319,97.9902,12,0,12,-28.539759989999993,"{""ETS2_ENTRY_MIN_BODY_FRAC"": ""0.15"", ""ETS2_ENTRY_RETEST_BARS"": ""5"", ""ETS2_ENTRY_TF"": ""15"", ""ETS2_OSC_OB"": ""58"", ""ETS2_OSC_OS"": ""25"", ""ETS2_OSC_PERIOD"": ""2"", ""ETS2_OSC_TYPE"": ""force"", ""ETS2_SL_ATR_MULT"": ""0.75"", ""ETS2_TP1_ATR_MULT"": ""1.25"", ""ETS2_TP_ATR_MULT"": ""2.5"", ""ETS2_WAVE_LOOKBACK"": ""1""}"
234,elder_ema50_force_canonical_v1_r234,/root/by-bot/backtest_runs/portfolio_20260618_150609_elder_ema50_force_canonical_v1_r234,False,pf<1.15;dd>10.0;net<4.0;neg_months>5;neg_streak>3,-2356.330600894,3836,-98.53,0.665,0.326,98.5699,12,0,12,-29.253429210000014,"{""ETS2_ENTRY_MIN_BODY_FRAC"": ""0.15"", ""ETS2_ENTRY_RETEST_BARS"": ""5"", ""ETS2_ENTRY_TF"": ""15"", ""ETS2_OSC_OB"": ""58"", ""ETS2_OSC_OS"": ""25"", ""ETS2_OSC_PERIOD"": ""2"", ""ETS2_OSC_TYPE"": ""force"", ""ETS2_SL_ATR_MULT"": ""0.75"", ""ETS2_TP1_ATR_MULT"": ""1.25"", ""ETS2_TP_ATR_MULT"": ""2.5"", ""ETS2_WAVE_LOOKBACK"": ""3""}"
235,elder_ema50_force_canonical_v1_r235,/root/by-bot/backtest_runs/portfolio_20260618_150734_elder_ema50_force_canonical_v1_r235,False,pf<1.15;dd>10.0;net<4.0;neg_months>5;neg_streak>3,-2334.323840838,3306,-92.11,0.705,0.489,92.1965,12,0,12,-28.142029169999997,"{""ETS2_ENTRY_MIN_BODY_FRAC"": ""0.15"", ""ETS2_ENTRY_RETEST_BARS"": ""5"", ""ETS2_ENTRY_TF"": ""15"", ""ETS2_OSC_OB"": ""58"", ""ETS2_OSC_OS"": ""25"", ""ETS2_OSC_PERIOD"": ""2"", ""ETS2_OSC_TYPE"": ""force"", ""ETS2_SL_ATR_MULT"": ""1.0"", ""ETS2_TP1_ATR_MULT"": ""0.75"", ""ETS2_TP_ATR_MULT"": ""1.5"", ""ETS2_WAVE_LOOKBACK"": ""1""}"
236,elder_ema50_force_canonical_v1_r236,/root/by-bot/backtest_runs/portfolio_20260618_150919_elder_ema50_force_canonical_v1_r236,False,pf<1.15;dd>10.0;net<4.0;neg_months>5;neg_streak>3,-2340.3285338000005,3712,-93.31,0.72,0.495,93.522,11,1,11,-30.794667000000008,"{""ETS2_ENTRY_MIN_BODY_FRAC"": ""0.15"", ""ETS2_ENTRY_RETEST_BARS"": ""5"", ""ETS2_ENTRY_TF"": ""15"", ""ETS2_OSC_OB"": ""58"", ""ETS2_OSC_OS"": ""25"", ""ETS2_OSC_PERIOD"": ""2"", ""ETS2_OSC_TYPE"": ""force"", ""ETS2_SL_ATR_MULT"": ""1.0"", ""ETS2_TP1_ATR_MULT"": ""0.75"", ""ETS2_TP_ATR_MULT"": ""1.5"", ""ETS2_WAVE_LOOKBACK"": ""3""}"
237,elder_ema50_force_canonical_v1_r237,/root/by-bot/backtest_runs/portfolio_20260618_151124_elder_ema50_force_canonical_v1_r237,False,pf<1.15;dd>10.0;net<4.0;neg_months>5;neg_streak>3,-2332.5712620279996,3081,-91.7,0.687,0.482,91.7522,12,0,12,-27.87633001999999,"{""ETS2_ENTRY_MIN_BODY_FRAC"": ""0.15"", ""ETS2_ENTRY_RETEST_BARS"": ""5"", ""ETS2_ENTRY_TF"": ""15"", ""ETS2_OSC_OB"": ""58"", ""ETS2_OSC_OS"": ""25"", ""ETS2_OSC_PERIOD"": ""2"", ""ETS2_OSC_TYPE"": ""force"", ""ETS2_SL_ATR_MULT"": ""1.0"", ""ETS2_TP1_ATR_MULT"": ""0.75"", ""ETS2_TP_ATR_MULT"": ""2.0"", ""ETS2_WAVE_LOOKBACK"": ""1""}"
238,elder_ema50_force_canonical_v1_r238,/root/by-bot/backtest_runs/portfolio_20260618_151253_elder_ema50_force_canonical_v1_r238,False,pf<1.15;dd>10.0;net<4.0;neg_months>5;neg_streak>3,-2322.502555626,3408,-90.72,0.732,0.491,90.7454,12,0,12,-22.962682590000007,"{""ETS2_ENTRY_MIN_BODY_FRAC"": ""0.15"", ""ETS2_ENTRY_RETEST_BARS"": ""5"", ""ETS2_ENTRY_TF"": ""15"", ""ETS2_OSC_OB"": ""58"", ""ETS2_OSC_OS"": ""25"", ""ETS2_OSC_PERIOD"": ""2"", ""ETS2_OSC_TYPE"": ""force"", ""ETS2_SL_ATR_MULT"": ""1.0"", ""ETS2_TP1_ATR_MULT"": ""0.75"", ""ETS2_TP_ATR_MULT"": ""2.0"", ""ETS2_WAVE_LOOKBACK"": ""3""}"
239,elder_ema50_force_canonical_v1_r239,/root/by-bot/backtest_runs/portfolio_20260618_151407_elder_ema50_force_canonical_v1_r239,False,pf<1.15;dd>10.0;net<4.0;neg_months>5;neg_streak>3,-2322.048020444,2909,-90.21,0.683,0.483,90.2855,12,0,12,-23.73215746,"{""ETS2_ENTRY_MIN_BODY_FRAC"": ""0.15"", ""ETS2_ENTRY_RETEST_BARS"": ""5"", ""ETS2_ENTRY_TF"": ""15"", ""ETS2_OSC_OB"": ""58"", ""ETS2_OSC_OS"": ""25"", ""ETS2_OSC_PERIOD"": ""2"", ""ETS2_OSC_TYPE"": ""force"", ""ETS2_SL_ATR_MULT"": ""1.0"", ""ETS2_TP1_ATR_MULT"": ""0.75"", ""ETS2_TP_ATR_MULT"": ""2.5"", ""ETS2_WAVE_LOOKBACK"": ""1""}"
240,elder_ema50_force_canonical_v1_r240,/root/by-bot/backtest_runs/portfolio_20260618_151547_elder_ema50_force_canonical_v1_r240,False,pf<1.15;dd>10.0;net<4.0;neg_months>5;neg_streak>3,-2313.1624848059996,3174,-89.07,0.723,0.495,89.3882,12,0,12,-19.64434629000001,"{""ETS2_ENTRY_MIN_BODY_FRAC"": ""0.15"", ""ETS2_ENTRY_RETEST_BARS"": ""5"", ""ETS2_ENTRY_TF"": ""15"", ""ETS2_OSC_OB"": ""58"", ""ETS2_OSC_OS"": ""25"", ""ETS2_OSC_PERIOD"": ""2"", ""ETS2_OSC_TYPE"": ""force"", ""ETS2_SL_ATR_MULT"": ""1.0"", ""ETS2_TP1_ATR_MULT"": ""0.75"", ""ETS2_TP_ATR_MULT"": ""2.5"", ""ETS2_WAVE_LOOKBACK"": ""3""}"
241,elder_ema50_force_canonical_v1_r241,/root/by-bot/backtest_runs/portfolio_20260618_151701_elder_ema50_force_canonical_v1_r241,False,pf<1.15;dd>10.0;net<4.0;neg_months>5;neg_streak>3,-2327.5533020479998,3303,-90.79,0.75,0.49,90.9013,12,0,12,-26.287644320000005,"{""ETS2_ENTRY_MIN_BODY_FRAC"": ""0.15"", ""ETS2_ENTRY_RETEST_BARS"": ""5"", ""ETS2_ENTRY_TF"": ""15"", ""ETS2_OSC_OB"": ""58"", ""ETS2_OSC_OS"": ""25"", ""ETS2_OSC_PERIOD"": ""2"", ""ETS2_OSC_TYPE"": ""force"", ""ETS2_SL_ATR_MULT"": ""1.0"", ""ETS2_TP1_ATR_MULT"": ""1.0"", ""ETS2_TP_ATR_MULT"": ""1.5"", ""ETS2_WAVE_LOOKBACK"": ""1""}"
242,elder_ema50_force_canonical_v1_r242,/root/by-bot/backtest_runs/portfolio_20260618_151854_elder_ema50_force_canonical_v1_r242,False,pf<1.15;dd>10.0;net<4.0;neg_months>5;neg_streak>3,-2336.69937714,3724,-92.87,0.75,0.494,92.9104,12,0,12,-28.167555099999987,"{""ETS2_ENTRY_MIN_BODY_FRAC"": ""0.15"", ""ETS2_ENTRY_RETEST_BARS"": ""5"", ""ETS2_ENTRY_TF"": ""15"", ""ETS2_OSC_OB"": ""58"", ""ETS2_OSC_OS"": ""25"", ""ETS2_OSC_PERIOD"": ""2"", ""ETS2_OSC_TYPE"": ""force"", ""ETS2_SL_ATR_MULT"": ""1.0"", ""ETS2_TP1_ATR_MULT"": ""1.0"", ""ETS2_TP_ATR_MULT"": ""1.5"", ""ETS2_WAVE_LOOKBACK"": ""3""}"
243,elder_ema50_force_canonical_v1_r243,/root/by-bot/backtest_runs/portfolio_20260618_152041_elder_ema50_force_canonical_v1_r243,False,pf<1.15;dd>10.0;net<4.0;neg_months>5;neg_streak>3,-2329.3171660559997,3082,-90.82,0.724,0.482,90.9224,12,0,12,-27.49169003999998,"{""ETS2_ENTRY_MIN_BODY_FRAC"": ""0.15"", ""ETS2_ENTRY_RETEST_BARS"": ""5"", ""ETS2_ENTRY_TF"": ""15"", ""ETS2_OSC_OB"": ""58"", ""ETS2_OSC_OS"": ""25"", ""ETS2_OSC_PERIOD"": ""2"", ""ETS2_OSC_TYPE"": ""force"", ""ETS2_SL_ATR_MULT"": ""1.0"", ""ETS2_TP1_ATR_MULT"": ""1.0"", ""ETS2_TP_ATR_MULT"": ""2.0"", ""ETS2_WAVE_LOOKBACK"": ""1""}"
244,elder_ema50_force_canonical_v1_r244,/root/by-bot/backtest_runs/portfolio_20260618_152217_elder_ema50_force_canonical_v1_r244,False,pf<1.15;dd>10.0;net<4.0;neg_months>5;neg_streak>3,-2317.0024034159997,3409,-89.48,0.768,0.492,89.5987,12,0,12,-21.735002440000013,"{""ETS2_ENTRY_MIN_BODY_FRAC"": ""0.15"", ""ETS2_ENTRY_RETEST_BARS"": ""5"", ""ETS2_ENTRY_TF"": ""15"", ""ETS2_OSC_OB"": ""58"", ""ETS2_OSC_OS"": ""25"", ""ETS2_OSC_PERIOD"": ""2"", ""ETS2_OSC_TYPE"": ""force"", ""ETS2_SL_ATR_MULT"": ""1.0"", ""ETS2_TP1_ATR_MULT"": ""1.0"", ""ETS2_TP_ATR_MULT"": ""2.0"", ""ETS2_WAVE_LOOKBACK"": ""3""}"
245,elder_ema50_force_canonical_v1_r245,/root/by-bot/backtest_runs/portfolio_20260618_152337_elder_ema50_force_canonical_v1_r245,False,pf<1.15;dd>10.0;net<4.0;neg_months>5;neg_streak>3,-2315.7971855019996,2904,-88.76,0.726,0.486,88.8704,12,0,12,-22.53170392999999,"{""ETS2_ENTRY_MIN_BODY_FRAC"": ""0.15"", ""ETS2_ENTRY_RETEST_BARS"": ""5"", ""ETS2_ENTRY_TF"": ""15"", ""ETS2_OSC_OB"": ""58"", ""ETS2_OSC_OS"": ""25"", ""ETS2_OSC_PERIOD"": ""2"", ""ETS2_OSC_TYPE"": ""force"", ""ETS2_SL_ATR_MULT"": ""1.0"", ""ETS2_TP1_ATR_MULT"": ""1.0"", ""ETS2_TP_ATR_MULT"": ""2.5"", ""ETS2_WAVE_LOOKBACK"": ""1""}"
246,elder_ema50_force_canonical_v1_r246,/root/by-bot/backtest_runs/portfolio_20260618_152517_elder_ema50_force_canonical_v1_r246,False,pf<1.15;dd>10.0;net<4.0;neg_months>5;neg_streak>3,-2305.8688162579997,3173,-87.52,0.762,0.496,87.9777,12,0,12,-17.778154470000008,"{""ETS2_ENTRY_MIN_BODY_FRAC"": ""0.15"", ""ETS2_ENTRY_RETEST_BARS"": ""5"", ""ETS2_ENTRY_TF"": ""15"", ""ETS2_OSC_OB"": ""58"", ""ETS2_OSC_OS"": ""25"", ""ETS2_OSC_PERIOD"": ""2"", ""ETS2_OSC_TYPE"": ""force"", ""ETS2_SL_ATR_MULT"": ""1.0"", ""ETS2_TP1_ATR_MULT"": ""1.0"", ""ETS2_TP_ATR_MULT"": ""2.5"", ""ETS2_WAVE_LOOKBACK"": ""3""}"
247,elder_ema50_force_canonical_v1_r247,/root/by-bot/backtest_runs/portfolio_20260618_152648_elder_ema50_force_canonical_v1_r247,False,pf<1.15;dd>10.0;net<4.0;neg_months>5;neg_streak>3,-2331.5225296539998,3312,-91.15,0.747,0.418,91.3011,12,0,12,-28.24309260999999,"{""ETS2_ENTRY_MIN_BODY_FRAC"": ""0.15"", ""ETS2_ENTRY_RETEST_BARS"": ""5"", ""ETS2_ENTRY_TF"": ""15"", ""ETS2_OSC_OB"": ""58"", ""ETS2_OSC_OS"": ""25"", ""ETS2_OSC_PERIOD"": ""2"", ""ETS2_OSC_TYPE"": ""force"", ""ETS2_SL_ATR_MULT"": ""1.0"", ""ETS2_TP1_ATR_MULT"": ""1.25"", ""ETS2_TP_ATR_MULT"": ""1.5"", ""ETS2_WAVE_LOOKBACK"": ""1""}"
248,elder_ema50_force_canonical_v1_r248,/root/by-bot/backtest_runs/portfolio_20260618_152826_elder_ema50_force_canonical_v1_r248,False,pf<1.15;dd>10.0;net<4.0;neg_months>5;neg_streak>3,-2342.617967388,3740,-93.57,0.742,0.422,93.6299,12,0,12,-30.76726242000001,"{""ETS2_ENTRY_MIN_BODY_FRAC"": ""0.15"", ""ETS2_ENTRY_RETEST_BARS"": ""5"", ""ETS2_ENTRY_TF"": ""15"", ""ETS2_OSC_OB"": ""58"", ""ETS2_OSC_OS"": ""25"", ""ETS2_OSC_PERIOD"": ""2"", ""ETS2_OSC_TYPE"": ""force"", ""ETS2_SL_ATR_MULT"": ""1.0"", ""ETS2_TP1_ATR_MULT"": ""1.25"", ""ETS2_TP_ATR_MULT"": ""1.5"", ""ETS2_WAVE_LOOKBACK"": ""3""}"
249,elder_ema50_force_canonical_v1_r249,/root/by-bot/backtest_runs/portfolio_20260618_152959_elder_ema50_force_canonical_v1_r249,False,pf<1.15;dd>10.0;net<4.0;neg_months>5;neg_streak>3,-2334.464000078,3096,-91.4,0.718,0.412,91.543,12,0,12,-29.78428577,"{""ETS2_ENTRY_MIN_BODY_FRAC"": ""0.15"", ""ETS2_ENTRY_RETEST_BARS"": ""5"", ""ETS2_ENTRY_TF"": ""15"", ""ETS2_OSC_OB"": ""58"", ""ETS2_OSC_OS"": ""25"", ""ETS2_OSC_PERIOD"": ""2"", ""ETS2_OSC_TYPE"": ""force"", ""ETS2_SL_ATR_MULT"": ""1.0"", ""ETS2_TP1_ATR_MULT"": ""1.25"", ""ETS2_TP_ATR_MULT"": ""2.0"", ""ETS2_WAVE_LOOKBACK"": ""1""}"
250,elder_ema50_force_canonical_v1_r250,/root/by-bot/backtest_runs/portfolio_20260618_153220_elder_ema50_force_canonical_v1_r250,False,pf<1.15;dd>10.0;net<4.0;neg_months>5;neg_streak>3,-2319.968291076,3412,-89.41,0.775,0.422,89.5173,12,0,12,-24.029779340000008,"{""ETS2_ENTRY_MIN_BODY_FRAC"": ""0.15"", ""ETS2_ENTRY_RETEST_BARS"": ""5"", ""ETS2_ENTRY_TF"": ""15"", ""ETS2_OSC_OB"": ""58"", ""ETS2_OSC_OS"": ""25"", ""ETS2_OSC_PERIOD"": ""2"", ""ETS2_OSC_TYPE"": ""force"", ""ETS2_SL_ATR_MULT"": ""1.0"", ""ETS2_TP1_ATR_MULT"": ""1.25"", ""ETS2_TP_ATR_MULT"": ""2.0"", ""ETS2_WAVE_LOOKBACK"": ""3""}"
251,elder_ema50_force_canonical_v1_r251,/root/by-bot/backtest_runs/portfolio_20260618_153342_elder_ema50_force_canonical_v1_r251,False,pf<1.15;dd>10.0;net<4.0;neg_months>5;neg_streak>3,-2316.73072496,2904,-88.86,0.729,0.413,88.9914,12,0,12,-22.939946400000018,"{""ETS2_ENTRY_MIN_BODY_FRAC"": ""0.15"", ""ETS2_ENTRY_RETEST_BARS"": ""5"", ""ETS2_ENTRY_TF"": ""15"", ""ETS2_OSC_OB"": ""58"", ""ETS2_OSC_OS"": ""25"", ""ETS2_OSC_PERIOD"": ""2"", ""ETS2_OSC_TYPE"": ""force"", ""ETS2_SL_ATR_MULT"": ""1.0"", ""ETS2_TP1_ATR_MULT"": ""1.25"", ""ETS2_TP_ATR_MULT"": ""2.5"", ""ETS2_WAVE_LOOKBACK"": ""1""}"
252,elder_ema50_force_canonical_v1_r252,/root/by-bot/backtest_runs/portfolio_20260618_153515_elder_ema50_force_canonical_v1_r252,False,pf<1.15;dd>10.0;net<4.0;neg_months>5;neg_streak>3,-2310.617002452,3180,-88.09,0.763,0.424,88.6529,12,0,12,-19.716573180000008,"{""ETS2_ENTRY_MIN_BODY_FRAC"": ""0.15"", ""ETS2_ENTRY_RETEST_BARS"": ""5"", ""ETS2_ENTRY_TF"": ""15"", ""ETS2_OSC_OB"": ""58"", ""ETS2_OSC_OS"": ""25"", ""ETS2_OSC_PERIOD"": ""2"", ""ETS2_OSC_TYPE"": ""force"", ""ETS2_SL_ATR_MULT"": ""1.0"", ""ETS2_TP1_ATR_MULT"": ""1.25"", ""ETS2_TP_ATR_MULT"": ""2.5"", ""ETS2_WAVE_LOOKBACK"": ""3""}"
253,elder_ema50_force_canonical_v1_r253,/root/by-bot/backtest_runs/portfolio_20260618_153649_elder_ema50_force_canonical_v1_r253,False,pf<1.15;dd>10.0;net<4.0;neg_months>5;neg_streak>3,-2301.3165589959995,2843,-83.95,0.716,0.492,84.2222,12,0,12,-22.95154214,"{""ETS2_ENTRY_MIN_BODY_FRAC"": ""0.15"", ""ETS2_ENTRY_RETEST_BARS"": ""5"", ""ETS2_ENTRY_TF"": ""15"", ""ETS2_OSC_OB"": ""58"", ""ETS2_OSC_OS"": ""25"", ""ETS2_OSC_PERIOD"": ""2"", ""ETS2_OSC_TYPE"": ""force"", ""ETS2_SL_ATR_MULT"": ""1.25"", ""ETS2_TP1_ATR_MULT"": ""0.75"", ""ETS2_TP_ATR_MULT"": ""1.5"", ""ETS2_WAVE_LOOKBACK"": ""1""}"
254,elder_ema50_force_canonical_v1_r254,/root/by-bot/backtest_runs/portfolio_20260618_153827_elder_ema50_force_canonical_v1_r254,False,pf<1.15;dd>10.0;net<4.0;neg_months>5;neg_streak>3,-2293.8106943200005,3191,-81.34,0.76,0.508,81.9642,11,1,11,-24.361638800000012,"{""ETS2_ENTRY_MIN_BODY_FRAC"": ""0.15"", ""ETS2_ENTRY_RETEST_BARS"": ""5"", ""ETS2_ENTRY_TF"": ""15"", ""ETS2_OSC_OB"": ""58"", ""ETS2_OSC_OS"": ""25"", ""ETS2_OSC_PERIOD"": ""2"", ""ETS2_OSC_TYPE"": ""force"", ""ETS2_SL_ATR_MULT"": ""1.25"", ""ETS2_TP1_ATR_MULT"": ""0.75"", ""ETS2_TP_ATR_MULT"": ""1.5"", ""ETS2_WAVE_LOOKBACK"": ""3""}"
255,elder_ema50_force_canonical_v1_r255,/root/by-bot/backtest_runs/portfolio_20260618_153937_elder_ema50_force_canonical_v1_r255,False,pf<1.15;dd>10.0;net<4.0;neg_months>5;neg_streak>3,-2295.851854072,2627,-82.04,0.707,0.49,82.2091,12,0,12,-23.561181480000005,"{""ETS2_ENTRY_MIN_BODY_FRAC"": ""0.15"", ""ETS2_ENTRY_RETEST_BARS"": ""5"", ""ETS2_ENTRY_TF"": ""15"", ""ETS2_OSC_OB"": ""58"", ""ETS2_OSC_OS"": ""25"", ""ETS2_OSC_PERIOD"": ""2"", ""ETS2_OSC_TYPE"": ""force"", ""ETS2_SL_ATR_MULT"": ""1.25"", ""ETS2_TP1_ATR_MULT"": ""0.75"", ""ETS2_TP_ATR_MULT"": ""2.0"", ""ETS2_WAVE_LOOKBACK"": ""1""}"
256,elder_ema50_force_canonical_v1_r256,/root/by-bot/backtest_runs/portfolio_20260618_154118_elder_ema50_force_canonical_v1_r256,False,pf<1.15;dd>10.0;net<4.0;neg_months>5;neg_streak>3,-2279.7463534420003,2886,-79.59,0.755,0.501,80.3437,11,1,11,-18.11068102999998,"{""ETS2_ENTRY_MIN_BODY_FRAC"": ""0.15"", ""ETS2_ENTRY_RETEST_BARS"": ""5"", ""ETS2_ENTRY_TF"": ""15"", ""ETS2_OSC_OB"": ""58"", ""ETS2_OSC_OS"": ""25"", ""ETS2_OSC_PERIOD"": ""2"", ""ETS2_OSC_TYPE"": ""force"", ""ETS2_SL_ATR_MULT"": ""1.25"", ""ETS2_TP1_ATR_MULT"": ""0.75"", ""ETS2_TP_ATR_MULT"": ""2.0"", ""ETS2_WAVE_LOOKBACK"": ""3""}"
257,elder_ema50_force_canonical_v1_r257,/root/by-bot/backtest_runs/portfolio_20260618_154226_elder_ema50_force_canonical_v1_r257,False,pf<1.15;dd>10.0;net<4.0;neg_months>5;neg_streak>3,-2277.5945320280002,2473,-78.78,0.723,0.487,79.1535,11,1,9,-18.96538002000001,"{""ETS2_ENTRY_MIN_BODY_FRAC"": ""0.15"", ""ETS2_ENTRY_RETEST_BARS"": ""5"", ""ETS2_ENTRY_TF"": ""15"", ""ETS2_OSC_OB"": ""58"", ""ETS2_OSC_OS"": ""25"", ""ETS2_OSC_PERIOD"": ""2"", ""ETS2_OSC_TYPE"": ""force"", ""ETS2_SL_ATR_MULT"": ""1.25"", ""ETS2_TP1_ATR_MULT"": ""0.75"", ""ETS2_TP_ATR_MULT"": ""2.5"", ""ETS2_WAVE_LOOKBACK"": ""1""}"
258,elder_ema50_force_canonical_v1_r258,/root/by-bot/backtest_runs/portfolio_20260618_154337_elder_ema50_force_canonical_v1_r258,False,pf<1.15;dd>10.0;net<4.0;neg_months>5;neg_streak>3,-2281.26935761,2728,-79.89,0.731,0.493,80.9592,12,0,12,-16.773541150000007,"{""ETS2_ENTRY_MIN_BODY_FRAC"": ""0.15"", ""ETS2_ENTRY_RETEST_BARS"": ""5"", ""ETS2_ENTRY_TF"": ""15"", ""ETS2_OSC_OB"": ""58"", ""ETS2_OSC_OS"": ""25"", ""ETS2_OSC_PERIOD"": ""2"", ""ETS2_OSC_TYPE"": ""force"", ""ETS2_SL_ATR_MULT"": ""1.25"", ""ETS2_TP1_ATR_MULT"": ""0.75"", ""ETS2_TP_ATR_MULT"": ""2.5"", ""ETS2_WAVE_LOOKBACK"": ""3""}"
259,elder_ema50_force_canonical_v1_r259,/root/by-bot/backtest_runs/portfolio_20260618_154450_elder_ema50_force_canonical_v1_r259,False,pf<1.15;dd>10.0;net<4.0;neg_months>5;neg_streak>3,-2297.5972619000004,2843,-83.36,0.743,0.493,83.6696,11,1,9,-22.8757585,"{""ETS2_ENTRY_MIN_BODY_FRAC"": ""0.15"", ""ETS2_ENTRY_RETEST_BARS"": ""5"", ""ETS2_ENTRY_TF"": ""15"", ""ETS2_OSC_OB"": ""58"", ""ETS2_OSC_OS"": ""25"", ""ETS2_OSC_PERIOD"": ""2"", ""ETS2_OSC_TYPE"": ""force"", ""ETS2_SL_ATR_MULT"": ""1.25"", ""ETS2_TP1_ATR_MULT"": ""1.0"", ""ETS2_TP_ATR_MULT"": ""1.5"", ""ETS2_WAVE_LOOKBACK"": ""1""}"
260,elder_ema50_force_canonical_v1_r260,/root/by-bot/backtest_runs/portfolio_20260618_154659_elder_ema50_force_canonical_v1_r260,False,pf<1.15;dd>10.0;net<4.0;neg_months>5;neg_streak>3,-2287.5453553079997,3192,-79.43,0.791,0.506,80.1052,12,0,12,-22.887825220000003,"{""ETS2_ENTRY_MIN_BODY_FRAC"": ""0.15"", ""ETS2_ENTRY_RETEST_BARS"": ""5"", ""ETS2_ENTRY_TF"": ""15"", ""ETS2_OSC_OB"": ""58"", ""ETS2_OSC_OS"": ""25"", ""ETS2_OSC_PERIOD"": ""2"", ""ETS2_OSC_TYPE"": ""force"", ""ETS2_SL_ATR_MULT"": ""1.25"", ""ETS2_TP1_ATR_MULT"": ""1.0"", ""ETS2_TP_ATR_MULT"": ""1.5"", ""ETS2_WAVE_LOOKBACK"": ""3""}"
261,elder_ema50_force_canonical_v1_r261,/root/by-bot/backtest_runs/portfolio_20260618_154828_elder_ema50_force_canonical_v1_r261,False,pf<1.15;dd>10.0;net<4.0;neg_months>5;neg_streak>3,-2293.675827222,2627,-81.18,0.736,0.49,81.3973,12,0,12,-23.903733730000006,"{""ETS2_ENTRY_MIN_BODY_FRAC"": ""0.15"", ""ETS2_ENTRY_RETEST_BARS"": ""5"", ""ETS2_ENTRY_TF"": ""15"", ""ETS2_OSC_OB"": ""58"", ""ETS2_OSC_OS"": ""25"", ""ETS2_OSC_PERIOD"": ""2"", ""ETS2_OSC_TYPE"": ""force"", ""ETS2_SL_ATR_MULT"": ""1.25"", ""ETS2_TP1_ATR_MULT"": ""1.0"", ""ETS2_TP_ATR_MULT"": ""2.0"", ""ETS2_WAVE_LOOKBACK"": ""1""}"
262,elder_ema50_force_canonical_v1_r262,/root/by-bot/backtest_runs/portfolio_20260618_154949_elder_ema50_force_canonical_v1_r262,False,pf<1.15;dd>10.0;net<4.0;neg_months>5;neg_streak>3,-2270.2040653460003,2887,-77.05,0.789,0.501,78.0159,11,1,11,-16.797332390000005,"{""ETS2_ENTRY_MIN_BODY_FRAC"": ""0.15"", ""ETS2_ENTRY_RETEST_BARS"": ""5"", ""ETS2_ENTRY_TF"": ""15"", ""ETS2_OSC_OB"": ""58"", ""ETS2_OSC_OS"": ""25"", ""ETS2_OSC_PERIOD"": ""2"", ""ETS2_OSC_TYPE"": ""force"", ""ETS2_SL_ATR_MULT"": ""1.25"", ""ETS2_TP1_ATR_MULT"": ""1.0"", ""ETS2_TP_ATR_MULT"": ""2.0"", ""ETS2_WAVE_LOOKBACK"": ""3""}"
263,elder_ema50_force_canonical_v1_r263,/root/by-bot/backtest_runs/portfolio_20260618_155121_elder_ema50_force_canonical_v1_r263,False,pf<1.15;dd>10.0;net<4.0;neg_months>5;neg_streak>3,-2270.61892015,2474,-77.02,0.756,0.487,77.355,11,1,9,-18.060657249999984,"{""ETS2_ENTRY_MIN_BODY_FRAC"": ""0.15"", ""ETS2_ENTRY_RETEST_BARS"": ""5"", ""ETS2_ENTRY_TF"": ""15"", ""ETS2_OSC_OB"": ""58"", ""ETS2_OSC_OS"": ""25"", ""ETS2_OSC_PERIOD"": ""2"", ""ETS2_OSC_TYPE"": ""force"", ""ETS2_SL_ATR_MULT"": ""1.25"", ""ETS2_TP1_ATR_MULT"": ""1.0"", ""ETS2_TP_ATR_MULT"": ""2.5"", ""ETS2_WAVE_LOOKBACK"": ""1""}"
264,elder_ema50_force_canonical_v1_r264,/root/by-bot/backtest_runs/portfolio_20260618_155232_elder_ema50_force_canonical_v1_r264,False,pf<1.15;dd>10.0;net<4.0;neg_months>5;neg_streak>3,-2281.033105532,2734,-79.59,0.754,0.491,80.9661,12,0,12,-16.85207537999999,"{""ETS2_ENTRY_MIN_BODY_FRAC"": ""0.15"", ""ETS2_ENTRY_RETEST_BARS"": ""5"", ""ETS2_ENTRY_TF"": ""15"", ""ETS2_OSC_OB"": ""58"", ""ETS2_OSC_OS"": ""25"", ""ETS2_OSC_PERIOD"": ""2"", ""ETS2_OSC_TYPE"": ""force"", ""ETS2_SL_ATR_MULT"": ""1.25"", ""ETS2_TP1_ATR_MULT"": ""1.0"", ""ETS2_TP_ATR_MULT"": ""2.5"", ""ETS2_WAVE_LOOKBACK"": ""3""}"
265,elder_ema50_force_canonical_v1_r265,/root/by-bot/backtest_runs/portfolio_20260618_155336_elder_ema50_force_canonical_v1_r265,False,pf<1.15;dd>10.0;net<4.0;neg_months>5;neg_streak>3,-2300.3254954420004,2841,-83.44,0.76,0.49,83.8024,11,1,9,-24.566211029999984,"{""ETS2_ENTRY_MIN_BODY_FRAC"": ""0.15"", ""ETS2_ENTRY_RETEST_BARS"": ""5"", ""ETS2_ENTRY_TF"": ""15"", ""ETS2_OSC_OB"": ""58"", ""ETS2_OSC_OS"": ""25"", ""ETS2_OSC_PERIOD"": ""2"", ""ETS2_OSC_TYPE"": ""force"", ""ETS2_SL_ATR_MULT"": ""1.25"", ""ETS2_TP1_ATR_MULT"": ""1.25"", ""ETS2_TP_ATR_MULT"": ""1.5"", ""ETS2_WAVE_LOOKBACK"": ""1""}"
266,elder_ema50_force_canonical_v1_r266,/root/by-bot/backtest_runs/portfolio_20260618_155455_elder_ema50_force_canonical_v1_r266,False,pf<1.15;dd>10.0;net<4.0;neg_months>5;neg_streak>3,-2288.6579714160007,3189,-79.55,0.808,0.504,80.485,11,1,9,-24.317122439999984,"{""ETS2_ENTRY_MIN_BODY_FRAC"": ""0.15"", ""ETS2_ENTRY_RETEST_BARS"": ""5"", ""ETS2_ENTRY_TF"": ""15"", ""ETS2_OSC_OB"": ""58"", ""ETS2_OSC_OS"": ""25"", ""ETS2_OSC_PERIOD"": ""2"", ""ETS2_OSC_TYPE"": ""force"", ""ETS2_SL_ATR_MULT"": ""1.25"", ""ETS2_TP1_ATR_MULT"": ""1.25"", ""ETS2_TP_ATR_MULT"": ""1.5"", ""ETS2_WAVE_LOOKBACK"": ""3""}"
267,elder_ema50_force_canonical_v1_r267,/root/by-bot/backtest_runs/portfolio_20260618_155639_elder_ema50_force_canonical_v1_r267,False,pf<1.15;dd>10.0;net<4.0;neg_months>5;neg_streak>3,-2294.018158602,2628,-81.31,0.754,0.489,81.614,11,1,9,-25.01297043,"{""ETS2_ENTRY_MIN_BODY_FRAC"": ""0.15"", ""ETS2_ENTRY_RETEST_BARS"": ""5"", ""ETS2_ENTRY_TF"": ""15"", ""ETS2_OSC_OB"": ""58"", ""ETS2_OSC_OS"": ""25"", ""ETS2_OSC_PERIOD"": ""2"", ""ETS2_OSC_TYPE"": ""force"", ""ETS2_SL_ATR_MULT"": ""1.25"", ""ETS2_TP1_ATR_MULT"": ""1.25"", ""ETS2_TP_ATR_MULT"": ""2.0"", ""ETS2_WAVE_LOOKBACK"": ""1""}"
268,elder_ema50_force_canonical_v1_r268,/root/by-bot/backtest_runs/portfolio_20260618_155802_elder_ema50_force_canonical_v1_r268,False,pf<1.15;dd>10.0;net<4.0;neg_months>5;neg_streak>3,-2277.056233464,2890,-78.12,0.801,0.497,79.2343,11,1,11,-19.031166759999998,"{""ETS2_ENTRY_MIN_BODY_FRAC"": ""0.15"", ""ETS2_ENTRY_RETEST_BARS"": ""5"", ""ETS2_ENTRY_TF"": ""15"", ""ETS2_OSC_OB"": ""58"", ""ETS2_OSC_OS"": ""25"", ""ETS2_OSC_PERIOD"": ""2"", ""ETS2_OSC_TYPE"": ""force"", ""ETS2_SL_ATR_MULT"": ""1.25"", ""ETS2_TP1_ATR_MULT"": ""1.25"", ""ETS2_TP_ATR_MULT"": ""2.0"", ""ETS2_WAVE_LOOKBACK"": ""3""}"
269,elder_ema50_force_canonical_v1_r269,/root/by-bot/backtest_runs/portfolio_20260618_155915_elder_ema50_force_canonical_v1_r269,False,pf<1.15;dd>10.0;net<4.0;neg_months>5;neg_streak>3,-2273.5439683980003,2472,-77.66,0.771,0.486,78.0316,11,1,9,-18.634834570000002,"{""ETS2_ENTRY_MIN_BODY_FRAC"": ""0.15"", ""ETS2_ENTRY_RETEST_BARS"": ""5"", ""ETS2_ENTRY_TF"": ""15"", ""ETS2_OSC_OB"": ""58"", ""ETS2_OSC_OS"": ""25"", ""ETS2_OSC_PERIOD"": ""2"", ""ETS2_OSC_TYPE"": ""force"", ""ETS2_SL_ATR_MULT"": ""1.25"", ""ETS2_TP1_ATR_MULT"": ""1.25"", ""ETS2_TP_ATR_MULT"": ""2.5"", ""ETS2_WAVE_LOOKBACK"": ""1""}"
270,elder_ema50_force_canonical_v1_r270,/root/by-bot/backtest_runs/portfolio_20260618_160114_elder_ema50_force_canonical_v1_r270,False,pf<1.15;dd>10.0;net<4.0;neg_months>5;neg_streak>3,-2286.1103305359998,2737,-80.11,0.769,0.49,81.4154,12,0,12,-19.391093240000007,"{""ETS2_ENTRY_MIN_BODY_FRAC"": ""0.15"", ""ETS2_ENTRY_RETEST_BARS"": ""5"", ""ETS2_ENTRY_TF"": ""15"", ""ETS2_OSC_OB"": ""58"", ""ETS2_OSC_OS"": ""25"", ""ETS2_OSC_PERIOD"": ""2"", ""ETS2_OSC_TYPE"": ""force"", ""ETS2_SL_ATR_MULT"": ""1.25"", ""ETS2_TP1_ATR_MULT"": ""1.25"", ""ETS2_TP_ATR_MULT"": ""2.5"", ""ETS2_WAVE_LOOKBACK"": ""3""}"
271,elder_ema50_force_canonical_v1_r271,/root/by-bot/backtest_runs/portfolio_20260618_160225_elder_ema50_force_canonical_v1_r271,False,pf<1.15;dd>10.0;net<4.0;neg_months>5;neg_streak>3,-2348.896629084,3661,-97.77,0.657,0.477,97.7853,12,0,12,-25.715735060000004,"{""ETS2_ENTRY_MIN_BODY_FRAC"": ""0.3"", ""ETS2_ENTRY_RETEST_BARS"": ""5"", ""ETS2_ENTRY_TF"": ""15"", ""ETS2_OSC_OB"": ""58"", ""ETS2_OSC_OS"": ""25"", ""ETS2_OSC_PERIOD"": ""2"", ""ETS2_OSC_TYPE"": ""force"", ""ETS2_SL_ATR_MULT"": ""0.75"", ""ETS2_TP1_ATR_MULT"": ""0.75"", ""ETS2_TP_ATR_MULT"": ""1.5"", ""ETS2_WAVE_LOOKBACK"": ""1""}"
272,elder_ema50_force_canonical_v1_r272,/root/by-bot/backtest_runs/portfolio_20260618_160405_elder_ema50_force_canonical_v1_r272,False,pf<1.15;dd>10.0;net<4.0;neg_months>5;neg_streak>3,-2357.200474392,4210,-98.66,0.651,0.481,98.6682,12,0,12,-29.622910280000006,"{""ETS2_ENTRY_MIN_BODY_FRAC"": ""0.3"", ""ETS2_ENTRY_RETEST_BARS"": ""5"", ""ETS2_ENTRY_TF"": ""15"", ""ETS2_OSC_OB"": ""58"", ""ETS2_OSC_OS"": ""25"", ""ETS2_OSC_PERIOD"": ""2"", ""ETS2_OSC_TYPE"": ""force"", ""ETS2_SL_ATR_MULT"": ""0.75"", ""ETS2_TP1_ATR_MULT"": ""0.75"", ""ETS2_TP_ATR_MULT"": ""1.5"", ""ETS2_WAVE_LOOKBACK"": ""3""}"
273,elder_ema50_force_canonical_v1_r273,/root/by-bot/backtest_runs/portfolio_20260618_160555_elder_ema50_force_canonical_v1_r273,False,pf<1.15;dd>10.0;net<4.0;neg_months>5;neg_streak>3,-2342.9588366499997,3481,-97.16,0.666,0.471,97.1685,12,0,12,-22.878454750000024,"{""ETS2_ENTRY_MIN_BODY_FRAC"": ""0.3"", ""ETS2_ENTRY_RETEST_BARS"": ""5"", ""ETS2_ENTRY_TF"": ""15"", ""ETS2_OSC_OB"": ""58"", ""ETS2_OSC_OS"": ""25"", ""ETS2_OSC_PERIOD"": ""2"", ""ETS2_OSC_TYPE"": ""force"", ""ETS2_SL_ATR_MULT"": ""0.75"", ""ETS2_TP1_ATR_MULT"": ""0.75"", ""ETS2_TP_ATR_MULT"": ""2.0"", ""ETS2_WAVE_LOOKBACK"": ""1""}"
274,elder_ema50_force_canonical_v1_r274,/root/by-bot/backtest_runs/portfolio_20260618_160755_elder_ema50_force_canonical_v1_r274,False,pf<1.15;dd>10.0;net<4.0;neg_months>5;neg_streak>3,-2348.231641652,3930,-97.82,0.669,0.477,97.8317,12,0,12,-25.131601180000033,"{""ETS2_ENTRY_MIN_BODY_FRAC"": ""0.3"", ""ETS2_ENTRY_RETEST_BARS"": ""5"", ""ETS2_ENTRY_TF"": ""15"", ""ETS2_OSC_OB"": ""58"", ""ETS2_OSC_OS"": ""25"", ""ETS2_OSC_PERIOD"": ""2"", ""ETS2_OSC_TYPE"": ""force"", ""ETS2_SL_ATR_MULT"": ""0.75"", ""ETS2_TP1_ATR_MULT"": ""0.75"", ""ETS2_TP_ATR_MULT"": ""2.0"", ""ETS2_WAVE_LOOKBACK"": ""3""}"
275,elder_ema50_force_canonical_v1_r275,/root/by-bot/backtest_runs/portfolio_20260618_160947_elder_ema50_force_canonical_v1_r275,False,pf<1.15;dd>10.0;net<4.0;neg_months>5;neg_streak>3,-2346.6911798200003,3337,-97.37,0.645,0.467,97.3947,12,0,12,-25.04127130000001,"{""ETS2_ENTRY_MIN_BODY_FRAC"": ""0.3"", ""ETS2_ENTRY_RETEST_BARS"": ""5"", ""ETS2_ENTRY_TF"": ""15"", ""ETS2_OSC_OB"": ""58"", ""ETS2_OSC_OS"": ""25"", ""ETS2_OSC_PERIOD"": ""2"", ""ETS2_OSC_TYPE"": ""force"", ""ETS2_SL_ATR_MULT"": ""0.75"", ""ETS2_TP1_ATR_MULT"": ""0.75"", ""ETS2_TP_ATR_MULT"": ""2.5"", ""ETS2_WAVE_LOOKBACK"": ""1""}"
276,elder_ema50_force_canonical_v1_r276,/root/by-bot/backtest_runs/portfolio_20260618_161201_elder_ema50_force_canonical_v1_r276,False,pf<1.15;dd>10.0;net<4.0;neg_months>5;neg_streak>3,-2351.438896462,3705,-97.93,0.654,0.472,97.9581,12,0,12,-27.147640330000012,"{""ETS2_ENTRY_MIN_BODY_FRAC"": ""0.3"", ""ETS2_ENTRY_RETEST_BARS"": ""5"", ""ETS2_ENTRY_TF"": ""15"", ""ETS2_OSC_OB"": ""58"", ""ETS2_OSC_OS"": ""25"", ""ETS2_OSC_PERIOD"": ""2"", ""ETS2_OSC_TYPE"": ""force"", ""ETS2_SL_ATR_MULT"": ""0.75"", ""ETS2_TP1_ATR_MULT"": ""0.75"", ""ETS2_TP_ATR_MULT"": ""2.5"", ""ETS2_WAVE_LOOKBACK"": ""3""}"
277,elder_ema50_force_canonical_v1_r277,/root/by-bot/backtest_runs/portfolio_20260618_161343_elder_ema50_force_canonical_v1_r277,False,pf<1.15;dd>10.0;net<4.0;neg_months>5;neg_streak>3,-2347.492710678,3659,-97.78,0.676,0.404,97.7993,12,0,12,-24.68436477000001,"{""ETS2_ENTRY_MIN_BODY_FRAC"": ""0.3"", ""ETS2_ENTRY_RETEST_BARS"": ""5"", ""ETS2_ENTRY_TF"": ""15"", ""ETS2_OSC_OB"": ""58"", ""ETS2_OSC_OS"": ""25"", ""ETS2_OSC_PERIOD"": ""2"", ""ETS2_OSC_TYPE"": ""force"", ""ETS2_SL_ATR_MULT"": ""0.75"", ""ETS2_TP1_ATR_MULT"": ""1.0"", ""ETS2_TP_ATR_MULT"": ""1.5"", ""ETS2_WAVE_LOOKBACK"": ""1""}"
278,elder_ema50_force_canonical_v1_r278,/root/by-bot/backtest_runs/portfolio_20260618_161559_elder_ema50_force_canonical_v1_r278,False,pf<1.15;dd>10.0;net<4.0;neg_months>5;neg_streak>3,-2350.1543467459996,4199,-98.4,0.691,0.412,98.415,12,0,12,-25.174533389999997,"{""ETS2_ENTRY_MIN_BODY_FRAC"": ""0.3"", ""ETS2_ENTRY_RETEST_BARS"": ""5"", ""ETS2_ENTRY_TF"": ""15"", ""ETS2_OSC_OB"": ""58"", ""ETS2_OSC_OS"": ""25"", ""ETS2_OSC_PERIOD"": ""2"", ""ETS2_OSC_TYPE"": ""force"", ""ETS2_SL_ATR_MULT"": ""0.75"", ""ETS2_TP1_ATR_MULT"": ""1.0"", ""ETS2_TP_ATR_MULT"": ""1.5"", ""ETS2_WAVE_LOOKBACK"": ""3""}"
279,elder_ema50_force_canonical_v1_r279,/root/by-bot/backtest_runs/portfolio_20260618_161750_elder_ema50_force_canonical_v1_r279,False,pf<1.15;dd>10.0;net<4.0;neg_months>5;neg_streak>3,-2341.76866225,3484,-97.33,0.682,0.395,97.3476,12,0,12,-21.626758750000008,"{""ETS2_ENTRY_MIN_BODY_FRAC"": ""0.3"", ""ETS2_ENTRY_RETEST_BARS"": ""5"", ""ETS2_ENTRY_TF"": ""15"", ""ETS2_OSC_OB"": ""58"", ""ETS2_OSC_OS"": ""25"", ""ETS2_OSC_PERIOD"": ""2"", ""ETS2_OSC_TYPE"": ""force"", ""ETS2_SL_ATR_MULT"": ""0.75"", ""ETS2_TP1_ATR_MULT"": ""1.0"", ""ETS2_TP_ATR_MULT"": ""2.0"", ""ETS2_WAVE_LOOKBACK"": ""1""}"
280,elder_ema50_force_canonical_v1_r280,/root/by-bot/backtest_runs/portfolio_20260618_161937_elder_ema50_force_canonical_v1_r280,False,pf<1.15;dd>10.0;net<4.0;neg_months>5;neg_streak>3,-2345.589450514,3930,-97.86,0.691,0.403,97.8775,12,0,12,-23.144607510000004,"{""ETS2_ENTRY_MIN_BODY_FRAC"": ""0.3"", ""ETS2_ENTRY_RETEST_BARS"": ""5"", ""ETS2_ENTRY_TF"": ""15"", ""ETS2_OSC_OB"": ""58"", ""ETS2_OSC_OS"": ""25"", ""ETS2_OSC_PERIOD"": ""2"", ""ETS2_OSC_TYPE"": ""force"", ""ETS2_SL_ATR_MULT"": ""0.75"", ""ETS2_TP1_ATR_MULT"": ""1.0"", ""ETS2_TP_ATR_MULT"": ""2.0"", ""ETS2_WAVE_LOOKBACK"": ""3""}"
281,elder_ema50_force_canonical_v1_r281,/root/by-bot/backtest_runs/portfolio_20260618_162138_elder_ema50_force_canonical_v1_r281,False,pf<1.15;dd>10.0;net<4.0;neg_months>5;neg_streak>3,-2343.43264928,3331,-97.43,0.666,0.392,97.4614,12,0,12,-22.567035200000014,"{""ETS2_ENTRY_MIN_BODY_FRAC"": ""0.3"", ""ETS2_ENTRY_RETEST_BARS"": ""5"", ""ETS2_ENTRY_TF"": ""15"", ""ETS2_OSC_OB"": ""58"", ""ETS2_OSC_OS"": ""25"", ""ETS2_OSC_PERIOD"": ""2"", ""ETS2_OSC_TYPE"": ""force"", ""ETS2_SL_ATR_MULT"": ""0.75"", ""ETS2_TP1_ATR_MULT"": ""1.0"", ""ETS2_TP_ATR_MULT"": ""2.5"", ""ETS2_WAVE_LOOKBACK"": ""1""}"
282,elder_ema50_force_canonical_v1_r282,/root/by-bot/backtest_runs/portfolio_20260618_162329_elder_ema50_force_canonical_v1_r282,False,pf<1.15;dd>10.0;net<4.0;neg_months>5;neg_streak>3,-2348.3575908219996,3703,-97.98,0.677,0.4,98.0079,12,0,12,-24.83270773000001,"{""ETS2_ENTRY_MIN_BODY_FRAC"": ""0.3"", ""ETS2_ENTRY_RETEST_BARS"": ""5"", ""ETS2_ENTRY_TF"": ""15"", ""ETS2_OSC_OB"": ""58"", ""ETS2_OSC_OS"": ""25"", ""ETS2_OSC_PERIOD"": ""2"", ""ETS2_OSC_TYPE"": ""force"", ""ETS2_SL_ATR_MULT"": ""0.75"", ""ETS2_TP1_ATR_MULT"": ""1.0"", ""ETS2_TP_ATR_MULT"": ""2.5"", ""ETS2_WAVE_LOOKBACK"": ""3""}"
283,elder_ema50_force_canonical_v1_r283,/root/by-bot/backtest_runs/portfolio_20260618_162521_elder_ema50_force_canonical_v1_r283,False,pf<1.15;dd>10.0;net<4.0;neg_months>5;neg_streak>3,-2352.08703243,3676,-97.84,0.671,0.334,97.8615,12,0,12,-27.825737450000023,"{""ETS2_ENTRY_MIN_BODY_FRAC"": ""0.3"", ""ETS2_ENTRY_RETEST_BARS"": ""5"", ""ETS2_ENTRY_TF"": ""15"", ""ETS2_OSC_OB"": ""58"", ""ETS2_OSC_OS"": ""25"", ""ETS2_OSC_PERIOD"": ""2"", ""ETS2_OSC_TYPE"": ""force"", ""ETS2_SL_ATR_MULT"": ""0.75"", ""ETS2_TP1_ATR_MULT"": ""1.25"", ""ETS2_TP_ATR_MULT"": ""1.5"", ""ETS2_WAVE_LOOKBACK"": ""1""}"
284,elder_ema50_force_canonical_v1_r284,/root/by-bot/backtest_runs/portfolio_20260618_162712_elder_ema50_force_canonical_v1_r284,False,pf<1.15;dd>10.0;net<4.0;neg_months>5;neg_streak>3,-2354.9834005139996,4209,-98.54,0.682,0.342,98.5543,12,0,12,-28.30485751000003,"{""ETS2_ENTRY_MIN_BODY_FRAC"": ""0.3"", ""ETS2_ENTRY_RETEST_BARS"": ""5"", ""ETS2_ENTRY_TF"": ""15"", ""ETS2_OSC_OB"": ""58"", ""ETS2_OSC_OS"": ""25"", ""ETS2_OSC_PERIOD"": ""2"", ""ETS2_OSC_TYPE"": ""force"", ""ETS2_SL_ATR_MULT"": ""0.75"", ""ETS2_TP1_ATR_MULT"": ""1.25"", ""ETS2_TP_ATR_MULT"": ""1.5"", ""ETS2_WAVE_LOOKBACK"": ""3""}"
285,elder_ema50_force_canonical_v1_r285,/root/by-bot/backtest_runs/portfolio_20260618_162844_elder_ema50_force_canonical_v1_r285,False,pf<1.15;dd>10.0;net<4.0;neg_months>5;neg_streak>3,-2348.72596304,3497,-97.44,0.671,0.327,97.4561,12,0,12,-26.34697360000001,"{""ETS2_ENTRY_MIN_BODY_FRAC"": ""0.3"", ""ETS2_ENTRY_RETEST_BARS"": ""5"", ""ETS2_ENTRY_TF"": ""15"", ""ETS2_OSC_OB"": ""58"", ""ETS2_OSC_OS"": ""25"", ""ETS2_OSC_PERIOD"": ""2"", ""ETS2_OSC_TYPE"": ""force"", ""ETS2_SL_ATR_MULT"": ""0.75"", ""ETS2_TP1_ATR_MULT"": ""1.25"", ""ETS2_TP_ATR_MULT"": ""2.0"", ""ETS2_WAVE_LOOKBACK"": ""1""}"
286,elder_ema50_force_canonical_v1_r286,/root/by-bot/backtest_runs/portfolio_20260618_163112_elder_ema50_force_canonical_v1_r286,False,pf<1.15;dd>10.0;net<4.0;neg_months>5;neg_streak>3,-2349.143829382,3931,-97.8,0.694,0.338,97.8208,12,0,12,-25.815878130000005,"{""ETS2_ENTRY_MIN_BODY_FRAC"": ""0.3"", ""ETS2_ENTRY_RETEST_BARS"": ""5"", ""ETS2_ENTRY_TF"": ""15"", ""ETS2_OSC_OB"": ""58"", ""ETS2_OSC_OS"": ""25"", ""ETS2_OSC_PERIOD"": ""2"", ""ETS2_OSC_TYPE"": ""force"", ""ETS2_SL_ATR_MULT"": ""0.75"", ""ETS2_TP1_ATR_MULT"": ""1.25"", ""ETS2_TP_ATR_MULT"": ""2.0"", ""ETS2_WAVE_LOOKBACK"": ""3""}"
287,elder_ema50_force_canonical_v1_r287,/root/by-bot/backtest_runs/portfolio_20260618_163254_elder_ema50_force_canonical_v1_r287,False,pf<1.15;dd>10.0;net<4.0;neg_months>5;neg_streak>3,-2349.580107686,3336,-97.59,0.654,0.323,97.629,12,0,12,-26.58150549000001,"{""ETS2_ENTRY_MIN_BODY_FRAC"": ""0.3"", ""ETS2_ENTRY_RETEST_BARS"": ""5"", ""ETS2_ENTRY_TF"": ""15"", ""ETS2_OSC_OB"": ""58"", ""ETS2_OSC_OS"": ""25"", ""ETS2_OSC_PERIOD"": ""2"", ""ETS2_OSC_TYPE"": ""force"", ""ETS2_SL_ATR_MULT"": ""0.75"", ""ETS2_TP1_ATR_MULT"": ""1.25"", ""ETS2_TP_ATR_MULT"": ""2.5"", ""ETS2_WAVE_LOOKBACK"": ""1""}"
288,elder_ema50_force_canonical_v1_r288,/root/by-bot/backtest_runs/portfolio_20260618_163436_elder_ema50_force_canonical_v1_r288,False,pf<1.15;dd>10.0;net<4.0;neg_months>5;neg_streak>3,-2353.24007923,3706,-98.08,0.672,0.331,98.1159,12,0,12,-28.080199450000016,"{""ETS2_ENTRY_MIN_BODY_FRAC"": ""0.3"", ""ETS2_ENTRY_RETEST_BARS"": ""5"", ""ETS2_ENTRY_TF"": ""15"", ""ETS2_OSC_OB"": ""58"", ""ETS2_OSC_OS"": ""25"", ""ETS2_OSC_PERIOD"": ""2"", ""ETS2_OSC_TYPE"": ""force"", ""ETS2_SL_ATR_MULT"": ""0.75"", ""ETS2_TP1_ATR_MULT"": ""1.25"", ""ETS2_TP_ATR_MULT"": ""2.5"", ""ETS2_WAVE_LOOKBACK"": ""3""}"
289,elder_ema50_force_canonical_v1_r289,/root/by-bot/backtest_runs/portfolio_20260618_163626_elder_ema50_force_canonical_v1_r289,False,pf<1.15;dd>10.0;net<4.0;neg_months>5;neg_streak>3,-2335.4122255959996,3220,-92.3,0.697,0.488,92.3823,12,0,12,-28.49116114,"{""ETS2_ENTRY_MIN_BODY_FRAC"": ""0.3"", ""ETS2_ENTRY_RETEST_BARS"": ""5"", ""ETS2_ENTRY_TF"": ""15"", ""ETS2_OSC_OB"": ""58"", ""ETS2_OSC_OS"": ""25"", ""ETS2_OSC_PERIOD"": ""2"", ""ETS2_OSC_TYPE"": ""force"", ""ETS2_SL_ATR_MULT"": ""1.0"", ""ETS2_TP1_ATR_MULT"": ""0.75"", ""ETS2_TP_ATR_MULT"": ""1.5"", ""ETS2_WAVE_LOOKBACK"": ""1""}"
290,elder_ema50_force_canonical_v1_r290,/root/by-bot/backtest_runs/portfolio_20260618_163807_elder_ema50_force_canonical_v1_r290,False,pf<1.15;dd>10.0;net<4.0;neg_months>5;neg_streak>3,-2335.440838912,3639,-92.93,0.722,0.498,93.0017,12,0,12,-27.08674208,"{""ETS2_ENTRY_MIN_BODY_FRAC"": ""0.3"", ""ETS2_ENTRY_RETEST_BARS"": ""5"", ""ETS2_ENTRY_TF"": ""15"", ""ETS2_OSC_OB"": ""58"", ""ETS2_OSC_OS"": ""25"", ""ETS2_OSC_PERIOD"": ""2"", ""ETS2_OSC_TYPE"": ""force"", ""ETS2_SL_ATR_MULT"": ""1.0"", ""ETS2_TP1_ATR_MULT"": ""0.75"", ""ETS2_TP_ATR_MULT"": ""1.5"", ""ETS2_WAVE_LOOKBACK"": ""3""}"
291,elder_ema50_force_canonical_v1_r291,/root/by-bot/backtest_runs/portfolio_20260618_163940_elder_ema50_force_canonical_v1_r291,False,pf<1.15;dd>10.0;net<4.0;neg_months>5;neg_streak>3,-2328.813051452,3012,-90.97,0.69,0.482,90.9752,12,0,12,-26.927608179999993,"{""ETS2_ENTRY_MIN_BODY_FRAC"": ""0.3"", ""ETS2_ENTRY_RETEST_BARS"": ""5"", ""ETS2_ENTRY_TF"": ""15"", ""ETS2_OSC_OB"": ""58"", ""ETS2_OSC_OS"": ""25"", ""ETS2_OSC_PERIOD"": ""2"", ""ETS2_OSC_TYPE"": ""force"", ""ETS2_SL_ATR_MULT"": ""1.0"", ""ETS2_TP1_ATR_MULT"": ""0.75"", ""ETS2_TP_ATR_MULT"": ""2.0"", ""ETS2_WAVE_LOOKBACK"": ""1""}"
292,elder_ema50_force_canonical_v1_r292,/root/by-bot/backtest_runs/portfolio_20260618_164146_elder_ema50_force_canonical_v1_r292,False,pf<1.15;dd>10.0;net<4.0;neg_months>5;neg_streak>3,-2323.436518746,3363,-90.66,0.725,0.492,90.6766,12,0,12,-23.77951339,"{""ETS2_ENTRY_MIN_BODY_FRAC"": ""0.3"", ""ETS2_ENTRY_RETEST_BARS"": ""5"", ""ETS2_ENTRY_TF"": ""15"", ""ETS2_OSC_OB"": ""58"", ""ETS2_OSC_OS"": ""25"", ""ETS2_OSC_PERIOD"": ""2"", ""ETS2_OSC_TYPE"": ""force"", ""ETS2_SL_ATR_MULT"": ""1.0"", ""ETS2_TP1_ATR_MULT"": ""0.75"", ""ETS2_TP_ATR_MULT"": ""2.0"", ""ETS2_WAVE_LOOKBACK"": ""3""}"
293,elder_ema50_force_canonical_v1_r293,/root/by-bot/backtest_runs/portfolio_20260618_164316_elder_ema50_force_canonical_v1_r293,False,pf<1.15;dd>10.0;net<4.0;neg_months>5;neg_streak>3,-2323.761160162,2851,-90.5,0.676,0.481,90.5792,12,0,12,-24.287685830000015,"{""ETS2_ENTRY_MIN_BODY_FRAC"": ""0.3"", ""ETS2_ENTRY_RETEST_BARS"": ""5"", ""ETS2_ENTRY_TF"": ""15"", ""ETS2_OSC_OB"": ""58"", ""ETS2_OSC_OS"": ""25"", ""ETS2_OSC_PERIOD"": ""2"", ""ETS2_OSC_TYPE"": ""force"", ""ETS2_SL_ATR_MULT"": ""1.0"", ""ETS2_TP1_ATR_MULT"": ""0.75"", ""ETS2_TP_ATR_MULT"": ""2.5"", ""ETS2_WAVE_LOOKBACK"": ""1""}"
294,elder_ema50_force_canonical_v1_r294,/root/by-bot/backtest_runs/portfolio_20260618_164450_elder_ema50_force_canonical_v1_r294,False,pf<1.15;dd>10.0;net<4.0;neg_months>5;neg_streak>3,-2315.56257079,3124,-89.22,0.714,0.494,89.3188,12,0,12,-21.329264849999998,"{""ETS2_ENTRY_MIN_BODY_FRAC"": ""0.3"", ""ETS2_ENTRY_RETEST_BARS"": ""5"", ""ETS2_ENTRY_TF"": ""15"", ""ETS2_OSC_OB"": ""58"", ""ETS2_OSC_OS"": ""25"", ""ETS2_OSC_PERIOD"": ""2"", ""ETS2_OSC_TYPE"": ""force"", ""ETS2_SL_ATR_MULT"": ""1.0"", ""ETS2_TP1_ATR_MULT"": ""0.75"", ""ETS2_TP_ATR_MULT"": ""2.5"", ""ETS2_WAVE_LOOKBACK"": ""3""}"
295,elder_ema50_force_canonical_v1_r295,/root/by-bot/backtest_runs/portfolio_20260618_164649_elder_ema50_force_canonical_v1_r295,False,pf<1.15;dd>10.0;net<4.0;neg_months>5;neg_streak>3,-2333.083879106,3222,-91.95,0.729,0.488,91.9884,12,0,12,-27.69077078999999,"{""ETS2_ENTRY_MIN_BODY_FRAC"": ""0.3"", ""ETS2_ENTRY_RETEST_BARS"": ""5"", ""ETS2_ENTRY_TF"": ""15"", ""ETS2_OSC_OB"": ""58"", ""ETS2_OSC_OS"": ""25"", ""ETS2_OSC_PERIOD"": ""2"", ""ETS2_OSC_TYPE"": ""force"", ""ETS2_SL_ATR_MULT"": ""1.0"", ""ETS2_TP1_ATR_MULT"": ""1.0"", ""ETS2_TP_ATR_MULT"": ""1.5"", ""ETS2_WAVE_LOOKBACK"": ""1""}"
296,elder_ema50_force_canonical_v1_r296,/root/by-bot/backtest_runs/portfolio_20260618_164837_elder_ema50_force_canonical_v1_r296,False,pf<1.15;dd>10.0;net<4.0;neg_months>5;neg_streak>3,-2330.563825304,3643,-92.13,0.757,0.497,92.1828,12,0,12,-25.45873235999999,"{""ETS2_ENTRY_MIN_BODY_FRAC"": ""0.3"", ""ETS2_ENTRY_RETEST_BARS"": ""5"", ""ETS2_ENTRY_TF"": ""15"", ""ETS2_OSC_OB"": ""58"", ""ETS2_OSC_OS"": ""25"", ""ETS2_OSC_PERIOD"": ""2"", ""ETS2_OSC_TYPE"": ""force"", ""ETS2_SL_ATR_MULT"": ""1.0"", ""ETS2_TP1_ATR_MULT"": ""1.0"", ""ETS2_TP_ATR_MULT"": ""1.5"", ""ETS2_WAVE_LOOKBACK"": ""3""}"
297,elder_ema50_force_canonical_v1_r297,/root/by-bot/backtest_runs/portfolio_20260618_165030_elder_ema50_force_canonical_v1_r297,False,pf<1.15;dd>10.0;net<4.0;neg_months>5;neg_streak>3,-2326.75290086,3014,-90.48,0.722,0.483,90.5075,12,0,12,-26.544214899999997,"{""ETS2_ENTRY_MIN_BODY_FRAC"": ""0.3"", ""ETS2_ENTRY_RETEST_BARS"": ""5"", ""ETS2_ENTRY_TF"": ""15"", ""ETS2_OSC_OB"": ""58"", ""ETS2_OSC_OS"": ""25"", ""ETS2_OSC_PERIOD"": ""2"", ""ETS2_OSC_TYPE"": ""force"", ""ETS2_SL_ATR_MULT"": ""1.0"", ""ETS2_TP1_ATR_MULT"": ""1.0"", ""ETS2_TP_ATR_MULT"": ""2.0"", ""ETS2_WAVE_LOOKBACK"": ""1""}"
298,elder_ema50_force_canonical_v1_r298,/root/by-bot/backtest_runs/portfolio_20260618_165214_elder_ema50_force_canonical_v1_r298,False,pf<1.15;dd>10.0;net<4.0;neg_months>5;neg_streak>3,-2318.167591158,3360,-89.73,0.759,0.493,89.7725,12,0,12,-22.104707969999993,"{""ETS2_ENTRY_MIN_BODY_FRAC"": ""0.3"", ""ETS2_ENTRY_RETEST_BARS"": ""5"", ""ETS2_ENTRY_TF"": ""15"", ""ETS2_OSC_OB"": ""58"", ""ETS2_OSC_OS"": ""25"", ""ETS2_OSC_PERIOD"": ""2"", ""ETS2_OSC_TYPE"": ""force"", ""ETS2_SL_ATR_MULT"": ""1.0"", ""ETS2_TP1_ATR_MULT"": ""1.0"", ""ETS2_TP_ATR_MULT"": ""2.0"", ""ETS2_WAVE_LOOKBACK"": ""3""}"
299,elder_ema50_force_canonical_v1_r299,/root/by-bot/backtest_runs/portfolio_20260618_165333_elder_ema50_force_canonical_v1_r299,False,pf<1.15;dd>10.0;net<4.0;neg_months>5;neg_streak>3,-2321.390727306,2853,-90.16,0.709,0.482,90.2549,12,0,12,-23.34923379,"{""ETS2_ENTRY_MIN_BODY_FRAC"": ""0.3"", ""ETS2_ENTRY_RETEST_BARS"": ""5"", ""ETS2_ENTRY_TF"": ""15"", ""ETS2_OSC_OB"": ""58"", ""ETS2_OSC_OS"": ""25"", ""ETS2_OSC_PERIOD"": ""2"", ""ETS2_OSC_TYPE"": ""force"", ""ETS2_SL_ATR_MULT"": ""1.0"", ""ETS2_TP1_ATR_MULT"": ""1.0"", ""ETS2_TP_ATR_MULT"": ""2.5"", ""ETS2_WAVE_LOOKBACK"": ""1""}"
300,elder_ema50_force_canonical_v1_r300,/root/by-bot/backtest_runs/portfolio_20260618_165455_elder_ema50_force_canonical_v1_r300,False,pf<1.15;dd>10.0;net<4.0;neg_months>5;neg_streak>3,-2309.47077253,3123,-88.06,0.751,0.495,88.1959,12,0,12,-19.57640895000001,"{""ETS2_ENTRY_MIN_BODY_FRAC"": ""0.3"", ""ETS2_ENTRY_RETEST_BARS"": ""5"", ""ETS2_ENTRY_TF"": ""15"", ""ETS2_OSC_OB"": ""58"", ""ETS2_OSC_OS"": ""25"", ""ETS2_OSC_PERIOD"": ""2"", ""ETS2_OSC_TYPE"": ""force"", ""ETS2_SL_ATR_MULT"": ""1.0"", ""ETS2_TP1_ATR_MULT"": ""1.0"", ""ETS2_TP_ATR_MULT"": ""2.5"", ""ETS2_WAVE_LOOKBACK"": ""3""}"
301,elder_ema50_force_canonical_v1_r301,/root/by-bot/backtest_runs/portfolio_20260618_165641_elder_ema50_force_canonical_v1_r301,False,pf<1.15;dd>10.0;net<4.0;neg_months>5;neg_streak>3,-2334.8670946439997,3229,-92.03,0.731,0.414,92.0813,12,0,12,-28.763210459999986,"{""ETS2_ENTRY_MIN_BODY_FRAC"": ""0.3"", ""ETS2_ENTRY_RETEST_BARS"": ""5"", ""ETS2_ENTRY_TF"": ""15"", ""ETS2_OSC_OB"": ""58"", ""ETS2_OSC_OS"": ""25"", ""ETS2_OSC_PERIOD"": ""2"", ""ETS2_OSC_TYPE"": ""force"", ""ETS2_SL_ATR_MULT"": ""1.0"", ""ETS2_TP1_ATR_MULT"": ""1.25"", ""ETS2_TP_ATR_MULT"": ""1.5"", ""ETS2_WAVE_LOOKBACK"": ""1""}"
302,elder_ema50_force_canonical_v1_r302,/root/by-bot/backtest_runs/portfolio_20260618_165828_elder_ema50_force_canonical_v1_r302,False,pf<1.15;dd>10.0;net<4.0;neg_months>5;neg_streak>3,-2334.679512958,3648,-92.45,0.757,0.424,92.5366,12,0,12,-27.618794970000003,"{""ETS2_ENTRY_MIN_BODY_FRAC"": ""0.3"", ""ETS2_ENTRY_RETEST_BARS"": ""5"", ""ETS2_ENTRY_TF"": ""15"", ""ETS2_OSC_OB"": ""58"", ""ETS2_OSC_OS"": ""25"", ""ETS2_OSC_PERIOD"": ""2"", ""ETS2_OSC_TYPE"": ""force"", ""ETS2_SL_ATR_MULT"": ""1.0"", ""ETS2_TP1_ATR_MULT"": ""1.25"", ""ETS2_TP_ATR_MULT"": ""1.5"", ""ETS2_WAVE_LOOKBACK"": ""3""}"
303,elder_ema50_force_canonical_v1_r303,/root/by-bot/backtest_runs/portfolio_20260618_170006_elder_ema50_force_canonical_v1_r303,False,pf<1.15;dd>10.0;net<4.0;neg_months>5;neg_streak>3,-2326.863635302,3019,-90.41,0.726,0.411,90.4515,12,0,12,-26.76331093000001,"{""ETS2_ENTRY_MIN_BODY_FRAC"": ""0.3"", ""ETS2_ENTRY_RETEST_BARS"": ""5"", ""ETS2_ENTRY_TF"": ""15"", ""ETS2_OSC_OB"": ""58"", ""ETS2_OSC_OS"": ""25"", ""ETS2_OSC_PERIOD"": ""2"", ""ETS2_OSC_TYPE"": ""force"", ""ETS2_SL_ATR_MULT"": ""1.0"", ""ETS2_TP1_ATR_MULT"": ""1.25"", ""ETS2_TP_ATR_MULT"": ""2.0"", ""ETS2_WAVE_LOOKBACK"": ""1""}"
304,elder_ema50_force_canonical_v1_r304,/root/by-bot/backtest_runs/portfolio_20260618_170228_elder_ema50_force_canonical_v1_r304,False,pf<1.15;dd>10.0;net<4.0;neg_months>5;neg_streak>3,-2320.349822522,3361,-89.57,0.765,0.421,89.6365,12,0,12,-23.994873230000035,"{""ETS2_ENTRY_MIN_BODY_FRAC"": ""0.3"", ""ETS2_ENTRY_RETEST_BARS"": ""5"", ""ETS2_ENTRY_TF"": ""15"", ""ETS2_OSC_OB"": ""58"", ""ETS2_OSC_OS"": ""25"", ""ETS2_OSC_PERIOD"": ""2"", ""ETS2_OSC_TYPE"": ""force"", ""ETS2_SL_ATR_MULT"": ""1.0"", ""ETS2_TP1_ATR_MULT"": ""1.25"", ""ETS2_TP_ATR_MULT"": ""2.0"", ""ETS2_WAVE_LOOKBACK"": ""3""}"
305,elder_ema50_force_canonical_v1_r305,/root/by-bot/backtest_runs/portfolio_20260618_170346_elder_ema50_force_canonical_v1_r305,False,pf<1.15;dd>10.0;net<4.0;neg_months>5;neg_streak>3,-2323.655173874,2857,-90.14,0.711,0.41,90.258,12,0,12,-24.979409909999994,"{""ETS2_ENTRY_MIN_BODY_FRAC"": ""0.3"", ""ETS2_ENTRY_RETEST_BARS"": ""5"", ""ETS2_ENTRY_TF"": ""15"", ""ETS2_OSC_OB"": ""58"", ""ETS2_OSC_OS"": ""25"", ""ETS2_OSC_PERIOD"": ""2"", ""ETS2_OSC_TYPE"": ""force"", ""ETS2_SL_ATR_MULT"": ""1.0"", ""ETS2_TP1_ATR_MULT"": ""1.25"", ""ETS2_TP_ATR_MULT"": ""2.5"", ""ETS2_WAVE_LOOKBACK"": ""1""}"
306,elder_ema50_force_canonical_v1_r306,/root/by-bot/backtest_runs/portfolio_20260618_170530_elder_ema50_force_canonical_v1_r306,False,pf<1.15;dd>10.0;net<4.0;neg_months>5;neg_streak>3,-2313.1312228979996,3127,-88.33,0.754,0.422,88.5279,12,0,12,-21.48530206999999,"{""ETS2_ENTRY_MIN_BODY_FRAC"": ""0.3"", ""ETS2_ENTRY_RETEST_BARS"": ""5"", ""ETS2_ENTRY_TF"": ""15"", ""ETS2_OSC_OB"": ""58"", ""ETS2_OSC_OS"": ""25"", ""ETS2_OSC_PERIOD"": ""2"", ""ETS2_OSC_TYPE"": ""force"", ""ETS2_SL_ATR_MULT"": ""1.0"", ""ETS2_TP1_ATR_MULT"": ""1.25"", ""ETS2_TP_ATR_MULT"": ""2.5"", ""ETS2_WAVE_LOOKBACK"": ""3""}"
307,elder_ema50_force_canonical_v1_r307,/root/by-bot/backtest_runs/portfolio_20260618_170652_elder_ema50_force_canonical_v1_r307,False,pf<1.15;dd>10.0;net<4.0;neg_months>5;neg_streak>3,-2288.918277822,2802,-81.87,0.735,0.496,82.1751,12,0,12,-18.802912730000003,"{""ETS2_ENTRY_MIN_BODY_FRAC"": ""0.3"", ""ETS2_ENTRY_RETEST_BARS"": ""5"", ""ETS2_ENTRY_TF"": ""15"", ""ETS2_OSC_OB"": ""58"", ""ETS2_OSC_OS"": ""25"", ""ETS2_OSC_PERIOD"": ""2"", ""ETS2_OSC_TYPE"": ""force"", ""ETS2_SL_ATR_MULT"": ""1.25"", ""ETS2_TP1_ATR_MULT"": ""0.75"", ""ETS2_TP_ATR_MULT"": ""1.5"", ""ETS2_WAVE_LOOKBACK"": ""1""}"
308,elder_ema50_force_canonical_v1_r308,/root/by-bot/backtest_runs/portfolio_20260618_170829_elder_ema50_force_canonical_v1_r308,False,pf<1.15;dd>10.0;net<4.0;neg_months>5;neg_streak>3,-2296.4485953939998,3165,-82.99,0.75,0.505,83.4218,12,0,12,-21.454996710000014,"{""ETS2_ENTRY_MIN_BODY_FRAC"": ""0.3"", ""ETS2_ENTRY_RETEST_BARS"": ""5"", ""ETS2_ENTRY_TF"": ""15"", ""ETS2_OSC_OB"": ""58"", ""ETS2_OSC_OS"": ""25"", ""ETS2_OSC_PERIOD"": ""2"", ""ETS2_OSC_TYPE"": ""force"", ""ETS2_SL_ATR_MULT"": ""1.25"", ""ETS2_TP1_ATR_MULT"": ""0.75"", ""ETS2_TP_ATR_MULT"": ""1.5"", ""ETS2_WAVE_LOOKBACK"": ""3""}"
309,elder_ema50_force_canonical_v1_r309,/root/by-bot/backtest_runs/portfolio_20260618_170957_elder_ema50_force_canonical_v1_r309,False,pf<1.15;dd>10.0;net<4.0;neg_months>5;neg_streak>3,-2281.527916024,2586,-80.28,0.724,0.491,80.4691,11,1,9,-18.60979715999999,"{""ETS2_ENTRY_MIN_BODY_FRAC"": ""0.3"", ""ETS2_ENTRY_RETEST_BARS"": ""5"", ""ETS2_ENTRY_TF"": ""15"", ""ETS2_OSC_OB"": ""58"", ""ETS2_OSC_OS"": ""25"", ""ETS2_OSC_PERIOD"": ""2"", ""ETS2_OSC_TYPE"": ""force"", ""ETS2_SL_ATR_MULT"": ""1.25"", ""ETS2_TP1_ATR_MULT"": ""0.75"", ""ETS2_TP_ATR_MULT"": ""2.0"", ""ETS2_WAVE_LOOKBACK"": ""1""}"
310,elder_ema50_force_canonical_v1_r310,/root/by-bot/backtest_runs/portfolio_20260618_171150_elder_ema50_force_canonical_v1_r310,False,pf<1.15;dd>10.0;net<4.0;neg_months>5;neg_streak>3,-2271.127623968,2859,-78.04,0.767,0.503,78.3697,12,0,12,-14.823017119999985,"{""ETS2_ENTRY_MIN_BODY_FRAC"": ""0.3"", ""ETS2_ENTRY_RETEST_BARS"": ""5"", ""ETS2_ENTRY_TF"": ""15"", ""ETS2_OSC_OB"": ""58"", ""ETS2_OSC_OS"": ""25"", ""ETS2_OSC_PERIOD"": ""2"", ""ETS2_OSC_TYPE"": ""force"", ""ETS2_SL_ATR_MULT"": ""1.25"", ""ETS2_TP1_ATR_MULT"": ""0.75"", ""ETS2_TP_ATR_MULT"": ""2.0"", ""ETS2_WAVE_LOOKBACK"": ""3""}"
311,elder_ema50_force_canonical_v1_r311,/root/by-bot/backtest_runs/portfolio_20260618_171321_elder_ema50_force_canonical_v1_r311,False,pf<1.15;dd>10.0;net<4.0;neg_months>5;neg_streak>3,-2268.832749166,2436,-77.85,0.722,0.493,78.0854,11,1,9,-15.029963690000004,"{""ETS2_ENTRY_MIN_BODY_FRAC"": ""0.3"", ""ETS2_ENTRY_RETEST_BARS"": ""5"", ""ETS2_ENTRY_TF"": ""15"", ""ETS2_OSC_OB"": ""58"", ""ETS2_OSC_OS"": ""25"", ""ETS2_OSC_PERIOD"": ""2"", ""ETS2_OSC_TYPE"": ""force"", ""ETS2_SL_ATR_MULT"": ""1.25"", ""ETS2_TP1_ATR_MULT"": ""0.75"", ""ETS2_TP_ATR_MULT"": ""2.5"", ""ETS2_WAVE_LOOKBACK"": ""1""}"
312,elder_ema50_force_canonical_v1_r312,/root/by-bot/backtest_runs/portfolio_20260618_171447_elder_ema50_force_canonical_v1_r312,False,pf<1.15;dd>10.0;net<4.0;neg_months>5;neg_streak>3,-2283.5126116359997,2693,-80.58,0.719,0.494,80.733,12,0,12,-18.10757974000001,"{""ETS2_ENTRY_MIN_BODY_FRAC"": ""0.3"", ""ETS2_ENTRY_RETEST_BARS"": ""5"", ""ETS2_ENTRY_TF"": ""15"", ""ETS2_OSC_OB"": ""58"", ""ETS2_OSC_OS"": ""25"", ""ETS2_OSC_PERIOD"": ""2"", ""ETS2_OSC_TYPE"": ""force"", ""ETS2_SL_ATR_MULT"": ""1.25"", ""ETS2_TP1_ATR_MULT"": ""0.75"", ""ETS2_TP_ATR_MULT"": ""2.5"", ""ETS2_WAVE_LOOKBACK"": ""3""}"
313,elder_ema50_force_canonical_v1_r313,/root/by-bot/backtest_runs/portfolio_20260618_171622_elder_ema50_force_canonical_v1_r313,False,pf<1.15;dd>10.0;net<4.0;neg_months>5;neg_streak>3,-2286.2117971700004,2801,-81.75,0.758,0.495,82.0868,11,1,9,-18.384426550000004,"{""ETS2_ENTRY_MIN_BODY_FRAC"": ""0.3"", ""ETS2_ENTRY_RETEST_BARS"": ""5"", ""ETS2_ENTRY_TF"": ""15"", ""ETS2_OSC_OB"": ""58"", ""ETS2_OSC_OS"": ""25"", ""ETS2_OSC_PERIOD"": ""2"", ""ETS2_OSC_TYPE"": ""force"", ""ETS2_SL_ATR_MULT"": ""1.25"", ""ETS2_TP1_ATR_MULT"": ""1.0"", ""ETS2_TP_ATR_MULT"": ""1.5"", ""ETS2_WAVE_LOOKBACK"": ""1""}"
314,elder_ema50_force_canonical_v1_r314,/root/by-bot/backtest_runs/portfolio_20260618_171747_elder_ema50_force_canonical_v1_r314,False,pf<1.15;dd>10.0;net<4.0;neg_months>5;neg_streak>3,-2294.471769416,3175,-82.48,0.772,0.501,82.8464,12,0,12,-21.290692440000004,"{""ETS2_ENTRY_MIN_BODY_FRAC"": ""0.3"", ""ETS2_ENTRY_RETEST_BARS"": ""5"", ""ETS2_ENTRY_TF"": ""15"", ""ETS2_OSC_OB"": ""58"", ""ETS2_OSC_OS"": ""25"", ""ETS2_OSC_PERIOD"": ""2"", ""ETS2_OSC_TYPE"": ""force"", ""ETS2_SL_ATR_MULT"": ""1.25"", ""ETS2_TP1_ATR_MULT"": ""1.0"", ""ETS2_TP_ATR_MULT"": ""1.5"", ""ETS2_WAVE_LOOKBACK"": ""3""}"
315,elder_ema50_force_canonical_v1_r315,/root/by-bot/backtest_runs/portfolio_20260618_171906_elder_ema50_force_canonical_v1_r315,False,pf<1.15;dd>10.0;net<4.0;neg_months>5;neg_streak>3,-2277.6877063740003,2581,-79.43,0.751,0.492,79.6506,11,1,9,-17.764647409999988,"{""ETS2_ENTRY_MIN_BODY_FRAC"": ""0.3"", ""ETS2_ENTRY_RETEST_BARS"": ""5"", ""ETS2_ENTRY_TF"": ""15"", ""ETS2_OSC_OB"": ""58"", ""ETS2_OSC_OS"": ""25"", ""ETS2_OSC_PERIOD"": ""2"", ""ETS2_OSC_TYPE"": ""force"", ""ETS2_SL_ATR_MULT"": ""1.25"", ""ETS2_TP1_ATR_MULT"": ""1.0"", ""ETS2_TP_ATR_MULT"": ""2.0"", ""ETS2_WAVE_LOOKBACK"": ""1""}"
316,elder_ema50_force_canonical_v1_r316,/root/by-bot/backtest_runs/portfolio_20260618_172047_elder_ema50_force_canonical_v1_r316,False,pf<1.15;dd>10.0;net<4.0;neg_months>5;neg_streak>3,-2258.7013796319998,2849,-74.84,0.803,0.503,75.3061,12,0,12,-13.066556880000006,"{""ETS2_ENTRY_MIN_BODY_FRAC"": ""0.3"", ""ETS2_ENTRY_RETEST_BARS"": ""5"", ""ETS2_ENTRY_TF"": ""15"", ""ETS2_OSC_OB"": ""58"", ""ETS2_OSC_OS"": ""25"", ""ETS2_OSC_PERIOD"": ""2"", ""ETS2_OSC_TYPE"": ""force"", ""ETS2_SL_ATR_MULT"": ""1.25"", ""ETS2_TP1_ATR_MULT"": ""1.0"", ""ETS2_TP_ATR_MULT"": ""2.0"", ""ETS2_WAVE_LOOKBACK"": ""3""}"
317,elder_ema50_force_canonical_v1_r317,/root/by-bot/backtest_runs/portfolio_20260618_172204_elder_ema50_force_canonical_v1_r317,False,pf<1.15;dd>10.0;net<4.0;neg_months>5;neg_streak>3,-2261.913086718,2434,-75.93,0.757,0.493,76.4351,11,1,9,-14.09063336999999,"{""ETS2_ENTRY_MIN_BODY_FRAC"": ""0.3"", ""ETS2_ENTRY_RETEST_BARS"": ""5"", ""ETS2_ENTRY_TF"": ""15"", ""ETS2_OSC_OB"": ""58"", ""ETS2_OSC_OS"": ""25"", ""ETS2_OSC_PERIOD"": ""2"", ""ETS2_OSC_TYPE"": ""force"", ""ETS2_SL_ATR_MULT"": ""1.25"", ""ETS2_TP1_ATR_MULT"": ""1.0"", ""ETS2_TP_ATR_MULT"": ""2.5"", ""ETS2_WAVE_LOOKBACK"": ""1""}"
318,elder_ema50_force_canonical_v1_r318,/root/by-bot/backtest_runs/portfolio_20260618_172329_elder_ema50_force_canonical_v1_r318,False,pf<1.15;dd>10.0;net<4.0;neg_months>5;neg_streak>3,-2281.135424618,2701,-79.23,0.75,0.493,79.6795,12,0,12,-19.071731870000008,"{""ETS2_ENTRY_MIN_BODY_FRAC"": ""0.3"", ""ETS2_ENTRY_RETEST_BARS"": ""5"", ""ETS2_ENTRY_TF"": ""15"", ""ETS2_OSC_OB"": ""58"", ""ETS2_OSC_OS"": ""25"", ""ETS2_OSC_PERIOD"": ""2"", ""ETS2_OSC_TYPE"": ""force"", ""ETS2_SL_ATR_MULT"": ""1.25"", ""ETS2_TP1_ATR_MULT"": ""1.0"", ""ETS2_TP_ATR_MULT"": ""2.5"", ""ETS2_WAVE_LOOKBACK"": ""3""}"
319,elder_ema50_force_canonical_v1_r319,/root/by-bot/backtest_runs/portfolio_20260618_172452_elder_ema50_force_canonical_v1_r319,False,pf<1.15;dd>10.0;net<4.0;neg_months>5;neg_streak>3,-2288.06432279,2804,-81.91,0.776,0.492,82.3133,11,1,9,-19.24694484999998,"{""ETS2_ENTRY_MIN_BODY_FRAC"": ""0.3"", ""ETS2_ENTRY_RETEST_BARS"": ""5"", ""ETS2_ENTRY_TF"": ""15"", ""ETS2_OSC_OB"": ""58"", ""ETS2_OSC_OS"": ""25"", ""ETS2_OSC_PERIOD"": ""2"", ""ETS2_OSC_TYPE"": ""force"", ""ETS2_SL_ATR_MULT"": ""1.25"", ""ETS2_TP1_ATR_MULT"": ""1.25"", ""ETS2_TP_ATR_MULT"": ""1.5"", ""ETS2_WAVE_LOOKBACK"": ""1""}"
320,elder_ema50_force_canonical_v1_r320,/root/by-bot/backtest_runs/portfolio_20260618_172633_elder_ema50_force_canonical_v1_r320,False,pf<1.15;dd>10.0;net<4.0;neg_months>5;neg_streak>3,-2297.391156124,3175,-83.29,0.786,0.498,83.8233,11,1,9,-22.568968659999978,"{""ETS2_ENTRY_MIN_BODY_FRAC"": ""0.3"", ""ETS2_ENTRY_RETEST_BARS"": ""5"", ""ETS2_ENTRY_TF"": ""15"", ""ETS2_OSC_OB"": ""58"", ""ETS2_OSC_OS"": ""25"", ""ETS2_OSC_PERIOD"": ""2"", ""ETS2_OSC_TYPE"": ""force"", ""ETS2_SL_ATR_MULT"": ""1.25"", ""ETS2_TP1_ATR_MULT"": ""1.25"", ""ETS2_TP_ATR_MULT"": ""1.5"", ""ETS2_WAVE_LOOKBACK"": ""3""}"
321,elder_ema50_force_canonical_v1_r321,/root/by-bot/backtest_runs/portfolio_20260618_172750_elder_ema50_force_canonical_v1_r321,False,pf<1.15;dd>10.0;net<4.0;neg_months>5;neg_streak>3,-2278.983490036,2583,-79.3,0.771,0.489,79.6548,11,1,9,-18.79563574,"{""ETS2_ENTRY_MIN_BODY_FRAC"": ""0.3"", ""ETS2_ENTRY_RETEST_BARS"": ""5"", ""ETS2_ENTRY_TF"": ""15"", ""ETS2_OSC_OB"": ""58"", ""ETS2_OSC_OS"": ""25"", ""ETS2_OSC_PERIOD"": ""2"", ""ETS2_OSC_TYPE"": ""force"", ""ETS2_SL_ATR_MULT"": ""1.25"", ""ETS2_TP1_ATR_MULT"": ""1.25"", ""ETS2_TP_ATR_MULT"": ""2.0"", ""ETS2_WAVE_LOOKBACK"": ""1""}"
322,elder_ema50_force_canonical_v1_r322,/root/by-bot/backtest_runs/portfolio_20260618_172913_elder_ema50_force_canonical_v1_r322,False,pf<1.15;dd>10.0;net<4.0;neg_months>5;neg_streak>3,-2263.16814772,2853,-75.18,0.818,0.5,75.9132,12,0,12,-15.0898198,"{""ETS2_ENTRY_MIN_BODY_FRAC"": ""0.3"", ""ETS2_ENTRY_RETEST_BARS"": ""5"", ""ETS2_ENTRY_TF"": ""15"", ""ETS2_OSC_OB"": ""58"", ""ETS2_OSC_OS"": ""25"", ""ETS2_OSC_PERIOD"": ""2"", ""ETS2_OSC_TYPE"": ""force"", ""ETS2_SL_ATR_MULT"": ""1.25"", ""ETS2_TP1_ATR_MULT"": ""1.25"", ""ETS2_TP_ATR_MULT"": ""2.0"", ""ETS2_WAVE_LOOKBACK"": ""3""}"
323,elder_ema50_force_canonical_v1_r323,/root/by-bot/backtest_runs/portfolio_20260618_173113_elder_ema50_force_canonical_v1_r323,False,pf<1.15;dd>10.0;net<4.0;neg_months>5;neg_streak>3,-2265.823595852,2434,-76.63,0.771,0.49,77.1722,11,1,9,-15.230854179999993,"{""ETS2_ENTRY_MIN_BODY_FRAC"": ""0.3"", ""ETS2_ENTRY_RETEST_BARS"": ""5"", ""ETS2_ENTRY_TF"": ""15"", ""ETS2_OSC_OB"": ""58"", ""ETS2_OSC_OS"": ""25"", ""ETS2_OSC_PERIOD"": ""2"", ""ETS2_OSC_TYPE"": ""force"", ""ETS2_SL_ATR_MULT"": ""1.25"", ""ETS2_TP1_ATR_MULT"": ""1.25"", ""ETS2_TP_ATR_MULT"": ""2.5"", ""ETS2_WAVE_LOOKBACK"": ""1""}"
324,elder_ema50_force_canonical_v1_r324,/root/by-bot/backtest_runs/portfolio_20260618_173241_elder_ema50_force_canonical_v1_r324,False,pf<1.15;dd>10.0;net<4.0;neg_months>5;neg_streak>3,-2280.184855786,2701,-78.74,0.773,0.492,79.4491,12,0,12,-19.141896989999992,"{""ETS2_ENTRY_MIN_BODY_FRAC"": ""0.3"", ""ETS2_ENTRY_RETEST_BARS"": ""5"", ""ETS2_ENTRY_TF"": ""15"", ""ETS2_OSC_OB"": ""58"", ""ETS2_OSC_OS"": ""25"", ""ETS2_OSC_PERIOD"": ""2"", ""ETS2_OSC_TYPE"": ""force"", ""ETS2_SL_ATR_MULT"": ""1.25"", ""ETS2_TP1_ATR_MULT"": ""1.25"", ""ETS2_TP_ATR_MULT"": ""2.5"", ""ETS2_WAVE_LOOKBACK"": ""3""}"
325,elder_ema50_force_canonical_v1_r325,/root/by-bot/backtest_runs/portfolio_20260618_173350_elder_ema50_force_canonical_v1_r325,False,pf<1.15;dd>10.0;net<4.0;neg_months>5;neg_streak>3,-2352.480154874,5250,-99.59,0.676,0.484,99.6092,12,0,12,-24.109824909999997,"{""ETS2_ENTRY_MIN_BODY_FRAC"": ""0.15"", ""ETS2_ENTRY_RETEST_BARS"": ""2"", ""ETS2_ENTRY_TF"": ""5"", ""ETS2_OSC_OB"": ""58"", ""ETS2_OSC_OS"": ""25"", ""ETS2_OSC_PERIOD"": ""2"", ""ETS2_OSC_TYPE"": ""force"", ""ETS2_SL_ATR_MULT"": ""0.75"", ""ETS2_TP1_ATR_MULT"": ""0.75"", ""ETS2_TP_ATR_MULT"": ""1.5"", ""ETS2_WAVE_LOOKBACK"": ""1""}"
326,elder_ema50_force_canonical_v1_r326,/root/by-bot/backtest_runs/portfolio_20260618_173558_elder_ema50_force_canonical_v1_r326,False,pf<1.15;dd>10.0;net<4.0;neg_months>5;neg_streak>3,-2362.7655113499995,5716,-99.74,0.658,0.483,99.7426,12,0,12,-31.13736524999998,"{""ETS2_ENTRY_MIN_BODY_FRAC"": ""0.15"", ""ETS2_ENTRY_RETEST_BARS"": ""2"", ""ETS2_ENTRY_TF"": ""5"", ""ETS2_OSC_OB"": ""58"", ""ETS2_OSC_OS"": ""25"", ""ETS2_OSC_PERIOD"": ""2"", ""ETS2_OSC_TYPE"": ""force"", ""ETS2_SL_ATR_MULT"": ""0.75"", ""ETS2_TP1_ATR_MULT"": ""0.75"", ""ETS2_TP_ATR_MULT"": ""1.5"", ""ETS2_WAVE_LOOKBACK"": ""3""}"
327,elder_ema50_force_canonical_v1_r327,/root/by-bot/backtest_runs/portfolio_20260618_173738_elder_ema50_force_canonical_v1_r327,False,pf<1.15;dd>10.0;net<4.0;neg_months>5;neg_streak>3,-2360.336999246,4922,-99.76,0.608,0.461,99.772,12,0,12,-29.34357089,"{""ETS2_ENTRY_MIN_BODY_FRAC"": ""0.15"", ""ETS2_ENTRY_RETEST_BARS"": ""2"", ""ETS2_ENTRY_TF"": ""5"", ""ETS2_OSC_OB"": ""58"", ""ETS2_OSC_OS"": ""25"", ""ETS2_OSC_PERIOD"": ""2"", ""ETS2_OSC_TYPE"": ""force"", ""ETS2_SL_ATR_MULT"": ""0.75"", ""ETS2_TP1_ATR_MULT"": ""0.75"", ""ETS2_TP_ATR_MULT"": ""2.0"", ""ETS2_WAVE_LOOKBACK"": ""1""}"
328,elder_ema50_force_canonical_v1_r328,/root/by-bot/backtest_runs/portfolio_20260618_173926_elder_ema50_force_canonical_v1_r328,False,pf<1.15;dd>10.0;net<4.0;neg_months>5;neg_streak>3,-2362.494022714,5231,-99.78,0.626,0.467,99.7814,12,0,12,-30.85373051000002,"{""ETS2_ENTRY_MIN_BODY_FRAC"": ""0.15"", ""ETS2_ENTRY_RETEST_BARS"": ""2"", ""ETS2_ENTRY_TF"": ""5"", ""ETS2_OSC_OB"": ""58"", ""ETS2_OSC_OS"": ""25"", ""ETS2_OSC_PERIOD"": ""2"", ""ETS2_OSC_TYPE"": ""force"", ""ETS2_SL_ATR_MULT"": ""0.75"", ""ETS2_TP1_ATR_MULT"": ""0.75"", ""ETS2_TP_ATR_MULT"": ""2.0"", ""ETS2_WAVE_LOOKBACK"": ""3""}"
329,elder_ema50_force_canonical_v1_r329,/root/by-bot/backtest_runs/portfolio_20260618_174122_elder_ema50_force_canonical_v1_r329,False,pf<1.15;dd>10.0;net<4.0;neg_months>5;neg_streak>3,-2344.501036936,4495,-99.02,0.691,0.479,99.0463,12,0,12,-19.70316923999999,"{""ETS2_ENTRY_MIN_BODY_FRAC"": ""0.15"", ""ETS2_ENTRY_RETEST_BARS"": ""2"", ""ETS2_ENTRY_TF"": ""5"", ""ETS2_OSC_OB"": ""58"", ""ETS2_OSC_OS"": ""25"", ""ETS2_OSC_PERIOD"": ""2"", ""ETS2_OSC_TYPE"": ""force"", ""ETS2_SL_ATR_MULT"": ""0.75"", ""ETS2_TP1_ATR_MULT"": ""0.75"", ""ETS2_TP_ATR_MULT"": ""2.5"", ""ETS2_WAVE_LOOKBACK"": ""1""}"
330,elder_ema50_force_canonical_v1_r330,/root/by-bot/backtest_runs/portfolio_20260618_174258_elder_ema50_force_canonical_v1_r330,False,pf<1.15;dd>10.0;net<4.0;neg_months>5;neg_streak>3,-2354.656972376,4802,-99.43,0.66,0.472,99.4401,12,0,12,-26.043408839999998,"{""ETS2_ENTRY_MIN_BODY_FRAC"": ""0.15"", ""ETS2_ENTRY_RETEST_BARS"": ""2"", ""ETS2_ENTRY_TF"": ""5"", ""ETS2_OSC_OB"": ""58"", ""ETS2_OSC_OS"": ""25"", ""ETS2_OSC_PERIOD"": ""2"", ""ETS2_OSC_TYPE"": ""force"", ""ETS2_SL_ATR_MULT"": ""0.75"", ""ETS2_TP1_ATR_MULT"": ""0.75"", ""ETS2_TP_ATR_MULT"": ""2.5"", ""ETS2_WAVE_LOOKBACK"": ""3""}"
331,elder_ema50_force_canonical_v1_r331,/root/by-bot/backtest_runs/portfolio_20260618_174415_elder_ema50_force_canonical_v1_r331,False,pf<1.15;dd>10.0;net<4.0;neg_months>5;neg_streak>3,-2351.287313968,5250,-99.62,0.688,0.384,99.6377,12,0,12,-23.19136712,"{""ETS2_ENTRY_MIN_BODY_FRAC"": ""0.15"", ""ETS2_ENTRY_RETEST_BARS"": ""2"", ""ETS2_ENTRY_TF"": ""5"", ""ETS2_OSC_OB"": ""58"", ""ETS2_OSC_OS"": ""25"", ""ETS2_OSC_PERIOD"": ""2"", ""ETS2_OSC_TYPE"": ""force"", ""ETS2_SL_ATR_MULT"": ""0.75"", ""ETS2_TP1_ATR_MULT"": ""1.0"", ""ETS2_TP_ATR_MULT"": ""1.5"", ""ETS2_WAVE_LOOKBACK"": ""1""}"
332,elder_ema50_force_canonical_v1_r332,/root/by-bot/backtest_runs/portfolio_20260618_174635_elder_ema50_force_canonical_v1_r332,False,pf<1.15;dd>10.0;net<4.0;neg_months>5;neg_streak>3,-2360.9224157,5717,-99.77,0.667,0.384,99.7779,12,0,12,-29.74472549999997,"{""ETS2_ENTRY_MIN_BODY_FRAC"": ""0.15"", ""ETS2_ENTRY_RETEST_BARS"": ""2"", ""ETS2_ENTRY_TF"": ""5"", ""ETS2_OSC_OB"": ""58"", ""ETS2_OSC_OS"": ""25"", ""ETS2_OSC_PERIOD"": ""2"", ""ETS2_OSC_TYPE"": ""force"", ""ETS2_SL_ATR_MULT"": ""0.75"", ""ETS2_TP1_ATR_MULT"": ""1.0"", ""ETS2_TP_ATR_MULT"": ""1.5"", ""ETS2_WAVE_LOOKBACK"": ""3""}"
333,elder_ema50_force_canonical_v1_r333,/root/by-bot/backtest_runs/portfolio_20260618_174809_elder_ema50_force_canonical_v1_r333,False,pf<1.15;dd>10.0;net<4.0;neg_months>5;neg_streak>3,-2362.8068873019997,4904,-99.75,0.633,0.368,99.7593,12,0,12,-31.134490929999995,"{""ETS2_ENTRY_MIN_BODY_FRAC"": ""0.15"", ""ETS2_ENTRY_RETEST_BARS"": ""2"", ""ETS2_ENTRY_TF"": ""5"", ""ETS2_OSC_OB"": ""58"", ""ETS2_OSC_OS"": ""25"", ""ETS2_OSC_PERIOD"": ""2"", ""ETS2_OSC_TYPE"": ""force"", ""ETS2_SL_ATR_MULT"": ""0.75"", ""ETS2_TP1_ATR_MULT"": ""1.0"", ""ETS2_TP_ATR_MULT"": ""2.0"", ""ETS2_WAVE_LOOKBACK"": ""1""}"
334,elder_ema50_force_canonical_v1_r334,/root/by-bot/backtest_runs/portfolio_20260618_174950_elder_ema50_force_canonical_v1_r334,False,pf<1.15;dd>10.0;net<4.0;neg_months>5;neg_streak>3,-2362.900061332,5241,-99.82,0.637,0.366,99.8248,12,0,12,-31.047472379999988,"{""ETS2_ENTRY_MIN_BODY_FRAC"": ""0.15"", ""ETS2_ENTRY_RETEST_BARS"": ""2"", ""ETS2_ENTRY_TF"": ""5"", ""ETS2_OSC_OB"": ""58"", ""ETS2_OSC_OS"": ""25"", ""ETS2_OSC_PERIOD"": ""2"", ""ETS2_OSC_TYPE"": ""force"", ""ETS2_SL_ATR_MULT"": ""0.75"", ""ETS2_TP1_ATR_MULT"": ""1.0"", ""ETS2_TP_ATR_MULT"": ""2.0"", ""ETS2_WAVE_LOOKBACK"": ""3""}"
335,elder_ema50_force_canonical_v1_r335,/root/by-bot/backtest_runs/portfolio_20260618_175138_elder_ema50_force_canonical_v1_r335,False,pf<1.15;dd>10.0;net<4.0;neg_months>5;neg_streak>3,-2343.584839574,4484,-99.08,0.71,0.377,99.1075,12,0,12,-18.909885409999998,"{""ETS2_ENTRY_MIN_BODY_FRAC"": ""0.15"", ""ETS2_ENTRY_RETEST_BARS"": ""2"", ""ETS2_ENTRY_TF"": ""5"", ""ETS2_OSC_OB"": ""58"", ""ETS2_OSC_OS"": ""25"", ""ETS2_OSC_PERIOD"": ""2"", ""ETS2_OSC_TYPE"": ""force"", ""ETS2_SL_ATR_MULT"": ""0.75"", ""ETS2_TP1_ATR_MULT"": ""1.0"", ""ETS2_TP_ATR_MULT"": ""2.5"", ""ETS2_WAVE_LOOKBACK"": ""1""}"
336,elder_ema50_force_canonical_v1_r336,/root/by-bot/backtest_runs/portfolio_20260618_175326_elder_ema50_force_canonical_v1_r336,False,pf<1.15;dd>10.0;net<4.0;neg_months>5;neg_streak>3,-2352.7440253319996,4797,-99.37,0.687,0.381,99.3811,12,0,12,-24.812732380000003,"{""ETS2_ENTRY_MIN_BODY_FRAC"": ""0.15"", ""ETS2_ENTRY_RETEST_BARS"": ""2"", ""ETS2_ENTRY_TF"": ""5"", ""ETS2_OSC_OB"": ""58"", ""ETS2_OSC_OS"": ""25"", ""ETS2_OSC_PERIOD"": ""2"", ""ETS2_OSC_TYPE"": ""force"", ""ETS2_SL_ATR_MULT"": ""0.75"", ""ETS2_TP1_ATR_MULT"": ""1.0"", ""ETS2_TP_ATR_MULT"": ""2.5"", ""ETS2_WAVE_LOOKBACK"": ""3""}"
337,elder_ema50_force_canonical_v1_r337,/root/by-bot/backtest_runs/portfolio_20260618_175454_elder_ema50_force_canonical_v1_r337,False,pf<1.15;dd>10.0;net<4.0;neg_months>5;neg_streak>3,-2351.1756284959997,5249,-99.59,0.697,0.309,99.6157,12,0,12,-23.16873463999999,"{""ETS2_ENTRY_MIN_BODY_FRAC"": ""0.15"", ""ETS2_ENTRY_RETEST_BARS"": ""2"", ""ETS2_ENTRY_TF"": ""5"", ""ETS2_OSC_OB"": ""58"", ""ETS2_OSC_OS"": ""25"", ""ETS2_OSC_PERIOD"": ""2"", ""ETS2_OSC_TYPE"": ""force"", ""ETS2_SL_ATR_MULT"": ""0.75"", ""ETS2_TP1_ATR_MULT"": ""1.25"", ""ETS2_TP_ATR_MULT"": ""1.5"", ""ETS2_WAVE_LOOKBACK"": ""1""}"
338,elder_ema50_force_canonical_v1_r338,/root/by-bot/backtest_runs/portfolio_20260618_175703_elder_ema50_force_canonical_v1_r338,False,pf<1.15;dd>10.0;net<4.0;neg_months>5;neg_streak>3,-2358.2097388179996,5721,-99.75,0.678,0.311,99.7547,12,0,12,-27.85738487,"{""ETS2_ENTRY_MIN_BODY_FRAC"": ""0.15"", ""ETS2_ENTRY_RETEST_BARS"": ""2"", ""ETS2_ENTRY_TF"": ""5"", ""ETS2_OSC_OB"": ""58"", ""ETS2_OSC_OS"": ""25"", ""ETS2_OSC_PERIOD"": ""2"", ""ETS2_OSC_TYPE"": ""force"", ""ETS2_SL_ATR_MULT"": ""0.75"", ""ETS2_TP1_ATR_MULT"": ""1.25"", ""ETS2_TP_ATR_MULT"": ""1.5"", ""ETS2_WAVE_LOOKBACK"": ""3""}"
339,elder_ema50_force_canonical_v1_r339,/root/by-bot/backtest_runs/portfolio_20260618_175942_elder_ema50_force_canonical_v1_r339,False,pf<1.15;dd>10.0;net<4.0;neg_months>5;neg_streak>3,-2359.41043533,4934,-99.76,0.64,0.296,99.7716,12,0,12,-28.682310949999994,"{""ETS2_ENTRY_MIN_BODY_FRAC"": ""0.15"", ""ETS2_ENTRY_RETEST_BARS"": ""2"", ""ETS2_ENTRY_TF"": ""5"", ""ETS2_OSC_OB"": ""58"", ""ETS2_OSC_OS"": ""25"", ""ETS2_OSC_PERIOD"": ""2"", ""ETS2_OSC_TYPE"": ""force"", ""ETS2_SL_ATR_MULT"": ""0.75"", ""ETS2_TP1_ATR_MULT"": ""1.25"", ""ETS2_TP_ATR_MULT"": ""2.0"", ""ETS2_WAVE_LOOKBACK"": ""1""}"
340,elder_ema50_force_canonical_v1_r340,/root/by-bot/backtest_runs/portfolio_20260618_180523_elder_ema50_force_canonical_v1_r340,False,pf<1.15;dd>10.0;net<4.0;neg_months>5;neg_streak>3,-2352.3491710639996,5217,-99.76,0.677,0.3,99.7667,12,0,12,-23.645550760000006,"{""ETS2_ENTRY_MIN_BODY_FRAC"": ""0.15"", ""ETS2_ENTRY_RETEST_BARS"": ""2"", ""ETS2_ENTRY_TF"": ""5"", ""ETS2_OSC_OB"": ""58"", ""ETS2_OSC_OS"": ""25"", ""ETS2_OSC_PERIOD"": ""2"", ""ETS2_OSC_TYPE"": ""force"", ""ETS2_SL_ATR_MULT"": ""0.75"", ""ETS2_TP1_ATR_MULT"": ""1.25"", ""ETS2_TP_ATR_MULT"": ""2.0"", ""ETS2_WAVE_LOOKBACK"": ""3""}"
341,elder_ema50_force_canonical_v1_r341,/root/by-bot/backtest_runs/portfolio_20260618_180927_elder_ema50_force_canonical_v1_r341,False,pf<1.15;dd>10.0;net<4.0;neg_months>5;neg_streak>3,-2350.2953594859996,4484,-99.19,0.703,0.3,99.2155,12,0,12,-23.454542489999987,"{""ETS2_ENTRY_MIN_BODY_FRAC"": ""0.15"", ""ETS2_ENTRY_RETEST_BARS"": ""2"", ""ETS2_ENTRY_TF"": ""5"", ""ETS2_OSC_OB"": ""58"", ""ETS2_OSC_OS"": ""25"", ""ETS2_OSC_PERIOD"": ""2"", ""ETS2_OSC_TYPE"": ""force"", ""ETS2_SL_ATR_MULT"": ""0.75"", ""ETS2_TP1_ATR_MULT"": ""1.25"", ""ETS2_TP_ATR_MULT"": ""2.5"", ""ETS2_WAVE_LOOKBACK"": ""1""}"
342,elder_ema50_force_canonical_v1_r342,/root/by-bot/backtest_runs/portfolio_20260618_181421_elder_ema50_force_canonical_v1_r342,False,pf<1.15;dd>10.0;net<4.0;neg_months>5;neg_streak>3,-2353.166459438,4805,-99.39,0.69,0.306,99.4042,12,0,12,-25.064328169999996,"{""ETS2_ENTRY_MIN_BODY_FRAC"": ""0.15"", ""ETS2_ENTRY_RETEST_BARS"": ""2"", ""ETS2_ENTRY_TF"": ""5"", ""ETS2_OSC_OB"": ""58"", ""ETS2_OSC_OS"": ""25"", ""ETS2_OSC_PERIOD"": ""2"", ""ETS2_OSC_TYPE"": ""force"", ""ETS2_SL_ATR_MULT"": ""0.75"", ""ETS2_TP1_ATR_MULT"": ""1.25"", ""ETS2_TP_ATR_MULT"": ""2.5"", ""ETS2_WAVE_LOOKBACK"": ""3""}"
343,elder_ema50_force_canonical_v1_r343,/root/by-bot/backtest_runs/portfolio_20260618_181823_elder_ema50_force_canonical_v1_r343,False,pf<1.15;dd>10.0;net<4.0;neg_months>5;neg_streak>3,-2351.242402338,4252,-97.31,0.68,0.485,97.4532,12,0,12,-28.260001670000015,"{""ETS2_ENTRY_MIN_BODY_FRAC"": ""0.15"", ""ETS2_ENTRY_RETEST_BARS"": ""2"", ""ETS2_ENTRY_TF"": ""5"", ""ETS2_OSC_OB"": ""58"", ""ETS2_OSC_OS"": ""25"", ""ETS2_OSC_PERIOD"": ""2"", ""ETS2_OSC_TYPE"": ""force"", ""ETS2_SL_ATR_MULT"": ""1.0"", ""ETS2_TP1_ATR_MULT"": ""0.75"", ""ETS2_TP_ATR_MULT"": ""1.5"", ""ETS2_WAVE_LOOKBACK"": ""1""}"
344,elder_ema50_force_canonical_v1_r344,/root/by-bot/backtest_runs/portfolio_20260618_182312_elder_ema50_force_canonical_v1_r344,False,pf<1.15;dd>10.0;net<4.0;neg_months>5;neg_streak>3,-2353.98299419,4529,-98.05,0.692,0.483,98.1917,11,1,11,-29.813995850000005,"{""ETS2_ENTRY_MIN_BODY_FRAC"": ""0.15"", ""ETS2_ENTRY_RETEST_BARS"": ""2"", ""ETS2_ENTRY_TF"": ""5"", ""ETS2_OSC_OB"": ""58"", ""ETS2_OSC_OS"": ""25"", ""ETS2_OSC_PERIOD"": ""2"", ""ETS2_OSC_TYPE"": ""force"", ""ETS2_SL_ATR_MULT"": ""1.0"", ""ETS2_TP1_ATR_MULT"": ""0.75"", ""ETS2_TP_ATR_MULT"": ""1.5"", ""ETS2_WAVE_LOOKBACK"": ""3""}"
345,elder_ema50_force_canonical_v1_r345,/root/by-bot/backtest_runs/portfolio_20260618_182643_elder_ema50_force_canonical_v1_r345,False,pf<1.15;dd>10.0;net<4.0;neg_months>5;neg_streak>3,-2350.451706116,3908,-97.08,0.658,0.475,97.156,12,0,12,-28.31693294,"{""ETS2_ENTRY_MIN_BODY_FRAC"": ""0.15"", ""ETS2_ENTRY_RETEST_BARS"": ""2"", ""ETS2_ENTRY_TF"": ""5"", ""ETS2_OSC_OB"": ""58"", ""ETS2_OSC_OS"": ""25"", ""ETS2_OSC_PERIOD"": ""2"", ""ETS2_OSC_TYPE"": ""force"", ""ETS2_SL_ATR_MULT"": ""1.0"", ""ETS2_TP1_ATR_MULT"": ""0.75"", ""ETS2_TP_ATR_MULT"": ""2.0"", ""ETS2_WAVE_LOOKBACK"": ""1""}"
346,elder_ema50_force_canonical_v1_r346,/root/by-bot/backtest_runs/portfolio_20260618_183113_elder_ema50_force_canonical_v1_r346,False,pf<1.15;dd>10.0;net<4.0;neg_months>5;neg_streak>3,-2346.6173012599997,4123,-95.8,0.703,0.492,95.9042,12,0,12,-28.463500900000025,"{""ETS2_ENTRY_MIN_BODY_FRAC"": ""0.15"", ""ETS2_ENTRY_RETEST_BARS"": ""2"", ""ETS2_ENTRY_TF"": ""5"", ""ETS2_OSC_OB"": ""58"", ""ETS2_OSC_OS"": ""25"", ""ETS2_OSC_PERIOD"": ""2"", ""ETS2_OSC_TYPE"": ""force"", ""ETS2_SL_ATR_MULT"": ""1.0"", ""ETS2_TP1_ATR_MULT"": ""0.75"", ""ETS2_TP_ATR_MULT"": ""2.0"", ""ETS2_WAVE_LOOKBACK"": ""3""}"
347,elder_ema50_force_canonical_v1_r347,/root/by-bot/backtest_runs/portfolio_20260618_183425_elder_ema50_force_canonical_v1_r347,False,pf<1.15;dd>10.0;net<4.0;neg_months>5;neg_streak>3,-2344.954790126,3638,-96.33,0.685,0.477,96.4459,12,0,12,-26.047850090000008,"{""ETS2_ENTRY_MIN_BODY_FRAC"": ""0.15"", ""ETS2_ENTRY_RETEST_BARS"": ""2"", ""ETS2_ENTRY_TF"": ""5"", ""ETS2_OSC_OB"": ""58"", ""ETS2_OSC_OS"": ""25"", ""ETS2_OSC_PERIOD"": ""2"", ""ETS2_OSC_TYPE"": ""force"", ""ETS2_SL_ATR_MULT"": ""1.0"", ""ETS2_TP1_ATR_MULT"": ""0.75"", ""ETS2_TP_ATR_MULT"": ""2.5"", ""ETS2_WAVE_LOOKBACK"": ""1""}"
348,elder_ema50_force_canonical_v1_r348,/root/by-bot/backtest_runs/portfolio_20260618_183809_elder_ema50_force_canonical_v1_r348,False,pf<1.15;dd>10.0;net<4.0;neg_months>5;neg_streak>3,-2343.605891522,3871,-96.38,0.671,0.486,96.4489,12,0,12,-25.03720823000003,"{""ETS2_ENTRY_MIN_BODY_FRAC"": ""0.15"", ""ETS2_ENTRY_RETEST_BARS"": ""2"", ""ETS2_ENTRY_TF"": ""5"", ""ETS2_OSC_OB"": ""58"", ""ETS2_OSC_OS"": ""25"", ""ETS2_OSC_PERIOD"": ""2"", ""ETS2_OSC_TYPE"": ""force"", ""ETS2_SL_ATR_MULT"": ""1.0"", ""ETS2_TP1_ATR_MULT"": ""0.75"", ""ETS2_TP_ATR_MULT"": ""2.5"", ""ETS2_WAVE_LOOKBACK"": ""3""}"
349,elder_ema50_force_canonical_v1_r349,/root/by-bot/backtest_runs/portfolio_20260618_184147_elder_ema50_force_canonical_v1_r349,False,pf<1.15;dd>10.0;net<4.0;neg_months>5;neg_streak>3,-2357.979928356,4260,-97.39,0.707,0.484,97.5363,12,0,12,-32.88523454000005,"{""ETS2_ENTRY_MIN_BODY_FRAC"": ""0.15"", ""ETS2_ENTRY_RETEST_BARS"": ""2"", ""ETS2_ENTRY_TF"": ""5"", ""ETS2_OSC_OB"": ""58"", ""ETS2_OSC_OS"": ""25"", ""ETS2_OSC_PERIOD"": ""2"", ""ETS2_OSC_TYPE"": ""force"", ""ETS2_SL_ATR_MULT"": ""1.0"", ""ETS2_TP1_ATR_MULT"": ""1.0"", ""ETS2_TP_ATR_MULT"": ""1.5"", ""ETS2_WAVE_LOOKBACK"": ""1""}"
350,elder_ema50_force_canonical_v1_r350,/root/by-bot/backtest_runs/portfolio_20260618_184625_elder_ema50_force_canonical_v1_r350,False,pf<1.15;dd>10.0;net<4.0;neg_months>5;neg_streak>3,-2353.834636982,4528,-97.94,0.73,0.485,98.1014,11,1,11,-29.93131213000003,"{""ETS2_ENTRY_MIN_BODY_FRAC"": ""0.15"", ""ETS2_ENTRY_RETEST_BARS"": ""2"", ""ETS2_ENTRY_TF"": ""5"", ""ETS2_OSC_OB"": ""58"", ""ETS2_OSC_OS"": ""25"", ""ETS2_OSC_PERIOD"": ""2"", ""ETS2_OSC_TYPE"": ""force"", ""ETS2_SL_ATR_MULT"": ""1.0"", ""ETS2_TP1_ATR_MULT"": ""1.0"", ""ETS2_TP_ATR_MULT"": ""1.5"", ""ETS2_WAVE_LOOKBACK"": ""3""}"
351,elder_ema50_force_canonical_v1_r351,/root/by-bot/backtest_runs/portfolio_20260618_184948_elder_ema50_force_canonical_v1_r351,False,pf<1.15;dd>10.0;net<4.0;neg_months>5;neg_streak>3,-2346.0433656879995,3904,-97.0,0.701,0.479,97.0707,12,0,12,-25.358546919999988,"{""ETS2_ENTRY_MIN_BODY_FRAC"": ""0.15"", ""ETS2_ENTRY_RETEST_BARS"": ""2"", ""ETS2_ENTRY_TF"": ""5"", ""ETS2_OSC_OB"": ""58"", ""ETS2_OSC_OS"": ""25"", ""ETS2_OSC_PERIOD"": ""2"", ""ETS2_OSC_TYPE"": ""force"", ""ETS2_SL_ATR_MULT"": ""1.0"", ""ETS2_TP1_ATR_MULT"": ""1.0"", ""ETS2_TP_ATR_MULT"": ""2.0"", ""ETS2_WAVE_LOOKBACK"": ""1""}"
352,elder_ema50_force_canonical_v1_r352,/root/by-bot/backtest_runs/portfolio_20260618_185406_elder_ema50_force_canonical_v1_r352,False,pf<1.15;dd>10.0;net<4.0;neg_months>5;neg_streak>3,-2346.617146988,4129,-95.85,0.733,0.493,95.9531,12,0,12,-28.35067642000001,"{""ETS2_ENTRY_MIN_BODY_FRAC"": ""0.15"", ""ETS2_ENTRY_RETEST_BARS"": ""2"", ""ETS2_ENTRY_TF"": ""5"", ""ETS2_OSC_OB"": ""58"", ""ETS2_OSC_OS"": ""25"", ""ETS2_OSC_PERIOD"": ""2"", ""ETS2_OSC_TYPE"": ""force"", ""ETS2_SL_ATR_MULT"": ""1.0"", ""ETS2_TP1_ATR_MULT"": ""1.0"", ""ETS2_TP_ATR_MULT"": ""2.0"", ""ETS2_WAVE_LOOKBACK"": ""3""}"
353,elder_ema50_force_canonical_v1_r353,/root/by-bot/backtest_runs/portfolio_20260618_185734_elder_ema50_force_canonical_v1_r353,False,pf<1.15;dd>10.0;net<4.0;neg_months>5;neg_streak>3,-2344.523625248,3637,-96.37,0.718,0.48,96.5032,12,0,12,-25.623732319999995,"{""ETS2_ENTRY_MIN_BODY_FRAC"": ""0.15"", ""ETS2_ENTRY_RETEST_BARS"": ""2"", ""ETS2_ENTRY_TF"": ""5"", ""ETS2_OSC_OB"": ""58"", ""ETS2_OSC_OS"": ""25"", ""ETS2_OSC_PERIOD"": ""2"", ""ETS2_OSC_TYPE"": ""force"", ""ETS2_SL_ATR_MULT"": ""1.0"", ""ETS2_TP1_ATR_MULT"": ""1.0"", ""ETS2_TP_ATR_MULT"": ""2.5"", ""ETS2_WAVE_LOOKBACK"": ""1""}"
354,elder_ema50_force_canonical_v1_r354,/root/by-bot/backtest_runs/portfolio_20260618_190140_elder_ema50_force_canonical_v1_r354,False,pf<1.15;dd>10.0;net<4.0;neg_months>5;neg_streak>3,-2344.276750912,3864,-96.26,0.709,0.486,96.333,12,0,12,-25.784822080000023,"{""ETS2_ENTRY_MIN_BODY_FRAC"": ""0.15"", ""ETS2_ENTRY_RETEST_BARS"": ""2"", ""ETS2_ENTRY_TF"": ""5"", ""ETS2_OSC_OB"": ""58"", ""ETS2_OSC_OS"": ""25"", ""ETS2_OSC_PERIOD"": ""2"", ""ETS2_OSC_TYPE"": ""force"", ""ETS2_SL_ATR_MULT"": ""1.0"", ""ETS2_TP1_ATR_MULT"": ""1.0"", ""ETS2_TP_ATR_MULT"": ""2.5"", ""ETS2_WAVE_LOOKBACK"": ""3""}"
355,elder_ema50_force_canonical_v1_r355,/root/by-bot/backtest_runs/portfolio_20260618_190453_elder_ema50_force_canonical_v1_r355,False,pf<1.15;dd>10.0;net<4.0;neg_months>5;neg_streak>3,-2352.2183812559997,4256,-97.07,0.723,0.41,97.2042,12,0,12,-29.518558040000023,"{""ETS2_ENTRY_MIN_BODY_FRAC"": ""0.15"", ""ETS2_ENTRY_RETEST_BARS"": ""2"", ""ETS2_ENTRY_TF"": ""5"", ""ETS2_OSC_OB"": ""58"", ""ETS2_OSC_OS"": ""25"", ""ETS2_OSC_PERIOD"": ""2"", ""ETS2_OSC_TYPE"": ""force"", ""ETS2_SL_ATR_MULT"": ""1.0"", ""ETS2_TP1_ATR_MULT"": ""1.25"", ""ETS2_TP_ATR_MULT"": ""1.5"", ""ETS2_WAVE_LOOKBACK"": ""1""}"
356,elder_ema50_force_canonical_v1_r356,/root/by-bot/backtest_runs/portfolio_20260618_190913_elder_ema50_force_canonical_v1_r356,False,pf<1.15;dd>10.0;net<4.0;neg_months>5;neg_streak>3,-2352.7424690260004,4544,-97.89,0.742,0.406,98.0442,11,1,11,-29.27576359,"{""ETS2_ENTRY_MIN_BODY_FRAC"": ""0.15"", ""ETS2_ENTRY_RETEST_BARS"": ""2"", ""ETS2_ENTRY_TF"": ""5"", ""ETS2_OSC_OB"": ""58"", ""ETS2_OSC_OS"": ""25"", ""ETS2_OSC_PERIOD"": ""2"", ""ETS2_OSC_TYPE"": ""force"", ""ETS2_SL_ATR_MULT"": ""1.0"", ""ETS2_TP1_ATR_MULT"": ""1.25"", ""ETS2_TP_ATR_MULT"": ""1.5"", ""ETS2_WAVE_LOOKBACK"": ""3""}"
357,elder_ema50_force_canonical_v1_r357,/root/by-bot/backtest_runs/portfolio_20260618_191322_elder_ema50_force_canonical_v1_r357,False,pf<1.15;dd>10.0;net<4.0;neg_months>5;neg_streak>3,-2348.017688904,3916,-96.98,0.7,0.403,97.0425,12,0,12,-26.826206359999993,"{""ETS2_ENTRY_MIN_BODY_FRAC"": ""0.15"", ""ETS2_ENTRY_RETEST_BARS"": ""2"", ""ETS2_ENTRY_TF"": ""5"", ""ETS2_OSC_OB"": ""58"", ""ETS2_OSC_OS"": ""25"", ""ETS2_OSC_PERIOD"": ""2"", ""ETS2_OSC_TYPE"": ""force"", ""ETS2_SL_ATR_MULT"": ""1.0"", ""ETS2_TP1_ATR_MULT"": ""1.25"", ""ETS2_TP_ATR_MULT"": ""2.0"", ""ETS2_WAVE_LOOKBACK"": ""1""}"
358,elder_ema50_force_canonical_v1_r358,/root/by-bot/backtest_runs/portfolio_20260618_191730_elder_ema50_force_canonical_v1_r358,False,pf<1.15;dd>10.0;net<4.0;neg_months>5;neg_streak>3,-2340.7774094819997,4090,-95.3,0.76,0.411,95.4055,12,0,12,-25.43314963000001,"{""ETS2_ENTRY_MIN_BODY_FRAC"": ""0.15"", ""ETS2_ENTRY_RETEST_BARS"": ""2"", ""ETS2_ENTRY_TF"": ""5"", ""ETS2_OSC_OB"": ""58"", ""ETS2_OSC_OS"": ""25"", ""ETS2_OSC_PERIOD"": ""2"", ""ETS2_OSC_TYPE"": ""force"", ""ETS2_SL_ATR_MULT"": ""1.0"", ""ETS2_TP1_ATR_MULT"": ""1.25"", ""ETS2_TP_ATR_MULT"": ""2.0"", ""ETS2_WAVE_LOOKBACK"": ""3""}"
359,elder_ema50_force_canonical_v1_r359,/root/by-bot/backtest_runs/portfolio_20260618_192057_elder_ema50_force_canonical_v1_r359,False,pf<1.15;dd>10.0;net<4.0;neg_months>5;neg_streak>3,-2342.573582354,3645,-96.11,0.731,0.403,96.2186,12,0,12,-24.86027311,"{""ETS2_ENTRY_MIN_BODY_FRAC"": ""0.15"", ""ETS2_ENTRY_RETEST_BARS"": ""2"", ""ETS2_ENTRY_TF"": ""5"", ""ETS2_OSC_OB"": ""58"", ""ETS2_OSC_OS"": ""25"", ""ETS2_OSC_PERIOD"": ""2"", ""ETS2_OSC_TYPE"": ""force"", ""ETS2_SL_ATR_MULT"": ""1.0"", ""ETS2_TP1_ATR_MULT"": ""1.25"", ""ETS2_TP_ATR_MULT"": ""2.5"", ""ETS2_WAVE_LOOKBACK"": ""1""}"
360,elder_ema50_force_canonical_v1_r360,/root/by-bot/backtest_runs/portfolio_20260618_192441_elder_ema50_force_canonical_v1_r360,False,pf<1.15;dd>10.0;net<4.0;neg_months>5;neg_streak>3,-2343.3995991019997,3866,-96.27,0.715,0.407,96.3262,12,0,12,-25.159427929999996,"{""ETS2_ENTRY_MIN_BODY_FRAC"": ""0.15"", ""ETS2_ENTRY_RETEST_BARS"": ""2"", ""ETS2_ENTRY_TF"": ""5"", ""ETS2_OSC_OB"": ""58"", ""ETS2_OSC_OS"": ""25"", ""ETS2_OSC_PERIOD"": ""2"", ""ETS2_OSC_TYPE"": ""force"", ""ETS2_SL_ATR_MULT"": ""1.0"", ""ETS2_TP1_ATR_MULT"": ""1.25"", ""ETS2_TP_ATR_MULT"": ""2.5"", ""ETS2_WAVE_LOOKBACK"": ""3""}"
361,elder_ema50_force_canonical_v1_r361,/root/by-bot/backtest_runs/portfolio_20260618_192819_elder_ema50_force_canonical_v1_r361,False,pf<1.15;dd>10.0;net<4.0;neg_months>5;neg_streak>3,-2331.7157171960002,3522,-92.1,0.689,0.489,92.2959,12,0,12,-26.14565514,"{""ETS2_ENTRY_MIN_BODY_FRAC"": ""0.15"", ""ETS2_ENTRY_RETEST_BARS"": ""2"", ""ETS2_ENTRY_TF"": ""5"", ""ETS2_OSC_OB"": ""58"", ""ETS2_OSC_OS"": ""25"", ""ETS2_OSC_PERIOD"": ""2"", ""ETS2_OSC_TYPE"": ""force"", ""ETS2_SL_ATR_MULT"": ""1.25"", ""ETS2_TP1_ATR_MULT"": ""0.75"", ""ETS2_TP_ATR_MULT"": ""1.5"", ""ETS2_WAVE_LOOKBACK"": ""1""}"
362,elder_ema50_force_canonical_v1_r362,/root/by-bot/backtest_runs/portfolio_20260618_193216_elder_ema50_force_canonical_v1_r362,False,pf<1.15;dd>10.0;net<4.0;neg_months>5;neg_streak>3,-2339.966239552,3793,-94.0,0.689,0.486,94.0702,12,0,12,-27.875599680000004,"{""ETS2_ENTRY_MIN_BODY_FRAC"": ""0.15"", ""ETS2_ENTRY_RETEST_BARS"": ""2"", ""ETS2_ENTRY_TF"": ""5"", ""ETS2_OSC_OB"": ""58"", ""ETS2_OSC_OS"": ""25"", ""ETS2_OSC_PERIOD"": ""2"", ""ETS2_OSC_TYPE"": ""force"", ""ETS2_SL_ATR_MULT"": ""1.25"", ""ETS2_TP1_ATR_MULT"": ""0.75"", ""ETS2_TP_ATR_MULT"": ""1.5"", ""ETS2_WAVE_LOOKBACK"": ""3""}"
363,elder_ema50_force_canonical_v1_r363,/root/by-bot/backtest_runs/portfolio_20260618_193545_elder_ema50_force_canonical_v1_r363,False,pf<1.15;dd>10.0;net<4.0;neg_months>5;neg_streak>3,-2321.279141826,3215,-91.28,0.696,0.484,91.4272,12,0,12,-20.634815590000006,"{""ETS2_ENTRY_MIN_BODY_FRAC"": ""0.15"", ""ETS2_ENTRY_RETEST_BARS"": ""2"", ""ETS2_ENTRY_TF"": ""5"", ""ETS2_OSC_OB"": ""58"", ""ETS2_OSC_OS"": ""25"", ""ETS2_OSC_PERIOD"": ""2"", ""ETS2_OSC_TYPE"": ""force"", ""ETS2_SL_ATR_MULT"": ""1.25"", ""ETS2_TP1_ATR_MULT"": ""0.75"", ""ETS2_TP_ATR_MULT"": ""2.0"", ""ETS2_WAVE_LOOKBACK"": ""1""}"
364,elder_ema50_force_canonical_v1_r364,/root/by-bot/backtest_runs/portfolio_20260618_193859_elder_ema50_force_canonical_v1_r364,False,pf<1.15;dd>10.0;net<4.0;neg_months>5;neg_streak>3,-2321.382982816,3415,-91.73,0.703,0.486,91.8696,12,0,12,-19.69127343999999,"{""ETS2_ENTRY_MIN_BODY_FRAC"": ""0.15"", ""ETS2_ENTRY_RETEST_BARS"": ""2"", ""ETS2_ENTRY_TF"": ""5"", ""ETS2_OSC_OB"": ""58"", ""ETS2_OSC_OS"": ""25"", ""ETS2_OSC_PERIOD"": ""2"", ""ETS2_OSC_TYPE"": ""force"", ""ETS2_SL_ATR_MULT"": ""1.25"", ""ETS2_TP1_ATR_MULT"": ""0.75"", ""ETS2_TP_ATR_MULT"": ""2.0"", ""ETS2_WAVE_LOOKBACK"": ""3""}"
365,elder_ema50_force_canonical_v1_r365,/root/by-bot/backtest_runs/portfolio_20260618_194238_elder_ema50_force_canonical_v1_r365,False,pf<1.15;dd>10.0;net<4.0;neg_months>5;neg_streak>3,-2300.219335586,2994,-85.86,0.721,0.489,86.0707,12,0,12,-17.889953989999995,"{""ETS2_ENTRY_MIN_BODY_FRAC"": ""0.15"", ""ETS2_ENTRY_RETEST_BARS"": ""2"", ""ETS2_ENTRY_TF"": ""5"", ""ETS2_OSC_OB"": ""58"", ""ETS2_OSC_OS"": ""25"", ""ETS2_OSC_PERIOD"": ""2"", ""ETS2_OSC_TYPE"": ""force"", ""ETS2_SL_ATR_MULT"": ""1.25"", ""ETS2_TP1_ATR_MULT"": ""0.75"", ""ETS2_TP_ATR_MULT"": ""2.5"", ""ETS2_WAVE_LOOKBACK"": ""1""}"
366,elder_ema50_force_canonical_v1_r366,/root/by-bot/backtest_runs/portfolio_20260618_194610_elder_ema50_force_canonical_v1_r366,False,pf<1.15;dd>10.0;net<4.0;neg_months>5;neg_streak>3,-2321.914429604,3178,-91.12,0.675,0.481,91.256,12,0,12,-21.470306860000008,"{""ETS2_ENTRY_MIN_BODY_FRAC"": ""0.15"", ""ETS2_ENTRY_RETEST_BARS"": ""2"", ""ETS2_ENTRY_TF"": ""5"", ""ETS2_OSC_OB"": ""58"", ""ETS2_OSC_OS"": ""25"", ""ETS2_OSC_PERIOD"": ""2"", ""ETS2_OSC_TYPE"": ""force"", ""ETS2_SL_ATR_MULT"": ""1.25"", ""ETS2_TP1_ATR_MULT"": ""0.75"", ""ETS2_TP_ATR_MULT"": ""2.5"", ""ETS2_WAVE_LOOKBACK"": ""3""}"
367,elder_ema50_force_canonical_v1_r367,/root/by-bot/backtest_runs/portfolio_20260618_194849_elder_ema50_force_canonical_v1_r367,False,pf<1.15;dd>10.0;net<4.0;neg_months>5;neg_streak>3,-2332.168797586,3522,-91.73,0.72,0.489,91.9691,12,0,12,-27.253283989999996,"{""ETS2_ENTRY_MIN_BODY_FRAC"": ""0.15"", ""ETS2_ENTRY_RETEST_BARS"": ""2"", ""ETS2_ENTRY_TF"": ""5"", ""ETS2_OSC_OB"": ""58"", ""ETS2_OSC_OS"": ""25"", ""ETS2_OSC_PERIOD"": ""2"", ""ETS2_OSC_TYPE"": ""force"", ""ETS2_SL_ATR_MULT"": ""1.25"", ""ETS2_TP1_ATR_MULT"": ""1.0"", ""ETS2_TP_ATR_MULT"": ""1.5"", ""ETS2_WAVE_LOOKBACK"": ""1""}"
368,elder_ema50_force_canonical_v1_r368,/root/by-bot/backtest_runs/portfolio_20260618_195240_elder_ema50_force_canonical_v1_r368,False,pf<1.15;dd>10.0;net<4.0;neg_months>5;neg_streak>3,-2333.06826002,3790,-93.86,0.725,0.488,93.9567,12,0,12,-23.230614300000006,"{""ETS2_ENTRY_MIN_BODY_FRAC"": ""0.15"", ""ETS2_ENTRY_RETEST_BARS"": ""2"", ""ETS2_ENTRY_TF"": ""5"", ""ETS2_OSC_OB"": ""58"", ""ETS2_OSC_OS"": ""25"", ""ETS2_OSC_PERIOD"": ""2"", ""ETS2_OSC_TYPE"": ""force"", ""ETS2_SL_ATR_MULT"": ""1.25"", ""ETS2_TP1_ATR_MULT"": ""1.0"", ""ETS2_TP_ATR_MULT"": ""1.5"", ""ETS2_WAVE_LOOKBACK"": ""3""}"
369,elder_ema50_force_canonical_v1_r369,/root/by-bot/backtest_runs/portfolio_20260618_195617_elder_ema50_force_canonical_v1_r369,False,pf<1.15;dd>10.0;net<4.0;neg_months>5;neg_streak>3,-2323.034464664,3210,-91.49,0.723,0.484,91.757,12,0,12,-21.23747475999999,"{""ETS2_ENTRY_MIN_BODY_FRAC"": ""0.15"", ""ETS2_ENTRY_RETEST_BARS"": ""2"", ""ETS2_ENTRY_TF"": ""5"", ""ETS2_OSC_OB"": ""58"", ""ETS2_OSC_OS"": ""25"", ""ETS2_OSC_PERIOD"": ""2"", ""ETS2_OSC_TYPE"": ""force"", ""ETS2_SL_ATR_MULT"": ""1.25"", ""ETS2_TP1_ATR_MULT"": ""1.0"", ""ETS2_TP_ATR_MULT"": ""2.0"", ""ETS2_WAVE_LOOKBACK"": ""1""}"
370,elder_ema50_force_canonical_v1_r370,/root/by-bot/backtest_runs/portfolio_20260618_195953_elder_ema50_force_canonical_v1_r370,False,pf<1.15;dd>10.0;net<4.0;neg_months>5;neg_streak>3,-2322.3782697879997,3411,-91.95,0.725,0.485,92.0993,12,0,12,-19.88547842,"{""ETS2_ENTRY_MIN_BODY_FRAC"": ""0.15"", ""ETS2_ENTRY_RETEST_BARS"": ""2"", ""ETS2_ENTRY_TF"": ""5"", ""ETS2_OSC_OB"": ""58"", ""ETS2_OSC_OS"": ""25"", ""ETS2_OSC_PERIOD"": ""2"", ""ETS2_OSC_TYPE"": ""force"", ""ETS2_SL_ATR_MULT"": ""1.25"", ""ETS2_TP1_ATR_MULT"": ""1.0"", ""ETS2_TP_ATR_MULT"": ""2.0"", ""ETS2_WAVE_LOOKBACK"": ""3""}"
371,elder_ema50_force_canonical_v1_r371,/root/by-bot/backtest_runs/portfolio_20260618_200338_elder_ema50_force_canonical_v1_r371,False,pf<1.15;dd>10.0;net<4.0;neg_months>5;neg_streak>3,-2298.4439098519997,2992,-85.0,0.754,0.49,85.257,12,0,12,-18.52136417999999,"{""ETS2_ENTRY_MIN_BODY_FRAC"": ""0.15"", ""ETS2_ENTRY_RETEST_BARS"": ""2"", ""ETS2_ENTRY_TF"": ""5"", ""ETS2_OSC_OB"": ""58"", ""ETS2_OSC_OS"": ""25"", ""ETS2_OSC_PERIOD"": ""2"", ""ETS2_OSC_TYPE"": ""force"", ""ETS2_SL_ATR_MULT"": ""1.25"", ""ETS2_TP1_ATR_MULT"": ""1.0"", ""ETS2_TP_ATR_MULT"": ""2.5"", ""ETS2_WAVE_LOOKBACK"": ""1""}"
372,elder_ema50_force_canonical_v1_r372,/root/by-bot/backtest_runs/portfolio_20260618_200655_elder_ema50_force_canonical_v1_r372,False,pf<1.15;dd>10.0;net<4.0;neg_months>5;neg_streak>3,-2324.5589373479997,3179,-91.51,0.702,0.483,91.6603,12,0,12,-22.44738382000001,"{""ETS2_ENTRY_MIN_BODY_FRAC"": ""0.15"", ""ETS2_ENTRY_RETEST_BARS"": ""2"", ""ETS2_ENTRY_TF"": ""5"", ""ETS2_OSC_OB"": ""58"", ""ETS2_OSC_OS"": ""25"", ""ETS2_OSC_PERIOD"": ""2"", ""ETS2_OSC_TYPE"": ""force"", ""ETS2_SL_ATR_MULT"": ""1.25"", ""ETS2_TP1_ATR_MULT"": ""1.0"", ""ETS2_TP_ATR_MULT"": ""2.5"", ""ETS2_WAVE_LOOKBACK"": ""3""}"
373,elder_ema50_force_canonical_v1_r373,/root/by-bot/backtest_runs/portfolio_20260618_201019_elder_ema50_force_canonical_v1_r373,False,pf<1.15;dd>10.0;net<4.0;neg_months>5;neg_streak>3,-2328.476026846,3521,-91.83,0.742,0.487,92.0535,12,0,12,-24.409304889999998,"{""ETS2_ENTRY_MIN_BODY_FRAC"": ""0.15"", ""ETS2_ENTRY_RETEST_BARS"": ""2"", ""ETS2_ENTRY_TF"": ""5"", ""ETS2_OSC_OB"": ""58"", ""ETS2_OSC_OS"": ""25"", ""ETS2_OSC_PERIOD"": ""2"", ""ETS2_OSC_TYPE"": ""force"", ""ETS2_SL_ATR_MULT"": ""1.25"", ""ETS2_TP1_ATR_MULT"": ""1.25"", ""ETS2_TP_ATR_MULT"": ""1.5"", ""ETS2_WAVE_LOOKBACK"": ""1""}"
374,elder_ema50_force_canonical_v1_r374,/root/by-bot/backtest_runs/portfolio_20260618_201411_elder_ema50_force_canonical_v1_r374,False,pf<1.15;dd>10.0;net<4.0;neg_months>5;neg_streak>3,-2331.1252791419997,3789,-93.57,0.754,0.485,93.644,12,0,12,-22.53805652999999,"{""ETS2_ENTRY_MIN_BODY_FRAC"": ""0.15"", ""ETS2_ENTRY_RETEST_BARS"": ""2"", ""ETS2_ENTRY_TF"": ""5"", ""ETS2_OSC_OB"": ""58"", ""ETS2_OSC_OS"": ""25"", ""ETS2_OSC_PERIOD"": ""2"", ""ETS2_OSC_TYPE"": ""force"", ""ETS2_SL_ATR_MULT"": ""1.25"", ""ETS2_TP1_ATR_MULT"": ""1.25"", ""ETS2_TP_ATR_MULT"": ""1.5"", ""ETS2_WAVE_LOOKBACK"": ""3""}"
375,elder_ema50_force_canonical_v1_r375,/root/by-bot/backtest_runs/portfolio_20260618_201721_elder_ema50_force_canonical_v1_r375,False,pf<1.15;dd>10.0;net<4.0;neg_months>5;neg_streak>3,-2321.63659444,3213,-90.84,0.749,0.482,91.1954,12,0,12,-21.59842459999998,"{""ETS2_ENTRY_MIN_BODY_FRAC"": ""0.15"", ""ETS2_ENTRY_RETEST_BARS"": ""2"", ""ETS2_ENTRY_TF"": ""5"", ""ETS2_OSC_OB"": ""58"", ""ETS2_OSC_OS"": ""25"", ""ETS2_OSC_PERIOD"": ""2"", ""ETS2_OSC_TYPE"": ""force"", ""ETS2_SL_ATR_MULT"": ""1.25"", ""ETS2_TP1_ATR_MULT"": ""1.25"", ""ETS2_TP_ATR_MULT"": ""2.0"", ""ETS2_WAVE_LOOKBACK"": ""1""}"
376,elder_ema50_force_canonical_v1_r376,/root/by-bot/backtest_runs/portfolio_20260618_202105_elder_ema50_force_canonical_v1_r376,False,pf<1.15;dd>10.0;net<4.0;neg_months>5;neg_streak>3,-2318.4897194319997,3401,-90.12,0.772,0.488,90.2989,12,0,12,-21.248513880000022,"{""ETS2_ENTRY_MIN_BODY_FRAC"": ""0.15"", ""ETS2_ENTRY_RETEST_BARS"": ""2"", ""ETS2_ENTRY_TF"": ""5"", ""ETS2_OSC_OB"": ""58"", ""ETS2_OSC_OS"": ""25"", ""ETS2_OSC_PERIOD"": ""2"", ""ETS2_OSC_TYPE"": ""force"", ""ETS2_SL_ATR_MULT"": ""1.25"", ""ETS2_TP1_ATR_MULT"": ""1.25"", ""ETS2_TP_ATR_MULT"": ""2.0"", ""ETS2_WAVE_LOOKBACK"": ""3""}"
377,elder_ema50_force_canonical_v1_r377,/root/by-bot/backtest_runs/portfolio_20260618_202426_elder_ema50_force_canonical_v1_r377,False,pf<1.15;dd>10.0;net<4.0;neg_months>5;neg_streak>3,-2292.3118010539997,2997,-83.48,0.786,0.49,83.7331,12,0,12,-17.621143609999997,"{""ETS2_ENTRY_MIN_BODY_FRAC"": ""0.15"", ""ETS2_ENTRY_RETEST_BARS"": ""2"", ""ETS2_ENTRY_TF"": ""5"", ""ETS2_OSC_OB"": ""58"", ""ETS2_OSC_OS"": ""25"", ""ETS2_OSC_PERIOD"": ""2"", ""ETS2_OSC_TYPE"": ""force"", ""ETS2_SL_ATR_MULT"": ""1.25"", ""ETS2_TP1_ATR_MULT"": ""1.25"", ""ETS2_TP_ATR_MULT"": ""2.5"", ""ETS2_WAVE_LOOKBACK"": ""1""}"
378,elder_ema50_force_canonical_v1_r378,/root/by-bot/backtest_runs/portfolio_20260618_202737_elder_ema50_force_canonical_v1_r378,False,pf<1.15;dd>10.0;net<4.0;neg_months>5;neg_streak>3,-2325.4966372239996,3175,-91.08,0.73,0.482,91.2223,12,0,12,-24.111455159999995,"{""ETS2_ENTRY_MIN_BODY_FRAC"": ""0.15"", ""ETS2_ENTRY_RETEST_BARS"": ""2"", ""ETS2_ENTRY_TF"": ""5"", ""ETS2_OSC_OB"": ""58"", ""ETS2_OSC_OS"": ""25"", ""ETS2_OSC_PERIOD"": ""2"", ""ETS2_OSC_TYPE"": ""force"", ""ETS2_SL_ATR_MULT"": ""1.25"", ""ETS2_TP1_ATR_MULT"": ""1.25"", ""ETS2_TP_ATR_MULT"": ""2.5"", ""ETS2_WAVE_LOOKBACK"": ""3""}"
379,elder_ema50_force_canonical_v1_r379,/root/by-bot/backtest_runs/portfolio_20260618_203052_elder_ema50_force_canonical_v1_r379,False,pf<1.15;dd>10.0;net<4.0;neg_months>5;neg_streak>3,-2359.847558628,5247,-99.62,0.673,0.483,99.6401,12,0,12,-29.30239902000001,"{""ETS2_ENTRY_MIN_BODY_FRAC"": ""0.3"", ""ETS2_ENTRY_RETEST_BARS"": ""2"", ""ETS2_ENTRY_TF"": ""5"", ""ETS2_OSC_OB"": ""58"", ""ETS2_OSC_OS"": ""25"", ""ETS2_OSC_PERIOD"": ""2"", ""ETS2_OSC_TYPE"": ""force"", ""ETS2_SL_ATR_MULT"": ""0.75"", ""ETS2_TP1_ATR_MULT"": ""0.75"", ""ETS2_TP_ATR_MULT"": ""1.5"", ""ETS2_WAVE_LOOKBACK"": ""1""}"
380,elder_ema50_force_canonical_v1_r380,/root/by-bot/backtest_runs/portfolio_20260618_203656_elder_ema50_force_canonical_v1_r380,False,pf<1.15;dd>10.0;net<4.0;neg_months>5;neg_streak>3,-2371.046170586,5718,-99.81,0.625,0.481,99.8183,12,0,12,-36.88397898999999,"{""ETS2_ENTRY_MIN_BODY_FRAC"": ""0.3"", ""ETS2_ENTRY_RETEST_BARS"": ""2"", ""ETS2_ENTRY_TF"": ""5"", ""ETS2_OSC_OB"": ""58"", ""ETS2_OSC_OS"": ""25"", ""ETS2_OSC_PERIOD"": ""2"", ""ETS2_OSC_TYPE"": ""force"", ""ETS2_SL_ATR_MULT"": ""0.75"", ""ETS2_TP1_ATR_MULT"": ""0.75"", ""ETS2_TP_ATR_MULT"": ""1.5"", ""ETS2_WAVE_LOOKBACK"": ""3""}"
381,elder_ema50_force_canonical_v1_r381,/root/by-bot/backtest_runs/portfolio_20260618_204146_elder_ema50_force_canonical_v1_r381,False,pf<1.15;dd>10.0;net<4.0;neg_months>5;neg_streak>3,-2354.055716428,4795,-99.52,0.654,0.474,99.5399,12,0,12,-25.39422602000002,"{""ETS2_ENTRY_MIN_BODY_FRAC"": ""0.3"", ""ETS2_ENTRY_RETEST_BARS"": ""2"", ""ETS2_ENTRY_TF"": ""5"", ""ETS2_OSC_OB"": ""58"", ""ETS2_OSC_OS"": ""25"", ""ETS2_OSC_PERIOD"": ""2"", ""ETS2_OSC_TYPE"": ""force"", ""ETS2_SL_ATR_MULT"": ""0.75"", ""ETS2_TP1_ATR_MULT"": ""0.75"", ""ETS2_TP_ATR_MULT"": ""2.0"", ""ETS2_WAVE_LOOKBACK"": ""1""}"
382,elder_ema50_force_canonical_v1_r382,/root/by-bot/backtest_runs/portfolio_20260618_204652_elder_ema50_force_canonical_v1_r382,False,pf<1.15;dd>10.0;net<4.0;neg_months>5;neg_streak>3,-2365.9194413160003,5279,-99.88,0.573,0.464,99.8851,12,0,12,-33.06660094000002,"{""ETS2_ENTRY_MIN_BODY_FRAC"": ""0.3"", ""ETS2_ENTRY_RETEST_BARS"": ""2"", ""ETS2_ENTRY_TF"": ""5"", ""ETS2_OSC_OB"": ""58"", ""ETS2_OSC_OS"": ""25"", ""ETS2_OSC_PERIOD"": ""2"", ""ETS2_OSC_TYPE"": ""force"", ""ETS2_SL_ATR_MULT"": ""0.75"", ""ETS2_TP1_ATR_MULT"": ""0.75"", ""ETS2_TP_ATR_MULT"": ""2.0"", ""ETS2_WAVE_LOOKBACK"": ""3""}"
383,elder_ema50_force_canonical_v1_r383,/root/by-bot/backtest_runs/portfolio_20260618_205137_elder_ema50_force_canonical_v1_r383,False,pf<1.15;dd>10.0;net<4.0;neg_months>5;neg_streak>3,-2355.542907378,4483,-99.19,0.664,0.475,99.208,12,0,12,-27.213505270000006,"{""ETS2_ENTRY_MIN_BODY_FRAC"": ""0.3"", ""ETS2_ENTRY_RETEST_BARS"": ""2"", ""ETS2_ENTRY_TF"": ""5"", ""ETS2_OSC_OB"": ""58"", ""ETS2_OSC_OS"": ""25"", ""ETS2_OSC_PERIOD"": ""2"", ""ETS2_OSC_TYPE"": ""force"", ""ETS2_SL_ATR_MULT"": ""0.75"", ""ETS2_TP1_ATR_MULT"": ""0.75"", ""ETS2_TP_ATR_MULT"": ""2.5"", ""ETS2_WAVE_LOOKBACK"": ""1""}"
384,elder_ema50_force_canonical_v1_r384,/root/by-bot/backtest_runs/portfolio_20260618_205558_elder_ema50_force_canonical_v1_r384,False,pf<1.15;dd>10.0;net<4.0;neg_months>5;neg_streak>3,-2348.965145372,4802,-99.5,0.65,0.47,99.5079,12,0,12,-21.82096098000001,"{""ETS2_ENTRY_MIN_BODY_FRAC"": ""0.3"", ""ETS2_ENTRY_RETEST_BARS"": ""2"", ""ETS2_ENTRY_TF"": ""5"", ""ETS2_OSC_OB"": ""58"", ""ETS2_OSC_OS"": ""25"", ""ETS2_OSC_PERIOD"": ""2"", ""ETS2_OSC_TYPE"": ""force"", ""ETS2_SL_ATR_MULT"": ""0.75"", ""ETS2_TP1_ATR_MULT"": ""0.75"", ""ETS2_TP_ATR_MULT"": ""2.5"", ""ETS2_WAVE_LOOKBACK"": ""3""}"
385,elder_ema50_force_canonical_v1_r385,/root/by-bot/backtest_runs/portfolio_20260618_205947_elder_ema50_force_canonical_v1_r385,False,pf<1.15;dd>10.0;net<4.0;neg_months>5;neg_streak>3,-2360.877483428,5250,-99.65,0.687,0.383,99.6693,12,0,12,-29.97063101999998,"{""ETS2_ENTRY_MIN_BODY_FRAC"": ""0.3"", ""ETS2_ENTRY_RETEST_BARS"": ""2"", ""ETS2_ENTRY_TF"": ""5"", ""ETS2_OSC_OB"": ""58"", ""ETS2_OSC_OS"": ""25"", ""ETS2_OSC_PERIOD"": ""2"", ""ETS2_OSC_TYPE"": ""force"", ""ETS2_SL_ATR_MULT"": ""0.75"", ""ETS2_TP1_ATR_MULT"": ""1.0"", ""ETS2_TP_ATR_MULT"": ""1.5"", ""ETS2_WAVE_LOOKBACK"": ""1""}"
386,elder_ema50_force_canonical_v1_r386,/root/by-bot/backtest_runs/portfolio_20260618_210543_elder_ema50_force_canonical_v1_r386,False,pf<1.15;dd>10.0;net<4.0;neg_months>5;neg_streak>3,-2371.001947036,5724,-99.8,0.649,0.39,99.8033,12,0,12,-36.88239074000003,"{""ETS2_ENTRY_MIN_BODY_FRAC"": ""0.3"", ""ETS2_ENTRY_RETEST_BARS"": ""2"", ""ETS2_ENTRY_TF"": ""5"", ""ETS2_OSC_OB"": ""58"", ""ETS2_OSC_OS"": ""25"", ""ETS2_OSC_PERIOD"": ""2"", ""ETS2_OSC_TYPE"": ""force"", ""ETS2_SL_ATR_MULT"": ""0.75"", ""ETS2_TP1_ATR_MULT"": ""1.0"", ""ETS2_TP_ATR_MULT"": ""1.5"", ""ETS2_WAVE_LOOKBACK"": ""3""}"
387,elder_ema50_force_canonical_v1_r387,/root/by-bot/backtest_runs/portfolio_20260618_210917_elder_ema50_force_canonical_v1_r387,False,pf<1.15;dd>10.0;net<4.0;neg_months>5;neg_streak>3,-2352.32046042,4774,-99.52,0.675,0.38,99.5384,12,0,12,-24.15690030000001,"{""ETS2_ENTRY_MIN_BODY_FRAC"": ""0.3"", ""ETS2_ENTRY_RETEST_BARS"": ""2"", ""ETS2_ENTRY_TF"": ""5"", ""ETS2_OSC_OB"": ""58"", ""ETS2_OSC_OS"": ""25"", ""ETS2_OSC_PERIOD"": ""2"", ""ETS2_OSC_TYPE"": ""force"", ""ETS2_SL_ATR_MULT"": ""0.75"", ""ETS2_TP1_ATR_MULT"": ""1.0"", ""ETS2_TP_ATR_MULT"": ""2.0"", ""ETS2_WAVE_LOOKBACK"": ""1""}"
388,elder_ema50_force_canonical_v1_r388,/root/by-bot/backtest_runs/portfolio_20260618_211416_elder_ema50_force_canonical_v1_r388,False,pf<1.15;dd>10.0;net<4.0;neg_months>5;neg_streak>3,-2362.566579384,5274,-99.88,0.603,0.375,99.8802,12,0,12,-30.678699559999988,"{""ETS2_ENTRY_MIN_BODY_FRAC"": ""0.3"", ""ETS2_ENTRY_RETEST_BARS"": ""2"", ""ETS2_ENTRY_TF"": ""5"", ""ETS2_OSC_OB"": ""58"", ""ETS2_OSC_OS"": ""25"", ""ETS2_OSC_PERIOD"": ""2"", ""ETS2_OSC_TYPE"": ""force"", ""ETS2_SL_ATR_MULT"": ""0.75"", ""ETS2_TP1_ATR_MULT"": ""1.0"", ""ETS2_TP_ATR_MULT"": ""2.0"", ""ETS2_WAVE_LOOKBACK"": ""3""}"
389,elder_ema50_force_canonical_v1_r389,/root/by-bot/backtest_runs/portfolio_20260618_211807_elder_ema50_force_canonical_v1_r389,False,pf<1.15;dd>10.0;net<4.0;neg_months>5;neg_streak>3,-2353.2908576939994,4471,-99.19,0.69,0.378,99.2086,12,0,12,-25.604041209999988,"{""ETS2_ENTRY_MIN_BODY_FRAC"": ""0.3"", ""ETS2_ENTRY_RETEST_BARS"": ""2"", ""ETS2_ENTRY_TF"": ""5"", ""ETS2_OSC_OB"": ""58"", ""ETS2_OSC_OS"": ""25"", ""ETS2_OSC_PERIOD"": ""2"", ""ETS2_OSC_TYPE"": ""force"", ""ETS2_SL_ATR_MULT"": ""0.75"", ""ETS2_TP1_ATR_MULT"": ""1.0"", ""ETS2_TP_ATR_MULT"": ""2.5"", ""ETS2_WAVE_LOOKBACK"": ""1""}"
390,elder_ema50_force_canonical_v1_r390,/root/by-bot/backtest_runs/portfolio_20260618_212231_elder_ema50_force_canonical_v1_r390,False,pf<1.15;dd>10.0;net<4.0;neg_months>5;neg_streak>3,-2351.895691966,4824,-99.6,0.654,0.379,99.6118,12,0,12,-23.68006569,"{""ETS2_ENTRY_MIN_BODY_FRAC"": ""0.3"", ""ETS2_ENTRY_RETEST_BARS"": ""2"", ""ETS2_ENTRY_TF"": ""5"", ""ETS2_OSC_OB"": ""58"", ""ETS2_OSC_OS"": ""25"", ""ETS2_OSC_PERIOD"": ""2"", ""ETS2_OSC_TYPE"": ""force"", ""ETS2_SL_ATR_MULT"": ""0.75"", ""ETS2_TP1_ATR_MULT"": ""1.0"", ""ETS2_TP_ATR_MULT"": ""2.5"", ""ETS2_WAVE_LOOKBACK"": ""3""}"
391,elder_ema50_force_canonical_v1_r391,/root/by-bot/backtest_runs/portfolio_20260618_212618_elder_ema50_force_canonical_v1_r391,False,pf<1.15;dd>10.0;net<4.0;neg_months>5;neg_streak>3,-2363.5431338999997,5275,-99.73,0.665,0.306,99.7441,12,0,12,-31.699238500000014,"{""ETS2_ENTRY_MIN_BODY_FRAC"": ""0.3"", ""ETS2_ENTRY_RETEST_BARS"": ""2"", ""ETS2_ENTRY_TF"": ""5"", ""ETS2_OSC_OB"": ""58"", ""ETS2_OSC_OS"": ""25"", ""ETS2_OSC_PERIOD"": ""2"", ""ETS2_OSC_TYPE"": ""force"", ""ETS2_SL_ATR_MULT"": ""0.75"", ""ETS2_TP1_ATR_MULT"": ""1.25"", ""ETS2_TP_ATR_MULT"": ""1.5"", ""ETS2_WAVE_LOOKBACK"": ""1""}"
392,elder_ema50_force_canonical_v1_r392,/root/by-bot/backtest_runs/portfolio_20260618_213123_elder_ema50_force_canonical_v1_r392,False,pf<1.15;dd>10.0;net<4.0;neg_months>5;neg_streak>3,-2371.766191938,5725,-99.81,0.654,0.311,99.8153,12,0,12,-37.40256566999998,"{""ETS2_ENTRY_MIN_BODY_FRAC"": ""0.3"", ""ETS2_ENTRY_RETEST_BARS"": ""2"", ""ETS2_ENTRY_TF"": ""5"", ""ETS2_OSC_OB"": ""58"", ""ETS2_OSC_OS"": ""25"", ""ETS2_OSC_PERIOD"": ""2"", ""ETS2_OSC_TYPE"": ""force"", ""ETS2_SL_ATR_MULT"": ""0.75"", ""ETS2_TP1_ATR_MULT"": ""1.25"", ""ETS2_TP_ATR_MULT"": ""1.5"", ""ETS2_WAVE_LOOKBACK"": ""3""}"
393,elder_ema50_force_canonical_v1_r393,/root/by-bot/backtest_runs/portfolio_20260618_213514_elder_ema50_force_canonical_v1_r393,False,pf<1.15;dd>10.0;net<4.0;neg_months>5;neg_streak>3,-2350.9952801219997,4776,-99.48,0.693,0.307,99.4975,12,0,12,-23.303057230000025,"{""ETS2_ENTRY_MIN_BODY_FRAC"": ""0.3"", ""ETS2_ENTRY_RETEST_BARS"": ""2"", ""ETS2_ENTRY_TF"": ""5"", ""ETS2_OSC_OB"": ""58"", ""ETS2_OSC_OS"": ""25"", ""ETS2_OSC_PERIOD"": ""2"", ""ETS2_OSC_TYPE"": ""force"", ""ETS2_SL_ATR_MULT"": ""0.75"", ""ETS2_TP1_ATR_MULT"": ""1.25"", ""ETS2_TP_ATR_MULT"": ""2.0"", ""ETS2_WAVE_LOOKBACK"": ""1""}"
394,elder_ema50_force_canonical_v1_r394,/root/by-bot/backtest_runs/portfolio_20260618_213926_elder_ema50_force_canonical_v1_r394,False,pf<1.15;dd>10.0;net<4.0;neg_months>5;neg_streak>3,-2366.8735318699996,5296,-99.9,0.596,0.296,99.901,12,0,12,-33.70823705000001,"{""ETS2_ENTRY_MIN_BODY_FRAC"": ""0.3"", ""ETS2_ENTRY_RETEST_BARS"": ""2"", ""ETS2_ENTRY_TF"": ""5"", ""ETS2_OSC_OB"": ""58"", ""ETS2_OSC_OS"": ""25"", ""ETS2_OSC_PERIOD"": ""2"", ""ETS2_OSC_TYPE"": ""force"", ""ETS2_SL_ATR_MULT"": ""0.75"", ""ETS2_TP1_ATR_MULT"": ""1.25"", ""ETS2_TP_ATR_MULT"": ""2.0"", ""ETS2_WAVE_LOOKBACK"": ""3""}"
395,elder_ema50_force_canonical_v1_r395,/root/by-bot/backtest_runs/portfolio_20260618_214325_elder_ema50_force_canonical_v1_r395,False,pf<1.15;dd>10.0;net<4.0;neg_months>5;neg_streak>3,-2353.2290994120003,4458,-99.17,0.699,0.302,99.1915,12,0,12,-25.60149957999999,"{""ETS2_ENTRY_MIN_BODY_FRAC"": ""0.3"", ""ETS2_ENTRY_RETEST_BARS"": ""2"", ""ETS2_ENTRY_TF"": ""5"", ""ETS2_OSC_OB"": ""58"", ""ETS2_OSC_OS"": ""25"", ""ETS2_OSC_PERIOD"": ""2"", ""ETS2_OSC_TYPE"": ""force"", ""ETS2_SL_ATR_MULT"": ""0.75"", ""ETS2_TP1_ATR_MULT"": ""1.25"", ""ETS2_TP_ATR_MULT"": ""2.5"", ""ETS2_WAVE_LOOKBACK"": ""1""}"
396,elder_ema50_force_canonical_v1_r396,/root/by-bot/backtest_runs/portfolio_20260618_214731_elder_ema50_force_canonical_v1_r396,False,pf<1.15;dd>10.0;net<4.0;neg_months>5;neg_streak>3,-2348.128935096,4736,-99.11,0.714,0.313,99.1285,12,0,12,-22.09995364000002,"{""ETS2_ENTRY_MIN_BODY_FRAC"": ""0.3"", ""ETS2_ENTRY_RETEST_BARS"": ""2"", ""ETS2_ENTRY_TF"": ""5"", ""ETS2_OSC_OB"": ""58"", ""ETS2_OSC_OS"": ""25"", ""ETS2_OSC_PERIOD"": ""2"", ""ETS2_OSC_TYPE"": ""force"", ""ETS2_SL_ATR_MULT"": ""0.75"", ""ETS2_TP1_ATR_MULT"": ""1.25"", ""ETS2_TP_ATR_MULT"": ""2.5"", ""ETS2_WAVE_LOOKBACK"": ""3""}"
397,elder_ema50_force_canonical_v1_r397,/root/by-bot/backtest_runs/portfolio_20260618_215112_elder_ema50_force_canonical_v1_r397,False,pf<1.15;dd>10.0;net<4.0;neg_months>5;neg_streak>3,-2358.717441024,4256,-97.72,0.67,0.48,97.8828,12,0,12,-32.63417215999997,"{""ETS2_ENTRY_MIN_BODY_FRAC"": ""0.3"", ""ETS2_ENTRY_RETEST_BARS"": ""2"", ""ETS2_ENTRY_TF"": ""5"", ""ETS2_OSC_OB"": ""58"", ""ETS2_OSC_OS"": ""25"", ""ETS2_OSC_PERIOD"": ""2"", ""ETS2_OSC_TYPE"": ""force"", ""ETS2_SL_ATR_MULT"": ""1.0"", ""ETS2_TP1_ATR_MULT"": ""0.75"", ""ETS2_TP_ATR_MULT"": ""1.5"", ""ETS2_WAVE_LOOKBACK"": ""1""}"
398,elder_ema50_force_canonical_v1_r398,/root/by-bot/backtest_runs/portfolio_20260618_215501_elder_ema50_force_canonical_v1_r398,False,pf<1.15;dd>10.0;net<4.0;neg_months>5;neg_streak>3,-2352.654140756,4568,-98.06,0.691,0.484,98.1836,12,0,12,-27.58210054000003,"{""ETS2_ENTRY_MIN_BODY_FRAC"": ""0.3"", ""ETS2_ENTRY_RETEST_BARS"": ""2"", ""ETS2_ENTRY_TF"": ""5"", ""ETS2_OSC_OB"": ""58"", ""ETS2_OSC_OS"": ""25"", ""ETS2_OSC_PERIOD"": ""2"", ""ETS2_OSC_TYPE"": ""force"", ""ETS2_SL_ATR_MULT"": ""1.0"", ""ETS2_TP1_ATR_MULT"": ""0.75"", ""ETS2_TP_ATR_MULT"": ""1.5"", ""ETS2_WAVE_LOOKBACK"": ""3""}"
399,elder_ema50_force_canonical_v1_r399,/root/by-bot/backtest_runs/portfolio_20260618_215822_elder_ema50_force_canonical_v1_r399,False,pf<1.15;dd>10.0;net<4.0;neg_months>5;neg_streak>3,-2339.9795259919997,3885,-96.9,0.681,0.477,96.9686,12,0,12,-21.25880427999997,"{""ETS2_ENTRY_MIN_BODY_FRAC"": ""0.3"", ""ETS2_ENTRY_RETEST_BARS"": ""2"", ""ETS2_ENTRY_TF"": ""5"", ""ETS2_OSC_OB"": ""58"", ""ETS2_OSC_OS"": ""25"", ""ETS2_OSC_PERIOD"": ""2"", ""ETS2_OSC_TYPE"": ""force"", ""ETS2_SL_ATR_MULT"": ""1.0"", ""ETS2_TP1_ATR_MULT"": ""0.75"", ""ETS2_TP_ATR_MULT"": ""2.0"", ""ETS2_WAVE_LOOKBACK"": ""1""}"
400,elder_ema50_force_canonical_v1_r400,/root/by-bot/backtest_runs/portfolio_20260618_220237_elder_ema50_force_canonical_v1_r400,False,pf<1.15;dd>10.0;net<4.0;neg_months>5;neg_streak>3,-2338.4550664199996,4137,-97.06,0.693,0.485,97.1314,12,0,12,-19.800190300000008,"{""ETS2_ENTRY_MIN_BODY_FRAC"": ""0.3"", ""ETS2_ENTRY_RETEST_BARS"": ""2"", ""ETS2_ENTRY_TF"": ""5"", ""ETS2_OSC_OB"": ""58"", ""ETS2_OSC_OS"": ""25"", ""ETS2_OSC_PERIOD"": ""2"", ""ETS2_OSC_TYPE"": ""force"", ""ETS2_SL_ATR_MULT"": ""1.0"", ""ETS2_TP1_ATR_MULT"": ""0.75"", ""ETS2_TP_ATR_MULT"": ""2.0"", ""ETS2_WAVE_LOOKBACK"": ""3""}"
401,elder_ema50_force_canonical_v1_r401,/root/by-bot/backtest_runs/portfolio_20260618_220549_elder_ema50_force_canonical_v1_r401,False,pf<1.15;dd>10.0;net<4.0;neg_months>5;neg_streak>3,-2331.568768404,3573,-94.66,0.71,0.484,94.8158,12,0,12,-20.246548859999987,"{""ETS2_ENTRY_MIN_BODY_FRAC"": ""0.3"", ""ETS2_ENTRY_RETEST_BARS"": ""2"", ""ETS2_ENTRY_TF"": ""5"", ""ETS2_OSC_OB"": ""58"", ""ETS2_OSC_OS"": ""25"", ""ETS2_OSC_PERIOD"": ""2"", ""ETS2_OSC_TYPE"": ""force"", ""ETS2_SL_ATR_MULT"": ""1.0"", ""ETS2_TP1_ATR_MULT"": ""0.75"", ""ETS2_TP_ATR_MULT"": ""2.5"", ""ETS2_WAVE_LOOKBACK"": ""1""}"
402,elder_ema50_force_canonical_v1_r402,/root/by-bot/backtest_runs/portfolio_20260618_220934_elder_ema50_force_canonical_v1_r402,False,pf<1.15;dd>10.0;net<4.0;neg_months>5;neg_streak>3,-2327.927436594,3778,-95.23,0.707,0.483,95.3734,12,0,12,-16.36045470999998,"{""ETS2_ENTRY_MIN_BODY_FRAC"": ""0.3"", ""ETS2_ENTRY_RETEST_BARS"": ""2"", ""ETS2_ENTRY_TF"": ""5"", ""ETS2_OSC_OB"": ""58"", ""ETS2_OSC_OS"": ""25"", ""ETS2_OSC_PERIOD"": ""2"", ""ETS2_OSC_TYPE"": ""force"", ""ETS2_SL_ATR_MULT"": ""1.0"", ""ETS2_TP1_ATR_MULT"": ""0.75"", ""ETS2_TP_ATR_MULT"": ""2.5"", ""ETS2_WAVE_LOOKBACK"": ""3""}"
403,elder_ema50_force_canonical_v1_r403,/root/by-bot/backtest_runs/portfolio_20260618_221233_elder_ema50_force_canonical_v1_r403,False,pf<1.15;dd>10.0;net<4.0;neg_months>5;neg_streak>3,-2357.3969242959997,4257,-97.66,0.713,0.482,97.8395,12,0,12,-31.80423164000002,"{""ETS2_ENTRY_MIN_BODY_FRAC"": ""0.3"", ""ETS2_ENTRY_RETEST_BARS"": ""2"", ""ETS2_ENTRY_TF"": ""5"", ""ETS2_OSC_OB"": ""58"", ""ETS2_OSC_OS"": ""25"", ""ETS2_OSC_PERIOD"": ""2"", ""ETS2_OSC_TYPE"": ""force"", ""ETS2_SL_ATR_MULT"": ""1.0"", ""ETS2_TP1_ATR_MULT"": ""1.0"", ""ETS2_TP_ATR_MULT"": ""1.5"", ""ETS2_WAVE_LOOKBACK"": ""1""}"
404,elder_ema50_force_canonical_v1_r404,/root/by-bot/backtest_runs/portfolio_20260618_221637_elder_ema50_force_canonical_v1_r404,False,pf<1.15;dd>10.0;net<4.0;neg_months>5;neg_streak>3,-2349.379451372,4582,-98.1,0.722,0.484,98.2389,12,0,12,-25.129750980000004,"{""ETS2_ENTRY_MIN_BODY_FRAC"": ""0.3"", ""ETS2_ENTRY_RETEST_BARS"": ""2"", ""ETS2_ENTRY_TF"": ""5"", ""ETS2_OSC_OB"": ""58"", ""ETS2_OSC_OS"": ""25"", ""ETS2_OSC_PERIOD"": ""2"", ""ETS2_OSC_TYPE"": ""force"", ""ETS2_SL_ATR_MULT"": ""1.0"", ""ETS2_TP1_ATR_MULT"": ""1.0"", ""ETS2_TP_ATR_MULT"": ""1.5"", ""ETS2_WAVE_LOOKBACK"": ""3""}"
405,elder_ema50_force_canonical_v1_r405,/root/by-bot/backtest_runs/portfolio_20260618_221949_elder_ema50_force_canonical_v1_r405,False,pf<1.15;dd>10.0;net<4.0;neg_months>5;neg_streak>3,-2339.882085836,3882,-96.96,0.72,0.48,97.0345,12,0,12,-21.04363273999999,"{""ETS2_ENTRY_MIN_BODY_FRAC"": ""0.3"", ""ETS2_ENTRY_RETEST_BARS"": ""2"", ""ETS2_ENTRY_TF"": ""5"", ""ETS2_OSC_OB"": ""58"", ""ETS2_OSC_OS"": ""25"", ""ETS2_OSC_PERIOD"": ""2"", ""ETS2_OSC_TYPE"": ""force"", ""ETS2_SL_ATR_MULT"": ""1.0"", ""ETS2_TP1_ATR_MULT"": ""1.0"", ""ETS2_TP_ATR_MULT"": ""2.0"", ""ETS2_WAVE_LOOKBACK"": ""1""}"
406,elder_ema50_force_canonical_v1_r406,/root/by-bot/backtest_runs/portfolio_20260618_222341_elder_ema50_force_canonical_v1_r406,False,pf<1.15;dd>10.0;net<4.0;neg_months>5;neg_streak>3,-2358.753335764,4163,-97.71,0.69,0.482,97.7705,12,0,12,-32.82881125999999,"{""ETS2_ENTRY_MIN_BODY_FRAC"": ""0.3"", ""ETS2_ENTRY_RETEST_BARS"": ""2"", ""ETS2_ENTRY_TF"": ""5"", ""ETS2_OSC_OB"": ""58"", ""ETS2_OSC_OS"": ""25"", ""ETS2_OSC_PERIOD"": ""2"", ""ETS2_OSC_TYPE"": ""force"", ""ETS2_SL_ATR_MULT"": ""1.0"", ""ETS2_TP1_ATR_MULT"": ""1.0"", ""ETS2_TP_ATR_MULT"": ""2.0"", ""ETS2_WAVE_LOOKBACK"": ""3""}"
407,elder_ema50_force_canonical_v1_r407,/root/by-bot/backtest_runs/portfolio_20260618_222647_elder_ema50_force_canonical_v1_r407,False,pf<1.15;dd>10.0;net<4.0;neg_months>5;neg_streak>3,-2330.14537669,3581,-94.49,0.745,0.487,94.6713,12,0,12,-19.581983349999987,"{""ETS2_ENTRY_MIN_BODY_FRAC"": ""0.3"", ""ETS2_ENTRY_RETEST_BARS"": ""2"", ""ETS2_ENTRY_TF"": ""5"", ""ETS2_OSC_OB"": ""58"", ""ETS2_OSC_OS"": ""25"", ""ETS2_OSC_PERIOD"": ""2"", ""ETS2_OSC_TYPE"": ""force"", ""ETS2_SL_ATR_MULT"": ""1.0"", ""ETS2_TP1_ATR_MULT"": ""1.0"", ""ETS2_TP_ATR_MULT"": ""2.5"", ""ETS2_WAVE_LOOKBACK"": ""1""}"
408,elder_ema50_force_canonical_v1_r408,/root/by-bot/backtest_runs/portfolio_20260618_223005_elder_ema50_force_canonical_v1_r408,False,pf<1.15;dd>10.0;net<4.0;neg_months>5;neg_streak>3,-2329.0289188039997,3774,-95.3,0.738,0.485,95.4855,12,0,12,-16.92708486,"{""ETS2_ENTRY_MIN_BODY_FRAC"": ""0.3"", ""ETS2_ENTRY_RETEST_BARS"": ""2"", ""ETS2_ENTRY_TF"": ""5"", ""ETS2_OSC_OB"": ""58"", ""ETS2_OSC_OS"": ""25"", ""ETS2_OSC_PERIOD"": ""2"", ""ETS2_OSC_TYPE"": ""force"", ""ETS2_SL_ATR_MULT"": ""1.0"", ""ETS2_TP1_ATR_MULT"": ""1.0"", ""ETS2_TP_ATR_MULT"": ""2.5"", ""ETS2_WAVE_LOOKBACK"": ""3""}"
409,elder_ema50_force_canonical_v1_r409,/root/by-bot/backtest_runs/portfolio_20260618_223249_elder_ema50_force_canonical_v1_r409,False,pf<1.15;dd>10.0;net<4.0;neg_months>5;neg_streak>3,-2355.66900742,4259,-97.59,0.724,0.402,97.7506,12,0,12,-30.757005300000014,"{""ETS2_ENTRY_MIN_BODY_FRAC"": ""0.3"", ""ETS2_ENTRY_RETEST_BARS"": ""2"", ""ETS2_ENTRY_TF"": ""5"", ""ETS2_OSC_OB"": ""58"", ""ETS2_OSC_OS"": ""25"", ""ETS2_OSC_PERIOD"": ""2"", ""ETS2_OSC_TYPE"": ""force"", ""ETS2_SL_ATR_MULT"": ""1.0"", ""ETS2_TP1_ATR_MULT"": ""1.25"", ""ETS2_TP_ATR_MULT"": ""1.5"", ""ETS2_WAVE_LOOKBACK"": ""1""}"
410,elder_ema50_force_canonical_v1_r410,/root/by-bot/backtest_runs/portfolio_20260618_223626_elder_ema50_force_canonical_v1_r410,False,pf<1.15;dd>10.0;net<4.0;neg_months>5;neg_streak>3,-2350.054351444,4575,-98.09,0.728,0.406,98.2239,12,0,12,-25.641822460000018,"{""ETS2_ENTRY_MIN_BODY_FRAC"": ""0.3"", ""ETS2_ENTRY_RETEST_BARS"": ""2"", ""ETS2_ENTRY_TF"": ""5"", ""ETS2_OSC_OB"": ""58"", ""ETS2_OSC_OS"": ""25"", ""ETS2_OSC_PERIOD"": ""2"", ""ETS2_OSC_TYPE"": ""force"", ""ETS2_SL_ATR_MULT"": ""1.0"", ""ETS2_TP1_ATR_MULT"": ""1.25"", ""ETS2_TP_ATR_MULT"": ""1.5"", ""ETS2_WAVE_LOOKBACK"": ""3""}"
411,elder_ema50_force_canonical_v1_r411,/root/by-bot/backtest_runs/portfolio_20260618_223943_elder_ema50_force_canonical_v1_r411,False,pf<1.15;dd>10.0;net<4.0;neg_months>5;neg_streak>3,-2342.577484048,3889,-97.15,0.713,0.398,97.195,12,0,12,-22.576774320000002,"{""ETS2_ENTRY_MIN_BODY_FRAC"": ""0.3"", ""ETS2_ENTRY_RETEST_BARS"": ""2"", ""ETS2_ENTRY_TF"": ""5"", ""ETS2_OSC_OB"": ""58"", ""ETS2_OSC_OS"": ""25"", ""ETS2_OSC_PERIOD"": ""2"", ""ETS2_OSC_TYPE"": ""force"", ""ETS2_SL_ATR_MULT"": ""1.0"", ""ETS2_TP1_ATR_MULT"": ""1.25"", ""ETS2_TP_ATR_MULT"": ""2.0"", ""ETS2_WAVE_LOOKBACK"": ""1""}"
412,elder_ema50_force_canonical_v1_r412,/root/by-bot/backtest_runs/portfolio_20260618_224322_elder_ema50_force_canonical_v1_r412,False,pf<1.15;dd>10.0;net<4.0;neg_months>5;neg_streak>3,-2357.7889615999998,4166,-97.48,0.699,0.405,97.535,12,0,12,-32.67354400000003,"{""ETS2_ENTRY_MIN_BODY_FRAC"": ""0.3"", ""ETS2_ENTRY_RETEST_BARS"": ""2"", ""ETS2_ENTRY_TF"": ""5"", ""ETS2_OSC_OB"": ""58"", ""ETS2_OSC_OS"": ""25"", ""ETS2_OSC_PERIOD"": ""2"", ""ETS2_OSC_TYPE"": ""force"", ""ETS2_SL_ATR_MULT"": ""1.0"", ""ETS2_TP1_ATR_MULT"": ""1.25"", ""ETS2_TP_ATR_MULT"": ""2.0"", ""ETS2_WAVE_LOOKBACK"": ""3""}"
413,elder_ema50_force_canonical_v1_r413,/root/by-bot/backtest_runs/portfolio_20260618_224646_elder_ema50_force_canonical_v1_r413,False,pf<1.15;dd>10.0;net<4.0;neg_months>5;neg_streak>3,-2326.849001188,3581,-94.23,0.756,0.404,94.3996,12,0,12,-17.83842942000002,"{""ETS2_ENTRY_MIN_BODY_FRAC"": ""0.3"", ""ETS2_ENTRY_RETEST_BARS"": ""2"", ""ETS2_ENTRY_TF"": ""5"", ""ETS2_OSC_OB"": ""58"", ""ETS2_OSC_OS"": ""25"", ""ETS2_OSC_PERIOD"": ""2"", ""ETS2_OSC_TYPE"": ""force"", ""ETS2_SL_ATR_MULT"": ""1.0"", ""ETS2_TP1_ATR_MULT"": ""1.25"", ""ETS2_TP_ATR_MULT"": ""2.5"", ""ETS2_WAVE_LOOKBACK"": ""1""}"
414,elder_ema50_force_canonical_v1_r414,/root/by-bot/backtest_runs/portfolio_20260618_225027_elder_ema50_force_canonical_v1_r414,False,pf<1.15;dd>10.0;net<4.0;neg_months>5;neg_streak>3,-2327.2173701799998,3779,-95.01,0.746,0.411,95.1864,12,0,12,-16.30897870000001,"{""ETS2_ENTRY_MIN_BODY_FRAC"": ""0.3"", ""ETS2_ENTRY_RETEST_BARS"": ""2"", ""ETS2_ENTRY_TF"": ""5"", ""ETS2_OSC_OB"": ""58"", ""ETS2_OSC_OS"": ""25"", ""ETS2_OSC_PERIOD"": ""2"", ""ETS2_OSC_TYPE"": ""force"", ""ETS2_SL_ATR_MULT"": ""1.0"", ""ETS2_TP1_ATR_MULT"": ""1.25"", ""ETS2_TP_ATR_MULT"": ""2.5"", ""ETS2_WAVE_LOOKBACK"": ""3""}"
415,elder_ema50_force_canonical_v1_r415,/root/by-bot/backtest_runs/portfolio_20260618_225314_elder_ema50_force_canonical_v1_r415,False,pf<1.15;dd>10.0;net<4.0;neg_months>5;neg_streak>3,-2338.912407492,3518,-93.45,0.691,0.484,93.643,12,0,12,-28.204576779999996,"{""ETS2_ENTRY_MIN_BODY_FRAC"": ""0.3"", ""ETS2_ENTRY_RETEST_BARS"": ""2"", ""ETS2_ENTRY_TF"": ""5"", ""ETS2_OSC_OB"": ""58"", ""ETS2_OSC_OS"": ""25"", ""ETS2_OSC_PERIOD"": ""2"", ""ETS2_OSC_TYPE"": ""force"", ""ETS2_SL_ATR_MULT"": ""1.25"", ""ETS2_TP1_ATR_MULT"": ""0.75"", ""ETS2_TP_ATR_MULT"": ""1.5"", ""ETS2_WAVE_LOOKBACK"": ""1""}"
416,elder_ema50_force_canonical_v1_r416,/root/by-bot/backtest_runs/portfolio_20260618_225624_elder_ema50_force_canonical_v1_r416,False,pf<1.15;dd>10.0;net<4.0;neg_months>5;neg_streak>3,-2332.9910256440003,3743,-93.4,0.709,0.489,93.5422,12,0,12,-24.16187545999999,"{""ETS2_ENTRY_MIN_BODY_FRAC"": ""0.3"", ""ETS2_ENTRY_RETEST_BARS"": ""2"", ""ETS2_ENTRY_TF"": ""5"", ""ETS2_OSC_OB"": ""58"", ""ETS2_OSC_OS"": ""25"", ""ETS2_OSC_PERIOD"": ""2"", ""ETS2_OSC_TYPE"": ""force"", ""ETS2_SL_ATR_MULT"": ""1.25"", ""ETS2_TP1_ATR_MULT"": ""0.75"", ""ETS2_TP_ATR_MULT"": ""1.5"", ""ETS2_WAVE_LOOKBACK"": ""3""}"
417,elder_ema50_force_canonical_v1_r417,/root/by-bot/backtest_runs/portfolio_20260618_225925_elder_ema50_force_canonical_v1_r417,False,pf<1.15;dd>10.0;net<4.0;neg_months>5;neg_streak>3,-2315.294797606,3230,-90.75,0.701,0.48,90.89,12,0,12,-17.581998289999987,"{""ETS2_ENTRY_MIN_BODY_FRAC"": ""0.3"", ""ETS2_ENTRY_RETEST_BARS"": ""2"", ""ETS2_ENTRY_TF"": ""5"", ""ETS2_OSC_OB"": ""58"", ""ETS2_OSC_OS"": ""25"", ""ETS2_OSC_PERIOD"": ""2"", ""ETS2_OSC_TYPE"": ""force"", ""ETS2_SL_ATR_MULT"": ""1.25"", ""ETS2_TP1_ATR_MULT"": ""0.75"", ""ETS2_TP_ATR_MULT"": ""2.0"", ""ETS2_WAVE_LOOKBACK"": ""1""}"
418,elder_ema50_force_canonical_v1_r418,/root/by-bot/backtest_runs/portfolio_20260618_230301_elder_ema50_force_canonical_v1_r418,False,pf<1.15;dd>10.0;net<4.0;neg_months>5;neg_streak>3,-2317.020930656,3370,-91.26,0.704,0.486,91.3775,12,0,12,-17.68137903999998,"{""ETS2_ENTRY_MIN_BODY_FRAC"": ""0.3"", ""ETS2_ENTRY_RETEST_BARS"": ""2"", ""ETS2_ENTRY_TF"": ""5"", ""ETS2_OSC_OB"": ""58"", ""ETS2_OSC_OS"": ""25"", ""ETS2_OSC_PERIOD"": ""2"", ""ETS2_OSC_TYPE"": ""force"", ""ETS2_SL_ATR_MULT"": ""1.25"", ""ETS2_TP1_ATR_MULT"": ""0.75"", ""ETS2_TP_ATR_MULT"": ""2.0"", ""ETS2_WAVE_LOOKBACK"": ""3""}"
419,elder_ema50_force_canonical_v1_r419,/root/by-bot/backtest_runs/portfolio_20260618_230552_elder_ema50_force_canonical_v1_r419,False,pf<1.15;dd>10.0;net<4.0;neg_months>5;neg_streak>3,-2303.13734343,2961,-86.83,0.709,0.486,87.0085,12,0,12,-17.803102449999997,"{""ETS2_ENTRY_MIN_BODY_FRAC"": ""0.3"", ""ETS2_ENTRY_RETEST_BARS"": ""2"", ""ETS2_ENTRY_TF"": ""5"", ""ETS2_OSC_OB"": ""58"", ""ETS2_OSC_OS"": ""25"", ""ETS2_OSC_PERIOD"": ""2"", ""ETS2_OSC_TYPE"": ""force"", ""ETS2_SL_ATR_MULT"": ""1.25"", ""ETS2_TP1_ATR_MULT"": ""0.75"", ""ETS2_TP_ATR_MULT"": ""2.5"", ""ETS2_WAVE_LOOKBACK"": ""1""}"
420,elder_ema50_force_canonical_v1_r420,/root/by-bot/backtest_runs/portfolio_20260618_230854_elder_ema50_force_canonical_v1_r420,False,pf<1.15;dd>10.0;net<4.0;neg_months>5;neg_streak>3,-2310.072918008,3109,-88.63,0.712,0.484,88.7848,12,0,12,-18.67665572000001,"{""ETS2_ENTRY_MIN_BODY_FRAC"": ""0.3"", ""ETS2_ENTRY_RETEST_BARS"": ""2"", ""ETS2_ENTRY_TF"": ""5"", ""ETS2_OSC_OB"": ""58"", ""ETS2_OSC_OS"": ""25"", ""ETS2_OSC_PERIOD"": ""2"", ""ETS2_OSC_TYPE"": ""force"", ""ETS2_SL_ATR_MULT"": ""1.25"", ""ETS2_TP1_ATR_MULT"": ""0.75"", ""ETS2_TP_ATR_MULT"": ""2.5"", ""ETS2_WAVE_LOOKBACK"": ""3""}"
421,elder_ema50_force_canonical_v1_r421,/root/by-bot/backtest_runs/portfolio_20260618_231136_elder_ema50_force_canonical_v1_r421,False,pf<1.15;dd>10.0;net<4.0;neg_months>5;neg_streak>3,-2337.036072758,3516,-93.11,0.727,0.482,93.3551,12,0,12,-27.567051969999987,"{""ETS2_ENTRY_MIN_BODY_FRAC"": ""0.3"", ""ETS2_ENTRY_RETEST_BARS"": ""2"", ""ETS2_ENTRY_TF"": ""5"", ""ETS2_OSC_OB"": ""58"", ""ETS2_OSC_OS"": ""25"", ""ETS2_OSC_PERIOD"": ""2"", ""ETS2_OSC_TYPE"": ""force"", ""ETS2_SL_ATR_MULT"": ""1.25"", ""ETS2_TP1_ATR_MULT"": ""1.0"", ""ETS2_TP_ATR_MULT"": ""1.5"", ""ETS2_WAVE_LOOKBACK"": ""1""}"
422,elder_ema50_force_canonical_v1_r422,/root/by-bot/backtest_runs/portfolio_20260618_231523_elder_ema50_force_canonical_v1_r422,False,pf<1.15;dd>10.0;net<4.0;neg_months>5;neg_streak>3,-2323.419974868,3721,-91.38,0.765,0.494,91.5937,12,0,12,-21.840410619999997,"{""ETS2_ENTRY_MIN_BODY_FRAC"": ""0.3"", ""ETS2_ENTRY_RETEST_BARS"": ""2"", ""ETS2_ENTRY_TF"": ""5"", ""ETS2_OSC_OB"": ""58"", ""ETS2_OSC_OS"": ""25"", ""ETS2_OSC_PERIOD"": ""2"", ""ETS2_OSC_TYPE"": ""force"", ""ETS2_SL_ATR_MULT"": ""1.25"", ""ETS2_TP1_ATR_MULT"": ""1.0"", ""ETS2_TP_ATR_MULT"": ""1.5"", ""ETS2_WAVE_LOOKBACK"": ""3""}"
423,elder_ema50_force_canonical_v1_r423,/root/by-bot/backtest_runs/portfolio_20260618_231819_elder_ema50_force_canonical_v1_r423,False,pf<1.15;dd>10.0;net<4.0;neg_months>5;neg_streak>3,-2314.312436052,3234,-90.41,0.732,0.481,90.6192,12,0,12,-17.558597180000003,"{""ETS2_ENTRY_MIN_BODY_FRAC"": ""0.3"", ""ETS2_ENTRY_RETEST_BARS"": ""2"", ""ETS2_ENTRY_TF"": ""5"", ""ETS2_OSC_OB"": ""58"", ""ETS2_OSC_OS"": ""25"", ""ETS2_OSC_PERIOD"": ""2"", ""ETS2_OSC_TYPE"": ""force"", ""ETS2_SL_ATR_MULT"": ""1.25"", ""ETS2_TP1_ATR_MULT"": ""1.0"", ""ETS2_TP_ATR_MULT"": ""2.0"", ""ETS2_WAVE_LOOKBACK"": ""1""}"
424,elder_ema50_force_canonical_v1_r424,/root/by-bot/backtest_runs/portfolio_20260618_232138_elder_ema50_force_canonical_v1_r424,False,pf<1.15;dd>10.0;net<4.0;neg_months>5;neg_streak>3,-2315.150124568,3373,-90.77,0.737,0.489,90.9184,12,0,12,-17.420946119999996,"{""ETS2_ENTRY_MIN_BODY_FRAC"": ""0.3"", ""ETS2_ENTRY_RETEST_BARS"": ""2"", ""ETS2_ENTRY_TF"": ""5"", ""ETS2_OSC_OB"": ""58"", ""ETS2_OSC_OS"": ""25"", ""ETS2_OSC_PERIOD"": ""2"", ""ETS2_OSC_TYPE"": ""force"", ""ETS2_SL_ATR_MULT"": ""1.25"", ""ETS2_TP1_ATR_MULT"": ""1.0"", ""ETS2_TP_ATR_MULT"": ""2.0"", ""ETS2_WAVE_LOOKBACK"": ""3""}"
425,elder_ema50_force_canonical_v1_r425,/root/by-bot/backtest_runs/portfolio_20260618_232423_elder_ema50_force_canonical_v1_r425,False,pf<1.15;dd>10.0;net<4.0;neg_months>5;neg_streak>3,-2300.1842717179998,2957,-85.92,0.743,0.488,86.1537,12,0,12,-17.69490837,"{""ETS2_ENTRY_MIN_BODY_FRAC"": ""0.3"", ""ETS2_ENTRY_RETEST_BARS"": ""2"", ""ETS2_ENTRY_TF"": ""5"", ""ETS2_OSC_OB"": ""58"", ""ETS2_OSC_OS"": ""25"", ""ETS2_OSC_PERIOD"": ""2"", ""ETS2_OSC_TYPE"": ""force"", ""ETS2_SL_ATR_MULT"": ""1.25"", ""ETS2_TP1_ATR_MULT"": ""1.0"", ""ETS2_TP_ATR_MULT"": ""2.5"", ""ETS2_WAVE_LOOKBACK"": ""1""}"
426,elder_ema50_force_canonical_v1_r426,/root/by-bot/backtest_runs/portfolio_20260618_232728_elder_ema50_force_canonical_v1_r426,False,pf<1.15;dd>10.0;net<4.0;neg_months>5;neg_streak>3,-2308.6931704579997,3108,-88.07,0.748,0.486,88.2617,12,0,12,-18.91840746999999,"{""ETS2_ENTRY_MIN_BODY_FRAC"": ""0.3"", ""ETS2_ENTRY_RETEST_BARS"": ""2"", ""ETS2_ENTRY_TF"": ""5"", ""ETS2_OSC_OB"": ""58"", ""ETS2_OSC_OS"": ""25"", ""ETS2_OSC_PERIOD"": ""2"", ""ETS2_OSC_TYPE"": ""force"", ""ETS2_SL_ATR_MULT"": ""1.25"", ""ETS2_TP1_ATR_MULT"": ""1.0"", ""ETS2_TP_ATR_MULT"": ""2.5"", ""ETS2_WAVE_LOOKBACK"": ""3""}"
427,elder_ema50_force_canonical_v1_r427,/root/by-bot/backtest_runs/portfolio_20260618_232955_elder_ema50_force_canonical_v1_r427,False,pf<1.15;dd>10.0;net<4.0;neg_months>5;neg_streak>3,-2338.612526972,3517,-93.36,0.744,0.481,93.6015,12,0,12,-28.12680497999999,"{""ETS2_ENTRY_MIN_BODY_FRAC"": ""0.3"", ""ETS2_ENTRY_RETEST_BARS"": ""2"", ""ETS2_ENTRY_TF"": ""5"", ""ETS2_OSC_OB"": ""58"", ""ETS2_OSC_OS"": ""25"", ""ETS2_OSC_PERIOD"": ""2"", ""ETS2_OSC_TYPE"": ""force"", ""ETS2_SL_ATR_MULT"": ""1.25"", ""ETS2_TP1_ATR_MULT"": ""1.25"", ""ETS2_TP_ATR_MULT"": ""1.5"", ""ETS2_WAVE_LOOKBACK"": ""1""}"
428,elder_ema50_force_canonical_v1_r428,/root/by-bot/backtest_runs/portfolio_20260618_233341_elder_ema50_force_canonical_v1_r428,False,pf<1.15;dd>10.0;net<4.0;neg_months>5;neg_streak>3,-2317.8186477659997,3718,-91.0,0.792,0.492,91.2251,11,1,8,-19.97746268999999,"{""ETS2_ENTRY_MIN_BODY_FRAC"": ""0.3"", ""ETS2_ENTRY_RETEST_BARS"": ""2"", ""ETS2_ENTRY_TF"": ""5"", ""ETS2_OSC_OB"": ""58"", ""ETS2_OSC_OS"": ""25"", ""ETS2_OSC_PERIOD"": ""2"", ""ETS2_OSC_TYPE"": ""force"", ""ETS2_SL_ATR_MULT"": ""1.25"", ""ETS2_TP1_ATR_MULT"": ""1.25"", ""ETS2_TP_ATR_MULT"": ""1.5"", ""ETS2_WAVE_LOOKBACK"": ""3""}"
429,elder_ema50_force_canonical_v1_r429,/root/by-bot/backtest_runs/portfolio_20260618_233626_elder_ema50_force_canonical_v1_r429,False,pf<1.15;dd>10.0;net<4.0;neg_months>5;neg_streak>3,-2314.966251042,3232,-90.73,0.75,0.479,90.9299,12,0,12,-17.307465029999992,"{""ETS2_ENTRY_MIN_BODY_FRAC"": ""0.3"", ""ETS2_ENTRY_RETEST_BARS"": ""2"", ""ETS2_ENTRY_TF"": ""5"", ""ETS2_OSC_OB"": ""58"", ""ETS2_OSC_OS"": ""25"", ""ETS2_OSC_PERIOD"": ""2"", ""ETS2_OSC_TYPE"": ""force"", ""ETS2_SL_ATR_MULT"": ""1.25"", ""ETS2_TP1_ATR_MULT"": ""1.25"", ""ETS2_TP_ATR_MULT"": ""2.0"", ""ETS2_WAVE_LOOKBACK"": ""1""}"
430,elder_ema50_force_canonical_v1_r430,/root/by-bot/backtest_runs/portfolio_20260618_233920_elder_ema50_force_canonical_v1_r430,False,pf<1.15;dd>10.0;net<4.0;neg_months>5;neg_streak>3,-2315.926729554,3366,-90.49,0.759,0.488,90.6539,12,0,12,-18.59352111,"{""ETS2_ENTRY_MIN_BODY_FRAC"": ""0.3"", ""ETS2_ENTRY_RETEST_BARS"": ""2"", ""ETS2_ENTRY_TF"": ""5"", ""ETS2_OSC_OB"": ""58"", ""ETS2_OSC_OS"": ""25"", ""ETS2_OSC_PERIOD"": ""2"", ""ETS2_OSC_TYPE"": ""force"", ""ETS2_SL_ATR_MULT"": ""1.25"", ""ETS2_TP1_ATR_MULT"": ""1.25"", ""ETS2_TP_ATR_MULT"": ""2.0"", ""ETS2_WAVE_LOOKBACK"": ""3""}"
431,elder_ema50_force_canonical_v1_r431,/root/by-bot/backtest_runs/portfolio_20260618_234152_elder_ema50_force_canonical_v1_r431,False,pf<1.15;dd>10.0;net<4.0;neg_months>5;neg_streak>3,-2295.128324948,2951,-84.49,0.774,0.487,84.7479,12,0,12,-17.317517820000003,"{""ETS2_ENTRY_MIN_BODY_FRAC"": ""0.3"", ""ETS2_ENTRY_RETEST_BARS"": ""2"", ""ETS2_ENTRY_TF"": ""5"", ""ETS2_OSC_OB"": ""58"", ""ETS2_OSC_OS"": ""25"", ""ETS2_OSC_PERIOD"": ""2"", ""ETS2_OSC_TYPE"": ""force"", ""ETS2_SL_ATR_MULT"": ""1.25"", ""ETS2_TP1_ATR_MULT"": ""1.25"", ""ETS2_TP_ATR_MULT"": ""2.5"", ""ETS2_WAVE_LOOKBACK"": ""1""}"
432,elder_ema50_force_canonical_v1_r432,/root/by-bot/backtest_runs/portfolio_20260618_234455_elder_ema50_force_canonical_v1_r432,False,pf<1.15;dd>10.0;net<4.0;neg_months>5;neg_streak>3,-2308.506320332,3105,-88.26,0.766,0.482,88.4335,12,0,12,-18.376657380000008,"{""ETS2_ENTRY_MIN_BODY_FRAC"": ""0.3"", ""ETS2_ENTRY_RETEST_BARS"": ""2"", ""ETS2_ENTRY_TF"": ""5"", ""ETS2_OSC_OB"": ""58"", ""ETS2_OSC_OS"": ""25"", ""ETS2_OSC_PERIOD"": ""2"", ""ETS2_OSC_TYPE"": ""force"", ""ETS2_SL_ATR_MULT"": ""1.25"", ""ETS2_TP1_ATR_MULT"": ""1.25"", ""ETS2_TP_ATR_MULT"": ""2.5"", ""ETS2_WAVE_LOOKBACK"": ""3""}"
433,elder_ema50_force_canonical_v1_r433,/root/by-bot/backtest_runs/portfolio_20260618_234725_elder_ema50_force_canonical_v1_r433,False,pf<1.15;dd>10.0;net<4.0;neg_months>5;neg_streak>3,-2357.425927788,5315,-99.76,0.65,0.474,99.7638,12,0,12,-27.27594842000001,"{""ETS2_ENTRY_MIN_BODY_FRAC"": ""0.15"", ""ETS2_ENTRY_RETEST_BARS"": ""3"", ""ETS2_ENTRY_TF"": ""5"", ""ETS2_OSC_OB"": ""58"", ""ETS2_OSC_OS"": ""25"", ""ETS2_OSC_PERIOD"": ""2"", ""ETS2_OSC_TYPE"": ""force"", ""ETS2_SL_ATR_MULT"": ""0.75"", ""ETS2_TP1_ATR_MULT"": ""0.75"", ""ETS2_TP_ATR_MULT"": ""1.5"", ""ETS2_WAVE_LOOKBACK"": ""1""}"
434,elder_ema50_force_canonical_v1_r434,/root/by-bot/backtest_runs/portfolio_20260618_235144_elder_ema50_force_canonical_v1_r434,False,pf<1.15;dd>10.0;net<4.0;neg_months>5;neg_streak>3,-2351.4609194259997,5774,-99.8,0.676,0.483,99.808,12,0,12,-22.91779958999999,"{""ETS2_ENTRY_MIN_BODY_FRAC"": ""0.15"", ""ETS2_ENTRY_RETEST_BARS"": ""3"", ""ETS2_ENTRY_TF"": ""5"", ""ETS2_OSC_OB"": ""58"", ""ETS2_OSC_OS"": ""25"", ""ETS2_OSC_PERIOD"": ""2"", ""ETS2_OSC_TYPE"": ""force"", ""ETS2_SL_ATR_MULT"": ""0.75"", ""ETS2_TP1_ATR_MULT"": ""0.75"", ""ETS2_TP_ATR_MULT"": ""1.5"", ""ETS2_WAVE_LOOKBACK"": ""3""}"
435,elder_ema50_force_canonical_v1_r435,/root/by-bot/backtest_runs/portfolio_20260618_235509_elder_ema50_force_canonical_v1_r435,False,pf<1.15;dd>10.0;net<4.0;neg_months>5;neg_streak>3,-2359.404236544,4894,-99.69,0.634,0.464,99.7007,12,0,12,-28.83916896,"{""ETS2_ENTRY_MIN_BODY_FRAC"": ""0.15"", ""ETS2_ENTRY_RETEST_BARS"": ""3"", ""ETS2_ENTRY_TF"": ""5"", ""ETS2_OSC_OB"": ""58"", ""ETS2_OSC_OS"": ""25"", ""ETS2_OSC_PERIOD"": ""2"", ""ETS2_OSC_TYPE"": ""force"", ""ETS2_SL_ATR_MULT"": ""0.75"", ""ETS2_TP1_ATR_MULT"": ""0.75"", ""ETS2_TP_ATR_MULT"": ""2.0"", ""ETS2_WAVE_LOOKBACK"": ""1""}"
436,elder_ema50_force_canonical_v1_r436,/root/by-bot/backtest_runs/portfolio_20260618_235912_elder_ema50_force_canonical_v1_r436,False,pf<1.15;dd>10.0;net<4.0;neg_months>5;neg_streak>3,-2363.780791856,5264,-99.62,0.638,0.475,99.6308,12,0,12,-32.12513704000002,"{""ETS2_ENTRY_MIN_BODY_FRAC"": ""0.15"", ""ETS2_ENTRY_RETEST_BARS"": ""3"", ""ETS2_ENTRY_TF"": ""5"", ""ETS2_OSC_OB"": ""58"", ""ETS2_OSC_OS"": ""25"", ""ETS2_OSC_PERIOD"": ""2"", ""ETS2_OSC_TYPE"": ""force"", ""ETS2_SL_ATR_MULT"": ""0.75"", ""ETS2_TP1_ATR_MULT"": ""0.75"", ""ETS2_TP_ATR_MULT"": ""2.0"", ""ETS2_WAVE_LOOKBACK"": ""3""}"
437,elder_ema50_force_canonical_v1_r437,/root/by-bot/backtest_runs/portfolio_20260619_000253_elder_ema50_force_canonical_v1_r437,False,pf<1.15;dd>10.0;net<4.0;neg_months>5;neg_streak>3,-2354.3672465299996,4551,-99.21,0.665,0.473,99.2271,12,0,12,-26.32931895000002,"{""ETS2_ENTRY_MIN_BODY_FRAC"": ""0.15"", ""ETS2_ENTRY_RETEST_BARS"": ""3"", ""ETS2_ENTRY_TF"": ""5"", ""ETS2_OSC_OB"": ""58"", ""ETS2_OSC_OS"": ""25"", ""ETS2_OSC_PERIOD"": ""2"", ""ETS2_OSC_TYPE"": ""force"", ""ETS2_SL_ATR_MULT"": ""0.75"", ""ETS2_TP1_ATR_MULT"": ""0.75"", ""ETS2_TP_ATR_MULT"": ""2.5"", ""ETS2_WAVE_LOOKBACK"": ""1""}"
438,elder_ema50_force_canonical_v1_r438,/root/by-bot/backtest_runs/portfolio_20260619_000635_elder_ema50_force_canonical_v1_r438,False,pf<1.15;dd>10.0;net<4.0;neg_months>5;neg_streak>3,-2350.234856566,4839,-98.95,0.687,0.48,98.9791,12,0,12,-23.954754689999987,"{""ETS2_ENTRY_MIN_BODY_FRAC"": ""0.15"", ""ETS2_ENTRY_RETEST_BARS"": ""3"", ""ETS2_ENTRY_TF"": ""5"", ""ETS2_OSC_OB"": ""58"", ""ETS2_OSC_OS"": ""25"", ""ETS2_OSC_PERIOD"": ""2"", ""ETS2_OSC_TYPE"": ""force"", ""ETS2_SL_ATR_MULT"": ""0.75"", ""ETS2_TP1_ATR_MULT"": ""0.75"", ""ETS2_TP_ATR_MULT"": ""2.5"", ""ETS2_WAVE_LOOKBACK"": ""3""}"
439,elder_ema50_force_canonical_v1_r439,/root/by-bot/backtest_runs/portfolio_20260619_000956_elder_ema50_force_canonical_v1_r439,False,pf<1.15;dd>10.0;net<4.0;neg_months>5;neg_streak>3,-2357.7952087480003,5318,-99.78,0.668,0.38,99.7821,12,0,12,-27.496434820000022,"{""ETS2_ENTRY_MIN_BODY_FRAC"": ""0.15"", ""ETS2_ENTRY_RETEST_BARS"": ""3"", ""ETS2_ENTRY_TF"": ""5"", ""ETS2_OSC_OB"": ""58"", ""ETS2_OSC_OS"": ""25"", ""ETS2_OSC_PERIOD"": ""2"", ""ETS2_OSC_TYPE"": ""force"", ""ETS2_SL_ATR_MULT"": ""0.75"", ""ETS2_TP1_ATR_MULT"": ""1.0"", ""ETS2_TP_ATR_MULT"": ""1.5"", ""ETS2_WAVE_LOOKBACK"": ""1""}"
440,elder_ema50_force_canonical_v1_r440,/root/by-bot/backtest_runs/portfolio_20260619_001457_elder_ema50_force_canonical_v1_r440,False,pf<1.15;dd>10.0;net<4.0;neg_months>5;neg_streak>3,-2351.7354113019996,5778,-99.82,0.692,0.382,99.8189,12,0,12,-23.08115092999997,"{""ETS2_ENTRY_MIN_BODY_FRAC"": ""0.15"", ""ETS2_ENTRY_RETEST_BARS"": ""3"", ""ETS2_ENTRY_TF"": ""5"", ""ETS2_OSC_OB"": ""58"", ""ETS2_OSC_OS"": ""25"", ""ETS2_OSC_PERIOD"": ""2"", ""ETS2_OSC_TYPE"": ""force"", ""ETS2_SL_ATR_MULT"": ""0.75"", ""ETS2_TP1_ATR_MULT"": ""1.0"", ""ETS2_TP_ATR_MULT"": ""1.5"", ""ETS2_WAVE_LOOKBACK"": ""3""}"
441,elder_ema50_force_canonical_v1_r441,/root/by-bot/backtest_runs/portfolio_20260619_001842_elder_ema50_force_canonical_v1_r441,False,pf<1.15;dd>10.0;net<4.0;neg_months>5;neg_streak>3,-2356.666960696,4896,-99.7,0.655,0.372,99.7015,12,0,12,-26.874257639999993,"{""ETS2_ENTRY_MIN_BODY_FRAC"": ""0.15"", ""ETS2_ENTRY_RETEST_BARS"": ""3"", ""ETS2_ENTRY_TF"": ""5"", ""ETS2_OSC_OB"": ""58"", ""ETS2_OSC_OS"": ""25"", ""ETS2_OSC_PERIOD"": ""2"", ""ETS2_OSC_TYPE"": ""force"", ""ETS2_SL_ATR_MULT"": ""0.75"", ""ETS2_TP1_ATR_MULT"": ""1.0"", ""ETS2_TP_ATR_MULT"": ""2.0"", ""ETS2_WAVE_LOOKBACK"": ""1""}"
442,elder_ema50_force_canonical_v1_r442,/root/by-bot/backtest_runs/portfolio_20260619_002246_elder_ema50_force_canonical_v1_r442,False,pf<1.15;dd>10.0;net<4.0;neg_months>5;neg_streak>3,-2362.033804378,5274,-99.69,0.648,0.377,99.6934,12,0,12,-30.727860269999994,"{""ETS2_ENTRY_MIN_BODY_FRAC"": ""0.15"", ""ETS2_ENTRY_RETEST_BARS"": ""3"", ""ETS2_ENTRY_TF"": ""5"", ""ETS2_OSC_OB"": ""58"", ""ETS2_OSC_OS"": ""25"", ""ETS2_OSC_PERIOD"": ""2"", ""ETS2_OSC_TYPE"": ""force"", ""ETS2_SL_ATR_MULT"": ""0.75"", ""ETS2_TP1_ATR_MULT"": ""1.0"", ""ETS2_TP_ATR_MULT"": ""2.0"", ""ETS2_WAVE_LOOKBACK"": ""3""}"
443,elder_ema50_force_canonical_v1_r443,/root/by-bot/backtest_runs/portfolio_20260619_002603_elder_ema50_force_canonical_v1_r443,False,pf<1.15;dd>10.0;net<4.0;neg_months>5;neg_streak>3,-2351.868467016,4553,-99.15,0.697,0.377,99.1658,12,0,12,-24.683476439999996,"{""ETS2_ENTRY_MIN_BODY_FRAC"": ""0.15"", ""ETS2_ENTRY_RETEST_BARS"": ""3"", ""ETS2_ENTRY_TF"": ""5"", ""ETS2_OSC_OB"": ""58"", ""ETS2_OSC_OS"": ""25"", ""ETS2_OSC_PERIOD"": ""2"", ""ETS2_OSC_TYPE"": ""force"", ""ETS2_SL_ATR_MULT"": ""0.75"", ""ETS2_TP1_ATR_MULT"": ""1.0"", ""ETS2_TP_ATR_MULT"": ""2.5"", ""ETS2_WAVE_LOOKBACK"": ""1""}"
444,elder_ema50_force_canonical_v1_r444,/root/by-bot/backtest_runs/portfolio_20260619_002913_elder_ema50_force_canonical_v1_r444,False,pf<1.15;dd>10.0;net<4.0;neg_months>5;neg_streak>3,-2347.8270886899995,4837,-99.13,0.694,0.382,99.1566,12,0,12,-21.82706334999999,"{""ETS2_ENTRY_MIN_BODY_FRAC"": ""0.15"", ""ETS2_ENTRY_RETEST_BARS"": ""3"", ""ETS2_ENTRY_TF"": ""5"", ""ETS2_OSC_OB"": ""58"", ""ETS2_OSC_OS"": ""25"", ""ETS2_OSC_PERIOD"": ""2"", ""ETS2_OSC_TYPE"": ""force"", ""ETS2_SL_ATR_MULT"": ""0.75"", ""ETS2_TP1_ATR_MULT"": ""1.0"", ""ETS2_TP_ATR_MULT"": ""2.5"", ""ETS2_WAVE_LOOKBACK"": ""3""}"
445,elder_ema50_force_canonical_v1_r445,/root/by-bot/backtest_runs/portfolio_20260619_003230_elder_ema50_force_canonical_v1_r445,False,pf<1.15;dd>10.0;net<4.0;neg_months>5;neg_streak>3,-2358.0693828839994,5319,-99.77,0.675,0.305,99.7801,12,0,12,-27.703702060000012,"{""ETS2_ENTRY_MIN_BODY_FRAC"": ""0.15"", ""ETS2_ENTRY_RETEST_BARS"": ""3"", ""ETS2_ENTRY_TF"": ""5"", ""ETS2_OSC_OB"": ""58"", ""ETS2_OSC_OS"": ""25"", ""ETS2_OSC_PERIOD"": ""2"", ""ETS2_OSC_TYPE"": ""force"", ""ETS2_SL_ATR_MULT"": ""0.75"", ""ETS2_TP1_ATR_MULT"": ""1.25"", ""ETS2_TP_ATR_MULT"": ""1.5"", ""ETS2_WAVE_LOOKBACK"": ""1""}"
446,elder_ema50_force_canonical_v1_r446,/root/by-bot/backtest_runs/portfolio_20260619_003708_elder_ema50_force_canonical_v1_r446,False,pf<1.15;dd>10.0;net<4.0;neg_months>5;neg_streak>3,-2346.780547058,5740,-99.74,0.72,0.311,99.7474,12,0,12,-19.712676469999984,"{""ETS2_ENTRY_MIN_BODY_FRAC"": ""0.15"", ""ETS2_ENTRY_RETEST_BARS"": ""3"", ""ETS2_ENTRY_TF"": ""5"", ""ETS2_OSC_OB"": ""58"", ""ETS2_OSC_OS"": ""25"", ""ETS2_OSC_PERIOD"": ""2"", ""ETS2_OSC_TYPE"": ""force"", ""ETS2_SL_ATR_MULT"": ""0.75"", ""ETS2_TP1_ATR_MULT"": ""1.25"", ""ETS2_TP_ATR_MULT"": ""1.5"", ""ETS2_WAVE_LOOKBACK"": ""3""}"
447,elder_ema50_force_canonical_v1_r447,/root/by-bot/backtest_runs/portfolio_20260619_004055_elder_ema50_force_canonical_v1_r447,False,pf<1.15;dd>10.0;net<4.0;neg_months>5;neg_streak>3,-2356.291313854,4892,-99.68,0.666,0.3,99.6891,12,0,12,-26.640795609999994,"{""ETS2_ENTRY_MIN_BODY_FRAC"": ""0.15"", ""ETS2_ENTRY_RETEST_BARS"": ""3"", ""ETS2_ENTRY_TF"": ""5"", ""ETS2_OSC_OB"": ""58"", ""ETS2_OSC_OS"": ""25"", ""ETS2_OSC_PERIOD"": ""2"", ""ETS2_OSC_TYPE"": ""force"", ""ETS2_SL_ATR_MULT"": ""0.75"", ""ETS2_TP1_ATR_MULT"": ""1.25"", ""ETS2_TP_ATR_MULT"": ""2.0"", ""ETS2_WAVE_LOOKBACK"": ""1""}"
448,elder_ema50_force_canonical_v1_r448,/root/by-bot/backtest_runs/portfolio_20260619_004453_elder_ema50_force_canonical_v1_r448,False,pf<1.15;dd>10.0;net<4.0;neg_months>5;neg_streak>3,-2363.6824568720003,5276,-99.68,0.652,0.303,99.6863,12,0,12,-31.92418348,"{""ETS2_ENTRY_MIN_BODY_FRAC"": ""0.15"", ""ETS2_ENTRY_RETEST_BARS"": ""3"", ""ETS2_ENTRY_TF"": ""5"", ""ETS2_OSC_OB"": ""58"", ""ETS2_OSC_OS"": ""25"", ""ETS2_OSC_PERIOD"": ""2"", ""ETS2_OSC_TYPE"": ""force"", ""ETS2_SL_ATR_MULT"": ""0.75"", ""ETS2_TP1_ATR_MULT"": ""1.25"", ""ETS2_TP_ATR_MULT"": ""2.0"", ""ETS2_WAVE_LOOKBACK"": ""3""}"
449,elder_ema50_force_canonical_v1_r449,/root/by-bot/backtest_runs/portfolio_20260619_004833_elder_ema50_force_canonical_v1_r449,False,pf<1.15;dd>10.0;net<4.0;neg_months>5;neg_streak>3,-2351.5911363339997,4541,-99.07,0.708,0.305,99.0974,12,0,12,-24.651668809999997,"{""ETS2_ENTRY_MIN_BODY_FRAC"": ""0.15"", ""ETS2_ENTRY_RETEST_BARS"": ""3"", ""ETS2_ENTRY_TF"": ""5"", ""ETS2_OSC_OB"": ""58"", ""ETS2_OSC_OS"": ""25"", ""ETS2_OSC_PERIOD"": ""2"", ""ETS2_OSC_TYPE"": ""force"", ""ETS2_SL_ATR_MULT"": ""0.75"", ""ETS2_TP1_ATR_MULT"": ""1.25"", ""ETS2_TP_ATR_MULT"": ""2.5"", ""ETS2_WAVE_LOOKBACK"": ""1""}"
450,elder_ema50_force_canonical_v1_r450,/root/by-bot/backtest_runs/portfolio_20260619_005242_elder_ema50_force_canonical_v1_r450,False,pf<1.15;dd>10.0;net<4.0;neg_months>5;neg_streak>3,-2348.4080840959996,4836,-99.12,0.697,0.309,99.1371,12,0,12,-22.278488639999992,"{""ETS2_ENTRY_MIN_BODY_FRAC"": ""0.15"", ""ETS2_ENTRY_RETEST_BARS"": ""3"", ""ETS2_ENTRY_TF"": ""5"", ""ETS2_OSC_OB"": ""58"", ""ETS2_OSC_OS"": ""25"", ""ETS2_OSC_PERIOD"": ""2"", ""ETS2_OSC_TYPE"": ""force"", ""ETS2_SL_ATR_MULT"": ""0.75"", ""ETS2_TP1_ATR_MULT"": ""1.25"", ""ETS2_TP_ATR_MULT"": ""2.5"", ""ETS2_WAVE_LOOKBACK"": ""3""}"
451,elder_ema50_force_canonical_v1_r451,/root/by-bot/backtest_runs/portfolio_20260619_005545_elder_ema50_force_canonical_v1_r451,False,pf<1.15;dd>10.0;net<4.0;neg_months>5;neg_streak>3,-2355.4875615759997,4287,-97.31,0.672,0.489,97.5383,12,0,12,-31.17068683999999,"{""ETS2_ENTRY_MIN_BODY_FRAC"": ""0.15"", ""ETS2_ENTRY_RETEST_BARS"": ""3"", ""ETS2_ENTRY_TF"": ""5"", ""ETS2_OSC_OB"": ""58"", ""ETS2_OSC_OS"": ""25"", ""ETS2_OSC_PERIOD"": ""2"", ""ETS2_OSC_TYPE"": ""force"", ""ETS2_SL_ATR_MULT"": ""1.0"", ""ETS2_TP1_ATR_MULT"": ""0.75"", ""ETS2_TP_ATR_MULT"": ""1.5"", ""ETS2_WAVE_LOOKBACK"": ""1""}"
452,elder_ema50_force_canonical_v1_r452,/root/by-bot/backtest_runs/portfolio_20260619_005929_elder_ema50_force_canonical_v1_r452,False,pf<1.15;dd>10.0;net<4.0;neg_months>5;neg_streak>3,-2359.4860892140005,4574,-97.85,0.688,0.487,98.0037,11,1,11,-34.184778009999974,"{""ETS2_ENTRY_MIN_BODY_FRAC"": ""0.15"", ""ETS2_ENTRY_RETEST_BARS"": ""3"", ""ETS2_ENTRY_TF"": ""5"", ""ETS2_OSC_OB"": ""58"", ""ETS2_OSC_OS"": ""25"", ""ETS2_OSC_PERIOD"": ""2"", ""ETS2_OSC_TYPE"": ""force"", ""ETS2_SL_ATR_MULT"": ""1.0"", ""ETS2_TP1_ATR_MULT"": ""0.75"", ""ETS2_TP_ATR_MULT"": ""1.5"", ""ETS2_WAVE_LOOKBACK"": ""3""}"
453,elder_ema50_force_canonical_v1_r453,/root/by-bot/backtest_runs/portfolio_20260619_010313_elder_ema50_force_canonical_v1_r453,False,pf<1.15;dd>10.0;net<4.0;neg_months>5;neg_streak>3,-2345.347248122,3938,-97.03,0.666,0.475,97.1032,12,0,12,-24.789177230000004,"{""ETS2_ENTRY_MIN_BODY_FRAC"": ""0.15"", ""ETS2_ENTRY_RETEST_BARS"": ""3"", ""ETS2_ENTRY_TF"": ""5"", ""ETS2_OSC_OB"": ""58"", ""ETS2_OSC_OS"": ""25"", ""ETS2_OSC_PERIOD"": ""2"", ""ETS2_OSC_TYPE"": ""force"", ""ETS2_SL_ATR_MULT"": ""1.0"", ""ETS2_TP1_ATR_MULT"": ""0.75"", ""ETS2_TP_ATR_MULT"": ""2.0"", ""ETS2_WAVE_LOOKBACK"": ""1""}"
454,elder_ema50_force_canonical_v1_r454,/root/by-bot/backtest_runs/portfolio_20260619_010728_elder_ema50_force_canonical_v1_r454,False,pf<1.15;dd>10.0;net<4.0;neg_months>5;neg_streak>3,-2346.1396904599997,4211,-97.82,0.681,0.477,97.8783,12,0,12,-23.570778900000025,"{""ETS2_ENTRY_MIN_BODY_FRAC"": ""0.15"", ""ETS2_ENTRY_RETEST_BARS"": ""3"", ""ETS2_ENTRY_TF"": ""5"", ""ETS2_OSC_OB"": ""58"", ""ETS2_OSC_OS"": ""25"", ""ETS2_OSC_PERIOD"": ""2"", ""ETS2_OSC_TYPE"": ""force"", ""ETS2_SL_ATR_MULT"": ""1.0"", ""ETS2_TP1_ATR_MULT"": ""0.75"", ""ETS2_TP_ATR_MULT"": ""2.0"", ""ETS2_WAVE_LOOKBACK"": ""3""}"
455,elder_ema50_force_canonical_v1_r455,/root/by-bot/backtest_runs/portfolio_20260619_011038_elder_ema50_force_canonical_v1_r455,False,pf<1.15;dd>10.0;net<4.0;neg_months>5;neg_streak>3,-2350.874298978,3642,-97.32,0.65,0.471,97.3972,12,0,12,-28.068499269999993,"{""ETS2_ENTRY_MIN_BODY_FRAC"": ""0.15"", ""ETS2_ENTRY_RETEST_BARS"": ""3"", ""ETS2_ENTRY_TF"": ""5"", ""ETS2_OSC_OB"": ""58"", ""ETS2_OSC_OS"": ""25"", ""ETS2_OSC_PERIOD"": ""2"", ""ETS2_OSC_TYPE"": ""force"", ""ETS2_SL_ATR_MULT"": ""1.0"", ""ETS2_TP1_ATR_MULT"": ""0.75"", ""ETS2_TP_ATR_MULT"": ""2.5"", ""ETS2_WAVE_LOOKBACK"": ""1""}"
456,elder_ema50_force_canonical_v1_r456,/root/by-bot/backtest_runs/portfolio_20260619_011444_elder_ema50_force_canonical_v1_r456,False,pf<1.15;dd>10.0;net<4.0;neg_months>5;neg_streak>3,-2338.6266443259997,3848,-96.62,0.676,0.477,96.6843,12,0,12,-20.93860309000002,"{""ETS2_ENTRY_MIN_BODY_FRAC"": ""0.15"", ""ETS2_ENTRY_RETEST_BARS"": ""3"", ""ETS2_ENTRY_TF"": ""5"", ""ETS2_OSC_OB"": ""58"", ""ETS2_OSC_OS"": ""25"", ""ETS2_OSC_PERIOD"": ""2"", ""ETS2_OSC_TYPE"": ""force"", ""ETS2_SL_ATR_MULT"": ""1.0"", ""ETS2_TP1_ATR_MULT"": ""0.75"", ""ETS2_TP_ATR_MULT"": ""2.5"", ""ETS2_WAVE_LOOKBACK"": ""3""}"
457,elder_ema50_force_canonical_v1_r457,/root/by-bot/backtest_runs/portfolio_20260619_011748_elder_ema50_force_canonical_v1_r457,False,pf<1.15;dd>10.0;net<4.0;neg_months>5;neg_streak>3,-2354.977313894,4287,-96.94,0.714,0.489,97.2178,12,0,12,-31.581224210000006,"{""ETS2_ENTRY_MIN_BODY_FRAC"": ""0.15"", ""ETS2_ENTRY_RETEST_BARS"": ""3"", ""ETS2_ENTRY_TF"": ""5"", ""ETS2_OSC_OB"": ""58"", ""ETS2_OSC_OS"": ""25"", ""ETS2_OSC_PERIOD"": ""2"", ""ETS2_OSC_TYPE"": ""force"", ""ETS2_SL_ATR_MULT"": ""1.0"", ""ETS2_TP1_ATR_MULT"": ""1.0"", ""ETS2_TP_ATR_MULT"": ""1.5"", ""ETS2_WAVE_LOOKBACK"": ""1""}"
458,elder_ema50_force_canonical_v1_r458,/root/by-bot/backtest_runs/portfolio_20260619_012222_elder_ema50_force_canonical_v1_r458,False,pf<1.15;dd>10.0;net<4.0;neg_months>5;neg_streak>3,-2362.5080261820003,4580,-97.88,0.722,0.488,98.0653,11,1,11,-36.22959012999997,"{""ETS2_ENTRY_MIN_BODY_FRAC"": ""0.15"", ""ETS2_ENTRY_RETEST_BARS"": ""3"", ""ETS2_ENTRY_TF"": ""5"", ""ETS2_OSC_OB"": ""58"", ""ETS2_OSC_OS"": ""25"", ""ETS2_OSC_PERIOD"": ""2"", ""ETS2_OSC_TYPE"": ""force"", ""ETS2_SL_ATR_MULT"": ""1.0"", ""ETS2_TP1_ATR_MULT"": ""1.0"", ""ETS2_TP_ATR_MULT"": ""1.5"", ""ETS2_WAVE_LOOKBACK"": ""3""}"
459,elder_ema50_force_canonical_v1_r459,/root/by-bot/backtest_runs/portfolio_20260619_012533_elder_ema50_force_canonical_v1_r459,False,pf<1.15;dd>10.0;net<4.0;neg_months>5;neg_streak>3,-2346.106500058,3942,-96.92,0.697,0.477,96.9966,12,0,12,-25.578071470000005,"{""ETS2_ENTRY_MIN_BODY_FRAC"": ""0.15"", ""ETS2_ENTRY_RETEST_BARS"": ""3"", ""ETS2_ENTRY_TF"": ""5"", ""ETS2_OSC_OB"": ""58"", ""ETS2_OSC_OS"": ""25"", ""ETS2_OSC_PERIOD"": ""2"", ""ETS2_OSC_TYPE"": ""force"", ""ETS2_SL_ATR_MULT"": ""1.0"", ""ETS2_TP1_ATR_MULT"": ""1.0"", ""ETS2_TP_ATR_MULT"": ""2.0"", ""ETS2_WAVE_LOOKBACK"": ""1""}"
460,elder_ema50_force_canonical_v1_r460,/root/by-bot/backtest_runs/portfolio_20260619_012908_elder_ema50_force_canonical_v1_r460,False,pf<1.15;dd>10.0;net<4.0;neg_months>5;neg_streak>3,-2343.716484646,4211,-97.84,0.714,0.477,97.8966,12,0,12,-21.796631889999993,"{""ETS2_ENTRY_MIN_BODY_FRAC"": ""0.15"", ""ETS2_ENTRY_RETEST_BARS"": ""3"", ""ETS2_ENTRY_TF"": ""5"", ""ETS2_OSC_OB"": ""58"", ""ETS2_OSC_OS"": ""25"", ""ETS2_OSC_PERIOD"": ""2"", ""ETS2_OSC_TYPE"": ""force"", ""ETS2_SL_ATR_MULT"": ""1.0"", ""ETS2_TP1_ATR_MULT"": ""1.0"", ""ETS2_TP_ATR_MULT"": ""2.0"", ""ETS2_WAVE_LOOKBACK"": ""3""}"
461,elder_ema50_force_canonical_v1_r461,/root/by-bot/backtest_runs/portfolio_20260619_013251_elder_ema50_force_canonical_v1_r461,False,pf<1.15;dd>10.0;net<4.0;neg_months>5;neg_streak>3,-2348.011137706,3637,-96.88,0.692,0.475,97.0023,12,0,12,-26.964669789999988,"{""ETS2_ENTRY_MIN_BODY_FRAC"": ""0.15"", ""ETS2_ENTRY_RETEST_BARS"": ""3"", ""ETS2_ENTRY_TF"": ""5"", ""ETS2_OSC_OB"": ""58"", ""ETS2_OSC_OS"": ""25"", ""ETS2_OSC_PERIOD"": ""2"", ""ETS2_OSC_TYPE"": ""force"", ""ETS2_SL_ATR_MULT"": ""1.0"", ""ETS2_TP1_ATR_MULT"": ""1.0"", ""ETS2_TP_ATR_MULT"": ""2.5"", ""ETS2_WAVE_LOOKBACK"": ""1""}"
462,elder_ema50_force_canonical_v1_r462,/root/by-bot/backtest_runs/portfolio_20260619_013632_elder_ema50_force_canonical_v1_r462,False,pf<1.15;dd>10.0;net<4.0;neg_months>5;neg_streak>3,-2334.817811008,3794,-96.14,0.722,0.48,96.2141,12,0,12,-19.30115072000001,"{""ETS2_ENTRY_MIN_BODY_FRAC"": ""0.15"", ""ETS2_ENTRY_RETEST_BARS"": ""3"", ""ETS2_ENTRY_TF"": ""5"", ""ETS2_OSC_OB"": ""58"", ""ETS2_OSC_OS"": ""25"", ""ETS2_OSC_PERIOD"": ""2"", ""ETS2_OSC_TYPE"": ""force"", ""ETS2_SL_ATR_MULT"": ""1.0"", ""ETS2_TP1_ATR_MULT"": ""1.0"", ""ETS2_TP_ATR_MULT"": ""2.5"", ""ETS2_WAVE_LOOKBACK"": ""3""}"
463,elder_ema50_force_canonical_v1_r463,/root/by-bot/backtest_runs/portfolio_20260619_013931_elder_ema50_force_canonical_v1_r463,False,pf<1.15;dd>10.0;net<4.0;neg_months>5;neg_streak>3,-2349.84691542,4296,-96.62,0.723,0.412,96.8683,12,0,12,-28.690225300000012,"{""ETS2_ENTRY_MIN_BODY_FRAC"": ""0.15"", ""ETS2_ENTRY_RETEST_BARS"": ""3"", ""ETS2_ENTRY_TF"": ""5"", ""ETS2_OSC_OB"": ""58"", ""ETS2_OSC_OS"": ""25"", ""ETS2_OSC_PERIOD"": ""2"", ""ETS2_OSC_TYPE"": ""force"", ""ETS2_SL_ATR_MULT"": ""1.0"", ""ETS2_TP1_ATR_MULT"": ""1.25"", ""ETS2_TP_ATR_MULT"": ""1.5"", ""ETS2_WAVE_LOOKBACK"": ""1""}"
464,elder_ema50_force_canonical_v1_r464,/root/by-bot/backtest_runs/portfolio_20260619_014329_elder_ema50_force_canonical_v1_r464,False,pf<1.15;dd>10.0;net<4.0;neg_months>5;neg_streak>3,-2362.894043034,4582,-97.78,0.732,0.41,97.981,11,1,11,-36.711459309999945,"{""ETS2_ENTRY_MIN_BODY_FRAC"": ""0.15"", ""ETS2_ENTRY_RETEST_BARS"": ""3"", ""ETS2_ENTRY_TF"": ""5"", ""ETS2_OSC_OB"": ""58"", ""ETS2_OSC_OS"": ""25"", ""ETS2_OSC_PERIOD"": ""2"", ""ETS2_OSC_TYPE"": ""force"", ""ETS2_SL_ATR_MULT"": ""1.0"", ""ETS2_TP1_ATR_MULT"": ""1.25"", ""ETS2_TP_ATR_MULT"": ""1.5"", ""ETS2_WAVE_LOOKBACK"": ""3""}"
465,elder_ema50_force_canonical_v1_r465,/root/by-bot/backtest_runs/portfolio_20260619_014639_elder_ema50_force_canonical_v1_r465,False,pf<1.15;dd>10.0;net<4.0;neg_months>5;neg_streak>3,-2345.442400468,3937,-96.66,0.706,0.403,96.7263,12,0,12,-25.71271462000002,"{""ETS2_ENTRY_MIN_BODY_FRAC"": ""0.15"", ""ETS2_ENTRY_RETEST_BARS"": ""3"", ""ETS2_ENTRY_TF"": ""5"", ""ETS2_OSC_OB"": ""58"", ""ETS2_OSC_OS"": ""25"", ""ETS2_OSC_PERIOD"": ""2"", ""ETS2_OSC_TYPE"": ""force"", ""ETS2_SL_ATR_MULT"": ""1.0"", ""ETS2_TP1_ATR_MULT"": ""1.25"", ""ETS2_TP_ATR_MULT"": ""2.0"", ""ETS2_WAVE_LOOKBACK"": ""1""}"
466,elder_ema50_force_canonical_v1_r466,/root/by-bot/backtest_runs/portfolio_20260619_015035_elder_ema50_force_canonical_v1_r466,False,pf<1.15;dd>10.0;net<4.0;neg_months>5;neg_streak>3,-2349.34991748,4209,-98.17,0.704,0.395,98.2073,12,0,12,-25.093798200000013,"{""ETS2_ENTRY_MIN_BODY_FRAC"": ""0.15"", ""ETS2_ENTRY_RETEST_BARS"": ""3"", ""ETS2_ENTRY_TF"": ""5"", ""ETS2_OSC_OB"": ""58"", ""ETS2_OSC_OS"": ""25"", ""ETS2_OSC_PERIOD"": ""2"", ""ETS2_OSC_TYPE"": ""force"", ""ETS2_SL_ATR_MULT"": ""1.0"", ""ETS2_TP1_ATR_MULT"": ""1.25"", ""ETS2_TP_ATR_MULT"": ""2.0"", ""ETS2_WAVE_LOOKBACK"": ""3""}"
467,elder_ema50_force_canonical_v1_r467,/root/by-bot/backtest_runs/portfolio_20260619_015408_elder_ema50_force_canonical_v1_r467,False,pf<1.15;dd>10.0;net<4.0;neg_months>5;neg_streak>3,-2348.377561984,3640,-96.7,0.696,0.4,96.7989,12,0,12,-27.671258559999988,"{""ETS2_ENTRY_MIN_BODY_FRAC"": ""0.15"", ""ETS2_ENTRY_RETEST_BARS"": ""3"", ""ETS2_ENTRY_TF"": ""5"", ""ETS2_OSC_OB"": ""58"", ""ETS2_OSC_OS"": ""25"", ""ETS2_OSC_PERIOD"": ""2"", ""ETS2_OSC_TYPE"": ""force"", ""ETS2_SL_ATR_MULT"": ""1.0"", ""ETS2_TP1_ATR_MULT"": ""1.25"", ""ETS2_TP_ATR_MULT"": ""2.5"", ""ETS2_WAVE_LOOKBACK"": ""1""}"
468,elder_ema50_force_canonical_v1_r468,/root/by-bot/backtest_runs/portfolio_20260619_015726_elder_ema50_force_canonical_v1_r468,False,pf<1.15;dd>10.0;net<4.0;neg_months>5;neg_streak>3,-2338.5522739659996,3840,-96.01,0.727,0.401,96.0684,12,0,12,-22.28819568999999,"{""ETS2_ENTRY_MIN_BODY_FRAC"": ""0.15"", ""ETS2_ENTRY_RETEST_BARS"": ""3"", ""ETS2_ENTRY_TF"": ""5"", ""ETS2_OSC_OB"": ""58"", ""ETS2_OSC_OS"": ""25"", ""ETS2_OSC_PERIOD"": ""2"", ""ETS2_OSC_TYPE"": ""force"", ""ETS2_SL_ATR_MULT"": ""1.0"", ""ETS2_TP1_ATR_MULT"": ""1.25"", ""ETS2_TP_ATR_MULT"": ""2.5"", ""ETS2_WAVE_LOOKBACK"": ""3""}"
469,elder_ema50_force_canonical_v1_r469,/root/by-bot/backtest_runs/portfolio_20260619_020029_elder_ema50_force_canonical_v1_r469,False,pf<1.15;dd>10.0;net<4.0;neg_months>5;neg_streak>3,-2333.383219208,3589,-91.67,0.702,0.494,91.979,12,0,12,-28.15801371999999,"{""ETS2_ENTRY_MIN_BODY_FRAC"": ""0.15"", ""ETS2_ENTRY_RETEST_BARS"": ""3"", ""ETS2_ENTRY_TF"": ""5"", ""ETS2_OSC_OB"": ""58"", ""ETS2_OSC_OS"": ""25"", ""ETS2_OSC_PERIOD"": ""2"", ""ETS2_OSC_TYPE"": ""force"", ""ETS2_SL_ATR_MULT"": ""1.25"", ""ETS2_TP1_ATR_MULT"": ""0.75"", ""ETS2_TP_ATR_MULT"": ""1.5"", ""ETS2_WAVE_LOOKBACK"": ""1""}"
470,elder_ema50_force_canonical_v1_r470,/root/by-bot/backtest_runs/portfolio_20260619_020426_elder_ema50_force_canonical_v1_r470,False,pf<1.15;dd>10.0;net<4.0;neg_months>5;neg_streak>3,-2343.5142557,3751,-94.73,0.68,0.481,94.7988,12,0,12,-28.743325500000022,"{""ETS2_ENTRY_MIN_BODY_FRAC"": ""0.15"", ""ETS2_ENTRY_RETEST_BARS"": ""3"", ""ETS2_ENTRY_TF"": ""5"", ""ETS2_OSC_OB"": ""58"", ""ETS2_OSC_OS"": ""25"", ""ETS2_OSC_PERIOD"": ""2"", ""ETS2_OSC_TYPE"": ""force"", ""ETS2_SL_ATR_MULT"": ""1.25"", ""ETS2_TP1_ATR_MULT"": ""0.75"", ""ETS2_TP_ATR_MULT"": ""1.5"", ""ETS2_WAVE_LOOKBACK"": ""3""}"
471,elder_ema50_force_canonical_v1_r471,/root/by-bot/backtest_runs/portfolio_20260619_020723_elder_ema50_force_canonical_v1_r471,False,pf<1.15;dd>10.0;net<4.0;neg_months>5;neg_streak>3,-2323.1330694219996,3238,-89.86,0.696,0.488,90.1506,12,0,12,-24.999906730000003,"{""ETS2_ENTRY_MIN_BODY_FRAC"": ""0.15"", ""ETS2_ENTRY_RETEST_BARS"": ""3"", ""ETS2_ENTRY_TF"": ""5"", ""ETS2_OSC_OB"": ""58"", ""ETS2_OSC_OS"": ""25"", ""ETS2_OSC_PERIOD"": ""2"", ""ETS2_OSC_TYPE"": ""force"", ""ETS2_SL_ATR_MULT"": ""1.25"", ""ETS2_TP1_ATR_MULT"": ""0.75"", ""ETS2_TP_ATR_MULT"": ""2.0"", ""ETS2_WAVE_LOOKBACK"": ""1""}"
472,elder_ema50_force_canonical_v1_r472,/root/by-bot/backtest_runs/portfolio_20260619_021049_elder_ema50_force_canonical_v1_r472,False,pf<1.15;dd>10.0;net<4.0;neg_months>5;neg_streak>3,-2317.9179466399996,3419,-90.6,0.704,0.489,90.7556,12,0,12,-19.77624760000002,"{""ETS2_ENTRY_MIN_BODY_FRAC"": ""0.15"", ""ETS2_ENTRY_RETEST_BARS"": ""3"", ""ETS2_ENTRY_TF"": ""5"", ""ETS2_OSC_OB"": ""58"", ""ETS2_OSC_OS"": ""25"", ""ETS2_OSC_PERIOD"": ""2"", ""ETS2_OSC_TYPE"": ""force"", ""ETS2_SL_ATR_MULT"": ""1.25"", ""ETS2_TP1_ATR_MULT"": ""0.75"", ""ETS2_TP_ATR_MULT"": ""2.0"", ""ETS2_WAVE_LOOKBACK"": ""3""}"
473,elder_ema50_force_canonical_v1_r473,/root/by-bot/backtest_runs/portfolio_20260619_021345_elder_ema50_force_canonical_v1_r473,False,pf<1.15;dd>10.0;net<4.0;neg_months>5;neg_streak>3,-2312.3066811199997,3006,-89.71,0.687,0.481,89.8644,12,0,12,-17.80420079999999,"{""ETS2_ENTRY_MIN_BODY_FRAC"": ""0.15"", ""ETS2_ENTRY_RETEST_BARS"": ""3"", ""ETS2_ENTRY_TF"": ""5"", ""ETS2_OSC_OB"": ""58"", ""ETS2_OSC_OS"": ""25"", ""ETS2_OSC_PERIOD"": ""2"", ""ETS2_OSC_TYPE"": ""force"", ""ETS2_SL_ATR_MULT"": ""1.25"", ""ETS2_TP1_ATR_MULT"": ""0.75"", ""ETS2_TP_ATR_MULT"": ""2.5"", ""ETS2_WAVE_LOOKBACK"": ""1""}"
474,elder_ema50_force_canonical_v1_r474,/root/by-bot/backtest_runs/portfolio_20260619_021638_elder_ema50_force_canonical_v1_r474,False,pf<1.15;dd>10.0;net<4.0;neg_months>5;neg_streak>3,-2318.9040935099997,3161,-91.26,0.687,0.479,91.3973,12,0,12,-18.99820965,"{""ETS2_ENTRY_MIN_BODY_FRAC"": ""0.15"", ""ETS2_ENTRY_RETEST_BARS"": ""3"", ""ETS2_ENTRY_TF"": ""5"", ""ETS2_OSC_OB"": ""58"", ""ETS2_OSC_OS"": ""25"", ""ETS2_OSC_PERIOD"": ""2"", ""ETS2_OSC_TYPE"": ""force"", ""ETS2_SL_ATR_MULT"": ""1.25"", ""ETS2_TP1_ATR_MULT"": ""0.75"", ""ETS2_TP_ATR_MULT"": ""2.5"", ""ETS2_WAVE_LOOKBACK"": ""3""}"
475,elder_ema50_force_canonical_v1_r475,/root/by-bot/backtest_runs/portfolio_20260619_021748_elder_ema50_force_canonical_v1_r475,False,pf<1.15;dd>10.0;net<4.0;neg_months>5;neg_streak>3,-2333.539866562,3595,-91.28,0.735,0.496,91.5992,12,0,12,-29.14676183000001,"{""ETS2_ENTRY_MIN_BODY_FRAC"": ""0.15"", ""ETS2_ENTRY_RETEST_BARS"": ""3"", ""ETS2_ENTRY_TF"": ""5"", ""ETS2_OSC_OB"": ""58"", ""ETS2_OSC_OS"": ""25"", ""ETS2_OSC_PERIOD"": ""2"", ""ETS2_OSC_TYPE"": ""force"", ""ETS2_SL_ATR_MULT"": ""1.25"", ""ETS2_TP1_ATR_MULT"": ""1.0"", ""ETS2_TP_ATR_MULT"": ""1.5"", ""ETS2_WAVE_LOOKBACK"": ""1""}"
476,elder_ema50_force_canonical_v1_r476,/root/by-bot/backtest_runs/portfolio_20260619_021918_elder_ema50_force_canonical_v1_r476,False,pf<1.15;dd>10.0;net<4.0;neg_months>5;neg_streak>3,-2339.509631564,3751,-94.14,0.72,0.48,94.2348,12,0,12,-27.194308260000003,"{""ETS2_ENTRY_MIN_BODY_FRAC"": ""0.15"", ""ETS2_ENTRY_RETEST_BARS"": ""3"", ""ETS2_ENTRY_TF"": ""5"", ""ETS2_OSC_OB"": ""58"", ""ETS2_OSC_OS"": ""25"", ""ETS2_OSC_PERIOD"": ""2"", ""ETS2_OSC_TYPE"": ""force"", ""ETS2_SL_ATR_MULT"": ""1.25"", ""ETS2_TP1_ATR_MULT"": ""1.0"", ""ETS2_TP_ATR_MULT"": ""1.5"", ""ETS2_WAVE_LOOKBACK"": ""3""}"
477,elder_ema50_force_canonical_v1_r477,/root/by-bot/backtest_runs/portfolio_20260619_022044_elder_ema50_force_canonical_v1_r477,False,pf<1.15;dd>10.0;net<4.0;neg_months>5;neg_streak>3,-2323.774649306,3243,-90.62,0.721,0.488,90.8802,12,0,12,-23.764463789999986,"{""ETS2_ENTRY_MIN_BODY_FRAC"": ""0.15"", ""ETS2_ENTRY_RETEST_BARS"": ""3"", ""ETS2_ENTRY_TF"": ""5"", ""ETS2_OSC_OB"": ""58"", ""ETS2_OSC_OS"": ""25"", ""ETS2_OSC_PERIOD"": ""2"", ""ETS2_OSC_TYPE"": ""force"", ""ETS2_SL_ATR_MULT"": ""1.25"", ""ETS2_TP1_ATR_MULT"": ""1.0"", ""ETS2_TP_ATR_MULT"": ""2.0"", ""ETS2_WAVE_LOOKBACK"": ""1""}"
478,elder_ema50_force_canonical_v1_r478,/root/by-bot/backtest_runs/portfolio_20260619_022205_elder_ema50_force_canonical_v1_r478,False,pf<1.15;dd>10.0;net<4.0;neg_months>5;neg_streak>3,-2315.0242862060004,3419,-89.94,0.738,0.491,90.1294,11,1,7,-20.455347290000006,"{""ETS2_ENTRY_MIN_BODY_FRAC"": ""0.15"", ""ETS2_ENTRY_RETEST_BARS"": ""3"", ""ETS2_ENTRY_TF"": ""5"", ""ETS2_OSC_OB"": ""58"", ""ETS2_OSC_OS"": ""25"", ""ETS2_OSC_PERIOD"": ""2"", ""ETS2_OSC_TYPE"": ""force"", ""ETS2_SL_ATR_MULT"": ""1.25"", ""ETS2_TP1_ATR_MULT"": ""1.0"", ""ETS2_TP_ATR_MULT"": ""2.0"", ""ETS2_WAVE_LOOKBACK"": ""3""}"
479,elder_ema50_force_canonical_v1_r479,/root/by-bot/backtest_runs/portfolio_20260619_022326_elder_ema50_force_canonical_v1_r479,False,pf<1.15;dd>10.0;net<4.0;neg_months>5;neg_streak>3,-2314.65534236,3010,-89.49,0.715,0.482,89.6705,12,0,12,-19.94738740000001,"{""ETS2_ENTRY_MIN_BODY_FRAC"": ""0.15"", ""ETS2_ENTRY_RETEST_BARS"": ""3"", ""ETS2_ENTRY_TF"": ""5"", ""ETS2_OSC_OB"": ""58"", ""ETS2_OSC_OS"": ""25"", ""ETS2_OSC_PERIOD"": ""2"", ""ETS2_OSC_TYPE"": ""force"", ""ETS2_SL_ATR_MULT"": ""1.25"", ""ETS2_TP1_ATR_MULT"": ""1.0"", ""ETS2_TP_ATR_MULT"": ""2.5"", ""ETS2_WAVE_LOOKBACK"": ""1""}"
480,elder_ema50_force_canonical_v1_r480,/root/by-bot/backtest_runs/portfolio_20260619_022454_elder_ema50_force_canonical_v1_r480,False,pf<1.15;dd>10.0;net<4.0;neg_months>5;neg_streak>3,-2316.963230502,3146,-90.4,0.725,0.481,90.5707,12,0,12,-19.529878930000006,"{""ETS2_ENTRY_MIN_BODY_FRAC"": ""0.15"", ""ETS2_ENTRY_RETEST_BARS"": ""3"", ""ETS2_ENTRY_TF"": ""5"", ""ETS2_OSC_OB"": ""58"", ""ETS2_OSC_OS"": ""25"", ""ETS2_OSC_PERIOD"": ""2"", ""ETS2_OSC_TYPE"": ""force"", ""ETS2_SL_ATR_MULT"": ""1.25"", ""ETS2_TP1_ATR_MULT"": ""1.0"", ""ETS2_TP_ATR_MULT"": ""2.5"", ""ETS2_WAVE_LOOKBACK"": ""3""}"
481,elder_ema50_force_canonical_v1_r481,/root/by-bot/backtest_runs/portfolio_20260619_022610_elder_ema50_force_canonical_v1_r481,False,pf<1.15;dd>10.0;net<4.0;neg_months>5;neg_streak>3,-2330.601293148,3593,-90.64,0.761,0.493,90.9738,12,0,12,-28.48978082,"{""ETS2_ENTRY_MIN_BODY_FRAC"": ""0.15"", ""ETS2_ENTRY_RETEST_BARS"": ""3"", ""ETS2_ENTRY_TF"": ""5"", ""ETS2_OSC_OB"": ""58"", ""ETS2_OSC_OS"": ""25"", ""ETS2_OSC_PERIOD"": ""2"", ""ETS2_OSC_TYPE"": ""force"", ""ETS2_SL_ATR_MULT"": ""1.25"", ""ETS2_TP1_ATR_MULT"": ""1.25"", ""ETS2_TP_ATR_MULT"": ""1.5"", ""ETS2_WAVE_LOOKBACK"": ""1""}"
482,elder_ema50_force_canonical_v1_r482,/root/by-bot/backtest_runs/portfolio_20260619_022744_elder_ema50_force_canonical_v1_r482,False,pf<1.15;dd>10.0;net<4.0;neg_months>5;neg_streak>3,-2342.51005465,3752,-94.36,0.738,0.478,94.4277,12,0,12,-28.87332475,"{""ETS2_ENTRY_MIN_BODY_FRAC"": ""0.15"", ""ETS2_ENTRY_RETEST_BARS"": ""3"", ""ETS2_ENTRY_TF"": ""5"", ""ETS2_OSC_OB"": ""58"", ""ETS2_OSC_OS"": ""25"", ""ETS2_OSC_PERIOD"": ""2"", ""ETS2_OSC_TYPE"": ""force"", ""ETS2_SL_ATR_MULT"": ""1.25"", ""ETS2_TP1_ATR_MULT"": ""1.25"", ""ETS2_TP_ATR_MULT"": ""1.5"", ""ETS2_WAVE_LOOKBACK"": ""3""}"
483,elder_ema50_force_canonical_v1_r483,/root/by-bot/backtest_runs/portfolio_20260619_022900_elder_ema50_force_canonical_v1_r483,False,pf<1.15;dd>10.0;net<4.0;neg_months>5;neg_streak>3,-2324.8918872639997,3241,-90.93,0.741,0.485,91.2758,12,0,12,-23.73163376,"{""ETS2_ENTRY_MIN_BODY_FRAC"": ""0.15"", ""ETS2_ENTRY_RETEST_BARS"": ""3"", ""ETS2_ENTRY_TF"": ""5"", ""ETS2_OSC_OB"": ""58"", ""ETS2_OSC_OS"": ""25"", ""ETS2_OSC_PERIOD"": ""2"", ""ETS2_OSC_TYPE"": ""force"", ""ETS2_SL_ATR_MULT"": ""1.25"", ""ETS2_TP1_ATR_MULT"": ""1.25"", ""ETS2_TP_ATR_MULT"": ""2.0"", ""ETS2_WAVE_LOOKBACK"": ""1""}"
484,elder_ema50_force_canonical_v1_r484,/root/by-bot/backtest_runs/portfolio_20260619_023051_elder_ema50_force_canonical_v1_r484,False,pf<1.15;dd>10.0;net<4.0;neg_months>5;neg_streak>3,-2315.365486232,3427,-89.95,0.765,0.49,90.1322,12,0,12,-19.40077588000001,"{""ETS2_ENTRY_MIN_BODY_FRAC"": ""0.15"", ""ETS2_ENTRY_RETEST_BARS"": ""3"", ""ETS2_ENTRY_TF"": ""5"", ""ETS2_OSC_OB"": ""58"", ""ETS2_OSC_OS"": ""25"", ""ETS2_OSC_PERIOD"": ""2"", ""ETS2_OSC_TYPE"": ""force"", ""ETS2_SL_ATR_MULT"": ""1.25"", ""ETS2_TP1_ATR_MULT"": ""1.25"", ""ETS2_TP_ATR_MULT"": ""2.0"", ""ETS2_WAVE_LOOKBACK"": ""3""}"
485,elder_ema50_force_canonical_v1_r485,/root/by-bot/backtest_runs/portfolio_20260619_023201_elder_ema50_force_canonical_v1_r485,False,pf<1.15;dd>10.0;net<4.0;neg_months>5;neg_streak>3,-2305.222226308,2999,-88.55,0.748,0.479,88.7245,12,0,12,-15.366590219999992,"{""ETS2_ENTRY_MIN_BODY_FRAC"": ""0.15"", ""ETS2_ENTRY_RETEST_BARS"": ""3"", ""ETS2_ENTRY_TF"": ""5"", ""ETS2_OSC_OB"": ""58"", ""ETS2_OSC_OS"": ""25"", ""ETS2_OSC_PERIOD"": ""2"", ""ETS2_OSC_TYPE"": ""force"", ""ETS2_SL_ATR_MULT"": ""1.25"", ""ETS2_TP1_ATR_MULT"": ""1.25"", ""ETS2_TP_ATR_MULT"": ""2.5"", ""ETS2_WAVE_LOOKBACK"": ""1""}"
486,elder_ema50_force_canonical_v1_r486,/root/by-bot/backtest_runs/portfolio_20260619_023318_elder_ema50_force_canonical_v1_r486,False,pf<1.15;dd>10.0;net<4.0;neg_months>5;neg_streak>3,-2308.49544053,3146,-87.71,0.77,0.486,87.9339,12,0,12,-19.554028949999996,"{""ETS2_ENTRY_MIN_BODY_FRAC"": ""0.15"", ""ETS2_ENTRY_RETEST_BARS"": ""3"", ""ETS2_ENTRY_TF"": ""5"", ""ETS2_OSC_OB"": ""58"", ""ETS2_OSC_OS"": ""25"", ""ETS2_OSC_PERIOD"": ""2"", ""ETS2_OSC_TYPE"": ""force"", ""ETS2_SL_ATR_MULT"": ""1.25"", ""ETS2_TP1_ATR_MULT"": ""1.25"", ""ETS2_TP_ATR_MULT"": ""2.5"", ""ETS2_WAVE_LOOKBACK"": ""3""}"
487,elder_ema50_force_canonical_v1_r487,/root/by-bot/backtest_runs/portfolio_20260619_023419_elder_ema50_force_canonical_v1_r487,False,pf<1.15;dd>10.0;net<4.0;neg_months>5;neg_streak>3,-2356.7905888299997,5280,-99.85,0.647,0.467,99.853,12,0,12,-26.617563449999988,"{""ETS2_ENTRY_MIN_BODY_FRAC"": ""0.3"", ""ETS2_ENTRY_RETEST_BARS"": ""3"", ""ETS2_ENTRY_TF"": ""5"", ""ETS2_OSC_OB"": ""58"", ""ETS2_OSC_OS"": ""25"", ""ETS2_OSC_PERIOD"": ""2"", ""ETS2_OSC_TYPE"": ""force"", ""ETS2_SL_ATR_MULT"": ""0.75"", ""ETS2_TP1_ATR_MULT"": ""0.75"", ""ETS2_TP_ATR_MULT"": ""1.5"", ""ETS2_WAVE_LOOKBACK"": ""1""}"
488,elder_ema50_force_canonical_v1_r488,/root/by-bot/backtest_runs/portfolio_20260619_023610_elder_ema50_force_canonical_v1_r488,False,pf<1.15;dd>10.0;net<4.0;neg_months>5;neg_streak>3,-2362.733570982,5748,-99.86,0.638,0.478,99.8648,12,0,12,-30.837122130000022,"{""ETS2_ENTRY_MIN_BODY_FRAC"": ""0.3"", ""ETS2_ENTRY_RETEST_BARS"": ""3"", ""ETS2_ENTRY_TF"": ""5"", ""ETS2_OSC_OB"": ""58"", ""ETS2_OSC_OS"": ""25"", ""ETS2_OSC_PERIOD"": ""2"", ""ETS2_OSC_TYPE"": ""force"", ""ETS2_SL_ATR_MULT"": ""0.75"", ""ETS2_TP1_ATR_MULT"": ""0.75"", ""ETS2_TP_ATR_MULT"": ""1.5"", ""ETS2_WAVE_LOOKBACK"": ""3""}"
489,elder_ema50_force_canonical_v1_r489,/root/by-bot/backtest_runs/portfolio_20260619_023758_elder_ema50_force_canonical_v1_r489,False,pf<1.15;dd>10.0;net<4.0;neg_months>5;neg_streak>3,-2362.162062076,4875,-99.69,0.63,0.466,99.6951,12,0,12,-30.81704434000001,"{""ETS2_ENTRY_MIN_BODY_FRAC"": ""0.3"", ""ETS2_ENTRY_RETEST_BARS"": ""3"", ""ETS2_ENTRY_TF"": ""5"", ""ETS2_OSC_OB"": ""58"", ""ETS2_OSC_OS"": ""25"", ""ETS2_OSC_PERIOD"": ""2"", ""ETS2_OSC_TYPE"": ""force"", ""ETS2_SL_ATR_MULT"": ""0.75"", ""ETS2_TP1_ATR_MULT"": ""0.75"", ""ETS2_TP_ATR_MULT"": ""2.0"", ""ETS2_WAVE_LOOKBACK"": ""1""}"
490,elder_ema50_force_canonical_v1_r490,/root/by-bot/backtest_runs/portfolio_20260619_024013_elder_ema50_force_canonical_v1_r490,False,pf<1.15;dd>10.0;net<4.0;neg_months>5;neg_streak>3,-2360.035383966,5226,-99.7,0.657,0.471,99.7109,12,0,12,-29.26684569000001,"{""ETS2_ENTRY_MIN_BODY_FRAC"": ""0.3"", ""ETS2_ENTRY_RETEST_BARS"": ""3"", ""ETS2_ENTRY_TF"": ""5"", ""ETS2_OSC_OB"": ""58"", ""ETS2_OSC_OS"": ""25"", ""ETS2_OSC_PERIOD"": ""2"", ""ETS2_OSC_TYPE"": ""force"", ""ETS2_SL_ATR_MULT"": ""0.75"", ""ETS2_TP1_ATR_MULT"": ""0.75"", ""ETS2_TP_ATR_MULT"": ""2.0"", ""ETS2_WAVE_LOOKBACK"": ""3""}"
491,elder_ema50_force_canonical_v1_r491,/root/by-bot/backtest_runs/portfolio_20260619_024155_elder_ema50_force_canonical_v1_r491,False,pf<1.15;dd>10.0;net<4.0;neg_months>5;neg_streak>3,-2354.661364954,4602,-99.52,0.646,0.468,99.5336,12,0,12,-25.835832110000005,"{""ETS2_ENTRY_MIN_BODY_FRAC"": ""0.3"", ""ETS2_ENTRY_RETEST_BARS"": ""3"", ""ETS2_ENTRY_TF"": ""5"", ""ETS2_OSC_OB"": ""58"", ""ETS2_OSC_OS"": ""25"", ""ETS2_OSC_PERIOD"": ""2"", ""ETS2_OSC_TYPE"": ""force"", ""ETS2_SL_ATR_MULT"": ""0.75"", ""ETS2_TP1_ATR_MULT"": ""0.75"", ""ETS2_TP_ATR_MULT"": ""2.5"", ""ETS2_WAVE_LOOKBACK"": ""1""}"
492,elder_ema50_force_canonical_v1_r492,/root/by-bot/backtest_runs/portfolio_20260619_024345_elder_ema50_force_canonical_v1_r492,False,pf<1.15;dd>10.0;net<4.0;neg_months>5;neg_streak>3,-2359.0282078419996,4889,-99.6,0.665,0.468,99.6056,12,0,12,-28.783577030000007,"{""ETS2_ENTRY_MIN_BODY_FRAC"": ""0.3"", ""ETS2_ENTRY_RETEST_BARS"": ""3"", ""ETS2_ENTRY_TF"": ""5"", ""ETS2_OSC_OB"": ""58"", ""ETS2_OSC_OS"": ""25"", ""ETS2_OSC_PERIOD"": ""2"", ""ETS2_OSC_TYPE"": ""force"", ""ETS2_SL_ATR_MULT"": ""0.75"", ""ETS2_TP1_ATR_MULT"": ""0.75"", ""ETS2_TP_ATR_MULT"": ""2.5"", ""ETS2_WAVE_LOOKBACK"": ""3""}"
493,elder_ema50_force_canonical_v1_r493,/root/by-bot/backtest_runs/portfolio_20260619_024526_elder_ema50_force_canonical_v1_r493,False,pf<1.15;dd>10.0;net<4.0;neg_months>5;neg_streak>3,-2355.558508454,5270,-99.83,0.677,0.372,99.836,12,0,12,-25.77893461000001,"{""ETS2_ENTRY_MIN_BODY_FRAC"": ""0.3"", ""ETS2_ENTRY_RETEST_BARS"": ""3"", ""ETS2_ENTRY_TF"": ""5"", ""ETS2_OSC_OB"": ""58"", ""ETS2_OSC_OS"": ""25"", ""ETS2_OSC_PERIOD"": ""2"", ""ETS2_OSC_TYPE"": ""force"", ""ETS2_SL_ATR_MULT"": ""0.75"", ""ETS2_TP1_ATR_MULT"": ""1.0"", ""ETS2_TP_ATR_MULT"": ""1.5"", ""ETS2_WAVE_LOOKBACK"": ""1""}"
494,elder_ema50_force_canonical_v1_r494,/root/by-bot/backtest_runs/portfolio_20260619_024733_elder_ema50_force_canonical_v1_r494,False,pf<1.15;dd>10.0;net<4.0;neg_months>5;neg_streak>3,-2361.1098566919995,5742,-99.85,0.662,0.384,99.8523,12,0,12,-29.70375477999999,"{""ETS2_ENTRY_MIN_BODY_FRAC"": ""0.3"", ""ETS2_ENTRY_RETEST_BARS"": ""3"", ""ETS2_ENTRY_TF"": ""5"", ""ETS2_OSC_OB"": ""58"", ""ETS2_OSC_OS"": ""25"", ""ETS2_OSC_PERIOD"": ""2"", ""ETS2_OSC_TYPE"": ""force"", ""ETS2_SL_ATR_MULT"": ""0.75"", ""ETS2_TP1_ATR_MULT"": ""1.0"", ""ETS2_TP_ATR_MULT"": ""1.5"", ""ETS2_WAVE_LOOKBACK"": ""3""}"
495,elder_ema50_force_canonical_v1_r495,/root/by-bot/backtest_runs/portfolio_20260619_024916_elder_ema50_force_canonical_v1_r495,False,pf<1.15;dd>10.0;net<4.0;neg_months>5;neg_streak>3,-2355.1183830659998,4868,-99.66,0.664,0.374,99.6635,12,0,12,-25.856702190000014,"{""ETS2_ENTRY_MIN_BODY_FRAC"": ""0.3"", ""ETS2_ENTRY_RETEST_BARS"": ""3"", ""ETS2_ENTRY_TF"": ""5"", ""ETS2_OSC_OB"": ""58"", ""ETS2_OSC_OS"": ""25"", ""ETS2_OSC_PERIOD"": ""2"", ""ETS2_OSC_TYPE"": ""force"", ""ETS2_SL_ATR_MULT"": ""0.75"", ""ETS2_TP1_ATR_MULT"": ""1.0"", ""ETS2_TP_ATR_MULT"": ""2.0"", ""ETS2_WAVE_LOOKBACK"": ""1""}"
496,elder_ema50_force_canonical_v1_r496,/root/by-bot/backtest_runs/portfolio_20260619_025121_elder_ema50_force_canonical_v1_r496,False,pf<1.15;dd>10.0;net<4.0;neg_months>5;neg_streak>3,-2359.1285164839996,5220,-99.76,0.67,0.373,99.7693,12,0,12,-28.484226059999983,"{""ETS2_ENTRY_MIN_BODY_FRAC"": ""0.3"", ""ETS2_ENTRY_RETEST_BARS"": ""3"", ""ETS2_ENTRY_TF"": ""5"", ""ETS2_OSC_OB"": ""58"", ""ETS2_OSC_OS"": ""25"", ""ETS2_OSC_PERIOD"": ""2"", ""ETS2_OSC_TYPE"": ""force"", ""ETS2_SL_ATR_MULT"": ""0.75"", ""ETS2_TP1_ATR_MULT"": ""1.0"", ""ETS2_TP_ATR_MULT"": ""2.0"", ""ETS2_WAVE_LOOKBACK"": ""3""}"
497,elder_ema50_force_canonical_v1_r497,/root/by-bot/backtest_runs/portfolio_20260619_025303_elder_ema50_force_canonical_v1_r497,False,pf<1.15;dd>10.0;net<4.0;neg_months>5;neg_streak>3,-2352.3123534279994,4582,-99.49,0.673,0.373,99.5007,12,0,12,-24.230681020000002,"{""ETS2_ENTRY_MIN_BODY_FRAC"": ""0.3"", ""ETS2_ENTRY_RETEST_BARS"": ""3"", ""ETS2_ENTRY_TF"": ""5"", ""ETS2_OSC_OB"": ""58"", ""ETS2_OSC_OS"": ""25"", ""ETS2_OSC_PERIOD"": ""2"", ""ETS2_OSC_TYPE"": ""force"", ""ETS2_SL_ATR_MULT"": ""0.75"", ""ETS2_TP1_ATR_MULT"": ""1.0"", ""ETS2_TP_ATR_MULT"": ""2.5"", ""ETS2_WAVE_LOOKBACK"": ""1""}"
498,elder_ema50_force_canonical_v1_r498,/root/by-bot/backtest_runs/portfolio_20260619_025454_elder_ema50_force_canonical_v1_r498,False,pf<1.15;dd>10.0;net<4.0;neg_months>5;neg_streak>3,-2357.416366226,4890,-99.59,0.68,0.376,99.5969,12,0,12,-27.65326159,"{""ETS2_ENTRY_MIN_BODY_FRAC"": ""0.3"", ""ETS2_ENTRY_RETEST_BARS"": ""3"", ""ETS2_ENTRY_TF"": ""5"", ""ETS2_OSC_OB"": ""58"", ""ETS2_OSC_OS"": ""25"", ""ETS2_OSC_PERIOD"": ""2"", ""ETS2_OSC_TYPE"": ""force"", ""ETS2_SL_ATR_MULT"": ""0.75"", ""ETS2_TP1_ATR_MULT"": ""1.0"", ""ETS2_TP_ATR_MULT"": ""2.5"", ""ETS2_WAVE_LOOKBACK"": ""3""}"
499,elder_ema50_force_canonical_v1_r499,/root/by-bot/backtest_runs/portfolio_20260619_025634_elder_ema50_force_canonical_v1_r499,False,pf<1.15;dd>10.0;net<4.0;neg_months>5;neg_streak>3,-2355.2863448639996,5270,-99.82,0.685,0.303,99.8243,12,0,12,-25.609817760000027,"{""ETS2_ENTRY_MIN_BODY_FRAC"": ""0.3"", ""ETS2_ENTRY_RETEST_BARS"": ""3"", ""ETS2_ENTRY_TF"": ""5"", ""ETS2_OSC_OB"": ""58"", ""ETS2_OSC_OS"": ""25"", ""ETS2_OSC_PERIOD"": ""2"", ""ETS2_OSC_TYPE"": ""force"", ""ETS2_SL_ATR_MULT"": ""0.75"", ""ETS2_TP1_ATR_MULT"": ""1.25"", ""ETS2_TP_ATR_MULT"": ""1.5"", ""ETS2_WAVE_LOOKBACK"": ""1""}"
500,elder_ema50_force_canonical_v1_r500,/root/by-bot/backtest_runs/portfolio_20260619_025840_elder_ema50_force_canonical_v1_r500,False,pf<1.15;dd>10.0;net<4.0;neg_months>5;neg_streak>3,-2362.225392858,5751,-99.87,0.66,0.303,99.8733,12,0,12,-30.45342347000003,"{""ETS2_ENTRY_MIN_BODY_FRAC"": ""0.3"", ""ETS2_ENTRY_RETEST_BARS"": ""3"", ""ETS2_ENTRY_TF"": ""5"", ""ETS2_OSC_OB"": ""58"", ""ETS2_OSC_OS"": ""25"", ""ETS2_OSC_PERIOD"": ""2"", ""ETS2_OSC_TYPE"": ""force"", ""ETS2_SL_ATR_MULT"": ""0.75"", ""ETS2_TP1_ATR_MULT"": ""1.25"", ""ETS2_TP_ATR_MULT"": ""1.5"", ""ETS2_WAVE_LOOKBACK"": ""3""}"
501,elder_ema50_force_canonical_v1_r501,/root/by-bot/backtest_runs/portfolio_20260619_030059_elder_ema50_force_canonical_v1_r501,False,pf<1.15;dd>10.0;net<4.0;neg_months>5;neg_streak>3,-2355.765320556,4869,-99.68,0.666,0.298,99.6796,12,0,12,-26.27865753999999,"{""ETS2_ENTRY_MIN_BODY_FRAC"": ""0.3"", ""ETS2_ENTRY_RETEST_BARS"": ""3"", ""ETS2_ENTRY_TF"": ""5"", ""ETS2_OSC_OB"": ""58"", ""ETS2_OSC_OS"": ""25"", ""ETS2_OSC_PERIOD"": ""2"", ""ETS2_OSC_TYPE"": ""force"", ""ETS2_SL_ATR_MULT"": ""0.75"", ""ETS2_TP1_ATR_MULT"": ""1.25"", ""ETS2_TP_ATR_MULT"": ""2.0"", ""ETS2_WAVE_LOOKBACK"": ""1""}"
502,elder_ema50_force_canonical_v1_r502,/root/by-bot/backtest_runs/portfolio_20260619_030259_elder_ema50_force_canonical_v1_r502,False,pf<1.15;dd>10.0;net<4.0;neg_months>5;neg_streak>3,-2359.6090299439998,5206,-99.71,0.697,0.301,99.7132,12,0,12,-28.95044996000002,"{""ETS2_ENTRY_MIN_BODY_FRAC"": ""0.3"", ""ETS2_ENTRY_RETEST_BARS"": ""3"", ""ETS2_ENTRY_TF"": ""5"", ""ETS2_OSC_OB"": ""58"", ""ETS2_OSC_OS"": ""25"", ""ETS2_OSC_PERIOD"": ""2"", ""ETS2_OSC_TYPE"": ""force"", ""ETS2_SL_ATR_MULT"": ""0.75"", ""ETS2_TP1_ATR_MULT"": ""1.25"", ""ETS2_TP_ATR_MULT"": ""2.0"", ""ETS2_WAVE_LOOKBACK"": ""3""}"
503,elder_ema50_force_canonical_v1_r503,/root/by-bot/backtest_runs/portfolio_20260619_030443_elder_ema50_force_canonical_v1_r503,False,pf<1.15;dd>10.0;net<4.0;neg_months>5;neg_streak>3,-2354.3680128339997,4590,-99.5,0.679,0.3,99.5067,12,0,12,-25.681866310000004,"{""ETS2_ENTRY_MIN_BODY_FRAC"": ""0.3"", ""ETS2_ENTRY_RETEST_BARS"": ""3"", ""ETS2_ENTRY_TF"": ""5"", ""ETS2_OSC_OB"": ""58"", ""ETS2_OSC_OS"": ""25"", ""ETS2_OSC_PERIOD"": ""2"", ""ETS2_OSC_TYPE"": ""force"", ""ETS2_SL_ATR_MULT"": ""0.75"", ""ETS2_TP1_ATR_MULT"": ""1.25"", ""ETS2_TP_ATR_MULT"": ""2.5"", ""ETS2_WAVE_LOOKBACK"": ""1""}"
504,elder_ema50_force_canonical_v1_r504,/root/by-bot/backtest_runs/portfolio_20260619_030635_elder_ema50_force_canonical_v1_r504,False,pf<1.15;dd>10.0;net<4.0;neg_months>5;neg_streak>3,-2354.1640195659998,4865,-99.59,0.687,0.301,99.5933,12,0,12,-25.335299690000017,"{""ETS2_ENTRY_MIN_BODY_FRAC"": ""0.3"", ""ETS2_ENTRY_RETEST_BARS"": ""3"", ""ETS2_ENTRY_TF"": ""5"", ""ETS2_OSC_OB"": ""58"", ""ETS2_OSC_OS"": ""25"", ""ETS2_OSC_PERIOD"": ""2"", ""ETS2_OSC_TYPE"": ""force"", ""ETS2_SL_ATR_MULT"": ""0.75"", ""ETS2_TP1_ATR_MULT"": ""1.25"", ""ETS2_TP_ATR_MULT"": ""2.5"", ""ETS2_WAVE_LOOKBACK"": ""3""}"
505,elder_ema50_force_canonical_v1_r505,/root/by-bot/backtest_runs/portfolio_20260619_030805_elder_ema50_force_canonical_v1_r505,False,pf<1.15;dd>10.0;net<4.0;neg_months>5;neg_streak>3,-2347.657990044,4252,-96.99,0.699,0.491,97.1883,12,0,12,-26.35242146,"{""ETS2_ENTRY_MIN_BODY_FRAC"": ""0.3"", ""ETS2_ENTRY_RETEST_BARS"": ""3"", ""ETS2_ENTRY_TF"": ""5"", ""ETS2_OSC_OB"": ""58"", ""ETS2_OSC_OS"": ""25"", ""ETS2_OSC_PERIOD"": ""2"", ""ETS2_OSC_TYPE"": ""force"", ""ETS2_SL_ATR_MULT"": ""1.0"", ""ETS2_TP1_ATR_MULT"": ""0.75"", ""ETS2_TP_ATR_MULT"": ""1.5"", ""ETS2_WAVE_LOOKBACK"": ""1""}"
506,elder_ema50_force_canonical_v1_r506,/root/by-bot/backtest_runs/portfolio_20260619_030958_elder_ema50_force_canonical_v1_r506,False,pf<1.15;dd>10.0;net<4.0;neg_months>5;neg_streak>3,-2362.5888303979996,4607,-98.39,0.673,0.48,98.489,12,0,12,-33.95916456999998,"{""ETS2_ENTRY_MIN_BODY_FRAC"": ""0.3"", ""ETS2_ENTRY_RETEST_BARS"": ""3"", ""ETS2_ENTRY_TF"": ""5"", ""ETS2_OSC_OB"": ""58"", ""ETS2_OSC_OS"": ""25"", ""ETS2_OSC_PERIOD"": ""2"", ""ETS2_OSC_TYPE"": ""force"", ""ETS2_SL_ATR_MULT"": ""1.0"", ""ETS2_TP1_ATR_MULT"": ""0.75"", ""ETS2_TP_ATR_MULT"": ""1.5"", ""ETS2_WAVE_LOOKBACK"": ""3""}"
507,elder_ema50_force_canonical_v1_r507,/root/by-bot/backtest_runs/portfolio_20260619_031149_elder_ema50_force_canonical_v1_r507,False,pf<1.15;dd>10.0;net<4.0;neg_months>5;neg_streak>3,-2343.240528918,3925,-96.18,0.703,0.482,96.3662,12,0,12,-25.065806369999997,"{""ETS2_ENTRY_MIN_BODY_FRAC"": ""0.3"", ""ETS2_ENTRY_RETEST_BARS"": ""3"", ""ETS2_ENTRY_TF"": ""5"", ""ETS2_OSC_OB"": ""58"", ""ETS2_OSC_OS"": ""25"", ""ETS2_OSC_PERIOD"": ""2"", ""ETS2_OSC_TYPE"": ""force"", ""ETS2_SL_ATR_MULT"": ""1.0"", ""ETS2_TP1_ATR_MULT"": ""0.75"", ""ETS2_TP_ATR_MULT"": ""2.0"", ""ETS2_WAVE_LOOKBACK"": ""1""}"
508,elder_ema50_force_canonical_v1_r508,/root/by-bot/backtest_runs/portfolio_20260619_031342_elder_ema50_force_canonical_v1_r508,False,pf<1.15;dd>10.0;net<4.0;neg_months>5;neg_streak>3,-2343.3510511599998,4157,-96.44,0.71,0.488,96.527,12,0,12,-24.69217940000001,"{""ETS2_ENTRY_MIN_BODY_FRAC"": ""0.3"", ""ETS2_ENTRY_RETEST_BARS"": ""3"", ""ETS2_ENTRY_TF"": ""5"", ""ETS2_OSC_OB"": ""58"", ""ETS2_OSC_OS"": ""25"", ""ETS2_OSC_PERIOD"": ""2"", ""ETS2_OSC_TYPE"": ""force"", ""ETS2_SL_ATR_MULT"": ""1.0"", ""ETS2_TP1_ATR_MULT"": ""0.75"", ""ETS2_TP_ATR_MULT"": ""2.0"", ""ETS2_WAVE_LOOKBACK"": ""3""}"
509,elder_ema50_force_canonical_v1_r509,/root/by-bot/backtest_runs/portfolio_20260619_031523_elder_ema50_force_canonical_v1_r509,False,pf<1.15;dd>10.0;net<4.0;neg_months>5;neg_streak>3,-2331.661404664,3632,-95.85,0.694,0.478,95.9254,12,0,12,-17.707574760000004,"{""ETS2_ENTRY_MIN_BODY_FRAC"": ""0.3"", ""ETS2_ENTRY_RETEST_BARS"": ""3"", ""ETS2_ENTRY_TF"": ""5"", ""ETS2_OSC_OB"": ""58"", ""ETS2_OSC_OS"": ""25"", ""ETS2_OSC_PERIOD"": ""2"", ""ETS2_OSC_TYPE"": ""force"", ""ETS2_SL_ATR_MULT"": ""1.0"", ""ETS2_TP1_ATR_MULT"": ""0.75"", ""ETS2_TP_ATR_MULT"": ""2.5"", ""ETS2_WAVE_LOOKBACK"": ""1""}"
510,elder_ema50_force_canonical_v1_r510,/root/by-bot/backtest_runs/portfolio_20260619_031659_elder_ema50_force_canonical_v1_r510,False,pf<1.15;dd>10.0;net<4.0;neg_months>5;neg_streak>3,-2339.50261878,3859,-96.0,0.691,0.482,96.0788,12,0,12,-22.960727700000007,"{""ETS2_ENTRY_MIN_BODY_FRAC"": ""0.3"", ""ETS2_ENTRY_RETEST_BARS"": ""3"", ""ETS2_ENTRY_TF"": ""5"", ""ETS2_OSC_OB"": ""58"", ""ETS2_OSC_OS"": ""25"", ""ETS2_OSC_PERIOD"": ""2"", ""ETS2_OSC_TYPE"": ""force"", ""ETS2_SL_ATR_MULT"": ""1.0"", ""ETS2_TP1_ATR_MULT"": ""0.75"", ""ETS2_TP_ATR_MULT"": ""2.5"", ""ETS2_WAVE_LOOKBACK"": ""3""}"
511,elder_ema50_force_canonical_v1_r511,/root/by-bot/backtest_runs/portfolio_20260619_031815_elder_ema50_force_canonical_v1_r511,False,pf<1.15;dd>10.0;net<4.0;neg_months>5;neg_streak>3,-2344.156278614,4249,-96.53,0.745,0.494,96.758,12,0,12,-24.860199009999985,"{""ETS2_ENTRY_MIN_BODY_FRAC"": ""0.3"", ""ETS2_ENTRY_RETEST_BARS"": ""3"", ""ETS2_ENTRY_TF"": ""5"", ""ETS2_OSC_OB"": ""58"", ""ETS2_OSC_OS"": ""25"", ""ETS2_OSC_PERIOD"": ""2"", ""ETS2_OSC_TYPE"": ""force"", ""ETS2_SL_ATR_MULT"": ""1.0"", ""ETS2_TP1_ATR_MULT"": ""1.0"", ""ETS2_TP_ATR_MULT"": ""1.5"", ""ETS2_WAVE_LOOKBACK"": ""1""}"
512,elder_ema50_force_canonical_v1_r512,/root/by-bot/backtest_runs/portfolio_20260619_031943_elder_ema50_force_canonical_v1_r512,False,pf<1.15;dd>10.0;net<4.0;neg_months>5;neg_streak>3,-2361.4656947,4608,-98.29,0.706,0.482,98.4053,12,0,12,-33.3622105,"{""ETS2_ENTRY_MIN_BODY_FRAC"": ""0.3"", ""ETS2_ENTRY_RETEST_BARS"": ""3"", ""ETS2_ENTRY_TF"": ""5"", ""ETS2_OSC_OB"": ""58"", ""ETS2_OSC_OS"": ""25"", ""ETS2_OSC_PERIOD"": ""2"", ""ETS2_OSC_TYPE"": ""force"", ""ETS2_SL_ATR_MULT"": ""1.0"", ""ETS2_TP1_ATR_MULT"": ""1.0"", ""ETS2_TP_ATR_MULT"": ""1.5"", ""ETS2_WAVE_LOOKBACK"": ""3""}"
513,elder_ema50_force_canonical_v1_r513,/root/by-bot/backtest_runs/portfolio_20260619_032105_elder_ema50_force_canonical_v1_r513,False,pf<1.15;dd>10.0;net<4.0;neg_months>5;neg_streak>3,-2342.635891686,3912,-96.03,0.743,0.483,96.2202,12,0,12,-24.971065489999983,"{""ETS2_ENTRY_MIN_BODY_FRAC"": ""0.3"", ""ETS2_ENTRY_RETEST_BARS"": ""3"", ""ETS2_ENTRY_TF"": ""5"", ""ETS2_OSC_OB"": ""58"", ""ETS2_OSC_OS"": ""25"", ""ETS2_OSC_PERIOD"": ""2"", ""ETS2_OSC_TYPE"": ""force"", ""ETS2_SL_ATR_MULT"": ""1.0"", ""ETS2_TP1_ATR_MULT"": ""1.0"", ""ETS2_TP_ATR_MULT"": ""2.0"", ""ETS2_WAVE_LOOKBACK"": ""1""}"
514,elder_ema50_force_canonical_v1_r514,/root/by-bot/backtest_runs/portfolio_20260619_032231_elder_ema50_force_canonical_v1_r514,False,pf<1.15;dd>10.0;net<4.0;neg_months>5;neg_streak>3,-2340.7506346,4148,-96.25,0.741,0.487,96.3281,12,0,12,-23.281739000000023,"{""ETS2_ENTRY_MIN_BODY_FRAC"": ""0.3"", ""ETS2_ENTRY_RETEST_BARS"": ""3"", ""ETS2_ENTRY_TF"": ""5"", ""ETS2_OSC_OB"": ""58"", ""ETS2_OSC_OS"": ""25"", ""ETS2_OSC_PERIOD"": ""2"", ""ETS2_OSC_TYPE"": ""force"", ""ETS2_SL_ATR_MULT"": ""1.0"", ""ETS2_TP1_ATR_MULT"": ""1.0"", ""ETS2_TP_ATR_MULT"": ""2.0"", ""ETS2_WAVE_LOOKBACK"": ""3""}"
515,elder_ema50_force_canonical_v1_r515,/root/by-bot/backtest_runs/portfolio_20260619_032349_elder_ema50_force_canonical_v1_r515,False,pf<1.15;dd>10.0;net<4.0;neg_months>5;neg_streak>3,-2326.894276698,3614,-95.46,0.737,0.483,95.5558,12,0,12,-15.164769069999984,"{""ETS2_ENTRY_MIN_BODY_FRAC"": ""0.3"", ""ETS2_ENTRY_RETEST_BARS"": ""3"", ""ETS2_ENTRY_TF"": ""5"", ""ETS2_OSC_OB"": ""58"", ""ETS2_OSC_OS"": ""25"", ""ETS2_OSC_PERIOD"": ""2"", ""ETS2_OSC_TYPE"": ""force"", ""ETS2_SL_ATR_MULT"": ""1.0"", ""ETS2_TP1_ATR_MULT"": ""1.0"", ""ETS2_TP_ATR_MULT"": ""2.5"", ""ETS2_WAVE_LOOKBACK"": ""1""}"
516,elder_ema50_force_canonical_v1_r516,/root/by-bot/backtest_runs/portfolio_20260619_032519_elder_ema50_force_canonical_v1_r516,False,pf<1.15;dd>10.0;net<4.0;neg_months>5;neg_streak>3,-2344.8246443959997,3867,-96.95,0.698,0.475,97.0065,12,0,12,-24.622603140000006,"{""ETS2_ENTRY_MIN_BODY_FRAC"": ""0.3"", ""ETS2_ENTRY_RETEST_BARS"": ""3"", ""ETS2_ENTRY_TF"": ""5"", ""ETS2_OSC_OB"": ""58"", ""ETS2_OSC_OS"": ""25"", ""ETS2_OSC_PERIOD"": ""2"", ""ETS2_OSC_TYPE"": ""force"", ""ETS2_SL_ATR_MULT"": ""1.0"", ""ETS2_TP1_ATR_MULT"": ""1.0"", ""ETS2_TP_ATR_MULT"": ""2.5"", ""ETS2_WAVE_LOOKBACK"": ""3""}"
517,elder_ema50_force_canonical_v1_r517,/root/by-bot/backtest_runs/portfolio_20260619_032637_elder_ema50_force_canonical_v1_r517,False,pf<1.15;dd>10.0;net<4.0;neg_months>5;neg_streak>3,-2343.6340877559996,4246,-96.4,0.752,0.407,96.626,12,0,12,-24.787205539999995,"{""ETS2_ENTRY_MIN_BODY_FRAC"": ""0.3"", ""ETS2_ENTRY_RETEST_BARS"": ""3"", ""ETS2_ENTRY_TF"": ""5"", ""ETS2_OSC_OB"": ""58"", ""ETS2_OSC_OS"": ""25"", ""ETS2_OSC_PERIOD"": ""2"", ""ETS2_OSC_TYPE"": ""force"", ""ETS2_SL_ATR_MULT"": ""1.0"", ""ETS2_TP1_ATR_MULT"": ""1.25"", ""ETS2_TP_ATR_MULT"": ""1.5"", ""ETS2_WAVE_LOOKBACK"": ""1""}"
518,elder_ema50_force_canonical_v1_r518,/root/by-bot/backtest_runs/portfolio_20260619_032818_elder_ema50_force_canonical_v1_r518,False,pf<1.15;dd>10.0;net<4.0;neg_months>5;neg_streak>3,-2359.1820369399998,4602,-98.34,0.714,0.403,98.4682,12,0,12,-31.598312099999973,"{""ETS2_ENTRY_MIN_BODY_FRAC"": ""0.3"", ""ETS2_ENTRY_RETEST_BARS"": ""3"", ""ETS2_ENTRY_TF"": ""5"", ""ETS2_OSC_OB"": ""58"", ""ETS2_OSC_OS"": ""25"", ""ETS2_OSC_PERIOD"": ""2"", ""ETS2_OSC_TYPE"": ""force"", ""ETS2_SL_ATR_MULT"": ""1.0"", ""ETS2_TP1_ATR_MULT"": ""1.25"", ""ETS2_TP_ATR_MULT"": ""1.5"", ""ETS2_WAVE_LOOKBACK"": ""3""}"
519,elder_ema50_force_canonical_v1_r519,/root/by-bot/backtest_runs/portfolio_20260619_032940_elder_ema50_force_canonical_v1_r519,False,pf<1.15;dd>10.0;net<4.0;neg_months>5;neg_streak>3,-2344.214995068,3914,-95.97,0.746,0.401,96.1072,12,0,12,-26.31185361999999,"{""ETS2_ENTRY_MIN_BODY_FRAC"": ""0.3"", ""ETS2_ENTRY_RETEST_BARS"": ""3"", ""ETS2_ENTRY_TF"": ""5"", ""ETS2_OSC_OB"": ""58"", ""ETS2_OSC_OS"": ""25"", ""ETS2_OSC_PERIOD"": ""2"", ""ETS2_OSC_TYPE"": ""force"", ""ETS2_SL_ATR_MULT"": ""1.0"", ""ETS2_TP1_ATR_MULT"": ""1.25"", ""ETS2_TP_ATR_MULT"": ""2.0"", ""ETS2_WAVE_LOOKBACK"": ""1""}"
520,elder_ema50_force_canonical_v1_r520,/root/by-bot/backtest_runs/portfolio_20260619_033136_elder_ema50_force_canonical_v1_r520,False,pf<1.15;dd>10.0;net<4.0;neg_months>5;neg_streak>3,-2340.168979116,4158,-96.07,0.752,0.411,96.1387,12,0,12,-23.291127940000013,"{""ETS2_ENTRY_MIN_BODY_FRAC"": ""0.3"", ""ETS2_ENTRY_RETEST_BARS"": ""3"", ""ETS2_ENTRY_TF"": ""5"", ""ETS2_OSC_OB"": ""58"", ""ETS2_OSC_OS"": ""25"", ""ETS2_OSC_PERIOD"": ""2"", ""ETS2_OSC_TYPE"": ""force"", ""ETS2_SL_ATR_MULT"": ""1.0"", ""ETS2_TP1_ATR_MULT"": ""1.25"", ""ETS2_TP_ATR_MULT"": ""2.0"", ""ETS2_WAVE_LOOKBACK"": ""3""}"
521,elder_ema50_force_canonical_v1_r521,/root/by-bot/backtest_runs/portfolio_20260619_033250_elder_ema50_force_canonical_v1_r521,False,pf<1.15;dd>10.0;net<4.0;neg_months>5;neg_streak>3,-2330.266798078,3640,-95.51,0.735,0.401,95.5768,12,0,12,-17.500855770000005,"{""ETS2_ENTRY_MIN_BODY_FRAC"": ""0.3"", ""ETS2_ENTRY_RETEST_BARS"": ""3"", ""ETS2_ENTRY_TF"": ""5"", ""ETS2_OSC_OB"": ""58"", ""ETS2_OSC_OS"": ""25"", ""ETS2_OSC_PERIOD"": ""2"", ""ETS2_OSC_TYPE"": ""force"", ""ETS2_SL_ATR_MULT"": ""1.0"", ""ETS2_TP1_ATR_MULT"": ""1.25"", ""ETS2_TP_ATR_MULT"": ""2.5"", ""ETS2_WAVE_LOOKBACK"": ""1""}"
522,elder_ema50_force_canonical_v1_r522,/root/by-bot/backtest_runs/portfolio_20260619_033410_elder_ema50_force_canonical_v1_r522,False,pf<1.15;dd>10.0;net<4.0;neg_months>5;neg_streak>3,-2343.004404914,3865,-96.97,0.706,0.395,97.0165,12,0,12,-23.291003510000014,"{""ETS2_ENTRY_MIN_BODY_FRAC"": ""0.3"", ""ETS2_ENTRY_RETEST_BARS"": ""3"", ""ETS2_ENTRY_TF"": ""5"", ""ETS2_OSC_OB"": ""58"", ""ETS2_OSC_OS"": ""25"", ""ETS2_OSC_PERIOD"": ""2"", ""ETS2_OSC_TYPE"": ""force"", ""ETS2_SL_ATR_MULT"": ""1.0"", ""ETS2_TP1_ATR_MULT"": ""1.25"", ""ETS2_TP_ATR_MULT"": ""2.5"", ""ETS2_WAVE_LOOKBACK"": ""3""}"
523,elder_ema50_force_canonical_v1_r523,/root/by-bot/backtest_runs/portfolio_20260619_033525_elder_ema50_force_canonical_v1_r523,False,pf<1.15;dd>10.0;net<4.0;neg_months>5;neg_streak>3,-2333.3266458440003,3547,-92.01,0.693,0.491,92.1777,12,0,12,-27.542318459999997,"{""ETS2_ENTRY_MIN_BODY_FRAC"": ""0.3"", ""ETS2_ENTRY_RETEST_BARS"": ""3"", ""ETS2_ENTRY_TF"": ""5"", ""ETS2_OSC_OB"": ""58"", ""ETS2_OSC_OS"": ""25"", ""ETS2_OSC_PERIOD"": ""2"", ""ETS2_OSC_TYPE"": ""force"", ""ETS2_SL_ATR_MULT"": ""1.25"", ""ETS2_TP1_ATR_MULT"": ""0.75"", ""ETS2_TP_ATR_MULT"": ""1.5"", ""ETS2_WAVE_LOOKBACK"": ""1""}"
524,elder_ema50_force_canonical_v1_r524,/root/by-bot/backtest_runs/portfolio_20260619_033641_elder_ema50_force_canonical_v1_r524,False,pf<1.15;dd>10.0;net<4.0;neg_months>5;neg_streak>3,-2334.168276202,3748,-94.35,0.703,0.484,94.4805,12,0,12,-22.848054429999994,"{""ETS2_ENTRY_MIN_BODY_FRAC"": ""0.3"", ""ETS2_ENTRY_RETEST_BARS"": ""3"", ""ETS2_ENTRY_TF"": ""5"", ""ETS2_OSC_OB"": ""58"", ""ETS2_OSC_OS"": ""25"", ""ETS2_OSC_PERIOD"": ""2"", ""ETS2_OSC_TYPE"": ""force"", ""ETS2_SL_ATR_MULT"": ""1.25"", ""ETS2_TP1_ATR_MULT"": ""0.75"", ""ETS2_TP_ATR_MULT"": ""1.5"", ""ETS2_WAVE_LOOKBACK"": ""3""}"
525,elder_ema50_force_canonical_v1_r525,/root/by-bot/backtest_runs/portfolio_20260619_033750_elder_ema50_force_canonical_v1_r525,False,pf<1.15;dd>10.0;net<4.0;neg_months>5;neg_streak>3,-2314.793614954,3228,-90.08,0.711,0.485,90.2465,12,0,12,-18.717582110000002,"{""ETS2_ENTRY_MIN_BODY_FRAC"": ""0.3"", ""ETS2_ENTRY_RETEST_BARS"": ""3"", ""ETS2_ENTRY_TF"": ""5"", ""ETS2_OSC_OB"": ""58"", ""ETS2_OSC_OS"": ""25"", ""ETS2_OSC_PERIOD"": ""2"", ""ETS2_OSC_TYPE"": ""force"", ""ETS2_SL_ATR_MULT"": ""1.25"", ""ETS2_TP1_ATR_MULT"": ""0.75"", ""ETS2_TP_ATR_MULT"": ""2.0"", ""ETS2_WAVE_LOOKBACK"": ""1""}"
526,elder_ema50_force_canonical_v1_r526,/root/by-bot/backtest_runs/portfolio_20260619_033903_elder_ema50_force_canonical_v1_r526,False,pf<1.15;dd>10.0;net<4.0;neg_months>5;neg_streak>3,-2320.689709546,3412,-91.31,0.703,0.488,91.4273,12,0,12,-20.187935390000014,"{""ETS2_ENTRY_MIN_BODY_FRAC"": ""0.3"", ""ETS2_ENTRY_RETEST_BARS"": ""3"", ""ETS2_ENTRY_TF"": ""5"", ""ETS2_OSC_OB"": ""58"", ""ETS2_OSC_OS"": ""25"", ""ETS2_OSC_PERIOD"": ""2"", ""ETS2_OSC_TYPE"": ""force"", ""ETS2_SL_ATR_MULT"": ""1.25"", ""ETS2_TP1_ATR_MULT"": ""0.75"", ""ETS2_TP_ATR_MULT"": ""2.0"", ""ETS2_WAVE_LOOKBACK"": ""3""}"
527,elder_ema50_force_canonical_v1_r527,/root/by-bot/backtest_runs/portfolio_20260619_034018_elder_ema50_force_canonical_v1_r527,False,pf<1.15;dd>10.0;net<4.0;neg_months>5;neg_streak>3,-2315.838452482,2972,-89.08,0.688,0.486,89.2505,12,0,12,-21.74389462999999,"{""ETS2_ENTRY_MIN_BODY_FRAC"": ""0.3"", ""ETS2_ENTRY_RETEST_BARS"": ""3"", ""ETS2_ENTRY_TF"": ""5"", ""ETS2_OSC_OB"": ""58"", ""ETS2_OSC_OS"": ""25"", ""ETS2_OSC_PERIOD"": ""2"", ""ETS2_OSC_TYPE"": ""force"", ""ETS2_SL_ATR_MULT"": ""1.25"", ""ETS2_TP1_ATR_MULT"": ""0.75"", ""ETS2_TP_ATR_MULT"": ""2.5"", ""ETS2_WAVE_LOOKBACK"": ""1""}"
528,elder_ema50_force_canonical_v1_r528,/root/by-bot/backtest_runs/portfolio_20260619_034132_elder_ema50_force_canonical_v1_r528,False,pf<1.15;dd>10.0;net<4.0;neg_months>5;neg_streak>3,-2319.4805221399997,3161,-90.84,0.681,0.483,90.9764,12,0,12,-20.371230099999984,"{""ETS2_ENTRY_MIN_BODY_FRAC"": ""0.3"", ""ETS2_ENTRY_RETEST_BARS"": ""3"", ""ETS2_ENTRY_TF"": ""5"", ""ETS2_OSC_OB"": ""58"", ""ETS2_OSC_OS"": ""25"", ""ETS2_OSC_PERIOD"": ""2"", ""ETS2_OSC_TYPE"": ""force"", ""ETS2_SL_ATR_MULT"": ""1.25"", ""ETS2_TP1_ATR_MULT"": ""0.75"", ""ETS2_TP_ATR_MULT"": ""2.5"", ""ETS2_WAVE_LOOKBACK"": ""3""}"
529,elder_ema50_force_canonical_v1_r529,/root/by-bot/backtest_runs/portfolio_20260619_034232_elder_ema50_force_canonical_v1_r529,False,pf<1.15;dd>10.0;net<4.0;neg_months>5;neg_streak>3,-2332.262009838,3549,-91.73,0.726,0.491,91.9061,12,0,12,-27.409864170000017,"{""ETS2_ENTRY_MIN_BODY_FRAC"": ""0.3"", ""ETS2_ENTRY_RETEST_BARS"": ""3"", ""ETS2_ENTRY_TF"": ""5"", ""ETS2_OSC_OB"": ""58"", ""ETS2_OSC_OS"": ""25"", ""ETS2_OSC_PERIOD"": ""2"", ""ETS2_OSC_TYPE"": ""force"", ""ETS2_SL_ATR_MULT"": ""1.25"", ""ETS2_TP1_ATR_MULT"": ""1.0"", ""ETS2_TP_ATR_MULT"": ""1.5"", ""ETS2_WAVE_LOOKBACK"": ""1""}"
530,elder_ema50_force_canonical_v1_r530,/root/by-bot/backtest_runs/portfolio_20260619_034347_elder_ema50_force_canonical_v1_r530,False,pf<1.15;dd>10.0;net<4.0;neg_months>5;neg_streak>3,-2331.115775544,3756,-93.83,0.742,0.484,94.0016,12,0,12,-21.797553959999988,"{""ETS2_ENTRY_MIN_BODY_FRAC"": ""0.3"", ""ETS2_ENTRY_RETEST_BARS"": ""3"", ""ETS2_ENTRY_TF"": ""5"", ""ETS2_OSC_OB"": ""58"", ""ETS2_OSC_OS"": ""25"", ""ETS2_OSC_PERIOD"": ""2"", ""ETS2_OSC_TYPE"": ""force"", ""ETS2_SL_ATR_MULT"": ""1.25"", ""ETS2_TP1_ATR_MULT"": ""1.0"", ""ETS2_TP_ATR_MULT"": ""1.5"", ""ETS2_WAVE_LOOKBACK"": ""3""}"
531,elder_ema50_force_canonical_v1_r531,/root/by-bot/backtest_runs/portfolio_20260619_034455_elder_ema50_force_canonical_v1_r531,False,pf<1.15;dd>10.0;net<4.0;neg_months>5;neg_streak>3,-2314.6983147579995,3220,-89.84,0.741,0.486,90.0877,12,0,12,-19.08208196999998,"{""ETS2_ENTRY_MIN_BODY_FRAC"": ""0.3"", ""ETS2_ENTRY_RETEST_BARS"": ""3"", ""ETS2_ENTRY_TF"": ""5"", ""ETS2_OSC_OB"": ""58"", ""ETS2_OSC_OS"": ""25"", ""ETS2_OSC_PERIOD"": ""2"", ""ETS2_OSC_TYPE"": ""force"", ""ETS2_SL_ATR_MULT"": ""1.25"", ""ETS2_TP1_ATR_MULT"": ""1.0"", ""ETS2_TP_ATR_MULT"": ""2.0"", ""ETS2_WAVE_LOOKBACK"": ""1""}"
532,elder_ema50_force_canonical_v1_r532,/root/by-bot/backtest_runs/portfolio_20260619_034626_elder_ema50_force_canonical_v1_r532,False,pf<1.15;dd>10.0;net<4.0;neg_months>5;neg_streak>3,-2318.171873888,3411,-90.8,0.737,0.49,90.9525,12,0,12,-19.50490991999999,"{""ETS2_ENTRY_MIN_BODY_FRAC"": ""0.3"", ""ETS2_ENTRY_RETEST_BARS"": ""3"", ""ETS2_ENTRY_TF"": ""5"", ""ETS2_OSC_OB"": ""58"", ""ETS2_OSC_OS"": ""25"", ""ETS2_OSC_PERIOD"": ""2"", ""ETS2_OSC_TYPE"": ""force"", ""ETS2_SL_ATR_MULT"": ""1.25"", ""ETS2_TP1_ATR_MULT"": ""1.0"", ""ETS2_TP_ATR_MULT"": ""2.0"", ""ETS2_WAVE_LOOKBACK"": ""3""}"
533,elder_ema50_force_canonical_v1_r533,/root/by-bot/backtest_runs/portfolio_20260619_034737_elder_ema50_force_canonical_v1_r533,False,pf<1.15;dd>10.0;net<4.0;neg_months>5;neg_streak>3,-2315.9428459839996,2975,-89.37,0.715,0.487,89.5904,12,0,12,-21.084318559999986,"{""ETS2_ENTRY_MIN_BODY_FRAC"": ""0.3"", ""ETS2_ENTRY_RETEST_BARS"": ""3"", ""ETS2_ENTRY_TF"": ""5"", ""ETS2_OSC_OB"": ""58"", ""ETS2_OSC_OS"": ""25"", ""ETS2_OSC_PERIOD"": ""2"", ""ETS2_OSC_TYPE"": ""force"", ""ETS2_SL_ATR_MULT"": ""1.25"", ""ETS2_TP1_ATR_MULT"": ""1.0"", ""ETS2_TP_ATR_MULT"": ""2.5"", ""ETS2_WAVE_LOOKBACK"": ""1""}"
534,elder_ema50_force_canonical_v1_r534,/root/by-bot/backtest_runs/portfolio_20260619_034848_elder_ema50_force_canonical_v1_r534,False,pf<1.15;dd>10.0;net<4.0;neg_months>5;neg_streak>3,-2315.580022152,3166,-89.74,0.722,0.484,89.9228,12,0,12,-20.033158679999993,"{""ETS2_ENTRY_MIN_BODY_FRAC"": ""0.3"", ""ETS2_ENTRY_RETEST_BARS"": ""3"", ""ETS2_ENTRY_TF"": ""5"", ""ETS2_OSC_OB"": ""58"", ""ETS2_OSC_OS"": ""25"", ""ETS2_OSC_PERIOD"": ""2"", ""ETS2_OSC_TYPE"": ""force"", ""ETS2_SL_ATR_MULT"": ""1.25"", ""ETS2_TP1_ATR_MULT"": ""1.0"", ""ETS2_TP_ATR_MULT"": ""2.5"", ""ETS2_WAVE_LOOKBACK"": ""3""}"
535,elder_ema50_force_canonical_v1_r535,/root/by-bot/backtest_runs/portfolio_20260619_034949_elder_ema50_force_canonical_v1_r535,False,pf<1.15;dd>10.0;net<4.0;neg_months>5;neg_streak>3,-2331.7027644719997,3547,-91.6,0.744,0.488,91.8114,12,0,12,-27.25711748,"{""ETS2_ENTRY_MIN_BODY_FRAC"": ""0.3"", ""ETS2_ENTRY_RETEST_BARS"": ""3"", ""ETS2_ENTRY_TF"": ""5"", ""ETS2_OSC_OB"": ""58"", ""ETS2_OSC_OS"": ""25"", ""ETS2_OSC_PERIOD"": ""2"", ""ETS2_OSC_TYPE"": ""force"", ""ETS2_SL_ATR_MULT"": ""1.25"", ""ETS2_TP1_ATR_MULT"": ""1.25"", ""ETS2_TP_ATR_MULT"": ""1.5"", ""ETS2_WAVE_LOOKBACK"": ""1""}"
536,elder_ema50_force_canonical_v1_r536,/root/by-bot/backtest_runs/portfolio_20260619_035125_elder_ema50_force_canonical_v1_r536,False,pf<1.15;dd>10.0;net<4.0;neg_months>5;neg_streak>3,-2331.9130555740003,3751,-93.96,0.762,0.482,94.1565,12,0,12,-22.034325410000005,"{""ETS2_ENTRY_MIN_BODY_FRAC"": ""0.3"", ""ETS2_ENTRY_RETEST_BARS"": ""3"", ""ETS2_ENTRY_TF"": ""5"", ""ETS2_OSC_OB"": ""58"", ""ETS2_OSC_OS"": ""25"", ""ETS2_OSC_PERIOD"": ""2"", ""ETS2_OSC_TYPE"": ""force"", ""ETS2_SL_ATR_MULT"": ""1.25"", ""ETS2_TP1_ATR_MULT"": ""1.25"", ""ETS2_TP_ATR_MULT"": ""1.5"", ""ETS2_WAVE_LOOKBACK"": ""3""}"
537,elder_ema50_force_canonical_v1_r537,/root/by-bot/backtest_runs/portfolio_20260619_035235_elder_ema50_force_canonical_v1_r537,False,pf<1.15;dd>10.0;net<4.0;neg_months>5;neg_streak>3,-2315.3358004579995,3216,-89.79,0.76,0.482,90.0929,12,0,12,-19.572857469999974,"{""ETS2_ENTRY_MIN_BODY_FRAC"": ""0.3"", ""ETS2_ENTRY_RETEST_BARS"": ""3"", ""ETS2_ENTRY_TF"": ""5"", ""ETS2_OSC_OB"": ""58"", ""ETS2_OSC_OS"": ""25"", ""ETS2_OSC_PERIOD"": ""2"", ""ETS2_OSC_TYPE"": ""force"", ""ETS2_SL_ATR_MULT"": ""1.25"", ""ETS2_TP1_ATR_MULT"": ""1.25"", ""ETS2_TP_ATR_MULT"": ""2.0"", ""ETS2_WAVE_LOOKBACK"": ""1""}"
538,elder_ema50_force_canonical_v1_r538,/root/by-bot/backtest_runs/portfolio_20260619_035341_elder_ema50_force_canonical_v1_r538,False,pf<1.15;dd>10.0;net<4.0;neg_months>5;neg_streak>3,-2318.445394262,3405,-90.41,0.762,0.488,90.5577,12,0,12,-20.59856733000001,"{""ETS2_ENTRY_MIN_BODY_FRAC"": ""0.3"", ""ETS2_ENTRY_RETEST_BARS"": ""3"", ""ETS2_ENTRY_TF"": ""5"", ""ETS2_OSC_OB"": ""58"", ""ETS2_OSC_OS"": ""25"", ""ETS2_OSC_PERIOD"": ""2"", ""ETS2_OSC_TYPE"": ""force"", ""ETS2_SL_ATR_MULT"": ""1.25"", ""ETS2_TP1_ATR_MULT"": ""1.25"", ""ETS2_TP_ATR_MULT"": ""2.0"", ""ETS2_WAVE_LOOKBACK"": ""3""}"
539,elder_ema50_force_canonical_v1_r539,/root/by-bot/backtest_runs/portfolio_20260619_035442_elder_ema50_force_canonical_v1_r539,False,pf<1.15;dd>10.0;net<4.0;neg_months>5;neg_streak>3,-2290.2818153760004,2965,-83.97,0.79,0.491,84.4282,12,0,12,-14.758153839999997,"{""ETS2_ENTRY_MIN_BODY_FRAC"": ""0.3"", ""ETS2_ENTRY_RETEST_BARS"": ""3"", ""ETS2_ENTRY_TF"": ""5"", ""ETS2_OSC_OB"": ""58"", ""ETS2_OSC_OS"": ""25"", ""ETS2_OSC_PERIOD"": ""2"", ""ETS2_OSC_TYPE"": ""force"", ""ETS2_SL_ATR_MULT"": ""1.25"", ""ETS2_TP1_ATR_MULT"": ""1.25"", ""ETS2_TP_ATR_MULT"": ""2.5"", ""ETS2_WAVE_LOOKBACK"": ""1""}"
540,elder_ema50_force_canonical_v1_r540,/root/by-bot/backtest_runs/portfolio_20260619_035549_elder_ema50_force_canonical_v1_r540,False,pf<1.15;dd>10.0;net<4.0;neg_months>5;neg_streak>3,-2313.197427322,3157,-89.05,0.744,0.483,89.2189,12,0,12,-19.92830523,"{""ETS2_ENTRY_MIN_BODY_FRAC"": ""0.3"", ""ETS2_ENTRY_RETEST_BARS"": ""3"", ""ETS2_ENTRY_TF"": ""5"", ""ETS2_OSC_OB"": ""58"", ""ETS2_OSC_OS"": ""25"", ""ETS2_OSC_PERIOD"": ""2"", ""ETS2_OSC_TYPE"": ""force"", ""ETS2_SL_ATR_MULT"": ""1.25"", ""ETS2_TP1_ATR_MULT"": ""1.25"", ""ETS2_TP_ATR_MULT"": ""2.5"", ""ETS2_WAVE_LOOKBACK"": ""3""}"
541,elder_ema50_force_canonical_v1_r541,/root/by-bot/backtest_runs/portfolio_20260619_035647_elder_ema50_force_canonical_v1_r541,False,pf<1.15;dd>10.0;net<4.0;neg_months>5;neg_streak>3,-2353.939816372,4934,-99.44,0.685,0.483,99.4526,12,0,12,-25.50472598,"{""ETS2_ENTRY_MIN_BODY_FRAC"": ""0.15"", ""ETS2_ENTRY_RETEST_BARS"": ""5"", ""ETS2_ENTRY_TF"": ""5"", ""ETS2_OSC_OB"": ""58"", ""ETS2_OSC_OS"": ""25"", ""ETS2_OSC_PERIOD"": ""2"", ""ETS2_OSC_TYPE"": ""force"", ""ETS2_SL_ATR_MULT"": ""0.75"", ""ETS2_TP1_ATR_MULT"": ""0.75"", ""ETS2_TP_ATR_MULT"": ""1.5"", ""ETS2_WAVE_LOOKBACK"": ""1""}"
542,elder_ema50_force_canonical_v1_r542,,False,runner:RuntimeError:subprocess rc=-15 log=/root/by-bot/backtest_runs/autoresearch_subprocess_logs/elder_ema50_force_canonical_v1/elder_ema50_force_canonical_v1_r542.log,-1000000.0,0,0.0,0.0,0.0,0.0,0,0,0,0.0,"{""ETS2_ENTRY_MIN_BODY_FRAC"": ""0.15"", ""ETS2_ENTRY_RETEST_BARS"": ""5"", ""ETS2_ENTRY_TF"": ""5"", ""ETS2_OSC_OB"": ""58"", ""ETS2_OSC_OS"": ""25"", ""ETS2_OSC_PERIOD"": ""2"", ""ETS2_OSC_TYPE"": ""force"", ""ETS2_SL_ATR_MULT"": ""0.75"", ""ETS2_TP1_ATR_MULT"": ""0.75"", ""ETS2_TP_ATR_MULT"": ""1.5"", ""ETS2_WAVE_LOOKBACK"": ""3""}"
