symbol,side,entry_ts,exit_ts,entry,exit,gross_r,net_r,fees_r,reason,z
ONDOUSDT,short,1752210000000,1752210000000,0.909,0.9225,-1.0,-1.0808,0.0808,sl,2.2088
BCHUSDT,short,1752210000000,1752210000000,521.0,525.0714285714286,-1.0,-1.15356,0.15356,sl,2.0507
BCHUSDT,short,1752224400000,1752238800000,523.6,528.4285714285714,-1.0,-1.13013,0.13013,sl,2.0972
XLMUSDT,short,1752238800000,1752238800000,0.32993,0.33542142857142854,-1.0,-1.0721,0.0721,sl,4.0279
BCHUSDT,short,1752253200000,1752256800000,529.7,535.6642857142857,-1.0,-1.10657,0.10657,sl,2.0867
XLMUSDT,short,1752253200000,1752260400000,0.37114,0.3826371428571429,-1.0,-1.03874,0.03874,sl,4.1236
XLMUSDT,short,1752267600000,1752271200000,0.36781,0.3502531428571429,1.2,1.16983,0.03017,tp,2.2384
ONDOUSDT,long,1752354000000,1752361200000,0.86,0.8757542857142857,1.2,1.12139,0.07861,tp,-2.0414
BCHUSDT,long,1752354000000,1752357600000,502.1,508.52000000000004,1.2,1.08738,0.11262,tp,-2.2804
XLMUSDT,short,1752382800000,1752393600000,0.43541,0.4499264285714286,-1.0,-1.03599,0.03599,sl,2.0126
XLMUSDT,short,1752426000000,1752429600000,0.45508,0.4741957142857143,-1.0,-1.02857,0.02857,sl,2.0203
XLMUSDT,short,1752440400000,1752451200000,0.47282,0.49124214285714285,-1.0,-1.0308,0.0308,sl,2.0463
ONDOUSDT,short,1752469200000,1752469200000,0.9474,0.9300085714285714,1.2,1.12156,0.07844,tp,3.1738
ONDOUSDT,short,1752483600000,1752501600000,0.946,0.9262771428571428,1.2,1.13093,0.06907,tp,2.1749
BCHUSDT,short,1752483600000,1752494400000,518.7,511.6542857142858,1.2,1.09399,0.10601,tp,2.1564
BCHUSDT,long,1752555600000,1752566400000,491.9,486.70714285714286,-1.0,-1.11367,0.11367,sl,-2.6423
ONDOUSDT,short,1752699600000,1752703200000,0.973,0.9575628571428572,1.2,1.10924,0.09076,tp,2.0606
ONDOUSDT,short,1752757200000,1752757200000,1.0424,1.01798,1.2,1.13853,0.06147,tp,5.1167
ONDOUSDT,short,1752771600000,1752789600000,1.022,1.046757142857143,-1.0,-1.04954,0.04954,sl,2.3519
ONDOUSDT,short,1752800400000,1752814800000,1.061,1.0925214285714284,-1.0,-1.04039,0.04039,sl,2.5275
BCHUSDT,short,1752800400000,1752811200000,508.2,514.1571428571428,-1.0,-1.10237,0.10237,sl,3.1691
XLMUSDT,short,1752800400000,1752800400000,0.5187,0.5002645714285715,1.2,1.15948,0.04052,tp,4.4628
BCHUSDT,short,1752829200000,1752847200000,529.9,518.4057142857142,1.2,1.13361,0.06639,tp,2.7912
ONDOUSDT,short,1753002000000,1753023600000,1.0596,1.0725071428571429,-1.0,-1.09851,0.09851,sl,2.4128
BCHUSDT,short,1753016400000,1753016400000,537.4,543.3642857142856,-1.0,-1.10812,0.10812,sl,2.7633
ONDOUSDT,short,1753030800000,1753030800000,1.0758,1.059977142857143,1.2,1.10209,0.09791,tp,2.5626
BCHUSDT,short,1753030800000,1753045200000,550.3,542.8171428571428,1.2,1.0941,0.1059,tp,2.9116
XLMUSDT,short,1753030800000,1753030800000,0.47402,0.46733514285714284,1.2,1.09789,0.10211,tp,2.2365
XLMUSDT,short,1753088400000,1753106400000,0.4843,0.4925292857142857,-1.0,-1.07062,0.07062,sl,2.2429
ONDOUSDT,short,1753102800000,1753113600000,1.116,1.0964057142857144,1.2,1.11798,0.08202,tp,3.1129
BCHUSDT,long,1753160400000,1753160400000,511.6,519.3914285714286,1.2,1.10545,0.09455,tp,-2.0132
XLMUSDT,long,1753160400000,1753167600000,0.44944,0.4601157142857143,1.2,1.13938,0.06062,tp,-3.013
ONDOUSDT,short,1753232400000,1753239600000,1.1371,1.105762857142857,1.2,1.14775,0.05225,tp,2.9891
XLMUSDT,long,1753275600000,1753275600000,0.45014,0.4440307142857143,-1.0,-1.08842,0.08842,sl,-2.2756
BCHUSDT,long,1753290000000,1753304400000,506.7,499.92857142857144,-1.0,-1.08979,0.08979,sl,-3.1231
XLMUSDT,long,1753290000000,1753290000000,0.42752,0.4185607142857143,-1.0,-1.05726,0.05726,sl,-3.7999
XLMUSDT,long,1753304400000,1753304400000,0.41935,0.4088857142857143,-1.0,-1.04809,0.04809,sl,-2.9976
BCHUSDT,long,1753333200000,1753333200000,506.3,498.3142857142857,-1.0,-1.07608,0.07608,sl,-2.0036
BCHUSDT,short,1753448400000,1753452000000,550.1,537.6457142857143,1.2,1.1364,0.0636,tp,2.7876
BCHUSDT,short,1753477200000,1753552800000,551.2,561.0285714285715,-1.0,-1.0673,0.0673,sl,2.0453
BCHUSDT,short,1753606800000,1753610400000,583.9,590.35,-1.0,-1.10863,0.10863,sl,2.6659
BCHUSDT,short,1753621200000,1753657200000,602.0,592.6828571428571,1.2,1.10696,0.09304,tp,3.2499
ONDOUSDT,short,1753664400000,1753664400000,1.0641,1.0489457142857144,1.2,1.09889,0.10111,tp,2.0541
ONDOUSDT,short,1753678800000,1753678800000,1.0677,1.0814285714285714,-1.0,-1.09333,0.09333,sl,2.3141
ONDOUSDT,long,1753722000000,1753725600000,1.0102,0.9933857142857142,-1.0,-1.0721,0.0721,sl,-3.2344
XLMUSDT,long,1753722000000,1753725600000,0.42476,0.41925357142857145,-1.0,-1.09257,0.09257,sl,-3.0304
ONDOUSDT,long,1753736400000,1753747200000,0.9937,0.9772571428571428,-1.0,-1.07252,0.07252,sl,-2.8352
XLMUSDT,long,1753736400000,1753747200000,0.41929,0.41387785714285713,-1.0,-1.09297,0.09297,sl,-2.671
XLMUSDT,long,1753880400000,1753884000000,0.40783,0.4145662857142857,1.2,1.11282,0.08718,tp,-2.4043
BCHUSDT,short,1753923600000,1753923600000,590.8,580.7971428571428,1.2,1.11495,0.08505,tp,3.4501
BCHUSDT,short,1753938000000,1753966800000,584.2,574.7457142857144,1.2,1.11102,0.08898,tp,2.0313
ONDOUSDT,short,1753952400000,1753952400000,1.0037,0.9861971428571429,1.2,1.11742,0.08258,tp,2.9752
ONDOUSDT,long,1754010000000,1754028000000,0.9125,0.8916714285714286,-1.0,-1.05257,0.05257,sl,-2.5163
XLMUSDT,long,1754010000000,1754035200000,0.3946,0.38752214285714287,-1.0,-1.0669,0.0669,sl,-2.7556
ONDOUSDT,long,1754038800000,1754049600000,0.8937,0.9140914285714286,1.2,1.13689,0.06311,tp,-2.2288
BCHUSDT,long,1754082000000,1754085600000,535.6,527.1071428571429,-1.0,-1.07568,0.07568,sl,-2.3844
XLMUSDT,short,1754240400000,1754251200000,0.40011,0.3949465714285715,1.2,1.08842,0.11158,tp,2.1414
ONDOUSDT,short,1754269200000,1754269200000,0.9388,0.9283514285714285,1.2,1.07062,0.12938,tp,2.3348
BCHUSDT,short,1754269200000,1754298000000,551.6,556.0214285714286,-1.0,-1.14971,0.14971,sl,2.3054
XLMUSDT,short,1754269200000,1754283600000,0.41495,0.40757428571428567,1.2,1.11899,0.08101,tp,3.0457
BCHUSDT,short,1754326800000,1754330400000,572.8,566.2171428571428,1.2,1.0747,0.1253,tp,2.4702
XLMUSDT,long,1754442000000,1754452800000,0.39116,0.38598714285714286,-1.0,-1.09074,0.09074,sl,-2.4189
ONDOUSDT,short,1754571600000,1754571600000,0.9834,0.9936714285714286,-1.0,-1.11489,0.11489,sl,3.0777
XLMUSDT,short,1754571600000,1754582400000,0.41455,0.40924685714285713,1.2,1.08743,0.11257,tp,2.9959
ONDOUSDT,short,1754600400000,1754611200000,0.9997,1.0116285714285715,-1.0,-1.10057,0.10057,sl,2.2327
XLMUSDT,short,1754600400000,1754600400000,0.41563,0.42066857142857145,-1.0,-1.09899,0.09899,sl,2.1181
XLMUSDT,short,1754614800000,1754614800000,0.44801,0.4561257142857143,-1.0,-1.06624,0.06624,sl,3.776
XLMUSDT,short,1754629200000,1754661600000,0.46248,0.4508682857142857,1.2,1.14265,0.05735,tp,2.9691
BCHUSDT,short,1754686800000,1754704800000,587.3,583.4599999999999,1.2,0.97976,0.22024,tp,2.0071
ONDOUSDT,short,1754744400000,1754744400000,1.0561,1.0436628571428572,1.2,1.07772,0.12228,tp,2.3332
BCHUSDT,long,1754758800000,1754787600000,569.0,575.2657142857142,1.2,1.06923,0.13077,tp,-2.487
BCHUSDT,long,1754816400000,1754827200000,563.4,570.0342857142857,1.2,1.07771,0.12229,tp,-2.1247
XLMUSDT,long,1754816400000,1754830800000,0.44083,0.43491,-1.0,-1.08936,0.08936,sl,-2.0047
ONDOUSDT,long,1754917200000,1754917200000,0.9951,1.01166,1.2,1.11347,0.08653,tp,-2.4907
BCHUSDT,short,1754931600000,1754938800000,590.4,580.4228571428571,1.2,1.11479,0.08521,tp,2.402
ONDOUSDT,short,1755018000000,1755072000000,1.0603,1.0767142857142857,-1.0,-1.07752,0.07752,sl,2.2826
BCHUSDT,short,1755018000000,1755018000000,607.7,614.4857142857144,-1.0,-1.10747,0.10747,sl,2.5817
BCHUSDT,short,1755032400000,1755046800000,625.2,615.7628571428572,1.2,1.1046,0.0954,tp,3.1328
ONDOUSDT,long,1755176400000,1755205200000,1.0047,0.9814285714285713,-1.0,-1.05181,0.05181,sl,-3.3247
BCHUSDT,long,1755176400000,1755176400000,590.4,582.3642857142856,-1.0,-1.08817,0.08817,sl,-2.7841
XLMUSDT,long,1755176400000,1755259200000,0.42312,0.42873,0.59963,0.54536,0.05427,time,-4.4616
BCHUSDT,long,1755190800000,1755237600000,586.9,597.76,1.2,1.12218,0.07782,tp,-3.0409
BCHUSDT,long,1755363600000,1755370800000,579.1,583.3942857142857,1.2,1.00581,0.19419,tp,-3.1204
ONDOUSDT,short,1755421200000,1755442800000,1.0208,1.0281642857142856,-1.0,-1.16634,0.16634,sl,2.0598
BCHUSDT,long,1755493200000,1755496800000,569.8,565.6642857142857,-1.0,-1.16533,0.16533,sl,-2.8506
XLMUSDT,long,1755493200000,1755496800000,0.41326,0.4088864285714286,-1.0,-1.11339,0.11339,sl,-3.0567
ONDOUSDT,long,1755507600000,1755522000000,0.9518,0.9672028571428571,1.2,1.11102,0.08898,tp,-2.5599
BCHUSDT,long,1755507600000,1755543600000,564.0,568.9285714285714,1.2,1.03521,0.16479,tp,-2.8611
XLMUSDT,long,1755507600000,1755522000000,0.40502,0.41036085714285714,1.2,1.0908,0.1092,tp,-3.1887
BCHUSDT,long,1755622800000,1755651600000,552.0,547.1642857142857,-1.0,-1.13698,0.13698,sl,-2.3002
XLMUSDT,long,1755622800000,1755644400000,0.39553,0.3906757142857143,-1.0,-1.09778,0.09778,sl,-2.1668
ONDOUSDT,long,1755867600000,1755867600000,0.9001,0.9132228571428572,1.2,1.10123,0.09877,tp,-2.3852
XLMUSDT,long,1755867600000,1755867600000,0.38503,0.38960885714285715,1.2,1.07891,0.12109,tp,-2.1138
ONDOUSDT,short,1755882000000,1755889200000,0.9914,1.0086071428571428,-1.0,-1.06914,0.06914,sl,3.7397
BCHUSDT,short,1755882000000,1755914400000,601.2,591.96,1.2,1.10631,0.09369,tp,5.4203
XLMUSDT,short,1755882000000,1755882000000,0.42128,0.42781071428571427,-1.0,-1.07741,0.07741,sl,3.6247
ONDOUSDT,short,1755896400000,1755914400000,1.0092,0.9874285714285714,1.2,1.13325,0.06675,tp,2.8693
XLMUSDT,short,1755896400000,1755914400000,0.42499,0.416896,1.2,1.12439,0.07561,tp,2.6504
ONDOUSDT,long,1756083600000,1756087200000,0.9579,0.9813257142857142,1.2,1.14112,0.05888,tp,-2.385
BCHUSDT,long,1756083600000,1756087200000,578.8,586.66,1.2,1.09396,0.10604,tp,-3.5434
XLMUSDT,long,1756083600000,1756101600000,0.40332,0.3969978571428572,-1.0,-1.07655,0.07655,sl,-2.0837
BCHUSDT,long,1756098000000,1756098000000,581.4,574.4785714285714,-1.0,-1.1008,0.1008,sl,-2.1356
ONDOUSDT,long,1756112400000,1756148400000,0.9314,0.9109142857142857,-1.0,-1.05456,0.05456,sl,-2.9171
BCHUSDT,long,1756112400000,1756134000000,565.5,557.8571428571429,-1.0,-1.08879,0.08879,sl,-3.5169
XLMUSDT,long,1756112400000,1756148400000,0.3921,0.38548857142857146,-1.0,-1.07117,0.07117,sl,-3.341
BCHUSDT,long,1756141200000,1756148400000,560.9,555.65,-1.0,-1.12821,0.12821,sl,-2.0455
ONDOUSDT,long,1756155600000,1756166400000,0.8785,0.8951971428571428,1.2,1.12424,0.07576,tp,-2.8917
BCHUSDT,long,1756155600000,1756170000000,539.4,546.0771428571428,1.2,1.08367,0.11633,tp,-3.0839
XLMUSDT,long,1756155600000,1756166400000,0.37873,0.3847077142857143,1.2,1.10877,0.09123,tp,-2.9451
XLMUSDT,long,1756443600000,1756450800000,0.37296,0.36909000000000003,-1.0,-1.11565,0.11565,sl,-2.5407
ONDOUSDT,long,1756458000000,1756461600000,0.9017,0.9149514285714285,1.2,1.10201,0.09799,tp,-5.0585
BCHUSDT,long,1756458000000,1756468800000,533.2,539.5171428571429,1.2,1.07846,0.12154,tp,-5.4683
XLMUSDT,long,1756458000000,1756461600000,0.36208,0.36652,1.2,1.08257,0.11743,tp,-4.0966
XLMUSDT,long,1756472400000,1756472400000,0.36287,0.358875,-1.0,-1.109,0.109,sl,-2.4873
ONDOUSDT,long,1756486800000,1756490400000,0.9043,0.8911571428571429,-1.0,-1.08257,0.08257,sl,-2.1494
XLMUSDT,long,1756486800000,1756501200000,0.36011,0.3556935714285714,-1.0,-1.09785,0.09785,sl,-2.0722
ONDOUSDT,long,1756501200000,1756522800000,0.8947,0.9112514285714286,1.2,1.12216,0.07784,tp,-2.1896
BCHUSDT,long,1756501200000,1756548000000,529.5,537.0428571428571,1.2,1.09891,0.10109,tp,-2.0618
ONDOUSDT,long,1756688400000,1756692000000,0.8889,0.8814142857142857,-1.0,-1.1425,0.1425,sl,-3.7068
XLMUSDT,long,1756688400000,1756692000000,0.35112,0.34827571428571424,-1.0,-1.14814,0.14814,sl,-2.7686
ONDOUSDT,long,1756702800000,1756710000000,0.8732,0.8836485714285714,1.2,1.07966,0.12034,tp,-3.5857
XLMUSDT,long,1756702800000,1756710000000,0.34628,0.3502082857142857,1.2,1.07306,0.12694,tp,-3.1522
BCHUSDT,short,1756789200000,1756803600000,566.4,572.8214285714286,-1.0,-1.10585,0.10585,sl,3.3089
BCHUSDT,short,1756832400000,1756861200000,579.4,586.4571428571428,-1.0,-1.09852,0.09852,sl,2.2157
ONDOUSDT,short,1756846800000,1756857600000,0.9439,0.9585428571428571,-1.0,-1.07735,0.07735,sl,2.5888
XLMUSDT,long,1757005200000,1757008800000,0.35439,0.35146571428571427,-1.0,-1.14543,0.14543,sl,-2.7026
XLMUSDT,long,1757019600000,1757023200000,0.35238,0.3559637142857143,1.2,1.05841,0.14159,tp,-2.3401
XLMUSDT,long,1757034000000,1757034000000,0.35127,0.355194,1.2,1.07109,0.12891,tp,-2.1569
BCHUSDT,short,1757077200000,1757077200000,606.4,612.0,-1.0,-1.12994,0.12994,sl,2.5543
BCHUSDT,short,1757091600000,1757120400000,612.9,604.5514285714286,1.2,1.09428,0.10572,tp,2.915
XLMUSDT,short,1757307600000,1757318400000,0.36313,0.36567857142857146,-1.0,-1.17098,0.17098,sl,2.3541
ONDOUSDT,short,1757322000000,1757322000000,0.9192,0.9250571428571429,-1.0,-1.18832,0.18832,sl,3.1026
ONDOUSDT,short,1757336400000,1757340000000,0.9322,0.9397142857142857,-1.0,-1.14887,0.14887,sl,3.4748
XLMUSDT,short,1757336400000,1757336400000,0.37333,0.3764207142857143,-1.0,-1.14495,0.14495,sl,3.7237
ONDOUSDT,short,1757350800000,1757361600000,0.9346,0.9244771428571429,1.2,1.06705,0.13295,tp,2.2833
XLMUSDT,short,1757350800000,1757383200000,0.37686,0.37210628571428567,1.2,1.08584,0.11416,tp,2.4885
BCHUSDT,long,1757365200000,1757394000000,586.2,581.6642857142858,-1.0,-1.15509,0.15509,sl,-2.0783
ONDOUSDT,short,1757408400000,1757419200000,0.9769,0.9649257142857143,1.2,1.08252,0.11748,tp,3.468
XLMUSDT,short,1757408400000,1757412000000,0.38596,0.38138114285714286,1.2,1.07862,0.12138,tp,2.2174
ONDOUSDT,short,1757480400000,1757563200000,1.0195,1.0098,0.49078,0.42888,0.0619,time,2.4566
XLMUSDT,short,1757523600000,1757530800000,0.38464,0.3812311428571428,1.2,1.03752,0.16248,tp,2.0223
XLMUSDT,short,1757552400000,1757577600000,0.38777,0.39084642857142854,-1.0,-1.15125,0.15125,sl,2.2553
BCHUSDT,short,1757566800000,1757566800000,594.6,589.0971428571429,1.2,1.0444,0.1556,tp,4.6442
BCHUSDT,short,1757581200000,1757599200000,598.0,591.2371428571429,1.2,1.07267,0.12733,tp,3.3784
ONDOUSDT,short,1757624400000,1757631600000,1.0593,1.075942857142857,-1.0,-1.07638,0.07638,sl,2.119
ONDOUSDT,short,1757638800000,1757642400000,1.0967,1.1177714285714286,-1.0,-1.06246,0.06246,sl,4.0813
XLMUSDT,short,1757638800000,1757646000000,0.3978,0.392574,1.2,1.09039,0.10961,tp,2.1326
ONDOUSDT,short,1757653200000,1757671200000,1.1056,1.0803914285714284,1.2,1.13684,0.06316,tp,2.6279
XLMUSDT,short,1757710800000,1757718000000,0.40138,0.40452857142857146,-1.0,-1.15298,0.15298,sl,2.2707
XLMUSDT,short,1757725200000,1757750400000,0.40443,0.40786357142857144,-1.0,-1.14134,0.14134,sl,2.5364
XLMUSDT,short,1757768400000,1757768400000,0.41185,0.40775285714285714,1.2,1.05525,0.14475,tp,2.0914
ONDOUSDT,long,1757826000000,1757847600000,1.0651,1.0536857142857141,-1.0,-1.11198,0.11198,sl,-2.3011
ONDOUSDT,long,1757854800000,1757858400000,1.0509,1.0392714285714284,-1.0,-1.10845,0.10845,sl,-2.41
XLMUSDT,long,1757869200000,1757887200000,0.38831,0.3929762857142857,1.2,1.08017,0.11983,tp,-2.1057
ONDOUSDT,long,1757926800000,1758009600000,1.0199,1.0375142857142858,1.2,1.11662,0.08338,tp,-2.4256
XLMUSDT,long,1757926800000,1757937600000,0.37532,0.3806162857142857,1.2,1.09795,0.10205,tp,-2.7203
BCHUSDT,long,1757955600000,1757984400000,588.4,594.1771428571428,1.2,1.05334,0.14666,tp,-2.0451
BCHUSDT,short,1758099600000,1758099600000,602.2,599.0371428571428,1.2,0.92583,0.27417,tp,2.1946
ONDOUSDT,short,1758157200000,1758204000000,1.0543,1.073257142857143,-1.0,-1.06674,0.06674,sl,2.1919
BCHUSDT,short,1758157200000,1758164400000,616.9,623.1857142857143,-1.0,-1.11777,0.11777,sl,3.1682
XLMUSDT,short,1758157200000,1758164400000,0.39483,0.39995857142857144,-1.0,-1.09238,0.09238,sl,2.3361
BCHUSDT,short,1758171600000,1758200400000,638.5,647.4142857142857,-1.0,-1.08595,0.08595,sl,3.7941
XLMUSDT,short,1758171600000,1758175200000,0.39927,0.3929597142857143,1.2,1.10889,0.09111,tp,2.6218
XLMUSDT,short,1758186000000,1758218400000,0.39984,0.4045485714285714,-1.0,-1.1019,0.1019,sl,2.3837
XLMUSDT,long,1758459600000,1758470400000,0.38282,0.38036,-1.0,-1.18674,0.18674,sl,-2.8601
ONDOUSDT,long,1758474000000,1758477600000,0.9948,1.0034057142857142,1.2,1.03354,0.16646,tp,-3.2831
ONDOUSDT,long,1758488400000,1758499200000,0.9932,0.9850714285714285,-1.0,-1.14662,0.14662,sl,-2.7616
XLMUSDT,long,1758488400000,1758499200000,0.38132,0.3785692857142857,-1.0,-1.16635,0.16635,sl,-2.0942
BCHUSDT,long,1758502800000,1758502800000,585.1,588.5714285714286,1.2,0.95729,0.24271,tp,-4.3561
ONDOUSDT,long,1758517200000,1758517200000,0.9567,0.94535,-1.0,-1.10115,0.10115,sl,-2.9078
BCHUSDT,long,1758517200000,1758517200000,586.3,582.8571428571428,-1.0,-1.20435,0.20435,sl,-2.5922
XLMUSDT,long,1758517200000,1758517200000,0.36813,0.36475285714285716,-1.0,-1.13081,0.13081,sl,-3.0203
ONDOUSDT,long,1758531600000,1758549600000,0.9253,0.9442171428571429,1.2,1.12956,0.07044,tp,-2.8924
BCHUSDT,long,1758531600000,1758567600000,568.7,562.5285714285715,-1.0,-1.11058,0.11058,sl,-3.8984
XLMUSDT,long,1758531600000,1758549600000,0.3576,0.36359142857142857,1.2,1.11405,0.08595,tp,-2.9617
XLMUSDT,short,1758733200000,1758736800000,0.3764,0.37986285714285717,-1.0,-1.13044,0.13044,sl,2.8749
XLMUSDT,short,1758747600000,1758747600000,0.37983,0.3760705714285714,1.2,1.05451,0.14549,tp,2.7777
ONDOUSDT,long,1758776400000,1758776400000,0.897,0.9079628571428572,1.2,1.08218,0.11782,tp,-3.7524
BCHUSDT,long,1758776400000,1758798000000,547.8,544.3285714285714,-1.0,-1.18936,0.18936,sl,-3.5234
ONDOUSDT,long,1758790800000,1758801600000,0.8979,0.8873714285714286,-1.0,-1.10234,0.10234,sl,-2.4115
ONDOUSDT,long,1758819600000,1758819600000,0.8818,0.8689571428571429,-1.0,-1.08239,0.08239,sl,-2.4663
ONDOUSDT,long,1758834000000,1758848400000,0.8734,0.8901657142857142,1.2,1.12498,0.07502,tp,-2.2109
BCHUSDT,long,1758834000000,1758841200000,539.2,532.9928571428571,-1.0,-1.10424,0.10424,sl,-2.5815
XLMUSDT,long,1758834000000,1758884400000,0.35098,0.34569,-1.0,-1.07962,0.07962,sl,-2.1099
BCHUSDT,long,1759035600000,1759042800000,537.7,540.5028571428572,1.2,0.92375,0.27625,tp,-2.0255
ONDOUSDT,long,1759064400000,1759064400000,0.8673,0.8739,1.2,1.01077,0.18923,tp,-2.399
XLMUSDT,long,1759064400000,1759064400000,0.35257,0.35524085714285714,1.2,1.00991,0.19009,tp,-2.1337
BCHUSDT,short,1759093200000,1759096800000,553.5,556.45,-1.0,-1.22515,0.22515,sl,3.0798
XLMUSDT,short,1759093200000,1759096800000,0.36397,0.36629357142857144,-1.0,-1.18797,0.18797,sl,2.1166
BCHUSDT,short,1759107600000,1759118400000,554.8,558.15,-1.0,-1.19873,0.19873,sl,2.4303
XLMUSDT,short,1759107600000,1759129200000,0.36716,0.3696592857142857,-1.0,-1.17629,0.17629,sl,2.5685
XLMUSDT,short,1759136400000,1759140000000,0.36953,0.3663842857142857,1.2,1.03084,0.16916,tp,2.1924
ONDOUSDT,short,1759179600000,1759186800000,0.9053,0.8925971428571429,1.2,1.09737,0.10263,tp,2.2939
XLMUSDT,short,1759179600000,1759190400000,0.3747,0.3697911428571428,1.2,1.09008,0.10992,tp,2.0679
ONDOUSDT,long,1759251600000,1759258800000,0.8653,0.8757228571428571,1.2,1.08045,0.11955,tp,-2.5434
XLMUSDT,long,1759251600000,1759255200000,0.35824,0.36144314285714285,1.2,1.03895,0.16105,tp,-2.5102
ONDOUSDT,short,1759309200000,1759334400000,0.9215,0.9335857142857142,-1.0,-1.0915,0.0915,sl,4.4997
BCHUSDT,short,1759309200000,1759309200000,581.4,585.9928571428571,-1.0,-1.15191,0.15191,sl,6.1757
XLMUSDT,short,1759309200000,1759309200000,0.37895,0.38285857142857144,-1.0,-1.11634,0.11634,sl,3.0455
BCHUSDT,short,1759323600000,1759359600000,585.5,591.9357142857143,-1.0,-1.10917,0.10917,sl,2.7834
XLMUSDT,short,1759323600000,1759327200000,0.38536,0.3894885714285714,-1.0,-1.11201,0.11201,sl,2.8301
XLMUSDT,short,1759338000000,1759341600000,0.38843,0.3929464285714286,-1.0,-1.1032,0.1032,sl,2.3596
XLMUSDT,short,1759352400000,1759363200000,0.39355,0.3986342857142857,-1.0,-1.09289,0.09289,sl,2.2218
BCHUSDT,short,1759482000000,1759485600000,601.8,597.2142857142857,1.2,1.01102,0.18898,tp,2.475
BCHUSDT,short,1759510800000,1759510800000,607.9,602.0885714285714,1.2,1.04937,0.15063,tp,2.5865
ONDOUSDT,long,1759554000000,1759572000000,0.9306,0.92005,-1.0,-1.10585,0.10585,sl,-2.1377
ONDOUSDT,long,1759582800000,1759582800000,0.9178,0.9262428571428571,1.2,1.04346,0.15654,tp,-2.3319
XLMUSDT,long,1759582800000,1759586400000,0.39437,0.39162214285714286,-1.0,-1.17222,0.17222,sl,-2.4785
ONDOUSDT,long,1759597200000,1759611600000,0.9113,0.9202571428571429,1.2,1.05349,0.14651,tp,-2.2259
XLMUSDT,long,1759597200000,1759611600000,0.38968,0.3931685714285715,1.2,1.03915,0.16085,tp,-2.7168
ONDOUSDT,short,1759770000000,1759816800000,0.9638,0.9507371428571428,1.2,1.09375,0.10625,tp,2.5146
BCHUSDT,long,1759856400000,1759932000000,576.5,581.9685714285714,1.2,1.04819,0.15181,tp,-4.1154
XLMUSDT,long,1759856400000,1759878000000,0.38752,0.3830735714285714,-1.0,-1.10458,0.10458,sl,-2.6636
ONDOUSDT,long,1760000400000,1760007600000,0.8825,0.8936171428571428,1.2,1.08569,0.11431,tp,-2.4345
BCHUSDT,long,1760000400000,1760000400000,570.1,574.3514285714286,1.2,1.0069,0.1931,tp,-2.0698
XLMUSDT,long,1760000400000,1760007600000,0.37284,0.3766542857142857,1.2,1.05924,0.14076,tp,-2.2497
ONDOUSDT,long,1760029200000,1760029200000,0.8682,0.8802085714285715,1.2,1.09589,0.10411,tp,-3.186
BCHUSDT,long,1760029200000,1760036400000,568.9,575.0028571428571,1.2,1.06577,0.13423,tp,-2.8424
XLMUSDT,long,1760029200000,1760029200000,0.37161,0.3762942857142857,1.2,1.08576,0.11424,tp,-2.6804
BCHUSDT,short,1760072400000,1760104800000,590.0,596.5428571428572,-1.0,-1.10821,0.10821,sl,2.3406
ONDOUSDT,long,1760115600000,1760122800000,0.8452,0.8320214285714285,-1.0,-1.07696,0.07696,sl,-2.7069
XLMUSDT,long,1760115600000,1760122800000,0.36786,0.36316000000000004,-1.0,-1.09392,0.09392,sl,-2.6054
ONDOUSDT,long,1760130000000,1760130000000,0.7666,0.7475642857142857,-1.0,-1.04833,0.04833,sl,-5.5423
BCHUSDT,long,1760130000000,1760130000000,534.8,524.65,-1.0,-1.06323,0.06323,sl,-5.6538
XLMUSDT,long,1760130000000,1760130000000,0.34007,0.33345642857142854,-1.0,-1.0617,0.0617,sl,-6.172
ONDOUSDT,long,1760144400000,1760227200000,0.7235,0.7094,-0.1807,-0.19183,0.01113,time,-2.3787
BCHUSDT,long,1760144400000,1760212800000,515.4,491.93571428571425,-1.0,-1.02636,0.02636,sl,-3.5234
XLMUSDT,long,1760144400000,1760227200000,0.3224,0.31813,-0.16759,-0.18278,0.01518,time,-2.6684
ONDOUSDT,short,1760302800000,1760313600000,0.8246,0.8039428571428572,1.2,1.14252,0.05748,tp,2.3335
XLMUSDT,short,1760302800000,1760313600000,0.34592,0.33886057142857146,1.2,1.12944,0.07056,tp,2.1757
ONDOUSDT,long,1760446800000,1760450400000,0.7479,0.7681885714285714,1.2,1.14692,0.05308,tp,-2.3414
BCHUSDT,long,1760446800000,1760454000000,516.0,525.7628571428571,1.2,1.12389,0.07611,tp,-2.2404
XLMUSDT,long,1760446800000,1760450400000,0.32317,0.3301377142857143,1.2,1.13321,0.06679,tp,-2.2339
ONDOUSDT,long,1760648400000,1760680800000,0.7183,0.7018714285714286,-1.0,-1.05247,0.05247,sl,-2.7121
BCHUSDT,long,1760648400000,1760680800000,504.0,497.05,-1.0,-1.08702,0.08702,sl,-2.6816
XLMUSDT,long,1760648400000,1760662800000,0.30811,0.315814,1.2,1.14241,0.05759,tp,-2.8933
ONDOUSDT,long,1760691600000,1760691600000,0.6765,0.6924771428571428,1.2,1.13903,0.06097,tp,-2.9109
BCHUSDT,long,1760691600000,1760691600000,454.6,464.9114285714286,1.2,1.13651,0.06349,tp,-5.2734
XLMUSDT,long,1760691600000,1760691600000,0.29124,0.29735828571428574,1.2,1.13145,0.06855,tp,-3.3375
BCHUSDT,long,1760706000000,1760716800000,458.7,470.6657142857143,1.2,1.1448,0.0552,tp,-2.8296
ONDOUSDT,short,1760878800000,1760878800000,0.7258,0.7345428571428572,-1.0,-1.09962,0.09962,sl,2.0889
ONDOUSDT,short,1760893200000,1760918400000,0.7388,0.7265257142857143,1.2,1.11333,0.08667,tp,2.6033
XLMUSDT,short,1760893200000,1760918400000,0.32053,0.31580371428571424,1.2,1.10234,0.09766,tp,2.0372
ONDOUSDT,short,1760936400000,1760936400000,0.7505,0.7599857142857142,-1.0,-1.09494,0.09494,sl,2.2312
XLMUSDT,short,1760936400000,1760940000000,0.32485,0.3277792857142857,-1.0,-1.13308,0.13308,sl,2.7602
ONDOUSDT,short,1760950800000,1760976000000,0.7627,0.7499885714285714,1.2,1.1136,0.0864,tp,2.1895
XLMUSDT,short,1760950800000,1760965200000,0.32766,0.3241414285714286,1.2,1.0659,0.1341,tp,2.4892
BCHUSDT,short,1761066000000,1761076800000,500.1,490.90285714285716,1.2,1.1217,0.0783,tp,2.869
XLMUSDT,long,1761094800000,1761166800000,0.31147,0.30622785714285716,-1.0,-1.0713,0.0713,sl,-2.137
ONDOUSDT,short,1761310800000,1761310800000,0.7423,0.733,1.2,1.08506,0.11494,tp,2.1587
BCHUSDT,short,1761310800000,1761310800000,505.3,499.6257142857143,1.2,1.07177,0.12823,tp,3.4744
XLMUSDT,short,1761310800000,1761310800000,0.31859,0.3212685714285714,-1.0,-1.14273,0.14273,sl,2.2894
BCHUSDT,short,1761325200000,1761372000000,503.3,509.25,-1.0,-1.10151,0.10151,sl,2.4134
XLMUSDT,short,1761411600000,1761444000000,0.32627,0.3232065714285714,1.2,1.04663,0.15337,tp,2.1196
BCHUSDT,short,1761469200000,1761469200000,517.2,521.4928571428571,-1.0,-1.14458,0.14458,sl,2.2878
ONDOUSDT,short,1761483600000,1761483600000,0.7525,0.7582,-1.0,-1.15842,0.15842,sl,2.7271
BCHUSDT,short,1761483600000,1761487200000,561.6,552.7971428571428,1.2,1.10813,0.09187,tp,7.4474
XLMUSDT,short,1761483600000,1761501600000,0.33126,0.32837314285714286,1.2,1.03476,0.16524,tp,2.09
BCHUSDT,short,1761498000000,1761516000000,550.7,558.6642857142858,-1.0,-1.08298,0.08298,sl,2.6339
ONDOUSDT,short,1761526800000,1761530400000,0.7693,0.7765571428571428,-1.0,-1.12721,0.12721,sl,2.5753
ONDOUSDT,long,1761685200000,1761714000000,0.7238,0.7364857142857143,1.2,1.11784,0.08216,tp,-2.947
XLMUSDT,long,1761685200000,1761728400000,0.31624,0.3219262857142857,1.2,1.11992,0.08008,tp,-3.0403
ONDOUSDT,long,1761800400000,1761807600000,0.7125,0.7328142857142858,1.2,1.14949,0.05051,tp,-2.7515
XLMUSDT,long,1761800400000,1761804000000,0.30983,0.31571514285714286,1.2,1.12419,0.07581,tp,-2.2373
BCHUSDT,short,1761814800000,1761822000000,569.5,562.3342857142858,1.2,1.08556,0.11444,tp,2.3211
ONDOUSDT,long,1761829200000,1761829200000,0.7032,0.6914,-1.0,-1.07151,0.07151,sl,-3.0034
BCHUSDT,long,1761829200000,1761829200000,545.2,537.007142857143,-1.0,-1.07985,0.07985,sl,-3.5824
XLMUSDT,long,1761829200000,1761829200000,0.30479,0.3007885714285714,-1.0,-1.0914,0.0914,sl,-2.9626
ONDOUSDT,long,1761843600000,1761843600000,0.6851,0.6728000000000001,-1.0,-1.06684,0.06684,sl,-2.9885
BCHUSDT,long,1761843600000,1761861600000,534.9,546.4628571428572,1.2,1.13339,0.06661,tp,-3.1501
XLMUSDT,long,1761843600000,1761843600000,0.29866,0.2941892857142857,-1.0,-1.08016,0.08016,sl,-2.8034
ONDOUSDT,long,1761858000000,1761868800000,0.6769,0.6907085714285713,1.2,1.12941,0.07059,tp,-2.2646
XLMUSDT,long,1761858000000,1761865200000,0.29347,0.29835485714285714,1.2,1.11349,0.08651,tp,-2.4606
ONDOUSDT,short,1762030800000,1762030800000,0.7085,0.7005285714285715,1.2,1.07201,0.12799,tp,2.6571
BCHUSDT,long,1762088400000,1762092000000,534.3,528.8,-1.0,-1.11657,0.11657,sl,-2.3095
XLMUSDT,long,1762117200000,1762124400000,0.30088,0.3041251428571428,1.2,1.06649,0.13351,tp,-2.5217
ONDOUSDT,long,1762146000000,1762149600000,0.656,0.6466000000000001,-1.0,-1.08374,0.08374,sl,-3.7415
XLMUSDT,long,1762146000000,1762149600000,0.29323,0.2901485714285714,-1.0,-1.11419,0.11419,sl,-3.7854
ONDOUSDT,long,1762160400000,1762164000000,0.6464,0.6361928571428571,-1.0,-1.07599,0.07599,sl,-2.7622
XLMUSDT,long,1762160400000,1762178400000,0.2909,0.294878,1.2,1.0947,0.1053,tp,-2.6552
ONDOUSDT,long,1762174800000,1762182000000,0.6424,0.6306214285714286,-1.0,-1.06545,0.06545,sl,-2.1132
ONDOUSDT,long,1762189200000,1762200000000,0.6201,0.6048,-1.0,-1.04864,0.04864,sl,-2.4116
XLMUSDT,long,1762189200000,1762200000000,0.28126,0.27582,-1.0,-1.06204,0.06204,sl,-2.8059
BCHUSDT,long,1762203600000,1762232400000,506.0,497.0571428571429,-1.0,-1.0679,0.0679,sl,-2.1985
BCHUSDT,long,1762290000000,1762290000000,475.3,465.2714285714286,-1.0,-1.05687,0.05687,sl,-2.3312
XLMUSDT,long,1762290000000,1762290000000,0.26244,0.2558742857142857,-1.0,-1.04797,0.04797,sl,-2.017
BCHUSDT,long,1762304400000,1762304400000,473.6,462.2142857142857,-1.0,-1.04992,0.04992,sl,-2.0056
ONDOUSDT,long,1762448400000,1762452000000,0.577,0.5876628571428572,1.2,1.12208,0.07792,tp,-2.0816
BCHUSDT,long,1762448400000,1762473600000,467.8,474.16,1.2,1.09408,0.10592,tp,-2.6462
ONDOUSDT,short,1762534800000,1762534800000,0.656,0.6696214285714286,-1.0,-1.05779,0.05779,sl,4.3903
BCHUSDT,short,1762534800000,1762538400000,502.3,511.20714285714286,-1.0,-1.06767,0.06767,sl,3.1544
XLMUSDT,short,1762534800000,1762538400000,0.2835,0.28834571428571426,-1.0,-1.07021,0.07021,sl,2.2214
ONDOUSDT,short,1762549200000,1762556400000,0.6836,0.6643485714285714,1.2,1.14887,0.05113,tp,3.3998
BCHUSDT,short,1762549200000,1762578000000,513.5,501.87714285714287,1.2,1.13638,0.06362,tp,2.9829
XLMUSDT,short,1762549200000,1762581600000,0.29203,0.285544,1.2,1.13516,0.06484,tp,3.1496
ONDOUSDT,short,1762736400000,1762765200000,0.6847,0.69555,-1.0,-1.07573,0.07573,sl,2.3678
XLMUSDT,short,1762750800000,1762758000000,0.29439,0.29839,-1.0,-1.08832,0.08832,sl,2.4152
XLMUSDT,short,1762765200000,1762765200000,0.30062,0.30435285714285715,-1.0,-1.09664,0.09664,sl,2.9152
BCHUSDT,short,1762779600000,1762783200000,519.7,513.0828571428572,1.2,1.0869,0.1131,tp,2.7772
XLMUSDT,short,1762779600000,1762779600000,0.3052,0.3103064285714286,-1.0,-1.07172,0.07172,sl,2.3249
BCHUSDT,short,1762837200000,1762844400000,524.6,515.7542857142857,1.2,1.1146,0.0854,tp,2.0078
ONDOUSDT,long,1762894800000,1762934400000,0.6521,0.6630628571428572,1.2,1.11434,0.08566,tp,-2.7584
XLMUSDT,long,1762909200000,1762916400000,0.27982,0.28399857142857143,1.2,1.10357,0.09643,tp,-2.1253
BCHUSDT,short,1762952400000,1762952400000,526.0,531.8571428571429,-1.0,-1.10777,0.10777,sl,2.0443
ONDOUSDT,long,1762966800000,1762995600000,0.6356,0.6469742857142857,1.2,1.11953,0.08047,tp,-2.3732
ONDOUSDT,long,1763053200000,1763053200000,0.6271,0.6161785714285715,-1.0,-1.0689,0.0689,sl,-2.4455
ONDOUSDT,long,1763067600000,1763071200000,0.5971,0.6106514285714285,1.2,1.13655,0.06345,tp,-3.3252
XLMUSDT,long,1763067600000,1763121600000,0.26478,0.25856142857142855,-1.0,-1.05109,0.05109,sl,-2.7631
ONDOUSDT,long,1763096400000,1763121600000,0.5938,0.5813714285714285,-1.0,-1.05733,0.05733,sl,-2.1332
BCHUSDT,long,1763125200000,1763128800000,483.7,494.09714285714284,1.2,1.13301,0.06699,tp,-2.3695
XLMUSDT,long,1763298000000,1763305200000,0.25677,0.2540142857142857,-1.0,-1.11181,0.11181,sl,-2.016
ONDOUSDT,long,1763312400000,1763316000000,0.5537,0.5629314285714285,1.2,1.11363,0.08637,tp,-4.5521
BCHUSDT,long,1763312400000,1763312400000,479.0,474.07142857142856,-1.0,-1.11663,0.11663,sl,-2.3142
XLMUSDT,long,1763312400000,1763316000000,0.25052,0.2540368571428572,1.2,1.09742,0.10258,tp,-3.4091
ONDOUSDT,long,1763326800000,1763337600000,0.553,0.5641428571428572,1.2,1.12854,0.07146,tp,-2.7988
ONDOUSDT,long,1763413200000,1763452800000,0.525,0.5392028571428571,1.2,1.14677,0.05323,tp,-2.4867
XLMUSDT,long,1763413200000,1763424000000,0.24671,0.24236357142857146,-1.0,-1.06811,0.06811,sl,-2.3998
BCHUSDT,short,1763485200000,1763496000000,524.0,534.05,-1.0,-1.06257,0.06257,sl,4.068
ONDOUSDT,long,1763571600000,1763571600000,0.5135,0.5052714285714285,-1.0,-1.07489,0.07489,sl,-2.7401
XLMUSDT,long,1763571600000,1763571600000,0.23984,0.23673785714285714,-1.0,-1.09278,0.09278,sl,-2.555
ONDOUSDT,long,1763658000000,1763658000000,0.5074,0.4989142857142857,-1.0,-1.07175,0.07175,sl,-2.4201
ONDOUSDT,long,1763672400000,1763676000000,0.5016,0.5137028571428572,1.2,1.14032,0.05968,tp,-2.1762
ONDOUSDT,long,1763715600000,1763719200000,0.468,0.45597857142857146,-1.0,-1.04672,0.04672,sl,-2.7707
BCHUSDT,long,1763715600000,1763722800000,464.6,456.20000000000005,-1.0,-1.06637,0.06637,sl,-2.3759
XLMUSDT,long,1763715600000,1763715600000,0.22834,0.2237292857142857,-1.0,-1.05943,0.05943,sl,-2.3495
ONDOUSDT,long,1763730000000,1763744400000,0.4633,0.4789342857142857,1.2,1.15733,0.04267,tp,-2.0604
BCHUSDT,short,1763773200000,1763809200000,532.1,548.8928571428571,-1.0,-1.03802,0.03802,sl,2.3004
XLMUSDT,short,1763874000000,1763881200000,0.23927,0.23596742857142858,1.2,1.09567,0.10433,tp,2.997
XLMUSDT,short,1763902800000,1763906400000,0.24032,0.2430614285714286,-1.0,-1.10519,0.10519,sl,2.527
XLMUSDT,short,1763917200000,1763920800000,0.24326,0.24610357142857145,-1.0,-1.10266,0.10266,sl,2.4393
ONDOUSDT,short,1763931600000,1763938800000,0.4819,0.47565142857142856,1.2,1.08894,0.11106,tp,2.4497
XLMUSDT,short,1763931600000,1763931600000,0.24914,0.2521164285714286,-1.0,-1.10045,0.10045,sl,2.6844
ONDOUSDT,short,1764018000000,1764028800000,0.5054,0.4968028571428571,1.2,1.11535,0.08465,tp,3.4235
BCHUSDT,long,1764061200000,1764079200000,519.0,525.9771428571429,1.2,1.09288,0.10712,tp,-4.4564
ONDOUSDT,short,1764190800000,1764205200000,0.515,0.5210857142857143,-1.0,-1.10155,0.10155,sl,2.6763
XLMUSDT,short,1764190800000,1764212400000,0.2603,0.25600999999999996,1.2,1.11263,0.08737,tp,2.334
ONDOUSDT,short,1764262800000,1764262800000,0.5382,0.5316428571428571,1.2,1.08181,0.11819,tp,3.0283
XLMUSDT,short,1764320400000,1764324000000,0.26171,0.25877942857142855,1.2,1.0714,0.1286,tp,2.1018
BCHUSDT,short,1764363600000,1764367200000,549.8,543.1657142857142,1.2,1.08066,0.11934,tp,2.1928
BCHUSDT,long,1764450000000,1764453600000,519.0,522.9857142857143,1.2,1.01249,0.18751,tp,-2.1828
BCHUSDT,short,1764522000000,1764536400000,560.2,550.9942857142858,1.2,1.11237,0.08763,tp,2.5274
XLMUSDT,long,1764536400000,1764543600000,0.25019,0.24828285714285717,-1.0,-1.15742,0.15742,sl,-2.1617
ONDOUSDT,long,1764550800000,1764561600000,0.4701,0.46262857142857144,-1.0,-1.0755,0.0755,sl,-12.679
XLMUSDT,long,1764550800000,1764550800000,0.23528,0.23887657142857144,1.2,1.1058,0.0942,tp,-10.4197
XLMUSDT,long,1764565200000,1764590400000,0.23119,0.22777857142857144,-1.0,-1.08132,0.08132,sl,-3.9374
ONDOUSDT,long,1764579600000,1764590400000,0.4658,0.4581357142857143,-1.0,-1.07293,0.07293,sl,-2.2483
ONDOUSDT,long,1764608400000,1764619200000,0.4492,0.4566142857142857,1.2,1.11276,0.08724,tp,-2.0415
BCHUSDT,short,1764709200000,1764716400000,552.2,545.1457142857143,1.2,1.08728,0.11272,tp,2.2534
XLMUSDT,short,1764709200000,1764720000000,0.2567,0.25264914285714285,1.2,1.10875,0.09125,tp,2.611
BCHUSDT,short,1764738000000,1764741600000,593.7,583.2428571428572,1.2,1.11824,0.08176,tp,4.7241
BCHUSDT,short,1764752400000,1764763200000,580.4,590.0642857142857,-1.0,-1.07207,0.07207,sl,2.1865
ONDOUSDT,long,1764867600000,1764867600000,0.4958,0.4906142857142857,-1.0,-1.11473,0.11473,sl,-2.3828
ONDOUSDT,long,1764882000000,1764903600000,0.4931,0.4873071428571428,-1.0,-1.10215,0.10215,sl,-2.1394
ONDOUSDT,long,1764910800000,1764925200000,0.4858,0.48009999999999997,-1.0,-1.10227,0.10227,sl,-2.1548
ONDOUSDT,long,1764939600000,1764939600000,0.478,0.47363571428571427,-1.0,-1.13143,0.13143,sl,-2.1407
ONDOUSDT,long,1764954000000,1764961200000,0.4624,0.4561642857142857,-1.0,-1.08898,0.08898,sl,-2.9212
XLMUSDT,long,1764954000000,1764954000000,0.24354,0.24116428571428572,-1.0,-1.12301,0.12301,sl,-3.1375
ONDOUSDT,long,1764968400000,1764993600000,0.4596,0.46803428571428574,1.2,1.12153,0.07847,tp,-2.2236
XLMUSDT,long,1764968400000,1765051200000,0.23922,0.24002,0.28319,0.18157,0.10162,time,-3.0884
BCHUSDT,short,1765026000000,1765098000000,588.2,579.5428571428572,1.2,1.10216,0.09784,tp,2.2841
ONDOUSDT,long,1765155600000,1765155600000,0.455,0.46407714285714285,1.2,1.12782,0.07218,tp,-2.0644
ONDOUSDT,short,1765198800000,1765198800000,0.4969,0.4878228571428571,1.2,1.12117,0.07883,tp,5.8537
ONDOUSDT,short,1765299600000,1765299600000,0.5123,0.5190428571428571,-1.0,-1.09117,0.09117,sl,4.1507
XLMUSDT,short,1765299600000,1765310400000,0.25682,0.25354314285714286,1.2,1.08714,0.11286,tp,6.0424
BCHUSDT,long,1765342800000,1765360800000,561.5,570.0885714285714,1.2,1.10586,0.09414,tp,-2.2531
BCHUSDT,long,1765414800000,1765414800000,560.6,554.2785714285715,-1.0,-1.10642,0.10642,sl,-2.0193
BCHUSDT,short,1765515600000,1765522800000,579.8,585.7714285714285,-1.0,-1.11651,0.11651,sl,2.0658
ONDOUSDT,long,1765558800000,1765562400000,0.4518,0.4585542857142857,1.2,1.10368,0.09632,tp,-2.1068
XLMUSDT,long,1765558800000,1765580400000,0.23502,0.23822485714285715,1.2,1.0944,0.1056,tp,-2.4527
ONDOUSDT,long,1765731600000,1765731600000,0.4505,0.44689285714285715,-1.0,-1.14987,0.14987,sl,-2.4963
BCHUSDT,long,1765731600000,1765735200000,569.8,565.0428571428571,-1.0,-1.14373,0.14373,sl,-2.1053
XLMUSDT,long,1765731600000,1765731600000,0.23184,0.2301942857142857,-1.0,-1.16905,0.16905,sl,-2.7382
ONDOUSDT,long,1765746000000,1765749600000,0.4459,0.4417857142857143,-1.0,-1.13005,0.13005,sl,-2.8721
BCHUSDT,long,1765746000000,1765746000000,561.3,556.5857142857143,-1.0,-1.14288,0.14288,sl,-3.1186
XLMUSDT,long,1765746000000,1765753200000,0.22909,0.22706857142857143,-1.0,-1.136,0.136,sl,-2.7343
ONDOUSDT,long,1765760400000,1765760400000,0.4445,0.45051714285714284,1.2,1.09362,0.10638,tp,-2.135
ONDOUSDT,long,1765818000000,1765818000000,0.4133,0.4071357142857143,-1.0,-1.08046,0.08046,sl,-4.5497
BCHUSDT,long,1765818000000,1765818000000,532.2,525.8357142857143,-1.0,-1.10035,0.10035,sl,-4.5921
XLMUSDT,long,1765818000000,1765818000000,0.21916,0.21682428571428572,-1.0,-1.1126,0.1126,sl,-3.7314
ONDOUSDT,long,1765832400000,1765839600000,0.4055,0.41430285714285714,1.2,1.13367,0.06633,tp,-2.9678
BCHUSDT,long,1765832400000,1765839600000,527.4,535.8257142857143,1.2,1.10986,0.09014,tp,-2.7266
XLMUSDT,long,1765832400000,1765857600000,0.21833,0.21560071428571428,-1.0,-1.09599,0.09599,sl,-2.4612
ONDOUSDT,long,1765846800000,1765854000000,0.4093,0.40131428571428573,-1.0,-1.0615,0.0615,sl,-2.0219
ONDOUSDT,long,1765990800000,1765990800000,0.3968,0.38944999999999996,-1.0,-1.06478,0.06478,sl,-3.0164
XLMUSDT,long,1765990800000,1765990800000,0.21282,0.2098964285714286,-1.0,-1.08735,0.08735,sl,-3.2872
ONDOUSDT,long,1766005200000,1766034000000,0.3898,0.3817642857142857,-1.0,-1.05821,0.05821,sl,-2.7313
XLMUSDT,long,1766005200000,1766034000000,0.21181,0.20846214285714285,-1.0,-1.07592,0.07592,sl,-2.293
BCHUSDT,short,1766077200000,1766077200000,574.1,563.12,1.2,1.12471,0.07529,tp,3.3173
ONDOUSDT,long,1766091600000,1766113200000,0.366,0.3759,1.2,1.14676,0.05324,tp,-2.4792
XLMUSDT,long,1766091600000,1766091600000,0.20294,0.20701314285714287,1.2,1.12825,0.07175,tp,-2.6162
BCHUSDT,short,1766120400000,1766160000000,589.5,601.4214285714286,-1.0,-1.05934,0.05934,sl,2.9912
BCHUSDT,short,1766178000000,1766181600000,622.1,630.9428571428572,-1.0,-1.08442,0.08442,sl,2.3397
ONDOUSDT,long,1766336400000,1766358000000,0.3858,0.3907285714285714,1.2,1.08728,0.11272,tp,-2.246
XLMUSDT,short,1766408400000,1766412000000,0.22329,0.22535714285714284,-1.0,-1.12962,0.12962,sl,3.2188
ONDOUSDT,long,1766552400000,1766563200000,0.3791,0.3741142857142857,-1.0,-1.09124,0.09124,sl,-2.1756
BCHUSDT,short,1766653200000,1766671200000,587.1,592.2285714285714,-1.0,-1.13737,0.13737,sl,2.9362
BCHUSDT,short,1766682000000,1766685600000,592.3,598.0428571428571,-1.0,-1.12376,0.12376,sl,2.4195
ONDOUSDT,long,1766710800000,1766714400000,0.3682,0.3734371428571429,1.2,1.09876,0.10124,tp,-2.5833
XLMUSDT,long,1766710800000,1766714400000,0.20913,0.21138342857142858,1.2,1.06636,0.13364,tp,-2.9415
BCHUSDT,short,1766725200000,1766732400000,609.1,601.4371428571429,1.2,1.08554,0.11446,tp,2.4771
ONDOUSDT,long,1766768400000,1766775600000,0.369,0.37363714285714283,1.2,1.08541,0.11459,tp,-2.2213
BCHUSDT,short,1766840400000,1766844000000,611.8,616.4285714285713,-1.0,-1.15861,0.15861,sl,2.0521
BCHUSDT,short,1766854800000,1766876400000,618.5,623.6,-1.0,-1.14553,0.14553,sl,2.3946
XLMUSDT,short,1766869200000,1766869200000,0.21785,0.21903499999999998,-1.0,-1.22061,0.22061,sl,2.1668
ONDOUSDT,short,1766883600000,1766901600000,0.3869,0.38966428571428574,-1.0,-1.16796,0.16796,sl,2.2831
XLMUSDT,short,1766883600000,1766901600000,0.22181,0.22324,-1.0,-1.18613,0.18613,sl,3.3361
ONDOUSDT,short,1766912400000,1766923200000,0.3904,0.3873314285714286,1.2,1.0168,0.1832,tp,2.1442
XLMUSDT,short,1766912400000,1766944800000,0.22322,0.22141657142857143,1.2,1.02176,0.17824,tp,2.0193
ONDOUSDT,short,1766984400000,1766988000000,0.3976,0.3930057142857143,1.2,1.07538,0.12462,tp,2.2269
XLMUSDT,short,1766984400000,1766991600000,0.22685,0.22428542857142858,1.2,1.07262,0.12738,tp,2.0198
BCHUSDT,long,1767013200000,1767027600000,604.3,597.7642857142856,-1.0,-1.11095,0.11095,sl,-2.5801
ONDOUSDT,long,1767042000000,1767110400000,0.3768,0.3821314285714286,1.2,1.09823,0.10177,tp,-2.1126
BCHUSDT,long,1767042000000,1767063600000,596.5,603.3914285714286,1.2,1.07536,0.12464,tp,-2.0889
XLMUSDT,long,1767042000000,1767060000000,0.21578,0.21357071428571428,-1.0,-1.1172,0.1172,sl,-2.2941
ONDOUSDT,long,1767200400000,1767200400000,0.3652,0.3620285714285715,-1.0,-1.13818,0.13818,sl,-4.9364
XLMUSDT,long,1767200400000,1767204000000,0.19995,0.19840214285714286,-1.0,-1.15501,0.15501,sl,-3.5414
ONDOUSDT,long,1767214800000,1767218400000,0.363,0.3593071428571428,-1.0,-1.11796,0.11796,sl,-2.8322
XLMUSDT,long,1767214800000,1767218400000,0.19944,0.20159228571428572,1.2,1.06656,0.13344,tp,-2.4229
ONDOUSDT,long,1767229200000,1767236400000,0.3613,0.3573928571428572,-1.0,-1.11097,0.11097,sl,-2.1718
ONDOUSDT,long,1767243600000,1767243600000,0.3557,0.36002,1.2,1.08143,0.11857,tp,-2.4645
BCHUSDT,long,1767272400000,1767276000000,591.7,588.3285714285715,-1.0,-1.21061,0.21061,sl,-2.2791
BCHUSDT,long,1767286800000,1767297600000,588.1,592.2828571428571,1.2,0.99754,0.20246,tp,-3.0845
ONDOUSDT,short,1767330000000,1767344400000,0.3913,0.39559285714285713,-1.0,-1.10938,0.10938,sl,2.1671
ONDOUSDT,short,1767358800000,1767362400000,0.4027,0.40723571428571426,-1.0,-1.10654,0.10654,sl,2.0897
XLMUSDT,short,1767358800000,1767362400000,0.21185,0.20931114285714286,1.2,1.07984,0.12016,tp,2.0777
ONDOUSDT,short,1767373200000,1767387600000,0.4172,0.42346428571428574,-1.0,-1.07992,0.07992,sl,2.5205
XLMUSDT,short,1767373200000,1767391200000,0.217,0.21985428571428572,-1.0,-1.09123,0.09123,sl,3.0693
BCHUSDT,short,1767402000000,1767402000000,627.7,636.3285714285714,-1.0,-1.0873,0.0873,sl,4.8788
XLMUSDT,short,1767402000000,1767412800000,0.22304,0.22639571428571426,-1.0,-1.07976,0.07976,sl,2.9703
BCHUSDT,short,1767416400000,1767420000000,626.7,636.45,-1.0,-1.07713,0.07713,sl,2.4521
BCHUSDT,short,1767430800000,1767438000000,630.9,640.2285714285714,-1.0,-1.08116,0.08116,sl,2.1251
BCHUSDT,short,1767474000000,1767477600000,658.4,648.3114285714286,1.2,1.10602,0.09398,tp,2.4304
XLMUSDT,short,1767531600000,1767553200000,0.23433,0.23102657142857144,1.2,1.09785,0.10215,tp,2.1968
ONDOUSDT,short,1767546000000,1767549600000,0.4435,0.4377057142857143,1.2,1.08978,0.11022,tp,2.1731
BCHUSDT,short,1767603600000,1767607200000,659.5,665.6142857142858,-1.0,-1.12943,0.12943,sl,2.0252
ONDOUSDT,short,1767646800000,1767661200000,0.4556,0.46208571428571427,-1.0,-1.0843,0.0843,sl,2.9269
XLMUSDT,short,1767646800000,1767646800000,0.24538,0.24897285714285713,-1.0,-1.08196,0.08196,sl,2.8093
XLMUSDT,short,1767661200000,1767682800000,0.25357,0.24822485714285716,1.2,1.13169,0.06831,tp,3.3797
ONDOUSDT,short,1767675600000,1767682800000,0.4577,0.44980571428571425,1.2,1.11651,0.08349,tp,2.0256
ONDOUSDT,long,1767805200000,1767812400000,0.4256,0.4201857142857143,-1.0,-1.09433,0.09433,sl,-2.6429
ONDOUSDT,long,1767819600000,1767848400000,0.4215,0.4157571428571428,-1.0,-1.08807,0.08807,sl,-2.2811
BCHUSDT,short,1767891600000,1767891600000,642.2,633.3971428571429,1.2,1.09495,0.10505,tp,2.0799
BCHUSDT,short,1768078800000,1768078800000,643.6,646.6928571428572,-1.0,-1.24971,0.24971,sl,2.3354
BCHUSDT,short,1768107600000,1768107600000,646.9,651.2928571428571,-1.0,-1.17671,0.17671,sl,2.007
BCHUSDT,short,1768122000000,1768168800000,655.0,646.8657142857143,1.2,1.08405,0.11595,tp,2.6852
ONDOUSDT,long,1768165200000,1768172400000,0.3963,0.39286428571428567,-1.0,-1.13842,0.13842,sl,-2.7215
XLMUSDT,long,1768165200000,1768179600000,0.22295,0.2253662857142857,1.2,1.06713,0.13287,tp,-4.2244
ONDOUSDT,long,1768208400000,1768226400000,0.3927,0.3870285714285714,-1.0,-1.08309,0.08309,sl,-3.3442
BCHUSDT,long,1768208400000,1768226400000,624.4,615.3571428571429,-1.0,-1.08286,0.08286,sl,-2.7696
XLMUSDT,long,1768208400000,1768222800000,0.22054,0.21770214285714287,-1.0,-1.09326,0.09326,sl,-3.8562
BCHUSDT,long,1768237200000,1768237200000,619.7,612.8071428571429,-1.0,-1.10789,0.10789,sl,-2.0909
ONDOUSDT,short,1768323600000,1768341600000,0.4065,0.41132142857142856,-1.0,-1.10117,0.10117,sl,2.0346
XLMUSDT,short,1768323600000,1768334400000,0.23095,0.23322142857142855,-1.0,-1.12201,0.12201,sl,2.7967
ONDOUSDT,short,1768352400000,1768370400000,0.4179,0.4106314285714286,1.2,1.11721,0.08279,tp,2.695
XLMUSDT,short,1768352400000,1768359600000,0.23975,0.24293499999999998,-1.0,-1.09033,0.09033,sl,3.0012
XLMUSDT,short,1768366800000,1768388400000,0.24408,0.23998285714285714,1.2,1.11421,0.08579,tp,2.6304
BCHUSDT,long,1768381200000,1768395600000,601.0,594.2785714285715,-1.0,-1.1073,0.1073,sl,-2.8988
BCHUSDT,long,1768438800000,1768438800000,591.4,598.6171428571429,1.2,1.082,0.118,tp,-2.6421
ONDOUSDT,long,1768453200000,1768467600000,0.387,0.3948,1.2,1.12855,0.07145,tp,-2.017
BCHUSDT,long,1768496400000,1768496400000,591.9,582.5142857142857,-1.0,-1.07568,0.07568,sl,-2.0694
ONDOUSDT,long,1768510800000,1768521600000,0.3758,0.3822114285714286,1.2,1.1156,0.0844,tp,-2.0583
BCHUSDT,long,1768510800000,1768518000000,580.8,591.6942857142857,1.2,1.12323,0.07677,tp,-2.4474
XLMUSDT,long,1768510800000,1768518000000,0.2251,0.22850457142857142,1.2,1.10479,0.09521,tp,-2.0822
XLMUSDT,long,1768582800000,1768593600000,0.2211,0.22339457142857141,1.2,1.06124,0.13876,tp,-2.1268
XLMUSDT,short,1768669200000,1768672800000,0.23189,0.23320428571428573,-1.0,-1.21173,0.21173,sl,2.526
XLMUSDT,short,1768683600000,1768687200000,0.23363,0.23120685714285716,1.2,1.06116,0.13884,tp,2.4767
ONDOUSDT,long,1768755600000,1768762800000,0.3692,0.36588571428571426,-1.0,-1.13368,0.13368,sl,-2.7025
ONDOUSDT,long,1768770000000,1768777200000,0.3687,0.36475,-1.0,-1.11201,0.11201,sl,-2.211
ONDOUSDT,long,1768784400000,1768845600000,0.339,0.3477428571428572,1.2,1.14416,0.05584,tp,-4.8996
BCHUSDT,long,1768784400000,1768834800000,585.7,592.8228571428572,1.2,1.08159,0.11841,tp,-3.3583
XLMUSDT,long,1768784400000,1768795200000,0.21143,0.21517657142857144,1.2,1.11874,0.08126,tp,-5.3134
BCHUSDT,long,1768885200000,1768888800000,579.2,575.7,-1.0,-1.19858,0.19858,sl,-2.9292
BCHUSDT,long,1768899600000,1768899600000,578.6,574.5857142857143,-1.0,-1.17296,0.17296,sl,-2.2259
BCHUSDT,long,1768914000000,1768924800000,572.7,568.2857142857143,-1.0,-1.15569,0.15569,sl,-2.6228
XLMUSDT,long,1769014800000,1769018400000,0.20566,0.20910657142857145,1.2,1.11407,0.08593,tp,-2.368
ONDOUSDT,short,1769144400000,1769148000000,0.3527,0.3475742857142857,1.2,1.10091,0.09909,tp,2.388
ONDOUSDT,short,1769187600000,1769194800000,0.3567,0.34962000000000004,1.2,1.12745,0.07255,tp,2.1368
BCHUSDT,long,1769202000000,1769205600000,587.0,591.9628571428572,1.2,1.02968,0.17032,tp,-2.2444
ONDOUSDT,long,1769331600000,1769331600000,0.335,0.3379914285714286,1.2,1.03874,0.16126,tp,-2.0632
BCHUSDT,long,1769331600000,1769338800000,589.2,586.85,-1.0,-1.30087,0.30087,sl,-2.3729
BCHUSDT,long,1769346000000,1769349600000,586.7,584.1071428571429,-1.0,-1.27153,0.27153,sl,-2.7469
ONDOUSDT,long,1769360400000,1769364000000,0.3294,0.3262785714285715,-1.0,-1.12663,0.12663,sl,-2.7273
BCHUSDT,long,1769360400000,1769364000000,577.3,574.1357142857142,-1.0,-1.21893,0.21893,sl,-4.3766
XLMUSDT,long,1769360400000,1769364000000,0.20476,0.20325714285714286,-1.0,-1.1635,0.1635,sl,-4.234
ONDOUSDT,long,1769374800000,1769389200000,0.3205,0.32537714285714286,1.2,1.10537,0.09463,tp,-3.3425
BCHUSDT,long,1769374800000,1769382000000,567.1,572.2085714285714,1.2,1.04015,0.15985,tp,-3.8687
XLMUSDT,long,1769374800000,1769385600000,0.20229,0.20459142857142856,1.2,1.07343,0.12657,tp,-3.4749
ONDOUSDT,short,1769547600000,1769594400000,0.3388,0.34304285714285715,-1.0,-1.09582,0.09582,sl,2.0306
BCHUSDT,short,1769547600000,1769576400000,599.6,594.5942857142858,1.2,1.02751,0.17249,tp,2.3418
BCHUSDT,long,1769662800000,1769680800000,581.5,577.7142857142858,-1.0,-1.18432,0.18432,sl,-2.5888
BCHUSDT,long,1769691600000,1769695200000,574.3,570.7214285714285,-1.0,-1.19258,0.19258,sl,-2.5231
XLMUSDT,long,1769691600000,1769695200000,0.20379,0.2023535714285714,-1.0,-1.17025,0.17025,sl,-2.0051
ONDOUSDT,long,1769706000000,1769709600000,0.3181,0.31385,-1.0,-1.08982,0.08982,sl,-2.9987
BCHUSDT,long,1769706000000,1769709600000,558.7,553.1857142857143,-1.0,-1.12158,0.12158,sl,-3.1199
XLMUSDT,long,1769706000000,1769706000000,0.19932,0.20156742857142856,1.2,1.07229,0.12771,tp,-3.0134
ONDOUSDT,long,1769720400000,1769734800000,0.3135,0.3080857142857143,-1.0,-1.06948,0.06948,sl,-2.3865
BCHUSDT,long,1769720400000,1769734800000,556.1,549.8642857142858,-1.0,-1.10702,0.10702,sl,-2.1931
XLMUSDT,long,1769720400000,1769734800000,0.19835,0.195925,-1.0,-1.09815,0.09815,sl,-2.1613
XLMUSDT,long,1769850000000,1769864400000,0.18608,0.18412857142857142,-1.0,-1.11443,0.11443,sl,-2.1075
ONDOUSDT,long,1769864400000,1769868000000,0.2996,0.29597142857142855,-1.0,-1.09908,0.09908,sl,-2.0365
BCHUSDT,long,1769864400000,1769864400000,533.2,529.0785714285714,-1.0,-1.15525,0.15525,sl,-2.1258
ONDOUSDT,long,1769878800000,1769878800000,0.2834,0.2780285714285714,-1.0,-1.06331,0.06331,sl,-3.9964
BCHUSDT,long,1769878800000,1769878800000,510.1,503.70714285714286,-1.0,-1.09575,0.09575,sl,-4.168
XLMUSDT,long,1769878800000,1769878800000,0.17683,0.1742885714285714,-1.0,-1.08349,0.08349,sl,-3.2484
ONDOUSDT,long,1769893200000,1769900400000,0.2762,0.28571428571428575,1.2,1.1582,0.0418,tp,-2.7086
BCHUSDT,long,1769893200000,1769900400000,485.2,498.34000000000003,1.2,1.14683,0.05317,tp,-3.2665
XLMUSDT,long,1769893200000,1769900400000,0.17448,0.17918057142857144,1.2,1.14655,0.05345,tp,-2.359
ONDOUSDT,short,1770152400000,1770156000000,0.2907,0.28066285714285716,1.2,1.15829,0.04171,tp,2.0944
ONDOUSDT,long,1770224400000,1770228000000,0.2679,0.2731457142857143,1.2,1.12646,0.07354,tp,-2.8627
XLMUSDT,long,1770224400000,1770224400000,0.16939,0.1672457142857143,-1.0,-1.0948,0.0948,sl,-2.5096
ONDOUSDT,long,1770267600000,1770285600000,0.2633,0.25689285714285715,-1.0,-1.04931,0.04931,sl,-2.0737
XLMUSDT,long,1770267600000,1770282000000,0.16586,0.1626264285714286,-1.0,-1.06155,0.06155,sl,-2.3561
ONDOUSDT,long,1770296400000,1770303600000,0.252,0.24675714285714284,-1.0,-1.05768,0.05768,sl,-2.3006
BCHUSDT,long,1770296400000,1770303600000,502.9,494.0785714285714,-1.0,-1.06841,0.06841,sl,-3.9007
XLMUSDT,long,1770296400000,1770303600000,0.1599,0.15698071428571428,-1.0,-1.06573,0.06573,sl,-2.2713
ONDOUSDT,long,1770310800000,1770310800000,0.2435,0.23722142857142856,-1.0,-1.04654,0.04654,sl,-2.4851
BCHUSDT,long,1770310800000,1770310800000,495.0,484.5214285714286,-1.0,-1.05669,0.05669,sl,-2.9547
XLMUSDT,long,1770310800000,1770310800000,0.15465,0.15103642857142857,-1.0,-1.05136,0.05136,sl,-2.4789
ONDOUSDT,long,1770325200000,1770336000000,0.2251,0.21762857142857142,-1.0,-1.03615,0.03615,sl,-3.0012
BCHUSDT,long,1770325200000,1770332400000,468.0,455.72857142857146,-1.0,-1.04576,0.04576,sl,-3.4265
XLMUSDT,long,1770325200000,1770336000000,0.14664,0.14244785714285713,-1.0,-1.04198,0.04198,sl,-2.7332
BCHUSDT,long,1770339600000,1770354000000,451.3,470.14,1.2,1.16551,0.03449,tp,-2.873
SUIUSDT,long,1770570000000,1770573600000,0.9683,0.9847400000000001,1.2,1.11519,0.08481,tp,-2.4931
SUIUSDT,long,1770627600000,1770631200000,0.9564,0.9422571428571429,-1.0,-1.08115,0.08115,sl,-2.5578
SOLUSDT,long,1770627600000,1770631200000,84.5,83.09071428571428,-1.0,-1.07195,0.07195,sl,-2.6098
ADAUSDT,long,1770627600000,1770631200000,0.2662,0.2627285714285714,-1.0,-1.09202,0.09202,sl,-2.3612
LTCUSDT,long,1770627600000,1770631200000,53.42,52.80357142857143,-1.0,-1.10399,0.10399,sl,-2.0149
ONDOUSDT,long,1770627600000,1770631200000,0.2459,0.24171428571428571,-1.0,-1.0705,0.0705,sl,-2.8416
LINKUSDT,long,1770642000000,1770649200000,8.601,8.74217142857143,1.2,1.11227,0.08773,tp,-2.1772
SUIUSDT,long,1770642000000,1770649200000,0.9412,0.9589771428571429,1.2,1.12376,0.07624,tp,-2.4961
SOLUSDT,long,1770642000000,1770649200000,83.99,85.646,1.2,1.12697,0.07303,tp,-2.4048
ADAUSDT,long,1770642000000,1770652800000,0.2645,0.26894,1.2,1.11422,0.08578,tp,-2.0833
ONDOUSDT,long,1770642000000,1770649200000,0.2438,0.24874571428571426,1.2,1.12901,0.07099,tp,-2.54
XLMUSDT,long,1770642000000,1770649200000,0.15786,0.16029257142857142,1.2,1.10655,0.09345,tp,-2.0153
ATOMUSDT,long,1770728400000,1770732000000,1.8966,1.91544,1.2,1.05504,0.14496,tp,-2.2132
XLMUSDT,long,1770728400000,1770732000000,0.15504,0.15680314285714286,1.2,1.07338,0.12662,tp,-2.2408
SOLUSDT,long,1770757200000,1770775200000,82.58,83.88114285714286,1.2,1.10861,0.09139,tp,-2.0224
BTCUSDT,long,1770786000000,1770789600000,67542.5,66842.2,-1.0,-1.11574,0.11574,sl,-2.4579
BTCUSDT,long,1770800400000,1770804000000,66951.5,66381.04285714286,-1.0,-1.14084,0.14084,sl,-2.4288
LINKUSDT,long,1770800400000,1770804000000,8.278,8.195357142857143,-1.0,-1.1202,0.1202,sl,-2.1289
SUIUSDT,long,1770800400000,1770804000000,0.8956,0.8861357142857142,-1.0,-1.11356,0.11356,sl,-2.3211
ADAUSDT,long,1770800400000,1770804000000,0.255,0.2527357142857143,-1.0,-1.13514,0.13514,sl,-2.3238
LTCUSDT,long,1770800400000,1770811200000,51.94,52.425999999999995,1.2,1.0461,0.1539,tp,-2.1907
ONDOUSDT,long,1770800400000,1770814800000,0.2396,0.2428914285714286,1.2,1.09518,0.10482,tp,-2.128
XLMUSDT,long,1770800400000,1770804000000,0.15379,0.15244785714285716,-1.0,-1.1375,0.1375,sl,-2.1652
BTCUSDT,long,1770829200000,1770832800000,65996.8,67017.43428571429,1.2,1.10689,0.09311,tp,-2.2202
SUIUSDT,long,1770829200000,1770829200000,0.8769,0.8953628571428571,1.2,1.13161,0.06839,tp,-2.1047
SOLUSDT,long,1770829200000,1770836400000,78.65,80.21514285714287,1.2,1.12764,0.07236,tp,-2.2883
ADAUSDT,long,1770829200000,1770829200000,0.2514,0.25572,1.2,1.1162,0.0838,tp,-2.0602
LTCUSDT,long,1770829200000,1770832800000,51.21,51.996,1.2,1.10618,0.09382,tp,-2.2262
ONDOUSDT,long,1770829200000,1770829200000,0.2371,0.24210571428571429,1.2,1.13179,0.06821,tp,-2.0647
XLMUSDT,long,1770829200000,1770829200000,0.15078,0.1530342857142857,1.2,1.10368,0.09632,tp,-2.4297
ATOMUSDT,short,1770872400000,1770879600000,1.9641,1.9893571428571428,-1.0,-1.09332,0.09332,sl,2.1218
BCHUSDT,long,1770872400000,1770872400000,510.2,504.90714285714284,-1.0,-1.11567,0.11567,sl,-2.0352
ATOMUSDT,short,1770886800000,1770890400000,2.0083,1.9840514285714288,1.2,1.08074,0.11926,tp,3.2444
BTCUSDT,long,1770915600000,1770919200000,65815.2,65134.114285714284,-1.0,-1.11596,0.11596,sl,-2.1051
SOLUSDT,long,1770915600000,1770919200000,78.29,77.27428571428572,-1.0,-1.09249,0.09249,sl,-2.0205
BCHUSDT,long,1770915600000,1770922800000,497.1,503.52000000000004,1.2,1.0885,0.1115,tp,-3.993
BTCUSDT,long,1770930000000,1770933600000,65396.6,66339.09714285714,1.2,1.10008,0.09992,tp,-2.2176
SOLUSDT,long,1770930000000,1770937200000,76.89,78.32314285714286,1.2,1.12274,0.07726,tp,-2.5557
BCHUSDT,long,1770930000000,1770937200000,500.2,506.86,1.2,1.09185,0.10815,tp,-2.1132
BTCUSDT,short,1771002000000,1771056000000,68922.2,69543.40714285713,-1.0,-1.13314,0.13314,sl,2.5445
LINKUSDT,short,1771002000000,1771056000000,8.845,8.948357142857144,-1.0,-1.10269,0.10269,sl,4.2922
SUIUSDT,short,1771002000000,1771048800000,0.9721,0.9554457142857142,1.2,1.11595,0.08405,tp,3.3136
SOLUSDT,short,1771002000000,1771005600000,84.15,85.30000000000001,-1.0,-1.08781,0.08781,sl,3.2343
ADAUSDT,short,1771002000000,1771030800000,0.273,0.2762357142857143,-1.0,-1.10125,0.10125,sl,3.139
LTCUSDT,short,1771002000000,1771016400000,55.09,55.636428571428574,-1.0,-1.12098,0.12098,sl,3.6195
ATOMUSDT,short,1771002000000,1771016400000,2.0797,2.1029142857142857,-1.0,-1.1075,0.1075,sl,3.5417
ONDOUSDT,short,1771002000000,1771027200000,0.2633,0.26680714285714285,-1.0,-1.09009,0.09009,sl,2.8216
BCHUSDT,short,1771002000000,1771005600000,544.9,551.4571428571428,-1.0,-1.09972,0.09972,sl,3.3478
XLMUSDT,short,1771002000000,1771030800000,0.16525,0.16711428571428572,-1.0,-1.10637,0.10637,sl,3.5401
SOLUSDT,short,1771016400000,1771056000000,84.74,86.01214285714285,-1.0,-1.07993,0.07993,sl,2.3822
BCHUSDT,short,1771016400000,1771016400000,552.9,560.5571428571428,-1.0,-1.08665,0.08665,sl,2.5234
LTCUSDT,short,1771030800000,1771077600000,55.35,55.92714285714286,-1.0,-1.11508,0.11508,sl,2.107
ATOMUSDT,short,1771030800000,1771066800000,2.1204,2.14525,-1.0,-1.10239,0.10239,sl,2.4517
BCHUSDT,short,1771030800000,1771113600000,563.8,562.5,0.13392,0.06422,0.0697,time,2.3703
ONDOUSDT,short,1771045200000,1771045200000,0.2752,0.27089714285714284,1.2,1.1079,0.0921,tp,2.6685
ADAUSDT,short,1771059600000,1771066800000,0.2787,0.2808714285714286,-1.0,-1.15402,0.15402,sl,2.0622
ONDOUSDT,short,1771059600000,1771066800000,0.2782,0.2815214285714286,-1.0,-1.10051,0.10051,sl,2.4304
XLMUSDT,short,1771059600000,1771066800000,0.16927,0.17054571428571427,-1.0,-1.15922,0.15922,sl,2.1401
ADAUSDT,short,1771074000000,1771077600000,0.2817,0.28412857142857145,-1.0,-1.13919,0.13919,sl,2.039
ONDOUSDT,short,1771074000000,1771081200000,0.2811,0.28494285714285716,-1.0,-1.08778,0.08778,sl,2.0797
ADAUSDT,short,1771088400000,1771092000000,0.2895,0.2926357142857143,-1.0,-1.11079,0.11079,sl,2.4932
SUIUSDT,short,1771102800000,1771120800000,1.0326,1.0123971428571428,1.2,1.1264,0.0736,tp,2.1722
ADAUSDT,short,1771102800000,1771124400000,0.2971,0.29237714285714284,1.2,1.10941,0.09059,tp,2.5458
ONDOUSDT,short,1771102800000,1771120800000,0.2934,0.2881457142857143,1.2,1.11959,0.08041,tp,2.1054
LINKUSDT,long,1771189200000,1771200000000,8.658,8.804485714285715,1.2,1.11489,0.08511,tp,-2.0791
ATOMUSDT,short,1771246800000,1771246800000,2.2291,2.2534142857142854,-1.0,-1.11001,0.11001,sl,2.5615
BCHUSDT,short,1771275600000,1771300800000,571.7,563.6171428571429,1.2,1.09815,0.10185,tp,2.7929
ATOMUSDT,short,1771290000000,1771333200000,2.2694,2.3135357142857145,-1.0,-1.0617,0.0617,sl,2.0203
XLMUSDT,long,1771333200000,1771333200000,0.16537,0.16677399999999998,1.2,1.03039,0.16961,tp,-2.0784
SOLUSDT,long,1771419600000,1771423200000,82.92,82.105,-1.0,-1.12209,0.12209,sl,-2.1622
SUIUSDT,long,1771434000000,1771437600000,0.9497,0.9390714285714286,-1.0,-1.10722,0.10722,sl,-2.0269
SOLUSDT,long,1771434000000,1771437600000,82.23,81.28428571428572,-1.0,-1.10434,0.10434,sl,-2.3825
ATOMUSDT,short,1771434000000,1771434000000,2.4598,2.499835714285714,-1.0,-1.07373,0.07373,sl,4.7129
ONDOUSDT,long,1771434000000,1771437600000,0.2708,0.26785,-1.0,-1.11016,0.11016,sl,-2.1818
BTCUSDT,long,1771448400000,1771470000000,66231.4,66977.12285714285,1.2,1.07211,0.12789,tp,-2.5129
LINKUSDT,long,1771448400000,1771466400000,8.556,8.678914285714285,1.2,1.09976,0.10024,tp,-3.1674
SUIUSDT,long,1771448400000,1771488000000,0.9318,0.9189071428571428,-1.0,-1.08673,0.08673,sl,-2.8122
SOLUSDT,long,1771448400000,1771484400000,81.25,82.522,1.2,1.10802,0.09198,tp,-2.3473
ADAUSDT,long,1771448400000,1773993600000,0.2738,0.27000714285714283,-1.0,-1.08663,0.08663,sl,-3.0155
LTCUSDT,long,1771448400000,1771495200000,53.09,52.55500000000001,-1.0,-1.11908,0.11908,sl,-2.3037
ONDOUSDT,long,1771448400000,1771495200000,0.265,0.2614642857142857,-1.0,-1.08994,0.08994,sl,-3.4563
BCHUSDT,long,1771448400000,1771462800000,552.5,558.9971428571429,1.2,1.07755,0.12245,tp,-2.0592
XLMUSDT,long,1771448400000,1771495200000,0.1614,0.15957785714285713,-1.0,-1.10629,0.10629,sl,-2.9527
ONDOUSDT,long,1771506000000,1771506000000,0.2593,0.25699999999999995,-1.0,-1.13529,0.13529,sl,-2.305
BCHUSDT,long,1771506000000,1771506000000,545.4,540.7714285714285,-1.0,-1.1414,0.1414,sl,-2.7434
ONDOUSDT,long,1771520400000,1771520400000,0.2575,0.26084285714285715,1.2,1.08908,0.11092,tp,-2.0028
XLMUSDT,long,1771736400000,1771768800000,0.15573,0.15415857142857145,-1.0,-1.11892,0.11892,sl,-3.4887
ONDOUSDT,long,1771808400000,1771808400000,0.2578,0.25555,-1.0,-1.13749,0.13749,sl,-2.0342
ONDOUSDT,long,1771822800000,1771826400000,0.2484,0.2519571428571429,1.2,1.09944,0.10056,tp,-2.8088
BCHUSDT,long,1771822800000,1771855200000,538.8,532.9642857142857,-1.0,-1.11079,0.11079,sl,-3.5393
BCHUSDT,long,1771866000000,1771866000000,530.6,525.5214285714286,-1.0,-1.12537,0.12537,sl,-2.027
BCHUSDT,long,1771880400000,1771884000000,494.7,503.9657142857143,1.2,1.12312,0.07688,tp,-3.5293
BCHUSDT,long,1771894800000,1771894800000,497.3,488.7857142857143,-1.0,-1.07009,0.07009,sl,-2.2533
ONDOUSDT,short,1772024400000,1772028000000,0.2625,0.2660642857142857,-1.0,-1.08838,0.08838,sl,3.1087
XLMUSDT,short,1772024400000,1772024400000,0.15681,0.15846000000000002,-1.0,-1.11404,0.11404,sl,2.7661
ONDOUSDT,short,1772038800000,1772038800000,0.2748,0.2785357142857143,-1.0,-1.08827,0.08827,sl,3.8916
XLMUSDT,short,1772038800000,1772038800000,0.16373,0.16553214285714285,-1.0,-1.10902,0.10902,sl,4.1601
ONDOUSDT,short,1772053200000,1772053200000,0.2875,0.29178571428571426,-1.0,-1.0805,0.0805,sl,3.3783
XLMUSDT,short,1772053200000,1772053200000,0.16705,0.16912285714285716,-1.0,-1.09671,0.09671,sl,2.9548
XLMUSDT,long,1772211600000,1772258400000,0.15759,0.15549500000000002,-1.0,-1.09027,0.09027,sl,-2.2587
ONDOUSDT,long,1772269200000,1772283600000,0.2417,0.24605428571428573,1.2,1.12007,0.07993,tp,-2.8994
BCHUSDT,long,1772269200000,1772283600000,443.6,449.81428571428575,1.2,1.09721,0.10279,tp,-2.2529
XLMUSDT,long,1772269200000,1772283600000,0.14858,0.1508702857142857,1.2,1.10658,0.09342,tp,-3.5575
BCHUSDT,long,1772398800000,1772398800000,432.3,439.0114285714286,1.2,1.10725,0.09275,tp,-2.3546
XLMUSDT,long,1772528400000,1772546400000,0.15046,0.148765,-1.0,-1.10652,0.10652,sl,-2.1549
ONDOUSDT,short,1772614800000,1772614800000,0.2674,0.2712785714285715,-1.0,-1.08273,0.08273,sl,2.9102
BCHUSDT,short,1772614800000,1772632800000,457.6,463.09285714285716,-1.0,-1.09997,0.09997,sl,4.2078
ONDOUSDT,short,1772643600000,1772665200000,0.2751,0.26866285714285715,1.2,1.13846,0.06154,tp,2.7571
BCHUSDT,short,1772643600000,1772668800000,469.4,460.8457142857143,1.2,1.12098,0.07902,tp,2.9064
XLMUSDT,short,1772658000000,1772661600000,0.16421,0.16080714285714284,1.2,1.13051,0.06949,tp,3.1791
BCHUSDT,long,1772802000000,1772802000000,451.6,448.4714285714286,-1.0,-1.17322,0.17322,sl,-2.2662
ONDOUSDT,long,1772816400000,1772892000000,0.253,0.2496642857142857,-1.0,-1.09101,0.09101,sl,-2.8781
BCHUSDT,long,1772816400000,1772816400000,445.3,450.2114285714286,1.2,1.06944,0.13056,tp,-2.4729
XLMUSDT,long,1772816400000,1772852400000,0.15096,0.1531654285714286,1.2,1.10143,0.09857,tp,-3.0304
BCHUSDT,long,1772989200000,1772996400000,443.5,447.3485714285714,1.2,1.03406,0.16594,tp,-3.4661
XLMUSDT,long,1772989200000,1772996400000,0.14796,0.14946514285714285,1.2,1.05844,0.14156,tp,-2.2754
ONDOUSDT,short,1773090000000,1773108000000,0.2537,0.2570071428571428,-1.0,-1.09206,0.09206,sl,2.3087
XLMUSDT,short,1773090000000,1773108000000,0.15215,0.15388500000000002,-1.0,-1.10523,0.10523,sl,2.3825
ONDOUSDT,short,1773118800000,1773133200000,0.2562,0.2597357142857143,-1.0,-1.08695,0.08695,sl,2.233
XLMUSDT,short,1773118800000,1773126000000,0.15443,0.1560764285714286,-1.0,-1.11256,0.11256,sl,3.0106
XLMUSDT,short,1773133200000,1773133200000,0.15825,0.15990642857142856,-1.0,-1.11464,0.11464,sl,3.907
XLMUSDT,short,1773147600000,1773151200000,0.16072,0.16246285714285713,-1.0,-1.11066,0.11066,sl,2.7223
ONDOUSDT,short,1773162000000,1773165600000,0.2639,0.2593657142857143,1.2,1.11619,0.08381,tp,2.2934
XLMUSDT,short,1773162000000,1773162000000,0.1661,0.163106,1.2,1.12011,0.07989,tp,2.832
BCHUSDT,short,1773248400000,1773280800000,456.8,451.7342857142857,1.2,1.07015,0.12985,tp,3.4192
ONDOUSDT,short,1773363600000,1773374400000,0.264,0.2674,-1.0,-1.09318,0.09318,sl,4.0117
BCHUSDT,short,1773363600000,1773363600000,464.6,469.01428571428573,-1.0,-1.1263,0.1263,sl,3.0691
XLMUSDT,short,1773363600000,1773378000000,0.162,0.16377357142857144,-1.0,-1.10961,0.10961,sl,2.3496
BCHUSDT,short,1773378000000,1773406800000,467.2,472.4428571428571,-1.0,-1.10693,0.10693,sl,2.6971
ONDOUSDT,short,1773392400000,1773396000000,0.2667,0.26995714285714284,-1.0,-1.09826,0.09826,sl,2.097
XLMUSDT,short,1773392400000,1773396000000,0.16359,0.1652064285714286,-1.0,-1.12145,0.12145,sl,2.1945
ONDOUSDT,short,1773406800000,1773406800000,0.2729,0.27627857142857143,-1.0,-1.09693,0.09693,sl,2.7114
XLMUSDT,short,1773406800000,1773406800000,0.16646,0.16810857142857144,-1.0,-1.12117,0.12117,sl,2.9631
XLMUSDT,short,1773550800000,1773554400000,0.16777,0.16631285714285715,1.2,1.0342,0.1658,tp,2.576
XLMUSDT,short,1773579600000,1773597600000,0.1681,0.16640028571428572,1.2,1.05759,0.14241,tp,2.0361
ONDOUSDT,short,1773622800000,1773630000000,0.2703,0.2730714285714286,-1.0,-1.11704,0.11704,sl,2.3128
ONDOUSDT,short,1773637200000,1773644400000,0.2786,0.28217857142857145,-1.0,-1.09342,0.09342,sl,3.6391
XLMUSDT,short,1773637200000,1773644400000,0.17131,0.17335071428571427,-1.0,-1.10074,0.10074,sl,2.5781
ONDOUSDT,short,1773651600000,1773666000000,0.2796,0.28355,-1.0,-1.08494,0.08494,sl,2.3497
BCHUSDT,short,1773666000000,1773666000000,474.9,478.7642857142857,-1.0,-1.14747,0.14747,sl,2.2998
BCHUSDT,short,1773680400000,1773694800000,478.8,483.1071428571429,-1.0,-1.1334,0.1334,sl,2.6014
XLMUSDT,short,1773680400000,1773698400000,0.17405,0.176495,-1.0,-1.08542,0.08542,sl,2.1242
XLMUSDT,short,1773709200000,1773712800000,0.17741,0.17963,-1.0,-1.0959,0.0959,sl,2.3639
ETHUSDT,long,1773838800000,1773842400000,2236.3,2215.777857142857,-1.0,-1.13076,0.13076,sl,-4.1137
ONDOUSDT,long,1773838800000,1773842400000,0.2694,0.26628571428571424,-1.0,-1.10381,0.10381,sl,-4.0422
BCHUSDT,long,1773838800000,1773838800000,456.3,453.52857142857147,-1.0,-1.19757,0.19757,sl,-4.6682
XLMUSDT,long,1773838800000,1773842400000,0.16853,0.16668928571428573,-1.0,-1.10987,0.10987,sl,-3.7
ETHUSDT,long,1773853200000,1773853200000,2180.26,2209.878571428572,1.2,1.094,0.106,tp,-3.7121
DOTUSDT,long,1773853200000,1773874800000,1.5529,1.5768485714285714,1.2,1.10663,0.09337,tp,-2.8437
ONDOUSDT,long,1773853200000,1773856800000,0.263,0.2671914285714286,1.2,1.10964,0.09036,tp,-3.3038
BCHUSDT,long,1773853200000,1773853200000,447.9,451.73999999999995,1.2,1.03204,0.16796,tp,-3.3052
XLMUSDT,long,1773853200000,1773856800000,0.16715,0.1695937142857143,1.2,1.1015,0.0985,tp,-2.7403
ETHUSDT,long,1773867600000,1773889200000,2186.38,2222.096285714286,1.2,1.11185,0.08815,tp,-2.3202
ONDOUSDT,long,1773867600000,1773903600000,0.2652,0.26139999999999997,-1.0,-1.08375,0.08375,sl,-2.0062
LTCUSDT,long,1773993600000,1773997200000,55.96,55.59428571428572,-1.0,-1.18362,0.18362,sl,-2.5585
BTCUSDT,short,1773997200000,1774000800000,71006.4,70195.57714285713,1.2,1.07389,0.12611,tp,6.881
LINKUSDT,short,1773997200000,1774011600000,9.145,9.0178,1.2,1.09647,0.10353,tp,3.6058
SOLUSDT,short,1773997200000,1774026000000,89.73,88.14771428571429,1.2,1.11834,0.08166,tp,4.158
ATOMUSDT,long,1773997200000,1774080000000,1.8181,1.854,0.58626,0.55063,0.03563,time,-8.6882
BCHUSDT,short,1773997200000,1773997200000,469.7,465.48285714285714,1.2,1.03961,0.16039,tp,2.526
BTCUSDT,short,1774011600000,1774018800000,70307.1,69433.42285714287,1.2,1.08412,0.11588,tp,2.5688
ADAUSDT,long,1774011600000,1774015200000,0.267,0.26462142857142856,-1.0,-1.1347,0.1347,sl,-2.1764
BCHUSDT,short,1774011600000,1774015200000,466.8,471.24285714285713,-1.0,-1.12608,0.12608,sl,2.0432
DOTUSDT,long,1774098000000,1774105200000,1.4908,1.5027742857142856,1.2,1.02072,0.17928,tp,-2.0059
ETHUSDT,long,1774141200000,1774144800000,2086.42,2105.4305714285715,1.2,1.04196,0.15804,tp,-4.5701
ADAUSDT,long,1774141200000,1774148400000,0.2569,0.2595314285714286,1.2,1.05942,0.14058,tp,-2.6086
DOTUSDT,long,1774141200000,1774148400000,1.4643,1.4794542857142856,1.2,1.06086,0.13914,tp,-2.6872
ONDOUSDT,long,1774141200000,1774148400000,0.2524,0.25487714285714286,1.2,1.05328,0.14672,tp,-4.5174
BCHUSDT,long,1774141200000,1774148400000,458.1,461.5028571428572,1.2,1.00614,0.19386,tp,-2.9054
XLMUSDT,long,1774141200000,1774144800000,0.16157,0.16283942857142855,1.2,1.01672,0.18328,tp,-4.0256
XLMUSDT,long,1774155600000,1774162800000,0.16231,0.16107285714285716,-1.0,-1.15744,0.15744,sl,-2.1125
ETHUSDT,long,1774170000000,1774202400000,2085.41,2064.8935714285712,-1.0,-1.12198,0.12198,sl,-2.5155
BTCUSDT,long,1774170000000,1774177200000,68757.8,68316.02857142857,-1.0,-1.18677,0.18677,sl,-2.3182
LINKUSDT,long,1774170000000,1774202400000,8.825,8.738714285714286,-1.0,-1.12273,0.12273,sl,-2.3453
SUIUSDT,long,1774170000000,1774202400000,0.9265,0.9168357142857143,-1.0,-1.11504,0.11504,sl,-2.6491
SOLUSDT,long,1774170000000,1774202400000,87.3,86.44428571428571,-1.0,-1.12242,0.12242,sl,-2.4238
ADAUSDT,long,1774170000000,1774195200000,0.2563,0.2536071428571428,-1.0,-1.11421,0.11421,sl,-2.18
LTCUSDT,long,1774170000000,1774177200000,54.21,53.800714285714285,-1.0,-1.15894,0.15894,sl,-2.4991
DOTUSDT,long,1774170000000,1774173600000,1.4518,1.4376285714285715,-1.0,-1.12293,0.12293,sl,-2.3446
ATOMUSDT,long,1774170000000,1774180800000,1.7695,1.7871657142857142,1.2,1.05576,0.14424,tp,-2.3461
ONDOUSDT,long,1774170000000,1774177200000,0.2502,0.24769285714285713,-1.0,-1.11975,0.11975,sl,-2.8843
XLMUSDT,long,1774170000000,1774195200000,0.15946,0.15811214285714284,-1.0,-1.14197,0.14197,sl,-3.1536
LTCUSDT,long,1774184400000,1774209600000,54.01,53.58857142857143,-1.0,-1.15379,0.15379,sl,-2.0768
DOTUSDT,long,1774184400000,1774202400000,1.4392,1.4236285714285715,-1.0,-1.11091,0.11091,sl,-2.2472
ONDOUSDT,long,1774184400000,1774202400000,0.2487,0.2459,-1.0,-1.10659,0.10659,sl,-2.2905
SUIUSDT,long,1774213200000,1774213200000,0.9053,0.8980571428571429,-1.0,-1.14999,0.14999,sl,-2.2124
ADAUSDT,long,1774213200000,1774213200000,0.2511,0.24919285714285713,-1.0,-1.158,0.158,sl,-2.0851
DOTUSDT,long,1774213200000,1774213200000,1.4105,1.3990928571428571,-1.0,-1.14838,0.14838,sl,-2.2868
ONDOUSDT,long,1774213200000,1774213200000,0.245,0.24315714285714285,-1.0,-1.15953,0.15953,sl,-2.0488
XLMUSDT,long,1774213200000,1774213200000,0.15673,0.15554500000000002,-1.0,-1.15871,0.15871,sl,-2.0788
TAOUSDT,short,1774270800000,1774274400000,284.57,291.3935714285714,-1.0,-1.05004,0.05004,sl,3.2767
BCHUSDT,short,1774270800000,1774285200000,481.8,475.54285714285714,1.2,1.08912,0.11088,tp,5.4634
BNBUSDT,short,1774270800000,1774278000000,644.8,636.8971428571429,1.2,1.08251,0.11749,tp,2.0422
TAOUSDT,short,1774285200000,1774306800000,285.09,293.1928571428571,-1.0,-1.04222,0.04222,sl,2.2567
1000PEPEUSDT,short,1774285200000,1774288800000,0.00346,0.0035203571428571428,-1.0,-1.06879,0.06879,sl,2.1706
SOLUSDT,short,1774299600000,1774321200000,91.73,89.876,1.2,1.12875,0.07125,tp,2.2123
DOGEUSDT,short,1774299600000,1774310400000,0.09497,0.09322657142857142,1.2,1.12156,0.07844,tp,2.0273
1000PEPEUSDT,short,1774299600000,1774306800000,0.003511,0.0034311142857142854,1.2,1.13671,0.06329,tp,2.4219
TAOUSDT,short,1774314000000,1774317600000,297.46,306.31499999999994,-1.0,-1.04031,0.04031,sl,2.7254
TAOUSDT,short,1774328400000,1774335600000,309.0,317.5178571428571,-1.0,-1.04353,0.04353,sl,2.7171
ADAUSDT,short,1774342800000,1774346400000,0.2665,0.26332857142857147,1.2,1.07899,0.12101,tp,2.0811
TAOUSDT,short,1774342800000,1774350000000,313.41,302.55600000000004,1.2,1.15842,0.04158,tp,2.2182
DOTUSDT,long,1774357200000,1774368000000,1.3912,1.37665,-1.0,-1.11474,0.11474,sl,-2.0839
HYPEUSDT,short,1774371600000,1774375200000,39.251,39.79035714285714,-1.0,-1.08733,0.08733,sl,2.595
TAOUSDT,short,1774386000000,1774396800000,332.13,341.5,-1.0,-1.04254,0.04254,sl,2.1331
HYPEUSDT,short,1774386000000,1774396800000,40.195,40.823,-1.0,-1.07681,0.07681,sl,3.3194
XLMUSDT,short,1774400400000,1774400400000,0.17636,0.17847642857142856,-1.0,-1.09999,0.09999,sl,2.6782
XLMUSDT,short,1774414800000,1774418400000,0.17621,0.17878857142857144,-1.0,-1.082,0.082,sl,2.0402
ADAUSDT,short,1774429200000,1774436400000,0.2715,0.2740571428571429,-1.0,-1.12741,0.12741,sl,2.1128
XLMUSDT,short,1774429200000,1774429200000,0.18131,0.17806314285714284,1.2,1.11959,0.08041,tp,2.5161
LINKUSDT,short,1774443600000,1774450800000,9.429,9.337542857142857,1.2,1.05154,0.14846,tp,2.5055
ADAUSDT,short,1774443600000,1774447200000,0.2745,0.27150857142857143,1.2,1.06786,0.13214,tp,2.7693
DOGEUSDT,short,1774443600000,1774450800000,0.09771,0.09667114285714286,1.2,1.06456,0.13544,tp,2.6309
AVAXUSDT,short,1774443600000,1774450800000,9.731,9.643571428571429,1.2,1.03972,0.16028,tp,2.0572
ONDOUSDT,short,1774443600000,1774450800000,0.2617,0.259,1.2,1.06043,0.13957,tp,2.1552
DOTUSDT,long,1774472400000,1774497600000,1.3504,1.335307142857143,-1.0,-1.10737,0.10737,sl,-2.4418
ONDOUSDT,short,1774486800000,1774486800000,0.2691,0.27226428571428574,-1.0,-1.10205,0.10205,sl,2.9813
ATOMUSDT,long,1774501200000,1774504800000,1.7295,1.7174642857142859,-1.0,-1.17244,0.17244,sl,-3.361
BCHUSDT,long,1774501200000,1774501200000,469.9,467.79999999999995,-1.0,-1.26851,0.26851,sl,-2.1585
DOGEUSDT,long,1774515600000,1774515600000,0.09223,0.09150571428571429,-1.0,-1.15281,0.15281,sl,-2.0364
LTCUSDT,long,1774515600000,1774515600000,55.2,54.908571428571435,-1.0,-1.22729,0.22729,sl,-2.2186
DOTUSDT,long,1774515600000,1774515600000,1.3203,1.3080285714285715,-1.0,-1.12911,0.12911,sl,-2.4621
ATOMUSDT,long,1774515600000,1774519200000,1.7198,1.7089,-1.0,-1.18934,0.18934,sl,-2.5867
XRPUSDT,long,1774515600000,1774515600000,1.3815,1.3735714285714284,-1.0,-1.20909,0.20909,sl,-2.5078
BCHUSDT,long,1774515600000,1774515600000,467.3,464.81428571428575,-1.0,-1.22559,0.22559,sl,-2.2795
ETHUSDT,long,1774530000000,1774530000000,2072.36,2092.916857142857,1.2,1.05483,0.14517,tp,-2.7411
LINKUSDT,long,1774530000000,1774537200000,8.95,8.884571428571428,-1.0,-1.16415,0.16415,sl,-2.1533
SUIUSDT,long,1774530000000,1774530000000,0.9256,0.9345314285714286,1.2,1.05077,0.14923,tp,-2.0353
SOLUSDT,long,1774530000000,1774537200000,87.52,86.83642857142857,-1.0,-1.15364,0.15364,sl,-2.2558
LTCUSDT,long,1774530000000,1774530000000,54.66,55.01228571428571,1.2,0.97657,0.22343,tp,-2.5529
ATOMUSDT,long,1774530000000,1774537200000,1.7123,1.7018642857142856,-1.0,-1.1969,0.1969,sl,-2.1474
XRPUSDT,long,1774530000000,1774533600000,1.3735,1.3649142857142857,-1.0,-1.19197,0.19197,sl,-2.2303
AVAXUSDT,long,1774530000000,1774530000000,9.24,9.31782857142857,1.2,1.02904,0.17096,tp,-2.4729
BCHUSDT,long,1774530000000,1774551600000,461.9,459.23571428571427,-1.0,-1.20804,0.20804,sl,-2.7085
ETHUSDT,long,1774544400000,1774548000000,2059.89,2040.8471428571427,-1.0,-1.12981,0.12981,sl,-2.3964
BTCUSDT,long,1774544400000,1774544400000,68896.0,68429.22142857143,-1.0,-1.17712,0.17712,sl,-2.1443
LINKUSDT,long,1774544400000,1774548000000,8.9,8.827714285714286,-1.0,-1.14775,0.14775,sl,-2.1015
SUIUSDT,long,1774544400000,1774555200000,0.9124,0.9222228571428571,1.2,1.06625,0.13375,tp,-2.5281
SOLUSDT,long,1774544400000,1774548000000,87.16,86.38499999999999,-1.0,-1.13496,0.13496,sl,-2.0268
ADAUSDT,long,1774544400000,1774548000000,0.2554,0.2531714285714286,-1.0,-1.13752,0.13752,sl,-2.0285
LTCUSDT,long,1774544400000,1774544400000,54.61,54.28071428571428,-1.0,-1.19901,0.19901,sl,-2.1826
ATOMUSDT,long,1774544400000,1774544400000,1.6941,1.6831785714285714,-1.0,-1.18614,0.18614,sl,-2.2823
XRPUSDT,long,1774544400000,1774548000000,1.36,1.3498142857142859,-1.0,-1.16022,0.16022,sl,-2.4202
AVAXUSDT,long,1774544400000,1774544400000,9.129,9.052142857142856,-1.0,-1.14253,0.14253,sl,-2.6145
AVAXUSDT,long,1774558800000,1774584000000,9.09,9.003214285714286,-1.0,-1.12569,0.12569,sl,-2.047
ONDOUSDT,short,1774573200000,1774573200000,0.2719,0.2761571428571428,-1.0,-1.07664,0.07664,sl,2.4882
ONDOUSDT,short,1774587600000,1774587600000,0.2821,0.2875357142857143,-1.0,-1.06228,0.06228,sl,2.9856
ETHUSDT,long,1774616400000,1774616400000,1987.64,1968.902142857143,-1.0,-1.12729,0.12729,sl,-2.0869
BTCUSDT,long,1774616400000,1774616400000,66576.1,66041.19285714286,-1.0,-1.14936,0.14936,sl,-2.3713
LINKUSDT,long,1774616400000,1774623600000,8.571,8.660057142857143,1.2,1.06141,0.13859,tp,-2.1292
SUIUSDT,long,1774616400000,1774634400000,0.8903,0.8817357142857143,-1.0,-1.12475,0.12475,sl,-2.1388
SOLUSDT,long,1774616400000,1774630800000,83.03,82.16785714285714,-1.0,-1.11557,0.11557,sl,-2.0193
TAOUSDT,long,1774616400000,1774620000000,320.46,328.60542857142855,1.2,1.14335,0.05665,tp,-2.1066
1000PEPEUSDT,long,1774616400000,1774623600000,0.003271,0.003312657142857143,1.2,1.08693,0.11307,tp,-2.2897
DOTUSDT,long,1774616400000,1774681200000,1.2824,1.2985142857142857,1.2,1.0854,0.1146,tp,-2.04
XLMUSDT,long,1774616400000,1774623600000,0.16941,0.16772428571428571,-1.0,-1.1206,0.1206,sl,-2.2535
BNBUSDT,long,1774616400000,1774620000000,611.0,606.8571428571429,-1.0,-1.17698,0.17698,sl,-2.2343
BTCUSDT,long,1774630800000,1774702800000,65945.4,66671.64857142857,1.2,1.06924,0.13076,tp,-2.1944
XLMUSDT,long,1774630800000,1774652400000,0.16862,0.16678357142857142,-1.0,-1.11018,0.11018,sl,-2.0208
BCHUSDT,short,1774659600000,1774681200000,474.3,478.12142857142857,-1.0,-1.14894,0.14894,sl,2.4003
XLMUSDT,long,1774659600000,1774670400000,0.16599,0.16456785714285715,-1.0,-1.14006,0.14006,sl,-2.1718
BCHUSDT,short,1774688400000,1774702800000,476.5,479.89285714285717,-1.0,-1.16853,0.16853,sl,2.0727
HYPEUSDT,short,1774702800000,1774717200000,40.134,39.61414285714286,1.2,1.08883,0.11117,tp,3.2023
SUIUSDT,long,1774789200000,1774789200000,0.8563,0.8485642857142857,-1.0,-1.13283,0.13283,sl,-2.1367
ADAUSDT,long,1774789200000,1774789200000,0.2428,0.24098571428571428,-1.0,-1.16059,0.16059,sl,-2.0767
ATOMUSDT,long,1774789200000,1774789200000,1.6481,1.6400857142857141,-1.0,-1.24677,0.24677,sl,-2.1127
SUIUSDT,long,1774803600000,1774810800000,0.8456,0.8394642857142858,-1.0,-1.16538,0.16538,sl,-2.3922
SOLUSDT,long,1774803600000,1774803600000,81.64,81.09428571428572,-1.0,-1.17952,0.17952,sl,-2.3391
ADAUSDT,long,1774803600000,1774821600000,0.241,0.23912142857142857,-1.0,-1.15395,0.15395,sl,-2.2053
ATOMUSDT,long,1774803600000,1774814400000,1.6417,1.6506314285714285,1.2,0.93531,0.26469,tp,-2.0246
AVAXUSDT,long,1774803600000,1774803600000,8.629,8.577714285714285,-1.0,-1.2019,0.2019,sl,-2.2315
BCHUSDT,long,1774803600000,1774821600000,451.2,447.07142857142856,-1.0,-1.13114,0.13114,sl,-3.9542
HYPEUSDT,long,1774832400000,1774836000000,37.663,38.194942857142856,1.2,1.09804,0.10196,tp,-2.6762
ETHUSDT,short,1774846800000,1774857600000,2047.69,2069.4614285714288,-1.0,-1.11286,0.11286,sl,3.4261
BTCUSDT,short,1774846800000,1774875600000,67582.9,68164.0857142857,-1.0,-1.13954,0.13954,sl,3.7108
LINKUSDT,short,1774846800000,1774857600000,8.674,8.761214285714285,-1.0,-1.11935,0.11935,sl,2.3044
TAOUSDT,short,1774846800000,1774846800000,327.67,320.27885714285713,1.2,1.13616,0.06384,tp,2.5344
SOLUSDT,short,1774861200000,1774890000000,84.46,83.23599999999999,1.2,1.10064,0.09936,tp,2.5759
XRPUSDT,short,1774861200000,1774864800000,1.3602,1.3446857142857145,1.2,1.07375,0.12625,tp,2.3744
AVAXUSDT,short,1774861200000,1774879200000,9.002,8.876514285714286,1.2,1.0967,0.1033,tp,2.5349
XLMUSDT,short,1774861200000,1774861200000,0.17282,0.17067200000000002,1.2,1.08414,0.11586,tp,2.5527
BNBUSDT,short,1774861200000,1774879200000,619.8,614.2714285714285,1.2,1.03856,0.16144,tp,2.2079
ETHUSDT,short,1774875600000,1774879200000,2073.84,2049.0865714285715,1.2,1.07936,0.12064,tp,2.6649
LINKUSDT,short,1774875600000,1774879200000,8.877,8.776971428571429,1.2,1.07221,0.12779,tp,2.9415
XLMUSDT,short,1774875600000,1774879200000,0.17303,0.170816,1.2,1.08746,0.11254,tp,2.1719
TAOUSDT,long,1774890000000,1774918800000,310.38,316.74771428571427,1.2,1.12981,0.07019,tp,-2.1806
HYPEUSDT,long,1774904400000,1774918800000,36.888,37.459199999999996,1.2,1.10701,0.09299,tp,-2.3323
DOTUSDT,long,1774904400000,1774904400000,1.2341,1.2489628571428573,1.2,1.08043,0.11957,tp,-3.4125
HYPEUSDT,long,1774947600000,1774954800000,36.177,35.70578571428571,-1.0,-1.09213,0.09213,sl,-2.3862
HYPEUSDT,long,1774962000000,1774962000000,35.998,36.54837142857143,1.2,1.10581,0.09419,tp,-2.0637
BCHUSDT,short,1774976400000,1774976400000,473.4,477.5,-1.0,-1.13856,0.13856,sl,2.1001
ETHUSDT,short,1774990800000,1775023200000,2106.81,2135.677142857143,-1.0,-1.08758,0.08758,sl,2.1388
1000PEPEUSDT,short,1774990800000,1774994400000,0.003425,0.0033698,1.2,1.11065,0.08935,tp,2.3203
ATOMUSDT,short,1774990800000,1775019600000,1.7082,1.7235857142857143,-1.0,-1.13323,0.13323,sl,2.0147
ONDOUSDT,short,1774990800000,1774990800000,0.2797,0.27440285714285717,1.2,1.12397,0.07603,tp,3.6126
1000PEPEUSDT,short,1775005200000,1775008800000,0.00342,0.0033643714285714285,1.2,1.11147,0.08853,tp,2.0833
ETHUSDT,short,1775034000000,1775048400000,2136.0,2111.3708571428574,1.2,1.07511,0.12489,tp,2.125
LINKUSDT,short,1775034000000,1775048400000,9.056,8.955285714285713,1.2,1.07052,0.12948,tp,2.7724
SUIUSDT,short,1775034000000,1775037600000,0.8974,0.8875257142857143,1.2,1.06913,0.13087,tp,2.2423
ATOMUSDT,short,1775034000000,1775034000000,1.732,1.7194257142857143,1.2,1.00165,0.19835,tp,2.651
AVAXUSDT,short,1775034000000,1775073600000,9.239,9.11497142857143,1.2,1.09273,0.10727,tp,2.6013
SUIUSDT,short,1775062800000,1775062800000,0.9049,0.9148142857142858,-1.0,-1.10953,0.10953,sl,2.2865
SOLUSDT,short,1775062800000,1775062800000,85.21,86.09642857142856,-1.0,-1.11535,0.11535,sl,2.4345
TAOUSDT,short,1775062800000,1775066400000,322.86,315.6385714285714,1.2,1.13562,0.06438,tp,2.7849
BCHUSDT,long,1775077200000,1775091600000,454.7,451.95,-1.0,-1.19841,0.19841,sl,-2.0238
BTCUSDT,long,1775106000000,1775134800000,66290.1,65742.57857142857,-1.0,-1.14529,0.14529,sl,-2.0599
SOLUSDT,long,1775106000000,1775134800000,78.78,77.47714285714285,-1.0,-1.07256,0.07256,sl,-2.5695
ADAUSDT,long,1775106000000,1775138400000,0.2368,0.24050285714285716,1.2,1.10791,0.09209,tp,-2.0028
DOGEUSDT,long,1775106000000,1775138400000,0.08966,0.09074942857142858,1.2,1.08149,0.11851,tp,-2.132
LTCUSDT,long,1775106000000,1775124000000,52.2,51.78785714285714,-1.0,-1.15199,0.15199,sl,-3.9729
HYPEUSDT,long,1775106000000,1775134800000,35.025,34.555214285714285,-1.0,-1.08947,0.08947,sl,-2.6795
1000PEPEUSDT,long,1775106000000,1775113200000,0.003275,0.0033326000000000002,1.2,1.11813,0.08187,tp,-2.2624
DOTUSDT,long,1775106000000,1775170800000,1.2167,1.2342714285714285,1.2,1.10029,0.09971,tp,-2.5486
ATOMUSDT,long,1775106000000,1775113200000,1.6258,1.6440571428571427,1.2,1.07177,0.12823,tp,-3.3433
BCHUSDT,long,1775106000000,1775106000000,442.1,439.3214285714286,-1.0,-1.19093,0.19093,sl,-3.0091
XLMUSDT,long,1775106000000,1775131200000,0.16302,0.1612957142857143,-1.0,-1.11345,0.11345,sl,-2.0121
BNBUSDT,long,1775106000000,1775124000000,587.6,582.9,-1.0,-1.15003,0.15003,sl,-4.2636
ATOMUSDT,long,1775120400000,1775124000000,1.6318,1.6176142857142857,-1.0,-1.13804,0.13804,sl,-2.1715
LTCUSDT,long,1775134800000,1775138400000,51.62,52.12571428571428,1.2,1.05301,0.14699,tp,-2.5295
TAOUSDT,long,1775134800000,1775134800000,294.73,300.41114285714286,1.2,1.12529,0.07471,tp,-2.2
ATOMUSDT,long,1775134800000,1775138400000,1.6195,1.6372857142857142,1.2,1.06888,0.13112,tp,-2.0603
XRPUSDT,long,1775134800000,1775145600000,1.2899,1.3029028571428571,1.2,1.05715,0.14285,tp,-2.6895
ONDOUSDT,long,1775134800000,1775134800000,0.2565,0.2533714285714286,-1.0,-1.09838,0.09838,sl,-2.0874
BNBUSDT,long,1775134800000,1775134800000,575.2,570.2571428571429,-1.0,-1.13964,0.13964,sl,-2.9825
XLMUSDT,long,1775293200000,1775293200000,0.161,0.1620157142857143,1.2,0.97175,0.22825,tp,-2.1184
BTCUSDT,short,1775322000000,1775329200000,67336.4,67506.92857142857,-1.0,-1.47384,0.47384,sl,2.6533
XLMUSDT,long,1775322000000,1775322000000,0.16075,0.16178885714285715,1.2,0.97718,0.22282,tp,-2.0132
ONDOUSDT,long,1775365200000,1775368800000,0.2521,0.25055,-1.0,-1.19517,0.19517,sl,-2.3844
BCHUSDT,long,1775365200000,1775365200000,435.4,437.43999999999994,1.2,0.89266,0.30734,tp,-6.35
ONDOUSDT,long,1775379600000,1775390400000,0.2495,0.24792142857142857,-1.0,-1.18967,0.18967,sl,-2.4716
BCHUSDT,long,1775379600000,1775386800000,434.8,432.8357142857143,-1.0,-1.26562,0.26562,sl,-3.3114
XLMUSDT,long,1775379600000,1775386800000,0.15872,0.15793642857142856,-1.0,-1.24307,0.24307,sl,-2.6902
BCHUSDT,long,1775394000000,1775397600000,427.3,424.8857142857143,-1.0,-1.21239,0.21239,sl,-4.844
XLMUSDT,long,1775394000000,1775401200000,0.15813,0.15903342857142858,1.2,0.94795,0.25205,tp,-2.3784
BCHUSDT,long,1775408400000,1775422800000,425.7,422.63571428571424,-1.0,-1.16671,0.16671,sl,-2.5781
BTCUSDT,short,1775422800000,1775426400000,67629.8,67910.80714285714,-1.0,-1.2888,0.2888,sl,2.9268
BTCUSDT,short,1775437200000,1775466000000,69053.3,69484.57142857143,-1.0,-1.19214,0.19214,sl,4.8808
ONDOUSDT,short,1775451600000,1775455200000,0.2662,0.2623857142857143,1.2,1.0995,0.1005,tp,2.7552
ONDOUSDT,short,1775466000000,1775466000000,0.2654,0.2688714285714286,-1.0,-1.09174,0.09174,sl,2.1445
XLMUSDT,long,1775523600000,1775548800000,0.15561,0.15719485714285714,1.2,1.05861,0.14139,tp,-2.1993
BTCUSDT,short,1775610000000,1775653200000,71682.9,72417.47142857143,-1.0,-1.1171,0.1171,sl,3.356
BCHUSDT,short,1775610000000,1775638800000,442.3,445.65000000000003,-1.0,-1.15844,0.15844,sl,2.1613
BCHUSDT,short,1775653200000,1775656800000,448.1,445.20285714285717,1.2,0.97728,0.22272,tp,2.1399
BCHUSDT,long,1775811600000,1775815200000,436.7,439.53714285714284,1.2,0.97835,0.22165,tp,-2.2235
BTCUSDT,short,1775840400000,1775851200000,72963.8,73433.09285714287,-1.0,-1.18657,0.18657,sl,2.5118
BCHUSDT,long,1775955600000,1775955600000,434.6,432.4071428571429,-1.0,-1.23783,0.23783,sl,-2.5122
BTCUSDT,long,1775970000000,1775998800000,71433.3,70939.90000000001,-1.0,-1.17373,0.17373,sl,-2.176
ONDOUSDT,long,1775970000000,1776006000000,0.2473,0.2441142857142857,-1.0,-1.09315,0.09315,sl,-2.6793
BCHUSDT,long,1775970000000,1776031200000,423.4,420.1428571428571,-1.0,-1.15599,0.15599,sl,-3.7465
XLMUSDT,long,1775970000000,1776006000000,0.15152,0.15020714285714284,-1.0,-1.13849,0.13849,sl,-2.2899
BTCUSDT,short,1776114000000,1776117600000,73101.9,73665.39285714286,-1.0,-1.15568,0.15568,sl,2.0255
BTCUSDT,short,1776128400000,1776150000000,74125.7,74815.05714285714,-1.0,-1.12903,0.12903,sl,2.7976
ONDOUSDT,short,1776128400000,1776171600000,0.2543,0.2580214285714286,-1.0,-1.082,0.082,sl,2.0159
BCHUSDT,short,1776128400000,1776142800000,434.3,437.3857142857143,-1.0,-1.16889,0.16889,sl,2.5138
XLMUSDT,short,1776128400000,1776153600000,0.1551,0.15665142857142855,-1.0,-1.11997,0.11997,sl,2.7947
ONDOUSDT,short,1776315600000,1776322800000,0.2615,0.26416428571428574,-1.0,-1.11778,0.11778,sl,2.4517
XLMUSDT,short,1776315600000,1776322800000,0.15979,0.16104,-1.0,-1.1534,0.1534,sl,2.6782
ONDOUSDT,short,1776330000000,1776340800000,0.2629,0.2655071428571429,-1.0,-1.12101,0.12101,sl,2.0982
XLMUSDT,short,1776330000000,1776333600000,0.16142,0.15995171428571428,1.2,1.04169,0.15831,tp,2.8216
XLMUSDT,short,1776344400000,1776344400000,0.16151,0.1626885714285714,-1.0,-1.16445,0.16445,sl,2.2174
XLMUSDT,short,1776358800000,1776358800000,0.16335,0.16514214285714285,-1.0,-1.10938,0.10938,sl,2.4323
ONDOUSDT,short,1776373200000,1776391200000,0.2708,0.2656657142857143,1.2,1.12405,0.07595,tp,2.1419
BCHUSDT,short,1776373200000,1776376800000,446.3,449.64285714285717,-1.0,-1.16021,0.16021,sl,2.2243
XLMUSDT,short,1776373200000,1776402000000,0.16777,0.1652097142857143,1.2,1.10564,0.09436,tp,2.8892
BCHUSDT,short,1776387600000,1776394800000,454.8,449.8542857142857,1.2,1.06758,0.13242,tp,3.2361
BTCUSDT,short,1776416400000,1776416400000,75736.5,76140.74285714286,-1.0,-1.22482,0.22482,sl,2.8507
BTCUSDT,short,1776430800000,1776430800000,76200.0,76658.32142857143,-1.0,-1.19951,0.19951,sl,3.2651
BTCUSDT,short,1776445200000,1776445200000,77814.6,77067.34285714287,1.2,1.05005,0.14995,tp,3.4033
ONDOUSDT,short,1776445200000,1776445200000,0.2795,0.27512000000000003,1.2,1.10811,0.09189,tp,2.9025
BCHUSDT,short,1776445200000,1776445200000,459.1,455.1914285714286,1.2,1.03086,0.16914,tp,2.3153
XLMUSDT,short,1776445200000,1776445200000,0.17644,0.1740957142857143,1.2,1.09162,0.10838,tp,2.5172
ONDOUSDT,long,1776531600000,1776535200000,0.259,0.25627857142857147,-1.0,-1.1142,0.1142,sl,-2.0619
XLMUSDT,short,1776718800000,1776733200000,0.17315,0.17511642857142856,-1.0,-1.10566,0.10566,sl,2.2297
XLMUSDT,short,1776747600000,1776754800000,0.17569,0.17759357142857143,-1.0,-1.11075,0.11075,sl,2.4499
XLMUSDT,short,1776762000000,1776762000000,0.18216,0.17986114285714283,1.2,1.0859,0.1141,tp,3.883
BCHUSDT,short,1776819600000,1776823200000,449.0,452.0285714285714,-1.0,-1.17791,0.17791,sl,2.434
BTCUSDT,short,1776834000000,1776834000000,77485.6,78095.78571428572,-1.0,-1.15238,0.15238,sl,2.6113
ONDOUSDT,short,1776834000000,1776834000000,0.2656,0.2686071428571429,-1.0,-1.10599,0.10599,sl,3.3605
BCHUSDT,short,1776834000000,1776834000000,455.0,458.24285714285713,-1.0,-1.16837,0.16837,sl,3.5957
BTCUSDT,short,1776848400000,1776862800000,77965.9,78542.14285714286,-1.0,-1.16236,0.16236,sl,2.4534
ONDOUSDT,short,1776848400000,1776873600000,0.2696,0.2658885714285714,1.2,1.0954,0.1046,tp,3.0088
BCHUSDT,short,1776848400000,1776852000000,472.8,467.9142857142857,1.2,1.06065,0.13935,tp,4.1522
XLMUSDT,long,1776920400000,1776920400000,0.1749,0.17658857142857143,1.2,1.05085,0.14915,tp,-2.1264
XLMUSDT,long,1777136400000,1777143600000,0.17098,0.16987714285714284,-1.0,-1.18604,0.18604,sl,-2.3291
XLMUSDT,long,1777150800000,1777161600000,0.17035,0.16939642857142856,-1.0,-1.21437,0.21437,sl,-2.2168
XLMUSDT,long,1777179600000,1777179600000,0.16852,0.16946285714285717,1.2,0.94262,0.25738,tp,-2.0769
ONDOUSDT,short,1777208400000,1777237200000,0.2691,0.2661942857142857,1.2,1.06664,0.13336,tp,2.7365
BCHUSDT,long,1777280400000,1777291200000,447.3,450.0514285714286,1.2,0.9659,0.2341,tp,-2.8284
XLMUSDT,long,1777294800000,1777302000000,0.16741,0.165985,-1.0,-1.14098,0.14098,sl,-2.0315
XLMUSDT,long,1777309200000,1777327200000,0.16446,0.16617857142857143,1.2,1.0622,0.1378,tp,-3.2296
ONDOUSDT,short,1777438800000,1777442400000,0.2675,0.26528,1.2,1.02649,0.17351,tp,2.351
BCHUSDT,short,1777438800000,1777464000000,454.1,451.3657142857143,1.2,0.96085,0.23915,tp,2.2098
XLMUSDT,long,1777482000000,1777485600000,0.15985,0.15843857142857143,-1.0,-1.1359,0.1359,sl,-2.3237
XLMUSDT,long,1777496400000,1777579200000,0.15924,0.15917,-0.0466,-0.17381,0.12721,time,-2.146
ONDOUSDT,short,1777654800000,1777654800000,0.2726,0.26978857142857143,1.2,1.06038,0.13962,tp,3.0946
BCHUSDT,short,1777654800000,1777694400000,452.7,449.35714285714283,1.2,1.00499,0.19501,tp,2.7189
ONDOUSDT,short,1777726800000,1777726800000,0.2751,0.2774857142857143,-1.0,-1.13837,0.13837,sl,2.2531
ONDOUSDT,short,1777741200000,1777741200000,0.2887,0.2842857142857143,1.2,1.10582,0.09418,tp,3.5938
ONDOUSDT,short,1777755600000,1777766400000,0.2856,0.2804057142857143,1.2,1.12082,0.07918,tp,2.1447
XLMUSDT,long,1777856400000,1777856400000,0.15779,0.15697428571428573,-1.0,-1.23213,0.23213,sl,-2.2038
ONDOUSDT,short,1777870800000,1777870800000,0.2998,0.30529285714285714,-1.0,-1.0655,0.0655,sl,2.579
XLMUSDT,short,1777870800000,1777874400000,0.16081,0.1595517142857143,1.2,1.01597,0.18403,tp,2.17
ONDOUSDT,short,1777885200000,1777888800000,0.3126,0.30346285714285715,1.2,1.15073,0.04927,tp,2.9431
XLMUSDT,long,1777899600000,1777903200000,0.1574,0.15911257142857144,1.2,1.06765,0.13235,tp,-2.1817
BCHUSDT,short,1777971600000,1777975200000,454.0,456.4714285714286,-1.0,-1.22044,0.22044,sl,5.4794
BCHUSDT,short,1777986000000,1777989600000,459.6,455.8542857142857,1.2,1.02331,0.17669,tp,3.4661
BCHUSDT,short,1778043600000,1778043600000,483.5,477.3285714285714,1.2,1.08718,0.11282,tp,4.6544
XLMUSDT,short,1778058000000,1778072400000,0.16551,0.16381971428571426,1.2,1.059,0.141,tp,4.29
ONDOUSDT,short,1778086800000,1778094000000,0.3309,0.3226542857142857,1.2,1.14221,0.05779,tp,2.7529
ONDOUSDT,short,1778130000000,1778137200000,0.333,0.33972857142857144,-1.0,-1.05939,0.05939,sl,3.0747
ONDOUSDT,short,1778144400000,1778148000000,0.3475,0.3389885714285714,1.2,1.14121,0.05879,tp,4.1465
ONDOUSDT,short,1778158800000,1778158800000,0.3712,0.3607428571428571,1.2,1.14888,0.05112,tp,5.2682
XLMUSDT,long,1778187600000,1778227200000,0.15772,0.15927057142857143,1.2,1.05353,0.14647,tp,-2.0511
ONDOUSDT,short,1778230800000,1778230800000,0.3729,0.3811285714285714,-1.0,-1.05438,0.05438,sl,2.0982
ONDOUSDT,short,1778245200000,1778248800000,0.3996,0.4099714285714286,-1.0,-1.04623,0.04623,sl,2.6888
ONDOUSDT,short,1778259600000,1778266800000,0.4522,0.43449142857142853,1.2,1.16323,0.03677,tp,3.8122
ONDOUSDT,short,1778274000000,1778284800000,0.4419,0.4590214285714286,-1.0,-1.03097,0.03097,sl,2.2293
XLMUSDT,short,1778274000000,1778281200000,0.16441,0.16265714285714286,1.2,1.06493,0.13507,tp,2.5025
XLMUSDT,short,1778288400000,1778288400000,0.16474,0.16631428571428572,-1.0,-1.12557,0.12557,sl,2.2312
XLMUSDT,short,1778302800000,1778317200000,0.16622,0.1641054285714286,1.2,1.08681,0.11319,tp,2.0682
BCHUSDT,short,1778389200000,1778389200000,453.6,451.75714285714287,1.2,0.84556,0.35444,tp,3.6508
BCHUSDT,short,1778403600000,1778425200000,453.4,455.0642857142857,-1.0,-1.32692,0.32692,sl,2.7159
BCHUSDT,short,1778432400000,1778432400000,457.5,459.62857142857143,-1.0,-1.25792,0.25792,sl,3.8659
XLMUSDT,short,1778432400000,1778432400000,0.17004,0.171375,-1.0,-1.15284,0.15284,sl,3.8165
BCHUSDT,short,1778446800000,1778450400000,460.1,462.42857142857144,-1.0,-1.23711,0.23711,sl,2.6908
ONDOUSDT,short,1778475600000,1778479200000,0.454,0.43844285714285713,1.2,1.15798,0.04202,tp,3.3844
ONDOUSDT,long,1778605200000,1778634000000,0.3904,0.40088285714285715,1.2,1.14637,0.05363,tp,-2.9261
BCHUSDT,long,1778605200000,1778608800000,436.4,439.64,1.2,1.00604,0.19396,tp,-2.069
XLMUSDT,long,1778605200000,1778612400000,0.16147,0.1631037142857143,1.2,1.05768,0.14232,tp,-2.5655
XLMUSDT,long,1778691600000,1778760000000,0.15885,0.16081628571428572,1.2,1.08367,0.11633,tp,-2.0607
BCHUSDT,long,1778850000000,1778850000000,429.9,427.35714285714283,-1.0,-1.20287,0.20287,sl,-2.2509
ONDOUSDT,long,1778864400000,1778893200000,0.3653,0.3587357142857143,-1.0,-1.06678,0.06678,sl,-2.1304
BCHUSDT,long,1778864400000,1778907600000,426.8,423.89285714285717,-1.0,-1.17617,0.17617,sl,-2.3402
BCHUSDT,long,1778922000000,1778922000000,420.5,418.25714285714287,-1.0,-1.22498,0.22498,sl,-2.0504
BCHUSDT,long,1778936400000,1778947200000,414.1,417.98285714285714,1.2,1.04643,0.15357,tp,-2.2204
BCHUSDT,long,1779066000000,1779066000000,403.3,400.27857142857147,-1.0,-1.16018,0.16018,sl,-2.6441
BCHUSDT,long,1779080400000,1779080400000,384.4,379.5285714285714,-1.0,-1.09469,0.09469,sl,-3.6155
BCHUSDT,long,1779094800000,1779098400000,366.0,358.7,-1.0,-1.06016,0.06016,sl,-3.2983
XLMUSDT,long,1779094800000,1779098400000,0.14768,0.14626714285714287,-1.0,-1.12543,0.12543,sl,-2.9686
XLMUSDT,long,1779123600000,1779127200000,0.14586,0.14454857142857142,-1.0,-1.13347,0.13347,sl,-2.4929
ONDOUSDT,short,1779152400000,1779166800000,0.3893,0.3995285714285714,-1.0,-1.04567,0.04567,sl,3.7015
XLMUSDT,long,1779238800000,1779289200000,0.14279,0.14423,1.2,1.05721,0.14279,tp,-2.1547
XLMUSDT,short,1779397200000,1779422400000,0.14725,0.14864,-1.0,-1.12712,0.12712,sl,2.1242
ONDOUSDT,short,1779440400000,1779440400000,0.4274,0.4360857142857143,-1.0,-1.05905,0.05905,sl,2.03
ONDOUSDT,short,1779454800000,1779454800000,0.4524,0.46312857142857144,-1.0,-1.0506,0.0506,sl,4.2266
XLMUSDT,short,1779454800000,1779454800000,0.15036,0.14903142857142856,1.2,1.03703,0.16297,tp,2.8369
ONDOUSDT,short,1779469200000,1779472800000,0.4452,0.4292314285714286,1.2,1.15985,0.04015,tp,2.1002
BCHUSDT,long,1779498000000,1779505200000,359.3,364.28857142857146,1.2,1.09628,0.10372,tp,-5.4648
BCHUSDT,long,1779512400000,1779519600000,362.9,359.0071428571428,-1.0,-1.11187,0.11187,sl,-2.3914
BCHUSDT,long,1779526800000,1779526800000,357.1,353.0428571428572,-1.0,-1.10562,0.10562,sl,-2.5073
XLMUSDT,long,1779526800000,1779537600000,0.14065,0.14216285714285715,1.2,1.06612,0.13388,tp,-2.7662
BCHUSDT,long,1779541200000,1779548400000,344.5,350.0028571428571,1.2,1.10985,0.09015,tp,-2.7034
XLMUSDT,short,1779699600000,1779699600000,0.15346,0.15196514285714288,1.2,1.05217,0.14783,tp,2.5763
ONDOUSDT,long,1779757200000,1779786000000,0.416,0.4264571428571428,1.2,1.14271,0.05729,tp,-3.4563
XLMUSDT,short,1779901200000,1779901200000,0.16322,0.16002457142857143,1.2,1.12645,0.07355,tp,5.0282
XLMUSDT,short,1779915600000,1779915600000,0.16671,0.16188257142857143,1.2,1.15027,0.04973,tp,3.3338
ONDOUSDT,long,1779930000000,1779930000000,0.383,0.3754857142857143,-1.0,-1.06116,0.06116,sl,-2.4896
BCHUSDT,long,1779930000000,1779937200000,335.4,331.5357142857143,-1.0,-1.10415,0.10415,sl,-2.3475
XLMUSDT,short,1779930000000,1779933600000,0.1728,0.17855500000000002,-1.0,-1.03603,0.03603,sl,3.4673
ONDOUSDT,long,1779944400000,1779984000000,0.3576,0.36697714285714284,1.2,1.14509,0.05491,tp,-3.3707
BCHUSDT,long,1779944400000,1779944400000,331.6,327.6071428571429,-1.0,-1.09966,0.09966,sl,-2.4659
XLMUSDT,short,1779944400000,1779966000000,0.17211,0.17813285714285715,-1.0,-1.03429,0.03429,sl,2.1641
BCHUSDT,long,1779958800000,1779962400000,324.5,320.23571428571427,-1.0,-1.09132,0.09132,sl,-2.6609
BCHUSDT,long,1779973200000,1779976800000,300.2,294.2785714285714,-1.0,-1.06084,0.06084,sl,-4.1162
XLMUSDT,short,1779973200000,1779973200000,0.19004,0.19612714285714283,-1.0,-1.03746,0.03746,sl,3.0749
BCHUSDT,long,1779987600000,1780034400000,299.9,307.54571428571427,1.2,1.14352,0.05648,tp,-2.4269
XLMUSDT,short,1779987600000,1779987600000,0.20206,0.21027785714285713,-1.0,-1.02951,0.02951,sl,2.8008
XLMUSDT,short,1780002000000,1780041600000,0.20568,0.21544642857142857,-1.0,-1.02527,0.02527,sl,2.1663
XLMUSDT,short,1780088400000,1780092000000,0.2411,0.25147142857142857,-1.0,-1.0279,0.0279,sl,2.4435
ONDOUSDT,long,1780102800000,1780106400000,0.3464,0.35425999999999996,1.2,1.13654,0.06346,tp,-3.052
XLMUSDT,short,1780102800000,1780106400000,0.26788,0.27883214285714286,-1.0,-1.02935,0.02935,sl,2.9917
ONDOUSDT,long,1780117200000,1780146000000,0.348,0.3415428571428571,-1.0,-1.06467,0.06467,sl,-2.3617
ONDOUSDT,short,1780189200000,1780192800000,0.3792,0.3703028571428571,1.2,1.13863,0.06137,tp,2.0545
BCHUSDT,long,1780246800000,1780254000000,297.9,300.7542857142857,1.2,1.04971,0.15029,tp,-2.9992
BCHUSDT,long,1780304400000,1780308000000,287.8,283.9214285714286,-1.0,-1.08904,0.08904,sl,-4.0982
BCHUSDT,long,1780318800000,1780333200000,283.4,289.0742857142857,1.2,1.12808,0.07192,tp,-2.8783
ONDOUSDT,short,1780405200000,1780408800000,0.3722,0.36206,1.2,1.14714,0.05286,tp,2.7124
ONDOUSDT,short,1780434000000,1780441200000,0.3972,0.37990285714285715,1.2,1.16693,0.03307,tp,4.0627
ONDOUSDT,short,1780448400000,1780462800000,0.3902,0.40632857142857143,-1.0,-1.02903,0.02903,sl,2.0902
BCHUSDT,long,1780448400000,1780448400000,269.7,264.29285714285714,-1.0,-1.05985,0.05985,sl,-2.6087
BCHUSDT,long,1780462800000,1780516800000,248.0,240.7,-1.0,-1.04077,0.04077,sl,-3.8459
ONDOUSDT,short,1780477200000,1780498800000,0.4178,0.43210000000000004,-1.0,-1.03506,0.03506,sl,2.5681
XLMUSDT,long,1780520400000,1780534800000,0.20998,0.20418,-1.0,-1.04344,0.04344,sl,-2.2178
BCHUSDT,long,1780650000000,1780653600000,222.8,229.0914285714286,1.2,1.149,0.051,tp,-3.7286
BCHUSDT,long,1780664400000,1780664400000,220.7,215.13571428571427,-1.0,-1.0476,0.0476,sl,-2.8529
ONDOUSDT,long,1780722000000,1780725600000,0.3165,0.33142285714285713,1.2,1.16946,0.03054,tp,-2.3994
BCHUSDT,long,1780722000000,1780722000000,203.3,210.45714285714288,1.2,1.1591,0.0409,tp,-2.0899
XLMUSDT,short,1780765200000,1780768800000,0.21328,0.20613657142857142,1.2,1.15701,0.04299,tp,2.4781
BCHUSDT,long,1780909200000,1780930800000,201.7,208.54,1.2,1.15754,0.04246,tp,-4.662
ONDOUSDT,short,1780923600000,1780934400000,0.3682,0.3772142857142857,-1.0,-1.04902,0.04902,sl,2.2897
XLMUSDT,long,1781024400000,1781053200000,0.19349,0.18979285714285715,-1.0,-1.0628,0.0628,sl,-2.8192
XLMUSDT,long,1781067600000,1781071200000,0.18709,0.18414285714285716,-1.0,-1.07618,0.07618,sl,-2.5672
ONDOUSDT,long,1781082000000,1781096400000,0.345,0.35262,1.2,1.1348,0.0652,tp,-2.2172
BCHUSDT,long,1781082000000,1781082000000,196.4,193.82857142857142,-1.0,-1.09165,0.09165,sl,-2.7732
XLMUSDT,long,1781082000000,1781085600000,0.18248,0.185798,1.2,1.1208,0.0792,tp,-2.6443
ONDOUSDT,long,1781125200000,1781146800000,0.3323,0.34112,1.2,1.14575,0.05425,tp,-2.552
XLMUSDT,long,1781326800000,1781334000000,0.18508,0.18775257142857144,1.2,1.10028,0.09972,tp,-2.0448
ONDOUSDT,short,1781355600000,1781366400000,0.3741,0.3682542857142857,1.2,1.10785,0.09215,tp,2.5239
BCHUSDT,short,1781355600000,1781413200000,208.0,205.5742857142857,1.2,1.07652,0.12348,tp,2.0185
XLMUSDT,long,1781442000000,1781449200000,0.18273,0.1810057142857143,-1.0,-1.12717,0.12717,sl,-2.3493
ONDOUSDT,short,1781499600000,1781499600000,0.3781,0.3844142857142857,-1.0,-1.07186,0.07186,sl,2.0318
BCHUSDT,short,1781528400000,1781532000000,227.5,230.82142857142856,-1.0,-1.08219,0.08219,sl,3.6865
XLMUSDT,short,1781528400000,1781528400000,0.20347,0.20707285714285714,-1.0,-1.06777,0.06777,sl,4.8097
BCHUSDT,short,1781542800000,1781550000000,225.7,221.38857142857142,1.2,1.12462,0.07538,tp,2.1274
XLMUSDT,short,1781542800000,1781542800000,0.22619,0.23248428571428573,-1.0,-1.04312,0.04312,sl,4.3089
XLMUSDT,short,1781557200000,1781575200000,0.22045,0.21122628571428573,1.2,1.16558,0.03442,tp,2.1866
ONDOUSDT,long,1781758800000,1781769600000,0.358,0.36804571428571425,1.2,1.14868,0.05132,tp,-2.4634
BCHUSDT,long,1781758800000,1781791200000,207.1,203.64285714285714,-1.0,-1.07189,0.07189,sl,-2.2095
XLMUSDT,short,1781773200000,1781773200000,0.23851,0.24545214285714284,-1.0,-1.04123,0.04123,sl,2.4084
XLMUSDT,short,1781787600000,1781794800000,0.24468,0.23589685714285716,1.2,1.15988,0.04012,tp,2.739
BCHUSDT,long,1781802000000,1781838000000,196.9,193.7214285714286,-1.0,-1.07434,0.07434,sl,-3.2964
ONDOUSDT,long,1781845200000,1781928000000,0.3517,0.3507,-0.13462,-0.19143,0.05681,time,-2.0967
BCHUSDT,long,1781845200000,1781874000000,193.4,197.10285714285715,1.2,1.12479,0.07521,tp,-2.0736
ONDOUSDT,long,1781974800000,1781974800000,0.3407,0.3363857142857143,-1.0,-1.09476,0.09476,sl,-2.3166
BCHUSDT,long,1782075600000,1782075600000,196.9,195.60000000000002,-1.0,-1.18175,0.18175,sl,-2.1678
BCHUSDT,short,1782133200000,1782133200000,202.1,204.14285714285714,-1.0,-1.11872,0.11872,sl,3.2562
ONDOUSDT,long,1782147600000,1782165600000,0.332,0.3280357142857143,-1.0,-1.1005,0.1005,sl,-2.097
XLMUSDT,long,1782147600000,1782151200000,0.20698,0.20407714285714285,-1.0,-1.08556,0.08556,sl,-3.1101
XLMUSDT,long,1782162000000,1782165600000,0.20461,0.20137357142857143,-1.0,-1.07587,0.07587,sl,-2.6956
ONDOUSDT,long,1782176400000,1782183600000,0.328,0.3235857142857143,-1.0,-1.08917,0.08917,sl,-2.2444
BCHUSDT,long,1782176400000,1782194400000,195.7,193.22142857142856,-1.0,-1.09475,0.09475,sl,-2.0083
XLMUSDT,long,1782176400000,1782183600000,0.20116,0.19793714285714287,-1.0,-1.0749,0.0749,sl,-2.7988
ONDOUSDT,long,1782190800000,1782194400000,0.3201,0.31614285714285717,-1.0,-1.09707,0.09707,sl,-3.299
XLMUSDT,long,1782190800000,1782194400000,0.19657,0.19378714285714285,-1.0,-1.08476,0.08476,sl,-2.7938
ONDOUSDT,long,1782205200000,1782219600000,0.3141,0.30970714285714285,-1.0,-1.0858,0.0858,sl,-2.8163
BCHUSDT,long,1782205200000,1782212400000,188.5,191.42285714285714,1.2,1.10713,0.09287,tp,-3.9284
XLMUSDT,long,1782205200000,1782244800000,0.19229,0.1951665714285714,1.2,1.10374,0.09626,tp,-2.6555
BCHUSDT,long,1782320400000,1782331200000,182.1,185.04,1.2,1.11081,0.08919,tp,-3.9641
XLMUSDT,long,1782320400000,1782320400000,0.18446,0.1822407142857143,-1.0,-1.09974,0.09974,sl,-2.1325
XLMUSDT,long,1782406800000,1782439200000,0.17655,0.17368,-1.0,-1.07382,0.07382,sl,-2.3163
BCHUSDT,short,1782493200000,1782518400000,200.0,195.89428571428573,1.2,1.12985,0.07015,tp,2.2349
BCHUSDT,long,1782666000000,1782666000000,191.0,189.29285714285714,-1.0,-1.13426,0.13426,sl,-2.586
ONDOUSDT,short,1782766800000,1782777600000,0.3173,0.31244,1.2,1.10599,0.09401,tp,2.2863
BCHUSDT,short,1782766800000,1782781200000,201.7,198.5885714285714,1.2,1.10665,0.09335,tp,2.5285
XLMUSDT,short,1782795600000,1782795600000,0.18688,0.183502,1.2,1.12034,0.07966,tp,5.2883
ONDOUSDT,long,1782824400000,1782824400000,0.3047,0.3082657142857143,1.2,1.07695,0.12305,tp,-2.09
XLMUSDT,short,1782867600000,1782867600000,0.19491,0.19916785714285715,-1.0,-1.05493,0.05493,sl,3.5439
BCHUSDT,short,1782882000000,1782885600000,206.5,202.64285714285714,1.2,1.12291,0.07709,tp,2.808
XLMUSDT,short,1782882000000,1782950400000,0.2001,0.19370228571428572,1.2,1.15496,0.04504,tp,2.4691
BCHUSDT,short,1782925200000,1782939600000,212.7,216.34285714285713,-1.0,-1.07007,0.07007,sl,2.835
ONDOUSDT,short,1782954000000,1782954000000,0.3249,0.32951428571428576,-1.0,-1.08449,0.08449,sl,2.4298
ONDOUSDT,short,1782968400000,1782993600000,0.3321,0.33717857142857144,-1.0,-1.07847,0.07847,sl,2.4028
XLMUSDT,short,1783112400000,1783119600000,0.20555,0.20392,0.57265,0.48599,0.08666,time,2.6687
