candidate,fold,train_start,train_end,oos_start,oos_end,picked,status,trades,net_pnl,profit_factor,winrate,max_drawdown,run_dir,error
td30_lb60_top3_s0.4_w1.5-8,0,2025-04-05,2025-05-05,2025-05-05,2025-08-03,"1000PEPEUSDT,DOGEUSDT",ok,33,-5.9,0.26,0.152,6.7002,backtest_runs/portfolio_20260704_085014_ars1_dynamic_range_picker_td30_lb60_top3_s0.4_w1.5-8_f0_20260704_055013,
td30_lb60_top3_s0.4_w1.5-8,1,2025-07-04,2025-08-03,2025-08-03,2025-11-01,,no_picks,0,0.0,0.0,0.0,0.0,,
td30_lb60_top3_s0.4_w1.5-8,2,2025-10-02,2025-11-01,2025-11-01,2026-01-30,"TAOUSDT,1000PEPEUSDT",ok,17,1.06,1.287,0.294,2.013,backtest_runs/portfolio_20260704_085019_ars1_dynamic_range_picker_td30_lb60_top3_s0.4_w1.5-8_f2_20260704_055013,
td30_lb60_top3_s0.4_w1.5-8,3,2025-12-31,2026-01-30,2026-01-30,2026-04-30,XLMUSDT,ok,1,-0.36,0.0,0.0,0.3565,backtest_runs/portfolio_20260704_085023_ars1_dynamic_range_picker_td30_lb60_top3_s0.4_w1.5-8_f3_20260704_055013,
td30_lb60_top3_s0.4_w1.5-12,0,2025-04-05,2025-05-05,2025-05-05,2025-08-03,"1000PEPEUSDT,DOGEUSDT",ok,33,-5.9,0.26,0.152,6.7002,backtest_runs/portfolio_20260704_085026_ars1_dynamic_range_picker_td30_lb60_top3_s0.4_w1.5-12_f0_20260704_055013,
td30_lb60_top3_s0.4_w1.5-12,1,2025-07-04,2025-08-03,2025-08-03,2025-11-01,,no_picks,0,0.0,0.0,0.0,0.0,,
td30_lb60_top3_s0.4_w1.5-12,2,2025-10-02,2025-11-01,2025-11-01,2026-01-30,"TAOUSDT,1000PEPEUSDT",ok,17,1.06,1.287,0.294,2.013,backtest_runs/portfolio_20260704_085030_ars1_dynamic_range_picker_td30_lb60_top3_s0.4_w1.5-12_f2_20260704_055013,
td30_lb60_top3_s0.4_w1.5-12,3,2025-12-31,2026-01-30,2026-01-30,2026-04-30,XLMUSDT,ok,1,-0.36,0.0,0.0,0.3565,backtest_runs/portfolio_20260704_085034_ars1_dynamic_range_picker_td30_lb60_top3_s0.4_w1.5-12_f3_20260704_055013,
td30_lb60_top3_s0.4_w2-8,0,2025-04-05,2025-05-05,2025-05-05,2025-08-03,"1000PEPEUSDT,DOGEUSDT",ok,33,-5.9,0.26,0.152,6.7002,backtest_runs/portfolio_20260704_085038_ars1_dynamic_range_picker_td30_lb60_top3_s0.4_w2-8_f0_20260704_055013,
td30_lb60_top3_s0.4_w2-8,1,2025-07-04,2025-08-03,2025-08-03,2025-11-01,,no_picks,0,0.0,0.0,0.0,0.0,,
td30_lb60_top3_s0.4_w2-8,2,2025-10-02,2025-11-01,2025-11-01,2026-01-30,TAOUSDT,ok,10,0.35,1.17,0.3,1.9225,backtest_runs/portfolio_20260704_085042_ars1_dynamic_range_picker_td30_lb60_top3_s0.4_w2-8_f2_20260704_055013,
td30_lb60_top3_s0.4_w2-8,3,2025-12-31,2026-01-30,2026-01-30,2026-04-30,,no_picks,0,0.0,0.0,0.0,0.0,,
td30_lb60_top3_s0.4_w2-12,0,2025-04-05,2025-05-05,2025-05-05,2025-08-03,"1000PEPEUSDT,DOGEUSDT",ok,33,-5.9,0.26,0.152,6.7002,backtest_runs/portfolio_20260704_085045_ars1_dynamic_range_picker_td30_lb60_top3_s0.4_w2-12_f0_20260704_055013,
td30_lb60_top3_s0.4_w2-12,1,2025-07-04,2025-08-03,2025-08-03,2025-11-01,,no_picks,0,0.0,0.0,0.0,0.0,,
td30_lb60_top3_s0.4_w2-12,2,2025-10-02,2025-11-01,2025-11-01,2026-01-30,TAOUSDT,ok,10,0.35,1.17,0.3,1.9225,backtest_runs/portfolio_20260704_085049_ars1_dynamic_range_picker_td30_lb60_top3_s0.4_w2-12_f2_20260704_055013,
td30_lb60_top3_s0.4_w2-12,3,2025-12-31,2026-01-30,2026-01-30,2026-04-30,,no_picks,0,0.0,0.0,0.0,0.0,,
td30_lb60_top3_s0.5_w1.5-8,0,2025-04-05,2025-05-05,2025-05-05,2025-08-03,"1000PEPEUSDT,DOGEUSDT",ok,33,-5.9,0.26,0.152,6.7002,backtest_runs/portfolio_20260704_085053_ars1_dynamic_range_picker_td30_lb60_top3_s0.5_w1.5-8_f0_20260704_055013,
td30_lb60_top3_s0.5_w1.5-8,1,2025-07-04,2025-08-03,2025-08-03,2025-11-01,,no_picks,0,0.0,0.0,0.0,0.0,,
td30_lb60_top3_s0.5_w1.5-8,2,2025-10-02,2025-11-01,2025-11-01,2026-01-30,"TAOUSDT,1000PEPEUSDT",ok,17,1.06,1.287,0.294,2.013,backtest_runs/portfolio_20260704_085057_ars1_dynamic_range_picker_td30_lb60_top3_s0.5_w1.5-8_f2_20260704_055013,
td30_lb60_top3_s0.5_w1.5-8,3,2025-12-31,2026-01-30,2026-01-30,2026-04-30,XLMUSDT,ok,1,-0.36,0.0,0.0,0.3565,backtest_runs/portfolio_20260704_085101_ars1_dynamic_range_picker_td30_lb60_top3_s0.5_w1.5-8_f3_20260704_055013,
td30_lb60_top3_s0.5_w1.5-12,0,2025-04-05,2025-05-05,2025-05-05,2025-08-03,"1000PEPEUSDT,DOGEUSDT",ok,33,-5.9,0.26,0.152,6.7002,backtest_runs/portfolio_20260704_085104_ars1_dynamic_range_picker_td30_lb60_top3_s0.5_w1.5-12_f0_20260704_055013,
td30_lb60_top3_s0.5_w1.5-12,1,2025-07-04,2025-08-03,2025-08-03,2025-11-01,,no_picks,0,0.0,0.0,0.0,0.0,,
td30_lb60_top3_s0.5_w1.5-12,2,2025-10-02,2025-11-01,2025-11-01,2026-01-30,"TAOUSDT,1000PEPEUSDT",ok,17,1.06,1.287,0.294,2.013,backtest_runs/portfolio_20260704_085109_ars1_dynamic_range_picker_td30_lb60_top3_s0.5_w1.5-12_f2_20260704_055013,
td30_lb60_top3_s0.5_w1.5-12,3,2025-12-31,2026-01-30,2026-01-30,2026-04-30,XLMUSDT,ok,1,-0.36,0.0,0.0,0.3565,backtest_runs/portfolio_20260704_085113_ars1_dynamic_range_picker_td30_lb60_top3_s0.5_w1.5-12_f3_20260704_055013,
td30_lb60_top3_s0.5_w2-8,0,2025-04-05,2025-05-05,2025-05-05,2025-08-03,"1000PEPEUSDT,DOGEUSDT",ok,33,-5.9,0.26,0.152,6.7002,backtest_runs/portfolio_20260704_085116_ars1_dynamic_range_picker_td30_lb60_top3_s0.5_w2-8_f0_20260704_055013,
td30_lb60_top3_s0.5_w2-8,1,2025-07-04,2025-08-03,2025-08-03,2025-11-01,,no_picks,0,0.0,0.0,0.0,0.0,,
td30_lb60_top3_s0.5_w2-8,2,2025-10-02,2025-11-01,2025-11-01,2026-01-30,TAOUSDT,ok,10,0.35,1.17,0.3,1.9225,backtest_runs/portfolio_20260704_085120_ars1_dynamic_range_picker_td30_lb60_top3_s0.5_w2-8_f2_20260704_055013,
td30_lb60_top3_s0.5_w2-8,3,2025-12-31,2026-01-30,2026-01-30,2026-04-30,,no_picks,0,0.0,0.0,0.0,0.0,,
td30_lb60_top3_s0.5_w2-12,0,2025-04-05,2025-05-05,2025-05-05,2025-08-03,"1000PEPEUSDT,DOGEUSDT",ok,33,-5.9,0.26,0.152,6.7002,backtest_runs/portfolio_20260704_085124_ars1_dynamic_range_picker_td30_lb60_top3_s0.5_w2-12_f0_20260704_055013,
td30_lb60_top3_s0.5_w2-12,1,2025-07-04,2025-08-03,2025-08-03,2025-11-01,,no_picks,0,0.0,0.0,0.0,0.0,,
td30_lb60_top3_s0.5_w2-12,2,2025-10-02,2025-11-01,2025-11-01,2026-01-30,TAOUSDT,ok,10,0.35,1.17,0.3,1.9225,backtest_runs/portfolio_20260704_085128_ars1_dynamic_range_picker_td30_lb60_top3_s0.5_w2-12_f2_20260704_055013,
td30_lb60_top3_s0.5_w2-12,3,2025-12-31,2026-01-30,2026-01-30,2026-04-30,,no_picks,0,0.0,0.0,0.0,0.0,,
td30_lb60_top3_s0.6_w1.5-8,0,2025-04-05,2025-05-05,2025-05-05,2025-08-03,1000PEPEUSDT,ok,22,-2.78,0.427,0.227,3.8566,backtest_runs/portfolio_20260704_085131_ars1_dynamic_range_picker_td30_lb60_top3_s0.6_w1.5-8_f0_20260704_055013,
td30_lb60_top3_s0.6_w1.5-8,1,2025-07-04,2025-08-03,2025-08-03,2025-11-01,,no_picks,0,0.0,0.0,0.0,0.0,,
td30_lb60_top3_s0.6_w1.5-8,2,2025-10-02,2025-11-01,2025-11-01,2026-01-30,"TAOUSDT,1000PEPEUSDT",ok,17,1.06,1.287,0.294,2.013,backtest_runs/portfolio_20260704_085134_ars1_dynamic_range_picker_td30_lb60_top3_s0.6_w1.5-8_f2_20260704_055013,
td30_lb60_top3_s0.6_w1.5-8,3,2025-12-31,2026-01-30,2026-01-30,2026-04-30,,no_picks,0,0.0,0.0,0.0,0.0,,
td30_lb60_top3_s0.6_w1.5-12,0,2025-04-05,2025-05-05,2025-05-05,2025-08-03,1000PEPEUSDT,ok,22,-2.78,0.427,0.227,3.8566,backtest_runs/portfolio_20260704_085139_ars1_dynamic_range_picker_td30_lb60_top3_s0.6_w1.5-12_f0_20260704_055013,
td30_lb60_top3_s0.6_w1.5-12,1,2025-07-04,2025-08-03,2025-08-03,2025-11-01,,no_picks,0,0.0,0.0,0.0,0.0,,
td30_lb60_top3_s0.6_w1.5-12,2,2025-10-02,2025-11-01,2025-11-01,2026-01-30,"TAOUSDT,1000PEPEUSDT",ok,17,1.06,1.287,0.294,2.013,backtest_runs/portfolio_20260704_085142_ars1_dynamic_range_picker_td30_lb60_top3_s0.6_w1.5-12_f2_20260704_055013,
td30_lb60_top3_s0.6_w1.5-12,3,2025-12-31,2026-01-30,2026-01-30,2026-04-30,,no_picks,0,0.0,0.0,0.0,0.0,,
td30_lb60_top3_s0.6_w2-8,0,2025-04-05,2025-05-05,2025-05-05,2025-08-03,1000PEPEUSDT,ok,22,-2.78,0.427,0.227,3.8566,backtest_runs/portfolio_20260704_085146_ars1_dynamic_range_picker_td30_lb60_top3_s0.6_w2-8_f0_20260704_055013,
td30_lb60_top3_s0.6_w2-8,1,2025-07-04,2025-08-03,2025-08-03,2025-11-01,,no_picks,0,0.0,0.0,0.0,0.0,,
td30_lb60_top3_s0.6_w2-8,2,2025-10-02,2025-11-01,2025-11-01,2026-01-30,TAOUSDT,ok,10,0.35,1.17,0.3,1.9225,backtest_runs/portfolio_20260704_085149_ars1_dynamic_range_picker_td30_lb60_top3_s0.6_w2-8_f2_20260704_055013,
td30_lb60_top3_s0.6_w2-8,3,2025-12-31,2026-01-30,2026-01-30,2026-04-30,,no_picks,0,0.0,0.0,0.0,0.0,,
td30_lb60_top3_s0.6_w2-12,0,2025-04-05,2025-05-05,2025-05-05,2025-08-03,1000PEPEUSDT,ok,22,-2.78,0.427,0.227,3.8566,backtest_runs/portfolio_20260704_085152_ars1_dynamic_range_picker_td30_lb60_top3_s0.6_w2-12_f0_20260704_055013,
td30_lb60_top3_s0.6_w2-12,1,2025-07-04,2025-08-03,2025-08-03,2025-11-01,,no_picks,0,0.0,0.0,0.0,0.0,,
td30_lb60_top3_s0.6_w2-12,2,2025-10-02,2025-11-01,2025-11-01,2026-01-30,TAOUSDT,ok,10,0.35,1.17,0.3,1.9225,backtest_runs/portfolio_20260704_085155_ars1_dynamic_range_picker_td30_lb60_top3_s0.6_w2-12_f2_20260704_055013,
td30_lb60_top3_s0.6_w2-12,3,2025-12-31,2026-01-30,2026-01-30,2026-04-30,,no_picks,0,0.0,0.0,0.0,0.0,,
td30_lb60_top5_s0.4_w1.5-8,0,2025-04-05,2025-05-05,2025-05-05,2025-08-03,"1000PEPEUSDT,DOGEUSDT",ok,33,-5.9,0.26,0.152,6.7002,backtest_runs/portfolio_20260704_085158_ars1_dynamic_range_picker_td30_lb60_top5_s0.4_w1.5-8_f0_20260704_055013,
td30_lb60_top5_s0.4_w1.5-8,1,2025-07-04,2025-08-03,2025-08-03,2025-11-01,,no_picks,0,0.0,0.0,0.0,0.0,,
td30_lb60_top5_s0.4_w1.5-8,2,2025-10-02,2025-11-01,2025-11-01,2026-01-30,"TAOUSDT,1000PEPEUSDT",ok,17,1.06,1.287,0.294,2.013,backtest_runs/portfolio_20260704_085203_ars1_dynamic_range_picker_td30_lb60_top5_s0.4_w1.5-8_f2_20260704_055013,
td30_lb60_top5_s0.4_w1.5-8,3,2025-12-31,2026-01-30,2026-01-30,2026-04-30,XLMUSDT,ok,1,-0.36,0.0,0.0,0.3565,backtest_runs/portfolio_20260704_085207_ars1_dynamic_range_picker_td30_lb60_top5_s0.4_w1.5-8_f3_20260704_055013,
td30_lb60_top5_s0.4_w1.5-12,0,2025-04-05,2025-05-05,2025-05-05,2025-08-03,"1000PEPEUSDT,DOGEUSDT",ok,33,-5.9,0.26,0.152,6.7002,backtest_runs/portfolio_20260704_085210_ars1_dynamic_range_picker_td30_lb60_top5_s0.4_w1.5-12_f0_20260704_055013,
td30_lb60_top5_s0.4_w1.5-12,1,2025-07-04,2025-08-03,2025-08-03,2025-11-01,,no_picks,0,0.0,0.0,0.0,0.0,,
td30_lb60_top5_s0.4_w1.5-12,2,2025-10-02,2025-11-01,2025-11-01,2026-01-30,"TAOUSDT,1000PEPEUSDT",ok,17,1.06,1.287,0.294,2.013,backtest_runs/portfolio_20260704_085215_ars1_dynamic_range_picker_td30_lb60_top5_s0.4_w1.5-12_f2_20260704_055013,
td30_lb60_top5_s0.4_w1.5-12,3,2025-12-31,2026-01-30,2026-01-30,2026-04-30,XLMUSDT,ok,1,-0.36,0.0,0.0,0.3565,backtest_runs/portfolio_20260704_085219_ars1_dynamic_range_picker_td30_lb60_top5_s0.4_w1.5-12_f3_20260704_055013,
td30_lb60_top5_s0.4_w2-8,0,2025-04-05,2025-05-05,2025-05-05,2025-08-03,"1000PEPEUSDT,DOGEUSDT",ok,33,-5.9,0.26,0.152,6.7002,backtest_runs/portfolio_20260704_085222_ars1_dynamic_range_picker_td30_lb60_top5_s0.4_w2-8_f0_20260704_055013,
td30_lb60_top5_s0.4_w2-8,1,2025-07-04,2025-08-03,2025-08-03,2025-11-01,,no_picks,0,0.0,0.0,0.0,0.0,,
td30_lb60_top5_s0.4_w2-8,2,2025-10-02,2025-11-01,2025-11-01,2026-01-30,TAOUSDT,ok,10,0.35,1.17,0.3,1.9225,backtest_runs/portfolio_20260704_085227_ars1_dynamic_range_picker_td30_lb60_top5_s0.4_w2-8_f2_20260704_055013,
td30_lb60_top5_s0.4_w2-8,3,2025-12-31,2026-01-30,2026-01-30,2026-04-30,,no_picks,0,0.0,0.0,0.0,0.0,,
td30_lb60_top5_s0.4_w2-12,0,2025-04-05,2025-05-05,2025-05-05,2025-08-03,"1000PEPEUSDT,DOGEUSDT",ok,33,-5.9,0.26,0.152,6.7002,backtest_runs/portfolio_20260704_085230_ars1_dynamic_range_picker_td30_lb60_top5_s0.4_w2-12_f0_20260704_055013,
td30_lb60_top5_s0.4_w2-12,1,2025-07-04,2025-08-03,2025-08-03,2025-11-01,,no_picks,0,0.0,0.0,0.0,0.0,,
td30_lb60_top5_s0.4_w2-12,2,2025-10-02,2025-11-01,2025-11-01,2026-01-30,TAOUSDT,ok,10,0.35,1.17,0.3,1.9225,backtest_runs/portfolio_20260704_085234_ars1_dynamic_range_picker_td30_lb60_top5_s0.4_w2-12_f2_20260704_055013,
td30_lb60_top5_s0.4_w2-12,3,2025-12-31,2026-01-30,2026-01-30,2026-04-30,,no_picks,0,0.0,0.0,0.0,0.0,,
td30_lb60_top5_s0.5_w1.5-8,0,2025-04-05,2025-05-05,2025-05-05,2025-08-03,"1000PEPEUSDT,DOGEUSDT",ok,33,-5.9,0.26,0.152,6.7002,backtest_runs/portfolio_20260704_085238_ars1_dynamic_range_picker_td30_lb60_top5_s0.5_w1.5-8_f0_20260704_055013,
td30_lb60_top5_s0.5_w1.5-8,1,2025-07-04,2025-08-03,2025-08-03,2025-11-01,,no_picks,0,0.0,0.0,0.0,0.0,,
td30_lb60_top5_s0.5_w1.5-8,2,2025-10-02,2025-11-01,2025-11-01,2026-01-30,"TAOUSDT,1000PEPEUSDT",ok,17,1.06,1.287,0.294,2.013,backtest_runs/portfolio_20260704_085242_ars1_dynamic_range_picker_td30_lb60_top5_s0.5_w1.5-8_f2_20260704_055013,
td30_lb60_top5_s0.5_w1.5-8,3,2025-12-31,2026-01-30,2026-01-30,2026-04-30,XLMUSDT,ok,1,-0.36,0.0,0.0,0.3565,backtest_runs/portfolio_20260704_085247_ars1_dynamic_range_picker_td30_lb60_top5_s0.5_w1.5-8_f3_20260704_055013,
td30_lb60_top5_s0.5_w1.5-12,0,2025-04-05,2025-05-05,2025-05-05,2025-08-03,"1000PEPEUSDT,DOGEUSDT",ok,33,-5.9,0.26,0.152,6.7002,backtest_runs/portfolio_20260704_085250_ars1_dynamic_range_picker_td30_lb60_top5_s0.5_w1.5-12_f0_20260704_055013,
td30_lb60_top5_s0.5_w1.5-12,1,2025-07-04,2025-08-03,2025-08-03,2025-11-01,,no_picks,0,0.0,0.0,0.0,0.0,,
td30_lb60_top5_s0.5_w1.5-12,2,2025-10-02,2025-11-01,2025-11-01,2026-01-30,"TAOUSDT,1000PEPEUSDT",ok,17,1.06,1.287,0.294,2.013,backtest_runs/portfolio_20260704_085255_ars1_dynamic_range_picker_td30_lb60_top5_s0.5_w1.5-12_f2_20260704_055013,
td30_lb60_top5_s0.5_w1.5-12,3,2025-12-31,2026-01-30,2026-01-30,2026-04-30,XLMUSDT,ok,1,-0.36,0.0,0.0,0.3565,backtest_runs/portfolio_20260704_085259_ars1_dynamic_range_picker_td30_lb60_top5_s0.5_w1.5-12_f3_20260704_055013,
td30_lb60_top5_s0.5_w2-8,0,2025-04-05,2025-05-05,2025-05-05,2025-08-03,"1000PEPEUSDT,DOGEUSDT",ok,33,-5.9,0.26,0.152,6.7002,backtest_runs/portfolio_20260704_085302_ars1_dynamic_range_picker_td30_lb60_top5_s0.5_w2-8_f0_20260704_055013,
td30_lb60_top5_s0.5_w2-8,1,2025-07-04,2025-08-03,2025-08-03,2025-11-01,,no_picks,0,0.0,0.0,0.0,0.0,,
td30_lb60_top5_s0.5_w2-8,2,2025-10-02,2025-11-01,2025-11-01,2026-01-30,TAOUSDT,ok,10,0.35,1.17,0.3,1.9225,backtest_runs/portfolio_20260704_085306_ars1_dynamic_range_picker_td30_lb60_top5_s0.5_w2-8_f2_20260704_055013,
td30_lb60_top5_s0.5_w2-8,3,2025-12-31,2026-01-30,2026-01-30,2026-04-30,,no_picks,0,0.0,0.0,0.0,0.0,,
td30_lb60_top5_s0.5_w2-12,0,2025-04-05,2025-05-05,2025-05-05,2025-08-03,"1000PEPEUSDT,DOGEUSDT",ok,33,-5.9,0.26,0.152,6.7002,backtest_runs/portfolio_20260704_085309_ars1_dynamic_range_picker_td30_lb60_top5_s0.5_w2-12_f0_20260704_055013,
td30_lb60_top5_s0.5_w2-12,1,2025-07-04,2025-08-03,2025-08-03,2025-11-01,,no_picks,0,0.0,0.0,0.0,0.0,,
td30_lb60_top5_s0.5_w2-12,2,2025-10-02,2025-11-01,2025-11-01,2026-01-30,TAOUSDT,ok,10,0.35,1.17,0.3,1.9225,backtest_runs/portfolio_20260704_085314_ars1_dynamic_range_picker_td30_lb60_top5_s0.5_w2-12_f2_20260704_055013,
td30_lb60_top5_s0.5_w2-12,3,2025-12-31,2026-01-30,2026-01-30,2026-04-30,,no_picks,0,0.0,0.0,0.0,0.0,,
td30_lb60_top5_s0.6_w1.5-8,0,2025-04-05,2025-05-05,2025-05-05,2025-08-03,1000PEPEUSDT,ok,22,-2.78,0.427,0.227,3.8566,backtest_runs/portfolio_20260704_085317_ars1_dynamic_range_picker_td30_lb60_top5_s0.6_w1.5-8_f0_20260704_055013,
td30_lb60_top5_s0.6_w1.5-8,1,2025-07-04,2025-08-03,2025-08-03,2025-11-01,,no_picks,0,0.0,0.0,0.0,0.0,,
td30_lb60_top5_s0.6_w1.5-8,2,2025-10-02,2025-11-01,2025-11-01,2026-01-30,"TAOUSDT,1000PEPEUSDT",ok,17,1.06,1.287,0.294,2.013,backtest_runs/portfolio_20260704_085320_ars1_dynamic_range_picker_td30_lb60_top5_s0.6_w1.5-8_f2_20260704_055013,
td30_lb60_top5_s0.6_w1.5-8,3,2025-12-31,2026-01-30,2026-01-30,2026-04-30,,no_picks,0,0.0,0.0,0.0,0.0,,
td30_lb60_top5_s0.6_w1.5-12,0,2025-04-05,2025-05-05,2025-05-05,2025-08-03,1000PEPEUSDT,ok,22,-2.78,0.427,0.227,3.8566,backtest_runs/portfolio_20260704_085324_ars1_dynamic_range_picker_td30_lb60_top5_s0.6_w1.5-12_f0_20260704_055013,
td30_lb60_top5_s0.6_w1.5-12,1,2025-07-04,2025-08-03,2025-08-03,2025-11-01,,no_picks,0,0.0,0.0,0.0,0.0,,
td30_lb60_top5_s0.6_w1.5-12,2,2025-10-02,2025-11-01,2025-11-01,2026-01-30,"TAOUSDT,1000PEPEUSDT",ok,17,1.06,1.287,0.294,2.013,backtest_runs/portfolio_20260704_085327_ars1_dynamic_range_picker_td30_lb60_top5_s0.6_w1.5-12_f2_20260704_055013,
td30_lb60_top5_s0.6_w1.5-12,3,2025-12-31,2026-01-30,2026-01-30,2026-04-30,,no_picks,0,0.0,0.0,0.0,0.0,,
td30_lb60_top5_s0.6_w2-8,0,2025-04-05,2025-05-05,2025-05-05,2025-08-03,1000PEPEUSDT,ok,22,-2.78,0.427,0.227,3.8566,backtest_runs/portfolio_20260704_085332_ars1_dynamic_range_picker_td30_lb60_top5_s0.6_w2-8_f0_20260704_055013,
td30_lb60_top5_s0.6_w2-8,1,2025-07-04,2025-08-03,2025-08-03,2025-11-01,,no_picks,0,0.0,0.0,0.0,0.0,,
td30_lb60_top5_s0.6_w2-8,2,2025-10-02,2025-11-01,2025-11-01,2026-01-30,TAOUSDT,ok,10,0.35,1.17,0.3,1.9225,backtest_runs/portfolio_20260704_085335_ars1_dynamic_range_picker_td30_lb60_top5_s0.6_w2-8_f2_20260704_055013,
td30_lb60_top5_s0.6_w2-8,3,2025-12-31,2026-01-30,2026-01-30,2026-04-30,,no_picks,0,0.0,0.0,0.0,0.0,,
td30_lb60_top5_s0.6_w2-12,0,2025-04-05,2025-05-05,2025-05-05,2025-08-03,1000PEPEUSDT,ok,22,-2.78,0.427,0.227,3.8566,backtest_runs/portfolio_20260704_085337_ars1_dynamic_range_picker_td30_lb60_top5_s0.6_w2-12_f0_20260704_055013,
td30_lb60_top5_s0.6_w2-12,1,2025-07-04,2025-08-03,2025-08-03,2025-11-01,,no_picks,0,0.0,0.0,0.0,0.0,,
td30_lb60_top5_s0.6_w2-12,2,2025-10-02,2025-11-01,2025-11-01,2026-01-30,TAOUSDT,ok,10,0.35,1.17,0.3,1.9225,backtest_runs/portfolio_20260704_085340_ars1_dynamic_range_picker_td30_lb60_top5_s0.6_w2-12_f2_20260704_055013,
td30_lb60_top5_s0.6_w2-12,3,2025-12-31,2026-01-30,2026-01-30,2026-04-30,,no_picks,0,0.0,0.0,0.0,0.0,,
td30_lb60_top8_s0.4_w1.5-8,0,2025-04-05,2025-05-05,2025-05-05,2025-08-03,"1000PEPEUSDT,DOGEUSDT",ok,33,-5.9,0.26,0.152,6.7002,backtest_runs/portfolio_20260704_085344_ars1_dynamic_range_picker_td30_lb60_top8_s0.4_w1.5-8_f0_20260704_055013,
td30_lb60_top8_s0.4_w1.5-8,1,2025-07-04,2025-08-03,2025-08-03,2025-11-01,,no_picks,0,0.0,0.0,0.0,0.0,,
td30_lb60_top8_s0.4_w1.5-8,2,2025-10-02,2025-11-01,2025-11-01,2026-01-30,"TAOUSDT,1000PEPEUSDT",ok,17,1.06,1.287,0.294,2.013,backtest_runs/portfolio_20260704_085348_ars1_dynamic_range_picker_td30_lb60_top8_s0.4_w1.5-8_f2_20260704_055013,
td30_lb60_top8_s0.4_w1.5-8,3,2025-12-31,2026-01-30,2026-01-30,2026-04-30,XLMUSDT,ok,1,-0.36,0.0,0.0,0.3565,backtest_runs/portfolio_20260704_085352_ars1_dynamic_range_picker_td30_lb60_top8_s0.4_w1.5-8_f3_20260704_055013,
td30_lb60_top8_s0.4_w1.5-12,0,2025-04-05,2025-05-05,2025-05-05,2025-08-03,"1000PEPEUSDT,DOGEUSDT",ok,33,-5.9,0.26,0.152,6.7002,backtest_runs/portfolio_20260704_085356_ars1_dynamic_range_picker_td30_lb60_top8_s0.4_w1.5-12_f0_20260704_055013,
td30_lb60_top8_s0.4_w1.5-12,1,2025-07-04,2025-08-03,2025-08-03,2025-11-01,,no_picks,0,0.0,0.0,0.0,0.0,,
td30_lb60_top8_s0.4_w1.5-12,2,2025-10-02,2025-11-01,2025-11-01,2026-01-30,"TAOUSDT,1000PEPEUSDT",ok,17,1.06,1.287,0.294,2.013,backtest_runs/portfolio_20260704_085400_ars1_dynamic_range_picker_td30_lb60_top8_s0.4_w1.5-12_f2_20260704_055013,
td30_lb60_top8_s0.4_w1.5-12,3,2025-12-31,2026-01-30,2026-01-30,2026-04-30,XLMUSDT,ok,1,-0.36,0.0,0.0,0.3565,backtest_runs/portfolio_20260704_085404_ars1_dynamic_range_picker_td30_lb60_top8_s0.4_w1.5-12_f3_20260704_055013,
td30_lb60_top8_s0.4_w2-8,0,2025-04-05,2025-05-05,2025-05-05,2025-08-03,"1000PEPEUSDT,DOGEUSDT",ok,33,-5.9,0.26,0.152,6.7002,backtest_runs/portfolio_20260704_085407_ars1_dynamic_range_picker_td30_lb60_top8_s0.4_w2-8_f0_20260704_055013,
td30_lb60_top8_s0.4_w2-8,1,2025-07-04,2025-08-03,2025-08-03,2025-11-01,,no_picks,0,0.0,0.0,0.0,0.0,,
td30_lb60_top8_s0.4_w2-8,2,2025-10-02,2025-11-01,2025-11-01,2026-01-30,TAOUSDT,ok,10,0.35,1.17,0.3,1.9225,backtest_runs/portfolio_20260704_085412_ars1_dynamic_range_picker_td30_lb60_top8_s0.4_w2-8_f2_20260704_055013,
td30_lb60_top8_s0.4_w2-8,3,2025-12-31,2026-01-30,2026-01-30,2026-04-30,,no_picks,0,0.0,0.0,0.0,0.0,,
td30_lb60_top8_s0.4_w2-12,0,2025-04-05,2025-05-05,2025-05-05,2025-08-03,"1000PEPEUSDT,DOGEUSDT",ok,33,-5.9,0.26,0.152,6.7002,backtest_runs/portfolio_20260704_085415_ars1_dynamic_range_picker_td30_lb60_top8_s0.4_w2-12_f0_20260704_055013,
td30_lb60_top8_s0.4_w2-12,1,2025-07-04,2025-08-03,2025-08-03,2025-11-01,,no_picks,0,0.0,0.0,0.0,0.0,,
td30_lb60_top8_s0.4_w2-12,2,2025-10-02,2025-11-01,2025-11-01,2026-01-30,TAOUSDT,ok,10,0.35,1.17,0.3,1.9225,backtest_runs/portfolio_20260704_085420_ars1_dynamic_range_picker_td30_lb60_top8_s0.4_w2-12_f2_20260704_055013,
td30_lb60_top8_s0.4_w2-12,3,2025-12-31,2026-01-30,2026-01-30,2026-04-30,,no_picks,0,0.0,0.0,0.0,0.0,,
td30_lb60_top8_s0.5_w1.5-8,0,2025-04-05,2025-05-05,2025-05-05,2025-08-03,"1000PEPEUSDT,DOGEUSDT",ok,33,-5.9,0.26,0.152,6.7002,backtest_runs/portfolio_20260704_085423_ars1_dynamic_range_picker_td30_lb60_top8_s0.5_w1.5-8_f0_20260704_055013,
td30_lb60_top8_s0.5_w1.5-8,1,2025-07-04,2025-08-03,2025-08-03,2025-11-01,,no_picks,0,0.0,0.0,0.0,0.0,,
td30_lb60_top8_s0.5_w1.5-8,2,2025-10-02,2025-11-01,2025-11-01,2026-01-30,"TAOUSDT,1000PEPEUSDT",ok,17,1.06,1.287,0.294,2.013,backtest_runs/portfolio_20260704_085427_ars1_dynamic_range_picker_td30_lb60_top8_s0.5_w1.5-8_f2_20260704_055013,
td30_lb60_top8_s0.5_w1.5-8,3,2025-12-31,2026-01-30,2026-01-30,2026-04-30,XLMUSDT,ok,1,-0.36,0.0,0.0,0.3565,backtest_runs/portfolio_20260704_085431_ars1_dynamic_range_picker_td30_lb60_top8_s0.5_w1.5-8_f3_20260704_055013,
td30_lb60_top8_s0.5_w1.5-12,0,2025-04-05,2025-05-05,2025-05-05,2025-08-03,"1000PEPEUSDT,DOGEUSDT",ok,33,-5.9,0.26,0.152,6.7002,backtest_runs/portfolio_20260704_085434_ars1_dynamic_range_picker_td30_lb60_top8_s0.5_w1.5-12_f0_20260704_055013,
td30_lb60_top8_s0.5_w1.5-12,1,2025-07-04,2025-08-03,2025-08-03,2025-11-01,,no_picks,0,0.0,0.0,0.0,0.0,,
td30_lb60_top8_s0.5_w1.5-12,2,2025-10-02,2025-11-01,2025-11-01,2026-01-30,"TAOUSDT,1000PEPEUSDT",ok,17,1.06,1.287,0.294,2.013,backtest_runs/portfolio_20260704_085439_ars1_dynamic_range_picker_td30_lb60_top8_s0.5_w1.5-12_f2_20260704_055013,
td30_lb60_top8_s0.5_w1.5-12,3,2025-12-31,2026-01-30,2026-01-30,2026-04-30,XLMUSDT,ok,1,-0.36,0.0,0.0,0.3565,backtest_runs/portfolio_20260704_085443_ars1_dynamic_range_picker_td30_lb60_top8_s0.5_w1.5-12_f3_20260704_055013,
td30_lb60_top8_s0.5_w2-8,0,2025-04-05,2025-05-05,2025-05-05,2025-08-03,"1000PEPEUSDT,DOGEUSDT",ok,33,-5.9,0.26,0.152,6.7002,backtest_runs/portfolio_20260704_085446_ars1_dynamic_range_picker_td30_lb60_top8_s0.5_w2-8_f0_20260704_055013,
td30_lb60_top8_s0.5_w2-8,1,2025-07-04,2025-08-03,2025-08-03,2025-11-01,,no_picks,0,0.0,0.0,0.0,0.0,,
td30_lb60_top8_s0.5_w2-8,2,2025-10-02,2025-11-01,2025-11-01,2026-01-30,TAOUSDT,ok,10,0.35,1.17,0.3,1.9225,backtest_runs/portfolio_20260704_085450_ars1_dynamic_range_picker_td30_lb60_top8_s0.5_w2-8_f2_20260704_055013,
td30_lb60_top8_s0.5_w2-8,3,2025-12-31,2026-01-30,2026-01-30,2026-04-30,,no_picks,0,0.0,0.0,0.0,0.0,,
td30_lb60_top8_s0.5_w2-12,0,2025-04-05,2025-05-05,2025-05-05,2025-08-03,"1000PEPEUSDT,DOGEUSDT",ok,33,-5.9,0.26,0.152,6.7002,backtest_runs/portfolio_20260704_085454_ars1_dynamic_range_picker_td30_lb60_top8_s0.5_w2-12_f0_20260704_055013,
td30_lb60_top8_s0.5_w2-12,1,2025-07-04,2025-08-03,2025-08-03,2025-11-01,,no_picks,0,0.0,0.0,0.0,0.0,,
td30_lb60_top8_s0.5_w2-12,2,2025-10-02,2025-11-01,2025-11-01,2026-01-30,TAOUSDT,ok,10,0.35,1.17,0.3,1.9225,backtest_runs/portfolio_20260704_085458_ars1_dynamic_range_picker_td30_lb60_top8_s0.5_w2-12_f2_20260704_055013,
td30_lb60_top8_s0.5_w2-12,3,2025-12-31,2026-01-30,2026-01-30,2026-04-30,,no_picks,0,0.0,0.0,0.0,0.0,,
td30_lb60_top8_s0.6_w1.5-8,0,2025-04-05,2025-05-05,2025-05-05,2025-08-03,1000PEPEUSDT,ok,22,-2.78,0.427,0.227,3.8566,backtest_runs/portfolio_20260704_085501_ars1_dynamic_range_picker_td30_lb60_top8_s0.6_w1.5-8_f0_20260704_055013,
td30_lb60_top8_s0.6_w1.5-8,1,2025-07-04,2025-08-03,2025-08-03,2025-11-01,,no_picks,0,0.0,0.0,0.0,0.0,,
td30_lb60_top8_s0.6_w1.5-8,2,2025-10-02,2025-11-01,2025-11-01,2026-01-30,"TAOUSDT,1000PEPEUSDT",ok,17,1.06,1.287,0.294,2.013,backtest_runs/portfolio_20260704_085504_ars1_dynamic_range_picker_td30_lb60_top8_s0.6_w1.5-8_f2_20260704_055013,
td30_lb60_top8_s0.6_w1.5-8,3,2025-12-31,2026-01-30,2026-01-30,2026-04-30,,no_picks,0,0.0,0.0,0.0,0.0,,
td30_lb60_top8_s0.6_w1.5-12,0,2025-04-05,2025-05-05,2025-05-05,2025-08-03,1000PEPEUSDT,ok,22,-2.78,0.427,0.227,3.8566,backtest_runs/portfolio_20260704_085508_ars1_dynamic_range_picker_td30_lb60_top8_s0.6_w1.5-12_f0_20260704_055013,
td30_lb60_top8_s0.6_w1.5-12,1,2025-07-04,2025-08-03,2025-08-03,2025-11-01,,no_picks,0,0.0,0.0,0.0,0.0,,
td30_lb60_top8_s0.6_w1.5-12,2,2025-10-02,2025-11-01,2025-11-01,2026-01-30,"TAOUSDT,1000PEPEUSDT",ok,17,1.06,1.287,0.294,2.013,backtest_runs/portfolio_20260704_085511_ars1_dynamic_range_picker_td30_lb60_top8_s0.6_w1.5-12_f2_20260704_055013,
td30_lb60_top8_s0.6_w1.5-12,3,2025-12-31,2026-01-30,2026-01-30,2026-04-30,,no_picks,0,0.0,0.0,0.0,0.0,,
td30_lb60_top8_s0.6_w2-8,0,2025-04-05,2025-05-05,2025-05-05,2025-08-03,1000PEPEUSDT,ok,22,-2.78,0.427,0.227,3.8566,backtest_runs/portfolio_20260704_085516_ars1_dynamic_range_picker_td30_lb60_top8_s0.6_w2-8_f0_20260704_055013,
td30_lb60_top8_s0.6_w2-8,1,2025-07-04,2025-08-03,2025-08-03,2025-11-01,,no_picks,0,0.0,0.0,0.0,0.0,,
td30_lb60_top8_s0.6_w2-8,2,2025-10-02,2025-11-01,2025-11-01,2026-01-30,TAOUSDT,ok,10,0.35,1.17,0.3,1.9225,backtest_runs/portfolio_20260704_085518_ars1_dynamic_range_picker_td30_lb60_top8_s0.6_w2-8_f2_20260704_055013,
td30_lb60_top8_s0.6_w2-8,3,2025-12-31,2026-01-30,2026-01-30,2026-04-30,,no_picks,0,0.0,0.0,0.0,0.0,,
td30_lb60_top8_s0.6_w2-12,0,2025-04-05,2025-05-05,2025-05-05,2025-08-03,1000PEPEUSDT,ok,22,-2.78,0.427,0.227,3.8566,backtest_runs/portfolio_20260704_085521_ars1_dynamic_range_picker_td30_lb60_top8_s0.6_w2-12_f0_20260704_055013,
td30_lb60_top8_s0.6_w2-12,1,2025-07-04,2025-08-03,2025-08-03,2025-11-01,,no_picks,0,0.0,0.0,0.0,0.0,,
td30_lb60_top8_s0.6_w2-12,2,2025-10-02,2025-11-01,2025-11-01,2026-01-30,TAOUSDT,ok,10,0.35,1.17,0.3,1.9225,backtest_runs/portfolio_20260704_085524_ars1_dynamic_range_picker_td30_lb60_top8_s0.6_w2-12_f2_20260704_055013,
td30_lb60_top8_s0.6_w2-12,3,2025-12-31,2026-01-30,2026-01-30,2026-04-30,,no_picks,0,0.0,0.0,0.0,0.0,,
td30_lb120_top3_s0.4_w1.5-8,0,2025-04-05,2025-05-05,2025-05-05,2025-08-03,"1000PEPEUSDT,DOGEUSDT",ok,33,-5.9,0.26,0.152,6.7002,backtest_runs/portfolio_20260704_085527_ars1_dynamic_range_picker_td30_lb120_top3_s0.4_w1.5-8_f0_20260704_055013,
td30_lb120_top3_s0.4_w1.5-8,1,2025-07-04,2025-08-03,2025-08-03,2025-11-01,"TAOUSDT,1000PEPEUSDT,DOTUSDT",ok,11,-1.37,0.559,0.091,1.5683,backtest_runs/portfolio_20260704_085533_ars1_dynamic_range_picker_td30_lb120_top3_s0.4_w1.5-8_f1_20260704_055013,
td30_lb120_top3_s0.4_w1.5-8,2,2025-10-02,2025-11-01,2025-11-01,2026-01-30,"BTCUSDT,TAOUSDT,SOLUSDT",ok,14,0.29,1.093,0.286,1.7168,backtest_runs/portfolio_20260704_085540_ars1_dynamic_range_picker_td30_lb120_top3_s0.4_w1.5-8_f2_20260704_055013,
td30_lb120_top3_s0.4_w1.5-8,3,2025-12-31,2026-01-30,2026-01-30,2026-04-30,"XRPUSDT,1000PEPEUSDT,LINKUSDT",ok,14,3.52,1.939,0.214,2.3518,backtest_runs/portfolio_20260704_085547_ars1_dynamic_range_picker_td30_lb120_top3_s0.4_w1.5-8_f3_20260704_055013,
td30_lb120_top3_s0.4_w1.5-12,0,2025-04-05,2025-05-05,2025-05-05,2025-08-03,"1000PEPEUSDT,DOGEUSDT",ok,33,-5.9,0.26,0.152,6.7002,backtest_runs/portfolio_20260704_085552_ars1_dynamic_range_picker_td30_lb120_top3_s0.4_w1.5-12_f0_20260704_055013,
td30_lb120_top3_s0.4_w1.5-12,1,2025-07-04,2025-08-03,2025-08-03,2025-11-01,"TAOUSDT,1000PEPEUSDT,DOTUSDT",ok,11,-1.37,0.559,0.091,1.5683,backtest_runs/portfolio_20260704_085557_ars1_dynamic_range_picker_td30_lb120_top3_s0.4_w1.5-12_f1_20260704_055013,
td30_lb120_top3_s0.4_w1.5-12,2,2025-10-02,2025-11-01,2025-11-01,2026-01-30,"BTCUSDT,TAOUSDT,SOLUSDT",ok,14,0.29,1.093,0.286,1.7168,backtest_runs/portfolio_20260704_085605_ars1_dynamic_range_picker_td30_lb120_top3_s0.4_w1.5-12_f2_20260704_055013,
td30_lb120_top3_s0.4_w1.5-12,3,2025-12-31,2026-01-30,2026-01-30,2026-04-30,"XRPUSDT,1000PEPEUSDT,LINKUSDT",ok,14,3.52,1.939,0.214,2.3518,backtest_runs/portfolio_20260704_085612_ars1_dynamic_range_picker_td30_lb120_top3_s0.4_w1.5-12_f3_20260704_055013,
td30_lb120_top3_s0.4_w2-8,0,2025-04-05,2025-05-05,2025-05-05,2025-08-03,"1000PEPEUSDT,DOGEUSDT",ok,33,-5.9,0.26,0.152,6.7002,backtest_runs/portfolio_20260704_085616_ars1_dynamic_range_picker_td30_lb120_top3_s0.4_w2-8_f0_20260704_055013,
td30_lb120_top3_s0.4_w2-8,1,2025-07-04,2025-08-03,2025-08-03,2025-11-01,"TAOUSDT,1000PEPEUSDT,DOTUSDT",ok,11,-1.37,0.559,0.091,1.5683,backtest_runs/portfolio_20260704_085621_ars1_dynamic_range_picker_td30_lb120_top3_s0.4_w2-8_f1_20260704_055013,
td30_lb120_top3_s0.4_w2-8,2,2025-10-02,2025-11-01,2025-11-01,2026-01-30,"BTCUSDT,TAOUSDT,1000PEPEUSDT",ok,17,1.06,1.287,0.294,2.013,backtest_runs/portfolio_20260704_085628_ars1_dynamic_range_picker_td30_lb120_top3_s0.4_w2-8_f2_20260704_055013,
td30_lb120_top3_s0.4_w2-8,3,2025-12-31,2026-01-30,2026-01-30,2026-04-30,"XRPUSDT,LINKUSDT,HYPEUSDT",ok,18,-0.26,0.945,0.167,2.5012,backtest_runs/portfolio_20260704_085635_ars1_dynamic_range_picker_td30_lb120_top3_s0.4_w2-8_f3_20260704_055013,
td30_lb120_top3_s0.4_w2-12,0,2025-04-05,2025-05-05,2025-05-05,2025-08-03,"1000PEPEUSDT,DOGEUSDT",ok,33,-5.9,0.26,0.152,6.7002,backtest_runs/portfolio_20260704_085640_ars1_dynamic_range_picker_td30_lb120_top3_s0.4_w2-12_f0_20260704_055013,
td30_lb120_top3_s0.4_w2-12,1,2025-07-04,2025-08-03,2025-08-03,2025-11-01,"TAOUSDT,1000PEPEUSDT,DOTUSDT",ok,11,-1.37,0.559,0.091,1.5683,backtest_runs/portfolio_20260704_085645_ars1_dynamic_range_picker_td30_lb120_top3_s0.4_w2-12_f1_20260704_055013,
td30_lb120_top3_s0.4_w2-12,2,2025-10-02,2025-11-01,2025-11-01,2026-01-30,"BTCUSDT,TAOUSDT,1000PEPEUSDT",ok,17,1.06,1.287,0.294,2.013,backtest_runs/portfolio_20260704_085652_ars1_dynamic_range_picker_td30_lb120_top3_s0.4_w2-12_f2_20260704_055013,
td30_lb120_top3_s0.4_w2-12,3,2025-12-31,2026-01-30,2026-01-30,2026-04-30,"XRPUSDT,LINKUSDT,HYPEUSDT",ok,18,-0.26,0.945,0.167,2.5012,backtest_runs/portfolio_20260704_085658_ars1_dynamic_range_picker_td30_lb120_top3_s0.4_w2-12_f3_20260704_055013,
td30_lb120_top3_s0.5_w1.5-8,0,2025-04-05,2025-05-05,2025-05-05,2025-08-03,"1000PEPEUSDT,DOGEUSDT",ok,33,-5.9,0.26,0.152,6.7002,backtest_runs/portfolio_20260704_085703_ars1_dynamic_range_picker_td30_lb120_top3_s0.5_w1.5-8_f0_20260704_055013,
td30_lb120_top3_s0.5_w1.5-8,1,2025-07-04,2025-08-03,2025-08-03,2025-11-01,"TAOUSDT,1000PEPEUSDT,DOTUSDT",ok,11,-1.37,0.559,0.091,1.5683,backtest_runs/portfolio_20260704_085708_ars1_dynamic_range_picker_td30_lb120_top3_s0.5_w1.5-8_f1_20260704_055013,
td30_lb120_top3_s0.5_w1.5-8,2,2025-10-02,2025-11-01,2025-11-01,2026-01-30,"BTCUSDT,TAOUSDT,SOLUSDT",ok,14,0.29,1.093,0.286,1.7168,backtest_runs/portfolio_20260704_085715_ars1_dynamic_range_picker_td30_lb120_top3_s0.5_w1.5-8_f2_20260704_055013,
td30_lb120_top3_s0.5_w1.5-8,3,2025-12-31,2026-01-30,2026-01-30,2026-04-30,"XRPUSDT,1000PEPEUSDT,LINKUSDT",ok,14,3.52,1.939,0.214,2.3518,backtest_runs/portfolio_20260704_085722_ars1_dynamic_range_picker_td30_lb120_top3_s0.5_w1.5-8_f3_20260704_055013,
td30_lb120_top3_s0.5_w1.5-12,0,2025-04-05,2025-05-05,2025-05-05,2025-08-03,"1000PEPEUSDT,DOGEUSDT",ok,33,-5.9,0.26,0.152,6.7002,backtest_runs/portfolio_20260704_085727_ars1_dynamic_range_picker_td30_lb120_top3_s0.5_w1.5-12_f0_20260704_055013,
td30_lb120_top3_s0.5_w1.5-12,1,2025-07-04,2025-08-03,2025-08-03,2025-11-01,"TAOUSDT,1000PEPEUSDT,DOTUSDT",ok,11,-1.37,0.559,0.091,1.5683,backtest_runs/portfolio_20260704_085732_ars1_dynamic_range_picker_td30_lb120_top3_s0.5_w1.5-12_f1_20260704_055013,
td30_lb120_top3_s0.5_w1.5-12,2,2025-10-02,2025-11-01,2025-11-01,2026-01-30,"BTCUSDT,TAOUSDT,SOLUSDT",ok,14,0.29,1.093,0.286,1.7168,backtest_runs/portfolio_20260704_085739_ars1_dynamic_range_picker_td30_lb120_top3_s0.5_w1.5-12_f2_20260704_055013,
td30_lb120_top3_s0.5_w1.5-12,3,2025-12-31,2026-01-30,2026-01-30,2026-04-30,"XRPUSDT,1000PEPEUSDT,LINKUSDT",ok,14,3.52,1.939,0.214,2.3518,backtest_runs/portfolio_20260704_085745_ars1_dynamic_range_picker_td30_lb120_top3_s0.5_w1.5-12_f3_20260704_055013,
td30_lb120_top3_s0.5_w2-8,0,2025-04-05,2025-05-05,2025-05-05,2025-08-03,"1000PEPEUSDT,DOGEUSDT",ok,33,-5.9,0.26,0.152,6.7002,backtest_runs/portfolio_20260704_085750_ars1_dynamic_range_picker_td30_lb120_top3_s0.5_w2-8_f0_20260704_055013,
td30_lb120_top3_s0.5_w2-8,1,2025-07-04,2025-08-03,2025-08-03,2025-11-01,"TAOUSDT,1000PEPEUSDT,DOTUSDT",ok,11,-1.37,0.559,0.091,1.5683,backtest_runs/portfolio_20260704_085755_ars1_dynamic_range_picker_td30_lb120_top3_s0.5_w2-8_f1_20260704_055013,
td30_lb120_top3_s0.5_w2-8,2,2025-10-02,2025-11-01,2025-11-01,2026-01-30,"BTCUSDT,TAOUSDT,1000PEPEUSDT",ok,17,1.06,1.287,0.294,2.013,backtest_runs/portfolio_20260704_085802_ars1_dynamic_range_picker_td30_lb120_top3_s0.5_w2-8_f2_20260704_055013,
td30_lb120_top3_s0.5_w2-8,3,2025-12-31,2026-01-30,2026-01-30,2026-04-30,"XRPUSDT,LINKUSDT,HYPEUSDT",ok,18,-0.26,0.945,0.167,2.5012,backtest_runs/portfolio_20260704_085808_ars1_dynamic_range_picker_td30_lb120_top3_s0.5_w2-8_f3_20260704_055013,
td30_lb120_top3_s0.5_w2-12,0,2025-04-05,2025-05-05,2025-05-05,2025-08-03,"1000PEPEUSDT,DOGEUSDT",ok,33,-5.9,0.26,0.152,6.7002,backtest_runs/portfolio_20260704_085813_ars1_dynamic_range_picker_td30_lb120_top3_s0.5_w2-12_f0_20260704_055013,
td30_lb120_top3_s0.5_w2-12,1,2025-07-04,2025-08-03,2025-08-03,2025-11-01,"TAOUSDT,1000PEPEUSDT,DOTUSDT",ok,11,-1.37,0.559,0.091,1.5683,backtest_runs/portfolio_20260704_085818_ars1_dynamic_range_picker_td30_lb120_top3_s0.5_w2-12_f1_20260704_055013,
td30_lb120_top3_s0.5_w2-12,2,2025-10-02,2025-11-01,2025-11-01,2026-01-30,"BTCUSDT,TAOUSDT,1000PEPEUSDT",ok,17,1.06,1.287,0.294,2.013,backtest_runs/portfolio_20260704_085825_ars1_dynamic_range_picker_td30_lb120_top3_s0.5_w2-12_f2_20260704_055013,
td30_lb120_top3_s0.5_w2-12,3,2025-12-31,2026-01-30,2026-01-30,2026-04-30,"XRPUSDT,LINKUSDT,HYPEUSDT",ok,18,-0.26,0.945,0.167,2.5012,backtest_runs/portfolio_20260704_085831_ars1_dynamic_range_picker_td30_lb120_top3_s0.5_w2-12_f3_20260704_055013,
td30_lb120_top3_s0.6_w1.5-8,0,2025-04-05,2025-05-05,2025-05-05,2025-08-03,1000PEPEUSDT,ok,22,-2.78,0.427,0.227,3.8566,backtest_runs/portfolio_20260704_085836_ars1_dynamic_range_picker_td30_lb120_top3_s0.6_w1.5-8_f0_20260704_055013,
td30_lb120_top3_s0.6_w1.5-8,1,2025-07-04,2025-08-03,2025-08-03,2025-11-01,"TAOUSDT,1000PEPEUSDT,DOTUSDT",ok,11,-1.37,0.559,0.091,1.5683,backtest_runs/portfolio_20260704_085839_ars1_dynamic_range_picker_td30_lb120_top3_s0.6_w1.5-8_f1_20260704_055013,
td30_lb120_top3_s0.6_w1.5-8,2,2025-10-02,2025-11-01,2025-11-01,2026-01-30,"BTCUSDT,TAOUSDT,SOLUSDT",ok,14,0.29,1.093,0.286,1.7168,backtest_runs/portfolio_20260704_085846_ars1_dynamic_range_picker_td30_lb120_top3_s0.6_w1.5-8_f2_20260704_055013,
td30_lb120_top3_s0.6_w1.5-8,3,2025-12-31,2026-01-30,2026-01-30,2026-04-30,"XRPUSDT,1000PEPEUSDT",ok,12,1.07,1.326,0.167,1.8754,backtest_runs/portfolio_20260704_085852_ars1_dynamic_range_picker_td30_lb120_top3_s0.6_w1.5-8_f3_20260704_055013,
td30_lb120_top3_s0.6_w1.5-12,0,2025-04-05,2025-05-05,2025-05-05,2025-08-03,1000PEPEUSDT,ok,22,-2.78,0.427,0.227,3.8566,backtest_runs/portfolio_20260704_085855_ars1_dynamic_range_picker_td30_lb120_top3_s0.6_w1.5-12_f0_20260704_055013,
td30_lb120_top3_s0.6_w1.5-12,1,2025-07-04,2025-08-03,2025-08-03,2025-11-01,"TAOUSDT,1000PEPEUSDT,DOTUSDT",ok,11,-1.37,0.559,0.091,1.5683,backtest_runs/portfolio_20260704_085858_ars1_dynamic_range_picker_td30_lb120_top3_s0.6_w1.5-12_f1_20260704_055013,
td30_lb120_top3_s0.6_w1.5-12,2,2025-10-02,2025-11-01,2025-11-01,2026-01-30,"BTCUSDT,TAOUSDT,SOLUSDT",ok,14,0.29,1.093,0.286,1.7168,backtest_runs/portfolio_20260704_085905_ars1_dynamic_range_picker_td30_lb120_top3_s0.6_w1.5-12_f2_20260704_055013,
td30_lb120_top3_s0.6_w1.5-12,3,2025-12-31,2026-01-30,2026-01-30,2026-04-30,"XRPUSDT,1000PEPEUSDT",ok,12,1.07,1.326,0.167,1.8754,backtest_runs/portfolio_20260704_085911_ars1_dynamic_range_picker_td30_lb120_top3_s0.6_w1.5-12_f3_20260704_055013,
td30_lb120_top3_s0.6_w2-8,0,2025-04-05,2025-05-05,2025-05-05,2025-08-03,1000PEPEUSDT,ok,22,-2.78,0.427,0.227,3.8566,backtest_runs/portfolio_20260704_085914_ars1_dynamic_range_picker_td30_lb120_top3_s0.6_w2-8_f0_20260704_055013,
td30_lb120_top3_s0.6_w2-8,1,2025-07-04,2025-08-03,2025-08-03,2025-11-01,"TAOUSDT,1000PEPEUSDT,DOTUSDT",ok,11,-1.37,0.559,0.091,1.5683,backtest_runs/portfolio_20260704_085917_ars1_dynamic_range_picker_td30_lb120_top3_s0.6_w2-8_f1_20260704_055013,
td30_lb120_top3_s0.6_w2-8,2,2025-10-02,2025-11-01,2025-11-01,2026-01-30,"BTCUSDT,TAOUSDT,1000PEPEUSDT",ok,17,1.06,1.287,0.294,2.013,backtest_runs/portfolio_20260704_085924_ars1_dynamic_range_picker_td30_lb120_top3_s0.6_w2-8_f2_20260704_055013,
td30_lb120_top3_s0.6_w2-8,3,2025-12-31,2026-01-30,2026-01-30,2026-04-30,XRPUSDT,ok,4,-0.09,0.919,0.25,1.1295,backtest_runs/portfolio_20260704_085930_ars1_dynamic_range_picker_td30_lb120_top3_s0.6_w2-8_f3_20260704_055013,
td30_lb120_top3_s0.6_w2-12,0,2025-04-05,2025-05-05,2025-05-05,2025-08-03,1000PEPEUSDT,ok,22,-2.78,0.427,0.227,3.8566,backtest_runs/portfolio_20260704_085932_ars1_dynamic_range_picker_td30_lb120_top3_s0.6_w2-12_f0_20260704_055013,
td30_lb120_top3_s0.6_w2-12,1,2025-07-04,2025-08-03,2025-08-03,2025-11-01,"TAOUSDT,1000PEPEUSDT,DOTUSDT",ok,11,-1.37,0.559,0.091,1.5683,backtest_runs/portfolio_20260704_085935_ars1_dynamic_range_picker_td30_lb120_top3_s0.6_w2-12_f1_20260704_055013,
td30_lb120_top3_s0.6_w2-12,2,2025-10-02,2025-11-01,2025-11-01,2026-01-30,"BTCUSDT,TAOUSDT,1000PEPEUSDT",ok,17,1.06,1.287,0.294,2.013,backtest_runs/portfolio_20260704_085942_ars1_dynamic_range_picker_td30_lb120_top3_s0.6_w2-12_f2_20260704_055013,
td30_lb120_top3_s0.6_w2-12,3,2025-12-31,2026-01-30,2026-01-30,2026-04-30,XRPUSDT,ok,4,-0.09,0.919,0.25,1.1295,backtest_runs/portfolio_20260704_085948_ars1_dynamic_range_picker_td30_lb120_top3_s0.6_w2-12_f3_20260704_055013,
td30_lb120_top5_s0.4_w1.5-8,0,2025-04-05,2025-05-05,2025-05-05,2025-08-03,"1000PEPEUSDT,DOGEUSDT",ok,33,-5.9,0.26,0.152,6.7002,backtest_runs/portfolio_20260704_085951_ars1_dynamic_range_picker_td30_lb120_top5_s0.4_w1.5-8_f0_20260704_055013,
td30_lb120_top5_s0.4_w1.5-8,1,2025-07-04,2025-08-03,2025-08-03,2025-11-01,"TAOUSDT,1000PEPEUSDT,DOTUSDT,LINKUSDT,XLMUSDT",ok,24,-3.56,0.47,0.083,3.8465,backtest_runs/portfolio_20260704_085956_ars1_dynamic_range_picker_td30_lb120_top5_s0.4_w1.5-8_f1_20260704_055013,
td30_lb120_top5_s0.4_w1.5-8,2,2025-10-02,2025-11-01,2025-11-01,2026-01-30,"BTCUSDT,TAOUSDT,SOLUSDT,1000PEPEUSDT,LTCUSDT",ok,23,2.15,1.454,0.348,2.1562,backtest_runs/portfolio_20260704_090008_ars1_dynamic_range_picker_td30_lb120_top5_s0.4_w1.5-8_f2_20260704_055013,
td30_lb120_top5_s0.4_w1.5-8,3,2025-12-31,2026-01-30,2026-01-30,2026-04-30,"XRPUSDT,1000PEPEUSDT,LINKUSDT,HYPEUSDT",ok,25,1.15,1.171,0.16,3.3837,backtest_runs/portfolio_20260704_090018_ars1_dynamic_range_picker_td30_lb120_top5_s0.4_w1.5-8_f3_20260704_055013,
td30_lb120_top5_s0.4_w1.5-12,0,2025-04-05,2025-05-05,2025-05-05,2025-08-03,"1000PEPEUSDT,DOGEUSDT",ok,33,-5.9,0.26,0.152,6.7002,backtest_runs/portfolio_20260704_090024_ars1_dynamic_range_picker_td30_lb120_top5_s0.4_w1.5-12_f0_20260704_055013,
td30_lb120_top5_s0.4_w1.5-12,1,2025-07-04,2025-08-03,2025-08-03,2025-11-01,"TAOUSDT,1000PEPEUSDT,DOTUSDT,LINKUSDT,XLMUSDT",ok,24,-3.56,0.47,0.083,3.8465,backtest_runs/portfolio_20260704_090030_ars1_dynamic_range_picker_td30_lb120_top5_s0.4_w1.5-12_f1_20260704_055013,
td30_lb120_top5_s0.4_w1.5-12,2,2025-10-02,2025-11-01,2025-11-01,2026-01-30,"BTCUSDT,TAOUSDT,SOLUSDT,1000PEPEUSDT,LTCUSDT",ok,23,2.15,1.454,0.348,2.1562,backtest_runs/portfolio_20260704_090041_ars1_dynamic_range_picker_td30_lb120_top5_s0.4_w1.5-12_f2_20260704_055013,
td30_lb120_top5_s0.4_w1.5-12,3,2025-12-31,2026-01-30,2026-01-30,2026-04-30,"XRPUSDT,1000PEPEUSDT,LINKUSDT,HYPEUSDT",ok,25,1.15,1.171,0.16,3.3837,backtest_runs/portfolio_20260704_090051_ars1_dynamic_range_picker_td30_lb120_top5_s0.4_w1.5-12_f3_20260704_055013,
td30_lb120_top5_s0.4_w2-8,0,2025-04-05,2025-05-05,2025-05-05,2025-08-03,"1000PEPEUSDT,DOGEUSDT",ok,33,-5.9,0.26,0.152,6.7002,backtest_runs/portfolio_20260704_090057_ars1_dynamic_range_picker_td30_lb120_top5_s0.4_w2-8_f0_20260704_055013,
td30_lb120_top5_s0.4_w2-8,1,2025-07-04,2025-08-03,2025-08-03,2025-11-01,"TAOUSDT,1000PEPEUSDT,DOTUSDT,LINKUSDT,XLMUSDT",ok,24,-3.56,0.47,0.083,3.8465,backtest_runs/portfolio_20260704_090103_ars1_dynamic_range_picker_td30_lb120_top5_s0.4_w2-8_f1_20260704_055013,
td30_lb120_top5_s0.4_w2-8,2,2025-10-02,2025-11-01,2025-11-01,2026-01-30,"BTCUSDT,TAOUSDT,1000PEPEUSDT,LTCUSDT,ETHUSDT",ok,22,2.35,1.557,0.364,1.8619,backtest_runs/portfolio_20260704_090114_ars1_dynamic_range_picker_td30_lb120_top5_s0.4_w2-8_f2_20260704_055013,
td30_lb120_top5_s0.4_w2-8,3,2025-12-31,2026-01-30,2026-01-30,2026-04-30,"XRPUSDT,LINKUSDT,HYPEUSDT",ok,18,-0.26,0.945,0.167,2.5012,backtest_runs/portfolio_20260704_090124_ars1_dynamic_range_picker_td30_lb120_top5_s0.4_w2-8_f3_20260704_055013,
td30_lb120_top5_s0.4_w2-12,0,2025-04-05,2025-05-05,2025-05-05,2025-08-03,"1000PEPEUSDT,DOGEUSDT",ok,33,-5.9,0.26,0.152,6.7002,backtest_runs/portfolio_20260704_090129_ars1_dynamic_range_picker_td30_lb120_top5_s0.4_w2-12_f0_20260704_055013,
td30_lb120_top5_s0.4_w2-12,1,2025-07-04,2025-08-03,2025-08-03,2025-11-01,"TAOUSDT,1000PEPEUSDT,DOTUSDT,LINKUSDT,XLMUSDT",ok,24,-3.56,0.47,0.083,3.8465,backtest_runs/portfolio_20260704_090135_ars1_dynamic_range_picker_td30_lb120_top5_s0.4_w2-12_f1_20260704_055013,
td30_lb120_top5_s0.4_w2-12,2,2025-10-02,2025-11-01,2025-11-01,2026-01-30,"BTCUSDT,TAOUSDT,1000PEPEUSDT,LTCUSDT,ETHUSDT",ok,22,2.35,1.557,0.364,1.8619,backtest_runs/portfolio_20260704_090146_ars1_dynamic_range_picker_td30_lb120_top5_s0.4_w2-12_f2_20260704_055013,
td30_lb120_top5_s0.4_w2-12,3,2025-12-31,2026-01-30,2026-01-30,2026-04-30,"XRPUSDT,LINKUSDT,HYPEUSDT",ok,18,-0.26,0.945,0.167,2.5012,backtest_runs/portfolio_20260704_090156_ars1_dynamic_range_picker_td30_lb120_top5_s0.4_w2-12_f3_20260704_055013,
td30_lb120_top5_s0.5_w1.5-8,0,2025-04-05,2025-05-05,2025-05-05,2025-08-03,"1000PEPEUSDT,DOGEUSDT",ok,33,-5.9,0.26,0.152,6.7002,backtest_runs/portfolio_20260704_090201_ars1_dynamic_range_picker_td30_lb120_top5_s0.5_w1.5-8_f0_20260704_055013,
td30_lb120_top5_s0.5_w1.5-8,1,2025-07-04,2025-08-03,2025-08-03,2025-11-01,"TAOUSDT,1000PEPEUSDT,DOTUSDT,LINKUSDT,XLMUSDT",ok,24,-3.56,0.47,0.083,3.8465,backtest_runs/portfolio_20260704_090206_ars1_dynamic_range_picker_td30_lb120_top5_s0.5_w1.5-8_f1_20260704_055013,
td30_lb120_top5_s0.5_w1.5-8,2,2025-10-02,2025-11-01,2025-11-01,2026-01-30,"BTCUSDT,TAOUSDT,SOLUSDT,1000PEPEUSDT,LTCUSDT",ok,23,2.15,1.454,0.348,2.1562,backtest_runs/portfolio_20260704_090218_ars1_dynamic_range_picker_td30_lb120_top5_s0.5_w1.5-8_f2_20260704_055013,
td30_lb120_top5_s0.5_w1.5-8,3,2025-12-31,2026-01-30,2026-01-30,2026-04-30,"XRPUSDT,1000PEPEUSDT,LINKUSDT,HYPEUSDT",ok,25,1.15,1.171,0.16,3.3837,backtest_runs/portfolio_20260704_090228_ars1_dynamic_range_picker_td30_lb120_top5_s0.5_w1.5-8_f3_20260704_055013,
td30_lb120_top5_s0.5_w1.5-12,0,2025-04-05,2025-05-05,2025-05-05,2025-08-03,"1000PEPEUSDT,DOGEUSDT",ok,33,-5.9,0.26,0.152,6.7002,backtest_runs/portfolio_20260704_090234_ars1_dynamic_range_picker_td30_lb120_top5_s0.5_w1.5-12_f0_20260704_055013,
td30_lb120_top5_s0.5_w1.5-12,1,2025-07-04,2025-08-03,2025-08-03,2025-11-01,"TAOUSDT,1000PEPEUSDT,DOTUSDT,LINKUSDT,XLMUSDT",ok,24,-3.56,0.47,0.083,3.8465,backtest_runs/portfolio_20260704_090240_ars1_dynamic_range_picker_td30_lb120_top5_s0.5_w1.5-12_f1_20260704_055013,
td30_lb120_top5_s0.5_w1.5-12,2,2025-10-02,2025-11-01,2025-11-01,2026-01-30,"BTCUSDT,TAOUSDT,SOLUSDT,1000PEPEUSDT,LTCUSDT",ok,23,2.15,1.454,0.348,2.1562,backtest_runs/portfolio_20260704_090251_ars1_dynamic_range_picker_td30_lb120_top5_s0.5_w1.5-12_f2_20260704_055013,
td30_lb120_top5_s0.5_w1.5-12,3,2025-12-31,2026-01-30,2026-01-30,2026-04-30,"XRPUSDT,1000PEPEUSDT,LINKUSDT,HYPEUSDT",ok,25,1.15,1.171,0.16,3.3837,backtest_runs/portfolio_20260704_090301_ars1_dynamic_range_picker_td30_lb120_top5_s0.5_w1.5-12_f3_20260704_055013,
td30_lb120_top5_s0.5_w2-8,0,2025-04-05,2025-05-05,2025-05-05,2025-08-03,"1000PEPEUSDT,DOGEUSDT",ok,33,-5.9,0.26,0.152,6.7002,backtest_runs/portfolio_20260704_090307_ars1_dynamic_range_picker_td30_lb120_top5_s0.5_w2-8_f0_20260704_055013,
td30_lb120_top5_s0.5_w2-8,1,2025-07-04,2025-08-03,2025-08-03,2025-11-01,"TAOUSDT,1000PEPEUSDT,DOTUSDT,LINKUSDT,XLMUSDT",ok,24,-3.56,0.47,0.083,3.8465,backtest_runs/portfolio_20260704_090313_ars1_dynamic_range_picker_td30_lb120_top5_s0.5_w2-8_f1_20260704_055013,
td30_lb120_top5_s0.5_w2-8,2,2025-10-02,2025-11-01,2025-11-01,2026-01-30,"BTCUSDT,TAOUSDT,1000PEPEUSDT,LTCUSDT,ETHUSDT",ok,22,2.35,1.557,0.364,1.8619,backtest_runs/portfolio_20260704_090324_ars1_dynamic_range_picker_td30_lb120_top5_s0.5_w2-8_f2_20260704_055013,
td30_lb120_top5_s0.5_w2-8,3,2025-12-31,2026-01-30,2026-01-30,2026-04-30,"XRPUSDT,LINKUSDT,HYPEUSDT",ok,18,-0.26,0.945,0.167,2.5012,backtest_runs/portfolio_20260704_090334_ars1_dynamic_range_picker_td30_lb120_top5_s0.5_w2-8_f3_20260704_055013,
td30_lb120_top5_s0.5_w2-12,0,2025-04-05,2025-05-05,2025-05-05,2025-08-03,"1000PEPEUSDT,DOGEUSDT",ok,33,-5.9,0.26,0.152,6.7002,backtest_runs/portfolio_20260704_090339_ars1_dynamic_range_picker_td30_lb120_top5_s0.5_w2-12_f0_20260704_055013,
td30_lb120_top5_s0.5_w2-12,1,2025-07-04,2025-08-03,2025-08-03,2025-11-01,"TAOUSDT,1000PEPEUSDT,DOTUSDT,LINKUSDT,XLMUSDT",ok,24,-3.56,0.47,0.083,3.8465,backtest_runs/portfolio_20260704_090344_ars1_dynamic_range_picker_td30_lb120_top5_s0.5_w2-12_f1_20260704_055013,
td30_lb120_top5_s0.5_w2-12,2,2025-10-02,2025-11-01,2025-11-01,2026-01-30,"BTCUSDT,TAOUSDT,1000PEPEUSDT,LTCUSDT,ETHUSDT",ok,22,2.35,1.557,0.364,1.8619,backtest_runs/portfolio_20260704_090355_ars1_dynamic_range_picker_td30_lb120_top5_s0.5_w2-12_f2_20260704_055013,
td30_lb120_top5_s0.5_w2-12,3,2025-12-31,2026-01-30,2026-01-30,2026-04-30,"XRPUSDT,LINKUSDT,HYPEUSDT",ok,18,-0.26,0.945,0.167,2.5012,backtest_runs/portfolio_20260704_090405_ars1_dynamic_range_picker_td30_lb120_top5_s0.5_w2-12_f3_20260704_055013,
td30_lb120_top5_s0.6_w1.5-8,0,2025-04-05,2025-05-05,2025-05-05,2025-08-03,1000PEPEUSDT,ok,22,-2.78,0.427,0.227,3.8566,backtest_runs/portfolio_20260704_090410_ars1_dynamic_range_picker_td30_lb120_top5_s0.6_w1.5-8_f0_20260704_055013,
td30_lb120_top5_s0.6_w1.5-8,1,2025-07-04,2025-08-03,2025-08-03,2025-11-01,"TAOUSDT,1000PEPEUSDT,DOTUSDT,LINKUSDT,XLMUSDT",ok,24,-3.56,0.47,0.083,3.8465,backtest_runs/portfolio_20260704_090414_ars1_dynamic_range_picker_td30_lb120_top5_s0.6_w1.5-8_f1_20260704_055013,
td30_lb120_top5_s0.6_w1.5-8,2,2025-10-02,2025-11-01,2025-11-01,2026-01-30,"BTCUSDT,TAOUSDT,SOLUSDT,1000PEPEUSDT,LTCUSDT",ok,23,2.15,1.454,0.348,2.1562,backtest_runs/portfolio_20260704_090425_ars1_dynamic_range_picker_td30_lb120_top5_s0.6_w1.5-8_f2_20260704_055013,
td30_lb120_top5_s0.6_w1.5-8,3,2025-12-31,2026-01-30,2026-01-30,2026-04-30,"XRPUSDT,1000PEPEUSDT",ok,12,1.07,1.326,0.167,1.8754,backtest_runs/portfolio_20260704_090434_ars1_dynamic_range_picker_td30_lb120_top5_s0.6_w1.5-8_f3_20260704_055013,
td30_lb120_top5_s0.6_w1.5-12,0,2025-04-05,2025-05-05,2025-05-05,2025-08-03,1000PEPEUSDT,ok,22,-2.78,0.427,0.227,3.8566,backtest_runs/portfolio_20260704_090437_ars1_dynamic_range_picker_td30_lb120_top5_s0.6_w1.5-12_f0_20260704_055013,
td30_lb120_top5_s0.6_w1.5-12,1,2025-07-04,2025-08-03,2025-08-03,2025-11-01,"TAOUSDT,1000PEPEUSDT,DOTUSDT,LINKUSDT,XLMUSDT",ok,24,-3.56,0.47,0.083,3.8465,backtest_runs/portfolio_20260704_090442_ars1_dynamic_range_picker_td30_lb120_top5_s0.6_w1.5-12_f1_20260704_055013,
td30_lb120_top5_s0.6_w1.5-12,2,2025-10-02,2025-11-01,2025-11-01,2026-01-30,"BTCUSDT,TAOUSDT,SOLUSDT,1000PEPEUSDT,LTCUSDT",ok,23,2.15,1.454,0.348,2.1562,backtest_runs/portfolio_20260704_090453_ars1_dynamic_range_picker_td30_lb120_top5_s0.6_w1.5-12_f2_20260704_055013,
td30_lb120_top5_s0.6_w1.5-12,3,2025-12-31,2026-01-30,2026-01-30,2026-04-30,"XRPUSDT,1000PEPEUSDT",ok,12,1.07,1.326,0.167,1.8754,backtest_runs/portfolio_20260704_090502_ars1_dynamic_range_picker_td30_lb120_top5_s0.6_w1.5-12_f3_20260704_055013,
td30_lb120_top5_s0.6_w2-8,0,2025-04-05,2025-05-05,2025-05-05,2025-08-03,1000PEPEUSDT,ok,22,-2.78,0.427,0.227,3.8566,backtest_runs/portfolio_20260704_090505_ars1_dynamic_range_picker_td30_lb120_top5_s0.6_w2-8_f0_20260704_055013,
td30_lb120_top5_s0.6_w2-8,1,2025-07-04,2025-08-03,2025-08-03,2025-11-01,"TAOUSDT,1000PEPEUSDT,DOTUSDT,LINKUSDT,XLMUSDT",ok,24,-3.56,0.47,0.083,3.8465,backtest_runs/portfolio_20260704_090509_ars1_dynamic_range_picker_td30_lb120_top5_s0.6_w2-8_f1_20260704_055013,
td30_lb120_top5_s0.6_w2-8,2,2025-10-02,2025-11-01,2025-11-01,2026-01-30,"BTCUSDT,TAOUSDT,1000PEPEUSDT,LTCUSDT,ETHUSDT",ok,22,2.35,1.557,0.364,1.8619,backtest_runs/portfolio_20260704_090520_ars1_dynamic_range_picker_td30_lb120_top5_s0.6_w2-8_f2_20260704_055013,
td30_lb120_top5_s0.6_w2-8,3,2025-12-31,2026-01-30,2026-01-30,2026-04-30,XRPUSDT,ok,4,-0.09,0.919,0.25,1.1295,backtest_runs/portfolio_20260704_090529_ars1_dynamic_range_picker_td30_lb120_top5_s0.6_w2-8_f3_20260704_055013,
td30_lb120_top5_s0.6_w2-12,0,2025-04-05,2025-05-05,2025-05-05,2025-08-03,1000PEPEUSDT,ok,22,-2.78,0.427,0.227,3.8566,backtest_runs/portfolio_20260704_090532_ars1_dynamic_range_picker_td30_lb120_top5_s0.6_w2-12_f0_20260704_055013,
td30_lb120_top5_s0.6_w2-12,1,2025-07-04,2025-08-03,2025-08-03,2025-11-01,"TAOUSDT,1000PEPEUSDT,DOTUSDT,LINKUSDT,XLMUSDT",ok,24,-3.56,0.47,0.083,3.8465,backtest_runs/portfolio_20260704_090536_ars1_dynamic_range_picker_td30_lb120_top5_s0.6_w2-12_f1_20260704_055013,
td30_lb120_top5_s0.6_w2-12,2,2025-10-02,2025-11-01,2025-11-01,2026-01-30,"BTCUSDT,TAOUSDT,1000PEPEUSDT,LTCUSDT,ETHUSDT",ok,22,2.35,1.557,0.364,1.8619,backtest_runs/portfolio_20260704_090547_ars1_dynamic_range_picker_td30_lb120_top5_s0.6_w2-12_f2_20260704_055013,
td30_lb120_top5_s0.6_w2-12,3,2025-12-31,2026-01-30,2026-01-30,2026-04-30,XRPUSDT,ok,4,-0.09,0.919,0.25,1.1295,backtest_runs/portfolio_20260704_090556_ars1_dynamic_range_picker_td30_lb120_top5_s0.6_w2-12_f3_20260704_055013,
td30_lb120_top8_s0.4_w1.5-8,0,2025-04-05,2025-05-05,2025-05-05,2025-08-03,"1000PEPEUSDT,DOGEUSDT",ok,33,-5.9,0.26,0.152,6.7002,backtest_runs/portfolio_20260704_090559_ars1_dynamic_range_picker_td30_lb120_top8_s0.4_w1.5-8_f0_20260704_055013,
td30_lb120_top8_s0.4_w1.5-8,1,2025-07-04,2025-08-03,2025-08-03,2025-11-01,"TAOUSDT,1000PEPEUSDT,DOTUSDT,LINKUSDT,XLMUSDT,SOLUSDT,ATOMUSDT,AVAXUSDT",ok,41,-7.93,0.287,0.073,7.9335,backtest_runs/portfolio_20260704_090606_ars1_dynamic_range_picker_td30_lb120_top8_s0.4_w1.5-8_f1_20260704_055013,
td30_lb120_top8_s0.4_w1.5-8,2,2025-10-02,2025-11-01,2025-11-01,2026-01-30,"BTCUSDT,TAOUSDT,SOLUSDT,1000PEPEUSDT,LTCUSDT,ADAUSDT,ETHUSDT,SUIUSDT",ok,41,2.85,1.327,0.317,3.542,backtest_runs/portfolio_20260704_090624_ars1_dynamic_range_picker_td30_lb120_top8_s0.4_w1.5-8_f2_20260704_055013,
td30_lb120_top8_s0.4_w1.5-8,3,2025-12-31,2026-01-30,2026-01-30,2026-04-30,"XRPUSDT,1000PEPEUSDT,LINKUSDT,HYPEUSDT",ok,25,1.15,1.171,0.16,3.3837,backtest_runs/portfolio_20260704_090639_ars1_dynamic_range_picker_td30_lb120_top8_s0.4_w1.5-8_f3_20260704_055013,
td30_lb120_top8_s0.4_w1.5-12,0,2025-04-05,2025-05-05,2025-05-05,2025-08-03,"1000PEPEUSDT,DOGEUSDT",ok,33,-5.9,0.26,0.152,6.7002,backtest_runs/portfolio_20260704_090645_ars1_dynamic_range_picker_td30_lb120_top8_s0.4_w1.5-12_f0_20260704_055013,
td30_lb120_top8_s0.4_w1.5-12,1,2025-07-04,2025-08-03,2025-08-03,2025-11-01,"TAOUSDT,1000PEPEUSDT,DOTUSDT,LINKUSDT,XLMUSDT,SOLUSDT,ATOMUSDT,AVAXUSDT",ok,41,-7.93,0.287,0.073,7.9335,backtest_runs/portfolio_20260704_090652_ars1_dynamic_range_picker_td30_lb120_top8_s0.4_w1.5-12_f1_20260704_055013,
td30_lb120_top8_s0.4_w1.5-12,2,2025-10-02,2025-11-01,2025-11-01,2026-01-30,"BTCUSDT,TAOUSDT,SOLUSDT,1000PEPEUSDT,LTCUSDT,ADAUSDT,ETHUSDT,SUIUSDT",ok,41,2.85,1.327,0.317,3.542,backtest_runs/portfolio_20260704_090710_ars1_dynamic_range_picker_td30_lb120_top8_s0.4_w1.5-12_f2_20260704_055013,
td30_lb120_top8_s0.4_w1.5-12,3,2025-12-31,2026-01-30,2026-01-30,2026-04-30,"XRPUSDT,1000PEPEUSDT,LINKUSDT,HYPEUSDT",ok,25,1.15,1.171,0.16,3.3837,backtest_runs/portfolio_20260704_090725_ars1_dynamic_range_picker_td30_lb120_top8_s0.4_w1.5-12_f3_20260704_055013,
td30_lb120_top8_s0.4_w2-8,0,2025-04-05,2025-05-05,2025-05-05,2025-08-03,"1000PEPEUSDT,DOGEUSDT",ok,33,-5.9,0.26,0.152,6.7002,backtest_runs/portfolio_20260704_090731_ars1_dynamic_range_picker_td30_lb120_top8_s0.4_w2-8_f0_20260704_055013,
td30_lb120_top8_s0.4_w2-8,1,2025-07-04,2025-08-03,2025-08-03,2025-11-01,"TAOUSDT,1000PEPEUSDT,DOTUSDT,LINKUSDT,XLMUSDT,SOLUSDT,ATOMUSDT,AVAXUSDT",ok,41,-7.93,0.287,0.073,7.9335,backtest_runs/portfolio_20260704_090738_ars1_dynamic_range_picker_td30_lb120_top8_s0.4_w2-8_f1_20260704_055013,
td30_lb120_top8_s0.4_w2-8,2,2025-10-02,2025-11-01,2025-11-01,2026-01-30,"BTCUSDT,TAOUSDT,1000PEPEUSDT,LTCUSDT,ETHUSDT,SUIUSDT,DOGEUSDT,XRPUSDT",ok,33,3.2,1.473,0.333,2.6219,backtest_runs/portfolio_20260704_090756_ars1_dynamic_range_picker_td30_lb120_top8_s0.4_w2-8_f2_20260704_055013,
td30_lb120_top8_s0.4_w2-8,3,2025-12-31,2026-01-30,2026-01-30,2026-04-30,"XRPUSDT,LINKUSDT,HYPEUSDT",ok,18,-0.26,0.945,0.167,2.5012,backtest_runs/portfolio_20260704_090811_ars1_dynamic_range_picker_td30_lb120_top8_s0.4_w2-8_f3_20260704_055013,
td30_lb120_top8_s0.4_w2-12,0,2025-04-05,2025-05-05,2025-05-05,2025-08-03,"1000PEPEUSDT,DOGEUSDT",ok,33,-5.9,0.26,0.152,6.7002,backtest_runs/portfolio_20260704_090815_ars1_dynamic_range_picker_td30_lb120_top8_s0.4_w2-12_f0_20260704_055013,
td30_lb120_top8_s0.4_w2-12,1,2025-07-04,2025-08-03,2025-08-03,2025-11-01,"TAOUSDT,1000PEPEUSDT,DOTUSDT,LINKUSDT,XLMUSDT,SOLUSDT,ATOMUSDT,AVAXUSDT",ok,41,-7.93,0.287,0.073,7.9335,backtest_runs/portfolio_20260704_090822_ars1_dynamic_range_picker_td30_lb120_top8_s0.4_w2-12_f1_20260704_055013,
td30_lb120_top8_s0.4_w2-12,2,2025-10-02,2025-11-01,2025-11-01,2026-01-30,"BTCUSDT,TAOUSDT,1000PEPEUSDT,LTCUSDT,ETHUSDT,SUIUSDT,DOGEUSDT,XRPUSDT",ok,33,3.2,1.473,0.333,2.6219,backtest_runs/portfolio_20260704_090840_ars1_dynamic_range_picker_td30_lb120_top8_s0.4_w2-12_f2_20260704_055013,
td30_lb120_top8_s0.4_w2-12,3,2025-12-31,2026-01-30,2026-01-30,2026-04-30,"XRPUSDT,LINKUSDT,HYPEUSDT",ok,18,-0.26,0.945,0.167,2.5012,backtest_runs/portfolio_20260704_090855_ars1_dynamic_range_picker_td30_lb120_top8_s0.4_w2-12_f3_20260704_055013,
td30_lb120_top8_s0.5_w1.5-8,0,2025-04-05,2025-05-05,2025-05-05,2025-08-03,"1000PEPEUSDT,DOGEUSDT",ok,33,-5.9,0.26,0.152,6.7002,backtest_runs/portfolio_20260704_090900_ars1_dynamic_range_picker_td30_lb120_top8_s0.5_w1.5-8_f0_20260704_055013,
td30_lb120_top8_s0.5_w1.5-8,1,2025-07-04,2025-08-03,2025-08-03,2025-11-01,"TAOUSDT,1000PEPEUSDT,DOTUSDT,LINKUSDT,XLMUSDT,SOLUSDT,ATOMUSDT,AVAXUSDT",ok,41,-7.93,0.287,0.073,7.9335,backtest_runs/portfolio_20260704_090907_ars1_dynamic_range_picker_td30_lb120_top8_s0.5_w1.5-8_f1_20260704_055013,
td30_lb120_top8_s0.5_w1.5-8,2,2025-10-02,2025-11-01,2025-11-01,2026-01-30,"BTCUSDT,TAOUSDT,SOLUSDT,1000PEPEUSDT,LTCUSDT,ADAUSDT,ETHUSDT,SUIUSDT",ok,41,2.85,1.327,0.317,3.542,backtest_runs/portfolio_20260704_090925_ars1_dynamic_range_picker_td30_lb120_top8_s0.5_w1.5-8_f2_20260704_055013,
td30_lb120_top8_s0.5_w1.5-8,3,2025-12-31,2026-01-30,2026-01-30,2026-04-30,"XRPUSDT,1000PEPEUSDT,LINKUSDT,HYPEUSDT",ok,25,1.15,1.171,0.16,3.3837,backtest_runs/portfolio_20260704_090940_ars1_dynamic_range_picker_td30_lb120_top8_s0.5_w1.5-8_f3_20260704_055013,
td30_lb120_top8_s0.5_w1.5-12,0,2025-04-05,2025-05-05,2025-05-05,2025-08-03,"1000PEPEUSDT,DOGEUSDT",ok,33,-5.9,0.26,0.152,6.7002,backtest_runs/portfolio_20260704_090946_ars1_dynamic_range_picker_td30_lb120_top8_s0.5_w1.5-12_f0_20260704_055013,
td30_lb120_top8_s0.5_w1.5-12,1,2025-07-04,2025-08-03,2025-08-03,2025-11-01,"TAOUSDT,1000PEPEUSDT,DOTUSDT,LINKUSDT,XLMUSDT,SOLUSDT,ATOMUSDT,AVAXUSDT",ok,41,-7.93,0.287,0.073,7.9335,backtest_runs/portfolio_20260704_090953_ars1_dynamic_range_picker_td30_lb120_top8_s0.5_w1.5-12_f1_20260704_055013,
td30_lb120_top8_s0.5_w1.5-12,2,2025-10-02,2025-11-01,2025-11-01,2026-01-30,"BTCUSDT,TAOUSDT,SOLUSDT,1000PEPEUSDT,LTCUSDT,ADAUSDT,ETHUSDT,SUIUSDT",ok,41,2.85,1.327,0.317,3.542,backtest_runs/portfolio_20260704_091011_ars1_dynamic_range_picker_td30_lb120_top8_s0.5_w1.5-12_f2_20260704_055013,
td30_lb120_top8_s0.5_w1.5-12,3,2025-12-31,2026-01-30,2026-01-30,2026-04-30,"XRPUSDT,1000PEPEUSDT,LINKUSDT,HYPEUSDT",ok,25,1.15,1.171,0.16,3.3837,backtest_runs/portfolio_20260704_091026_ars1_dynamic_range_picker_td30_lb120_top8_s0.5_w1.5-12_f3_20260704_055013,
td30_lb120_top8_s0.5_w2-8,0,2025-04-05,2025-05-05,2025-05-05,2025-08-03,"1000PEPEUSDT,DOGEUSDT",ok,33,-5.9,0.26,0.152,6.7002,backtest_runs/portfolio_20260704_091032_ars1_dynamic_range_picker_td30_lb120_top8_s0.5_w2-8_f0_20260704_055013,
td30_lb120_top8_s0.5_w2-8,1,2025-07-04,2025-08-03,2025-08-03,2025-11-01,"TAOUSDT,1000PEPEUSDT,DOTUSDT,LINKUSDT,XLMUSDT,SOLUSDT,ATOMUSDT,AVAXUSDT",ok,41,-7.93,0.287,0.073,7.9335,backtest_runs/portfolio_20260704_091039_ars1_dynamic_range_picker_td30_lb120_top8_s0.5_w2-8_f1_20260704_055013,
td30_lb120_top8_s0.5_w2-8,2,2025-10-02,2025-11-01,2025-11-01,2026-01-30,"BTCUSDT,TAOUSDT,1000PEPEUSDT,LTCUSDT,ETHUSDT,SUIUSDT,DOGEUSDT,XRPUSDT",ok,33,3.2,1.473,0.333,2.6219,backtest_runs/portfolio_20260704_091056_ars1_dynamic_range_picker_td30_lb120_top8_s0.5_w2-8_f2_20260704_055013,
td30_lb120_top8_s0.5_w2-8,3,2025-12-31,2026-01-30,2026-01-30,2026-04-30,"XRPUSDT,LINKUSDT,HYPEUSDT",ok,18,-0.26,0.945,0.167,2.5012,backtest_runs/portfolio_20260704_091111_ars1_dynamic_range_picker_td30_lb120_top8_s0.5_w2-8_f3_20260704_055013,
td30_lb120_top8_s0.5_w2-12,0,2025-04-05,2025-05-05,2025-05-05,2025-08-03,"1000PEPEUSDT,DOGEUSDT",ok,33,-5.9,0.26,0.152,6.7002,backtest_runs/portfolio_20260704_091116_ars1_dynamic_range_picker_td30_lb120_top8_s0.5_w2-12_f0_20260704_055013,
td30_lb120_top8_s0.5_w2-12,1,2025-07-04,2025-08-03,2025-08-03,2025-11-01,"TAOUSDT,1000PEPEUSDT,DOTUSDT,LINKUSDT,XLMUSDT,SOLUSDT,ATOMUSDT,AVAXUSDT",ok,41,-7.93,0.287,0.073,7.9335,backtest_runs/portfolio_20260704_091123_ars1_dynamic_range_picker_td30_lb120_top8_s0.5_w2-12_f1_20260704_055013,
td30_lb120_top8_s0.5_w2-12,2,2025-10-02,2025-11-01,2025-11-01,2026-01-30,"BTCUSDT,TAOUSDT,1000PEPEUSDT,LTCUSDT,ETHUSDT,SUIUSDT,DOGEUSDT,XRPUSDT",ok,33,3.2,1.473,0.333,2.6219,backtest_runs/portfolio_20260704_091140_ars1_dynamic_range_picker_td30_lb120_top8_s0.5_w2-12_f2_20260704_055013,
td30_lb120_top8_s0.5_w2-12,3,2025-12-31,2026-01-30,2026-01-30,2026-04-30,"XRPUSDT,LINKUSDT,HYPEUSDT",ok,18,-0.26,0.945,0.167,2.5012,backtest_runs/portfolio_20260704_091155_ars1_dynamic_range_picker_td30_lb120_top8_s0.5_w2-12_f3_20260704_055013,
td30_lb120_top8_s0.6_w1.5-8,0,2025-04-05,2025-05-05,2025-05-05,2025-08-03,1000PEPEUSDT,ok,22,-2.78,0.427,0.227,3.8566,backtest_runs/portfolio_20260704_091200_ars1_dynamic_range_picker_td30_lb120_top8_s0.6_w1.5-8_f0_20260704_055013,
td30_lb120_top8_s0.6_w1.5-8,1,2025-07-04,2025-08-03,2025-08-03,2025-11-01,"TAOUSDT,1000PEPEUSDT,DOTUSDT,LINKUSDT,XLMUSDT,SOLUSDT,ATOMUSDT,AVAXUSDT",ok,41,-7.93,0.287,0.073,7.9335,backtest_runs/portfolio_20260704_091205_ars1_dynamic_range_picker_td30_lb120_top8_s0.6_w1.5-8_f1_20260704_055013,
td30_lb120_top8_s0.6_w1.5-8,2,2025-10-02,2025-11-01,2025-11-01,2026-01-30,"BTCUSDT,TAOUSDT,SOLUSDT,1000PEPEUSDT,LTCUSDT,ADAUSDT,ETHUSDT,SUIUSDT",ok,41,2.85,1.327,0.317,3.542,backtest_runs/portfolio_20260704_091223_ars1_dynamic_range_picker_td30_lb120_top8_s0.6_w1.5-8_f2_20260704_055013,
td30_lb120_top8_s0.6_w1.5-8,3,2025-12-31,2026-01-30,2026-01-30,2026-04-30,"XRPUSDT,1000PEPEUSDT",ok,12,1.07,1.326,0.167,1.8754,backtest_runs/portfolio_20260704_091237_ars1_dynamic_range_picker_td30_lb120_top8_s0.6_w1.5-8_f3_20260704_055013,
td30_lb120_top8_s0.6_w1.5-12,0,2025-04-05,2025-05-05,2025-05-05,2025-08-03,1000PEPEUSDT,ok,22,-2.78,0.427,0.227,3.8566,backtest_runs/portfolio_20260704_091240_ars1_dynamic_range_picker_td30_lb120_top8_s0.6_w1.5-12_f0_20260704_055013,
td30_lb120_top8_s0.6_w1.5-12,1,2025-07-04,2025-08-03,2025-08-03,2025-11-01,"TAOUSDT,1000PEPEUSDT,DOTUSDT,LINKUSDT,XLMUSDT,SOLUSDT,ATOMUSDT,AVAXUSDT",ok,41,-7.93,0.287,0.073,7.9335,backtest_runs/portfolio_20260704_091246_ars1_dynamic_range_picker_td30_lb120_top8_s0.6_w1.5-12_f1_20260704_055013,
td30_lb120_top8_s0.6_w1.5-12,2,2025-10-02,2025-11-01,2025-11-01,2026-01-30,"BTCUSDT,TAOUSDT,SOLUSDT,1000PEPEUSDT,LTCUSDT,ADAUSDT,ETHUSDT,SUIUSDT",ok,41,2.85,1.327,0.317,3.542,backtest_runs/portfolio_20260704_091304_ars1_dynamic_range_picker_td30_lb120_top8_s0.6_w1.5-12_f2_20260704_055013,
td30_lb120_top8_s0.6_w1.5-12,3,2025-12-31,2026-01-30,2026-01-30,2026-04-30,"XRPUSDT,1000PEPEUSDT",ok,12,1.07,1.326,0.167,1.8754,backtest_runs/portfolio_20260704_091318_ars1_dynamic_range_picker_td30_lb120_top8_s0.6_w1.5-12_f3_20260704_055013,
td30_lb120_top8_s0.6_w2-8,0,2025-04-05,2025-05-05,2025-05-05,2025-08-03,1000PEPEUSDT,ok,22,-2.78,0.427,0.227,3.8566,backtest_runs/portfolio_20260704_091321_ars1_dynamic_range_picker_td30_lb120_top8_s0.6_w2-8_f0_20260704_055013,
td30_lb120_top8_s0.6_w2-8,1,2025-07-04,2025-08-03,2025-08-03,2025-11-01,"TAOUSDT,1000PEPEUSDT,DOTUSDT,LINKUSDT,XLMUSDT,SOLUSDT,ATOMUSDT,AVAXUSDT",ok,41,-7.93,0.287,0.073,7.9335,backtest_runs/portfolio_20260704_091326_ars1_dynamic_range_picker_td30_lb120_top8_s0.6_w2-8_f1_20260704_055013,
td30_lb120_top8_s0.6_w2-8,2,2025-10-02,2025-11-01,2025-11-01,2026-01-30,"BTCUSDT,TAOUSDT,1000PEPEUSDT,LTCUSDT,ETHUSDT,SUIUSDT,DOGEUSDT,XRPUSDT",ok,33,3.2,1.473,0.333,2.6219,backtest_runs/portfolio_20260704_091344_ars1_dynamic_range_picker_td30_lb120_top8_s0.6_w2-8_f2_20260704_055013,
td30_lb120_top8_s0.6_w2-8,3,2025-12-31,2026-01-30,2026-01-30,2026-04-30,XRPUSDT,ok,4,-0.09,0.919,0.25,1.1295,backtest_runs/portfolio_20260704_091358_ars1_dynamic_range_picker_td30_lb120_top8_s0.6_w2-8_f3_20260704_055013,
td30_lb120_top8_s0.6_w2-12,0,2025-04-05,2025-05-05,2025-05-05,2025-08-03,1000PEPEUSDT,ok,22,-2.78,0.427,0.227,3.8566,backtest_runs/portfolio_20260704_091400_ars1_dynamic_range_picker_td30_lb120_top8_s0.6_w2-12_f0_20260704_055013,
td30_lb120_top8_s0.6_w2-12,1,2025-07-04,2025-08-03,2025-08-03,2025-11-01,"TAOUSDT,1000PEPEUSDT,DOTUSDT,LINKUSDT,XLMUSDT,SOLUSDT,ATOMUSDT,AVAXUSDT",ok,41,-7.93,0.287,0.073,7.9335,backtest_runs/portfolio_20260704_091406_ars1_dynamic_range_picker_td30_lb120_top8_s0.6_w2-12_f1_20260704_055013,
td30_lb120_top8_s0.6_w2-12,2,2025-10-02,2025-11-01,2025-11-01,2026-01-30,"BTCUSDT,TAOUSDT,1000PEPEUSDT,LTCUSDT,ETHUSDT,SUIUSDT,DOGEUSDT,XRPUSDT",ok,33,3.2,1.473,0.333,2.6219,backtest_runs/portfolio_20260704_091423_ars1_dynamic_range_picker_td30_lb120_top8_s0.6_w2-12_f2_20260704_055013,
td30_lb120_top8_s0.6_w2-12,3,2025-12-31,2026-01-30,2026-01-30,2026-04-30,XRPUSDT,ok,4,-0.09,0.919,0.25,1.1295,backtest_runs/portfolio_20260704_091437_ars1_dynamic_range_picker_td30_lb120_top8_s0.6_w2-12_f3_20260704_055013,
td60_lb60_top3_s0.4_w1.5-8,0,2025-03-06,2025-05-05,2025-05-05,2025-08-03,"1000PEPEUSDT,DOGEUSDT",ok,33,-5.9,0.26,0.152,6.7002,backtest_runs/portfolio_20260704_091440_ars1_dynamic_range_picker_td60_lb60_top3_s0.4_w1.5-8_f0_20260704_055013,
td60_lb60_top3_s0.4_w1.5-8,1,2025-06-04,2025-08-03,2025-08-03,2025-11-01,,no_picks,0,0.0,0.0,0.0,0.0,,
td60_lb60_top3_s0.4_w1.5-8,2,2025-09-02,2025-11-01,2025-11-01,2026-01-30,"TAOUSDT,1000PEPEUSDT",ok,17,1.06,1.287,0.294,2.013,backtest_runs/portfolio_20260704_091445_ars1_dynamic_range_picker_td60_lb60_top3_s0.4_w1.5-8_f2_20260704_055013,
td60_lb60_top3_s0.4_w1.5-8,3,2025-12-01,2026-01-30,2026-01-30,2026-04-30,XLMUSDT,ok,1,-0.36,0.0,0.0,0.3565,backtest_runs/portfolio_20260704_091449_ars1_dynamic_range_picker_td60_lb60_top3_s0.4_w1.5-8_f3_20260704_055013,
td60_lb60_top3_s0.4_w1.5-12,0,2025-03-06,2025-05-05,2025-05-05,2025-08-03,"1000PEPEUSDT,DOGEUSDT",ok,33,-5.9,0.26,0.152,6.7002,backtest_runs/portfolio_20260704_091452_ars1_dynamic_range_picker_td60_lb60_top3_s0.4_w1.5-12_f0_20260704_055013,
td60_lb60_top3_s0.4_w1.5-12,1,2025-06-04,2025-08-03,2025-08-03,2025-11-01,,no_picks,0,0.0,0.0,0.0,0.0,,
td60_lb60_top3_s0.4_w1.5-12,2,2025-09-02,2025-11-01,2025-11-01,2026-01-30,"TAOUSDT,1000PEPEUSDT",ok,17,1.06,1.287,0.294,2.013,backtest_runs/portfolio_20260704_091456_ars1_dynamic_range_picker_td60_lb60_top3_s0.4_w1.5-12_f2_20260704_055013,
td60_lb60_top3_s0.4_w1.5-12,3,2025-12-01,2026-01-30,2026-01-30,2026-04-30,XLMUSDT,ok,1,-0.36,0.0,0.0,0.3565,backtest_runs/portfolio_20260704_091500_ars1_dynamic_range_picker_td60_lb60_top3_s0.4_w1.5-12_f3_20260704_055013,
td60_lb60_top3_s0.4_w2-8,0,2025-03-06,2025-05-05,2025-05-05,2025-08-03,"1000PEPEUSDT,DOGEUSDT",ok,33,-5.9,0.26,0.152,6.7002,backtest_runs/portfolio_20260704_091503_ars1_dynamic_range_picker_td60_lb60_top3_s0.4_w2-8_f0_20260704_055013,
td60_lb60_top3_s0.4_w2-8,1,2025-06-04,2025-08-03,2025-08-03,2025-11-01,,no_picks,0,0.0,0.0,0.0,0.0,,
td60_lb60_top3_s0.4_w2-8,2,2025-09-02,2025-11-01,2025-11-01,2026-01-30,TAOUSDT,ok,10,0.35,1.17,0.3,1.9225,backtest_runs/portfolio_20260704_091507_ars1_dynamic_range_picker_td60_lb60_top3_s0.4_w2-8_f2_20260704_055013,
td60_lb60_top3_s0.4_w2-8,3,2025-12-01,2026-01-30,2026-01-30,2026-04-30,,no_picks,0,0.0,0.0,0.0,0.0,,
td60_lb60_top3_s0.4_w2-12,0,2025-03-06,2025-05-05,2025-05-05,2025-08-03,"1000PEPEUSDT,DOGEUSDT",ok,33,-5.9,0.26,0.152,6.7002,backtest_runs/portfolio_20260704_091510_ars1_dynamic_range_picker_td60_lb60_top3_s0.4_w2-12_f0_20260704_055013,
td60_lb60_top3_s0.4_w2-12,1,2025-06-04,2025-08-03,2025-08-03,2025-11-01,,no_picks,0,0.0,0.0,0.0,0.0,,
td60_lb60_top3_s0.4_w2-12,2,2025-09-02,2025-11-01,2025-11-01,2026-01-30,TAOUSDT,ok,10,0.35,1.17,0.3,1.9225,backtest_runs/portfolio_20260704_091515_ars1_dynamic_range_picker_td60_lb60_top3_s0.4_w2-12_f2_20260704_055013,
td60_lb60_top3_s0.4_w2-12,3,2025-12-01,2026-01-30,2026-01-30,2026-04-30,,no_picks,0,0.0,0.0,0.0,0.0,,
td60_lb60_top3_s0.5_w1.5-8,0,2025-03-06,2025-05-05,2025-05-05,2025-08-03,"1000PEPEUSDT,DOGEUSDT",ok,33,-5.9,0.26,0.152,6.7002,backtest_runs/portfolio_20260704_091518_ars1_dynamic_range_picker_td60_lb60_top3_s0.5_w1.5-8_f0_20260704_055013,
td60_lb60_top3_s0.5_w1.5-8,1,2025-06-04,2025-08-03,2025-08-03,2025-11-01,,no_picks,0,0.0,0.0,0.0,0.0,,
td60_lb60_top3_s0.5_w1.5-8,2,2025-09-02,2025-11-01,2025-11-01,2026-01-30,"TAOUSDT,1000PEPEUSDT",ok,17,1.06,1.287,0.294,2.013,backtest_runs/portfolio_20260704_091522_ars1_dynamic_range_picker_td60_lb60_top3_s0.5_w1.5-8_f2_20260704_055013,
td60_lb60_top3_s0.5_w1.5-8,3,2025-12-01,2026-01-30,2026-01-30,2026-04-30,XLMUSDT,ok,1,-0.36,0.0,0.0,0.3565,backtest_runs/portfolio_20260704_091526_ars1_dynamic_range_picker_td60_lb60_top3_s0.5_w1.5-8_f3_20260704_055013,
td60_lb60_top3_s0.5_w1.5-12,0,2025-03-06,2025-05-05,2025-05-05,2025-08-03,"1000PEPEUSDT,DOGEUSDT",ok,33,-5.9,0.26,0.152,6.7002,backtest_runs/portfolio_20260704_091529_ars1_dynamic_range_picker_td60_lb60_top3_s0.5_w1.5-12_f0_20260704_055013,
td60_lb60_top3_s0.5_w1.5-12,1,2025-06-04,2025-08-03,2025-08-03,2025-11-01,,no_picks,0,0.0,0.0,0.0,0.0,,
td60_lb60_top3_s0.5_w1.5-12,2,2025-09-02,2025-11-01,2025-11-01,2026-01-30,"TAOUSDT,1000PEPEUSDT",ok,17,1.06,1.287,0.294,2.013,backtest_runs/portfolio_20260704_091534_ars1_dynamic_range_picker_td60_lb60_top3_s0.5_w1.5-12_f2_20260704_055013,
td60_lb60_top3_s0.5_w1.5-12,3,2025-12-01,2026-01-30,2026-01-30,2026-04-30,XLMUSDT,ok,1,-0.36,0.0,0.0,0.3565,backtest_runs/portfolio_20260704_091538_ars1_dynamic_range_picker_td60_lb60_top3_s0.5_w1.5-12_f3_20260704_055013,
td60_lb60_top3_s0.5_w2-8,0,2025-03-06,2025-05-05,2025-05-05,2025-08-03,"1000PEPEUSDT,DOGEUSDT",ok,33,-5.9,0.26,0.152,6.7002,backtest_runs/portfolio_20260704_091541_ars1_dynamic_range_picker_td60_lb60_top3_s0.5_w2-8_f0_20260704_055013,
td60_lb60_top3_s0.5_w2-8,1,2025-06-04,2025-08-03,2025-08-03,2025-11-01,,no_picks,0,0.0,0.0,0.0,0.0,,
td60_lb60_top3_s0.5_w2-8,2,2025-09-02,2025-11-01,2025-11-01,2026-01-30,TAOUSDT,ok,10,0.35,1.17,0.3,1.9225,backtest_runs/portfolio_20260704_091545_ars1_dynamic_range_picker_td60_lb60_top3_s0.5_w2-8_f2_20260704_055013,
td60_lb60_top3_s0.5_w2-8,3,2025-12-01,2026-01-30,2026-01-30,2026-04-30,,no_picks,0,0.0,0.0,0.0,0.0,,
td60_lb60_top3_s0.5_w2-12,0,2025-03-06,2025-05-05,2025-05-05,2025-08-03,"1000PEPEUSDT,DOGEUSDT",ok,33,-5.9,0.26,0.152,6.7002,backtest_runs/portfolio_20260704_091548_ars1_dynamic_range_picker_td60_lb60_top3_s0.5_w2-12_f0_20260704_055013,
td60_lb60_top3_s0.5_w2-12,1,2025-06-04,2025-08-03,2025-08-03,2025-11-01,,no_picks,0,0.0,0.0,0.0,0.0,,
td60_lb60_top3_s0.5_w2-12,2,2025-09-02,2025-11-01,2025-11-01,2026-01-30,TAOUSDT,ok,10,0.35,1.17,0.3,1.9225,backtest_runs/portfolio_20260704_091552_ars1_dynamic_range_picker_td60_lb60_top3_s0.5_w2-12_f2_20260704_055013,
td60_lb60_top3_s0.5_w2-12,3,2025-12-01,2026-01-30,2026-01-30,2026-04-30,,no_picks,0,0.0,0.0,0.0,0.0,,
td60_lb60_top3_s0.6_w1.5-8,0,2025-03-06,2025-05-05,2025-05-05,2025-08-03,1000PEPEUSDT,ok,22,-2.78,0.427,0.227,3.8566,backtest_runs/portfolio_20260704_091555_ars1_dynamic_range_picker_td60_lb60_top3_s0.6_w1.5-8_f0_20260704_055013,
td60_lb60_top3_s0.6_w1.5-8,1,2025-06-04,2025-08-03,2025-08-03,2025-11-01,,no_picks,0,0.0,0.0,0.0,0.0,,
td60_lb60_top3_s0.6_w1.5-8,2,2025-09-02,2025-11-01,2025-11-01,2026-01-30,"TAOUSDT,1000PEPEUSDT",ok,17,1.06,1.287,0.294,2.013,backtest_runs/portfolio_20260704_091558_ars1_dynamic_range_picker_td60_lb60_top3_s0.6_w1.5-8_f2_20260704_055013,
td60_lb60_top3_s0.6_w1.5-8,3,2025-12-01,2026-01-30,2026-01-30,2026-04-30,,no_picks,0,0.0,0.0,0.0,0.0,,
td60_lb60_top3_s0.6_w1.5-12,0,2025-03-06,2025-05-05,2025-05-05,2025-08-03,1000PEPEUSDT,ok,22,-2.78,0.427,0.227,3.8566,backtest_runs/portfolio_20260704_091602_ars1_dynamic_range_picker_td60_lb60_top3_s0.6_w1.5-12_f0_20260704_055013,
td60_lb60_top3_s0.6_w1.5-12,1,2025-06-04,2025-08-03,2025-08-03,2025-11-01,,no_picks,0,0.0,0.0,0.0,0.0,,
td60_lb60_top3_s0.6_w1.5-12,2,2025-09-02,2025-11-01,2025-11-01,2026-01-30,"TAOUSDT,1000PEPEUSDT",ok,17,1.06,1.287,0.294,2.013,backtest_runs/portfolio_20260704_091605_ars1_dynamic_range_picker_td60_lb60_top3_s0.6_w1.5-12_f2_20260704_055013,
td60_lb60_top3_s0.6_w1.5-12,3,2025-12-01,2026-01-30,2026-01-30,2026-04-30,,no_picks,0,0.0,0.0,0.0,0.0,,
td60_lb60_top3_s0.6_w2-8,0,2025-03-06,2025-05-05,2025-05-05,2025-08-03,1000PEPEUSDT,ok,22,-2.78,0.427,0.227,3.8566,backtest_runs/portfolio_20260704_091609_ars1_dynamic_range_picker_td60_lb60_top3_s0.6_w2-8_f0_20260704_055013,
td60_lb60_top3_s0.6_w2-8,1,2025-06-04,2025-08-03,2025-08-03,2025-11-01,,no_picks,0,0.0,0.0,0.0,0.0,,
td60_lb60_top3_s0.6_w2-8,2,2025-09-02,2025-11-01,2025-11-01,2026-01-30,TAOUSDT,ok,10,0.35,1.17,0.3,1.9225,backtest_runs/portfolio_20260704_091612_ars1_dynamic_range_picker_td60_lb60_top3_s0.6_w2-8_f2_20260704_055013,
td60_lb60_top3_s0.6_w2-8,3,2025-12-01,2026-01-30,2026-01-30,2026-04-30,,no_picks,0,0.0,0.0,0.0,0.0,,
td60_lb60_top3_s0.6_w2-12,0,2025-03-06,2025-05-05,2025-05-05,2025-08-03,1000PEPEUSDT,ok,22,-2.78,0.427,0.227,3.8566,backtest_runs/portfolio_20260704_091614_ars1_dynamic_range_picker_td60_lb60_top3_s0.6_w2-12_f0_20260704_055013,
td60_lb60_top3_s0.6_w2-12,1,2025-06-04,2025-08-03,2025-08-03,2025-11-01,,no_picks,0,0.0,0.0,0.0,0.0,,
td60_lb60_top3_s0.6_w2-12,2,2025-09-02,2025-11-01,2025-11-01,2026-01-30,TAOUSDT,ok,10,0.35,1.17,0.3,1.9225,backtest_runs/portfolio_20260704_091617_ars1_dynamic_range_picker_td60_lb60_top3_s0.6_w2-12_f2_20260704_055013,
td60_lb60_top3_s0.6_w2-12,3,2025-12-01,2026-01-30,2026-01-30,2026-04-30,,no_picks,0,0.0,0.0,0.0,0.0,,
td60_lb60_top5_s0.4_w1.5-8,0,2025-03-06,2025-05-05,2025-05-05,2025-08-03,"1000PEPEUSDT,DOGEUSDT",ok,33,-5.9,0.26,0.152,6.7002,backtest_runs/portfolio_20260704_091620_ars1_dynamic_range_picker_td60_lb60_top5_s0.4_w1.5-8_f0_20260704_055013,
td60_lb60_top5_s0.4_w1.5-8,1,2025-06-04,2025-08-03,2025-08-03,2025-11-01,,no_picks,0,0.0,0.0,0.0,0.0,,
td60_lb60_top5_s0.4_w1.5-8,2,2025-09-02,2025-11-01,2025-11-01,2026-01-30,"TAOUSDT,1000PEPEUSDT",ok,17,1.06,1.287,0.294,2.013,backtest_runs/portfolio_20260704_091625_ars1_dynamic_range_picker_td60_lb60_top5_s0.4_w1.5-8_f2_20260704_055013,
td60_lb60_top5_s0.4_w1.5-8,3,2025-12-01,2026-01-30,2026-01-30,2026-04-30,XLMUSDT,ok,1,-0.36,0.0,0.0,0.3565,backtest_runs/portfolio_20260704_091628_ars1_dynamic_range_picker_td60_lb60_top5_s0.4_w1.5-8_f3_20260704_055013,
td60_lb60_top5_s0.4_w1.5-12,0,2025-03-06,2025-05-05,2025-05-05,2025-08-03,"1000PEPEUSDT,DOGEUSDT",ok,33,-5.9,0.26,0.152,6.7002,backtest_runs/portfolio_20260704_091631_ars1_dynamic_range_picker_td60_lb60_top5_s0.4_w1.5-12_f0_20260704_055013,
td60_lb60_top5_s0.4_w1.5-12,1,2025-06-04,2025-08-03,2025-08-03,2025-11-01,,no_picks,0,0.0,0.0,0.0,0.0,,
td60_lb60_top5_s0.4_w1.5-12,2,2025-09-02,2025-11-01,2025-11-01,2026-01-30,"TAOUSDT,1000PEPEUSDT",ok,17,1.06,1.287,0.294,2.013,backtest_runs/portfolio_20260704_091636_ars1_dynamic_range_picker_td60_lb60_top5_s0.4_w1.5-12_f2_20260704_055013,
td60_lb60_top5_s0.4_w1.5-12,3,2025-12-01,2026-01-30,2026-01-30,2026-04-30,XLMUSDT,ok,1,-0.36,0.0,0.0,0.3565,backtest_runs/portfolio_20260704_091640_ars1_dynamic_range_picker_td60_lb60_top5_s0.4_w1.5-12_f3_20260704_055013,
td60_lb60_top5_s0.4_w2-8,0,2025-03-06,2025-05-05,2025-05-05,2025-08-03,"1000PEPEUSDT,DOGEUSDT",ok,33,-5.9,0.26,0.152,6.7002,backtest_runs/portfolio_20260704_091643_ars1_dynamic_range_picker_td60_lb60_top5_s0.4_w2-8_f0_20260704_055013,
td60_lb60_top5_s0.4_w2-8,1,2025-06-04,2025-08-03,2025-08-03,2025-11-01,,no_picks,0,0.0,0.0,0.0,0.0,,
td60_lb60_top5_s0.4_w2-8,2,2025-09-02,2025-11-01,2025-11-01,2026-01-30,TAOUSDT,ok,10,0.35,1.17,0.3,1.9225,backtest_runs/portfolio_20260704_091647_ars1_dynamic_range_picker_td60_lb60_top5_s0.4_w2-8_f2_20260704_055013,
td60_lb60_top5_s0.4_w2-8,3,2025-12-01,2026-01-30,2026-01-30,2026-04-30,,no_picks,0,0.0,0.0,0.0,0.0,,
td60_lb60_top5_s0.4_w2-12,0,2025-03-06,2025-05-05,2025-05-05,2025-08-03,"1000PEPEUSDT,DOGEUSDT",ok,33,-5.9,0.26,0.152,6.7002,backtest_runs/portfolio_20260704_091650_ars1_dynamic_range_picker_td60_lb60_top5_s0.4_w2-12_f0_20260704_055013,
td60_lb60_top5_s0.4_w2-12,1,2025-06-04,2025-08-03,2025-08-03,2025-11-01,,no_picks,0,0.0,0.0,0.0,0.0,,
td60_lb60_top5_s0.4_w2-12,2,2025-09-02,2025-11-01,2025-11-01,2026-01-30,TAOUSDT,ok,10,0.35,1.17,0.3,1.9225,backtest_runs/portfolio_20260704_091654_ars1_dynamic_range_picker_td60_lb60_top5_s0.4_w2-12_f2_20260704_055013,
td60_lb60_top5_s0.4_w2-12,3,2025-12-01,2026-01-30,2026-01-30,2026-04-30,,no_picks,0,0.0,0.0,0.0,0.0,,
td60_lb60_top5_s0.5_w1.5-8,0,2025-03-06,2025-05-05,2025-05-05,2025-08-03,"1000PEPEUSDT,DOGEUSDT",ok,33,-5.9,0.26,0.152,6.7002,backtest_runs/portfolio_20260704_091657_ars1_dynamic_range_picker_td60_lb60_top5_s0.5_w1.5-8_f0_20260704_055013,
td60_lb60_top5_s0.5_w1.5-8,1,2025-06-04,2025-08-03,2025-08-03,2025-11-01,,no_picks,0,0.0,0.0,0.0,0.0,,
td60_lb60_top5_s0.5_w1.5-8,2,2025-09-02,2025-11-01,2025-11-01,2026-01-30,"TAOUSDT,1000PEPEUSDT",ok,17,1.06,1.287,0.294,2.013,backtest_runs/portfolio_20260704_091702_ars1_dynamic_range_picker_td60_lb60_top5_s0.5_w1.5-8_f2_20260704_055013,
td60_lb60_top5_s0.5_w1.5-8,3,2025-12-01,2026-01-30,2026-01-30,2026-04-30,XLMUSDT,ok,1,-0.36,0.0,0.0,0.3565,backtest_runs/portfolio_20260704_091706_ars1_dynamic_range_picker_td60_lb60_top5_s0.5_w1.5-8_f3_20260704_055013,
td60_lb60_top5_s0.5_w1.5-12,0,2025-03-06,2025-05-05,2025-05-05,2025-08-03,"1000PEPEUSDT,DOGEUSDT",ok,33,-5.9,0.26,0.152,6.7002,backtest_runs/portfolio_20260704_091709_ars1_dynamic_range_picker_td60_lb60_top5_s0.5_w1.5-12_f0_20260704_055013,
td60_lb60_top5_s0.5_w1.5-12,1,2025-06-04,2025-08-03,2025-08-03,2025-11-01,,no_picks,0,0.0,0.0,0.0,0.0,,
td60_lb60_top5_s0.5_w1.5-12,2,2025-09-02,2025-11-01,2025-11-01,2026-01-30,"TAOUSDT,1000PEPEUSDT",ok,17,1.06,1.287,0.294,2.013,backtest_runs/portfolio_20260704_091713_ars1_dynamic_range_picker_td60_lb60_top5_s0.5_w1.5-12_f2_20260704_055013,
td60_lb60_top5_s0.5_w1.5-12,3,2025-12-01,2026-01-30,2026-01-30,2026-04-30,XLMUSDT,ok,1,-0.36,0.0,0.0,0.3565,backtest_runs/portfolio_20260704_091717_ars1_dynamic_range_picker_td60_lb60_top5_s0.5_w1.5-12_f3_20260704_055013,
td60_lb60_top5_s0.5_w2-8,0,2025-03-06,2025-05-05,2025-05-05,2025-08-03,"1000PEPEUSDT,DOGEUSDT",ok,33,-5.9,0.26,0.152,6.7002,backtest_runs/portfolio_20260704_091720_ars1_dynamic_range_picker_td60_lb60_top5_s0.5_w2-8_f0_20260704_055013,
td60_lb60_top5_s0.5_w2-8,1,2025-06-04,2025-08-03,2025-08-03,2025-11-01,,no_picks,0,0.0,0.0,0.0,0.0,,
td60_lb60_top5_s0.5_w2-8,2,2025-09-02,2025-11-01,2025-11-01,2026-01-30,TAOUSDT,ok,10,0.35,1.17,0.3,1.9225,backtest_runs/portfolio_20260704_091724_ars1_dynamic_range_picker_td60_lb60_top5_s0.5_w2-8_f2_20260704_055013,
td60_lb60_top5_s0.5_w2-8,3,2025-12-01,2026-01-30,2026-01-30,2026-04-30,,no_picks,0,0.0,0.0,0.0,0.0,,
td60_lb60_top5_s0.5_w2-12,0,2025-03-06,2025-05-05,2025-05-05,2025-08-03,"1000PEPEUSDT,DOGEUSDT",ok,33,-5.9,0.26,0.152,6.7002,backtest_runs/portfolio_20260704_091727_ars1_dynamic_range_picker_td60_lb60_top5_s0.5_w2-12_f0_20260704_055013,
td60_lb60_top5_s0.5_w2-12,1,2025-06-04,2025-08-03,2025-08-03,2025-11-01,,no_picks,0,0.0,0.0,0.0,0.0,,
td60_lb60_top5_s0.5_w2-12,2,2025-09-02,2025-11-01,2025-11-01,2026-01-30,TAOUSDT,ok,10,0.35,1.17,0.3,1.9225,backtest_runs/portfolio_20260704_091731_ars1_dynamic_range_picker_td60_lb60_top5_s0.5_w2-12_f2_20260704_055013,
td60_lb60_top5_s0.5_w2-12,3,2025-12-01,2026-01-30,2026-01-30,2026-04-30,,no_picks,0,0.0,0.0,0.0,0.0,,
td60_lb60_top5_s0.6_w1.5-8,0,2025-03-06,2025-05-05,2025-05-05,2025-08-03,1000PEPEUSDT,ok,22,-2.78,0.427,0.227,3.8566,backtest_runs/portfolio_20260704_091734_ars1_dynamic_range_picker_td60_lb60_top5_s0.6_w1.5-8_f0_20260704_055013,
td60_lb60_top5_s0.6_w1.5-8,1,2025-06-04,2025-08-03,2025-08-03,2025-11-01,,no_picks,0,0.0,0.0,0.0,0.0,,
td60_lb60_top5_s0.6_w1.5-8,2,2025-09-02,2025-11-01,2025-11-01,2026-01-30,"TAOUSDT,1000PEPEUSDT",ok,17,1.06,1.287,0.294,2.013,backtest_runs/portfolio_20260704_091737_ars1_dynamic_range_picker_td60_lb60_top5_s0.6_w1.5-8_f2_20260704_055013,
td60_lb60_top5_s0.6_w1.5-8,3,2025-12-01,2026-01-30,2026-01-30,2026-04-30,,no_picks,0,0.0,0.0,0.0,0.0,,
td60_lb60_top5_s0.6_w1.5-12,0,2025-03-06,2025-05-05,2025-05-05,2025-08-03,1000PEPEUSDT,ok,22,-2.78,0.427,0.227,3.8566,backtest_runs/portfolio_20260704_091741_ars1_dynamic_range_picker_td60_lb60_top5_s0.6_w1.5-12_f0_20260704_055013,
td60_lb60_top5_s0.6_w1.5-12,1,2025-06-04,2025-08-03,2025-08-03,2025-11-01,,no_picks,0,0.0,0.0,0.0,0.0,,
td60_lb60_top5_s0.6_w1.5-12,2,2025-09-02,2025-11-01,2025-11-01,2026-01-30,"TAOUSDT,1000PEPEUSDT",ok,17,1.06,1.287,0.294,2.013,backtest_runs/portfolio_20260704_091744_ars1_dynamic_range_picker_td60_lb60_top5_s0.6_w1.5-12_f2_20260704_055013,
td60_lb60_top5_s0.6_w1.5-12,3,2025-12-01,2026-01-30,2026-01-30,2026-04-30,,no_picks,0,0.0,0.0,0.0,0.0,,
td60_lb60_top5_s0.6_w2-8,0,2025-03-06,2025-05-05,2025-05-05,2025-08-03,1000PEPEUSDT,ok,22,-2.78,0.427,0.227,3.8566,backtest_runs/portfolio_20260704_091748_ars1_dynamic_range_picker_td60_lb60_top5_s0.6_w2-8_f0_20260704_055013,
td60_lb60_top5_s0.6_w2-8,1,2025-06-04,2025-08-03,2025-08-03,2025-11-01,,no_picks,0,0.0,0.0,0.0,0.0,,
td60_lb60_top5_s0.6_w2-8,2,2025-09-02,2025-11-01,2025-11-01,2026-01-30,TAOUSDT,ok,10,0.35,1.17,0.3,1.9225,backtest_runs/portfolio_20260704_091751_ars1_dynamic_range_picker_td60_lb60_top5_s0.6_w2-8_f2_20260704_055013,
td60_lb60_top5_s0.6_w2-8,3,2025-12-01,2026-01-30,2026-01-30,2026-04-30,,no_picks,0,0.0,0.0,0.0,0.0,,
td60_lb60_top5_s0.6_w2-12,0,2025-03-06,2025-05-05,2025-05-05,2025-08-03,1000PEPEUSDT,ok,22,-2.78,0.427,0.227,3.8566,backtest_runs/portfolio_20260704_091753_ars1_dynamic_range_picker_td60_lb60_top5_s0.6_w2-12_f0_20260704_055013,
td60_lb60_top5_s0.6_w2-12,1,2025-06-04,2025-08-03,2025-08-03,2025-11-01,,no_picks,0,0.0,0.0,0.0,0.0,,
td60_lb60_top5_s0.6_w2-12,2,2025-09-02,2025-11-01,2025-11-01,2026-01-30,TAOUSDT,ok,10,0.35,1.17,0.3,1.9225,backtest_runs/portfolio_20260704_091756_ars1_dynamic_range_picker_td60_lb60_top5_s0.6_w2-12_f2_20260704_055013,
td60_lb60_top5_s0.6_w2-12,3,2025-12-01,2026-01-30,2026-01-30,2026-04-30,,no_picks,0,0.0,0.0,0.0,0.0,,
td60_lb60_top8_s0.4_w1.5-8,0,2025-03-06,2025-05-05,2025-05-05,2025-08-03,"1000PEPEUSDT,DOGEUSDT",ok,33,-5.9,0.26,0.152,6.7002,backtest_runs/portfolio_20260704_091759_ars1_dynamic_range_picker_td60_lb60_top8_s0.4_w1.5-8_f0_20260704_055013,
td60_lb60_top8_s0.4_w1.5-8,1,2025-06-04,2025-08-03,2025-08-03,2025-11-01,,no_picks,0,0.0,0.0,0.0,0.0,,
td60_lb60_top8_s0.4_w1.5-8,2,2025-09-02,2025-11-01,2025-11-01,2026-01-30,"TAOUSDT,1000PEPEUSDT",ok,17,1.06,1.287,0.294,2.013,backtest_runs/portfolio_20260704_091804_ars1_dynamic_range_picker_td60_lb60_top8_s0.4_w1.5-8_f2_20260704_055013,
td60_lb60_top8_s0.4_w1.5-8,3,2025-12-01,2026-01-30,2026-01-30,2026-04-30,XLMUSDT,ok,1,-0.36,0.0,0.0,0.3565,backtest_runs/portfolio_20260704_091808_ars1_dynamic_range_picker_td60_lb60_top8_s0.4_w1.5-8_f3_20260704_055013,
td60_lb60_top8_s0.4_w1.5-12,0,2025-03-06,2025-05-05,2025-05-05,2025-08-03,"1000PEPEUSDT,DOGEUSDT",ok,33,-5.9,0.26,0.152,6.7002,backtest_runs/portfolio_20260704_091810_ars1_dynamic_range_picker_td60_lb60_top8_s0.4_w1.5-12_f0_20260704_055013,
td60_lb60_top8_s0.4_w1.5-12,1,2025-06-04,2025-08-03,2025-08-03,2025-11-01,,no_picks,0,0.0,0.0,0.0,0.0,,
td60_lb60_top8_s0.4_w1.5-12,2,2025-09-02,2025-11-01,2025-11-01,2026-01-30,"TAOUSDT,1000PEPEUSDT",ok,17,1.06,1.287,0.294,2.013,backtest_runs/portfolio_20260704_091815_ars1_dynamic_range_picker_td60_lb60_top8_s0.4_w1.5-12_f2_20260704_055013,
td60_lb60_top8_s0.4_w1.5-12,3,2025-12-01,2026-01-30,2026-01-30,2026-04-30,XLMUSDT,ok,1,-0.36,0.0,0.0,0.3565,backtest_runs/portfolio_20260704_091819_ars1_dynamic_range_picker_td60_lb60_top8_s0.4_w1.5-12_f3_20260704_055013,
td60_lb60_top8_s0.4_w2-8,0,2025-03-06,2025-05-05,2025-05-05,2025-08-03,"1000PEPEUSDT,DOGEUSDT",ok,33,-5.9,0.26,0.152,6.7002,backtest_runs/portfolio_20260704_091822_ars1_dynamic_range_picker_td60_lb60_top8_s0.4_w2-8_f0_20260704_055013,
td60_lb60_top8_s0.4_w2-8,1,2025-06-04,2025-08-03,2025-08-03,2025-11-01,,no_picks,0,0.0,0.0,0.0,0.0,,
td60_lb60_top8_s0.4_w2-8,2,2025-09-02,2025-11-01,2025-11-01,2026-01-30,TAOUSDT,ok,10,0.35,1.17,0.3,1.9225,backtest_runs/portfolio_20260704_091826_ars1_dynamic_range_picker_td60_lb60_top8_s0.4_w2-8_f2_20260704_055013,
td60_lb60_top8_s0.4_w2-8,3,2025-12-01,2026-01-30,2026-01-30,2026-04-30,,no_picks,0,0.0,0.0,0.0,0.0,,
td60_lb60_top8_s0.4_w2-12,0,2025-03-06,2025-05-05,2025-05-05,2025-08-03,"1000PEPEUSDT,DOGEUSDT",ok,33,-5.9,0.26,0.152,6.7002,backtest_runs/portfolio_20260704_091829_ars1_dynamic_range_picker_td60_lb60_top8_s0.4_w2-12_f0_20260704_055013,
td60_lb60_top8_s0.4_w2-12,1,2025-06-04,2025-08-03,2025-08-03,2025-11-01,,no_picks,0,0.0,0.0,0.0,0.0,,
td60_lb60_top8_s0.4_w2-12,2,2025-09-02,2025-11-01,2025-11-01,2026-01-30,TAOUSDT,ok,10,0.35,1.17,0.3,1.9225,backtest_runs/portfolio_20260704_091833_ars1_dynamic_range_picker_td60_lb60_top8_s0.4_w2-12_f2_20260704_055013,
td60_lb60_top8_s0.4_w2-12,3,2025-12-01,2026-01-30,2026-01-30,2026-04-30,,no_picks,0,0.0,0.0,0.0,0.0,,
td60_lb60_top8_s0.5_w1.5-8,0,2025-03-06,2025-05-05,2025-05-05,2025-08-03,"1000PEPEUSDT,DOGEUSDT",ok,33,-5.9,0.26,0.152,6.7002,backtest_runs/portfolio_20260704_091836_ars1_dynamic_range_picker_td60_lb60_top8_s0.5_w1.5-8_f0_20260704_055013,
td60_lb60_top8_s0.5_w1.5-8,1,2025-06-04,2025-08-03,2025-08-03,2025-11-01,,no_picks,0,0.0,0.0,0.0,0.0,,
td60_lb60_top8_s0.5_w1.5-8,2,2025-09-02,2025-11-01,2025-11-01,2026-01-30,"TAOUSDT,1000PEPEUSDT",ok,17,1.06,1.287,0.294,2.013,backtest_runs/portfolio_20260704_091841_ars1_dynamic_range_picker_td60_lb60_top8_s0.5_w1.5-8_f2_20260704_055013,
td60_lb60_top8_s0.5_w1.5-8,3,2025-12-01,2026-01-30,2026-01-30,2026-04-30,XLMUSDT,ok,1,-0.36,0.0,0.0,0.3565,backtest_runs/portfolio_20260704_091845_ars1_dynamic_range_picker_td60_lb60_top8_s0.5_w1.5-8_f3_20260704_055013,
td60_lb60_top8_s0.5_w1.5-12,0,2025-03-06,2025-05-05,2025-05-05,2025-08-03,"1000PEPEUSDT,DOGEUSDT",ok,33,-5.9,0.26,0.152,6.7002,backtest_runs/portfolio_20260704_091848_ars1_dynamic_range_picker_td60_lb60_top8_s0.5_w1.5-12_f0_20260704_055013,
td60_lb60_top8_s0.5_w1.5-12,1,2025-06-04,2025-08-03,2025-08-03,2025-11-01,,no_picks,0,0.0,0.0,0.0,0.0,,
td60_lb60_top8_s0.5_w1.5-12,2,2025-09-02,2025-11-01,2025-11-01,2026-01-30,"TAOUSDT,1000PEPEUSDT",ok,17,1.06,1.287,0.294,2.013,backtest_runs/portfolio_20260704_091852_ars1_dynamic_range_picker_td60_lb60_top8_s0.5_w1.5-12_f2_20260704_055013,
td60_lb60_top8_s0.5_w1.5-12,3,2025-12-01,2026-01-30,2026-01-30,2026-04-30,XLMUSDT,ok,1,-0.36,0.0,0.0,0.3565,backtest_runs/portfolio_20260704_091856_ars1_dynamic_range_picker_td60_lb60_top8_s0.5_w1.5-12_f3_20260704_055013,
td60_lb60_top8_s0.5_w2-8,0,2025-03-06,2025-05-05,2025-05-05,2025-08-03,"1000PEPEUSDT,DOGEUSDT",ok,33,-5.9,0.26,0.152,6.7002,backtest_runs/portfolio_20260704_091859_ars1_dynamic_range_picker_td60_lb60_top8_s0.5_w2-8_f0_20260704_055013,
td60_lb60_top8_s0.5_w2-8,1,2025-06-04,2025-08-03,2025-08-03,2025-11-01,,no_picks,0,0.0,0.0,0.0,0.0,,
td60_lb60_top8_s0.5_w2-8,2,2025-09-02,2025-11-01,2025-11-01,2026-01-30,TAOUSDT,ok,10,0.35,1.17,0.3,1.9225,backtest_runs/portfolio_20260704_091903_ars1_dynamic_range_picker_td60_lb60_top8_s0.5_w2-8_f2_20260704_055013,
td60_lb60_top8_s0.5_w2-8,3,2025-12-01,2026-01-30,2026-01-30,2026-04-30,,no_picks,0,0.0,0.0,0.0,0.0,,
td60_lb60_top8_s0.5_w2-12,0,2025-03-06,2025-05-05,2025-05-05,2025-08-03,"1000PEPEUSDT,DOGEUSDT",ok,33,-5.9,0.26,0.152,6.7002,backtest_runs/portfolio_20260704_091906_ars1_dynamic_range_picker_td60_lb60_top8_s0.5_w2-12_f0_20260704_055013,
td60_lb60_top8_s0.5_w2-12,1,2025-06-04,2025-08-03,2025-08-03,2025-11-01,,no_picks,0,0.0,0.0,0.0,0.0,,
td60_lb60_top8_s0.5_w2-12,2,2025-09-02,2025-11-01,2025-11-01,2026-01-30,TAOUSDT,ok,10,0.35,1.17,0.3,1.9225,backtest_runs/portfolio_20260704_091911_ars1_dynamic_range_picker_td60_lb60_top8_s0.5_w2-12_f2_20260704_055013,
td60_lb60_top8_s0.5_w2-12,3,2025-12-01,2026-01-30,2026-01-30,2026-04-30,,no_picks,0,0.0,0.0,0.0,0.0,,
td60_lb60_top8_s0.6_w1.5-8,0,2025-03-06,2025-05-05,2025-05-05,2025-08-03,1000PEPEUSDT,ok,22,-2.78,0.427,0.227,3.8566,backtest_runs/portfolio_20260704_091913_ars1_dynamic_range_picker_td60_lb60_top8_s0.6_w1.5-8_f0_20260704_055013,
td60_lb60_top8_s0.6_w1.5-8,1,2025-06-04,2025-08-03,2025-08-03,2025-11-01,,no_picks,0,0.0,0.0,0.0,0.0,,
td60_lb60_top8_s0.6_w1.5-8,2,2025-09-02,2025-11-01,2025-11-01,2026-01-30,"TAOUSDT,1000PEPEUSDT",ok,17,1.06,1.287,0.294,2.013,backtest_runs/portfolio_20260704_091916_ars1_dynamic_range_picker_td60_lb60_top8_s0.6_w1.5-8_f2_20260704_055013,
td60_lb60_top8_s0.6_w1.5-8,3,2025-12-01,2026-01-30,2026-01-30,2026-04-30,,no_picks,0,0.0,0.0,0.0,0.0,,
td60_lb60_top8_s0.6_w1.5-12,0,2025-03-06,2025-05-05,2025-05-05,2025-08-03,1000PEPEUSDT,ok,22,-2.78,0.427,0.227,3.8566,backtest_runs/portfolio_20260704_091920_ars1_dynamic_range_picker_td60_lb60_top8_s0.6_w1.5-12_f0_20260704_055013,
td60_lb60_top8_s0.6_w1.5-12,1,2025-06-04,2025-08-03,2025-08-03,2025-11-01,,no_picks,0,0.0,0.0,0.0,0.0,,
td60_lb60_top8_s0.6_w1.5-12,2,2025-09-02,2025-11-01,2025-11-01,2026-01-30,"TAOUSDT,1000PEPEUSDT",ok,17,1.06,1.287,0.294,2.013,backtest_runs/portfolio_20260704_091923_ars1_dynamic_range_picker_td60_lb60_top8_s0.6_w1.5-12_f2_20260704_055013,
td60_lb60_top8_s0.6_w1.5-12,3,2025-12-01,2026-01-30,2026-01-30,2026-04-30,,no_picks,0,0.0,0.0,0.0,0.0,,
td60_lb60_top8_s0.6_w2-8,0,2025-03-06,2025-05-05,2025-05-05,2025-08-03,1000PEPEUSDT,ok,22,-2.78,0.427,0.227,3.8566,backtest_runs/portfolio_20260704_091927_ars1_dynamic_range_picker_td60_lb60_top8_s0.6_w2-8_f0_20260704_055013,
td60_lb60_top8_s0.6_w2-8,1,2025-06-04,2025-08-03,2025-08-03,2025-11-01,,no_picks,0,0.0,0.0,0.0,0.0,,
td60_lb60_top8_s0.6_w2-8,2,2025-09-02,2025-11-01,2025-11-01,2026-01-30,TAOUSDT,ok,10,0.35,1.17,0.3,1.9225,backtest_runs/portfolio_20260704_091930_ars1_dynamic_range_picker_td60_lb60_top8_s0.6_w2-8_f2_20260704_055013,
td60_lb60_top8_s0.6_w2-8,3,2025-12-01,2026-01-30,2026-01-30,2026-04-30,,no_picks,0,0.0,0.0,0.0,0.0,,
td60_lb60_top8_s0.6_w2-12,0,2025-03-06,2025-05-05,2025-05-05,2025-08-03,1000PEPEUSDT,ok,22,-2.78,0.427,0.227,3.8566,backtest_runs/portfolio_20260704_091933_ars1_dynamic_range_picker_td60_lb60_top8_s0.6_w2-12_f0_20260704_055013,
td60_lb60_top8_s0.6_w2-12,1,2025-06-04,2025-08-03,2025-08-03,2025-11-01,,no_picks,0,0.0,0.0,0.0,0.0,,
td60_lb60_top8_s0.6_w2-12,2,2025-09-02,2025-11-01,2025-11-01,2026-01-30,TAOUSDT,ok,10,0.35,1.17,0.3,1.9225,backtest_runs/portfolio_20260704_091935_ars1_dynamic_range_picker_td60_lb60_top8_s0.6_w2-12_f2_20260704_055013,
td60_lb60_top8_s0.6_w2-12,3,2025-12-01,2026-01-30,2026-01-30,2026-04-30,,no_picks,0,0.0,0.0,0.0,0.0,,
td60_lb120_top3_s0.4_w1.5-8,0,2025-03-06,2025-05-05,2025-05-05,2025-08-03,"1000PEPEUSDT,DOGEUSDT",ok,33,-5.9,0.26,0.152,6.7002,backtest_runs/portfolio_20260704_091939_ars1_dynamic_range_picker_td60_lb120_top3_s0.4_w1.5-8_f0_20260704_055013,
td60_lb120_top3_s0.4_w1.5-8,1,2025-06-04,2025-08-03,2025-08-03,2025-11-01,"TAOUSDT,1000PEPEUSDT,DOTUSDT",ok,11,-1.37,0.559,0.091,1.5683,backtest_runs/portfolio_20260704_091943_ars1_dynamic_range_picker_td60_lb120_top3_s0.4_w1.5-8_f1_20260704_055013,
td60_lb120_top3_s0.4_w1.5-8,2,2025-09-02,2025-11-01,2025-11-01,2026-01-30,"BTCUSDT,TAOUSDT,SOLUSDT",ok,14,0.29,1.093,0.286,1.7168,backtest_runs/portfolio_20260704_091950_ars1_dynamic_range_picker_td60_lb120_top3_s0.4_w1.5-8_f2_20260704_055013,
td60_lb120_top3_s0.4_w1.5-8,3,2025-12-01,2026-01-30,2026-01-30,2026-04-30,"XRPUSDT,1000PEPEUSDT,LINKUSDT",ok,14,3.52,1.939,0.214,2.3518,backtest_runs/portfolio_20260704_091957_ars1_dynamic_range_picker_td60_lb120_top3_s0.4_w1.5-8_f3_20260704_055013,
td60_lb120_top3_s0.4_w1.5-12,0,2025-03-06,2025-05-05,2025-05-05,2025-08-03,"1000PEPEUSDT,DOGEUSDT",ok,33,-5.9,0.26,0.152,6.7002,backtest_runs/portfolio_20260704_092002_ars1_dynamic_range_picker_td60_lb120_top3_s0.4_w1.5-12_f0_20260704_055013,
td60_lb120_top3_s0.4_w1.5-12,1,2025-06-04,2025-08-03,2025-08-03,2025-11-01,"TAOUSDT,1000PEPEUSDT,DOTUSDT",ok,11,-1.37,0.559,0.091,1.5683,backtest_runs/portfolio_20260704_092007_ars1_dynamic_range_picker_td60_lb120_top3_s0.4_w1.5-12_f1_20260704_055013,
td60_lb120_top3_s0.4_w1.5-12,2,2025-09-02,2025-11-01,2025-11-01,2026-01-30,"BTCUSDT,TAOUSDT,SOLUSDT",ok,14,0.29,1.093,0.286,1.7168,backtest_runs/portfolio_20260704_092014_ars1_dynamic_range_picker_td60_lb120_top3_s0.4_w1.5-12_f2_20260704_055013,
td60_lb120_top3_s0.4_w1.5-12,3,2025-12-01,2026-01-30,2026-01-30,2026-04-30,"XRPUSDT,1000PEPEUSDT,LINKUSDT",ok,14,3.52,1.939,0.214,2.3518,backtest_runs/portfolio_20260704_092021_ars1_dynamic_range_picker_td60_lb120_top3_s0.4_w1.5-12_f3_20260704_055013,
td60_lb120_top3_s0.4_w2-8,0,2025-03-06,2025-05-05,2025-05-05,2025-08-03,"1000PEPEUSDT,DOGEUSDT",ok,33,-5.9,0.26,0.152,6.7002,backtest_runs/portfolio_20260704_092025_ars1_dynamic_range_picker_td60_lb120_top3_s0.4_w2-8_f0_20260704_055013,
td60_lb120_top3_s0.4_w2-8,1,2025-06-04,2025-08-03,2025-08-03,2025-11-01,"TAOUSDT,1000PEPEUSDT,DOTUSDT",ok,11,-1.37,0.559,0.091,1.5683,backtest_runs/portfolio_20260704_092030_ars1_dynamic_range_picker_td60_lb120_top3_s0.4_w2-8_f1_20260704_055013,
td60_lb120_top3_s0.4_w2-8,2,2025-09-02,2025-11-01,2025-11-01,2026-01-30,"BTCUSDT,TAOUSDT,1000PEPEUSDT",ok,17,1.06,1.287,0.294,2.013,backtest_runs/portfolio_20260704_092037_ars1_dynamic_range_picker_td60_lb120_top3_s0.4_w2-8_f2_20260704_055013,
td60_lb120_top3_s0.4_w2-8,3,2025-12-01,2026-01-30,2026-01-30,2026-04-30,"XRPUSDT,LINKUSDT,HYPEUSDT",ok,18,-0.26,0.945,0.167,2.5012,backtest_runs/portfolio_20260704_092044_ars1_dynamic_range_picker_td60_lb120_top3_s0.4_w2-8_f3_20260704_055013,
td60_lb120_top3_s0.4_w2-12,0,2025-03-06,2025-05-05,2025-05-05,2025-08-03,"1000PEPEUSDT,DOGEUSDT",ok,33,-5.9,0.26,0.152,6.7002,backtest_runs/portfolio_20260704_092048_ars1_dynamic_range_picker_td60_lb120_top3_s0.4_w2-12_f0_20260704_055013,
td60_lb120_top3_s0.4_w2-12,1,2025-06-04,2025-08-03,2025-08-03,2025-11-01,"TAOUSDT,1000PEPEUSDT,DOTUSDT",ok,11,-1.37,0.559,0.091,1.5683,backtest_runs/portfolio_20260704_092053_ars1_dynamic_range_picker_td60_lb120_top3_s0.4_w2-12_f1_20260704_055013,
td60_lb120_top3_s0.4_w2-12,2,2025-09-02,2025-11-01,2025-11-01,2026-01-30,"BTCUSDT,TAOUSDT,1000PEPEUSDT",ok,17,1.06,1.287,0.294,2.013,backtest_runs/portfolio_20260704_092100_ars1_dynamic_range_picker_td60_lb120_top3_s0.4_w2-12_f2_20260704_055013,
td60_lb120_top3_s0.4_w2-12,3,2025-12-01,2026-01-30,2026-01-30,2026-04-30,"XRPUSDT,LINKUSDT,HYPEUSDT",ok,18,-0.26,0.945,0.167,2.5012,backtest_runs/portfolio_20260704_092107_ars1_dynamic_range_picker_td60_lb120_top3_s0.4_w2-12_f3_20260704_055013,
td60_lb120_top3_s0.5_w1.5-8,0,2025-03-06,2025-05-05,2025-05-05,2025-08-03,"1000PEPEUSDT,DOGEUSDT",ok,33,-5.9,0.26,0.152,6.7002,backtest_runs/portfolio_20260704_092112_ars1_dynamic_range_picker_td60_lb120_top3_s0.5_w1.5-8_f0_20260704_055013,
td60_lb120_top3_s0.5_w1.5-8,1,2025-06-04,2025-08-03,2025-08-03,2025-11-01,"TAOUSDT,1000PEPEUSDT,DOTUSDT",ok,11,-1.37,0.559,0.091,1.5683,backtest_runs/portfolio_20260704_092116_ars1_dynamic_range_picker_td60_lb120_top3_s0.5_w1.5-8_f1_20260704_055013,
td60_lb120_top3_s0.5_w1.5-8,2,2025-09-02,2025-11-01,2025-11-01,2026-01-30,"BTCUSDT,TAOUSDT,SOLUSDT",ok,14,0.29,1.093,0.286,1.7168,backtest_runs/portfolio_20260704_092124_ars1_dynamic_range_picker_td60_lb120_top3_s0.5_w1.5-8_f2_20260704_055013,
td60_lb120_top3_s0.5_w1.5-8,3,2025-12-01,2026-01-30,2026-01-30,2026-04-30,"XRPUSDT,1000PEPEUSDT,LINKUSDT",ok,14,3.52,1.939,0.214,2.3518,backtest_runs/portfolio_20260704_092130_ars1_dynamic_range_picker_td60_lb120_top3_s0.5_w1.5-8_f3_20260704_055013,
td60_lb120_top3_s0.5_w1.5-12,0,2025-03-06,2025-05-05,2025-05-05,2025-08-03,"1000PEPEUSDT,DOGEUSDT",ok,33,-5.9,0.26,0.152,6.7002,backtest_runs/portfolio_20260704_092135_ars1_dynamic_range_picker_td60_lb120_top3_s0.5_w1.5-12_f0_20260704_055013,
td60_lb120_top3_s0.5_w1.5-12,1,2025-06-04,2025-08-03,2025-08-03,2025-11-01,"TAOUSDT,1000PEPEUSDT,DOTUSDT",ok,11,-1.37,0.559,0.091,1.5683,backtest_runs/portfolio_20260704_092140_ars1_dynamic_range_picker_td60_lb120_top3_s0.5_w1.5-12_f1_20260704_055013,
td60_lb120_top3_s0.5_w1.5-12,2,2025-09-02,2025-11-01,2025-11-01,2026-01-30,"BTCUSDT,TAOUSDT,SOLUSDT",ok,14,0.29,1.093,0.286,1.7168,backtest_runs/portfolio_20260704_092147_ars1_dynamic_range_picker_td60_lb120_top3_s0.5_w1.5-12_f2_20260704_055013,
td60_lb120_top3_s0.5_w1.5-12,3,2025-12-01,2026-01-30,2026-01-30,2026-04-30,"XRPUSDT,1000PEPEUSDT,LINKUSDT",ok,14,3.52,1.939,0.214,2.3518,backtest_runs/portfolio_20260704_092154_ars1_dynamic_range_picker_td60_lb120_top3_s0.5_w1.5-12_f3_20260704_055013,
td60_lb120_top3_s0.5_w2-8,0,2025-03-06,2025-05-05,2025-05-05,2025-08-03,"1000PEPEUSDT,DOGEUSDT",ok,33,-5.9,0.26,0.152,6.7002,backtest_runs/portfolio_20260704_092159_ars1_dynamic_range_picker_td60_lb120_top3_s0.5_w2-8_f0_20260704_055013,
td60_lb120_top3_s0.5_w2-8,1,2025-06-04,2025-08-03,2025-08-03,2025-11-01,"TAOUSDT,1000PEPEUSDT,DOTUSDT",ok,11,-1.37,0.559,0.091,1.5683,backtest_runs/portfolio_20260704_092203_ars1_dynamic_range_picker_td60_lb120_top3_s0.5_w2-8_f1_20260704_055013,
td60_lb120_top3_s0.5_w2-8,2,2025-09-02,2025-11-01,2025-11-01,2026-01-30,"BTCUSDT,TAOUSDT,1000PEPEUSDT",ok,17,1.06,1.287,0.294,2.013,backtest_runs/portfolio_20260704_092210_ars1_dynamic_range_picker_td60_lb120_top3_s0.5_w2-8_f2_20260704_055013,
td60_lb120_top3_s0.5_w2-8,3,2025-12-01,2026-01-30,2026-01-30,2026-04-30,"XRPUSDT,LINKUSDT,HYPEUSDT",ok,18,-0.26,0.945,0.167,2.5012,backtest_runs/portfolio_20260704_092217_ars1_dynamic_range_picker_td60_lb120_top3_s0.5_w2-8_f3_20260704_055013,
td60_lb120_top3_s0.5_w2-12,0,2025-03-06,2025-05-05,2025-05-05,2025-08-03,"1000PEPEUSDT,DOGEUSDT",ok,33,-5.9,0.26,0.152,6.7002,backtest_runs/portfolio_20260704_092222_ars1_dynamic_range_picker_td60_lb120_top3_s0.5_w2-12_f0_20260704_055013,
td60_lb120_top3_s0.5_w2-12,1,2025-06-04,2025-08-03,2025-08-03,2025-11-01,"TAOUSDT,1000PEPEUSDT,DOTUSDT",ok,11,-1.37,0.559,0.091,1.5683,backtest_runs/portfolio_20260704_092227_ars1_dynamic_range_picker_td60_lb120_top3_s0.5_w2-12_f1_20260704_055013,
td60_lb120_top3_s0.5_w2-12,2,2025-09-02,2025-11-01,2025-11-01,2026-01-30,"BTCUSDT,TAOUSDT,1000PEPEUSDT",ok,17,1.06,1.287,0.294,2.013,backtest_runs/portfolio_20260704_092233_ars1_dynamic_range_picker_td60_lb120_top3_s0.5_w2-12_f2_20260704_055013,
td60_lb120_top3_s0.5_w2-12,3,2025-12-01,2026-01-30,2026-01-30,2026-04-30,"XRPUSDT,LINKUSDT,HYPEUSDT",ok,18,-0.26,0.945,0.167,2.5012,backtest_runs/portfolio_20260704_092240_ars1_dynamic_range_picker_td60_lb120_top3_s0.5_w2-12_f3_20260704_055013,
td60_lb120_top3_s0.6_w1.5-8,0,2025-03-06,2025-05-05,2025-05-05,2025-08-03,1000PEPEUSDT,ok,22,-2.78,0.427,0.227,3.8566,backtest_runs/portfolio_20260704_092244_ars1_dynamic_range_picker_td60_lb120_top3_s0.6_w1.5-8_f0_20260704_055013,
td60_lb120_top3_s0.6_w1.5-8,1,2025-06-04,2025-08-03,2025-08-03,2025-11-01,"TAOUSDT,1000PEPEUSDT,DOTUSDT",ok,11,-1.37,0.559,0.091,1.5683,backtest_runs/portfolio_20260704_092247_ars1_dynamic_range_picker_td60_lb120_top3_s0.6_w1.5-8_f1_20260704_055013,
td60_lb120_top3_s0.6_w1.5-8,2,2025-09-02,2025-11-01,2025-11-01,2026-01-30,"BTCUSDT,TAOUSDT,SOLUSDT",ok,14,0.29,1.093,0.286,1.7168,backtest_runs/portfolio_20260704_092255_ars1_dynamic_range_picker_td60_lb120_top3_s0.6_w1.5-8_f2_20260704_055013,
td60_lb120_top3_s0.6_w1.5-8,3,2025-12-01,2026-01-30,2026-01-30,2026-04-30,"XRPUSDT,1000PEPEUSDT",ok,12,1.07,1.326,0.167,1.8754,backtest_runs/portfolio_20260704_092301_ars1_dynamic_range_picker_td60_lb120_top3_s0.6_w1.5-8_f3_20260704_055013,
td60_lb120_top3_s0.6_w1.5-12,0,2025-03-06,2025-05-05,2025-05-05,2025-08-03,1000PEPEUSDT,ok,22,-2.78,0.427,0.227,3.8566,backtest_runs/portfolio_20260704_092304_ars1_dynamic_range_picker_td60_lb120_top3_s0.6_w1.5-12_f0_20260704_055013,
td60_lb120_top3_s0.6_w1.5-12,1,2025-06-04,2025-08-03,2025-08-03,2025-11-01,"TAOUSDT,1000PEPEUSDT,DOTUSDT",ok,11,-1.37,0.559,0.091,1.5683,backtest_runs/portfolio_20260704_092307_ars1_dynamic_range_picker_td60_lb120_top3_s0.6_w1.5-12_f1_20260704_055013,
td60_lb120_top3_s0.6_w1.5-12,2,2025-09-02,2025-11-01,2025-11-01,2026-01-30,"BTCUSDT,TAOUSDT,SOLUSDT",ok,14,0.29,1.093,0.286,1.7168,backtest_runs/portfolio_20260704_092314_ars1_dynamic_range_picker_td60_lb120_top3_s0.6_w1.5-12_f2_20260704_055013,
td60_lb120_top3_s0.6_w1.5-12,3,2025-12-01,2026-01-30,2026-01-30,2026-04-30,"XRPUSDT,1000PEPEUSDT",ok,12,1.07,1.326,0.167,1.8754,backtest_runs/portfolio_20260704_092320_ars1_dynamic_range_picker_td60_lb120_top3_s0.6_w1.5-12_f3_20260704_055013,
td60_lb120_top3_s0.6_w2-8,0,2025-03-06,2025-05-05,2025-05-05,2025-08-03,1000PEPEUSDT,ok,22,-2.78,0.427,0.227,3.8566,backtest_runs/portfolio_20260704_092323_ars1_dynamic_range_picker_td60_lb120_top3_s0.6_w2-8_f0_20260704_055013,
td60_lb120_top3_s0.6_w2-8,1,2025-06-04,2025-08-03,2025-08-03,2025-11-01,"TAOUSDT,1000PEPEUSDT,DOTUSDT",ok,11,-1.37,0.559,0.091,1.5683,backtest_runs/portfolio_20260704_092326_ars1_dynamic_range_picker_td60_lb120_top3_s0.6_w2-8_f1_20260704_055013,
td60_lb120_top3_s0.6_w2-8,2,2025-09-02,2025-11-01,2025-11-01,2026-01-30,"BTCUSDT,TAOUSDT,1000PEPEUSDT",ok,17,1.06,1.287,0.294,2.013,backtest_runs/portfolio_20260704_092333_ars1_dynamic_range_picker_td60_lb120_top3_s0.6_w2-8_f2_20260704_055013,
td60_lb120_top3_s0.6_w2-8,3,2025-12-01,2026-01-30,2026-01-30,2026-04-30,XRPUSDT,ok,4,-0.09,0.919,0.25,1.1295,backtest_runs/portfolio_20260704_092339_ars1_dynamic_range_picker_td60_lb120_top3_s0.6_w2-8_f3_20260704_055013,
td60_lb120_top3_s0.6_w2-12,0,2025-03-06,2025-05-05,2025-05-05,2025-08-03,1000PEPEUSDT,ok,22,-2.78,0.427,0.227,3.8566,backtest_runs/portfolio_20260704_092341_ars1_dynamic_range_picker_td60_lb120_top3_s0.6_w2-12_f0_20260704_055013,
td60_lb120_top3_s0.6_w2-12,1,2025-06-04,2025-08-03,2025-08-03,2025-11-01,"TAOUSDT,1000PEPEUSDT,DOTUSDT",ok,11,-1.37,0.559,0.091,1.5683,backtest_runs/portfolio_20260704_092344_ars1_dynamic_range_picker_td60_lb120_top3_s0.6_w2-12_f1_20260704_055013,
td60_lb120_top3_s0.6_w2-12,2,2025-09-02,2025-11-01,2025-11-01,2026-01-30,"BTCUSDT,TAOUSDT,1000PEPEUSDT",ok,17,1.06,1.287,0.294,2.013,backtest_runs/portfolio_20260704_092351_ars1_dynamic_range_picker_td60_lb120_top3_s0.6_w2-12_f2_20260704_055013,
td60_lb120_top3_s0.6_w2-12,3,2025-12-01,2026-01-30,2026-01-30,2026-04-30,XRPUSDT,ok,4,-0.09,0.919,0.25,1.1295,backtest_runs/portfolio_20260704_092357_ars1_dynamic_range_picker_td60_lb120_top3_s0.6_w2-12_f3_20260704_055013,
td60_lb120_top5_s0.4_w1.5-8,0,2025-03-06,2025-05-05,2025-05-05,2025-08-03,"1000PEPEUSDT,DOGEUSDT",ok,33,-5.9,0.26,0.152,6.7002,backtest_runs/portfolio_20260704_092400_ars1_dynamic_range_picker_td60_lb120_top5_s0.4_w1.5-8_f0_20260704_055013,
td60_lb120_top5_s0.4_w1.5-8,1,2025-06-04,2025-08-03,2025-08-03,2025-11-01,"TAOUSDT,1000PEPEUSDT,DOTUSDT,LINKUSDT,XLMUSDT",ok,24,-3.56,0.47,0.083,3.8465,backtest_runs/portfolio_20260704_092406_ars1_dynamic_range_picker_td60_lb120_top5_s0.4_w1.5-8_f1_20260704_055013,
td60_lb120_top5_s0.4_w1.5-8,2,2025-09-02,2025-11-01,2025-11-01,2026-01-30,"BTCUSDT,TAOUSDT,SOLUSDT,1000PEPEUSDT,LTCUSDT",ok,23,2.15,1.454,0.348,2.1562,backtest_runs/portfolio_20260704_092417_ars1_dynamic_range_picker_td60_lb120_top5_s0.4_w1.5-8_f2_20260704_055013,
td60_lb120_top5_s0.4_w1.5-8,3,2025-12-01,2026-01-30,2026-01-30,2026-04-30,"XRPUSDT,1000PEPEUSDT,LINKUSDT,HYPEUSDT",ok,25,1.15,1.171,0.16,3.3837,backtest_runs/portfolio_20260704_092427_ars1_dynamic_range_picker_td60_lb120_top5_s0.4_w1.5-8_f3_20260704_055013,
td60_lb120_top5_s0.4_w1.5-12,0,2025-03-06,2025-05-05,2025-05-05,2025-08-03,"1000PEPEUSDT,DOGEUSDT",ok,33,-5.9,0.26,0.152,6.7002,backtest_runs/portfolio_20260704_092433_ars1_dynamic_range_picker_td60_lb120_top5_s0.4_w1.5-12_f0_20260704_055013,
td60_lb120_top5_s0.4_w1.5-12,1,2025-06-04,2025-08-03,2025-08-03,2025-11-01,"TAOUSDT,1000PEPEUSDT,DOTUSDT,LINKUSDT,XLMUSDT",ok,24,-3.56,0.47,0.083,3.8465,backtest_runs/portfolio_20260704_092439_ars1_dynamic_range_picker_td60_lb120_top5_s0.4_w1.5-12_f1_20260704_055013,
td60_lb120_top5_s0.4_w1.5-12,2,2025-09-02,2025-11-01,2025-11-01,2026-01-30,"BTCUSDT,TAOUSDT,SOLUSDT,1000PEPEUSDT,LTCUSDT",ok,23,2.15,1.454,0.348,2.1562,backtest_runs/portfolio_20260704_092450_ars1_dynamic_range_picker_td60_lb120_top5_s0.4_w1.5-12_f2_20260704_055013,
td60_lb120_top5_s0.4_w1.5-12,3,2025-12-01,2026-01-30,2026-01-30,2026-04-30,"XRPUSDT,1000PEPEUSDT,LINKUSDT,HYPEUSDT",ok,25,1.15,1.171,0.16,3.3837,backtest_runs/portfolio_20260704_092500_ars1_dynamic_range_picker_td60_lb120_top5_s0.4_w1.5-12_f3_20260704_055013,
td60_lb120_top5_s0.4_w2-8,0,2025-03-06,2025-05-05,2025-05-05,2025-08-03,"1000PEPEUSDT,DOGEUSDT",ok,33,-5.9,0.26,0.152,6.7002,backtest_runs/portfolio_20260704_092506_ars1_dynamic_range_picker_td60_lb120_top5_s0.4_w2-8_f0_20260704_055013,
td60_lb120_top5_s0.4_w2-8,1,2025-06-04,2025-08-03,2025-08-03,2025-11-01,"TAOUSDT,1000PEPEUSDT,DOTUSDT,LINKUSDT,XLMUSDT",ok,24,-3.56,0.47,0.083,3.8465,backtest_runs/portfolio_20260704_092512_ars1_dynamic_range_picker_td60_lb120_top5_s0.4_w2-8_f1_20260704_055013,
td60_lb120_top5_s0.4_w2-8,2,2025-09-02,2025-11-01,2025-11-01,2026-01-30,"BTCUSDT,TAOUSDT,1000PEPEUSDT,LTCUSDT,ETHUSDT",ok,22,2.35,1.557,0.364,1.8619,backtest_runs/portfolio_20260704_092523_ars1_dynamic_range_picker_td60_lb120_top5_s0.4_w2-8_f2_20260704_055013,
td60_lb120_top5_s0.4_w2-8,3,2025-12-01,2026-01-30,2026-01-30,2026-04-30,"XRPUSDT,LINKUSDT,HYPEUSDT",ok,18,-0.26,0.945,0.167,2.5012,backtest_runs/portfolio_20260704_092533_ars1_dynamic_range_picker_td60_lb120_top5_s0.4_w2-8_f3_20260704_055013,
td60_lb120_top5_s0.4_w2-12,0,2025-03-06,2025-05-05,2025-05-05,2025-08-03,"1000PEPEUSDT,DOGEUSDT",ok,33,-5.9,0.26,0.152,6.7002,backtest_runs/portfolio_20260704_092538_ars1_dynamic_range_picker_td60_lb120_top5_s0.4_w2-12_f0_20260704_055013,
td60_lb120_top5_s0.4_w2-12,1,2025-06-04,2025-08-03,2025-08-03,2025-11-01,"TAOUSDT,1000PEPEUSDT,DOTUSDT,LINKUSDT,XLMUSDT",ok,24,-3.56,0.47,0.083,3.8465,backtest_runs/portfolio_20260704_092543_ars1_dynamic_range_picker_td60_lb120_top5_s0.4_w2-12_f1_20260704_055013,
td60_lb120_top5_s0.4_w2-12,2,2025-09-02,2025-11-01,2025-11-01,2026-01-30,"BTCUSDT,TAOUSDT,1000PEPEUSDT,LTCUSDT,ETHUSDT",ok,22,2.35,1.557,0.364,1.8619,backtest_runs/portfolio_20260704_092555_ars1_dynamic_range_picker_td60_lb120_top5_s0.4_w2-12_f2_20260704_055013,
td60_lb120_top5_s0.4_w2-12,3,2025-12-01,2026-01-30,2026-01-30,2026-04-30,"XRPUSDT,LINKUSDT,HYPEUSDT",ok,18,-0.26,0.945,0.167,2.5012,backtest_runs/portfolio_20260704_092605_ars1_dynamic_range_picker_td60_lb120_top5_s0.4_w2-12_f3_20260704_055013,
td60_lb120_top5_s0.5_w1.5-8,0,2025-03-06,2025-05-05,2025-05-05,2025-08-03,"1000PEPEUSDT,DOGEUSDT",ok,33,-5.9,0.26,0.152,6.7002,backtest_runs/portfolio_20260704_092609_ars1_dynamic_range_picker_td60_lb120_top5_s0.5_w1.5-8_f0_20260704_055013,
td60_lb120_top5_s0.5_w1.5-8,1,2025-06-04,2025-08-03,2025-08-03,2025-11-01,"TAOUSDT,1000PEPEUSDT,DOTUSDT,LINKUSDT,XLMUSDT",ok,24,-3.56,0.47,0.083,3.8465,backtest_runs/portfolio_20260704_092615_ars1_dynamic_range_picker_td60_lb120_top5_s0.5_w1.5-8_f1_20260704_055013,
td60_lb120_top5_s0.5_w1.5-8,2,2025-09-02,2025-11-01,2025-11-01,2026-01-30,"BTCUSDT,TAOUSDT,SOLUSDT,1000PEPEUSDT,LTCUSDT",ok,23,2.15,1.454,0.348,2.1562,backtest_runs/portfolio_20260704_092627_ars1_dynamic_range_picker_td60_lb120_top5_s0.5_w1.5-8_f2_20260704_055013,
td60_lb120_top5_s0.5_w1.5-8,3,2025-12-01,2026-01-30,2026-01-30,2026-04-30,"XRPUSDT,1000PEPEUSDT,LINKUSDT,HYPEUSDT",ok,25,1.15,1.171,0.16,3.3837,backtest_runs/portfolio_20260704_092637_ars1_dynamic_range_picker_td60_lb120_top5_s0.5_w1.5-8_f3_20260704_055013,
td60_lb120_top5_s0.5_w1.5-12,0,2025-03-06,2025-05-05,2025-05-05,2025-08-03,"1000PEPEUSDT,DOGEUSDT",ok,33,-5.9,0.26,0.152,6.7002,backtest_runs/portfolio_20260704_092643_ars1_dynamic_range_picker_td60_lb120_top5_s0.5_w1.5-12_f0_20260704_055013,
td60_lb120_top5_s0.5_w1.5-12,1,2025-06-04,2025-08-03,2025-08-03,2025-11-01,"TAOUSDT,1000PEPEUSDT,DOTUSDT,LINKUSDT,XLMUSDT",ok,24,-3.56,0.47,0.083,3.8465,backtest_runs/portfolio_20260704_092649_ars1_dynamic_range_picker_td60_lb120_top5_s0.5_w1.5-12_f1_20260704_055013,
td60_lb120_top5_s0.5_w1.5-12,2,2025-09-02,2025-11-01,2025-11-01,2026-01-30,"BTCUSDT,TAOUSDT,SOLUSDT,1000PEPEUSDT,LTCUSDT",ok,23,2.15,1.454,0.348,2.1562,backtest_runs/portfolio_20260704_092700_ars1_dynamic_range_picker_td60_lb120_top5_s0.5_w1.5-12_f2_20260704_055013,
td60_lb120_top5_s0.5_w1.5-12,3,2025-12-01,2026-01-30,2026-01-30,2026-04-30,"XRPUSDT,1000PEPEUSDT,LINKUSDT,HYPEUSDT",ok,25,1.15,1.171,0.16,3.3837,backtest_runs/portfolio_20260704_092710_ars1_dynamic_range_picker_td60_lb120_top5_s0.5_w1.5-12_f3_20260704_055013,
td60_lb120_top5_s0.5_w2-8,0,2025-03-06,2025-05-05,2025-05-05,2025-08-03,"1000PEPEUSDT,DOGEUSDT",ok,33,-5.9,0.26,0.152,6.7002,backtest_runs/portfolio_20260704_092716_ars1_dynamic_range_picker_td60_lb120_top5_s0.5_w2-8_f0_20260704_055013,
td60_lb120_top5_s0.5_w2-8,1,2025-06-04,2025-08-03,2025-08-03,2025-11-01,"TAOUSDT,1000PEPEUSDT,DOTUSDT,LINKUSDT,XLMUSDT",ok,24,-3.56,0.47,0.083,3.8465,backtest_runs/portfolio_20260704_092722_ars1_dynamic_range_picker_td60_lb120_top5_s0.5_w2-8_f1_20260704_055013,
td60_lb120_top5_s0.5_w2-8,2,2025-09-02,2025-11-01,2025-11-01,2026-01-30,"BTCUSDT,TAOUSDT,1000PEPEUSDT,LTCUSDT,ETHUSDT",ok,22,2.35,1.557,0.364,1.8619,backtest_runs/portfolio_20260704_092733_ars1_dynamic_range_picker_td60_lb120_top5_s0.5_w2-8_f2_20260704_055013,
td60_lb120_top5_s0.5_w2-8,3,2025-12-01,2026-01-30,2026-01-30,2026-04-30,"XRPUSDT,LINKUSDT,HYPEUSDT",ok,18,-0.26,0.945,0.167,2.5012,backtest_runs/portfolio_20260704_092743_ars1_dynamic_range_picker_td60_lb120_top5_s0.5_w2-8_f3_20260704_055013,
td60_lb120_top5_s0.5_w2-12,0,2025-03-06,2025-05-05,2025-05-05,2025-08-03,"1000PEPEUSDT,DOGEUSDT",ok,33,-5.9,0.26,0.152,6.7002,backtest_runs/portfolio_20260704_092748_ars1_dynamic_range_picker_td60_lb120_top5_s0.5_w2-12_f0_20260704_055013,
td60_lb120_top5_s0.5_w2-12,1,2025-06-04,2025-08-03,2025-08-03,2025-11-01,"TAOUSDT,1000PEPEUSDT,DOTUSDT,LINKUSDT,XLMUSDT",ok,24,-3.56,0.47,0.083,3.8465,backtest_runs/portfolio_20260704_092754_ars1_dynamic_range_picker_td60_lb120_top5_s0.5_w2-12_f1_20260704_055013,
td60_lb120_top5_s0.5_w2-12,2,2025-09-02,2025-11-01,2025-11-01,2026-01-30,"BTCUSDT,TAOUSDT,1000PEPEUSDT,LTCUSDT,ETHUSDT",ok,22,2.35,1.557,0.364,1.8619,backtest_runs/portfolio_20260704_092805_ars1_dynamic_range_picker_td60_lb120_top5_s0.5_w2-12_f2_20260704_055013,
td60_lb120_top5_s0.5_w2-12,3,2025-12-01,2026-01-30,2026-01-30,2026-04-30,"XRPUSDT,LINKUSDT,HYPEUSDT",ok,18,-0.26,0.945,0.167,2.5012,backtest_runs/portfolio_20260704_092815_ars1_dynamic_range_picker_td60_lb120_top5_s0.5_w2-12_f3_20260704_055013,
td60_lb120_top5_s0.6_w1.5-8,0,2025-03-06,2025-05-05,2025-05-05,2025-08-03,1000PEPEUSDT,ok,22,-2.78,0.427,0.227,3.8566,backtest_runs/portfolio_20260704_092820_ars1_dynamic_range_picker_td60_lb120_top5_s0.6_w1.5-8_f0_20260704_055013,
td60_lb120_top5_s0.6_w1.5-8,1,2025-06-04,2025-08-03,2025-08-03,2025-11-01,"TAOUSDT,1000PEPEUSDT,DOTUSDT,LINKUSDT,XLMUSDT",ok,24,-3.56,0.47,0.083,3.8465,backtest_runs/portfolio_20260704_092824_ars1_dynamic_range_picker_td60_lb120_top5_s0.6_w1.5-8_f1_20260704_055013,
td60_lb120_top5_s0.6_w1.5-8,2,2025-09-02,2025-11-01,2025-11-01,2026-01-30,"BTCUSDT,TAOUSDT,SOLUSDT,1000PEPEUSDT,LTCUSDT",ok,23,2.15,1.454,0.348,2.1562,backtest_runs/portfolio_20260704_092835_ars1_dynamic_range_picker_td60_lb120_top5_s0.6_w1.5-8_f2_20260704_055013,
td60_lb120_top5_s0.6_w1.5-8,3,2025-12-01,2026-01-30,2026-01-30,2026-04-30,"XRPUSDT,1000PEPEUSDT",ok,12,1.07,1.326,0.167,1.8754,backtest_runs/portfolio_20260704_092844_ars1_dynamic_range_picker_td60_lb120_top5_s0.6_w1.5-8_f3_20260704_055013,
td60_lb120_top5_s0.6_w1.5-12,0,2025-03-06,2025-05-05,2025-05-05,2025-08-03,1000PEPEUSDT,ok,22,-2.78,0.427,0.227,3.8566,backtest_runs/portfolio_20260704_092847_ars1_dynamic_range_picker_td60_lb120_top5_s0.6_w1.5-12_f0_20260704_055013,
td60_lb120_top5_s0.6_w1.5-12,1,2025-06-04,2025-08-03,2025-08-03,2025-11-01,"TAOUSDT,1000PEPEUSDT,DOTUSDT,LINKUSDT,XLMUSDT",ok,24,-3.56,0.47,0.083,3.8465,backtest_runs/portfolio_20260704_092852_ars1_dynamic_range_picker_td60_lb120_top5_s0.6_w1.5-12_f1_20260704_055013,
td60_lb120_top5_s0.6_w1.5-12,2,2025-09-02,2025-11-01,2025-11-01,2026-01-30,"BTCUSDT,TAOUSDT,SOLUSDT,1000PEPEUSDT,LTCUSDT",ok,23,2.15,1.454,0.348,2.1562,backtest_runs/portfolio_20260704_092903_ars1_dynamic_range_picker_td60_lb120_top5_s0.6_w1.5-12_f2_20260704_055013,
td60_lb120_top5_s0.6_w1.5-12,3,2025-12-01,2026-01-30,2026-01-30,2026-04-30,"XRPUSDT,1000PEPEUSDT",ok,12,1.07,1.326,0.167,1.8754,backtest_runs/portfolio_20260704_092912_ars1_dynamic_range_picker_td60_lb120_top5_s0.6_w1.5-12_f3_20260704_055013,
td60_lb120_top5_s0.6_w2-8,0,2025-03-06,2025-05-05,2025-05-05,2025-08-03,1000PEPEUSDT,ok,22,-2.78,0.427,0.227,3.8566,backtest_runs/portfolio_20260704_092915_ars1_dynamic_range_picker_td60_lb120_top5_s0.6_w2-8_f0_20260704_055013,
td60_lb120_top5_s0.6_w2-8,1,2025-06-04,2025-08-03,2025-08-03,2025-11-01,"TAOUSDT,1000PEPEUSDT,DOTUSDT,LINKUSDT,XLMUSDT",ok,24,-3.56,0.47,0.083,3.8465,backtest_runs/portfolio_20260704_092920_ars1_dynamic_range_picker_td60_lb120_top5_s0.6_w2-8_f1_20260704_055013,
td60_lb120_top5_s0.6_w2-8,2,2025-09-02,2025-11-01,2025-11-01,2026-01-30,"BTCUSDT,TAOUSDT,1000PEPEUSDT,LTCUSDT,ETHUSDT",ok,22,2.35,1.557,0.364,1.8619,backtest_runs/portfolio_20260704_092931_ars1_dynamic_range_picker_td60_lb120_top5_s0.6_w2-8_f2_20260704_055013,
td60_lb120_top5_s0.6_w2-8,3,2025-12-01,2026-01-30,2026-01-30,2026-04-30,XRPUSDT,ok,4,-0.09,0.919,0.25,1.1295,backtest_runs/portfolio_20260704_092940_ars1_dynamic_range_picker_td60_lb120_top5_s0.6_w2-8_f3_20260704_055013,
td60_lb120_top5_s0.6_w2-12,0,2025-03-06,2025-05-05,2025-05-05,2025-08-03,1000PEPEUSDT,ok,22,-2.78,0.427,0.227,3.8566,backtest_runs/portfolio_20260704_092942_ars1_dynamic_range_picker_td60_lb120_top5_s0.6_w2-12_f0_20260704_055013,
td60_lb120_top5_s0.6_w2-12,1,2025-06-04,2025-08-03,2025-08-03,2025-11-01,"TAOUSDT,1000PEPEUSDT,DOTUSDT,LINKUSDT,XLMUSDT",ok,24,-3.56,0.47,0.083,3.8465,backtest_runs/portfolio_20260704_092946_ars1_dynamic_range_picker_td60_lb120_top5_s0.6_w2-12_f1_20260704_055013,
td60_lb120_top5_s0.6_w2-12,2,2025-09-02,2025-11-01,2025-11-01,2026-01-30,"BTCUSDT,TAOUSDT,1000PEPEUSDT,LTCUSDT,ETHUSDT",ok,22,2.35,1.557,0.364,1.8619,backtest_runs/portfolio_20260704_092958_ars1_dynamic_range_picker_td60_lb120_top5_s0.6_w2-12_f2_20260704_055013,
td60_lb120_top5_s0.6_w2-12,3,2025-12-01,2026-01-30,2026-01-30,2026-04-30,XRPUSDT,ok,4,-0.09,0.919,0.25,1.1295,backtest_runs/portfolio_20260704_093006_ars1_dynamic_range_picker_td60_lb120_top5_s0.6_w2-12_f3_20260704_055013,
td60_lb120_top8_s0.4_w1.5-8,0,2025-03-06,2025-05-05,2025-05-05,2025-08-03,"1000PEPEUSDT,DOGEUSDT",ok,33,-5.9,0.26,0.152,6.7002,backtest_runs/portfolio_20260704_093009_ars1_dynamic_range_picker_td60_lb120_top8_s0.4_w1.5-8_f0_20260704_055013,
td60_lb120_top8_s0.4_w1.5-8,1,2025-06-04,2025-08-03,2025-08-03,2025-11-01,"TAOUSDT,1000PEPEUSDT,DOTUSDT,LINKUSDT,XLMUSDT,SOLUSDT,ATOMUSDT,AVAXUSDT",ok,41,-7.93,0.287,0.073,7.9335,backtest_runs/portfolio_20260704_093016_ars1_dynamic_range_picker_td60_lb120_top8_s0.4_w1.5-8_f1_20260704_055013,
td60_lb120_top8_s0.4_w1.5-8,2,2025-09-02,2025-11-01,2025-11-01,2026-01-30,"BTCUSDT,TAOUSDT,SOLUSDT,1000PEPEUSDT,LTCUSDT,ADAUSDT,ETHUSDT,SUIUSDT",ok,41,2.85,1.327,0.317,3.542,backtest_runs/portfolio_20260704_093035_ars1_dynamic_range_picker_td60_lb120_top8_s0.4_w1.5-8_f2_20260704_055013,
td60_lb120_top8_s0.4_w1.5-8,3,2025-12-01,2026-01-30,2026-01-30,2026-04-30,"XRPUSDT,1000PEPEUSDT,LINKUSDT,HYPEUSDT",ok,25,1.15,1.171,0.16,3.3837,backtest_runs/portfolio_20260704_093050_ars1_dynamic_range_picker_td60_lb120_top8_s0.4_w1.5-8_f3_20260704_055013,
td60_lb120_top8_s0.4_w1.5-12,0,2025-03-06,2025-05-05,2025-05-05,2025-08-03,"1000PEPEUSDT,DOGEUSDT",ok,33,-5.9,0.26,0.152,6.7002,backtest_runs/portfolio_20260704_093056_ars1_dynamic_range_picker_td60_lb120_top8_s0.4_w1.5-12_f0_20260704_055013,
td60_lb120_top8_s0.4_w1.5-12,1,2025-06-04,2025-08-03,2025-08-03,2025-11-01,"TAOUSDT,1000PEPEUSDT,DOTUSDT,LINKUSDT,XLMUSDT,SOLUSDT,ATOMUSDT,AVAXUSDT",ok,41,-7.93,0.287,0.073,7.9335,backtest_runs/portfolio_20260704_093103_ars1_dynamic_range_picker_td60_lb120_top8_s0.4_w1.5-12_f1_20260704_055013,
td60_lb120_top8_s0.4_w1.5-12,2,2025-09-02,2025-11-01,2025-11-01,2026-01-30,"BTCUSDT,TAOUSDT,SOLUSDT,1000PEPEUSDT,LTCUSDT,ADAUSDT,ETHUSDT,SUIUSDT",ok,41,2.85,1.327,0.317,3.542,backtest_runs/portfolio_20260704_093121_ars1_dynamic_range_picker_td60_lb120_top8_s0.4_w1.5-12_f2_20260704_055013,
td60_lb120_top8_s0.4_w1.5-12,3,2025-12-01,2026-01-30,2026-01-30,2026-04-30,"XRPUSDT,1000PEPEUSDT,LINKUSDT,HYPEUSDT",ok,25,1.15,1.171,0.16,3.3837,backtest_runs/portfolio_20260704_093136_ars1_dynamic_range_picker_td60_lb120_top8_s0.4_w1.5-12_f3_20260704_055013,
td60_lb120_top8_s0.4_w2-8,0,2025-03-06,2025-05-05,2025-05-05,2025-08-03,"1000PEPEUSDT,DOGEUSDT",ok,33,-5.9,0.26,0.152,6.7002,backtest_runs/portfolio_20260704_093142_ars1_dynamic_range_picker_td60_lb120_top8_s0.4_w2-8_f0_20260704_055013,
td60_lb120_top8_s0.4_w2-8,1,2025-06-04,2025-08-03,2025-08-03,2025-11-01,"TAOUSDT,1000PEPEUSDT,DOTUSDT,LINKUSDT,XLMUSDT,SOLUSDT,ATOMUSDT,AVAXUSDT",ok,41,-7.93,0.287,0.073,7.9335,backtest_runs/portfolio_20260704_093149_ars1_dynamic_range_picker_td60_lb120_top8_s0.4_w2-8_f1_20260704_055013,
td60_lb120_top8_s0.4_w2-8,2,2025-09-02,2025-11-01,2025-11-01,2026-01-30,"BTCUSDT,TAOUSDT,1000PEPEUSDT,LTCUSDT,ETHUSDT,SUIUSDT,DOGEUSDT,XRPUSDT",ok,33,3.2,1.473,0.333,2.6219,backtest_runs/portfolio_20260704_093207_ars1_dynamic_range_picker_td60_lb120_top8_s0.4_w2-8_f2_20260704_055013,
td60_lb120_top8_s0.4_w2-8,3,2025-12-01,2026-01-30,2026-01-30,2026-04-30,"XRPUSDT,LINKUSDT,HYPEUSDT",ok,18,-0.26,0.945,0.167,2.5012,backtest_runs/portfolio_20260704_093222_ars1_dynamic_range_picker_td60_lb120_top8_s0.4_w2-8_f3_20260704_055013,
td60_lb120_top8_s0.4_w2-12,0,2025-03-06,2025-05-05,2025-05-05,2025-08-03,"1000PEPEUSDT,DOGEUSDT",ok,33,-5.9,0.26,0.152,6.7002,backtest_runs/portfolio_20260704_093227_ars1_dynamic_range_picker_td60_lb120_top8_s0.4_w2-12_f0_20260704_055013,
td60_lb120_top8_s0.4_w2-12,1,2025-06-04,2025-08-03,2025-08-03,2025-11-01,"TAOUSDT,1000PEPEUSDT,DOTUSDT,LINKUSDT,XLMUSDT,SOLUSDT,ATOMUSDT,AVAXUSDT",ok,41,-7.93,0.287,0.073,7.9335,backtest_runs/portfolio_20260704_093234_ars1_dynamic_range_picker_td60_lb120_top8_s0.4_w2-12_f1_20260704_055013,
td60_lb120_top8_s0.4_w2-12,2,2025-09-02,2025-11-01,2025-11-01,2026-01-30,"BTCUSDT,TAOUSDT,1000PEPEUSDT,LTCUSDT,ETHUSDT,SUIUSDT,DOGEUSDT,XRPUSDT",ok,33,3.2,1.473,0.333,2.6219,backtest_runs/portfolio_20260704_093251_ars1_dynamic_range_picker_td60_lb120_top8_s0.4_w2-12_f2_20260704_055013,
td60_lb120_top8_s0.4_w2-12,3,2025-12-01,2026-01-30,2026-01-30,2026-04-30,"XRPUSDT,LINKUSDT,HYPEUSDT",ok,18,-0.26,0.945,0.167,2.5012,backtest_runs/portfolio_20260704_093306_ars1_dynamic_range_picker_td60_lb120_top8_s0.4_w2-12_f3_20260704_055013,
td60_lb120_top8_s0.5_w1.5-8,0,2025-03-06,2025-05-05,2025-05-05,2025-08-03,"1000PEPEUSDT,DOGEUSDT",ok,33,-5.9,0.26,0.152,6.7002,backtest_runs/portfolio_20260704_093311_ars1_dynamic_range_picker_td60_lb120_top8_s0.5_w1.5-8_f0_20260704_055013,
td60_lb120_top8_s0.5_w1.5-8,1,2025-06-04,2025-08-03,2025-08-03,2025-11-01,"TAOUSDT,1000PEPEUSDT,DOTUSDT,LINKUSDT,XLMUSDT,SOLUSDT,ATOMUSDT,AVAXUSDT",ok,41,-7.93,0.287,0.073,7.9335,backtest_runs/portfolio_20260704_093318_ars1_dynamic_range_picker_td60_lb120_top8_s0.5_w1.5-8_f1_20260704_055013,
td60_lb120_top8_s0.5_w1.5-8,2,2025-09-02,2025-11-01,2025-11-01,2026-01-30,"BTCUSDT,TAOUSDT,SOLUSDT,1000PEPEUSDT,LTCUSDT,ADAUSDT,ETHUSDT,SUIUSDT",ok,41,2.85,1.327,0.317,3.542,backtest_runs/portfolio_20260704_093337_ars1_dynamic_range_picker_td60_lb120_top8_s0.5_w1.5-8_f2_20260704_055013,
td60_lb120_top8_s0.5_w1.5-8,3,2025-12-01,2026-01-30,2026-01-30,2026-04-30,"XRPUSDT,1000PEPEUSDT,LINKUSDT,HYPEUSDT",ok,25,1.15,1.171,0.16,3.3837,backtest_runs/portfolio_20260704_093352_ars1_dynamic_range_picker_td60_lb120_top8_s0.5_w1.5-8_f3_20260704_055013,
td60_lb120_top8_s0.5_w1.5-12,0,2025-03-06,2025-05-05,2025-05-05,2025-08-03,"1000PEPEUSDT,DOGEUSDT",ok,33,-5.9,0.26,0.152,6.7002,backtest_runs/portfolio_20260704_093358_ars1_dynamic_range_picker_td60_lb120_top8_s0.5_w1.5-12_f0_20260704_055013,
td60_lb120_top8_s0.5_w1.5-12,1,2025-06-04,2025-08-03,2025-08-03,2025-11-01,"TAOUSDT,1000PEPEUSDT,DOTUSDT,LINKUSDT,XLMUSDT,SOLUSDT,ATOMUSDT,AVAXUSDT",ok,41,-7.93,0.287,0.073,7.9335,backtest_runs/portfolio_20260704_093405_ars1_dynamic_range_picker_td60_lb120_top8_s0.5_w1.5-12_f1_20260704_055013,
td60_lb120_top8_s0.5_w1.5-12,2,2025-09-02,2025-11-01,2025-11-01,2026-01-30,"BTCUSDT,TAOUSDT,SOLUSDT,1000PEPEUSDT,LTCUSDT,ADAUSDT,ETHUSDT,SUIUSDT",ok,41,2.85,1.327,0.317,3.542,backtest_runs/portfolio_20260704_093423_ars1_dynamic_range_picker_td60_lb120_top8_s0.5_w1.5-12_f2_20260704_055013,
td60_lb120_top8_s0.5_w1.5-12,3,2025-12-01,2026-01-30,2026-01-30,2026-04-30,"XRPUSDT,1000PEPEUSDT,LINKUSDT,HYPEUSDT",ok,25,1.15,1.171,0.16,3.3837,backtest_runs/portfolio_20260704_093438_ars1_dynamic_range_picker_td60_lb120_top8_s0.5_w1.5-12_f3_20260704_055013,
td60_lb120_top8_s0.5_w2-8,0,2025-03-06,2025-05-05,2025-05-05,2025-08-03,"1000PEPEUSDT,DOGEUSDT",ok,33,-5.9,0.26,0.152,6.7002,backtest_runs/portfolio_20260704_093444_ars1_dynamic_range_picker_td60_lb120_top8_s0.5_w2-8_f0_20260704_055013,
td60_lb120_top8_s0.5_w2-8,1,2025-06-04,2025-08-03,2025-08-03,2025-11-01,"TAOUSDT,1000PEPEUSDT,DOTUSDT,LINKUSDT,XLMUSDT,SOLUSDT,ATOMUSDT,AVAXUSDT",ok,41,-7.93,0.287,0.073,7.9335,backtest_runs/portfolio_20260704_093451_ars1_dynamic_range_picker_td60_lb120_top8_s0.5_w2-8_f1_20260704_055013,
td60_lb120_top8_s0.5_w2-8,2,2025-09-02,2025-11-01,2025-11-01,2026-01-30,"BTCUSDT,TAOUSDT,1000PEPEUSDT,LTCUSDT,ETHUSDT,SUIUSDT,DOGEUSDT,XRPUSDT",ok,33,3.2,1.473,0.333,2.6219,backtest_runs/portfolio_20260704_093509_ars1_dynamic_range_picker_td60_lb120_top8_s0.5_w2-8_f2_20260704_055013,
td60_lb120_top8_s0.5_w2-8,3,2025-12-01,2026-01-30,2026-01-30,2026-04-30,"XRPUSDT,LINKUSDT,HYPEUSDT",ok,18,-0.26,0.945,0.167,2.5012,backtest_runs/portfolio_20260704_093524_ars1_dynamic_range_picker_td60_lb120_top8_s0.5_w2-8_f3_20260704_055013,
td60_lb120_top8_s0.5_w2-12,0,2025-03-06,2025-05-05,2025-05-05,2025-08-03,"1000PEPEUSDT,DOGEUSDT",ok,33,-5.9,0.26,0.152,6.7002,backtest_runs/portfolio_20260704_093529_ars1_dynamic_range_picker_td60_lb120_top8_s0.5_w2-12_f0_20260704_055013,
td60_lb120_top8_s0.5_w2-12,1,2025-06-04,2025-08-03,2025-08-03,2025-11-01,"TAOUSDT,1000PEPEUSDT,DOTUSDT,LINKUSDT,XLMUSDT,SOLUSDT,ATOMUSDT,AVAXUSDT",ok,41,-7.93,0.287,0.073,7.9335,backtest_runs/portfolio_20260704_093536_ars1_dynamic_range_picker_td60_lb120_top8_s0.5_w2-12_f1_20260704_055013,
td60_lb120_top8_s0.5_w2-12,2,2025-09-02,2025-11-01,2025-11-01,2026-01-30,"BTCUSDT,TAOUSDT,1000PEPEUSDT,LTCUSDT,ETHUSDT,SUIUSDT,DOGEUSDT,XRPUSDT",ok,33,3.2,1.473,0.333,2.6219,backtest_runs/portfolio_20260704_093554_ars1_dynamic_range_picker_td60_lb120_top8_s0.5_w2-12_f2_20260704_055013,
td60_lb120_top8_s0.5_w2-12,3,2025-12-01,2026-01-30,2026-01-30,2026-04-30,"XRPUSDT,LINKUSDT,HYPEUSDT",ok,18,-0.26,0.945,0.167,2.5012,backtest_runs/portfolio_20260704_093609_ars1_dynamic_range_picker_td60_lb120_top8_s0.5_w2-12_f3_20260704_055013,
td60_lb120_top8_s0.6_w1.5-8,0,2025-03-06,2025-05-05,2025-05-05,2025-08-03,1000PEPEUSDT,ok,22,-2.78,0.427,0.227,3.8566,backtest_runs/portfolio_20260704_093613_ars1_dynamic_range_picker_td60_lb120_top8_s0.6_w1.5-8_f0_20260704_055013,
td60_lb120_top8_s0.6_w1.5-8,1,2025-06-04,2025-08-03,2025-08-03,2025-11-01,"TAOUSDT,1000PEPEUSDT,DOTUSDT,LINKUSDT,XLMUSDT,SOLUSDT,ATOMUSDT,AVAXUSDT",ok,41,-7.93,0.287,0.073,7.9335,backtest_runs/portfolio_20260704_093618_ars1_dynamic_range_picker_td60_lb120_top8_s0.6_w1.5-8_f1_20260704_055013,
td60_lb120_top8_s0.6_w1.5-8,2,2025-09-02,2025-11-01,2025-11-01,2026-01-30,"BTCUSDT,TAOUSDT,SOLUSDT,1000PEPEUSDT,LTCUSDT,ADAUSDT,ETHUSDT,SUIUSDT",ok,41,2.85,1.327,0.317,3.542,backtest_runs/portfolio_20260704_093637_ars1_dynamic_range_picker_td60_lb120_top8_s0.6_w1.5-8_f2_20260704_055013,
td60_lb120_top8_s0.6_w1.5-8,3,2025-12-01,2026-01-30,2026-01-30,2026-04-30,"XRPUSDT,1000PEPEUSDT",ok,12,1.07,1.326,0.167,1.8754,backtest_runs/portfolio_20260704_093651_ars1_dynamic_range_picker_td60_lb120_top8_s0.6_w1.5-8_f3_20260704_055013,
td60_lb120_top8_s0.6_w1.5-12,0,2025-03-06,2025-05-05,2025-05-05,2025-08-03,1000PEPEUSDT,ok,22,-2.78,0.427,0.227,3.8566,backtest_runs/portfolio_20260704_093654_ars1_dynamic_range_picker_td60_lb120_top8_s0.6_w1.5-12_f0_20260704_055013,
td60_lb120_top8_s0.6_w1.5-12,1,2025-06-04,2025-08-03,2025-08-03,2025-11-01,"TAOUSDT,1000PEPEUSDT,DOTUSDT,LINKUSDT,XLMUSDT,SOLUSDT,ATOMUSDT,AVAXUSDT",ok,41,-7.93,0.287,0.073,7.9335,backtest_runs/portfolio_20260704_093659_ars1_dynamic_range_picker_td60_lb120_top8_s0.6_w1.5-12_f1_20260704_055013,
td60_lb120_top8_s0.6_w1.5-12,2,2025-09-02,2025-11-01,2025-11-01,2026-01-30,"BTCUSDT,TAOUSDT,SOLUSDT,1000PEPEUSDT,LTCUSDT,ADAUSDT,ETHUSDT,SUIUSDT",ok,41,2.85,1.327,0.317,3.542,backtest_runs/portfolio_20260704_093717_ars1_dynamic_range_picker_td60_lb120_top8_s0.6_w1.5-12_f2_20260704_055013,
td60_lb120_top8_s0.6_w1.5-12,3,2025-12-01,2026-01-30,2026-01-30,2026-04-30,"XRPUSDT,1000PEPEUSDT",ok,12,1.07,1.326,0.167,1.8754,backtest_runs/portfolio_20260704_093731_ars1_dynamic_range_picker_td60_lb120_top8_s0.6_w1.5-12_f3_20260704_055013,
td60_lb120_top8_s0.6_w2-8,0,2025-03-06,2025-05-05,2025-05-05,2025-08-03,1000PEPEUSDT,ok,22,-2.78,0.427,0.227,3.8566,backtest_runs/portfolio_20260704_093734_ars1_dynamic_range_picker_td60_lb120_top8_s0.6_w2-8_f0_20260704_055013,
td60_lb120_top8_s0.6_w2-8,1,2025-06-04,2025-08-03,2025-08-03,2025-11-01,"TAOUSDT,1000PEPEUSDT,DOTUSDT,LINKUSDT,XLMUSDT,SOLUSDT,ATOMUSDT,AVAXUSDT",ok,41,-7.93,0.287,0.073,7.9335,backtest_runs/portfolio_20260704_093740_ars1_dynamic_range_picker_td60_lb120_top8_s0.6_w2-8_f1_20260704_055013,
td60_lb120_top8_s0.6_w2-8,2,2025-09-02,2025-11-01,2025-11-01,2026-01-30,"BTCUSDT,TAOUSDT,1000PEPEUSDT,LTCUSDT,ETHUSDT,SUIUSDT,DOGEUSDT,XRPUSDT",ok,33,3.2,1.473,0.333,2.6219,backtest_runs/portfolio_20260704_093757_ars1_dynamic_range_picker_td60_lb120_top8_s0.6_w2-8_f2_20260704_055013,
td60_lb120_top8_s0.6_w2-8,3,2025-12-01,2026-01-30,2026-01-30,2026-04-30,XRPUSDT,ok,4,-0.09,0.919,0.25,1.1295,backtest_runs/portfolio_20260704_093811_ars1_dynamic_range_picker_td60_lb120_top8_s0.6_w2-8_f3_20260704_055013,
td60_lb120_top8_s0.6_w2-12,0,2025-03-06,2025-05-05,2025-05-05,2025-08-03,1000PEPEUSDT,ok,22,-2.78,0.427,0.227,3.8566,backtest_runs/portfolio_20260704_093814_ars1_dynamic_range_picker_td60_lb120_top8_s0.6_w2-12_f0_20260704_055013,
td60_lb120_top8_s0.6_w2-12,1,2025-06-04,2025-08-03,2025-08-03,2025-11-01,"TAOUSDT,1000PEPEUSDT,DOTUSDT,LINKUSDT,XLMUSDT,SOLUSDT,ATOMUSDT,AVAXUSDT",ok,41,-7.93,0.287,0.073,7.9335,backtest_runs/portfolio_20260704_093819_ars1_dynamic_range_picker_td60_lb120_top8_s0.6_w2-12_f1_20260704_055013,
td60_lb120_top8_s0.6_w2-12,2,2025-09-02,2025-11-01,2025-11-01,2026-01-30,"BTCUSDT,TAOUSDT,1000PEPEUSDT,LTCUSDT,ETHUSDT,SUIUSDT,DOGEUSDT,XRPUSDT",ok,33,3.2,1.473,0.333,2.6219,backtest_runs/portfolio_20260704_093837_ars1_dynamic_range_picker_td60_lb120_top8_s0.6_w2-12_f2_20260704_055013,
td60_lb120_top8_s0.6_w2-12,3,2025-12-01,2026-01-30,2026-01-30,2026-04-30,XRPUSDT,ok,4,-0.09,0.919,0.25,1.1295,backtest_runs/portfolio_20260704_093850_ars1_dynamic_range_picker_td60_lb120_top8_s0.6_w2-12_f3_20260704_055013,
td120_lb60_top3_s0.4_w1.5-8,0,2025-01-05,2025-05-05,2025-05-05,2025-08-03,"1000PEPEUSDT,DOGEUSDT",ok,33,-5.9,0.26,0.152,6.7002,backtest_runs/portfolio_20260704_093853_ars1_dynamic_range_picker_td120_lb60_top3_s0.4_w1.5-8_f0_20260704_055013,
td120_lb60_top3_s0.4_w1.5-8,1,2025-04-05,2025-08-03,2025-08-03,2025-11-01,,no_picks,0,0.0,0.0,0.0,0.0,,
td120_lb60_top3_s0.4_w1.5-8,2,2025-07-04,2025-11-01,2025-11-01,2026-01-30,"TAOUSDT,1000PEPEUSDT",ok,17,1.06,1.287,0.294,2.013,backtest_runs/portfolio_20260704_093858_ars1_dynamic_range_picker_td120_lb60_top3_s0.4_w1.5-8_f2_20260704_055013,
td120_lb60_top3_s0.4_w1.5-8,3,2025-10-02,2026-01-30,2026-01-30,2026-04-30,XLMUSDT,ok,1,-0.36,0.0,0.0,0.3565,backtest_runs/portfolio_20260704_093902_ars1_dynamic_range_picker_td120_lb60_top3_s0.4_w1.5-8_f3_20260704_055013,
td120_lb60_top3_s0.4_w1.5-12,0,2025-01-05,2025-05-05,2025-05-05,2025-08-03,"1000PEPEUSDT,DOGEUSDT",ok,33,-5.9,0.26,0.152,6.7002,backtest_runs/portfolio_20260704_093905_ars1_dynamic_range_picker_td120_lb60_top3_s0.4_w1.5-12_f0_20260704_055013,
td120_lb60_top3_s0.4_w1.5-12,1,2025-04-05,2025-08-03,2025-08-03,2025-11-01,,no_picks,0,0.0,0.0,0.0,0.0,,
td120_lb60_top3_s0.4_w1.5-12,2,2025-07-04,2025-11-01,2025-11-01,2026-01-30,"TAOUSDT,1000PEPEUSDT",ok,17,1.06,1.287,0.294,2.013,backtest_runs/portfolio_20260704_093909_ars1_dynamic_range_picker_td120_lb60_top3_s0.4_w1.5-12_f2_20260704_055013,
td120_lb60_top3_s0.4_w1.5-12,3,2025-10-02,2026-01-30,2026-01-30,2026-04-30,XLMUSDT,ok,1,-0.36,0.0,0.0,0.3565,backtest_runs/portfolio_20260704_093913_ars1_dynamic_range_picker_td120_lb60_top3_s0.4_w1.5-12_f3_20260704_055013,
td120_lb60_top3_s0.4_w2-8,0,2025-01-05,2025-05-05,2025-05-05,2025-08-03,"1000PEPEUSDT,DOGEUSDT",ok,33,-5.9,0.26,0.152,6.7002,backtest_runs/portfolio_20260704_093916_ars1_dynamic_range_picker_td120_lb60_top3_s0.4_w2-8_f0_20260704_055013,
td120_lb60_top3_s0.4_w2-8,1,2025-04-05,2025-08-03,2025-08-03,2025-11-01,,no_picks,0,0.0,0.0,0.0,0.0,,
td120_lb60_top3_s0.4_w2-8,2,2025-07-04,2025-11-01,2025-11-01,2026-01-30,TAOUSDT,ok,10,0.35,1.17,0.3,1.9225,backtest_runs/portfolio_20260704_093920_ars1_dynamic_range_picker_td120_lb60_top3_s0.4_w2-8_f2_20260704_055013,
td120_lb60_top3_s0.4_w2-8,3,2025-10-02,2026-01-30,2026-01-30,2026-04-30,,no_picks,0,0.0,0.0,0.0,0.0,,
td120_lb60_top3_s0.4_w2-12,0,2025-01-05,2025-05-05,2025-05-05,2025-08-03,"1000PEPEUSDT,DOGEUSDT",ok,33,-5.9,0.26,0.152,6.7002,backtest_runs/portfolio_20260704_093923_ars1_dynamic_range_picker_td120_lb60_top3_s0.4_w2-12_f0_20260704_055013,
td120_lb60_top3_s0.4_w2-12,1,2025-04-05,2025-08-03,2025-08-03,2025-11-01,,no_picks,0,0.0,0.0,0.0,0.0,,
td120_lb60_top3_s0.4_w2-12,2,2025-07-04,2025-11-01,2025-11-01,2026-01-30,TAOUSDT,ok,10,0.35,1.17,0.3,1.9225,backtest_runs/portfolio_20260704_093928_ars1_dynamic_range_picker_td120_lb60_top3_s0.4_w2-12_f2_20260704_055013,
td120_lb60_top3_s0.4_w2-12,3,2025-10-02,2026-01-30,2026-01-30,2026-04-30,,no_picks,0,0.0,0.0,0.0,0.0,,
td120_lb60_top3_s0.5_w1.5-8,0,2025-01-05,2025-05-05,2025-05-05,2025-08-03,"1000PEPEUSDT,DOGEUSDT",ok,33,-5.9,0.26,0.152,6.7002,backtest_runs/portfolio_20260704_093931_ars1_dynamic_range_picker_td120_lb60_top3_s0.5_w1.5-8_f0_20260704_055013,
td120_lb60_top3_s0.5_w1.5-8,1,2025-04-05,2025-08-03,2025-08-03,2025-11-01,,no_picks,0,0.0,0.0,0.0,0.0,,
td120_lb60_top3_s0.5_w1.5-8,2,2025-07-04,2025-11-01,2025-11-01,2026-01-30,"TAOUSDT,1000PEPEUSDT",ok,17,1.06,1.287,0.294,2.013,backtest_runs/portfolio_20260704_093935_ars1_dynamic_range_picker_td120_lb60_top3_s0.5_w1.5-8_f2_20260704_055013,
td120_lb60_top3_s0.5_w1.5-8,3,2025-10-02,2026-01-30,2026-01-30,2026-04-30,XLMUSDT,ok,1,-0.36,0.0,0.0,0.3565,backtest_runs/portfolio_20260704_093939_ars1_dynamic_range_picker_td120_lb60_top3_s0.5_w1.5-8_f3_20260704_055013,
td120_lb60_top3_s0.5_w1.5-12,0,2025-01-05,2025-05-05,2025-05-05,2025-08-03,"1000PEPEUSDT,DOGEUSDT",ok,33,-5.9,0.26,0.152,6.7002,backtest_runs/portfolio_20260704_093942_ars1_dynamic_range_picker_td120_lb60_top3_s0.5_w1.5-12_f0_20260704_055013,
td120_lb60_top3_s0.5_w1.5-12,1,2025-04-05,2025-08-03,2025-08-03,2025-11-01,,no_picks,0,0.0,0.0,0.0,0.0,,
td120_lb60_top3_s0.5_w1.5-12,2,2025-07-04,2025-11-01,2025-11-01,2026-01-30,"TAOUSDT,1000PEPEUSDT",ok,17,1.06,1.287,0.294,2.013,backtest_runs/portfolio_20260704_093947_ars1_dynamic_range_picker_td120_lb60_top3_s0.5_w1.5-12_f2_20260704_055013,
td120_lb60_top3_s0.5_w1.5-12,3,2025-10-02,2026-01-30,2026-01-30,2026-04-30,XLMUSDT,ok,1,-0.36,0.0,0.0,0.3565,backtest_runs/portfolio_20260704_093950_ars1_dynamic_range_picker_td120_lb60_top3_s0.5_w1.5-12_f3_20260704_055013,
td120_lb60_top3_s0.5_w2-8,0,2025-01-05,2025-05-05,2025-05-05,2025-08-03,"1000PEPEUSDT,DOGEUSDT",ok,33,-5.9,0.26,0.152,6.7002,backtest_runs/portfolio_20260704_093953_ars1_dynamic_range_picker_td120_lb60_top3_s0.5_w2-8_f0_20260704_055013,
td120_lb60_top3_s0.5_w2-8,1,2025-04-05,2025-08-03,2025-08-03,2025-11-01,,no_picks,0,0.0,0.0,0.0,0.0,,
td120_lb60_top3_s0.5_w2-8,2,2025-07-04,2025-11-01,2025-11-01,2026-01-30,TAOUSDT,ok,10,0.35,1.17,0.3,1.9225,backtest_runs/portfolio_20260704_093958_ars1_dynamic_range_picker_td120_lb60_top3_s0.5_w2-8_f2_20260704_055013,
td120_lb60_top3_s0.5_w2-8,3,2025-10-02,2026-01-30,2026-01-30,2026-04-30,,no_picks,0,0.0,0.0,0.0,0.0,,
td120_lb60_top3_s0.5_w2-12,0,2025-01-05,2025-05-05,2025-05-05,2025-08-03,"1000PEPEUSDT,DOGEUSDT",ok,33,-5.9,0.26,0.152,6.7002,backtest_runs/portfolio_20260704_094001_ars1_dynamic_range_picker_td120_lb60_top3_s0.5_w2-12_f0_20260704_055013,
td120_lb60_top3_s0.5_w2-12,1,2025-04-05,2025-08-03,2025-08-03,2025-11-01,,no_picks,0,0.0,0.0,0.0,0.0,,
td120_lb60_top3_s0.5_w2-12,2,2025-07-04,2025-11-01,2025-11-01,2026-01-30,TAOUSDT,ok,10,0.35,1.17,0.3,1.9225,backtest_runs/portfolio_20260704_094005_ars1_dynamic_range_picker_td120_lb60_top3_s0.5_w2-12_f2_20260704_055013,
td120_lb60_top3_s0.5_w2-12,3,2025-10-02,2026-01-30,2026-01-30,2026-04-30,,no_picks,0,0.0,0.0,0.0,0.0,,
td120_lb60_top3_s0.6_w1.5-8,0,2025-01-05,2025-05-05,2025-05-05,2025-08-03,1000PEPEUSDT,ok,22,-2.78,0.427,0.227,3.8566,backtest_runs/portfolio_20260704_094008_ars1_dynamic_range_picker_td120_lb60_top3_s0.6_w1.5-8_f0_20260704_055013,
td120_lb60_top3_s0.6_w1.5-8,1,2025-04-05,2025-08-03,2025-08-03,2025-11-01,,no_picks,0,0.0,0.0,0.0,0.0,,
td120_lb60_top3_s0.6_w1.5-8,2,2025-07-04,2025-11-01,2025-11-01,2026-01-30,"TAOUSDT,1000PEPEUSDT",ok,17,1.06,1.287,0.294,2.013,backtest_runs/portfolio_20260704_094011_ars1_dynamic_range_picker_td120_lb60_top3_s0.6_w1.5-8_f2_20260704_055013,
td120_lb60_top3_s0.6_w1.5-8,3,2025-10-02,2026-01-30,2026-01-30,2026-04-30,,no_picks,0,0.0,0.0,0.0,0.0,,
td120_lb60_top3_s0.6_w1.5-12,0,2025-01-05,2025-05-05,2025-05-05,2025-08-03,1000PEPEUSDT,ok,22,-2.78,0.427,0.227,3.8566,backtest_runs/portfolio_20260704_094015_ars1_dynamic_range_picker_td120_lb60_top3_s0.6_w1.5-12_f0_20260704_055013,
td120_lb60_top3_s0.6_w1.5-12,1,2025-04-05,2025-08-03,2025-08-03,2025-11-01,,no_picks,0,0.0,0.0,0.0,0.0,,
td120_lb60_top3_s0.6_w1.5-12,2,2025-07-04,2025-11-01,2025-11-01,2026-01-30,"TAOUSDT,1000PEPEUSDT",ok,17,1.06,1.287,0.294,2.013,backtest_runs/portfolio_20260704_094018_ars1_dynamic_range_picker_td120_lb60_top3_s0.6_w1.5-12_f2_20260704_055013,
td120_lb60_top3_s0.6_w1.5-12,3,2025-10-02,2026-01-30,2026-01-30,2026-04-30,,no_picks,0,0.0,0.0,0.0,0.0,,
td120_lb60_top3_s0.6_w2-8,0,2025-01-05,2025-05-05,2025-05-05,2025-08-03,1000PEPEUSDT,ok,22,-2.78,0.427,0.227,3.8566,backtest_runs/portfolio_20260704_094022_ars1_dynamic_range_picker_td120_lb60_top3_s0.6_w2-8_f0_20260704_055013,
td120_lb60_top3_s0.6_w2-8,1,2025-04-05,2025-08-03,2025-08-03,2025-11-01,,no_picks,0,0.0,0.0,0.0,0.0,,
td120_lb60_top3_s0.6_w2-8,2,2025-07-04,2025-11-01,2025-11-01,2026-01-30,TAOUSDT,ok,10,0.35,1.17,0.3,1.9225,backtest_runs/portfolio_20260704_094025_ars1_dynamic_range_picker_td120_lb60_top3_s0.6_w2-8_f2_20260704_055013,
td120_lb60_top3_s0.6_w2-8,3,2025-10-02,2026-01-30,2026-01-30,2026-04-30,,no_picks,0,0.0,0.0,0.0,0.0,,
td120_lb60_top3_s0.6_w2-12,0,2025-01-05,2025-05-05,2025-05-05,2025-08-03,1000PEPEUSDT,ok,22,-2.78,0.427,0.227,3.8566,backtest_runs/portfolio_20260704_094027_ars1_dynamic_range_picker_td120_lb60_top3_s0.6_w2-12_f0_20260704_055013,
td120_lb60_top3_s0.6_w2-12,1,2025-04-05,2025-08-03,2025-08-03,2025-11-01,,no_picks,0,0.0,0.0,0.0,0.0,,
td120_lb60_top3_s0.6_w2-12,2,2025-07-04,2025-11-01,2025-11-01,2026-01-30,TAOUSDT,ok,10,0.35,1.17,0.3,1.9225,backtest_runs/portfolio_20260704_094030_ars1_dynamic_range_picker_td120_lb60_top3_s0.6_w2-12_f2_20260704_055013,
td120_lb60_top3_s0.6_w2-12,3,2025-10-02,2026-01-30,2026-01-30,2026-04-30,,no_picks,0,0.0,0.0,0.0,0.0,,
td120_lb60_top5_s0.4_w1.5-8,0,2025-01-05,2025-05-05,2025-05-05,2025-08-03,"1000PEPEUSDT,DOGEUSDT",ok,33,-5.9,0.26,0.152,6.7002,backtest_runs/portfolio_20260704_094033_ars1_dynamic_range_picker_td120_lb60_top5_s0.4_w1.5-8_f0_20260704_055013,
td120_lb60_top5_s0.4_w1.5-8,1,2025-04-05,2025-08-03,2025-08-03,2025-11-01,,no_picks,0,0.0,0.0,0.0,0.0,,
td120_lb60_top5_s0.4_w1.5-8,2,2025-07-04,2025-11-01,2025-11-01,2026-01-30,"TAOUSDT,1000PEPEUSDT",ok,17,1.06,1.287,0.294,2.013,backtest_runs/portfolio_20260704_094038_ars1_dynamic_range_picker_td120_lb60_top5_s0.4_w1.5-8_f2_20260704_055013,
td120_lb60_top5_s0.4_w1.5-8,3,2025-10-02,2026-01-30,2026-01-30,2026-04-30,XLMUSDT,ok,1,-0.36,0.0,0.0,0.3565,backtest_runs/portfolio_20260704_094042_ars1_dynamic_range_picker_td120_lb60_top5_s0.4_w1.5-8_f3_20260704_055013,
td120_lb60_top5_s0.4_w1.5-12,0,2025-01-05,2025-05-05,2025-05-05,2025-08-03,"1000PEPEUSDT,DOGEUSDT",ok,33,-5.9,0.26,0.152,6.7002,backtest_runs/portfolio_20260704_094045_ars1_dynamic_range_picker_td120_lb60_top5_s0.4_w1.5-12_f0_20260704_055013,
td120_lb60_top5_s0.4_w1.5-12,1,2025-04-05,2025-08-03,2025-08-03,2025-11-01,,no_picks,0,0.0,0.0,0.0,0.0,,
td120_lb60_top5_s0.4_w1.5-12,2,2025-07-04,2025-11-01,2025-11-01,2026-01-30,"TAOUSDT,1000PEPEUSDT",ok,17,1.06,1.287,0.294,2.013,backtest_runs/portfolio_20260704_094049_ars1_dynamic_range_picker_td120_lb60_top5_s0.4_w1.5-12_f2_20260704_055013,
td120_lb60_top5_s0.4_w1.5-12,3,2025-10-02,2026-01-30,2026-01-30,2026-04-30,XLMUSDT,ok,1,-0.36,0.0,0.0,0.3565,backtest_runs/portfolio_20260704_094053_ars1_dynamic_range_picker_td120_lb60_top5_s0.4_w1.5-12_f3_20260704_055013,
td120_lb60_top5_s0.4_w2-8,0,2025-01-05,2025-05-05,2025-05-05,2025-08-03,"1000PEPEUSDT,DOGEUSDT",ok,33,-5.9,0.26,0.152,6.7002,backtest_runs/portfolio_20260704_094056_ars1_dynamic_range_picker_td120_lb60_top5_s0.4_w2-8_f0_20260704_055013,
td120_lb60_top5_s0.4_w2-8,1,2025-04-05,2025-08-03,2025-08-03,2025-11-01,,no_picks,0,0.0,0.0,0.0,0.0,,
td120_lb60_top5_s0.4_w2-8,2,2025-07-04,2025-11-01,2025-11-01,2026-01-30,TAOUSDT,ok,10,0.35,1.17,0.3,1.9225,backtest_runs/portfolio_20260704_094100_ars1_dynamic_range_picker_td120_lb60_top5_s0.4_w2-8_f2_20260704_055013,
td120_lb60_top5_s0.4_w2-8,3,2025-10-02,2026-01-30,2026-01-30,2026-04-30,,no_picks,0,0.0,0.0,0.0,0.0,,
td120_lb60_top5_s0.4_w2-12,0,2025-01-05,2025-05-05,2025-05-05,2025-08-03,"1000PEPEUSDT,DOGEUSDT",ok,33,-5.9,0.26,0.152,6.7002,backtest_runs/portfolio_20260704_094103_ars1_dynamic_range_picker_td120_lb60_top5_s0.4_w2-12_f0_20260704_055013,
td120_lb60_top5_s0.4_w2-12,1,2025-04-05,2025-08-03,2025-08-03,2025-11-01,,no_picks,0,0.0,0.0,0.0,0.0,,
td120_lb60_top5_s0.4_w2-12,2,2025-07-04,2025-11-01,2025-11-01,2026-01-30,TAOUSDT,ok,10,0.35,1.17,0.3,1.9225,backtest_runs/portfolio_20260704_094108_ars1_dynamic_range_picker_td120_lb60_top5_s0.4_w2-12_f2_20260704_055013,
td120_lb60_top5_s0.4_w2-12,3,2025-10-02,2026-01-30,2026-01-30,2026-04-30,,no_picks,0,0.0,0.0,0.0,0.0,,
td120_lb60_top5_s0.5_w1.5-8,0,2025-01-05,2025-05-05,2025-05-05,2025-08-03,"1000PEPEUSDT,DOGEUSDT",ok,33,-5.9,0.26,0.152,6.7002,backtest_runs/portfolio_20260704_094111_ars1_dynamic_range_picker_td120_lb60_top5_s0.5_w1.5-8_f0_20260704_055013,
td120_lb60_top5_s0.5_w1.5-8,1,2025-04-05,2025-08-03,2025-08-03,2025-11-01,,no_picks,0,0.0,0.0,0.0,0.0,,
td120_lb60_top5_s0.5_w1.5-8,2,2025-07-04,2025-11-01,2025-11-01,2026-01-30,"TAOUSDT,1000PEPEUSDT",ok,17,1.06,1.287,0.294,2.013,backtest_runs/portfolio_20260704_094115_ars1_dynamic_range_picker_td120_lb60_top5_s0.5_w1.5-8_f2_20260704_055013,
td120_lb60_top5_s0.5_w1.5-8,3,2025-10-02,2026-01-30,2026-01-30,2026-04-30,XLMUSDT,ok,1,-0.36,0.0,0.0,0.3565,backtest_runs/portfolio_20260704_094119_ars1_dynamic_range_picker_td120_lb60_top5_s0.5_w1.5-8_f3_20260704_055013,
td120_lb60_top5_s0.5_w1.5-12,0,2025-01-05,2025-05-05,2025-05-05,2025-08-03,"1000PEPEUSDT,DOGEUSDT",ok,33,-5.9,0.26,0.152,6.7002,backtest_runs/portfolio_20260704_094122_ars1_dynamic_range_picker_td120_lb60_top5_s0.5_w1.5-12_f0_20260704_055013,
td120_lb60_top5_s0.5_w1.5-12,1,2025-04-05,2025-08-03,2025-08-03,2025-11-01,,no_picks,0,0.0,0.0,0.0,0.0,,
td120_lb60_top5_s0.5_w1.5-12,2,2025-07-04,2025-11-01,2025-11-01,2026-01-30,"TAOUSDT,1000PEPEUSDT",ok,17,1.06,1.287,0.294,2.013,backtest_runs/portfolio_20260704_094127_ars1_dynamic_range_picker_td120_lb60_top5_s0.5_w1.5-12_f2_20260704_055013,
td120_lb60_top5_s0.5_w1.5-12,3,2025-10-02,2026-01-30,2026-01-30,2026-04-30,XLMUSDT,ok,1,-0.36,0.0,0.0,0.3565,backtest_runs/portfolio_20260704_094131_ars1_dynamic_range_picker_td120_lb60_top5_s0.5_w1.5-12_f3_20260704_055013,
td120_lb60_top5_s0.5_w2-8,0,2025-01-05,2025-05-05,2025-05-05,2025-08-03,"1000PEPEUSDT,DOGEUSDT",ok,33,-5.9,0.26,0.152,6.7002,backtest_runs/portfolio_20260704_094134_ars1_dynamic_range_picker_td120_lb60_top5_s0.5_w2-8_f0_20260704_055013,
td120_lb60_top5_s0.5_w2-8,1,2025-04-05,2025-08-03,2025-08-03,2025-11-01,,no_picks,0,0.0,0.0,0.0,0.0,,
td120_lb60_top5_s0.5_w2-8,2,2025-07-04,2025-11-01,2025-11-01,2026-01-30,TAOUSDT,ok,10,0.35,1.17,0.3,1.9225,backtest_runs/portfolio_20260704_094138_ars1_dynamic_range_picker_td120_lb60_top5_s0.5_w2-8_f2_20260704_055013,
td120_lb60_top5_s0.5_w2-8,3,2025-10-02,2026-01-30,2026-01-30,2026-04-30,,no_picks,0,0.0,0.0,0.0,0.0,,
td120_lb60_top5_s0.5_w2-12,0,2025-01-05,2025-05-05,2025-05-05,2025-08-03,"1000PEPEUSDT,DOGEUSDT",ok,33,-5.9,0.26,0.152,6.7002,backtest_runs/portfolio_20260704_094141_ars1_dynamic_range_picker_td120_lb60_top5_s0.5_w2-12_f0_20260704_055013,
td120_lb60_top5_s0.5_w2-12,1,2025-04-05,2025-08-03,2025-08-03,2025-11-01,,no_picks,0,0.0,0.0,0.0,0.0,,
td120_lb60_top5_s0.5_w2-12,2,2025-07-04,2025-11-01,2025-11-01,2026-01-30,TAOUSDT,ok,10,0.35,1.17,0.3,1.9225,backtest_runs/portfolio_20260704_094145_ars1_dynamic_range_picker_td120_lb60_top5_s0.5_w2-12_f2_20260704_055013,
td120_lb60_top5_s0.5_w2-12,3,2025-10-02,2026-01-30,2026-01-30,2026-04-30,,no_picks,0,0.0,0.0,0.0,0.0,,
td120_lb60_top5_s0.6_w1.5-8,0,2025-01-05,2025-05-05,2025-05-05,2025-08-03,1000PEPEUSDT,ok,22,-2.78,0.427,0.227,3.8566,backtest_runs/portfolio_20260704_094148_ars1_dynamic_range_picker_td120_lb60_top5_s0.6_w1.5-8_f0_20260704_055013,
td120_lb60_top5_s0.6_w1.5-8,1,2025-04-05,2025-08-03,2025-08-03,2025-11-01,,no_picks,0,0.0,0.0,0.0,0.0,,
td120_lb60_top5_s0.6_w1.5-8,2,2025-07-04,2025-11-01,2025-11-01,2026-01-30,"TAOUSDT,1000PEPEUSDT",ok,17,1.06,1.287,0.294,2.013,backtest_runs/portfolio_20260704_094151_ars1_dynamic_range_picker_td120_lb60_top5_s0.6_w1.5-8_f2_20260704_055013,
td120_lb60_top5_s0.6_w1.5-8,3,2025-10-02,2026-01-30,2026-01-30,2026-04-30,,no_picks,0,0.0,0.0,0.0,0.0,,
td120_lb60_top5_s0.6_w1.5-12,0,2025-01-05,2025-05-05,2025-05-05,2025-08-03,1000PEPEUSDT,ok,22,-2.78,0.427,0.227,3.8566,backtest_runs/portfolio_20260704_094155_ars1_dynamic_range_picker_td120_lb60_top5_s0.6_w1.5-12_f0_20260704_055013,
td120_lb60_top5_s0.6_w1.5-12,1,2025-04-05,2025-08-03,2025-08-03,2025-11-01,,no_picks,0,0.0,0.0,0.0,0.0,,
td120_lb60_top5_s0.6_w1.5-12,2,2025-07-04,2025-11-01,2025-11-01,2026-01-30,"TAOUSDT,1000PEPEUSDT",ok,17,1.06,1.287,0.294,2.013,backtest_runs/portfolio_20260704_094158_ars1_dynamic_range_picker_td120_lb60_top5_s0.6_w1.5-12_f2_20260704_055013,
td120_lb60_top5_s0.6_w1.5-12,3,2025-10-02,2026-01-30,2026-01-30,2026-04-30,,no_picks,0,0.0,0.0,0.0,0.0,,
td120_lb60_top5_s0.6_w2-8,0,2025-01-05,2025-05-05,2025-05-05,2025-08-03,1000PEPEUSDT,ok,22,-2.78,0.427,0.227,3.8566,backtest_runs/portfolio_20260704_094202_ars1_dynamic_range_picker_td120_lb60_top5_s0.6_w2-8_f0_20260704_055013,
td120_lb60_top5_s0.6_w2-8,1,2025-04-05,2025-08-03,2025-08-03,2025-11-01,,no_picks,0,0.0,0.0,0.0,0.0,,
td120_lb60_top5_s0.6_w2-8,2,2025-07-04,2025-11-01,2025-11-01,2026-01-30,TAOUSDT,ok,10,0.35,1.17,0.3,1.9225,backtest_runs/portfolio_20260704_094205_ars1_dynamic_range_picker_td120_lb60_top5_s0.6_w2-8_f2_20260704_055013,
td120_lb60_top5_s0.6_w2-8,3,2025-10-02,2026-01-30,2026-01-30,2026-04-30,,no_picks,0,0.0,0.0,0.0,0.0,,
td120_lb60_top5_s0.6_w2-12,0,2025-01-05,2025-05-05,2025-05-05,2025-08-03,1000PEPEUSDT,ok,22,-2.78,0.427,0.227,3.8566,backtest_runs/portfolio_20260704_094208_ars1_dynamic_range_picker_td120_lb60_top5_s0.6_w2-12_f0_20260704_055013,
td120_lb60_top5_s0.6_w2-12,1,2025-04-05,2025-08-03,2025-08-03,2025-11-01,,no_picks,0,0.0,0.0,0.0,0.0,,
td120_lb60_top5_s0.6_w2-12,2,2025-07-04,2025-11-01,2025-11-01,2026-01-30,TAOUSDT,ok,10,0.35,1.17,0.3,1.9225,backtest_runs/portfolio_20260704_094210_ars1_dynamic_range_picker_td120_lb60_top5_s0.6_w2-12_f2_20260704_055013,
td120_lb60_top5_s0.6_w2-12,3,2025-10-02,2026-01-30,2026-01-30,2026-04-30,,no_picks,0,0.0,0.0,0.0,0.0,,
td120_lb60_top8_s0.4_w1.5-8,0,2025-01-05,2025-05-05,2025-05-05,2025-08-03,"1000PEPEUSDT,DOGEUSDT",ok,33,-5.9,0.26,0.152,6.7002,backtest_runs/portfolio_20260704_094214_ars1_dynamic_range_picker_td120_lb60_top8_s0.4_w1.5-8_f0_20260704_055013,
td120_lb60_top8_s0.4_w1.5-8,1,2025-04-05,2025-08-03,2025-08-03,2025-11-01,,no_picks,0,0.0,0.0,0.0,0.0,,
td120_lb60_top8_s0.4_w1.5-8,2,2025-07-04,2025-11-01,2025-11-01,2026-01-30,"TAOUSDT,1000PEPEUSDT",ok,17,1.06,1.287,0.294,2.013,backtest_runs/portfolio_20260704_094218_ars1_dynamic_range_picker_td120_lb60_top8_s0.4_w1.5-8_f2_20260704_055013,
td120_lb60_top8_s0.4_w1.5-8,3,2025-10-02,2026-01-30,2026-01-30,2026-04-30,XLMUSDT,ok,1,-0.36,0.0,0.0,0.3565,backtest_runs/portfolio_20260704_094222_ars1_dynamic_range_picker_td120_lb60_top8_s0.4_w1.5-8_f3_20260704_055013,
td120_lb60_top8_s0.4_w1.5-12,0,2025-01-05,2025-05-05,2025-05-05,2025-08-03,"1000PEPEUSDT,DOGEUSDT",ok,33,-5.9,0.26,0.152,6.7002,backtest_runs/portfolio_20260704_094225_ars1_dynamic_range_picker_td120_lb60_top8_s0.4_w1.5-12_f0_20260704_055013,
td120_lb60_top8_s0.4_w1.5-12,1,2025-04-05,2025-08-03,2025-08-03,2025-11-01,,no_picks,0,0.0,0.0,0.0,0.0,,
td120_lb60_top8_s0.4_w1.5-12,2,2025-07-04,2025-11-01,2025-11-01,2026-01-30,"TAOUSDT,1000PEPEUSDT",ok,17,1.06,1.287,0.294,2.013,backtest_runs/portfolio_20260704_094230_ars1_dynamic_range_picker_td120_lb60_top8_s0.4_w1.5-12_f2_20260704_055013,
td120_lb60_top8_s0.4_w1.5-12,3,2025-10-02,2026-01-30,2026-01-30,2026-04-30,XLMUSDT,ok,1,-0.36,0.0,0.0,0.3565,backtest_runs/portfolio_20260704_094234_ars1_dynamic_range_picker_td120_lb60_top8_s0.4_w1.5-12_f3_20260704_055013,
td120_lb60_top8_s0.4_w2-8,0,2025-01-05,2025-05-05,2025-05-05,2025-08-03,"1000PEPEUSDT,DOGEUSDT",ok,33,-5.9,0.26,0.152,6.7002,backtest_runs/portfolio_20260704_094237_ars1_dynamic_range_picker_td120_lb60_top8_s0.4_w2-8_f0_20260704_055013,
td120_lb60_top8_s0.4_w2-8,1,2025-04-05,2025-08-03,2025-08-03,2025-11-01,,no_picks,0,0.0,0.0,0.0,0.0,,
td120_lb60_top8_s0.4_w2-8,2,2025-07-04,2025-11-01,2025-11-01,2026-01-30,TAOUSDT,ok,10,0.35,1.17,0.3,1.9225,backtest_runs/portfolio_20260704_094241_ars1_dynamic_range_picker_td120_lb60_top8_s0.4_w2-8_f2_20260704_055013,
td120_lb60_top8_s0.4_w2-8,3,2025-10-02,2026-01-30,2026-01-30,2026-04-30,,no_picks,0,0.0,0.0,0.0,0.0,,
td120_lb60_top8_s0.4_w2-12,0,2025-01-05,2025-05-05,2025-05-05,2025-08-03,"1000PEPEUSDT,DOGEUSDT",ok,33,-5.9,0.26,0.152,6.7002,backtest_runs/portfolio_20260704_094244_ars1_dynamic_range_picker_td120_lb60_top8_s0.4_w2-12_f0_20260704_055013,
td120_lb60_top8_s0.4_w2-12,1,2025-04-05,2025-08-03,2025-08-03,2025-11-01,,no_picks,0,0.0,0.0,0.0,0.0,,
td120_lb60_top8_s0.4_w2-12,2,2025-07-04,2025-11-01,2025-11-01,2026-01-30,TAOUSDT,ok,10,0.35,1.17,0.3,1.9225,backtest_runs/portfolio_20260704_094248_ars1_dynamic_range_picker_td120_lb60_top8_s0.4_w2-12_f2_20260704_055013,
td120_lb60_top8_s0.4_w2-12,3,2025-10-02,2026-01-30,2026-01-30,2026-04-30,,no_picks,0,0.0,0.0,0.0,0.0,,
td120_lb60_top8_s0.5_w1.5-8,0,2025-01-05,2025-05-05,2025-05-05,2025-08-03,"1000PEPEUSDT,DOGEUSDT",ok,33,-5.9,0.26,0.152,6.7002,backtest_runs/portfolio_20260704_094251_ars1_dynamic_range_picker_td120_lb60_top8_s0.5_w1.5-8_f0_20260704_055013,
td120_lb60_top8_s0.5_w1.5-8,1,2025-04-05,2025-08-03,2025-08-03,2025-11-01,,no_picks,0,0.0,0.0,0.0,0.0,,
td120_lb60_top8_s0.5_w1.5-8,2,2025-07-04,2025-11-01,2025-11-01,2026-01-30,"TAOUSDT,1000PEPEUSDT",ok,17,1.06,1.287,0.294,2.013,backtest_runs/portfolio_20260704_094256_ars1_dynamic_range_picker_td120_lb60_top8_s0.5_w1.5-8_f2_20260704_055013,
td120_lb60_top8_s0.5_w1.5-8,3,2025-10-02,2026-01-30,2026-01-30,2026-04-30,XLMUSDT,ok,1,-0.36,0.0,0.0,0.3565,backtest_runs/portfolio_20260704_094300_ars1_dynamic_range_picker_td120_lb60_top8_s0.5_w1.5-8_f3_20260704_055013,
td120_lb60_top8_s0.5_w1.5-12,0,2025-01-05,2025-05-05,2025-05-05,2025-08-03,"1000PEPEUSDT,DOGEUSDT",ok,33,-5.9,0.26,0.152,6.7002,backtest_runs/portfolio_20260704_094303_ars1_dynamic_range_picker_td120_lb60_top8_s0.5_w1.5-12_f0_20260704_055013,
td120_lb60_top8_s0.5_w1.5-12,1,2025-04-05,2025-08-03,2025-08-03,2025-11-01,,no_picks,0,0.0,0.0,0.0,0.0,,
td120_lb60_top8_s0.5_w1.5-12,2,2025-07-04,2025-11-01,2025-11-01,2026-01-30,"TAOUSDT,1000PEPEUSDT",ok,17,1.06,1.287,0.294,2.013,backtest_runs/portfolio_20260704_094308_ars1_dynamic_range_picker_td120_lb60_top8_s0.5_w1.5-12_f2_20260704_055013,
td120_lb60_top8_s0.5_w1.5-12,3,2025-10-02,2026-01-30,2026-01-30,2026-04-30,XLMUSDT,ok,1,-0.36,0.0,0.0,0.3565,backtest_runs/portfolio_20260704_094312_ars1_dynamic_range_picker_td120_lb60_top8_s0.5_w1.5-12_f3_20260704_055013,
td120_lb60_top8_s0.5_w2-8,0,2025-01-05,2025-05-05,2025-05-05,2025-08-03,"1000PEPEUSDT,DOGEUSDT",ok,33,-5.9,0.26,0.152,6.7002,backtest_runs/portfolio_20260704_094315_ars1_dynamic_range_picker_td120_lb60_top8_s0.5_w2-8_f0_20260704_055013,
td120_lb60_top8_s0.5_w2-8,1,2025-04-05,2025-08-03,2025-08-03,2025-11-01,,no_picks,0,0.0,0.0,0.0,0.0,,
td120_lb60_top8_s0.5_w2-8,2,2025-07-04,2025-11-01,2025-11-01,2026-01-30,TAOUSDT,ok,10,0.35,1.17,0.3,1.9225,backtest_runs/portfolio_20260704_094319_ars1_dynamic_range_picker_td120_lb60_top8_s0.5_w2-8_f2_20260704_055013,
td120_lb60_top8_s0.5_w2-8,3,2025-10-02,2026-01-30,2026-01-30,2026-04-30,,no_picks,0,0.0,0.0,0.0,0.0,,
td120_lb60_top8_s0.5_w2-12,0,2025-01-05,2025-05-05,2025-05-05,2025-08-03,"1000PEPEUSDT,DOGEUSDT",ok,33,-5.9,0.26,0.152,6.7002,backtest_runs/portfolio_20260704_094322_ars1_dynamic_range_picker_td120_lb60_top8_s0.5_w2-12_f0_20260704_055013,
td120_lb60_top8_s0.5_w2-12,1,2025-04-05,2025-08-03,2025-08-03,2025-11-01,,no_picks,0,0.0,0.0,0.0,0.0,,
td120_lb60_top8_s0.5_w2-12,2,2025-07-04,2025-11-01,2025-11-01,2026-01-30,TAOUSDT,ok,10,0.35,1.17,0.3,1.9225,backtest_runs/portfolio_20260704_094326_ars1_dynamic_range_picker_td120_lb60_top8_s0.5_w2-12_f2_20260704_055013,
td120_lb60_top8_s0.5_w2-12,3,2025-10-02,2026-01-30,2026-01-30,2026-04-30,,no_picks,0,0.0,0.0,0.0,0.0,,
td120_lb60_top8_s0.6_w1.5-8,0,2025-01-05,2025-05-05,2025-05-05,2025-08-03,1000PEPEUSDT,ok,22,-2.78,0.427,0.227,3.8566,backtest_runs/portfolio_20260704_094329_ars1_dynamic_range_picker_td120_lb60_top8_s0.6_w1.5-8_f0_20260704_055013,
td120_lb60_top8_s0.6_w1.5-8,1,2025-04-05,2025-08-03,2025-08-03,2025-11-01,,no_picks,0,0.0,0.0,0.0,0.0,,
td120_lb60_top8_s0.6_w1.5-8,2,2025-07-04,2025-11-01,2025-11-01,2026-01-30,"TAOUSDT,1000PEPEUSDT",ok,17,1.06,1.287,0.294,2.013,backtest_runs/portfolio_20260704_094332_ars1_dynamic_range_picker_td120_lb60_top8_s0.6_w1.5-8_f2_20260704_055013,
td120_lb60_top8_s0.6_w1.5-8,3,2025-10-02,2026-01-30,2026-01-30,2026-04-30,,no_picks,0,0.0,0.0,0.0,0.0,,
td120_lb60_top8_s0.6_w1.5-12,0,2025-01-05,2025-05-05,2025-05-05,2025-08-03,1000PEPEUSDT,ok,22,-2.78,0.427,0.227,3.8566,backtest_runs/portfolio_20260704_094336_ars1_dynamic_range_picker_td120_lb60_top8_s0.6_w1.5-12_f0_20260704_055013,
td120_lb60_top8_s0.6_w1.5-12,1,2025-04-05,2025-08-03,2025-08-03,2025-11-01,,no_picks,0,0.0,0.0,0.0,0.0,,
td120_lb60_top8_s0.6_w1.5-12,2,2025-07-04,2025-11-01,2025-11-01,2026-01-30,"TAOUSDT,1000PEPEUSDT",ok,17,1.06,1.287,0.294,2.013,backtest_runs/portfolio_20260704_094339_ars1_dynamic_range_picker_td120_lb60_top8_s0.6_w1.5-12_f2_20260704_055013,
td120_lb60_top8_s0.6_w1.5-12,3,2025-10-02,2026-01-30,2026-01-30,2026-04-30,,no_picks,0,0.0,0.0,0.0,0.0,,
td120_lb60_top8_s0.6_w2-8,0,2025-01-05,2025-05-05,2025-05-05,2025-08-03,1000PEPEUSDT,ok,22,-2.78,0.427,0.227,3.8566,backtest_runs/portfolio_20260704_094344_ars1_dynamic_range_picker_td120_lb60_top8_s0.6_w2-8_f0_20260704_055013,
td120_lb60_top8_s0.6_w2-8,1,2025-04-05,2025-08-03,2025-08-03,2025-11-01,,no_picks,0,0.0,0.0,0.0,0.0,,
td120_lb60_top8_s0.6_w2-8,2,2025-07-04,2025-11-01,2025-11-01,2026-01-30,TAOUSDT,ok,10,0.35,1.17,0.3,1.9225,backtest_runs/portfolio_20260704_094346_ars1_dynamic_range_picker_td120_lb60_top8_s0.6_w2-8_f2_20260704_055013,
td120_lb60_top8_s0.6_w2-8,3,2025-10-02,2026-01-30,2026-01-30,2026-04-30,,no_picks,0,0.0,0.0,0.0,0.0,,
td120_lb60_top8_s0.6_w2-12,0,2025-01-05,2025-05-05,2025-05-05,2025-08-03,1000PEPEUSDT,ok,22,-2.78,0.427,0.227,3.8566,backtest_runs/portfolio_20260704_094349_ars1_dynamic_range_picker_td120_lb60_top8_s0.6_w2-12_f0_20260704_055013,
td120_lb60_top8_s0.6_w2-12,1,2025-04-05,2025-08-03,2025-08-03,2025-11-01,,no_picks,0,0.0,0.0,0.0,0.0,,
td120_lb60_top8_s0.6_w2-12,2,2025-07-04,2025-11-01,2025-11-01,2026-01-30,TAOUSDT,ok,10,0.35,1.17,0.3,1.9225,backtest_runs/portfolio_20260704_094352_ars1_dynamic_range_picker_td120_lb60_top8_s0.6_w2-12_f2_20260704_055013,
td120_lb60_top8_s0.6_w2-12,3,2025-10-02,2026-01-30,2026-01-30,2026-04-30,,no_picks,0,0.0,0.0,0.0,0.0,,
td120_lb120_top3_s0.4_w1.5-8,0,2025-01-05,2025-05-05,2025-05-05,2025-08-03,"1000PEPEUSDT,DOGEUSDT",ok,33,-5.9,0.26,0.152,6.7002,backtest_runs/portfolio_20260704_094355_ars1_dynamic_range_picker_td120_lb120_top3_s0.4_w1.5-8_f0_20260704_055013,
td120_lb120_top3_s0.4_w1.5-8,1,2025-04-05,2025-08-03,2025-08-03,2025-11-01,"TAOUSDT,1000PEPEUSDT,DOTUSDT",ok,11,-1.37,0.559,0.091,1.5683,backtest_runs/portfolio_20260704_094400_ars1_dynamic_range_picker_td120_lb120_top3_s0.4_w1.5-8_f1_20260704_055013,
td120_lb120_top3_s0.4_w1.5-8,2,2025-07-04,2025-11-01,2025-11-01,2026-01-30,"BTCUSDT,TAOUSDT,SOLUSDT",ok,14,0.29,1.093,0.286,1.7168,backtest_runs/portfolio_20260704_094407_ars1_dynamic_range_picker_td120_lb120_top3_s0.4_w1.5-8_f2_20260704_055013,
td120_lb120_top3_s0.4_w1.5-8,3,2025-10-02,2026-01-30,2026-01-30,2026-04-30,"XRPUSDT,1000PEPEUSDT,LINKUSDT",ok,14,3.52,1.939,0.214,2.3518,backtest_runs/portfolio_20260704_094414_ars1_dynamic_range_picker_td120_lb120_top3_s0.4_w1.5-8_f3_20260704_055013,
td120_lb120_top3_s0.4_w1.5-12,0,2025-01-05,2025-05-05,2025-05-05,2025-08-03,"1000PEPEUSDT,DOGEUSDT",ok,33,-5.9,0.26,0.152,6.7002,backtest_runs/portfolio_20260704_094419_ars1_dynamic_range_picker_td120_lb120_top3_s0.4_w1.5-12_f0_20260704_055013,
td120_lb120_top3_s0.4_w1.5-12,1,2025-04-05,2025-08-03,2025-08-03,2025-11-01,"TAOUSDT,1000PEPEUSDT,DOTUSDT",ok,11,-1.37,0.559,0.091,1.5683,backtest_runs/portfolio_20260704_094424_ars1_dynamic_range_picker_td120_lb120_top3_s0.4_w1.5-12_f1_20260704_055013,
td120_lb120_top3_s0.4_w1.5-12,2,2025-07-04,2025-11-01,2025-11-01,2026-01-30,"BTCUSDT,TAOUSDT,SOLUSDT",ok,14,0.29,1.093,0.286,1.7168,backtest_runs/portfolio_20260704_094431_ars1_dynamic_range_picker_td120_lb120_top3_s0.4_w1.5-12_f2_20260704_055013,
td120_lb120_top3_s0.4_w1.5-12,3,2025-10-02,2026-01-30,2026-01-30,2026-04-30,"XRPUSDT,1000PEPEUSDT,LINKUSDT",ok,14,3.52,1.939,0.214,2.3518,backtest_runs/portfolio_20260704_094438_ars1_dynamic_range_picker_td120_lb120_top3_s0.4_w1.5-12_f3_20260704_055013,
td120_lb120_top3_s0.4_w2-8,0,2025-01-05,2025-05-05,2025-05-05,2025-08-03,"1000PEPEUSDT,DOGEUSDT",ok,33,-5.9,0.26,0.152,6.7002,backtest_runs/portfolio_20260704_094443_ars1_dynamic_range_picker_td120_lb120_top3_s0.4_w2-8_f0_20260704_055013,
td120_lb120_top3_s0.4_w2-8,1,2025-04-05,2025-08-03,2025-08-03,2025-11-01,"TAOUSDT,1000PEPEUSDT,DOTUSDT",ok,11,-1.37,0.559,0.091,1.5683,backtest_runs/portfolio_20260704_094447_ars1_dynamic_range_picker_td120_lb120_top3_s0.4_w2-8_f1_20260704_055013,
td120_lb120_top3_s0.4_w2-8,2,2025-07-04,2025-11-01,2025-11-01,2026-01-30,"BTCUSDT,TAOUSDT,1000PEPEUSDT",ok,17,1.06,1.287,0.294,2.013,backtest_runs/portfolio_20260704_094454_ars1_dynamic_range_picker_td120_lb120_top3_s0.4_w2-8_f2_20260704_055013,
td120_lb120_top3_s0.4_w2-8,3,2025-10-02,2026-01-30,2026-01-30,2026-04-30,"XRPUSDT,LINKUSDT,HYPEUSDT",ok,18,-0.26,0.945,0.167,2.5012,backtest_runs/portfolio_20260704_094501_ars1_dynamic_range_picker_td120_lb120_top3_s0.4_w2-8_f3_20260704_055013,
td120_lb120_top3_s0.4_w2-12,0,2025-01-05,2025-05-05,2025-05-05,2025-08-03,"1000PEPEUSDT,DOGEUSDT",ok,33,-5.9,0.26,0.152,6.7002,backtest_runs/portfolio_20260704_094506_ars1_dynamic_range_picker_td120_lb120_top3_s0.4_w2-12_f0_20260704_055013,
td120_lb120_top3_s0.4_w2-12,1,2025-04-05,2025-08-03,2025-08-03,2025-11-01,"TAOUSDT,1000PEPEUSDT,DOTUSDT",ok,11,-1.37,0.559,0.091,1.5683,backtest_runs/portfolio_20260704_094511_ars1_dynamic_range_picker_td120_lb120_top3_s0.4_w2-12_f1_20260704_055013,
td120_lb120_top3_s0.4_w2-12,2,2025-07-04,2025-11-01,2025-11-01,2026-01-30,"BTCUSDT,TAOUSDT,1000PEPEUSDT",ok,17,1.06,1.287,0.294,2.013,backtest_runs/portfolio_20260704_094518_ars1_dynamic_range_picker_td120_lb120_top3_s0.4_w2-12_f2_20260704_055013,
td120_lb120_top3_s0.4_w2-12,3,2025-10-02,2026-01-30,2026-01-30,2026-04-30,"XRPUSDT,LINKUSDT,HYPEUSDT",ok,18,-0.26,0.945,0.167,2.5012,backtest_runs/portfolio_20260704_094524_ars1_dynamic_range_picker_td120_lb120_top3_s0.4_w2-12_f3_20260704_055013,
td120_lb120_top3_s0.5_w1.5-8,0,2025-01-05,2025-05-05,2025-05-05,2025-08-03,"1000PEPEUSDT,DOGEUSDT",ok,33,-5.9,0.26,0.152,6.7002,backtest_runs/portfolio_20260704_094529_ars1_dynamic_range_picker_td120_lb120_top3_s0.5_w1.5-8_f0_20260704_055013,
td120_lb120_top3_s0.5_w1.5-8,1,2025-04-05,2025-08-03,2025-08-03,2025-11-01,"TAOUSDT,1000PEPEUSDT,DOTUSDT",ok,11,-1.37,0.559,0.091,1.5683,backtest_runs/portfolio_20260704_094534_ars1_dynamic_range_picker_td120_lb120_top3_s0.5_w1.5-8_f1_20260704_055013,
td120_lb120_top3_s0.5_w1.5-8,2,2025-07-04,2025-11-01,2025-11-01,2026-01-30,"BTCUSDT,TAOUSDT,SOLUSDT",ok,14,0.29,1.093,0.286,1.7168,backtest_runs/portfolio_20260704_094541_ars1_dynamic_range_picker_td120_lb120_top3_s0.5_w1.5-8_f2_20260704_055013,
td120_lb120_top3_s0.5_w1.5-8,3,2025-10-02,2026-01-30,2026-01-30,2026-04-30,"XRPUSDT,1000PEPEUSDT,LINKUSDT",ok,14,3.52,1.939,0.214,2.3518,backtest_runs/portfolio_20260704_094548_ars1_dynamic_range_picker_td120_lb120_top3_s0.5_w1.5-8_f3_20260704_055013,
td120_lb120_top3_s0.5_w1.5-12,0,2025-01-05,2025-05-05,2025-05-05,2025-08-03,"1000PEPEUSDT,DOGEUSDT",ok,33,-5.9,0.26,0.152,6.7002,backtest_runs/portfolio_20260704_094553_ars1_dynamic_range_picker_td120_lb120_top3_s0.5_w1.5-12_f0_20260704_055013,
td120_lb120_top3_s0.5_w1.5-12,1,2025-04-05,2025-08-03,2025-08-03,2025-11-01,"TAOUSDT,1000PEPEUSDT,DOTUSDT",ok,11,-1.37,0.559,0.091,1.5683,backtest_runs/portfolio_20260704_094558_ars1_dynamic_range_picker_td120_lb120_top3_s0.5_w1.5-12_f1_20260704_055013,
td120_lb120_top3_s0.5_w1.5-12,2,2025-07-04,2025-11-01,2025-11-01,2026-01-30,"BTCUSDT,TAOUSDT,SOLUSDT",ok,14,0.29,1.093,0.286,1.7168,backtest_runs/portfolio_20260704_094605_ars1_dynamic_range_picker_td120_lb120_top3_s0.5_w1.5-12_f2_20260704_055013,
td120_lb120_top3_s0.5_w1.5-12,3,2025-10-02,2026-01-30,2026-01-30,2026-04-30,"XRPUSDT,1000PEPEUSDT,LINKUSDT",ok,14,3.52,1.939,0.214,2.3518,backtest_runs/portfolio_20260704_094612_ars1_dynamic_range_picker_td120_lb120_top3_s0.5_w1.5-12_f3_20260704_055013,
td120_lb120_top3_s0.5_w2-8,0,2025-01-05,2025-05-05,2025-05-05,2025-08-03,"1000PEPEUSDT,DOGEUSDT",ok,33,-5.9,0.26,0.152,6.7002,backtest_runs/portfolio_20260704_094616_ars1_dynamic_range_picker_td120_lb120_top3_s0.5_w2-8_f0_20260704_055013,
td120_lb120_top3_s0.5_w2-8,1,2025-04-05,2025-08-03,2025-08-03,2025-11-01,"TAOUSDT,1000PEPEUSDT,DOTUSDT",ok,11,-1.37,0.559,0.091,1.5683,backtest_runs/portfolio_20260704_094621_ars1_dynamic_range_picker_td120_lb120_top3_s0.5_w2-8_f1_20260704_055013,
td120_lb120_top3_s0.5_w2-8,2,2025-07-04,2025-11-01,2025-11-01,2026-01-30,"BTCUSDT,TAOUSDT,1000PEPEUSDT",ok,17,1.06,1.287,0.294,2.013,backtest_runs/portfolio_20260704_094628_ars1_dynamic_range_picker_td120_lb120_top3_s0.5_w2-8_f2_20260704_055013,
td120_lb120_top3_s0.5_w2-8,3,2025-10-02,2026-01-30,2026-01-30,2026-04-30,"XRPUSDT,LINKUSDT,HYPEUSDT",ok,18,-0.26,0.945,0.167,2.5012,backtest_runs/portfolio_20260704_094635_ars1_dynamic_range_picker_td120_lb120_top3_s0.5_w2-8_f3_20260704_055013,
td120_lb120_top3_s0.5_w2-12,0,2025-01-05,2025-05-05,2025-05-05,2025-08-03,"1000PEPEUSDT,DOGEUSDT",ok,33,-5.9,0.26,0.152,6.7002,backtest_runs/portfolio_20260704_094640_ars1_dynamic_range_picker_td120_lb120_top3_s0.5_w2-12_f0_20260704_055013,
td120_lb120_top3_s0.5_w2-12,1,2025-04-05,2025-08-03,2025-08-03,2025-11-01,"TAOUSDT,1000PEPEUSDT,DOTUSDT",ok,11,-1.37,0.559,0.091,1.5683,backtest_runs/portfolio_20260704_094644_ars1_dynamic_range_picker_td120_lb120_top3_s0.5_w2-12_f1_20260704_055013,
td120_lb120_top3_s0.5_w2-12,2,2025-07-04,2025-11-01,2025-11-01,2026-01-30,"BTCUSDT,TAOUSDT,1000PEPEUSDT",ok,17,1.06,1.287,0.294,2.013,backtest_runs/portfolio_20260704_094651_ars1_dynamic_range_picker_td120_lb120_top3_s0.5_w2-12_f2_20260704_055013,
td120_lb120_top3_s0.5_w2-12,3,2025-10-02,2026-01-30,2026-01-30,2026-04-30,"XRPUSDT,LINKUSDT,HYPEUSDT",ok,18,-0.26,0.945,0.167,2.5012,backtest_runs/portfolio_20260704_094658_ars1_dynamic_range_picker_td120_lb120_top3_s0.5_w2-12_f3_20260704_055013,
td120_lb120_top3_s0.6_w1.5-8,0,2025-01-05,2025-05-05,2025-05-05,2025-08-03,1000PEPEUSDT,ok,22,-2.78,0.427,0.227,3.8566,backtest_runs/portfolio_20260704_094702_ars1_dynamic_range_picker_td120_lb120_top3_s0.6_w1.5-8_f0_20260704_055013,
td120_lb120_top3_s0.6_w1.5-8,1,2025-04-05,2025-08-03,2025-08-03,2025-11-01,"TAOUSDT,1000PEPEUSDT,DOTUSDT",ok,11,-1.37,0.559,0.091,1.5683,backtest_runs/portfolio_20260704_094706_ars1_dynamic_range_picker_td120_lb120_top3_s0.6_w1.5-8_f1_20260704_055013,
td120_lb120_top3_s0.6_w1.5-8,2,2025-07-04,2025-11-01,2025-11-01,2026-01-30,"BTCUSDT,TAOUSDT,SOLUSDT",ok,14,0.29,1.093,0.286,1.7168,backtest_runs/portfolio_20260704_094713_ars1_dynamic_range_picker_td120_lb120_top3_s0.6_w1.5-8_f2_20260704_055013,
td120_lb120_top3_s0.6_w1.5-8,3,2025-10-02,2026-01-30,2026-01-30,2026-04-30,"XRPUSDT,1000PEPEUSDT",ok,12,1.07,1.326,0.167,1.8754,backtest_runs/portfolio_20260704_094719_ars1_dynamic_range_picker_td120_lb120_top3_s0.6_w1.5-8_f3_20260704_055013,
td120_lb120_top3_s0.6_w1.5-12,0,2025-01-05,2025-05-05,2025-05-05,2025-08-03,1000PEPEUSDT,ok,22,-2.78,0.427,0.227,3.8566,backtest_runs/portfolio_20260704_094722_ars1_dynamic_range_picker_td120_lb120_top3_s0.6_w1.5-12_f0_20260704_055013,
td120_lb120_top3_s0.6_w1.5-12,1,2025-04-05,2025-08-03,2025-08-03,2025-11-01,"TAOUSDT,1000PEPEUSDT,DOTUSDT",ok,11,-1.37,0.559,0.091,1.5683,backtest_runs/portfolio_20260704_094725_ars1_dynamic_range_picker_td120_lb120_top3_s0.6_w1.5-12_f1_20260704_055013,
td120_lb120_top3_s0.6_w1.5-12,2,2025-07-04,2025-11-01,2025-11-01,2026-01-30,"BTCUSDT,TAOUSDT,SOLUSDT",ok,14,0.29,1.093,0.286,1.7168,backtest_runs/portfolio_20260704_094732_ars1_dynamic_range_picker_td120_lb120_top3_s0.6_w1.5-12_f2_20260704_055013,
td120_lb120_top3_s0.6_w1.5-12,3,2025-10-02,2026-01-30,2026-01-30,2026-04-30,"XRPUSDT,1000PEPEUSDT",ok,12,1.07,1.326,0.167,1.8754,backtest_runs/portfolio_20260704_094738_ars1_dynamic_range_picker_td120_lb120_top3_s0.6_w1.5-12_f3_20260704_055013,
td120_lb120_top3_s0.6_w2-8,0,2025-01-05,2025-05-05,2025-05-05,2025-08-03,1000PEPEUSDT,ok,22,-2.78,0.427,0.227,3.8566,backtest_runs/portfolio_20260704_094741_ars1_dynamic_range_picker_td120_lb120_top3_s0.6_w2-8_f0_20260704_055013,
td120_lb120_top3_s0.6_w2-8,1,2025-04-05,2025-08-03,2025-08-03,2025-11-01,"TAOUSDT,1000PEPEUSDT,DOTUSDT",ok,11,-1.37,0.559,0.091,1.5683,backtest_runs/portfolio_20260704_094745_ars1_dynamic_range_picker_td120_lb120_top3_s0.6_w2-8_f1_20260704_055013,
td120_lb120_top3_s0.6_w2-8,2,2025-07-04,2025-11-01,2025-11-01,2026-01-30,"BTCUSDT,TAOUSDT,1000PEPEUSDT",ok,17,1.06,1.287,0.294,2.013,backtest_runs/portfolio_20260704_094752_ars1_dynamic_range_picker_td120_lb120_top3_s0.6_w2-8_f2_20260704_055013,
td120_lb120_top3_s0.6_w2-8,3,2025-10-02,2026-01-30,2026-01-30,2026-04-30,XRPUSDT,ok,4,-0.09,0.919,0.25,1.1295,backtest_runs/portfolio_20260704_094757_ars1_dynamic_range_picker_td120_lb120_top3_s0.6_w2-8_f3_20260704_055013,
td120_lb120_top3_s0.6_w2-12,0,2025-01-05,2025-05-05,2025-05-05,2025-08-03,1000PEPEUSDT,ok,22,-2.78,0.427,0.227,3.8566,backtest_runs/portfolio_20260704_094800_ars1_dynamic_range_picker_td120_lb120_top3_s0.6_w2-12_f0_20260704_055013,
td120_lb120_top3_s0.6_w2-12,1,2025-04-05,2025-08-03,2025-08-03,2025-11-01,"TAOUSDT,1000PEPEUSDT,DOTUSDT",ok,11,-1.37,0.559,0.091,1.5683,backtest_runs/portfolio_20260704_094803_ars1_dynamic_range_picker_td120_lb120_top3_s0.6_w2-12_f1_20260704_055013,
td120_lb120_top3_s0.6_w2-12,2,2025-07-04,2025-11-01,2025-11-01,2026-01-30,"BTCUSDT,TAOUSDT,1000PEPEUSDT",ok,17,1.06,1.287,0.294,2.013,backtest_runs/portfolio_20260704_094810_ars1_dynamic_range_picker_td120_lb120_top3_s0.6_w2-12_f2_20260704_055013,
td120_lb120_top3_s0.6_w2-12,3,2025-10-02,2026-01-30,2026-01-30,2026-04-30,XRPUSDT,ok,4,-0.09,0.919,0.25,1.1295,backtest_runs/portfolio_20260704_094815_ars1_dynamic_range_picker_td120_lb120_top3_s0.6_w2-12_f3_20260704_055013,
td120_lb120_top5_s0.4_w1.5-8,0,2025-01-05,2025-05-05,2025-05-05,2025-08-03,"1000PEPEUSDT,DOGEUSDT",ok,33,-5.9,0.26,0.152,6.7002,backtest_runs/portfolio_20260704_094819_ars1_dynamic_range_picker_td120_lb120_top5_s0.4_w1.5-8_f0_20260704_055013,
td120_lb120_top5_s0.4_w1.5-8,1,2025-04-05,2025-08-03,2025-08-03,2025-11-01,"TAOUSDT,1000PEPEUSDT,DOTUSDT,LINKUSDT,XLMUSDT",ok,24,-3.56,0.47,0.083,3.8465,backtest_runs/portfolio_20260704_094824_ars1_dynamic_range_picker_td120_lb120_top5_s0.4_w1.5-8_f1_20260704_055013,
td120_lb120_top5_s0.4_w1.5-8,2,2025-07-04,2025-11-01,2025-11-01,2026-01-30,"BTCUSDT,TAOUSDT,SOLUSDT,1000PEPEUSDT,LTCUSDT",ok,23,2.15,1.454,0.348,2.1562,backtest_runs/portfolio_20260704_094836_ars1_dynamic_range_picker_td120_lb120_top5_s0.4_w1.5-8_f2_20260704_055013,
td120_lb120_top5_s0.4_w1.5-8,3,2025-10-02,2026-01-30,2026-01-30,2026-04-30,"XRPUSDT,1000PEPEUSDT,LINKUSDT,HYPEUSDT",ok,25,1.15,1.171,0.16,3.3837,backtest_runs/portfolio_20260704_094846_ars1_dynamic_range_picker_td120_lb120_top5_s0.4_w1.5-8_f3_20260704_055013,
td120_lb120_top5_s0.4_w1.5-12,0,2025-01-05,2025-05-05,2025-05-05,2025-08-03,"1000PEPEUSDT,DOGEUSDT",ok,33,-5.9,0.26,0.152,6.7002,backtest_runs/portfolio_20260704_094852_ars1_dynamic_range_picker_td120_lb120_top5_s0.4_w1.5-12_f0_20260704_055013,
td120_lb120_top5_s0.4_w1.5-12,1,2025-04-05,2025-08-03,2025-08-03,2025-11-01,"TAOUSDT,1000PEPEUSDT,DOTUSDT,LINKUSDT,XLMUSDT",ok,24,-3.56,0.47,0.083,3.8465,backtest_runs/portfolio_20260704_094858_ars1_dynamic_range_picker_td120_lb120_top5_s0.4_w1.5-12_f1_20260704_055013,
td120_lb120_top5_s0.4_w1.5-12,2,2025-07-04,2025-11-01,2025-11-01,2026-01-30,"BTCUSDT,TAOUSDT,SOLUSDT,1000PEPEUSDT,LTCUSDT",ok,23,2.15,1.454,0.348,2.1562,backtest_runs/portfolio_20260704_094909_ars1_dynamic_range_picker_td120_lb120_top5_s0.4_w1.5-12_f2_20260704_055013,
td120_lb120_top5_s0.4_w1.5-12,3,2025-10-02,2026-01-30,2026-01-30,2026-04-30,"XRPUSDT,1000PEPEUSDT,LINKUSDT,HYPEUSDT",ok,25,1.15,1.171,0.16,3.3837,backtest_runs/portfolio_20260704_094920_ars1_dynamic_range_picker_td120_lb120_top5_s0.4_w1.5-12_f3_20260704_055013,
td120_lb120_top5_s0.4_w2-8,0,2025-01-05,2025-05-05,2025-05-05,2025-08-03,"1000PEPEUSDT,DOGEUSDT",ok,33,-5.9,0.26,0.152,6.7002,backtest_runs/portfolio_20260704_094926_ars1_dynamic_range_picker_td120_lb120_top5_s0.4_w2-8_f0_20260704_055013,
td120_lb120_top5_s0.4_w2-8,1,2025-04-05,2025-08-03,2025-08-03,2025-11-01,"TAOUSDT,1000PEPEUSDT,DOTUSDT,LINKUSDT,XLMUSDT",ok,24,-3.56,0.47,0.083,3.8465,backtest_runs/portfolio_20260704_094931_ars1_dynamic_range_picker_td120_lb120_top5_s0.4_w2-8_f1_20260704_055013,
td120_lb120_top5_s0.4_w2-8,2,2025-07-04,2025-11-01,2025-11-01,2026-01-30,"BTCUSDT,TAOUSDT,1000PEPEUSDT,LTCUSDT,ETHUSDT",ok,22,2.35,1.557,0.364,1.8619,backtest_runs/portfolio_20260704_094943_ars1_dynamic_range_picker_td120_lb120_top5_s0.4_w2-8_f2_20260704_055013,
td120_lb120_top5_s0.4_w2-8,3,2025-10-02,2026-01-30,2026-01-30,2026-04-30,"XRPUSDT,LINKUSDT,HYPEUSDT",ok,18,-0.26,0.945,0.167,2.5012,backtest_runs/portfolio_20260704_094953_ars1_dynamic_range_picker_td120_lb120_top5_s0.4_w2-8_f3_20260704_055013,
td120_lb120_top5_s0.4_w2-12,0,2025-01-05,2025-05-05,2025-05-05,2025-08-03,"1000PEPEUSDT,DOGEUSDT",ok,33,-5.9,0.26,0.152,6.7002,backtest_runs/portfolio_20260704_094958_ars1_dynamic_range_picker_td120_lb120_top5_s0.4_w2-12_f0_20260704_055013,
td120_lb120_top5_s0.4_w2-12,1,2025-04-05,2025-08-03,2025-08-03,2025-11-01,"TAOUSDT,1000PEPEUSDT,DOTUSDT,LINKUSDT,XLMUSDT",ok,24,-3.56,0.47,0.083,3.8465,backtest_runs/portfolio_20260704_095003_ars1_dynamic_range_picker_td120_lb120_top5_s0.4_w2-12_f1_20260704_055013,
td120_lb120_top5_s0.4_w2-12,2,2025-07-04,2025-11-01,2025-11-01,2026-01-30,"BTCUSDT,TAOUSDT,1000PEPEUSDT,LTCUSDT,ETHUSDT",ok,22,2.35,1.557,0.364,1.8619,backtest_runs/portfolio_20260704_095015_ars1_dynamic_range_picker_td120_lb120_top5_s0.4_w2-12_f2_20260704_055013,
td120_lb120_top5_s0.4_w2-12,3,2025-10-02,2026-01-30,2026-01-30,2026-04-30,"XRPUSDT,LINKUSDT,HYPEUSDT",ok,18,-0.26,0.945,0.167,2.5012,backtest_runs/portfolio_20260704_095025_ars1_dynamic_range_picker_td120_lb120_top5_s0.4_w2-12_f3_20260704_055013,
td120_lb120_top5_s0.5_w1.5-8,0,2025-01-05,2025-05-05,2025-05-05,2025-08-03,"1000PEPEUSDT,DOGEUSDT",ok,33,-5.9,0.26,0.152,6.7002,backtest_runs/portfolio_20260704_095030_ars1_dynamic_range_picker_td120_lb120_top5_s0.5_w1.5-8_f0_20260704_055013,
td120_lb120_top5_s0.5_w1.5-8,1,2025-04-05,2025-08-03,2025-08-03,2025-11-01,"TAOUSDT,1000PEPEUSDT,DOTUSDT,LINKUSDT,XLMUSDT",ok,24,-3.56,0.47,0.083,3.8465,backtest_runs/portfolio_20260704_095036_ars1_dynamic_range_picker_td120_lb120_top5_s0.5_w1.5-8_f1_20260704_055013,
td120_lb120_top5_s0.5_w1.5-8,2,2025-07-04,2025-11-01,2025-11-01,2026-01-30,"BTCUSDT,TAOUSDT,SOLUSDT,1000PEPEUSDT,LTCUSDT",ok,23,2.15,1.454,0.348,2.1562,backtest_runs/portfolio_20260704_095047_ars1_dynamic_range_picker_td120_lb120_top5_s0.5_w1.5-8_f2_20260704_055013,
td120_lb120_top5_s0.5_w1.5-8,3,2025-10-02,2026-01-30,2026-01-30,2026-04-30,"XRPUSDT,1000PEPEUSDT,LINKUSDT,HYPEUSDT",ok,25,1.15,1.171,0.16,3.3837,backtest_runs/portfolio_20260704_095057_ars1_dynamic_range_picker_td120_lb120_top5_s0.5_w1.5-8_f3_20260704_055013,
td120_lb120_top5_s0.5_w1.5-12,0,2025-01-05,2025-05-05,2025-05-05,2025-08-03,"1000PEPEUSDT,DOGEUSDT",ok,33,-5.9,0.26,0.152,6.7002,backtest_runs/portfolio_20260704_095103_ars1_dynamic_range_picker_td120_lb120_top5_s0.5_w1.5-12_f0_20260704_055013,
td120_lb120_top5_s0.5_w1.5-12,1,2025-04-05,2025-08-03,2025-08-03,2025-11-01,"TAOUSDT,1000PEPEUSDT,DOTUSDT,LINKUSDT,XLMUSDT",ok,24,-3.56,0.47,0.083,3.8465,backtest_runs/portfolio_20260704_095109_ars1_dynamic_range_picker_td120_lb120_top5_s0.5_w1.5-12_f1_20260704_055013,
td120_lb120_top5_s0.5_w1.5-12,2,2025-07-04,2025-11-01,2025-11-01,2026-01-30,"BTCUSDT,TAOUSDT,SOLUSDT,1000PEPEUSDT,LTCUSDT",ok,23,2.15,1.454,0.348,2.1562,backtest_runs/portfolio_20260704_095121_ars1_dynamic_range_picker_td120_lb120_top5_s0.5_w1.5-12_f2_20260704_055013,
td120_lb120_top5_s0.5_w1.5-12,3,2025-10-02,2026-01-30,2026-01-30,2026-04-30,"XRPUSDT,1000PEPEUSDT,LINKUSDT,HYPEUSDT",ok,25,1.15,1.171,0.16,3.3837,backtest_runs/portfolio_20260704_095131_ars1_dynamic_range_picker_td120_lb120_top5_s0.5_w1.5-12_f3_20260704_055013,
td120_lb120_top5_s0.5_w2-8,0,2025-01-05,2025-05-05,2025-05-05,2025-08-03,"1000PEPEUSDT,DOGEUSDT",ok,33,-5.9,0.26,0.152,6.7002,backtest_runs/portfolio_20260704_095137_ars1_dynamic_range_picker_td120_lb120_top5_s0.5_w2-8_f0_20260704_055013,
td120_lb120_top5_s0.5_w2-8,1,2025-04-05,2025-08-03,2025-08-03,2025-11-01,"TAOUSDT,1000PEPEUSDT,DOTUSDT,LINKUSDT,XLMUSDT",ok,24,-3.56,0.47,0.083,3.8465,backtest_runs/portfolio_20260704_095143_ars1_dynamic_range_picker_td120_lb120_top5_s0.5_w2-8_f1_20260704_055013,
td120_lb120_top5_s0.5_w2-8,2,2025-07-04,2025-11-01,2025-11-01,2026-01-30,"BTCUSDT,TAOUSDT,1000PEPEUSDT,LTCUSDT,ETHUSDT",ok,22,2.35,1.557,0.364,1.8619,backtest_runs/portfolio_20260704_095154_ars1_dynamic_range_picker_td120_lb120_top5_s0.5_w2-8_f2_20260704_055013,
td120_lb120_top5_s0.5_w2-8,3,2025-10-02,2026-01-30,2026-01-30,2026-04-30,"XRPUSDT,LINKUSDT,HYPEUSDT",ok,18,-0.26,0.945,0.167,2.5012,backtest_runs/portfolio_20260704_095204_ars1_dynamic_range_picker_td120_lb120_top5_s0.5_w2-8_f3_20260704_055013,
td120_lb120_top5_s0.5_w2-12,0,2025-01-05,2025-05-05,2025-05-05,2025-08-03,"1000PEPEUSDT,DOGEUSDT",ok,33,-5.9,0.26,0.152,6.7002,backtest_runs/portfolio_20260704_095209_ars1_dynamic_range_picker_td120_lb120_top5_s0.5_w2-12_f0_20260704_055013,
td120_lb120_top5_s0.5_w2-12,1,2025-04-05,2025-08-03,2025-08-03,2025-11-01,"TAOUSDT,1000PEPEUSDT,DOTUSDT,LINKUSDT,XLMUSDT",ok,24,-3.56,0.47,0.083,3.8465,backtest_runs/portfolio_20260704_095215_ars1_dynamic_range_picker_td120_lb120_top5_s0.5_w2-12_f1_20260704_055013,
td120_lb120_top5_s0.5_w2-12,2,2025-07-04,2025-11-01,2025-11-01,2026-01-30,"BTCUSDT,TAOUSDT,1000PEPEUSDT,LTCUSDT,ETHUSDT",ok,22,2.35,1.557,0.364,1.8619,backtest_runs/portfolio_20260704_095226_ars1_dynamic_range_picker_td120_lb120_top5_s0.5_w2-12_f2_20260704_055013,
td120_lb120_top5_s0.5_w2-12,3,2025-10-02,2026-01-30,2026-01-30,2026-04-30,"XRPUSDT,LINKUSDT,HYPEUSDT",ok,18,-0.26,0.945,0.167,2.5012,backtest_runs/portfolio_20260704_095236_ars1_dynamic_range_picker_td120_lb120_top5_s0.5_w2-12_f3_20260704_055013,
td120_lb120_top5_s0.6_w1.5-8,0,2025-01-05,2025-05-05,2025-05-05,2025-08-03,1000PEPEUSDT,ok,22,-2.78,0.427,0.227,3.8566,backtest_runs/portfolio_20260704_095241_ars1_dynamic_range_picker_td120_lb120_top5_s0.6_w1.5-8_f0_20260704_055013,
td120_lb120_top5_s0.6_w1.5-8,1,2025-04-05,2025-08-03,2025-08-03,2025-11-01,"TAOUSDT,1000PEPEUSDT,DOTUSDT,LINKUSDT,XLMUSDT",ok,24,-3.56,0.47,0.083,3.8465,backtest_runs/portfolio_20260704_095245_ars1_dynamic_range_picker_td120_lb120_top5_s0.6_w1.5-8_f1_20260704_055013,
td120_lb120_top5_s0.6_w1.5-8,2,2025-07-04,2025-11-01,2025-11-01,2026-01-30,"BTCUSDT,TAOUSDT,SOLUSDT,1000PEPEUSDT,LTCUSDT",ok,23,2.15,1.454,0.348,2.1562,backtest_runs/portfolio_20260704_095257_ars1_dynamic_range_picker_td120_lb120_top5_s0.6_w1.5-8_f2_20260704_055013,
td120_lb120_top5_s0.6_w1.5-8,3,2025-10-02,2026-01-30,2026-01-30,2026-04-30,"XRPUSDT,1000PEPEUSDT",ok,12,1.07,1.326,0.167,1.8754,backtest_runs/portfolio_20260704_095306_ars1_dynamic_range_picker_td120_lb120_top5_s0.6_w1.5-8_f3_20260704_055013,
td120_lb120_top5_s0.6_w1.5-12,0,2025-01-05,2025-05-05,2025-05-05,2025-08-03,1000PEPEUSDT,ok,22,-2.78,0.427,0.227,3.8566,backtest_runs/portfolio_20260704_095309_ars1_dynamic_range_picker_td120_lb120_top5_s0.6_w1.5-12_f0_20260704_055013,
td120_lb120_top5_s0.6_w1.5-12,1,2025-04-05,2025-08-03,2025-08-03,2025-11-01,"TAOUSDT,1000PEPEUSDT,DOTUSDT,LINKUSDT,XLMUSDT",ok,24,-3.56,0.47,0.083,3.8465,backtest_runs/portfolio_20260704_095313_ars1_dynamic_range_picker_td120_lb120_top5_s0.6_w1.5-12_f1_20260704_055013,
td120_lb120_top5_s0.6_w1.5-12,2,2025-07-04,2025-11-01,2025-11-01,2026-01-30,"BTCUSDT,TAOUSDT,SOLUSDT,1000PEPEUSDT,LTCUSDT",ok,23,2.15,1.454,0.348,2.1562,backtest_runs/portfolio_20260704_095325_ars1_dynamic_range_picker_td120_lb120_top5_s0.6_w1.5-12_f2_20260704_055013,
td120_lb120_top5_s0.6_w1.5-12,3,2025-10-02,2026-01-30,2026-01-30,2026-04-30,"XRPUSDT,1000PEPEUSDT",ok,12,1.07,1.326,0.167,1.8754,backtest_runs/portfolio_20260704_095334_ars1_dynamic_range_picker_td120_lb120_top5_s0.6_w1.5-12_f3_20260704_055013,
td120_lb120_top5_s0.6_w2-8,0,2025-01-05,2025-05-05,2025-05-05,2025-08-03,1000PEPEUSDT,ok,22,-2.78,0.427,0.227,3.8566,backtest_runs/portfolio_20260704_095337_ars1_dynamic_range_picker_td120_lb120_top5_s0.6_w2-8_f0_20260704_055013,
td120_lb120_top5_s0.6_w2-8,1,2025-04-05,2025-08-03,2025-08-03,2025-11-01,"TAOUSDT,1000PEPEUSDT,DOTUSDT,LINKUSDT,XLMUSDT",ok,24,-3.56,0.47,0.083,3.8465,backtest_runs/portfolio_20260704_095341_ars1_dynamic_range_picker_td120_lb120_top5_s0.6_w2-8_f1_20260704_055013,
td120_lb120_top5_s0.6_w2-8,2,2025-07-04,2025-11-01,2025-11-01,2026-01-30,"BTCUSDT,TAOUSDT,1000PEPEUSDT,LTCUSDT,ETHUSDT",ok,22,2.35,1.557,0.364,1.8619,backtest_runs/portfolio_20260704_095352_ars1_dynamic_range_picker_td120_lb120_top5_s0.6_w2-8_f2_20260704_055013,
td120_lb120_top5_s0.6_w2-8,3,2025-10-02,2026-01-30,2026-01-30,2026-04-30,XRPUSDT,ok,4,-0.09,0.919,0.25,1.1295,backtest_runs/portfolio_20260704_095401_ars1_dynamic_range_picker_td120_lb120_top5_s0.6_w2-8_f3_20260704_055013,
td120_lb120_top5_s0.6_w2-12,0,2025-01-05,2025-05-05,2025-05-05,2025-08-03,1000PEPEUSDT,ok,22,-2.78,0.427,0.227,3.8566,backtest_runs/portfolio_20260704_095404_ars1_dynamic_range_picker_td120_lb120_top5_s0.6_w2-12_f0_20260704_055013,
td120_lb120_top5_s0.6_w2-12,1,2025-04-05,2025-08-03,2025-08-03,2025-11-01,"TAOUSDT,1000PEPEUSDT,DOTUSDT,LINKUSDT,XLMUSDT",ok,24,-3.56,0.47,0.083,3.8465,backtest_runs/portfolio_20260704_095408_ars1_dynamic_range_picker_td120_lb120_top5_s0.6_w2-12_f1_20260704_055013,
td120_lb120_top5_s0.6_w2-12,2,2025-07-04,2025-11-01,2025-11-01,2026-01-30,"BTCUSDT,TAOUSDT,1000PEPEUSDT,LTCUSDT,ETHUSDT",ok,22,2.35,1.557,0.364,1.8619,backtest_runs/portfolio_20260704_095419_ars1_dynamic_range_picker_td120_lb120_top5_s0.6_w2-12_f2_20260704_055013,
td120_lb120_top5_s0.6_w2-12,3,2025-10-02,2026-01-30,2026-01-30,2026-04-30,XRPUSDT,ok,4,-0.09,0.919,0.25,1.1295,backtest_runs/portfolio_20260704_095428_ars1_dynamic_range_picker_td120_lb120_top5_s0.6_w2-12_f3_20260704_055013,
td120_lb120_top8_s0.4_w1.5-8,0,2025-01-05,2025-05-05,2025-05-05,2025-08-03,"1000PEPEUSDT,DOGEUSDT",ok,33,-5.9,0.26,0.152,6.7002,backtest_runs/portfolio_20260704_095431_ars1_dynamic_range_picker_td120_lb120_top8_s0.4_w1.5-8_f0_20260704_055013,
td120_lb120_top8_s0.4_w1.5-8,1,2025-04-05,2025-08-03,2025-08-03,2025-11-01,"TAOUSDT,1000PEPEUSDT,DOTUSDT,LINKUSDT,XLMUSDT,SOLUSDT,ATOMUSDT,AVAXUSDT",ok,41,-7.93,0.287,0.073,7.9335,backtest_runs/portfolio_20260704_095438_ars1_dynamic_range_picker_td120_lb120_top8_s0.4_w1.5-8_f1_20260704_055013,
td120_lb120_top8_s0.4_w1.5-8,2,2025-07-04,2025-11-01,2025-11-01,2026-01-30,"BTCUSDT,TAOUSDT,SOLUSDT,1000PEPEUSDT,LTCUSDT,ADAUSDT,ETHUSDT,SUIUSDT",ok,41,2.85,1.327,0.317,3.542,backtest_runs/portfolio_20260704_095457_ars1_dynamic_range_picker_td120_lb120_top8_s0.4_w1.5-8_f2_20260704_055013,
td120_lb120_top8_s0.4_w1.5-8,3,2025-10-02,2026-01-30,2026-01-30,2026-04-30,"XRPUSDT,1000PEPEUSDT,LINKUSDT,HYPEUSDT",ok,25,1.15,1.171,0.16,3.3837,backtest_runs/portfolio_20260704_095512_ars1_dynamic_range_picker_td120_lb120_top8_s0.4_w1.5-8_f3_20260704_055013,
td120_lb120_top8_s0.4_w1.5-12,0,2025-01-05,2025-05-05,2025-05-05,2025-08-03,"1000PEPEUSDT,DOGEUSDT",ok,33,-5.9,0.26,0.152,6.7002,backtest_runs/portfolio_20260704_095518_ars1_dynamic_range_picker_td120_lb120_top8_s0.4_w1.5-12_f0_20260704_055013,
td120_lb120_top8_s0.4_w1.5-12,1,2025-04-05,2025-08-03,2025-08-03,2025-11-01,"TAOUSDT,1000PEPEUSDT,DOTUSDT,LINKUSDT,XLMUSDT,SOLUSDT,ATOMUSDT,AVAXUSDT",ok,41,-7.93,0.287,0.073,7.9335,backtest_runs/portfolio_20260704_095525_ars1_dynamic_range_picker_td120_lb120_top8_s0.4_w1.5-12_f1_20260704_055013,
td120_lb120_top8_s0.4_w1.5-12,2,2025-07-04,2025-11-01,2025-11-01,2026-01-30,"BTCUSDT,TAOUSDT,SOLUSDT,1000PEPEUSDT,LTCUSDT,ADAUSDT,ETHUSDT,SUIUSDT",ok,41,2.85,1.327,0.317,3.542,backtest_runs/portfolio_20260704_095543_ars1_dynamic_range_picker_td120_lb120_top8_s0.4_w1.5-12_f2_20260704_055013,
td120_lb120_top8_s0.4_w1.5-12,3,2025-10-02,2026-01-30,2026-01-30,2026-04-30,"XRPUSDT,1000PEPEUSDT,LINKUSDT,HYPEUSDT",ok,25,1.15,1.171,0.16,3.3837,backtest_runs/portfolio_20260704_095558_ars1_dynamic_range_picker_td120_lb120_top8_s0.4_w1.5-12_f3_20260704_055013,
td120_lb120_top8_s0.4_w2-8,0,2025-01-05,2025-05-05,2025-05-05,2025-08-03,"1000PEPEUSDT,DOGEUSDT",ok,33,-5.9,0.26,0.152,6.7002,backtest_runs/portfolio_20260704_095604_ars1_dynamic_range_picker_td120_lb120_top8_s0.4_w2-8_f0_20260704_055013,
td120_lb120_top8_s0.4_w2-8,1,2025-04-05,2025-08-03,2025-08-03,2025-11-01,"TAOUSDT,1000PEPEUSDT,DOTUSDT,LINKUSDT,XLMUSDT,SOLUSDT,ATOMUSDT,AVAXUSDT",ok,41,-7.93,0.287,0.073,7.9335,backtest_runs/portfolio_20260704_095611_ars1_dynamic_range_picker_td120_lb120_top8_s0.4_w2-8_f1_20260704_055013,
td120_lb120_top8_s0.4_w2-8,2,2025-07-04,2025-11-01,2025-11-01,2026-01-30,"BTCUSDT,TAOUSDT,1000PEPEUSDT,LTCUSDT,ETHUSDT,SUIUSDT,DOGEUSDT,XRPUSDT",ok,33,3.2,1.473,0.333,2.6219,backtest_runs/portfolio_20260704_095629_ars1_dynamic_range_picker_td120_lb120_top8_s0.4_w2-8_f2_20260704_055013,
td120_lb120_top8_s0.4_w2-8,3,2025-10-02,2026-01-30,2026-01-30,2026-04-30,"XRPUSDT,LINKUSDT,HYPEUSDT",ok,18,-0.26,0.945,0.167,2.5012,backtest_runs/portfolio_20260704_095644_ars1_dynamic_range_picker_td120_lb120_top8_s0.4_w2-8_f3_20260704_055013,
td120_lb120_top8_s0.4_w2-12,0,2025-01-05,2025-05-05,2025-05-05,2025-08-03,"1000PEPEUSDT,DOGEUSDT",ok,33,-5.9,0.26,0.152,6.7002,backtest_runs/portfolio_20260704_095649_ars1_dynamic_range_picker_td120_lb120_top8_s0.4_w2-12_f0_20260704_055013,
td120_lb120_top8_s0.4_w2-12,1,2025-04-05,2025-08-03,2025-08-03,2025-11-01,"TAOUSDT,1000PEPEUSDT,DOTUSDT,LINKUSDT,XLMUSDT,SOLUSDT,ATOMUSDT,AVAXUSDT",ok,41,-7.93,0.287,0.073,7.9335,backtest_runs/portfolio_20260704_095656_ars1_dynamic_range_picker_td120_lb120_top8_s0.4_w2-12_f1_20260704_055013,
td120_lb120_top8_s0.4_w2-12,2,2025-07-04,2025-11-01,2025-11-01,2026-01-30,"BTCUSDT,TAOUSDT,1000PEPEUSDT,LTCUSDT,ETHUSDT,SUIUSDT,DOGEUSDT,XRPUSDT",ok,33,3.2,1.473,0.333,2.6219,backtest_runs/portfolio_20260704_095713_ars1_dynamic_range_picker_td120_lb120_top8_s0.4_w2-12_f2_20260704_055013,
td120_lb120_top8_s0.4_w2-12,3,2025-10-02,2026-01-30,2026-01-30,2026-04-30,"XRPUSDT,LINKUSDT,HYPEUSDT",ok,18,-0.26,0.945,0.167,2.5012,backtest_runs/portfolio_20260704_095728_ars1_dynamic_range_picker_td120_lb120_top8_s0.4_w2-12_f3_20260704_055013,
td120_lb120_top8_s0.5_w1.5-8,0,2025-01-05,2025-05-05,2025-05-05,2025-08-03,"1000PEPEUSDT,DOGEUSDT",ok,33,-5.9,0.26,0.152,6.7002,backtest_runs/portfolio_20260704_095733_ars1_dynamic_range_picker_td120_lb120_top8_s0.5_w1.5-8_f0_20260704_055013,
td120_lb120_top8_s0.5_w1.5-8,1,2025-04-05,2025-08-03,2025-08-03,2025-11-01,"TAOUSDT,1000PEPEUSDT,DOTUSDT,LINKUSDT,XLMUSDT,SOLUSDT,ATOMUSDT,AVAXUSDT",ok,41,-7.93,0.287,0.073,7.9335,backtest_runs/portfolio_20260704_095740_ars1_dynamic_range_picker_td120_lb120_top8_s0.5_w1.5-8_f1_20260704_055013,
td120_lb120_top8_s0.5_w1.5-8,2,2025-07-04,2025-11-01,2025-11-01,2026-01-30,"BTCUSDT,TAOUSDT,SOLUSDT,1000PEPEUSDT,LTCUSDT,ADAUSDT,ETHUSDT,SUIUSDT",ok,41,2.85,1.327,0.317,3.542,backtest_runs/portfolio_20260704_095758_ars1_dynamic_range_picker_td120_lb120_top8_s0.5_w1.5-8_f2_20260704_055013,
td120_lb120_top8_s0.5_w1.5-8,3,2025-10-02,2026-01-30,2026-01-30,2026-04-30,"XRPUSDT,1000PEPEUSDT,LINKUSDT,HYPEUSDT",ok,25,1.15,1.171,0.16,3.3837,backtest_runs/portfolio_20260704_095814_ars1_dynamic_range_picker_td120_lb120_top8_s0.5_w1.5-8_f3_20260704_055013,
td120_lb120_top8_s0.5_w1.5-12,0,2025-01-05,2025-05-05,2025-05-05,2025-08-03,"1000PEPEUSDT,DOGEUSDT",ok,33,-5.9,0.26,0.152,6.7002,backtest_runs/portfolio_20260704_095820_ars1_dynamic_range_picker_td120_lb120_top8_s0.5_w1.5-12_f0_20260704_055013,
td120_lb120_top8_s0.5_w1.5-12,1,2025-04-05,2025-08-03,2025-08-03,2025-11-01,"TAOUSDT,1000PEPEUSDT,DOTUSDT,LINKUSDT,XLMUSDT,SOLUSDT,ATOMUSDT,AVAXUSDT",ok,41,-7.93,0.287,0.073,7.9335,backtest_runs/portfolio_20260704_095827_ars1_dynamic_range_picker_td120_lb120_top8_s0.5_w1.5-12_f1_20260704_055013,
td120_lb120_top8_s0.5_w1.5-12,2,2025-07-04,2025-11-01,2025-11-01,2026-01-30,"BTCUSDT,TAOUSDT,SOLUSDT,1000PEPEUSDT,LTCUSDT,ADAUSDT,ETHUSDT,SUIUSDT",ok,41,2.85,1.327,0.317,3.542,backtest_runs/portfolio_20260704_095845_ars1_dynamic_range_picker_td120_lb120_top8_s0.5_w1.5-12_f2_20260704_055013,
td120_lb120_top8_s0.5_w1.5-12,3,2025-10-02,2026-01-30,2026-01-30,2026-04-30,"XRPUSDT,1000PEPEUSDT,LINKUSDT,HYPEUSDT",ok,25,1.15,1.171,0.16,3.3837,backtest_runs/portfolio_20260704_095900_ars1_dynamic_range_picker_td120_lb120_top8_s0.5_w1.5-12_f3_20260704_055013,
td120_lb120_top8_s0.5_w2-8,0,2025-01-05,2025-05-05,2025-05-05,2025-08-03,"1000PEPEUSDT,DOGEUSDT",ok,33,-5.9,0.26,0.152,6.7002,backtest_runs/portfolio_20260704_095906_ars1_dynamic_range_picker_td120_lb120_top8_s0.5_w2-8_f0_20260704_055013,
td120_lb120_top8_s0.5_w2-8,1,2025-04-05,2025-08-03,2025-08-03,2025-11-01,"TAOUSDT,1000PEPEUSDT,DOTUSDT,LINKUSDT,XLMUSDT,SOLUSDT,ATOMUSDT,AVAXUSDT",ok,41,-7.93,0.287,0.073,7.9335,backtest_runs/portfolio_20260704_095913_ars1_dynamic_range_picker_td120_lb120_top8_s0.5_w2-8_f1_20260704_055013,
td120_lb120_top8_s0.5_w2-8,2,2025-07-04,2025-11-01,2025-11-01,2026-01-30,"BTCUSDT,TAOUSDT,1000PEPEUSDT,LTCUSDT,ETHUSDT,SUIUSDT,DOGEUSDT,XRPUSDT",ok,33,3.2,1.473,0.333,2.6219,backtest_runs/portfolio_20260704_095930_ars1_dynamic_range_picker_td120_lb120_top8_s0.5_w2-8_f2_20260704_055013,
td120_lb120_top8_s0.5_w2-8,3,2025-10-02,2026-01-30,2026-01-30,2026-04-30,"XRPUSDT,LINKUSDT,HYPEUSDT",ok,18,-0.26,0.945,0.167,2.5012,backtest_runs/portfolio_20260704_095945_ars1_dynamic_range_picker_td120_lb120_top8_s0.5_w2-8_f3_20260704_055013,
td120_lb120_top8_s0.5_w2-12,0,2025-01-05,2025-05-05,2025-05-05,2025-08-03,"1000PEPEUSDT,DOGEUSDT",ok,33,-5.9,0.26,0.152,6.7002,backtest_runs/portfolio_20260704_095950_ars1_dynamic_range_picker_td120_lb120_top8_s0.5_w2-12_f0_20260704_055013,
td120_lb120_top8_s0.5_w2-12,1,2025-04-05,2025-08-03,2025-08-03,2025-11-01,"TAOUSDT,1000PEPEUSDT,DOTUSDT,LINKUSDT,XLMUSDT,SOLUSDT,ATOMUSDT,AVAXUSDT",ok,41,-7.93,0.287,0.073,7.9335,backtest_runs/portfolio_20260704_095957_ars1_dynamic_range_picker_td120_lb120_top8_s0.5_w2-12_f1_20260704_055013,
td120_lb120_top8_s0.5_w2-12,2,2025-07-04,2025-11-01,2025-11-01,2026-01-30,"BTCUSDT,TAOUSDT,1000PEPEUSDT,LTCUSDT,ETHUSDT,SUIUSDT,DOGEUSDT,XRPUSDT",ok,33,3.2,1.473,0.333,2.6219,backtest_runs/portfolio_20260704_100015_ars1_dynamic_range_picker_td120_lb120_top8_s0.5_w2-12_f2_20260704_055013,
td120_lb120_top8_s0.5_w2-12,3,2025-10-02,2026-01-30,2026-01-30,2026-04-30,"XRPUSDT,LINKUSDT,HYPEUSDT",ok,18,-0.26,0.945,0.167,2.5012,backtest_runs/portfolio_20260704_100030_ars1_dynamic_range_picker_td120_lb120_top8_s0.5_w2-12_f3_20260704_055013,
td120_lb120_top8_s0.6_w1.5-8,0,2025-01-05,2025-05-05,2025-05-05,2025-08-03,1000PEPEUSDT,ok,22,-2.78,0.427,0.227,3.8566,backtest_runs/portfolio_20260704_100035_ars1_dynamic_range_picker_td120_lb120_top8_s0.6_w1.5-8_f0_20260704_055013,
td120_lb120_top8_s0.6_w1.5-8,1,2025-04-05,2025-08-03,2025-08-03,2025-11-01,"TAOUSDT,1000PEPEUSDT,DOTUSDT,LINKUSDT,XLMUSDT,SOLUSDT,ATOMUSDT,AVAXUSDT",ok,41,-7.93,0.287,0.073,7.9335,backtest_runs/portfolio_20260704_100040_ars1_dynamic_range_picker_td120_lb120_top8_s0.6_w1.5-8_f1_20260704_055013,
td120_lb120_top8_s0.6_w1.5-8,2,2025-07-04,2025-11-01,2025-11-01,2026-01-30,"BTCUSDT,TAOUSDT,SOLUSDT,1000PEPEUSDT,LTCUSDT,ADAUSDT,ETHUSDT,SUIUSDT",ok,41,2.85,1.327,0.317,3.542,backtest_runs/portfolio_20260704_100059_ars1_dynamic_range_picker_td120_lb120_top8_s0.6_w1.5-8_f2_20260704_055013,
td120_lb120_top8_s0.6_w1.5-8,3,2025-10-02,2026-01-30,2026-01-30,2026-04-30,"XRPUSDT,1000PEPEUSDT",ok,12,1.07,1.326,0.167,1.8754,backtest_runs/portfolio_20260704_100113_ars1_dynamic_range_picker_td120_lb120_top8_s0.6_w1.5-8_f3_20260704_055013,
td120_lb120_top8_s0.6_w1.5-12,0,2025-01-05,2025-05-05,2025-05-05,2025-08-03,1000PEPEUSDT,ok,22,-2.78,0.427,0.227,3.8566,backtest_runs/portfolio_20260704_100116_ars1_dynamic_range_picker_td120_lb120_top8_s0.6_w1.5-12_f0_20260704_055013,
td120_lb120_top8_s0.6_w1.5-12,1,2025-04-05,2025-08-03,2025-08-03,2025-11-01,"TAOUSDT,1000PEPEUSDT,DOTUSDT,LINKUSDT,XLMUSDT,SOLUSDT,ATOMUSDT,AVAXUSDT",ok,41,-7.93,0.287,0.073,7.9335,backtest_runs/portfolio_20260704_100122_ars1_dynamic_range_picker_td120_lb120_top8_s0.6_w1.5-12_f1_20260704_055013,
td120_lb120_top8_s0.6_w1.5-12,2,2025-07-04,2025-11-01,2025-11-01,2026-01-30,"BTCUSDT,TAOUSDT,SOLUSDT,1000PEPEUSDT,LTCUSDT,ADAUSDT,ETHUSDT,SUIUSDT",ok,41,2.85,1.327,0.317,3.542,backtest_runs/portfolio_20260704_100141_ars1_dynamic_range_picker_td120_lb120_top8_s0.6_w1.5-12_f2_20260704_055013,
td120_lb120_top8_s0.6_w1.5-12,3,2025-10-02,2026-01-30,2026-01-30,2026-04-30,"XRPUSDT,1000PEPEUSDT",ok,12,1.07,1.326,0.167,1.8754,backtest_runs/portfolio_20260704_100155_ars1_dynamic_range_picker_td120_lb120_top8_s0.6_w1.5-12_f3_20260704_055013,
td120_lb120_top8_s0.6_w2-8,0,2025-01-05,2025-05-05,2025-05-05,2025-08-03,1000PEPEUSDT,ok,22,-2.78,0.427,0.227,3.8566,backtest_runs/portfolio_20260704_100159_ars1_dynamic_range_picker_td120_lb120_top8_s0.6_w2-8_f0_20260704_055013,
td120_lb120_top8_s0.6_w2-8,1,2025-04-05,2025-08-03,2025-08-03,2025-11-01,"TAOUSDT,1000PEPEUSDT,DOTUSDT,LINKUSDT,XLMUSDT,SOLUSDT,ATOMUSDT,AVAXUSDT",ok,41,-7.93,0.287,0.073,7.9335,backtest_runs/portfolio_20260704_100204_ars1_dynamic_range_picker_td120_lb120_top8_s0.6_w2-8_f1_20260704_055013,
td120_lb120_top8_s0.6_w2-8,2,2025-07-04,2025-11-01,2025-11-01,2026-01-30,"BTCUSDT,TAOUSDT,1000PEPEUSDT,LTCUSDT,ETHUSDT,SUIUSDT,DOGEUSDT,XRPUSDT",ok,33,3.2,1.473,0.333,2.6219,backtest_runs/portfolio_20260704_100223_ars1_dynamic_range_picker_td120_lb120_top8_s0.6_w2-8_f2_20260704_055013,
td120_lb120_top8_s0.6_w2-8,3,2025-10-02,2026-01-30,2026-01-30,2026-04-30,XRPUSDT,ok,4,-0.09,0.919,0.25,1.1295,backtest_runs/portfolio_20260704_100236_ars1_dynamic_range_picker_td120_lb120_top8_s0.6_w2-8_f3_20260704_055013,
td120_lb120_top8_s0.6_w2-12,0,2025-01-05,2025-05-05,2025-05-05,2025-08-03,1000PEPEUSDT,ok,22,-2.78,0.427,0.227,3.8566,backtest_runs/portfolio_20260704_100239_ars1_dynamic_range_picker_td120_lb120_top8_s0.6_w2-12_f0_20260704_055013,
td120_lb120_top8_s0.6_w2-12,1,2025-04-05,2025-08-03,2025-08-03,2025-11-01,"TAOUSDT,1000PEPEUSDT,DOTUSDT,LINKUSDT,XLMUSDT,SOLUSDT,ATOMUSDT,AVAXUSDT",ok,41,-7.93,0.287,0.073,7.9335,backtest_runs/portfolio_20260704_100244_ars1_dynamic_range_picker_td120_lb120_top8_s0.6_w2-12_f1_20260704_055013,
td120_lb120_top8_s0.6_w2-12,2,2025-07-04,2025-11-01,2025-11-01,2026-01-30,"BTCUSDT,TAOUSDT,1000PEPEUSDT,LTCUSDT,ETHUSDT,SUIUSDT,DOGEUSDT,XRPUSDT",ok,33,3.2,1.473,0.333,2.6219,backtest_runs/portfolio_20260704_100302_ars1_dynamic_range_picker_td120_lb120_top8_s0.6_w2-12_f2_20260704_055013,
td120_lb120_top8_s0.6_w2-12,3,2025-10-02,2026-01-30,2026-01-30,2026-04-30,XRPUSDT,ok,4,-0.09,0.919,0.25,1.1295,backtest_runs/portfolio_20260704_100316_ars1_dynamic_range_picker_td120_lb120_top8_s0.6_w2-12_f3_20260704_055013,
