trades,net_r,pf,win_rate,avg_r,tag,month
52,-37.3826,0.2098188712906028,0.3269,-0.7189,bos_long_rr1.0_sl0.8_h12_b0.1_cd0,2026-04
112,-44.5638,0.42716517214429683,0.4732,-0.3979,bos_long_rr1.0_sl0.8_h12_b0.1_cd0,2026-05
106,-51.0485,0.34130032813368966,0.4623,-0.4816,bos_long_rr1.0_sl0.8_h12_b0.1_cd0,2026-06
1,-1.4682,0.0,0.0,-1.4682,bos_long_rr1.0_sl0.8_h12_b0.1_cd0,2026-07
25,-19.805,0.1626642539446314,0.28,-0.7922,bos_long_rr1.0_sl0.8_h12_b0.1_cd10,2026-04
52,-25.9523,0.338219956701236,0.4231,-0.4991,bos_long_rr1.0_sl0.8_h12_b0.1_cd10,2026-05
54,-20.3321,0.4226098858970063,0.4815,-0.3765,bos_long_rr1.0_sl0.8_h12_b0.1_cd10,2026-06
1,-1.4682,0.0,0.0,-1.4682,bos_long_rr1.0_sl0.8_h12_b0.1_cd10,2026-07
20,-10.9856,0.27782379468570456,0.4,-0.5493,bos_long_rr1.0_sl0.8_h12_b0.1_cd20,2026-04
43,-13.4407,0.49874506323165796,0.5116,-0.3126,bos_long_rr1.0_sl0.8_h12_b0.1_cd20,2026-05
43,-14.3913,0.45232332458043156,0.4884,-0.3347,bos_long_rr1.0_sl0.8_h12_b0.1_cd20,2026-06
30,-24.7979,0.145053300787445,0.2667,-0.8266,bos_long_rr1.0_sl0.8_h12_b0.1_cd5,2026-04
64,-28.8081,0.3809901373041965,0.4531,-0.4501,bos_long_rr1.0_sl0.8_h12_b0.1_cd5,2026-05
62,-25.3043,0.3961853992373662,0.4839,-0.4081,bos_long_rr1.0_sl0.8_h12_b0.1_cd5,2026-06
1,-1.4682,0.0,0.0,-1.4682,bos_long_rr1.0_sl0.8_h12_b0.1_cd5,2026-07
49,-35.1472,0.21070738827756566,0.3265,-0.7173,bos_long_rr1.0_sl0.8_h12_b0.2_cd0,2026-04
106,-42.1484,0.42517749937946814,0.4717,-0.3976,bos_long_rr1.0_sl0.8_h12_b0.2_cd0,2026-05
97,-47.9834,0.33287081579196165,0.4639,-0.4947,bos_long_rr1.0_sl0.8_h12_b0.2_cd0,2026-06
1,-1.4682,0.0,0.0,-1.4682,bos_long_rr1.0_sl0.8_h12_b0.2_cd0,2026-07
23,-19.1811,0.14132035688224945,0.2609,-0.834,bos_long_rr1.0_sl0.8_h12_b0.2_cd10,2026-04
50,-23.0581,0.3648116315714081,0.44,-0.4612,bos_long_rr1.0_sl0.8_h12_b0.2_cd10,2026-05
49,-18.3667,0.4142356426865167,0.4898,-0.3748,bos_long_rr1.0_sl0.8_h12_b0.2_cd10,2026-06
1,-1.4682,0.0,0.0,-1.4682,bos_long_rr1.0_sl0.8_h12_b0.2_cd10,2026-07
19,-9.6073,0.3056101650813843,0.4211,-0.5056,bos_long_rr1.0_sl0.8_h12_b0.2_cd20,2026-04
41,-12.3557,0.5123552047360632,0.5122,-0.3014,bos_long_rr1.0_sl0.8_h12_b0.2_cd20,2026-05
39,-11.1523,0.5115367432570933,0.5385,-0.286,bos_long_rr1.0_sl0.8_h12_b0.2_cd20,2026-06
1,-1.4682,0.0,0.0,-1.4682,bos_long_rr1.0_sl0.8_h12_b0.2_cd20,2026-07
28,-19.8947,0.20489261192419286,0.3214,-0.7105,bos_long_rr1.0_sl0.8_h12_b0.2_cd5,2026-04
60,-29.1266,0.34949984031517095,0.4333,-0.4854,bos_long_rr1.0_sl0.8_h12_b0.2_cd5,2026-05
56,-22.482,0.3951036815213619,0.5,-0.4015,bos_long_rr1.0_sl0.8_h12_b0.2_cd5,2026-06
1,-1.4682,0.0,0.0,-1.4682,bos_long_rr1.0_sl0.8_h12_b0.2_cd5,2026-07
52,-36.6897,0.2129376179852411,0.3269,-0.7056,bos_long_rr1.0_sl0.8_h6_b0.1_cd0,2026-04
114,-43.2773,0.42746033446975257,0.4649,-0.3796,bos_long_rr1.0_sl0.8_h6_b0.1_cd0,2026-05
106,-49.2491,0.3454347057525711,0.4717,-0.4646,bos_long_rr1.0_sl0.8_h6_b0.1_cd0,2026-06
2,-0.8317,0.4335240430459065,0.5,-0.4158,bos_long_rr1.0_sl0.8_h6_b0.1_cd0,2026-07
25,-20.0212,0.16119085325490393,0.28,-0.8008,bos_long_rr1.0_sl0.8_h6_b0.1_cd10,2026-04
53,-29.6003,0.2937174898592221,0.3962,-0.5585,bos_long_rr1.0_sl0.8_h6_b0.1_cd10,2026-05
55,-18.5177,0.4554434481886541,0.5091,-0.3367,bos_long_rr1.0_sl0.8_h6_b0.1_cd10,2026-06
2,-0.8317,0.4335240430459065,0.5,-0.4158,bos_long_rr1.0_sl0.8_h6_b0.1_cd10,2026-07
20,-11.2018,0.27393051594503504,0.4,-0.5601,bos_long_rr1.0_sl0.8_h6_b0.1_cd20,2026-04
43,-15.4569,0.447243351106629,0.4884,-0.3595,bos_long_rr1.0_sl0.8_h6_b0.1_cd20,2026-05
44,-10.5087,0.5594335232489404,0.5682,-0.2388,bos_long_rr1.0_sl0.8_h6_b0.1_cd20,2026-06
2,-0.8317,0.4335240430459065,0.5,-0.4158,bos_long_rr1.0_sl0.8_h6_b0.1_cd20,2026-07
30,-25.0141,0.14398009677838844,0.2667,-0.8338,bos_long_rr1.0_sl0.8_h6_b0.1_cd5,2026-04
64,-28.7057,0.3673591276138087,0.4375,-0.4485,bos_long_rr1.0_sl0.8_h6_b0.1_cd5,2026-05
62,-23.7364,0.4200718789931078,0.5161,-0.3828,bos_long_rr1.0_sl0.8_h6_b0.1_cd5,2026-06
2,-0.8317,0.4335240430459065,0.5,-0.4158,bos_long_rr1.0_sl0.8_h6_b0.1_cd5,2026-07
49,-35.3624,0.1990160525677993,0.3061,-0.7217,bos_long_rr1.0_sl0.8_h6_b0.2_cd0,2026-04
108,-42.1301,0.4187853428854832,0.463,-0.3901,bos_long_rr1.0_sl0.8_h6_b0.2_cd0,2026-05
97,-46.509,0.33549743037289237,0.4742,-0.4795,bos_long_rr1.0_sl0.8_h6_b0.2_cd0,2026-06
2,-0.8377,0.429437406347909,0.5,-0.4189,bos_long_rr1.0_sl0.8_h6_b0.2_cd0,2026-07
24,-21.6178,0.10589334976693784,0.2083,-0.9007,bos_long_rr1.0_sl0.8_h6_b0.2_cd10,2026-04
51,-26.1845,0.31426364100616744,0.4118,-0.5134,bos_long_rr1.0_sl0.8_h6_b0.2_cd10,2026-05
49,-16.0734,0.4582152186736328,0.5306,-0.328,bos_long_rr1.0_sl0.8_h6_b0.2_cd10,2026-06
2,-0.8377,0.429437406347909,0.5,-0.4189,bos_long_rr1.0_sl0.8_h6_b0.2_cd10,2026-07
19,-10.7475,0.2525714047276293,0.3684,-0.5657,bos_long_rr1.0_sl0.8_h6_b0.2_cd20,2026-04
41,-13.8503,0.4605719760553671,0.4878,-0.3378,bos_long_rr1.0_sl0.8_h6_b0.2_cd20,2026-05
39,-10.8224,0.5169886771905865,0.5385,-0.2775,bos_long_rr1.0_sl0.8_h6_b0.2_cd20,2026-06
2,-0.8377,0.429437406347909,0.5,-0.4189,bos_long_rr1.0_sl0.8_h6_b0.2_cd20,2026-07
28,-21.0349,0.17720251436528703,0.2857,-0.7512,bos_long_rr1.0_sl0.8_h6_b0.2_cd5,2026-04
60,-27.6139,0.35113904717147393,0.4333,-0.4602,bos_long_rr1.0_sl0.8_h6_b0.2_cd5,2026-05
56,-20.1887,0.4309692184976507,0.5357,-0.3605,bos_long_rr1.0_sl0.8_h6_b0.2_cd5,2026-06
2,-0.8377,0.429437406347909,0.5,-0.4189,bos_long_rr1.0_sl0.8_h6_b0.2_cd5,2026-07
47,-22.0502,0.35706767202292955,0.4043,-0.4692,bos_long_rr1.0_sl1.0_h12_b0.1_cd0,2026-04
102,-32.1577,0.5050590400906225,0.4608,-0.3153,bos_long_rr1.0_sl1.0_h12_b0.1_cd0,2026-05
98,-34.1852,0.468030674617501,0.4898,-0.3488,bos_long_rr1.0_sl1.0_h12_b0.1_cd0,2026-06
1,-1.3745,0.0,0.0,-1.3745,bos_long_rr1.0_sl1.0_h12_b0.1_cd0,2026-07
24,-12.4689,0.31768858245095627,0.375,-0.5195,bos_long_rr1.0_sl1.0_h12_b0.1_cd10,2026-04
51,-15.6732,0.5123611586447218,0.4706,-0.3073,bos_long_rr1.0_sl1.0_h12_b0.1_cd10,2026-05
53,-14.2061,0.5541505821799579,0.5094,-0.268,bos_long_rr1.0_sl1.0_h12_b0.1_cd10,2026-06
1,-1.3745,0.0,0.0,-1.3745,bos_long_rr1.0_sl1.0_h12_b0.1_cd10,2026-07
20,-7.3884,0.43665365377577164,0.45,-0.3694,bos_long_rr1.0_sl1.0_h12_b0.1_cd20,2026-04
41,-5.986,0.7196069063076735,0.5366,-0.146,bos_long_rr1.0_sl1.0_h12_b0.1_cd20,2026-05
42,-9.2493,0.6116268816527052,0.5238,-0.2202,bos_long_rr1.0_sl1.0_h12_b0.1_cd20,2026-06
30,-16.5039,0.29603183743457845,0.3667,-0.5501,bos_long_rr1.0_sl1.0_h12_b0.1_cd5,2026-04
61,-18.8262,0.5141061542630757,0.4754,-0.3086,bos_long_rr1.0_sl1.0_h12_b0.1_cd5,2026-05
58,-11.3676,0.6430255964175693,0.5517,-0.196,bos_long_rr1.0_sl1.0_h12_b0.1_cd5,2026-06
1,-1.3745,0.0,0.0,-1.3745,bos_long_rr1.0_sl1.0_h12_b0.1_cd5,2026-07
46,-22.8426,0.3348978730218813,0.3913,-0.4966,bos_long_rr1.0_sl1.0_h12_b0.2_cd0,2026-04
98,-32.3933,0.49093952084986686,0.4592,-0.3305,bos_long_rr1.0_sl1.0_h12_b0.2_cd0,2026-05
87,-30.8977,0.46464950991858256,0.4943,-0.3551,bos_long_rr1.0_sl1.0_h12_b0.2_cd0,2026-06
1,-1.3745,0.0,0.0,-1.3745,bos_long_rr1.0_sl1.0_h12_b0.2_cd0,2026-07
22,-9.9642,0.36854712987490335,0.4091,-0.4529,bos_long_rr1.0_sl1.0_h12_b0.2_cd10,2026-04
48,-10.99,0.599508769628261,0.5,-0.229,bos_long_rr1.0_sl1.0_h12_b0.2_cd10,2026-05
48,-15.8889,0.4870196327852339,0.5,-0.331,bos_long_rr1.0_sl1.0_h12_b0.2_cd10,2026-06
19,-8.0859,0.3812679343459463,0.4211,-0.4256,bos_long_rr1.0_sl1.0_h12_b0.2_cd20,2026-04
40,-4.4478,0.7772457968778953,0.55,-0.1112,bos_long_rr1.0_sl1.0_h12_b0.2_cd20,2026-05
38,-6.4246,0.6916571878344588,0.5789,-0.1691,bos_long_rr1.0_sl1.0_h12_b0.2_cd20,2026-06
28,-13.7856,0.34075834596605664,0.3929,-0.4923,bos_long_rr1.0_sl1.0_h12_b0.2_cd5,2026-04
58,-16.3758,0.539472648120859,0.4828,-0.2823,bos_long_rr1.0_sl1.0_h12_b0.2_cd5,2026-05
52,-12.8967,0.5779737556857226,0.5385,-0.248,bos_long_rr1.0_sl1.0_h12_b0.2_cd5,2026-06
49,-21.1214,0.3639626834659327,0.3673,-0.431,bos_long_rr1.0_sl1.0_h6_b0.1_cd0,2026-04
107,-35.273,0.47055662626007916,0.4393,-0.3297,bos_long_rr1.0_sl1.0_h6_b0.1_cd0,2026-05
99,-32.7192,0.4664248777329678,0.4848,-0.3305,bos_long_rr1.0_sl1.0_h6_b0.1_cd0,2026-06
2,-0.6653,0.515969443433976,0.5,-0.3327,bos_long_rr1.0_sl1.0_h6_b0.1_cd0,2026-07
25,-12.3286,0.320461234883644,0.36,-0.4931,bos_long_rr1.0_sl1.0_h6_b0.1_cd10,2026-04
53,-17.8267,0.4665347968686409,0.4717,-0.3364,bos_long_rr1.0_sl1.0_h6_b0.1_cd10,2026-05
54,-12.6023,0.5893892791512988,0.5556,-0.2334,bos_long_rr1.0_sl1.0_h6_b0.1_cd10,2026-06
2,-0.6653,0.515969443433976,0.5,-0.3327,bos_long_rr1.0_sl1.0_h6_b0.1_cd10,2026-07
20,-7.8731,0.38750282011187087,0.4,-0.3937,bos_long_rr1.0_sl1.0_h6_b0.1_cd20,2026-04
41,-7.0925,0.6711060204871849,0.5366,-0.173,bos_long_rr1.0_sl1.0_h6_b0.1_cd20,2026-05
43,-6.2924,0.7107554264385463,0.5814,-0.1463,bos_long_rr1.0_sl1.0_h6_b0.1_cd20,2026-06
2,-0.6653,0.515969443433976,0.5,-0.3327,bos_long_rr1.0_sl1.0_h6_b0.1_cd20,2026-07
30,-16.9886,0.2671957900185481,0.3333,-0.5663,bos_long_rr1.0_sl1.0_h6_b0.1_cd5,2026-04
62,-18.325,0.5073633386920732,0.4677,-0.2956,bos_long_rr1.0_sl1.0_h6_b0.1_cd5,2026-05
58,-11.1101,0.6432301032728768,0.569,-0.1916,bos_long_rr1.0_sl1.0_h6_b0.1_cd5,2026-06
2,-0.6653,0.515969443433976,0.5,-0.3327,bos_long_rr1.0_sl1.0_h6_b0.1_cd5,2026-07
46,-21.5161,0.3336688303644427,0.3478,-0.4677,bos_long_rr1.0_sl1.0_h6_b0.2_cd0,2026-04
102,-35.0945,0.46125989763868974,0.4412,-0.3441,bos_long_rr1.0_sl1.0_h6_b0.2_cd0,2026-05
88,-32.3067,0.4302822427764013,0.4659,-0.3671,bos_long_rr1.0_sl1.0_h6_b0.2_cd0,2026-06
2,-0.6701,0.5124772644598036,0.5,-0.3351,bos_long_rr1.0_sl1.0_h6_b0.2_cd0,2026-07
24,-12.2349,0.29576418987757075,0.3333,-0.5098,bos_long_rr1.0_sl1.0_h6_b0.2_cd10,2026-04
51,-17.4112,0.4635825043209287,0.451,-0.3414,bos_long_rr1.0_sl1.0_h6_b0.2_cd10,2026-05
48,-16.1181,0.4715047822651247,0.5,-0.3358,bos_long_rr1.0_sl1.0_h6_b0.2_cd10,2026-06
1,0.7044,inf,1.0,0.7044,bos_long_rr1.0_sl1.0_h6_b0.2_cd10,2026-07
19,-7.7794,0.35626572222957764,0.3684,-0.4094,bos_long_rr1.0_sl1.0_h6_b0.2_cd20,2026-04
40,-6.6412,0.681110150773072,0.525,-0.166,bos_long_rr1.0_sl1.0_h6_b0.2_cd20,2026-05
38,-8.4838,0.6009764173572766,0.5263,-0.2233,bos_long_rr1.0_sl1.0_h6_b0.2_cd20,2026-06
1,0.7044,inf,1.0,0.7044,bos_long_rr1.0_sl1.0_h6_b0.2_cd20,2026-07
28,-13.4791,0.3235964190369136,0.3571,-0.4814,bos_long_rr1.0_sl1.0_h6_b0.2_cd5,2026-04
59,-16.7862,0.5230529249810342,0.4746,-0.2845,bos_long_rr1.0_sl1.0_h6_b0.2_cd5,2026-05
53,-13.6794,0.5464675633829434,0.5283,-0.2581,bos_long_rr1.0_sl1.0_h6_b0.2_cd5,2026-06
2,-0.6701,0.5124772644598036,0.5,-0.3351,bos_long_rr1.0_sl1.0_h6_b0.2_cd5,2026-07
46,-33.6246,0.26948462477676927,0.2609,-0.731,bos_long_rr1.5_sl0.8_h12_b0.1_cd0,2026-04
99,-50.4915,0.4183509489387438,0.3232,-0.51,bos_long_rr1.5_sl0.8_h12_b0.1_cd0,2026-05
94,-41.9289,0.47019332827899923,0.3936,-0.4461,bos_long_rr1.5_sl0.8_h12_b0.1_cd0,2026-06
1,-1.4682,0.0,0.0,-1.4682,bos_long_rr1.5_sl0.8_h12_b0.1_cd0,2026-07
24,-15.1711,0.31529396897608447,0.2917,-0.6321,bos_long_rr1.5_sl0.8_h12_b0.1_cd10,2026-04
52,-25.2044,0.4302030112583081,0.3269,-0.4847,bos_long_rr1.5_sl0.8_h12_b0.1_cd10,2026-05
53,-18.2582,0.5607218729624844,0.4151,-0.3445,bos_long_rr1.5_sl0.8_h12_b0.1_cd10,2026-06
20,-9.8578,0.40416812736481994,0.35,-0.4929,bos_long_rr1.5_sl0.8_h12_b0.1_cd20,2026-04
40,-11.1628,0.6205349251458331,0.4,-0.2791,bos_long_rr1.5_sl0.8_h12_b0.1_cd20,2026-05
41,-15.6363,0.514997084331071,0.3902,-0.3814,bos_long_rr1.5_sl0.8_h12_b0.1_cd20,2026-06
29,-19.7276,0.28171855088294195,0.2759,-0.6803,bos_long_rr1.5_sl0.8_h12_b0.1_cd5,2026-04
63,-32.9545,0.40560619888821153,0.3175,-0.5231,bos_long_rr1.5_sl0.8_h12_b0.1_cd5,2026-05
60,-23.8831,0.5109990458757673,0.4,-0.3981,bos_long_rr1.5_sl0.8_h12_b0.1_cd5,2026-06
43,-31.7655,0.26342577563418823,0.2558,-0.7387,bos_long_rr1.5_sl0.8_h12_b0.2_cd0,2026-04
95,-44.9395,0.4468453586928961,0.3368,-0.473,bos_long_rr1.5_sl0.8_h12_b0.2_cd0,2026-05
85,-40.4876,0.4479254730205135,0.3882,-0.4763,bos_long_rr1.5_sl0.8_h12_b0.2_cd0,2026-06
1,-1.4682,0.0,0.0,-1.4682,bos_long_rr1.5_sl0.8_h12_b0.2_cd0,2026-07
22,-15.0472,0.27805552090430175,0.2727,-0.684,bos_long_rr1.5_sl0.8_h12_b0.2_cd10,2026-04
49,-20.6262,0.47984304152439367,0.3469,-0.4209,bos_long_rr1.5_sl0.8_h12_b0.2_cd10,2026-05
49,-15.3772,0.5909742596695811,0.449,-0.3138,bos_long_rr1.5_sl0.8_h12_b0.2_cd10,2026-06
19,-8.4795,0.44097597637193114,0.3684,-0.4463,bos_long_rr1.5_sl0.8_h12_b0.2_cd20,2026-04
38,-10.5778,0.6214182945248133,0.3947,-0.2784,bos_long_rr1.5_sl0.8_h12_b0.2_cd20,2026-05
38,-11.411,0.6067586102323401,0.4474,-0.3003,bos_long_rr1.5_sl0.8_h12_b0.2_cd20,2026-06
1,-1.4682,0.0,0.0,-1.4682,bos_long_rr1.5_sl0.8_h12_b0.2_cd20,2026-07
28,-15.8456,0.36623684126323874,0.3214,-0.5659,bos_long_rr1.5_sl0.8_h12_b0.2_cd5,2026-04
59,-27.377,0.4508278604011121,0.339,-0.464,bos_long_rr1.5_sl0.8_h12_b0.2_cd5,2026-05
53,-18.478,0.5582332197716813,0.434,-0.3486,bos_long_rr1.5_sl0.8_h12_b0.2_cd5,2026-06
46,-33.4911,0.2565727553629777,0.2609,-0.7281,bos_long_rr1.5_sl0.8_h6_b0.1_cd0,2026-04
101,-48.3292,0.4176496176040698,0.3465,-0.4785,bos_long_rr1.5_sl0.8_h6_b0.1_cd0,2026-05
94,-36.3226,0.49983407026332566,0.4149,-0.3864,bos_long_rr1.5_sl0.8_h6_b0.1_cd0,2026-06
2,-0.3317,0.774077101212369,0.5,-0.1658,bos_long_rr1.5_sl0.8_h6_b0.1_cd0,2026-07
24,-16.2328,0.2744566067589493,0.2917,-0.6764,bos_long_rr1.5_sl0.8_h6_b0.1_cd10,2026-04
53,-25.6646,0.4161244528569739,0.3585,-0.4842,bos_long_rr1.5_sl0.8_h6_b0.1_cd10,2026-05
54,-16.1584,0.5945306403085485,0.463,-0.2992,bos_long_rr1.5_sl0.8_h6_b0.1_cd10,2026-06
1,1.1365,inf,1.0,1.1365,bos_long_rr1.5_sl0.8_h6_b0.1_cd10,2026-07
20,-10.9195,0.3485096176793471,0.35,-0.546,bos_long_rr1.5_sl0.8_h6_b0.1_cd20,2026-04
41,-11.4353,0.606368843543035,0.439,-0.2789,bos_long_rr1.5_sl0.8_h6_b0.1_cd20,2026-05
42,-9.4073,0.669558711435988,0.4762,-0.224,bos_long_rr1.5_sl0.8_h6_b0.1_cd20,2026-06
2,-0.3317,0.774077101212369,0.5,-0.1658,bos_long_rr1.5_sl0.8_h6_b0.1_cd20,2026-07
29,-20.7893,0.2489740329176481,0.2759,-0.7169,bos_long_rr1.5_sl0.8_h6_b0.1_cd5,2026-04
63,-30.5826,0.41453245067596806,0.3492,-0.4854,bos_long_rr1.5_sl0.8_h6_b0.1_cd5,2026-05
60,-23.5926,0.501623400628236,0.4167,-0.3932,bos_long_rr1.5_sl0.8_h6_b0.1_cd5,2026-06
2,-0.3317,0.774077101212369,0.5,-0.1658,bos_long_rr1.5_sl0.8_h6_b0.1_cd5,2026-07
44,-33.9683,0.2279177283234498,0.2273,-0.772,bos_long_rr1.5_sl0.8_h6_b0.2_cd0,2026-04
97,-44.0454,0.44100282256426915,0.3608,-0.4541,bos_long_rr1.5_sl0.8_h6_b0.2_cd0,2026-05
86,-37.5547,0.44789387951920595,0.3953,-0.4367,bos_long_rr1.5_sl0.8_h6_b0.2_cd0,2026-06
2,-0.3377,0.7699904645143714,0.5,-0.1688,bos_long_rr1.5_sl0.8_h6_b0.2_cd0,2026-07
23,-18.2205,0.1967261537376338,0.2174,-0.7922,bos_long_rr1.5_sl0.8_h6_b0.2_cd10,2026-04
51,-22.7175,0.4353108741961864,0.3725,-0.4454,bos_long_rr1.5_sl0.8_h6_b0.2_cd10,2026-05
49,-15.4119,0.5724949238297069,0.4694,-0.3145,bos_long_rr1.5_sl0.8_h6_b0.2_cd10,2026-06
1,1.1305,inf,1.0,1.1305,bos_long_rr1.5_sl0.8_h6_b0.2_cd10,2026-07
19,-10.3563,0.340871048427645,0.3158,-0.5451,bos_long_rr1.5_sl0.8_h6_b0.2_cd20,2026-04
39,-10.8287,0.5953914674518185,0.4359,-0.2777,bos_long_rr1.5_sl0.8_h6_b0.2_cd20,2026-05
38,-8.7604,0.6581213925843827,0.4737,-0.2305,bos_long_rr1.5_sl0.8_h6_b0.2_cd20,2026-06
2,-0.3377,0.7699904645143714,0.5,-0.1688,bos_long_rr1.5_sl0.8_h6_b0.2_cd20,2026-07
28,-17.7224,0.30625809810499455,0.2857,-0.6329,bos_long_rr1.5_sl0.8_h6_b0.2_cd5,2026-04
59,-23.5948,0.4824771121122658,0.3898,-0.3999,bos_long_rr1.5_sl0.8_h6_b0.2_cd5,2026-05
53,-19.5755,0.5137512357730847,0.434,-0.3693,bos_long_rr1.5_sl0.8_h6_b0.2_cd5,2026-06
2,-0.3377,0.7699904645143714,0.5,-0.1688,bos_long_rr1.5_sl0.8_h6_b0.2_cd5,2026-07
43,-25.167,0.34911135479599437,0.3023,-0.5853,bos_long_rr1.5_sl1.0_h12_b0.1_cd0,2026-04
91,-31.1188,0.5507964576221032,0.3626,-0.342,bos_long_rr1.5_sl1.0_h12_b0.1_cd0,2026-05
79,-33.6654,0.46789802856704815,0.3671,-0.4261,bos_long_rr1.5_sl1.0_h12_b0.1_cd0,2026-06
1,-1.3745,0.0,0.0,-1.3745,bos_long_rr1.5_sl1.0_h12_b0.1_cd0,2026-07
23,-8.6126,0.4998344899677691,0.3478,-0.3745,bos_long_rr1.5_sl1.0_h12_b0.1_cd10,2026-04
50,-10.2483,0.6973501191604725,0.42,-0.205,bos_long_rr1.5_sl1.0_h12_b0.1_cd10,2026-05
51,-14.6646,0.5996778772657786,0.4118,-0.2875,bos_long_rr1.5_sl1.0_h12_b0.1_cd10,2026-06
20,-8.4863,0.4623615721851955,0.35,-0.4243,bos_long_rr1.5_sl1.0_h12_b0.1_cd20,2026-04
39,-3.0486,0.8669169485976208,0.4615,-0.0782,bos_long_rr1.5_sl1.0_h12_b0.1_cd20,2026-05
40,-17.0179,0.4629222277276156,0.35,-0.4254,bos_long_rr1.5_sl1.0_h12_b0.1_cd20,2026-06
28,-11.3283,0.48686391926293004,0.3571,-0.4046,bos_long_rr1.5_sl1.0_h12_b0.1_cd5,2026-04
61,-17.3417,0.6140894717282602,0.3934,-0.2843,bos_long_rr1.5_sl1.0_h12_b0.1_cd5,2026-05
57,-15.7776,0.6184626396825358,0.4211,-0.2768,bos_long_rr1.5_sl1.0_h12_b0.1_cd5,2026-06
41,-27.4041,0.2878592978927427,0.2683,-0.6684,bos_long_rr1.5_sl1.0_h12_b0.2_cd0,2026-04
86,-25.6926,0.5947481904317253,0.3837,-0.2988,bos_long_rr1.5_sl1.0_h12_b0.2_cd0,2026-05
73,-35.3507,0.4204803278688525,0.3425,-0.4843,bos_long_rr1.5_sl1.0_h12_b0.2_cd0,2026-06
1,-1.3856,0.0,0.0,-1.3856,bos_long_rr1.5_sl1.0_h12_b0.2_cd0,2026-07
21,-9.6572,0.4351490621106751,0.3333,-0.4599,bos_long_rr1.5_sl1.0_h12_b0.2_cd10,2026-04
48,-5.0133,0.8287719657769352,0.4583,-0.1044,bos_long_rr1.5_sl1.0_h12_b0.2_cd10,2026-05
47,-14.5632,0.5806266756128675,0.4043,-0.3099,bos_long_rr1.5_sl1.0_h12_b0.2_cd10,2026-06
19,-12.1838,0.2858474253392339,0.2632,-0.6413,bos_long_rr1.5_sl1.0_h12_b0.2_cd20,2026-04
38,-7.1378,0.7182632721531478,0.4211,-0.1878,bos_long_rr1.5_sl1.0_h12_b0.2_cd20,2026-05
37,-14.0836,0.5159409928922007,0.3784,-0.3806,bos_long_rr1.5_sl1.0_h12_b0.2_cd20,2026-06
27,-13.7622,0.38276964752631554,0.3333,-0.5097,bos_long_rr1.5_sl1.0_h12_b0.2_cd5,2026-04
58,-13.3777,0.6698730841079982,0.4138,-0.2307,bos_long_rr1.5_sl1.0_h12_b0.2_cd5,2026-05
51,-17.4585,0.5447825406758449,0.3922,-0.3423,bos_long_rr1.5_sl1.0_h12_b0.2_cd5,2026-06
44,-24.8336,0.32952652481580175,0.2727,-0.5644,bos_long_rr1.5_sl1.0_h6_b0.1_cd0,2026-04
97,-35.4653,0.49237677018953596,0.3505,-0.3656,bos_long_rr1.5_sl1.0_h6_b0.1_cd0,2026-05
81,-28.3178,0.49132289673878876,0.4198,-0.3496,bos_long_rr1.5_sl1.0_h6_b0.1_cd0,2026-06
2,-0.1653,0.8797380865769371,0.5,-0.0827,bos_long_rr1.5_sl1.0_h6_b0.1_cd0,2026-07
24,-10.498,0.421180025252386,0.3333,-0.4374,bos_long_rr1.5_sl1.0_h6_b0.1_cd10,2026-04
53,-11.1712,0.6701508226151247,0.4528,-0.2108,bos_long_rr1.5_sl1.0_h6_b0.1_cd10,2026-05
52,-9.9057,0.6947377179520366,0.5,-0.1905,bos_long_rr1.5_sl1.0_h6_b0.1_cd10,2026-06
1,1.2092,inf,1.0,1.2092,bos_long_rr1.5_sl1.0_h6_b0.1_cd10,2026-07
20,-10.4474,0.3269858857330593,0.3,-0.5224,bos_long_rr1.5_sl1.0_h6_b0.1_cd20,2026-04
40,-4.9598,0.7845167288667991,0.475,-0.124,bos_long_rr1.5_sl1.0_h6_b0.1_cd20,2026-05
42,-9.6549,0.6501619670848099,0.4762,-0.2299,bos_long_rr1.5_sl1.0_h6_b0.1_cd20,2026-06
2,-0.1653,0.8797380865769371,0.5,-0.0827,bos_long_rr1.5_sl1.0_h6_b0.1_cd20,2026-07
28,-14.4838,0.3364942370769428,0.2857,-0.5173,bos_long_rr1.5_sl1.0_h6_b0.1_cd5,2026-04
62,-15.3357,0.6257157082399801,0.4032,-0.2474,bos_long_rr1.5_sl1.0_h6_b0.1_cd5,2026-05
58,-9.4134,0.7356150417498716,0.5,-0.1623,bos_long_rr1.5_sl1.0_h6_b0.1_cd5,2026-06
2,-0.1653,0.8797380865769371,0.5,-0.0827,bos_long_rr1.5_sl1.0_h6_b0.1_cd5,2026-07
42,-25.5851,0.29450579752105993,0.2381,-0.6092,bos_long_rr1.5_sl1.0_h6_b0.2_cd0,2026-04
92,-30.4646,0.5239154929137255,0.3696,-0.3311,bos_long_rr1.5_sl1.0_h6_b0.2_cd0,2026-05
75,-29.6888,0.4454019177278679,0.3867,-0.3959,bos_long_rr1.5_sl1.0_h6_b0.2_cd0,2026-06
2,-0.1701,0.8762459076027646,0.5,-0.0851,bos_long_rr1.5_sl1.0_h6_b0.2_cd0,2026-07
23,-10.1171,0.4174727653792119,0.3043,-0.4399,bos_long_rr1.5_sl1.0_h6_b0.2_cd10,2026-04
51,-12.0672,0.6333172283654065,0.4314,-0.2366,bos_long_rr1.5_sl1.0_h6_b0.2_cd10,2026-05
47,-14.5751,0.5570740038411981,0.4255,-0.3101,bos_long_rr1.5_sl1.0_h6_b0.2_cd10,2026-06
1,1.2044,inf,1.0,1.2044,bos_long_rr1.5_sl1.0_h6_b0.2_cd10,2026-07
19,-10.0665,0.31771045140300935,0.2632,-0.5298,bos_long_rr1.5_sl1.0_h6_b0.2_cd20,2026-04
39,-8.6139,0.6358421090457126,0.4359,-0.2209,bos_long_rr1.5_sl1.0_h6_b0.2_cd20,2026-05
38,-13.7143,0.5118354358288009,0.3947,-0.3609,bos_long_rr1.5_sl1.0_h6_b0.2_cd20,2026-06
1,1.2044,inf,1.0,1.2044,bos_long_rr1.5_sl1.0_h6_b0.2_cd20,2026-07
27,-13.5639,0.3390202184114732,0.2593,-0.5024,bos_long_rr1.5_sl1.0_h6_b0.2_cd5,2026-04
59,-12.9803,0.6560890438542571,0.4237,-0.22,bos_long_rr1.5_sl1.0_h6_b0.2_cd5,2026-05
52,-12.7007,0.6255270342786042,0.4423,-0.2442,bos_long_rr1.5_sl1.0_h6_b0.2_cd5,2026-06
2,-0.1701,0.8762459076027646,0.5,-0.0851,bos_long_rr1.5_sl1.0_h6_b0.2_cd5,2026-07
45,-29.974,0.35076383910102427,0.2444,-0.6661,bos_long_rr2.0_sl0.8_h12_b0.1_cd0,2026-04
90,-47.114,0.45252628777869575,0.2667,-0.5235,bos_long_rr2.0_sl0.8_h12_b0.1_cd0,2026-05
82,-46.8257,0.41869123375897865,0.2927,-0.571,bos_long_rr2.0_sl0.8_h12_b0.1_cd0,2026-06
1,-1.4682,0.0,0.0,-1.4682,bos_long_rr2.0_sl0.8_h12_b0.1_cd0,2026-07
23,-10.8746,0.478701475508854,0.3043,-0.4728,bos_long_rr2.0_sl0.8_h12_b0.1_cd10,2026-04
50,-16.9611,0.6045275856762466,0.32,-0.3392,bos_long_rr2.0_sl0.8_h12_b0.1_cd10,2026-05
52,-19.2711,0.5699663044205923,0.3462,-0.3706,bos_long_rr2.0_sl0.8_h12_b0.1_cd10,2026-06
20,-9.8578,0.45380702784765237,0.3,-0.4929,bos_long_rr2.0_sl0.8_h12_b0.1_cd20,2026-04
40,-15.1472,0.5574733631521901,0.3,-0.3787,bos_long_rr2.0_sl0.8_h12_b0.1_cd20,2026-05
40,-14.1475,0.585210964093152,0.35,-0.3537,bos_long_rr2.0_sl0.8_h12_b0.1_cd20,2026-06
28,-14.8016,0.43118243619748137,0.2857,-0.5286,bos_long_rr2.0_sl0.8_h12_b0.1_cd5,2026-04
63,-28.9507,0.5035879691151733,0.2857,-0.4595,bos_long_rr2.0_sl0.8_h12_b0.1_cd5,2026-05
59,-27.3688,0.5009454553411389,0.322,-0.4639,bos_long_rr2.0_sl0.8_h12_b0.1_cd5,2026-06
42,-31.5658,0.29256228723058547,0.2143,-0.7516,bos_long_rr2.0_sl0.8_h12_b0.2_cd0,2026-04
84,-42.4517,0.46334658584530586,0.2738,-0.5054,bos_long_rr2.0_sl0.8_h12_b0.2_cd0,2026-05
75,-44.8422,0.4002078571055965,0.2933,-0.5979,bos_long_rr2.0_sl0.8_h12_b0.2_cd0,2026-06
1,-1.4821,0.0,0.0,-1.4821,bos_long_rr2.0_sl0.8_h12_b0.2_cd0,2026-07
22,-15.5472,0.3011269391039328,0.2273,-0.7067,bos_long_rr2.0_sl0.8_h12_b0.2_cd10,2026-04
48,-11.7429,0.6948675574125754,0.3542,-0.2446,bos_long_rr2.0_sl0.8_h12_b0.2_cd10,2026-05
48,-16.7904,0.5947284576393917,0.375,-0.3498,bos_long_rr2.0_sl0.8_h12_b0.2_cd10,2026-06
19,-11.4795,0.36491383364222285,0.2632,-0.6042,bos_long_rr2.0_sl0.8_h12_b0.2_cd20,2026-04
38,-16.9429,0.5004761469539862,0.2895,-0.4459,bos_long_rr2.0_sl0.8_h12_b0.2_cd20,2026-05
37,-15.4222,0.5452368736103985,0.3514,-0.4168,bos_long_rr2.0_sl0.8_h12_b0.2_cd20,2026-06
1,-1.4682,0.0,0.0,-1.4682,bos_long_rr2.0_sl0.8_h12_b0.2_cd20,2026-07
27,-14.9669,0.40042703885011977,0.2963,-0.5543,bos_long_rr2.0_sl0.8_h12_b0.2_cd5,2026-04
59,-27.0477,0.5002882131890789,0.2881,-0.4584,bos_long_rr2.0_sl0.8_h12_b0.2_cd5,2026-05
53,-23.9499,0.5075411292262709,0.3396,-0.4519,bos_long_rr2.0_sl0.8_h12_b0.2_cd5,2026-06
45,-31.5198,0.32023101940114385,0.2444,-0.7004,bos_long_rr2.0_sl0.8_h6_b0.1_cd0,2026-04
95,-43.199,0.4627798552705376,0.3053,-0.4547,bos_long_rr2.0_sl0.8_h6_b0.1_cd0,2026-05
83,-37.023,0.48697731908478187,0.3494,-0.4461,bos_long_rr2.0_sl0.8_h6_b0.1_cd0,2026-06
2,0.1683,1.1146301593788313,0.5,0.0842,bos_long_rr2.0_sl0.8_h6_b0.1_cd0,2026-07
24,-13.7328,0.38619694010271166,0.2917,-0.5722,bos_long_rr2.0_sl0.8_h6_b0.1_cd10,2026-04
52,-17.5868,0.5898390309204297,0.3654,-0.3382,bos_long_rr2.0_sl0.8_h6_b0.1_cd10,2026-05
53,-12.3741,0.6975701199542473,0.434,-0.2335,bos_long_rr2.0_sl0.8_h6_b0.1_cd10,2026-06
1,1.6365,inf,1.0,1.6365,bos_long_rr2.0_sl0.8_h6_b0.1_cd10,2026-07
20,-11.4195,0.3747673068920961,0.3,-0.571,bos_long_rr2.0_sl0.8_h6_b0.1_cd20,2026-04
41,-13.6637,0.5771480385724719,0.3659,-0.3333,bos_long_rr2.0_sl0.8_h6_b0.1_cd20,2026-05
42,-10.0461,0.6910280304847668,0.4286,-0.2392,bos_long_rr2.0_sl0.8_h6_b0.1_cd20,2026-06
2,0.1683,1.1146301593788313,0.5,0.0842,bos_long_rr2.0_sl0.8_h6_b0.1_cd20,2026-07
28,-18.1941,0.3125949266656088,0.25,-0.6498,bos_long_rr2.0_sl0.8_h6_b0.1_cd5,2026-04
63,-26.127,0.5108961194801013,0.3175,-0.4147,bos_long_rr2.0_sl0.8_h6_b0.1_cd5,2026-05
60,-19.2409,0.606233256998549,0.4,-0.3207,bos_long_rr2.0_sl0.8_h6_b0.1_cd5,2026-06
2,0.1683,1.1146301593788313,0.5,0.0842,bos_long_rr2.0_sl0.8_h6_b0.1_cd5,2026-07
43,-32.4638,0.2830638696327181,0.2093,-0.755,bos_long_rr2.0_sl0.8_h6_b0.2_cd0,2026-04
89,-37.7052,0.47820599579024287,0.3258,-0.4237,bos_long_rr2.0_sl0.8_h6_b0.2_cd0,2026-05
76,-36.6452,0.4492392042756058,0.3289,-0.4822,bos_long_rr2.0_sl0.8_h6_b0.2_cd0,2026-06
2,0.1623,1.1105435226808338,0.5,0.0812,bos_long_rr2.0_sl0.8_h6_b0.2_cd0,2026-07
23,-16.2205,0.28489868975611476,0.2174,-0.7052,bos_long_rr2.0_sl0.8_h6_b0.2_cd10,2026-04
50,-17.3848,0.5559698919348289,0.38,-0.3477,bos_long_rr2.0_sl0.8_h6_b0.2_cd10,2026-05
48,-13.8206,0.6376977240435583,0.4167,-0.2879,bos_long_rr2.0_sl0.8_h6_b0.2_cd10,2026-06
1,1.6305,inf,1.0,1.6305,bos_long_rr2.0_sl0.8_h6_b0.2_cd10,2026-07
19,-10.8563,0.36939537747521156,0.2632,-0.5714,bos_long_rr2.0_sl0.8_h6_b0.2_cd20,2026-04
39,-18.3199,0.4183364713278321,0.3333,-0.4697,bos_long_rr2.0_sl0.8_h6_b0.2_cd20,2026-05
38,-11.5922,0.6224198975287691,0.3947,-0.3051,bos_long_rr2.0_sl0.8_h6_b0.2_cd20,2026-06
2,0.1623,1.1105435226808338,0.5,0.0812,bos_long_rr2.0_sl0.8_h6_b0.2_cd20,2026-07
27,-16.383,0.3267085033720056,0.2593,-0.6068,bos_long_rr2.0_sl0.8_h6_b0.2_cd5,2026-04
59,-21.8843,0.5321238217203258,0.3559,-0.3709,bos_long_rr2.0_sl0.8_h6_b0.2_cd5,2026-05
53,-19.5391,0.555008210180624,0.3774,-0.3687,bos_long_rr2.0_sl0.8_h6_b0.2_cd5,2026-06
2,0.1623,1.1105435226808338,0.5,0.0812,bos_long_rr2.0_sl0.8_h6_b0.2_cd5,2026-07
37,-16.1474,0.49138362779035966,0.3243,-0.4364,bos_long_rr2.0_sl1.0_h12_b0.1_cd0,2026-04
77,-37.2623,0.4409861200290441,0.2727,-0.4839,bos_long_rr2.0_sl1.0_h12_b0.1_cd0,2026-05
75,-26.5847,0.5730346281898295,0.3467,-0.3545,bos_long_rr2.0_sl1.0_h12_b0.1_cd0,2026-06
1,-1.3745,0.0,0.0,-1.3745,bos_long_rr2.0_sl1.0_h12_b0.1_cd0,2026-07
20,-7.1955,0.5480923221855865,0.35,-0.3598,bos_long_rr2.0_sl1.0_h12_b0.1_cd10,2026-04
49,-9.0176,0.7421922351192177,0.3673,-0.184,bos_long_rr2.0_sl1.0_h12_b0.1_cd10,2026-05
50,-10.334,0.7206589141000481,0.4,-0.2067,bos_long_rr2.0_sl1.0_h12_b0.1_cd10,2026-06
19,-7.8839,0.4980294029632177,0.3158,-0.4149,bos_long_rr2.0_sl1.0_h12_b0.1_cd20,2026-04
38,-14.6656,0.509708478202728,0.2895,-0.3859,bos_long_rr2.0_sl1.0_h12_b0.1_cd20,2026-05
40,-11.3601,0.6414800180520797,0.35,-0.284,bos_long_rr2.0_sl1.0_h12_b0.1_cd20,2026-06
27,-10.1062,0.5399141396437205,0.3333,-0.3743,bos_long_rr2.0_sl1.0_h12_b0.1_cd5,2026-04
59,-21.6177,0.5467559832688618,0.322,-0.3664,bos_long_rr2.0_sl1.0_h12_b0.1_cd5,2026-05
57,-18.5161,0.5990337536569891,0.3509,-0.3248,bos_long_rr2.0_sl1.0_h12_b0.1_cd5,2026-06
37,-18.42,0.44308390022675737,0.2973,-0.4978,bos_long_rr2.0_sl1.0_h12_b0.2_cd0,2026-04
74,-36.7348,0.43381179977466405,0.2703,-0.4964,bos_long_rr2.0_sl1.0_h12_b0.2_cd0,2026-05
69,-29.668,0.5056412683230828,0.3188,-0.43,bos_long_rr2.0_sl1.0_h12_b0.2_cd0,2026-06
1,-1.3856,0.0,0.0,-1.3856,bos_long_rr2.0_sl1.0_h12_b0.2_cd0,2026-07
20,-9.3436,0.454397879161241,0.3,-0.4672,bos_long_rr2.0_sl1.0_h12_b0.2_cd10,2026-04
47,-7.5415,0.7661107992519515,0.383,-0.1605,bos_long_rr2.0_sl1.0_h12_b0.2_cd10,2026-05
46,-10.7048,0.6949182491029775,0.3913,-0.2327,bos_long_rr2.0_sl1.0_h12_b0.2_cd10,2026-06
18,-8.7809,0.4391924688330268,0.2778,-0.4878,bos_long_rr2.0_sl1.0_h12_b0.2_cd20,2026-04
37,-12.2767,0.5613004434629417,0.3243,-0.3318,bos_long_rr2.0_sl1.0_h12_b0.2_cd20,2026-05
37,-11.3063,0.6278447430268,0.3514,-0.3056,bos_long_rr2.0_sl1.0_h12_b0.2_cd20,2026-06
26,-9.8046,0.5314766851758049,0.3462,-0.3771,bos_long_rr2.0_sl1.0_h12_b0.2_cd5,2026-04
56,-19.7737,0.5566365391385067,0.3214,-0.3531,bos_long_rr2.0_sl1.0_h12_b0.2_cd5,2026-05
51,-18.5608,0.5591499751795033,0.3333,-0.3639,bos_long_rr2.0_sl1.0_h12_b0.2_cd5,2026-06
40,-17.0786,0.4581215455589611,0.3,-0.427,bos_long_rr2.0_sl1.0_h6_b0.1_cd0,2026-04
85,-37.9542,0.4277110977080821,0.2824,-0.4465,bos_long_rr2.0_sl1.0_h6_b0.1_cd0,2026-05
77,-19.6853,0.6396613582280797,0.4156,-0.2557,bos_long_rr2.0_sl1.0_h6_b0.1_cd0,2026-06
2,0.3347,1.243506729719898,0.5,0.1673,bos_long_rr2.0_sl1.0_h6_b0.1_cd0,2026-07
23,-8.5586,0.49399912499556586,0.3478,-0.3721,bos_long_rr2.0_sl1.0_h6_b0.1_cd10,2026-04
52,-8.66,0.7422711093651417,0.4231,-0.1665,bos_long_rr2.0_sl1.0_h6_b0.1_cd10,2026-05
52,-4.748,0.8600714378337596,0.4615,-0.0913,bos_long_rr2.0_sl1.0_h6_b0.1_cd10,2026-06
1,1.7092,inf,1.0,1.7092,bos_long_rr2.0_sl1.0_h6_b0.1_cd10,2026-07
19,-7.0445,0.501111866519362,0.3158,-0.3708,bos_long_rr2.0_sl1.0_h6_b0.1_cd20,2026-04
39,-10.263,0.5923563337093468,0.3846,-0.2632,bos_long_rr2.0_sl1.0_h6_b0.1_cd20,2026-05
42,-6.0654,0.7900083090984628,0.4524,-0.1444,bos_long_rr2.0_sl1.0_h6_b0.1_cd20,2026-06
2,0.3236,1.2335450346420325,0.5,0.1618,bos_long_rr2.0_sl1.0_h6_b0.1_cd20,2026-07
27,-10.8683,0.47349629887997524,0.2963,-0.4025,bos_long_rr2.0_sl1.0_h6_b0.1_cd5,2026-04
62,-16.067,0.6249016554567506,0.3548,-0.2591,bos_long_rr2.0_sl1.0_h6_b0.1_cd5,2026-05
58,-9.3329,0.7638782769735212,0.4483,-0.1609,bos_long_rr2.0_sl1.0_h6_b0.1_cd5,2026-06
2,0.3347,1.243506729719898,0.5,0.1673,bos_long_rr2.0_sl1.0_h6_b0.1_cd5,2026-07
39,-18.2585,0.4316190227153161,0.2564,-0.4682,bos_long_rr2.0_sl1.0_h6_b0.2_cd0,2026-04
80,-34.0633,0.4355923469362394,0.3,-0.4258,bos_long_rr2.0_sl1.0_h6_b0.2_cd0,2026-05
70,-23.043,0.555648545246984,0.3714,-0.3292,bos_long_rr2.0_sl1.0_h6_b0.2_cd0,2026-06
2,0.3299,1.2400145507457256,0.5,0.1649,bos_long_rr2.0_sl1.0_h6_b0.2_cd0,2026-07
22,-8.1777,0.49348091347732104,0.3182,-0.3717,bos_long_rr2.0_sl1.0_h6_b0.2_cd10,2026-04
50,-10.758,0.6704316738505087,0.4,-0.2152,bos_long_rr2.0_sl1.0_h6_b0.2_cd10,2026-05
47,-10.0195,0.7042144168718376,0.4043,-0.2132,bos_long_rr2.0_sl1.0_h6_b0.2_cd10,2026-06
1,1.7044,inf,1.0,1.7044,bos_long_rr2.0_sl1.0_h6_b0.2_cd10,2026-07
18,-6.6636,0.5008950573360996,0.2778,-0.3702,bos_long_rr2.0_sl1.0_h6_b0.2_cd20,2026-04
38,-11.5234,0.5286239635445855,0.3684,-0.3032,bos_long_rr2.0_sl1.0_h6_b0.2_cd20,2026-05
38,-11.6248,0.6043213952633478,0.3684,-0.3059,bos_long_rr2.0_sl1.0_h6_b0.2_cd20,2026-06
1,1.7044,inf,1.0,1.7044,bos_long_rr2.0_sl1.0_h6_b0.2_cd20,2026-07
26,-9.9484,0.485447990855535,0.2692,-0.3826,bos_long_rr2.0_sl1.0_h6_b0.2_cd5,2026-04
59,-14.917,0.6233451756013928,0.3729,-0.2528,bos_long_rr2.0_sl1.0_h6_b0.2_cd5,2026-05
52,-11.1035,0.6979576403510204,0.4038,-0.2135,bos_long_rr2.0_sl1.0_h6_b0.2_cd5,2026-06
2,0.3299,1.2400145507457256,0.5,0.1649,bos_long_rr2.0_sl1.0_h6_b0.2_cd5,2026-07
67,-30.1665,0.39456429461667686,0.4776,-0.4502,bos_short_rr1.0_sl0.8_h12_b0.1_cd0,2026-04
118,-48.6032,0.41797035915810044,0.4746,-0.4119,bos_short_rr1.0_sl0.8_h12_b0.1_cd0,2026-05
124,-57.7538,0.39521840341880704,0.4355,-0.4658,bos_short_rr1.0_sl0.8_h12_b0.1_cd0,2026-06
6,-0.3653,0.8731112577720659,0.6667,-0.0609,bos_short_rr1.0_sl0.8_h12_b0.1_cd0,2026-07
28,-12.9732,0.37550183404095544,0.4643,-0.4633,bos_short_rr1.0_sl0.8_h12_b0.1_cd10,2026-04
56,-20.4556,0.46584149366758065,0.5,-0.3653,bos_short_rr1.0_sl0.8_h12_b0.1_cd10,2026-05
54,-14.9823,0.5686237813621103,0.537,-0.2775,bos_short_rr1.0_sl0.8_h12_b0.1_cd10,2026-06
2,-0.9842,0.3088483146067416,0.5,-0.4921,bos_short_rr1.0_sl0.8_h12_b0.1_cd10,2026-07
22,-8.7293,0.4183995043007242,0.5,-0.3968,bos_short_rr1.0_sl0.8_h12_b0.1_cd20,2026-04
43,-17.1376,0.4336231711629536,0.4884,-0.3985,bos_short_rr1.0_sl0.8_h12_b0.1_cd20,2026-05
40,-10.9508,0.580049393321164,0.55,-0.2738,bos_short_rr1.0_sl0.8_h12_b0.1_cd20,2026-06
2,-0.9842,0.3088483146067416,0.5,-0.4921,bos_short_rr1.0_sl0.8_h12_b0.1_cd20,2026-07
35,-16.8465,0.36797025654108484,0.4571,-0.4813,bos_short_rr1.0_sl0.8_h12_b0.1_cd5,2026-04
67,-19.5708,0.5390062067909596,0.5373,-0.2921,bos_short_rr1.0_sl0.8_h12_b0.1_cd5,2026-05
66,-12.6128,0.6743285324024106,0.5758,-0.1911,bos_short_rr1.0_sl0.8_h12_b0.1_cd5,2026-06
2,-0.9842,0.3088483146067416,0.5,-0.4921,bos_short_rr1.0_sl0.8_h12_b0.1_cd5,2026-07
63,-22.7649,0.46704639631414085,0.5238,-0.3613,bos_short_rr1.0_sl0.8_h12_b0.2_cd0,2026-04
112,-54.1726,0.35298761574779075,0.4464,-0.4837,bos_short_rr1.0_sl0.8_h12_b0.2_cd0,2026-05
116,-67.2065,0.3164576402372232,0.3793,-0.5794,bos_short_rr1.0_sl0.8_h12_b0.2_cd0,2026-06
6,-0.3653,0.8731112577720659,0.6667,-0.0609,bos_short_rr1.0_sl0.8_h12_b0.2_cd0,2026-07
25,-10.8793,0.3988340608940708,0.48,-0.4352,bos_short_rr1.0_sl0.8_h12_b0.2_cd10,2026-04
56,-26.7495,0.3630934948606042,0.4464,-0.4777,bos_short_rr1.0_sl0.8_h12_b0.2_cd10,2026-05
50,-17.7758,0.4932059871703492,0.5,-0.3555,bos_short_rr1.0_sl0.8_h12_b0.2_cd10,2026-06
2,-0.9842,0.3088483146067416,0.5,-0.4921,bos_short_rr1.0_sl0.8_h12_b0.2_cd10,2026-07
20,-8.0322,0.4149507251021553,0.5,-0.4016,bos_short_rr1.0_sl0.8_h12_b0.2_cd20,2026-04
43,-17.3723,0.42657160304335623,0.4884,-0.404,bos_short_rr1.0_sl0.8_h12_b0.2_cd20,2026-05
39,-19.7317,0.376486759780067,0.4359,-0.5059,bos_short_rr1.0_sl0.8_h12_b0.2_cd20,2026-06
2,-0.9842,0.3088483146067416,0.5,-0.4921,bos_short_rr1.0_sl0.8_h12_b0.2_cd20,2026-07
32,-14.7783,0.38366739233791264,0.4688,-0.4618,bos_short_rr1.0_sl0.8_h12_b0.2_cd5,2026-04
66,-26.5946,0.4209249662500544,0.4848,-0.4029,bos_short_rr1.0_sl0.8_h12_b0.2_cd5,2026-05
62,-23.3571,0.47309067529918675,0.4839,-0.3767,bos_short_rr1.0_sl0.8_h12_b0.2_cd5,2026-06
2,-0.9842,0.3088483146067416,0.5,-0.4921,bos_short_rr1.0_sl0.8_h12_b0.2_cd5,2026-07
67,-28.9597,0.4043579401595663,0.4776,-0.4322,bos_short_rr1.0_sl0.8_h6_b0.1_cd0,2026-04
118,-47.9362,0.4213357412052719,0.4746,-0.4062,bos_short_rr1.0_sl0.8_h6_b0.1_cd0,2026-05
125,-57.5139,0.3953936980558458,0.432,-0.4601,bos_short_rr1.0_sl0.8_h6_b0.1_cd0,2026-06
7,0.0085,1.002952516586196,0.7143,0.0012,bos_short_rr1.0_sl0.8_h6_b0.1_cd0,2026-07
28,-12.9732,0.37550183404095544,0.4643,-0.4633,bos_short_rr1.0_sl0.8_h6_b0.1_cd10,2026-04
56,-20.4556,0.46584149366758065,0.5,-0.3653,bos_short_rr1.0_sl0.8_h6_b0.1_cd10,2026-05
54,-14.9823,0.5686237813621103,0.537,-0.2775,bos_short_rr1.0_sl0.8_h6_b0.1_cd10,2026-06
3,-0.6297,0.5577949438202248,0.6667,-0.2099,bos_short_rr1.0_sl0.8_h6_b0.1_cd10,2026-07
22,-8.7293,0.4183995043007242,0.5,-0.3968,bos_short_rr1.0_sl0.8_h6_b0.1_cd20,2026-04
43,-18.3039,0.4067634008873966,0.4651,-0.4257,bos_short_rr1.0_sl0.8_h6_b0.1_cd20,2026-05
40,-10.9508,0.580049393321164,0.55,-0.2738,bos_short_rr1.0_sl0.8_h6_b0.1_cd20,2026-06
2,-0.9842,0.3088483146067416,0.5,-0.4921,bos_short_rr1.0_sl0.8_h6_b0.1_cd20,2026-07
35,-16.8465,0.36797025654108484,0.4571,-0.4813,bos_short_rr1.0_sl0.8_h6_b0.1_cd5,2026-04
67,-19.5708,0.5390062067909596,0.5373,-0.2921,bos_short_rr1.0_sl0.8_h6_b0.1_cd5,2026-05
67,-14.2682,0.6427591387080621,0.5522,-0.213,bos_short_rr1.0_sl0.8_h6_b0.1_cd5,2026-06
3,-0.6104,0.5713483146067416,0.6667,-0.2035,bos_short_rr1.0_sl0.8_h6_b0.1_cd5,2026-07
63,-22.2736,0.463387604257513,0.5238,-0.3535,bos_short_rr1.0_sl0.8_h6_b0.2_cd0,2026-04
112,-54.1726,0.35298761574779075,0.4464,-0.4837,bos_short_rr1.0_sl0.8_h6_b0.2_cd0,2026-05
117,-66.5243,0.3177659612653126,0.3761,-0.5686,bos_short_rr1.0_sl0.8_h6_b0.2_cd0,2026-06
7,-0.0108,0.9962485671610686,0.7143,-0.0015,bos_short_rr1.0_sl0.8_h6_b0.2_cd0,2026-07
25,-11.5948,0.35929712106979056,0.48,-0.4638,bos_short_rr1.0_sl0.8_h6_b0.2_cd10,2026-04
56,-26.7495,0.3630934948606042,0.4464,-0.4777,bos_short_rr1.0_sl0.8_h6_b0.2_cd10,2026-05
50,-17.7758,0.4932059871703492,0.5,-0.3555,bos_short_rr1.0_sl0.8_h6_b0.2_cd10,2026-06
3,-0.6297,0.5577949438202248,0.6667,-0.2099,bos_short_rr1.0_sl0.8_h6_b0.2_cd10,2026-07
20,-8.7477,0.3628351457852299,0.5,-0.4374,bos_short_rr1.0_sl0.8_h6_b0.2_cd20,2026-04
43,-18.5386,0.39988022595212275,0.4651,-0.4311,bos_short_rr1.0_sl0.8_h6_b0.2_cd20,2026-05
39,-19.7317,0.376486759780067,0.4359,-0.5059,bos_short_rr1.0_sl0.8_h6_b0.2_cd20,2026-06
2,-0.9842,0.3088483146067416,0.5,-0.4921,bos_short_rr1.0_sl0.8_h6_b0.2_cd20,2026-07
32,-15.4938,0.35382729024347526,0.4688,-0.4842,bos_short_rr1.0_sl0.8_h6_b0.2_cd5,2026-04
66,-26.5946,0.4209249662500544,0.4848,-0.4029,bos_short_rr1.0_sl0.8_h6_b0.2_cd5,2026-05
63,-24.5702,0.4551772156389697,0.4603,-0.39,bos_short_rr1.0_sl0.8_h6_b0.2_cd5,2026-06
3,-0.6297,0.5577949438202248,0.6667,-0.2099,bos_short_rr1.0_sl0.8_h6_b0.2_cd5,2026-07
60,-25.1083,0.4288635639870797,0.45,-0.4185,bos_short_rr1.0_sl1.0_h12_b0.1_cd0,2026-04
105,-37.6877,0.4781304047401779,0.4667,-0.3589,bos_short_rr1.0_sl1.0_h12_b0.1_cd0,2026-05
109,-31.9856,0.5568867252763084,0.4862,-0.2934,bos_short_rr1.0_sl1.0_h12_b0.1_cd0,2026-06
6,0.109,1.040324072361363,0.6667,0.0182,bos_short_rr1.0_sl1.0_h12_b0.1_cd0,2026-07
28,-10.758,0.4608518720838742,0.4643,-0.3842,bos_short_rr1.0_sl1.0_h12_b0.1_cd10,2026-04
54,-15.9257,0.5437415843002434,0.5,-0.2949,bos_short_rr1.0_sl1.0_h12_b0.1_cd10,2026-05
51,-8.3719,0.7111394807211249,0.549,-0.1642,bos_short_rr1.0_sl1.0_h12_b0.1_cd10,2026-06
2,-0.7873,0.4121117084826762,0.5,-0.3936,bos_short_rr1.0_sl1.0_h12_b0.1_cd10,2026-07
22,-6.9175,0.5249752788001978,0.5,-0.3144,bos_short_rr1.0_sl1.0_h12_b0.1_cd20,2026-04
43,-12.1252,0.5575309723210539,0.5116,-0.282,bos_short_rr1.0_sl1.0_h12_b0.1_cd20,2026-05
40,-3.8704,0.8184027663737325,0.6,-0.0968,bos_short_rr1.0_sl1.0_h12_b0.1_cd20,2026-06
2,-0.7873,0.4121117084826762,0.5,-0.3936,bos_short_rr1.0_sl1.0_h12_b0.1_cd20,2026-07
34,-16.9726,0.3630936075201231,0.4118,-0.4992,bos_short_rr1.0_sl1.0_h12_b0.1_cd5,2026-04
65,-19.9099,0.5294091230325964,0.4923,-0.3063,bos_short_rr1.0_sl1.0_h12_b0.1_cd5,2026-05
66,-7.8834,0.7829830810819739,0.5758,-0.1194,bos_short_rr1.0_sl1.0_h12_b0.1_cd5,2026-06
2,-0.7873,0.4121117084826762,0.5,-0.3936,bos_short_rr1.0_sl1.0_h12_b0.1_cd5,2026-07
56,-21.9763,0.45283042356760844,0.4643,-0.3924,bos_short_rr1.0_sl1.0_h12_b0.2_cd0,2026-04
103,-39.6255,0.4505760386234972,0.4563,-0.3847,bos_short_rr1.0_sl1.0_h12_b0.2_cd0,2026-05
102,-36.9601,0.48695030538589673,0.451,-0.3624,bos_short_rr1.0_sl1.0_h12_b0.2_cd0,2026-06
6,0.109,1.040324072361363,0.6667,0.0182,bos_short_rr1.0_sl1.0_h12_b0.2_cd0,2026-07
25,-8.883,0.4898433865715615,0.48,-0.3553,bos_short_rr1.0_sl1.0_h12_b0.2_cd10,2026-04
54,-18.1607,0.49623159138633605,0.4815,-0.3363,bos_short_rr1.0_sl1.0_h12_b0.2_cd10,2026-05
47,-11.4217,0.6074922764465124,0.5106,-0.243,bos_short_rr1.0_sl1.0_h12_b0.2_cd10,2026-06
2,-0.7873,0.4121117084826762,0.5,-0.3936,bos_short_rr1.0_sl1.0_h12_b0.2_cd10,2026-07
20,-4.3981,0.631794854621715,0.55,-0.2199,bos_short_rr1.0_sl1.0_h12_b0.2_cd20,2026-04
43,-12.3129,0.5511679279121648,0.5116,-0.2863,bos_short_rr1.0_sl1.0_h12_b0.2_cd20,2026-05
39,-10.6953,0.5746313177110677,0.5128,-0.2742,bos_short_rr1.0_sl1.0_h12_b0.2_cd20,2026-06
2,-0.7873,0.4121117084826762,0.5,-0.3936,bos_short_rr1.0_sl1.0_h12_b0.2_cd20,2026-07
31,-15.1181,0.3734105339942638,0.4194,-0.4877,bos_short_rr1.0_sl1.0_h12_b0.2_cd5,2026-04
64,-20.9232,0.5042494864364733,0.4844,-0.3269,bos_short_rr1.0_sl1.0_h12_b0.2_cd5,2026-05
62,-16.8586,0.5804314498466929,0.5,-0.2719,bos_short_rr1.0_sl1.0_h12_b0.2_cd5,2026-06
2,-0.7873,0.4121117084826762,0.5,-0.3936,bos_short_rr1.0_sl1.0_h12_b0.2_cd5,2026-07
61,-24.2019,0.43449012304715795,0.459,-0.3968,bos_short_rr1.0_sl1.0_h6_b0.1_cd0,2026-04
105,-34.8488,0.4979296990932168,0.4762,-0.3319,bos_short_rr1.0_sl1.0_h6_b0.1_cd0,2026-05
109,-32.4959,0.5437269991842214,0.4771,-0.2981,bos_short_rr1.0_sl1.0_h6_b0.1_cd0,2026-06
7,0.608,1.224926935740446,0.7143,0.0869,bos_short_rr1.0_sl1.0_h6_b0.1_cd0,2026-07
28,-11.1278,0.4423189684118735,0.4643,-0.3974,bos_short_rr1.0_sl1.0_h6_b0.1_cd10,2026-04
54,-15.0642,0.5561533407385364,0.5,-0.279,bos_short_rr1.0_sl1.0_h6_b0.1_cd10,2026-05
52,-9.7341,0.6792158103392026,0.5385,-0.1872,bos_short_rr1.0_sl1.0_h6_b0.1_cd10,2026-06
3,-0.3037,0.7732228195937872,0.6667,-0.1012,bos_short_rr1.0_sl1.0_h6_b0.1_cd10,2026-07
22,-7.2873,0.4995811130033511,0.5,-0.3312,bos_short_rr1.0_sl1.0_h6_b0.1_cd20,2026-04
43,-11.7554,0.5634879670854019,0.5116,-0.2734,bos_short_rr1.0_sl1.0_h6_b0.1_cd20,2026-05
40,-3.8704,0.8184027663737325,0.6,-0.0968,bos_short_rr1.0_sl1.0_h6_b0.1_cd20,2026-06
2,-0.7873,0.4121117084826762,0.5,-0.3936,bos_short_rr1.0_sl1.0_h6_b0.1_cd20,2026-07
34,-16.177,0.36518712401552406,0.4118,-0.4758,bos_short_rr1.0_sl1.0_h6_b0.1_cd5,2026-04
65,-19.5039,0.5259439121494509,0.4769,-0.3001,bos_short_rr1.0_sl1.0_h6_b0.1_cd5,2026-05
67,-11.4399,0.703405166602715,0.5373,-0.1707,bos_short_rr1.0_sl1.0_h6_b0.1_cd5,2026-06
3,-0.2883,0.7847222222222222,0.6667,-0.0961,bos_short_rr1.0_sl1.0_h6_b0.1_cd5,2026-07
57,-21.4724,0.44940022872850544,0.4737,-0.3767,bos_short_rr1.0_sl1.0_h6_b0.2_cd0,2026-04
103,-37.9005,0.4608249695917831,0.4563,-0.368,bos_short_rr1.0_sl1.0_h6_b0.2_cd0,2026-05
102,-36.9166,0.4765288339782793,0.4412,-0.3619,bos_short_rr1.0_sl1.0_h6_b0.2_cd0,2026-06
7,0.5926,1.2192297732233361,0.7143,0.0847,bos_short_rr1.0_sl1.0_h6_b0.2_cd0,2026-07
25,-9.6553,0.4454896825807044,0.48,-0.3862,bos_short_rr1.0_sl1.0_h6_b0.2_cd10,2026-04
54,-17.7909,0.49992551262771767,0.4815,-0.3295,bos_short_rr1.0_sl1.0_h6_b0.2_cd10,2026-05
48,-12.978,0.576651574263756,0.5,-0.2704,bos_short_rr1.0_sl1.0_h6_b0.2_cd10,2026-06
3,-0.3037,0.7732228195937872,0.6667,-0.1012,bos_short_rr1.0_sl1.0_h6_b0.2_cd10,2026-07
20,-5.1704,0.5671385635470124,0.55,-0.2585,bos_short_rr1.0_sl1.0_h6_b0.2_cd20,2026-04
43,-11.9431,0.5570066765578635,0.5116,-0.2777,bos_short_rr1.0_sl1.0_h6_b0.2_cd20,2026-05
39,-10.6953,0.5746313177110677,0.5128,-0.2742,bos_short_rr1.0_sl1.0_h6_b0.2_cd20,2026-06
2,-0.7873,0.4121117084826762,0.5,-0.3936,bos_short_rr1.0_sl1.0_h6_b0.2_cd20,2026-07
31,-14.725,0.35872869324367873,0.4194,-0.475,bos_short_rr1.0_sl1.0_h6_b0.2_cd5,2026-04
64,-21.0089,0.4941405356467804,0.4688,-0.3283,bos_short_rr1.0_sl1.0_h6_b0.2_cd5,2026-05
63,-19.8613,0.5256617850762808,0.4603,-0.3153,bos_short_rr1.0_sl1.0_h6_b0.2_cd5,2026-06
3,-0.3037,0.7732228195937872,0.6667,-0.1012,bos_short_rr1.0_sl1.0_h6_b0.2_cd5,2026-07
59,-24.0677,0.5159926718269554,0.3898,-0.4079,bos_short_rr1.5_sl0.8_h12_b0.1_cd0,2026-04
104,-51.6486,0.4401084040217892,0.3462,-0.4966,bos_short_rr1.5_sl0.8_h12_b0.1_cd0,2026-05
107,-36.1562,0.583990224583745,0.3925,-0.3379,bos_short_rr1.5_sl0.8_h12_b0.1_cd0,2026-06
4,-0.4205,0.83238330609479,0.5,-0.1051,bos_short_rr1.5_sl0.8_h12_b0.1_cd0,2026-07
28,-11.4476,0.5164055272284861,0.3929,-0.4088,bos_short_rr1.5_sl0.8_h12_b0.1_cd10,2026-04
53,-17.3576,0.5904236492258031,0.4151,-0.3275,bos_short_rr1.5_sl0.8_h12_b0.1_cd10,2026-05
53,-6.5973,0.8253305515988795,0.4906,-0.1245,bos_short_rr1.5_sl0.8_h12_b0.1_cd10,2026-06
2,-0.4842,0.6599719101123596,0.5,-0.2421,bos_short_rr1.5_sl0.8_h12_b0.1_cd10,2026-07
22,-10.6816,0.4493850325267792,0.3636,-0.4855,bos_short_rr1.5_sl0.8_h12_b0.1_cd20,2026-04
43,-14.4065,0.5880031457782227,0.4186,-0.335,bos_short_rr1.5_sl0.8_h12_b0.1_cd20,2026-05
40,0.1587,1.0061575351235583,0.55,0.004,bos_short_rr1.5_sl0.8_h12_b0.1_cd20,2026-06
2,-0.4842,0.6599719101123596,0.5,-0.2421,bos_short_rr1.5_sl0.8_h12_b0.1_cd20,2026-07
33,-19.8449,0.3573605178706165,0.303,-0.6014,bos_short_rr1.5_sl0.8_h12_b0.1_cd5,2026-04
65,-21.1102,0.5916054532053154,0.4154,-0.3248,bos_short_rr1.5_sl0.8_h12_b0.1_cd5,2026-05
65,-9.5196,0.7958078797446633,0.4769,-0.1465,bos_short_rr1.5_sl0.8_h12_b0.1_cd5,2026-06
2,-0.4842,0.6599719101123596,0.5,-0.2421,bos_short_rr1.5_sl0.8_h12_b0.1_cd5,2026-07
55,-21.9806,0.5193185794261721,0.4,-0.3996,bos_short_rr1.5_sl0.8_h12_b0.2_cd0,2026-04
102,-49.5602,0.4490960587628499,0.3529,-0.4859,bos_short_rr1.5_sl0.8_h12_b0.2_cd0,2026-05
100,-41.7701,0.5113539452488438,0.36,-0.4177,bos_short_rr1.5_sl0.8_h12_b0.2_cd0,2026-06
4,-0.4205,0.83238330609479,0.5,-0.1051,bos_short_rr1.5_sl0.8_h12_b0.2_cd0,2026-07
25,-10.6816,0.4912336688084362,0.4,-0.4273,bos_short_rr1.5_sl0.8_h12_b0.2_cd10,2026-04
53,-17.6515,0.5844339600431304,0.4151,-0.333,bos_short_rr1.5_sl0.8_h12_b0.2_cd10,2026-05
49,-8.9084,0.7556872564318449,0.4694,-0.1818,bos_short_rr1.5_sl0.8_h12_b0.2_cd10,2026-06
2,-0.4842,0.6599719101123596,0.5,-0.2421,bos_short_rr1.5_sl0.8_h12_b0.2_cd10,2026-07
20,-8.8601,0.4671321689761355,0.4,-0.443,bos_short_rr1.5_sl0.8_h12_b0.2_cd20,2026-04
43,-14.6412,0.5817361668575933,0.4186,-0.3405,bos_short_rr1.5_sl0.8_h12_b0.2_cd20,2026-05
39,-8.6192,0.7117555781475735,0.4615,-0.221,bos_short_rr1.5_sl0.8_h12_b0.2_cd20,2026-06
2,-0.4842,0.6599719101123596,0.5,-0.2421,bos_short_rr1.5_sl0.8_h12_b0.2_cd20,2026-07
30,-16.6523,0.37718143396790965,0.3333,-0.5551,bos_short_rr1.5_sl0.8_h12_b0.2_cd5,2026-04
64,-20.134,0.6011829420235598,0.4219,-0.3146,bos_short_rr1.5_sl0.8_h12_b0.2_cd5,2026-05
61,-19.2385,0.6097057755470936,0.4098,-0.3154,bos_short_rr1.5_sl0.8_h12_b0.2_cd5,2026-06
2,-0.4842,0.6599719101123596,0.5,-0.2421,bos_short_rr1.5_sl0.8_h12_b0.2_cd5,2026-07
59,-22.2179,0.536206259511071,0.4068,-0.3766,bos_short_rr1.5_sl0.8_h6_b0.1_cd0,2026-04
104,-50.7869,0.4429813449328389,0.3558,-0.4883,bos_short_rr1.5_sl0.8_h6_b0.1_cd0,2026-05
109,-37.2099,0.5718910821715915,0.4128,-0.3414,bos_short_rr1.5_sl0.8_h6_b0.1_cd0,2026-06
5,1.7504,2.2292134831460673,0.8,0.3501,bos_short_rr1.5_sl0.8_h6_b0.1_cd0,2026-07
28,-12.1598,0.4863192223691381,0.3929,-0.4343,bos_short_rr1.5_sl0.8_h6_b0.1_cd10,2026-04
53,-17.7368,0.58147590574666,0.4151,-0.3347,bos_short_rr1.5_sl0.8_h6_b0.1_cd10,2026-05
53,-6.9634,0.8156377249789516,0.4906,-0.1314,bos_short_rr1.5_sl0.8_h6_b0.1_cd10,2026-06
3,0.3703,1.2600421348314608,0.6667,0.1234,bos_short_rr1.5_sl0.8_h6_b0.1_cd10,2026-07
22,-11.3938,0.41267255688320253,0.3636,-0.5179,bos_short_rr1.5_sl0.8_h6_b0.1_cd20,2026-04
43,-14.7857,0.5771587903052834,0.4186,-0.3439,bos_short_rr1.5_sl0.8_h6_b0.1_cd20,2026-05
40,0.1587,1.0061575351235583,0.55,0.004,bos_short_rr1.5_sl0.8_h6_b0.1_cd20,2026-06
2,-0.4842,0.6599719101123596,0.5,-0.2421,bos_short_rr1.5_sl0.8_h6_b0.1_cd20,2026-07
34,-19.189,0.37028054987644515,0.3235,-0.5644,bos_short_rr1.5_sl0.8_h6_b0.1_cd5,2026-04
65,-23.1396,0.5573113758020761,0.4,-0.356,bos_short_rr1.5_sl0.8_h6_b0.1_cd5,2026-05
66,-8.8873,0.8023221415305225,0.4848,-0.1347,bos_short_rr1.5_sl0.8_h6_b0.1_cd5,2026-06
3,0.3896,1.2735955056179777,0.6667,0.1299,bos_short_rr1.5_sl0.8_h6_b0.1_cd5,2026-07
55,-19.8062,0.5489035866881667,0.4182,-0.3601,bos_short_rr1.5_sl0.8_h6_b0.2_cd0,2026-04
102,-49.9394,0.44488092697328635,0.3529,-0.4896,bos_short_rr1.5_sl0.8_h6_b0.2_cd0,2026-05
101,-42.5923,0.4986787915739271,0.3762,-0.4217,bos_short_rr1.5_sl0.8_h6_b0.2_cd0,2026-06
5,1.7311,2.2156601123595507,0.8,0.3462,bos_short_rr1.5_sl0.8_h6_b0.2_cd0,2026-07
25,-11.0692,0.47277221827950333,0.4,-0.4428,bos_short_rr1.5_sl0.8_h6_b0.2_cd10,2026-04
53,-18.0307,0.5755065237146799,0.4151,-0.3402,bos_short_rr1.5_sl0.8_h6_b0.2_cd10,2026-05
49,-10.3647,0.7174006102033195,0.4694,-0.2115,bos_short_rr1.5_sl0.8_h6_b0.2_cd10,2026-06
3,0.3703,1.2600421348314608,0.6667,0.1234,bos_short_rr1.5_sl0.8_h6_b0.2_cd10,2026-07
20,-9.2477,0.443820968052348,0.4,-0.4624,bos_short_rr1.5_sl0.8_h6_b0.2_cd20,2026-04
43,-15.0204,0.570903335837759,0.4186,-0.3493,bos_short_rr1.5_sl0.8_h6_b0.2_cd20,2026-05
39,-8.6192,0.7117555781475735,0.4615,-0.221,bos_short_rr1.5_sl0.8_h6_b0.2_cd20,2026-06
2,-0.4842,0.6599719101123596,0.5,-0.2421,bos_short_rr1.5_sl0.8_h6_b0.2_cd20,2026-07
31,-18.1241,0.348550745474674,0.3226,-0.5846,bos_short_rr1.5_sl0.8_h6_b0.2_cd5,2026-04
64,-22.1634,0.5659698967182488,0.4062,-0.3463,bos_short_rr1.5_sl0.8_h6_b0.2_cd5,2026-05
62,-19.9233,0.5907174816038259,0.4032,-0.3213,bos_short_rr1.5_sl0.8_h6_b0.2_cd5,2026-06
3,0.3703,1.2600421348314608,0.6667,0.1234,bos_short_rr1.5_sl0.8_h6_b0.2_cd5,2026-07
53,-18.1499,0.5704236852880543,0.3962,-0.3425,bos_short_rr1.5_sl1.0_h12_b0.1_cd0,2026-04
92,-31.8163,0.5697470786864806,0.3804,-0.3458,bos_short_rr1.5_sl1.0_h12_b0.1_cd0,2026-05
97,-19.1968,0.7270479437738784,0.4227,-0.1979,bos_short_rr1.5_sl1.0_h12_b0.1_cd0,2026-06
4,-0.1364,0.9433319484835895,0.5,-0.0341,bos_short_rr1.5_sl1.0_h12_b0.1_cd0,2026-07
28,-7.6308,0.640295840973692,0.4286,-0.2725,bos_short_rr1.5_sl1.0_h12_b0.1_cd10,2026-04
53,-13.4633,0.6623496808657379,0.4151,-0.254,bos_short_rr1.5_sl1.0_h12_b0.1_cd10,2026-05
51,-7.7719,0.7882552630360096,0.451,-0.1524,bos_short_rr1.5_sl1.0_h12_b0.1_cd10,2026-06
2,-0.2873,0.7854689366786142,0.5,-0.1436,bos_short_rr1.5_sl1.0_h12_b0.1_cd10,2026-07
22,-2.2903,0.8427251002581991,0.5,-0.1041,bos_short_rr1.5_sl1.0_h12_b0.1_cd20,2026-04
42,-7.0536,0.7640668169624639,0.4524,-0.1679,bos_short_rr1.5_sl1.0_h12_b0.1_cd20,2026-05
40,0.6272,1.024780914902528,0.525,0.0157,bos_short_rr1.5_sl1.0_h12_b0.1_cd20,2026-06
2,-0.2873,0.7854689366786142,0.5,-0.1436,bos_short_rr1.5_sl1.0_h12_b0.1_cd20,2026-07
33,-13.0192,0.5114471733868698,0.3939,-0.3945,bos_short_rr1.5_sl1.0_h12_b0.1_cd5,2026-04
64,-22.7917,0.5572725047688238,0.375,-0.3561,bos_short_rr1.5_sl1.0_h12_b0.1_cd5,2026-05
64,-4.3944,0.896465443716161,0.4688,-0.0687,bos_short_rr1.5_sl1.0_h12_b0.1_cd5,2026-06
2,-0.2873,0.7854689366786142,0.5,-0.1436,bos_short_rr1.5_sl1.0_h12_b0.1_cd5,2026-07
48,-16.5746,0.5689445322902796,0.3958,-0.3453,bos_short_rr1.5_sl1.0_h12_b0.2_cd0,2026-04
91,-30.8218,0.5765968728793303,0.3846,-0.3387,bos_short_rr1.5_sl1.0_h12_b0.2_cd0,2026-05
91,-19.8967,0.7025112810284351,0.4176,-0.2186,bos_short_rr1.5_sl1.0_h12_b0.2_cd0,2026-06
4,-0.1364,0.9433319484835895,0.5,-0.0341,bos_short_rr1.5_sl1.0_h12_b0.2_cd0,2026-07
25,-8.8452,0.5622120043753063,0.4,-0.3538,bos_short_rr1.5_sl1.0_h12_b0.2_cd10,2026-04
53,-13.6983,0.6571181837523936,0.4151,-0.2585,bos_short_rr1.5_sl1.0_h12_b0.2_cd10,2026-05
47,-5.3081,0.8376980960156062,0.4681,-0.1129,bos_short_rr1.5_sl1.0_h12_b0.2_cd10,2026-06
2,-0.2873,0.7854689366786142,0.5,-0.1436,bos_short_rr1.5_sl1.0_h12_b0.2_cd10,2026-07
20,-2.3603,0.8248554870402113,0.5,-0.118,bos_short_rr1.5_sl1.0_h12_b0.2_cd20,2026-04
42,-7.2413,0.7580288909754964,0.4524,-0.1724,bos_short_rr1.5_sl1.0_h12_b0.2_cd20,2026-05
39,-3.1953,0.8791010045592993,0.4872,-0.0819,bos_short_rr1.5_sl1.0_h12_b0.2_cd20,2026-06
2,-0.2873,0.7854689366786142,0.5,-0.1436,bos_short_rr1.5_sl1.0_h12_b0.2_cd20,2026-07
29,-10.4175,0.5449025149951727,0.4138,-0.3592,bos_short_rr1.5_sl1.0_h12_b0.2_cd5,2026-04
63,-21.8107,0.5665169432574779,0.381,-0.3462,bos_short_rr1.5_sl1.0_h12_b0.2_cd5,2026-05
60,-5.2165,0.8704596305374068,0.4667,-0.0869,bos_short_rr1.5_sl1.0_h12_b0.2_cd5,2026-06
2,-0.2873,0.7854689366786142,0.5,-0.1436,bos_short_rr1.5_sl1.0_h12_b0.2_cd5,2026-07
54,-18.9954,0.5505079307235972,0.4074,-0.3518,bos_short_rr1.5_sl1.0_h6_b0.1_cd0,2026-04
93,-28.3242,0.5942609036956605,0.3978,-0.3046,bos_short_rr1.5_sl1.0_h6_b0.1_cd0,2026-05
99,-22.8412,0.6732032128560024,0.4343,-0.2307,bos_short_rr1.5_sl1.0_h6_b0.1_cd0,2026-06
5,1.7744,2.3249701314217446,0.8,0.3549,bos_short_rr1.5_sl1.0_h6_b0.1_cd0,2026-07
28,-7.6356,0.6400695763666617,0.4286,-0.2727,bos_short_rr1.5_sl1.0_h6_b0.1_cd10,2026-04
53,-10.8622,0.7023214770195425,0.434,-0.2049,bos_short_rr1.5_sl1.0_h6_b0.1_cd10,2026-05
52,-9.4533,0.746172435088473,0.4423,-0.1818,bos_short_rr1.5_sl1.0_h6_b0.1_cd10,2026-06
3,0.6963,1.519937275985663,0.6667,0.2321,bos_short_rr1.5_sl1.0_h6_b0.1_cd10,2026-07
22,-2.2951,0.8423954842608361,0.5,-0.1043,bos_short_rr1.5_sl1.0_h6_b0.1_cd20,2026-04
42,-3.6165,0.8602815617249133,0.5,-0.0861,bos_short_rr1.5_sl1.0_h6_b0.1_cd20,2026-05
40,0.0776,1.0030660060529915,0.525,0.0019,bos_short_rr1.5_sl1.0_h6_b0.1_cd20,2026-06
2,-0.2873,0.7854689366786142,0.5,-0.1436,bos_short_rr1.5_sl1.0_h6_b0.1_cd20,2026-07
34,-10.3965,0.5920237333762376,0.4118,-0.3058,bos_short_rr1.5_sl1.0_h6_b0.1_cd5,2026-04
65,-20.574,0.5756170611264898,0.3846,-0.3165,bos_short_rr1.5_sl1.0_h6_b0.1_cd5,2026-05
66,-11.3553,0.7544030020222556,0.4545,-0.1721,bos_short_rr1.5_sl1.0_h6_b0.1_cd5,2026-06
3,0.7117,1.531436678614098,0.6667,0.2372,bos_short_rr1.5_sl1.0_h6_b0.1_cd5,2026-07
49,-16.7332,0.5533072434210176,0.4082,-0.3415,bos_short_rr1.5_sl1.0_h6_b0.2_cd0,2026-04
92,-28.3376,0.5924318804519011,0.3913,-0.308,bos_short_rr1.5_sl1.0_h6_b0.2_cd0,2026-05
93,-23.7676,0.6423655312092785,0.4194,-0.2556,bos_short_rr1.5_sl1.0_h6_b0.2_cd0,2026-06
5,1.759,2.31347072879331,0.8,0.3518,bos_short_rr1.5_sl1.0_h6_b0.2_cd0,2026-07
25,-8.1631,0.5749337387980816,0.4,-0.3265,bos_short_rr1.5_sl1.0_h6_b0.2_cd10,2026-04
53,-11.5889,0.687280076851672,0.434,-0.2187,bos_short_rr1.5_sl1.0_h6_b0.2_cd10,2026-05
48,-6.9895,0.7897515341114186,0.4583,-0.1456,bos_short_rr1.5_sl1.0_h6_b0.2_cd10,2026-06
3,0.6963,1.519937275985663,0.6667,0.2321,bos_short_rr1.5_sl1.0_h6_b0.2_cd10,2026-07
20,-1.6782,0.8654889670815866,0.5,-0.0839,bos_short_rr1.5_sl1.0_h6_b0.2_cd20,2026-04
42,-3.8042,0.8531984764933106,0.5,-0.0906,bos_short_rr1.5_sl1.0_h6_b0.2_cd20,2026-05
39,-3.7449,0.8583060595168277,0.4872,-0.096,bos_short_rr1.5_sl1.0_h6_b0.2_cd20,2026-06
2,-0.2873,0.7854689366786142,0.5,-0.1436,bos_short_rr1.5_sl1.0_h6_b0.2_cd20,2026-07
30,-9.5697,0.5673538586735386,0.4,-0.319,bos_short_rr1.5_sl1.0_h6_b0.2_cd5,2026-04
64,-20.0847,0.5798733639708573,0.3906,-0.3138,bos_short_rr1.5_sl1.0_h6_b0.2_cd5,2026-05
62,-12.383,0.7188991142246174,0.4355,-0.1997,bos_short_rr1.5_sl1.0_h6_b0.2_cd5,2026-06
3,0.6963,1.519937275985663,0.6667,0.2321,bos_short_rr1.5_sl1.0_h6_b0.2_cd5,2026-07
54,-19.3738,0.6035742932442829,0.3519,-0.3588,bos_short_rr2.0_sl0.8_h12_b0.1_cd0,2026-04
95,-33.7672,0.6057550294628273,0.3368,-0.3554,bos_short_rr2.0_sl0.8_h12_b0.1_cd0,2026-05
97,-25.323,0.697090040443019,0.3608,-0.2611,bos_short_rr2.0_sl0.8_h12_b0.1_cd0,2026-06
4,0.5795,1.2309961334555746,0.5,0.1449,bos_short_rr2.0_sl0.8_h12_b0.1_cd0,2026-07
28,-10.1636,0.5934137150263628,0.3571,-0.363,bos_short_rr2.0_sl0.8_h12_b0.1_cd10,2026-04
53,-12.3351,0.7254773228525201,0.3774,-0.2327,bos_short_rr2.0_sl0.8_h12_b0.1_cd10,2026-05
53,-7.3931,0.8298939065890198,0.4151,-0.1395,bos_short_rr2.0_sl0.8_h12_b0.1_cd10,2026-06
2,0.0158,1.0110955056179776,0.5,0.0079,bos_short_rr2.0_sl0.8_h12_b0.1_cd10,2026-07
22,-7.8976,0.5928946256069775,0.3636,-0.359,bos_short_rr2.0_sl0.8_h12_b0.1_cd20,2026-04
42,-6.6921,0.8058116354582887,0.4048,-0.1593,bos_short_rr2.0_sl0.8_h12_b0.1_cd20,2026-05
40,3.3699,1.1179164902532304,0.5,0.0842,bos_short_rr2.0_sl0.8_h12_b0.1_cd20,2026-06
2,0.0158,1.0110955056179776,0.5,0.0079,bos_short_rr2.0_sl0.8_h12_b0.1_cd20,2026-07
33,-16.0609,0.4798981875176083,0.303,-0.4867,bos_short_rr2.0_sl0.8_h12_b0.1_cd5,2026-04
63,-20.1533,0.6392628922261802,0.3492,-0.3199,bos_short_rr2.0_sl0.8_h12_b0.1_cd5,2026-05
61,-7.1054,0.8537625467964379,0.4098,-0.1165,bos_short_rr2.0_sl0.8_h12_b0.1_cd5,2026-06
2,0.0158,1.0110955056179776,0.5,0.0079,bos_short_rr2.0_sl0.8_h12_b0.1_cd5,2026-07
49,-18.4048,0.5898368466679592,0.3469,-0.3756,bos_short_rr2.0_sl0.8_h12_b0.2_cd0,2026-04
93,-31.7213,0.6196801463667875,0.3441,-0.3411,bos_short_rr2.0_sl0.8_h12_b0.2_cd0,2026-05
92,-30.994,0.6231356803961002,0.337,-0.3369,bos_short_rr2.0_sl0.8_h12_b0.2_cd0,2026-06
4,0.5795,1.2309961334555746,0.5,0.1449,bos_short_rr2.0_sl0.8_h12_b0.2_cd0,2026-07
25,-12.1816,0.49211802327278187,0.32,-0.4873,bos_short_rr2.0_sl0.8_h12_b0.2_cd10,2026-04
53,-12.629,0.7195381673710229,0.3774,-0.2383,bos_short_rr2.0_sl0.8_h12_b0.2_cd10,2026-05
48,-4.6426,0.8781629707387484,0.4375,-0.0967,bos_short_rr2.0_sl0.8_h12_b0.2_cd10,2026-06
2,0.0158,1.0110955056179776,0.5,0.0079,bos_short_rr2.0_sl0.8_h12_b0.2_cd10,2026-07
20,-8.3601,0.542956641536872,0.35,-0.418,bos_short_rr2.0_sl0.8_h12_b0.2_cd20,2026-04
42,-6.9268,0.7992179506132044,0.4048,-0.1649,bos_short_rr2.0_sl0.8_h12_b0.2_cd20,2026-05
39,-1.4179,0.953047181307619,0.4615,-0.0364,bos_short_rr2.0_sl0.8_h12_b0.2_cd20,2026-06
2,0.0158,1.0110955056179776,0.5,0.0079,bos_short_rr2.0_sl0.8_h12_b0.2_cd20,2026-07
29,-13.6838,0.4919318308394906,0.3103,-0.4719,bos_short_rr2.0_sl0.8_h12_b0.2_cd5,2026-04
62,-19.1771,0.6491604556115373,0.3548,-0.3093,bos_short_rr2.0_sl0.8_h12_b0.2_cd5,2026-05
58,-10.3674,0.7833231969202025,0.3966,-0.1787,bos_short_rr2.0_sl0.8_h12_b0.2_cd5,2026-06
2,0.0158,1.0110955056179776,0.5,0.0079,bos_short_rr2.0_sl0.8_h12_b0.2_cd5,2026-07
55,-19.1208,0.6088408097802073,0.3636,-0.3477,bos_short_rr2.0_sl0.8_h6_b0.1_cd0,2026-04
97,-34.0126,0.595899663414072,0.3505,-0.3506,bos_short_rr2.0_sl0.8_h6_b0.1_cd0,2026-05
99,-27.5902,0.6637772927626728,0.3838,-0.2787,bos_short_rr2.0_sl0.8_h6_b0.1_cd0,2026-06
5,2.718,2.9087078651685396,0.8,0.5436,bos_short_rr2.0_sl0.8_h6_b0.1_cd0,2026-07
28,-10.2946,0.5881731700096811,0.3571,-0.3677,bos_short_rr2.0_sl0.8_h6_b0.1_cd10,2026-04
53,-11.444,0.7327011339881112,0.3962,-0.2159,bos_short_rr2.0_sl0.8_h6_b0.1_cd10,2026-05
53,-9.4606,0.7823232869399954,0.4151,-0.1785,bos_short_rr2.0_sl0.8_h6_b0.1_cd10,2026-06
3,1.3703,1.9622893258426966,0.6667,0.4568,bos_short_rr2.0_sl0.8_h6_b0.1_cd10,2026-07
22,-8.0286,0.5861418394383332,0.3636,-0.3649,bos_short_rr2.0_sl0.8_h6_b0.1_cd20,2026-04
42,-4.3914,0.8592143523520378,0.4524,-0.1046,bos_short_rr2.0_sl0.8_h6_b0.1_cd20,2026-05
40,2.1507,1.0752553475140576,0.5,0.0538,bos_short_rr2.0_sl0.8_h6_b0.1_cd20,2026-06
2,0.0158,1.0110955056179776,0.5,0.0079,bos_short_rr2.0_sl0.8_h6_b0.1_cd20,2026-07
34,-14.3238,0.5299403064422442,0.3235,-0.4213,bos_short_rr2.0_sl0.8_h6_b0.1_cd5,2026-04
64,-20.3298,0.6291211196894292,0.3594,-0.3177,bos_short_rr2.0_sl0.8_h6_b0.1_cd5,2026-05
64,-13.8902,0.7320589114688323,0.4062,-0.217,bos_short_rr2.0_sl0.8_h6_b0.1_cd5,2026-06
3,1.3896,1.9758426966292137,0.6667,0.4632,bos_short_rr2.0_sl0.8_h6_b0.1_cd5,2026-07
50,-18.5432,0.5868556316297225,0.36,-0.3709,bos_short_rr2.0_sl0.8_h6_b0.2_cd0,2026-04
95,-33.2076,0.5998915616923605,0.3474,-0.3496,bos_short_rr2.0_sl0.8_h6_b0.2_cd0,2026-05
94,-34.9848,0.5721916240302873,0.3511,-0.3722,bos_short_rr2.0_sl0.8_h6_b0.2_cd0,2026-06
5,2.6987,2.8951544943820227,0.8,0.5397,bos_short_rr2.0_sl0.8_h6_b0.2_cd0,2026-07
25,-12.704,0.4703378347390672,0.32,-0.5082,bos_short_rr2.0_sl0.8_h6_b0.2_cd10,2026-04
53,-11.7379,0.726452403757641,0.3962,-0.2215,bos_short_rr2.0_sl0.8_h6_b0.2_cd10,2026-05
48,-10.1199,0.7359369373600739,0.4167,-0.2108,bos_short_rr2.0_sl0.8_h6_b0.2_cd10,2026-06
3,1.3703,1.9622893258426966,0.6667,0.4568,bos_short_rr2.0_sl0.8_h6_b0.2_cd10,2026-07
20,-8.8825,0.5143972402783776,0.35,-0.4441,bos_short_rr2.0_sl0.8_h6_b0.2_cd20,2026-04
42,-4.6261,0.8518666764865047,0.4524,-0.1101,bos_short_rr2.0_sl0.8_h6_b0.2_cd20,2026-05
39,-6.0075,0.807820267564092,0.4359,-0.154,bos_short_rr2.0_sl0.8_h6_b0.2_cd20,2026-06
2,0.0158,1.0110955056179776,0.5,0.0079,bos_short_rr2.0_sl0.8_h6_b0.2_cd20,2026-07
30,-15.2904,0.4542495324300787,0.3,-0.5097,bos_short_rr2.0_sl0.8_h6_b0.2_cd5,2026-04
63,-19.3536,0.6389846443121279,0.3651,-0.3072,bos_short_rr2.0_sl0.8_h6_b0.2_cd5,2026-05
60,-19.1098,0.6266012739849154,0.3667,-0.3185,bos_short_rr2.0_sl0.8_h6_b0.2_cd5,2026-06
3,1.3703,1.9622893258426966,0.6667,0.4568,bos_short_rr2.0_sl0.8_h6_b0.2_cd5,2026-07
48,-15.3893,0.6249704519811184,0.3542,-0.3206,bos_short_rr2.0_sl1.0_h12_b0.1_cd0,2026-04
87,-27.2876,0.6362283870795729,0.3333,-0.3137,bos_short_rr2.0_sl1.0_h12_b0.1_cd0,2026-05
88,-3.9009,0.9393895606290843,0.4205,-0.0443,bos_short_rr2.0_sl1.0_h12_b0.1_cd0,2026-06
4,-0.0688,0.9714167012879102,0.5,-0.0172,bos_short_rr2.0_sl1.0_h12_b0.1_cd0,2026-07
28,-8.1034,0.6609739770730483,0.3571,-0.2894,bos_short_rr2.0_sl1.0_h12_b0.1_cd10,2026-04
52,-8.584,0.7900483299743676,0.3846,-0.1651,bos_short_rr2.0_sl1.0_h12_b0.1_cd10,2026-05
50,2.2896,1.0646100707730857,0.46,0.0458,bos_short_rr2.0_sl1.0_h12_b0.1_cd10,2026-06
2,0.2127,1.1588261648745521,0.5,0.1064,bos_short_rr2.0_sl1.0_h12_b0.1_cd10,2026-07
22,-0.2903,0.9816796879930328,0.4545,-0.0132,bos_short_rr2.0_sl1.0_h12_b0.1_cd20,2026-04
42,-5.0286,0.844112121719398,0.4048,-0.1197,bos_short_rr2.0_sl1.0_h12_b0.1_cd20,2026-05
40,1.4658,1.052460541856054,0.475,0.0366,bos_short_rr2.0_sl1.0_h12_b0.1_cd20,2026-06
2,0.2127,1.1588261648745521,0.5,0.1064,bos_short_rr2.0_sl1.0_h12_b0.1_cd20,2026-07
31,-4.8642,0.7962766737168345,0.4194,-0.1569,bos_short_rr2.0_sl1.0_h12_b0.1_cd5,2026-04
63,-10.9518,0.7811771334719982,0.381,-0.1738,bos_short_rr2.0_sl1.0_h12_b0.1_cd5,2026-05
59,-2.0522,0.9524878916125685,0.4407,-0.0348,bos_short_rr2.0_sl1.0_h12_b0.1_cd5,2026-06
2,0.2127,1.1588261648745521,0.5,0.1064,bos_short_rr2.0_sl1.0_h12_b0.1_cd5,2026-07
47,-17.3473,0.5803424551489229,0.3404,-0.3691,bos_short_rr2.0_sl1.0_h12_b0.2_cd0,2026-04
87,-27.7625,0.6314544423927285,0.3333,-0.3191,bos_short_rr2.0_sl1.0_h12_b0.2_cd0,2026-05
82,-10.3423,0.8322512103935705,0.4024,-0.1261,bos_short_rr2.0_sl1.0_h12_b0.2_cd0,2026-06
4,-0.0688,0.9714167012879102,0.5,-0.0172,bos_short_rr2.0_sl1.0_h12_b0.2_cd0,2026-07
25,-7.3178,0.6590075628020111,0.36,-0.2927,bos_short_rr2.0_sl1.0_h12_b0.2_cd10,2026-04
52,-8.819,0.7847060489324408,0.3846,-0.1696,bos_short_rr2.0_sl1.0_h12_b0.2_cd10,2026-05
45,-1.6875,0.9472837462122394,0.4444,-0.0375,bos_short_rr2.0_sl1.0_h12_b0.2_cd10,2026-06
2,0.2127,1.1588261648745521,0.5,0.1064,bos_short_rr2.0_sl1.0_h12_b0.2_cd10,2026-07
20,-0.8603,0.9417129074439182,0.45,-0.043,bos_short_rr2.0_sl1.0_h12_b0.2_cd20,2026-04
42,-5.2163,0.8384421215640728,0.4048,-0.1242,bos_short_rr2.0_sl1.0_h12_b0.2_cd20,2026-05
38,-1.8092,0.934291431954296,0.4474,-0.0476,bos_short_rr2.0_sl1.0_h12_b0.2_cd20,2026-06
2,0.2127,1.1588261648745521,0.5,0.1064,bos_short_rr2.0_sl1.0_h12_b0.2_cd20,2026-07
28,-4.1373,0.8075092469816456,0.4286,-0.1478,bos_short_rr2.0_sl1.0_h12_b0.2_cd5,2026-04
62,-9.9708,0.7960293350517046,0.3871,-0.1608,bos_short_rr2.0_sl1.0_h12_b0.2_cd5,2026-05
53,-1.9039,0.9493677282095605,0.4528,-0.0359,bos_short_rr2.0_sl1.0_h12_b0.2_cd5,2026-06
2,0.2127,1.1588261648745521,0.5,0.1064,bos_short_rr2.0_sl1.0_h12_b0.2_cd5,2026-07
49,-18.4474,0.5504581343210839,0.3469,-0.3765,bos_short_rr2.0_sl1.0_h6_b0.1_cd0,2026-04
92,-24.5017,0.6620595009861661,0.3696,-0.2663,bos_short_rr2.0_sl1.0_h6_b0.1_cd0,2026-05
93,-17.6653,0.7423771773243264,0.3871,-0.1899,bos_short_rr2.0_sl1.0_h6_b0.1_cd0,2026-06
5,2.7744,3.0716845878136203,0.8,0.5549,bos_short_rr2.0_sl1.0_h6_b0.1_cd0,2026-07
28,-10.0188,0.5813183782292911,0.3571,-0.3578,bos_short_rr2.0_sl1.0_h6_b0.1_cd10,2026-04
52,-7.7901,0.7922739708493992,0.4038,-0.1498,bos_short_rr2.0_sl1.0_h6_b0.1_cd10,2026-05
52,-9.1428,0.7641133869806729,0.3846,-0.1758,bos_short_rr2.0_sl1.0_h6_b0.1_cd10,2026-06
3,1.6963,2.266651732377539,0.6667,0.5654,bos_short_rr2.0_sl1.0_h6_b0.1_cd10,2026-07
22,-2.1783,0.8625313963321511,0.4545,-0.099,bos_short_rr2.0_sl1.0_h6_b0.1_cd20,2026-04
42,-3.3987,0.8796724422383821,0.4524,-0.0809,bos_short_rr2.0_sl1.0_h6_b0.1_cd20,2026-05
40,2.2743,1.0855839752539145,0.475,0.0569,bos_short_rr2.0_sl1.0_h6_b0.1_cd20,2026-06
2,0.2127,1.1588261648745521,0.5,0.1064,bos_short_rr2.0_sl1.0_h6_b0.1_cd20,2026-07
34,-9.2215,0.6562169134642628,0.3824,-0.2712,bos_short_rr2.0_sl1.0_h6_b0.1_cd5,2026-04
64,-14.2036,0.704802600404027,0.375,-0.2219,bos_short_rr2.0_sl1.0_h6_b0.1_cd5,2026-05
63,-11.9891,0.7457318340494662,0.3968,-0.1903,bos_short_rr2.0_sl1.0_h6_b0.1_cd5,2026-06
3,1.7117,2.278151135005974,0.6667,0.5706,bos_short_rr2.0_sl1.0_h6_b0.1_cd5,2026-07
48,-18.4815,0.5431161498299185,0.3333,-0.385,bos_short_rr2.0_sl1.0_h6_b0.2_cd0,2026-04
91,-23.8591,0.6695868572037905,0.3626,-0.2622,bos_short_rr2.0_sl1.0_h6_b0.2_cd0,2026-05
87,-22.8052,0.650180315471543,0.3678,-0.2621,bos_short_rr2.0_sl1.0_h6_b0.2_cd0,2026-06
5,2.759,3.0601851851851856,0.8,0.5518,bos_short_rr2.0_sl1.0_h6_b0.2_cd0,2026-07
25,-7.1357,0.6512416728982469,0.36,-0.2854,bos_short_rr2.0_sl1.0_h6_b0.2_cd10,2026-04
52,-7.8735,0.7931863253700371,0.4038,-0.1514,bos_short_rr2.0_sl1.0_h6_b0.2_cd10,2026-05
47,-10.1053,0.7018109174390434,0.3617,-0.215,bos_short_rr2.0_sl1.0_h6_b0.2_cd10,2026-06
3,1.6963,2.266651732377539,0.6667,0.5654,bos_short_rr2.0_sl1.0_h6_b0.2_cd10,2026-07
20,-0.6782,0.9507111346904366,0.45,-0.0339,bos_short_rr2.0_sl1.0_h6_b0.2_cd20,2026-04
42,-2.9431,0.8959119507976984,0.4524,-0.0701,bos_short_rr2.0_sl1.0_h6_b0.2_cd20,2026-05
39,-3.1038,0.8874664172204879,0.4359,-0.0796,bos_short_rr2.0_sl1.0_h6_b0.2_cd20,2026-06
2,0.2127,1.1588261648745521,0.5,0.1064,bos_short_rr2.0_sl1.0_h6_b0.2_cd20,2026-07
29,-4.9549,0.7736165430023028,0.4138,-0.1709,bos_short_rr2.0_sl1.0_h6_b0.2_cd5,2026-04
63,-13.071,0.7244852146089654,0.381,-0.2075,bos_short_rr2.0_sl1.0_h6_b0.2_cd5,2026-05
59,-11.2147,0.7390498040785176,0.4068,-0.1901,bos_short_rr2.0_sl1.0_h6_b0.2_cd5,2026-06
3,1.6963,2.266651732377539,0.6667,0.5654,bos_short_rr2.0_sl1.0_h6_b0.2_cd5,2026-07
17,-7.5062,0.39590358536879805,0.4706,-0.4415,choch_long_rr1.0_sl0.8_h12_b0.1_cd0,2026-04
29,-18.1228,0.2701895120045747,0.3793,-0.6249,choch_long_rr1.0_sl0.8_h12_b0.1_cd0,2026-05
44,-28.4604,0.2695419173356877,0.3636,-0.6468,choch_long_rr1.0_sl0.8_h12_b0.1_cd0,2026-06
5,1.8547,2.7398686679174484,0.8,0.3709,choch_long_rr1.0_sl0.8_h12_b0.1_cd0,2026-07
13,-3.93,0.5286922108292859,0.5385,-0.3023,choch_long_rr1.0_sl0.8_h12_b0.1_cd10,2026-04
22,-16.3925,0.19633577157649088,0.3182,-0.7451,choch_long_rr1.0_sl0.8_h12_b0.1_cd10,2026-05
30,-19.1087,0.27240431332531184,0.3667,-0.637,choch_long_rr1.0_sl0.8_h12_b0.1_cd10,2026-06
2,1.5638,inf,1.0,0.7819,choch_long_rr1.0_sl0.8_h12_b0.1_cd10,2026-07
13,-3.93,0.5286922108292859,0.5385,-0.3023,choch_long_rr1.0_sl0.8_h12_b0.1_cd20,2026-04
21,-17.0417,0.17211812656973383,0.2857,-0.8115,choch_long_rr1.0_sl0.8_h12_b0.1_cd20,2026-05
28,-18.4249,0.25916648237872175,0.3571,-0.658,choch_long_rr1.0_sl0.8_h12_b0.1_cd20,2026-06
2,1.5638,inf,1.0,0.7819,choch_long_rr1.0_sl0.8_h12_b0.1_cd20,2026-07
14,-3.4192,0.5899502308568687,0.5714,-0.2442,choch_long_rr1.0_sl0.8_h12_b0.1_cd5,2026-04
23,-15.6941,0.23057576530111976,0.3478,-0.6824,choch_long_rr1.0_sl0.8_h12_b0.1_cd5,2026-05
30,-19.1087,0.27240431332531184,0.3667,-0.637,choch_long_rr1.0_sl0.8_h12_b0.1_cd5,2026-06
2,1.5638,inf,1.0,0.7819,choch_long_rr1.0_sl0.8_h12_b0.1_cd5,2026-07
16,-12.2098,0.1891809331544765,0.3125,-0.7631,choch_long_rr1.0_sl0.8_h12_b0.2_cd0,2026-04
28,-16.6969,0.2866493209093278,0.3929,-0.5963,choch_long_rr1.0_sl0.8_h12_b0.2_cd0,2026-05
38,-24.6564,0.26105876429547586,0.3684,-0.6489,choch_long_rr1.0_sl0.8_h12_b0.2_cd0,2026-06
5,1.8547,2.7398686679174484,0.8,0.3709,choch_long_rr1.0_sl0.8_h12_b0.2_cd0,2026-07
12,-8.5807,0.2141280555377472,0.3333,-0.7151,choch_long_rr1.0_sl0.8_h12_b0.2_cd10,2026-04
22,-14.2461,0.24907096508937185,0.3636,-0.6475,choch_long_rr1.0_sl0.8_h12_b0.2_cd10,2026-05
26,-15.9744,0.277261498647218,0.3846,-0.6144,choch_long_rr1.0_sl0.8_h12_b0.2_cd10,2026-06
2,1.5638,inf,1.0,0.7819,choch_long_rr1.0_sl0.8_h12_b0.2_cd10,2026-07
12,-8.5807,0.2141280555377472,0.3333,-0.7151,choch_long_rr1.0_sl0.8_h12_b0.2_cd20,2026-04
20,-11.5223,0.2977889643235864,0.4,-0.5761,choch_long_rr1.0_sl0.8_h12_b0.2_cd20,2026-05
24,-15.2899,0.2617248422282632,0.375,-0.6371,choch_long_rr1.0_sl0.8_h12_b0.2_cd20,2026-06
2,1.5638,inf,1.0,0.7819,choch_long_rr1.0_sl0.8_h12_b0.2_cd20,2026-07
13,-8.0699,0.2609101816150275,0.3846,-0.6208,choch_long_rr1.0_sl0.8_h12_b0.2_cd5,2026-04
22,-14.2461,0.24907096508937185,0.3636,-0.6475,choch_long_rr1.0_sl0.8_h12_b0.2_cd5,2026-05
26,-15.9744,0.277261498647218,0.3846,-0.6144,choch_long_rr1.0_sl0.8_h12_b0.2_cd5,2026-06
2,1.5638,inf,1.0,0.7819,choch_long_rr1.0_sl0.8_h12_b0.2_cd5,2026-07
17,-7.9825,0.351780421454383,0.4118,-0.4696,choch_long_rr1.0_sl0.8_h6_b0.1_cd0,2026-04
29,-16.4864,0.2963040425468344,0.4138,-0.5685,choch_long_rr1.0_sl0.8_h6_b0.1_cd0,2026-05
44,-28.2058,0.27131482543570035,0.3636,-0.641,choch_long_rr1.0_sl0.8_h6_b0.1_cd0,2026-06
5,0.8267,1.58614577424844,0.6,0.1653,choch_long_rr1.0_sl0.8_h6_b0.1_cd0,2026-07
13,-4.4063,0.46444241871771497,0.4615,-0.3389,choch_long_rr1.0_sl0.8_h6_b0.1_cd10,2026-04
22,-16.3925,0.19633577157649088,0.3182,-0.7451,choch_long_rr1.0_sl0.8_h6_b0.1_cd10,2026-05
30,-19.1087,0.27240431332531184,0.3667,-0.637,choch_long_rr1.0_sl0.8_h6_b0.1_cd10,2026-06
2,1.5638,inf,1.0,0.7819,choch_long_rr1.0_sl0.8_h6_b0.1_cd10,2026-07
13,-4.4063,0.46444241871771497,0.4615,-0.3389,choch_long_rr1.0_sl0.8_h6_b0.1_cd20,2026-04
21,-17.0417,0.17211812656973383,0.2857,-0.8115,choch_long_rr1.0_sl0.8_h6_b0.1_cd20,2026-05
28,-18.4249,0.25916648237872175,0.3571,-0.658,choch_long_rr1.0_sl0.8_h6_b0.1_cd20,2026-06
2,1.5638,inf,1.0,0.7819,choch_long_rr1.0_sl0.8_h6_b0.1_cd20,2026-07
14,-3.8955,0.5265268915223336,0.5,-0.2782,choch_long_rr1.0_sl0.8_h6_b0.1_cd5,2026-04
23,-15.6941,0.23057576530111976,0.3478,-0.6824,choch_long_rr1.0_sl0.8_h6_b0.1_cd5,2026-05
30,-19.1087,0.27240431332531184,0.3667,-0.637,choch_long_rr1.0_sl0.8_h6_b0.1_cd5,2026-06
2,1.5638,inf,1.0,0.7819,choch_long_rr1.0_sl0.8_h6_b0.1_cd5,2026-07
16,-11.3613,0.20047712542487386,0.3125,-0.7101,choch_long_rr1.0_sl0.8_h6_b0.2_cd0,2026-04
28,-15.0605,0.31550649020106897,0.4286,-0.5379,choch_long_rr1.0_sl0.8_h6_b0.2_cd0,2026-05
38,-24.4018,0.26306602320566796,0.3684,-0.6422,choch_long_rr1.0_sl0.8_h6_b0.2_cd0,2026-06
5,0.8267,1.58614577424844,0.6,0.1653,choch_long_rr1.0_sl0.8_h6_b0.2_cd0,2026-07
12,-7.7322,0.2321701654386209,0.3333,-0.6443,choch_long_rr1.0_sl0.8_h6_b0.2_cd10,2026-04
22,-14.2461,0.24907096508937185,0.3636,-0.6475,choch_long_rr1.0_sl0.8_h6_b0.2_cd10,2026-05
26,-15.9744,0.277261498647218,0.3846,-0.6144,choch_long_rr1.0_sl0.8_h6_b0.2_cd10,2026-06
2,1.5638,inf,1.0,0.7819,choch_long_rr1.0_sl0.8_h6_b0.2_cd10,2026-07
12,-7.7322,0.2321701654386209,0.3333,-0.6443,choch_long_rr1.0_sl0.8_h6_b0.2_cd20,2026-04
20,-11.5223,0.2977889643235864,0.4,-0.5761,choch_long_rr1.0_sl0.8_h6_b0.2_cd20,2026-05
24,-15.2899,0.2617248422282632,0.375,-0.6371,choch_long_rr1.0_sl0.8_h6_b0.2_cd20,2026-06
2,1.5638,inf,1.0,0.7819,choch_long_rr1.0_sl0.8_h6_b0.2_cd20,2026-07
13,-7.2214,0.2828940835335942,0.3846,-0.5555,choch_long_rr1.0_sl0.8_h6_b0.2_cd5,2026-04
22,-14.2461,0.24907096508937185,0.3636,-0.6475,choch_long_rr1.0_sl0.8_h6_b0.2_cd5,2026-05
26,-15.9744,0.277261498647218,0.3846,-0.6144,choch_long_rr1.0_sl0.8_h6_b0.2_cd5,2026-06
2,1.5638,inf,1.0,0.7819,choch_long_rr1.0_sl0.8_h6_b0.2_cd5,2026-07
17,-8.0471,0.3787798080857207,0.4118,-0.4734,choch_long_rr1.0_sl1.0_h12_b0.1_cd0,2026-04
28,-13.6992,0.3515662719036665,0.3929,-0.4893,choch_long_rr1.0_sl1.0_h12_b0.1_cd0,2026-05
41,-21.0358,0.3510853906450031,0.3902,-0.5131,choch_long_rr1.0_sl1.0_h12_b0.1_cd0,2026-06
4,1.3368,2.269756838905775,0.75,0.3342,choch_long_rr1.0_sl1.0_h12_b0.1_cd0,2026-07
13,-2.7438,0.6413520861654293,0.5385,-0.2111,choch_long_rr1.0_sl1.0_h12_b0.1_cd10,2026-04
22,-12.7135,0.294650584762877,0.3636,-0.5779,choch_long_rr1.0_sl1.0_h12_b0.1_cd10,2026-05
29,-17.5394,0.2910738537153204,0.3448,-0.6048,choch_long_rr1.0_sl1.0_h12_b0.1_cd10,2026-06
2,1.651,inf,1.0,0.8255,choch_long_rr1.0_sl1.0_h12_b0.1_cd10,2026-07
13,-2.7438,0.6413520861654293,0.5385,-0.2111,choch_long_rr1.0_sl1.0_h12_b0.1_cd20,2026-04
20,-10.1259,0.34468253095088625,0.4,-0.5063,choch_long_rr1.0_sl1.0_h12_b0.1_cd20,2026-05
28,-18.308,0.2601752174053599,0.3214,-0.6539,choch_long_rr1.0_sl1.0_h12_b0.1_cd20,2026-06
2,1.651,inf,1.0,0.8255,choch_long_rr1.0_sl1.0_h12_b0.1_cd20,2026-07
14,-4.1352,0.5426574354663894,0.5,-0.2954,choch_long_rr1.0_sl1.0_h12_b0.1_cd5,2026-04
23,-11.9548,0.336743525443288,0.3913,-0.5198,choch_long_rr1.0_sl1.0_h12_b0.1_cd5,2026-05
30,-16.8872,0.32056584643610087,0.3667,-0.5629,choch_long_rr1.0_sl1.0_h12_b0.1_cd5,2026-06
2,1.651,inf,1.0,0.8255,choch_long_rr1.0_sl1.0_h12_b0.1_cd5,2026-07
16,-10.7678,0.2347903949060881,0.3125,-0.673,choch_long_rr1.0_sl1.0_h12_b0.2_cd0,2026-04
27,-12.3585,0.37538853425924523,0.4074,-0.4577,choch_long_rr1.0_sl1.0_h12_b0.2_cd0,2026-05
36,-20.929,0.29887741325999057,0.3611,-0.5814,choch_long_rr1.0_sl1.0_h12_b0.2_cd0,2026-06
4,1.3368,2.269756838905775,0.75,0.3342,choch_long_rr1.0_sl1.0_h12_b0.2_cd0,2026-07
12,-5.4645,0.37679622280005476,0.4167,-0.4554,choch_long_rr1.0_sl1.0_h12_b0.2_cd10,2026-04
22,-10.5964,0.3648651078597673,0.4091,-0.4817,choch_long_rr1.0_sl1.0_h12_b0.2_cd10,2026-05
25,-16.6318,0.24996166785421153,0.32,-0.6653,choch_long_rr1.0_sl1.0_h12_b0.2_cd10,2026-06
2,1.651,inf,1.0,0.8255,choch_long_rr1.0_sl1.0_h12_b0.2_cd10,2026-07
12,-5.4645,0.37679622280005476,0.4167,-0.4554,choch_long_rr1.0_sl1.0_h12_b0.2_cd20,2026-04
20,-8.0174,0.4318413742275639,0.45,-0.4009,choch_long_rr1.0_sl1.0_h12_b0.2_cd20,2026-05
24,-15.432,0.26425996910578403,0.3333,-0.643,choch_long_rr1.0_sl1.0_h12_b0.2_cd20,2026-06
2,1.651,inf,1.0,0.8255,choch_long_rr1.0_sl1.0_h12_b0.2_cd20,2026-07
13,-6.8559,0.3251934093190811,0.3846,-0.5274,choch_long_rr1.0_sl1.0_h12_b0.2_cd5,2026-04
22,-10.5964,0.3648651078597673,0.4091,-0.4817,choch_long_rr1.0_sl1.0_h12_b0.2_cd5,2026-05
26,-15.9796,0.2830595012697074,0.3462,-0.6146,choch_long_rr1.0_sl1.0_h12_b0.2_cd5,2026-06
2,1.651,inf,1.0,0.8255,choch_long_rr1.0_sl1.0_h12_b0.2_cd5,2026-07
17,-8.6282,0.32932241991776073,0.3529,-0.5075,choch_long_rr1.0_sl1.0_h6_b0.1_cd0,2026-04
28,-12.4848,0.3629196454541279,0.4286,-0.4459,choch_long_rr1.0_sl1.0_h6_b0.1_cd0,2026-05
41,-21.1537,0.32408519829756777,0.3659,-0.5159,choch_long_rr1.0_sl1.0_h6_b0.1_cd0,2026-06
4,0.2558,1.183342889908257,0.5,0.064,choch_long_rr1.0_sl1.0_h6_b0.1_cd0,2026-07
13,-3.3249,0.5602914727041896,0.4615,-0.2558,choch_long_rr1.0_sl1.0_h6_b0.1_cd10,2026-04
22,-13.2148,0.2668382858791416,0.3636,-0.6007,choch_long_rr1.0_sl1.0_h6_b0.1_cd10,2026-05
30,-17.7121,0.2848017185335934,0.3333,-0.5904,choch_long_rr1.0_sl1.0_h6_b0.1_cd10,2026-06
2,1.651,inf,1.0,0.8255,choch_long_rr1.0_sl1.0_h6_b0.1_cd10,2026-07
13,-3.3249,0.5602914727041896,0.4615,-0.2558,choch_long_rr1.0_sl1.0_h6_b0.1_cd20,2026-04
21,-11.9342,0.2878888232521227,0.381,-0.5683,choch_long_rr1.0_sl1.0_h6_b0.1_cd20,2026-05
28,-19.1482,0.2234141355969323,0.2857,-0.6839,choch_long_rr1.0_sl1.0_h6_b0.1_cd20,2026-06
2,1.651,inf,1.0,0.8255,choch_long_rr1.0_sl1.0_h6_b0.1_cd20,2026-07
14,-4.7163,0.4732156818943371,0.4286,-0.3369,choch_long_rr1.0_sl1.0_h6_b0.1_cd5,2026-04
23,-12.4561,0.3089312265595526,0.3913,-0.5416,choch_long_rr1.0_sl1.0_h6_b0.1_cd5,2026-05
30,-17.7274,0.2841839186280804,0.3333,-0.5909,choch_long_rr1.0_sl1.0_h6_b0.1_cd5,2026-06
2,1.651,inf,1.0,0.8255,choch_long_rr1.0_sl1.0_h6_b0.1_cd5,2026-07
16,-10.9526,0.19482161629676462,0.25,-0.6845,choch_long_rr1.0_sl1.0_h6_b0.2_cd0,2026-04
27,-11.1441,0.3895717619219772,0.4444,-0.4127,choch_long_rr1.0_sl1.0_h6_b0.2_cd0,2026-05
36,-21.0469,0.267429394852803,0.3333,-0.5846,choch_long_rr1.0_sl1.0_h6_b0.2_cd0,2026-06
4,0.2558,1.183342889908257,0.5,0.064,choch_long_rr1.0_sl1.0_h6_b0.2_cd0,2026-07
12,-5.6493,0.3193122394389956,0.3333,-0.4708,choch_long_rr1.0_sl1.0_h6_b0.2_cd10,2026-04
22,-11.0977,0.3348178161918519,0.4091,-0.5044,choch_long_rr1.0_sl1.0_h6_b0.2_cd10,2026-05
26,-16.8045,0.24300985175074663,0.3077,-0.6463,choch_long_rr1.0_sl1.0_h6_b0.2_cd10,2026-06
2,1.651,inf,1.0,0.8255,choch_long_rr1.0_sl1.0_h6_b0.2_cd10,2026-07
12,-5.6493,0.3193122394389956,0.3333,-0.4708,choch_long_rr1.0_sl1.0_h6_b0.2_cd20,2026-04
20,-8.0174,0.4318413742275639,0.45,-0.4009,choch_long_rr1.0_sl1.0_h6_b0.2_cd20,2026-05
24,-16.2722,0.22087784231014157,0.2917,-0.678,choch_long_rr1.0_sl1.0_h6_b0.2_cd20,2026-06
2,1.651,inf,1.0,0.8255,choch_long_rr1.0_sl1.0_h6_b0.2_cd20,2026-07
13,-7.0407,0.27346555495934294,0.3077,-0.5416,choch_long_rr1.0_sl1.0_h6_b0.2_cd5,2026-04
22,-11.0977,0.3348178161918519,0.4091,-0.5044,choch_long_rr1.0_sl1.0_h6_b0.2_cd5,2026-05
26,-16.8198,0.2423206346203224,0.3077,-0.6469,choch_long_rr1.0_sl1.0_h6_b0.2_cd5,2026-06
2,1.651,inf,1.0,0.8255,choch_long_rr1.0_sl1.0_h6_b0.2_cd5,2026-07
16,-12.0847,0.26921053427266955,0.25,-0.7553,choch_long_rr1.5_sl0.8_h12_b0.1_cd0,2026-04
27,-16.3322,0.35434110549744224,0.2963,-0.6049,choch_long_rr1.5_sl0.8_h12_b0.1_cd0,2026-05
42,-30.3979,0.29904973170658594,0.2619,-0.7238,choch_long_rr1.5_sl0.8_h12_b0.1_cd0,2026-06
3,0.3738,1.3499999999999999,0.6667,0.1246,choch_long_rr1.5_sl0.8_h12_b0.1_cd0,2026-07
13,-7.93,0.359543846613578,0.3077,-0.61,choch_long_rr1.5_sl0.8_h12_b0.1_cd10,2026-04
22,-17.8925,0.23279277579582877,0.2273,-0.8133,choch_long_rr1.5_sl0.8_h12_b0.1_cd10,2026-05
30,-18.6087,0.36794320941528114,0.3,-0.6203,choch_long_rr1.5_sl0.8_h12_b0.1_cd10,2026-06
2,0.0638,1.0597378277153557,0.5,0.0319,choch_long_rr1.5_sl0.8_h12_b0.1_cd10,2026-07
13,-7.93,0.359543846613578,0.3077,-0.61,choch_long_rr1.5_sl0.8_h12_b0.1_cd20,2026-04
20,-15.4605,0.25989487591911764,0.25,-0.773,choch_long_rr1.5_sl0.8_h12_b0.1_cd20,2026-05
28,-18.4249,0.3431220854783737,0.2857,-0.658,choch_long_rr1.5_sl0.8_h12_b0.1_cd20,2026-06
2,0.0638,1.0597378277153557,0.5,0.0319,choch_long_rr1.5_sl0.8_h12_b0.1_cd20,2026-07
14,-9.4192,0.320942974551222,0.2857,-0.6728,choch_long_rr1.5_sl0.8_h12_b0.1_cd5,2026-04
23,-16.6941,0.284178615532382,0.2609,-0.7258,choch_long_rr1.5_sl0.8_h12_b0.1_cd5,2026-05
30,-18.6087,0.36794320941528114,0.3,-0.6203,choch_long_rr1.5_sl0.8_h12_b0.1_cd5,2026-06
2,0.0638,1.0597378277153557,0.5,0.0319,choch_long_rr1.5_sl0.8_h12_b0.1_cd5,2026-07
15,-15.7354,0.12446375811665732,0.1333,-1.049,choch_long_rr1.5_sl0.8_h12_b0.2_cd0,2026-04
26,-14.9063,0.3755084941033537,0.3077,-0.5733,choch_long_rr1.5_sl0.8_h12_b0.2_cd0,2026-05
36,-25.0939,0.30967406494492555,0.2778,-0.6971,choch_long_rr1.5_sl0.8_h12_b0.2_cd0,2026-06
3,0.3738,1.3499999999999999,0.6667,0.1246,choch_long_rr1.5_sl0.8_h12_b0.2_cd0,2026-07
12,-11.5807,0.16188773737841594,0.1667,-0.9651,choch_long_rr1.5_sl0.8_h12_b0.2_cd10,2026-04
22,-15.2461,0.30369433267719226,0.2727,-0.693,choch_long_rr1.5_sl0.8_h12_b0.2_cd10,2026-05
26,-15.9744,0.36813375894435807,0.3077,-0.6144,choch_long_rr1.5_sl0.8_h12_b0.2_cd10,2026-06
2,0.0638,1.0597378277153557,0.5,0.0319,choch_long_rr1.5_sl0.8_h12_b0.2_cd10,2026-07
12,-11.5807,0.16188773737841594,0.1667,-0.9651,choch_long_rr1.5_sl0.8_h12_b0.2_cd20,2026-04
19,-11.4477,0.36743602636857425,0.3158,-0.6025,choch_long_rr1.5_sl0.8_h12_b0.2_cd20,2026-05
24,-15.7899,0.33903051613713425,0.2917,-0.6579,choch_long_rr1.5_sl0.8_h12_b0.2_cd20,2026-06
2,0.0638,1.0597378277153557,0.5,0.0319,choch_long_rr1.5_sl0.8_h12_b0.2_cd20,2026-07
13,-13.0699,0.14613766430606007,0.1538,-1.0054,choch_long_rr1.5_sl0.8_h12_b0.2_cd5,2026-04
22,-15.2461,0.30369433267719226,0.2727,-0.693,choch_long_rr1.5_sl0.8_h12_b0.2_cd5,2026-05
26,-15.9744,0.36813375894435807,0.3077,-0.6144,choch_long_rr1.5_sl0.8_h12_b0.2_cd5,2026-06
2,0.0638,1.0597378277153557,0.5,0.0319,choch_long_rr1.5_sl0.8_h12_b0.2_cd5,2026-07
16,-12.7267,0.16225414044603598,0.1875,-0.7954,choch_long_rr1.5_sl0.8_h6_b0.1_cd0,2026-04
27,-17.4425,0.3033366350869905,0.2963,-0.646,choch_long_rr1.5_sl0.8_h6_b0.1_cd0,2026-05
42,-30.1348,0.281156073776514,0.2619,-0.7175,choch_long_rr1.5_sl0.8_h6_b0.1_cd0,2026-06
3,-0.3641,0.7566013770973995,0.3333,-0.1214,choch_long_rr1.5_sl0.8_h6_b0.1_cd0,2026-07
13,-8.572,0.22333263869383616,0.2308,-0.6594,choch_long_rr1.5_sl0.8_h6_b0.1_cd10,2026-04
22,-19.261,0.17411326838638858,0.2273,-0.8755,choch_long_rr1.5_sl0.8_h6_b0.1_cd10,2026-05
30,-20.3695,0.3162348691851683,0.2667,-0.679,choch_long_rr1.5_sl0.8_h6_b0.1_cd10,2026-06
2,0.0638,1.0597378277153557,0.5,0.0319,choch_long_rr1.5_sl0.8_h6_b0.1_cd10,2026-07
13,-8.572,0.22333263869383616,0.2308,-0.6594,choch_long_rr1.5_sl0.8_h6_b0.1_cd20,2026-04
20,-16.829,0.1943838082107843,0.25,-0.8415,choch_long_rr1.5_sl0.8_h6_b0.1_cd20,2026-05
28,-20.1857,0.2891833551072438,0.25,-0.7209,choch_long_rr1.5_sl0.8_h6_b0.1_cd20,2026-06
2,0.0638,1.0597378277153557,0.5,0.0319,choch_long_rr1.5_sl0.8_h6_b0.1_cd20,2026-07
14,-10.0612,0.1967811210193117,0.2143,-0.7187,choch_long_rr1.5_sl0.8_h6_b0.1_cd5,2026-04
23,-18.4007,0.21100181805708013,0.2609,-0.8,choch_long_rr1.5_sl0.8_h6_b0.1_cd5,2026-05
30,-20.3695,0.3162348691851683,0.2667,-0.679,choch_long_rr1.5_sl0.8_h6_b0.1_cd5,2026-06
2,0.0638,1.0597378277153557,0.5,0.0319,choch_long_rr1.5_sl0.8_h6_b0.1_cd5,2026-07
15,-14.5256,0.1334466815809098,0.1333,-0.9684,choch_long_rr1.5_sl0.8_h6_b0.2_cd0,2026-04
26,-16.0166,0.3216553091104683,0.3077,-0.616,choch_long_rr1.5_sl0.8_h6_b0.2_cd0,2026-05
36,-24.8308,0.2886237906564333,0.2778,-0.6897,choch_long_rr1.5_sl0.8_h6_b0.2_cd0,2026-06
3,-0.3641,0.7566013770973995,0.3333,-0.1214,choch_long_rr1.5_sl0.8_h6_b0.2_cd0,2026-07
12,-10.3709,0.17742191341867733,0.1667,-0.8642,choch_long_rr1.5_sl0.8_h6_b0.2_cd10,2026-04
22,-16.6146,0.24119347634467042,0.2727,-0.7552,choch_long_rr1.5_sl0.8_h6_b0.2_cd10,2026-05
26,-17.7352,0.3080296527506828,0.2692,-0.6821,choch_long_rr1.5_sl0.8_h6_b0.2_cd10,2026-06
2,0.0638,1.0597378277153557,0.5,0.0319,choch_long_rr1.5_sl0.8_h6_b0.2_cd10,2026-07
12,-10.3709,0.17742191341867733,0.1667,-0.8642,choch_long_rr1.5_sl0.8_h6_b0.2_cd20,2026-04
19,-12.8162,0.2918170113773878,0.3158,-0.6745,choch_long_rr1.5_sl0.8_h6_b0.2_cd20,2026-05
24,-17.5507,0.27589251455377367,0.25,-0.7313,choch_long_rr1.5_sl0.8_h6_b0.2_cd20,2026-06
2,0.0638,1.0597378277153557,0.5,0.0319,choch_long_rr1.5_sl0.8_h6_b0.2_cd20,2026-07
13,-11.8601,0.15867915159253745,0.1538,-0.9123,choch_long_rr1.5_sl0.8_h6_b0.2_cd5,2026-04
22,-16.6146,0.24119347634467042,0.2727,-0.7552,choch_long_rr1.5_sl0.8_h6_b0.2_cd5,2026-05
26,-17.7352,0.3080296527506828,0.2692,-0.6821,choch_long_rr1.5_sl0.8_h6_b0.2_cd5,2026-06
2,0.0638,1.0597378277153557,0.5,0.0319,choch_long_rr1.5_sl0.8_h6_b0.2_cd5,2026-07
16,-8.1676,0.41536391227166003,0.3125,-0.5105,choch_long_rr1.5_sl1.0_h12_b0.1_cd0,2026-04
24,-13.4048,0.36570847233065984,0.2917,-0.5585,choch_long_rr1.5_sl1.0_h12_b0.1_cd0,2026-05
40,-18.2391,0.46285126960660167,0.35,-0.456,choch_long_rr1.5_sl1.0_h12_b0.1_cd0,2026-06
3,0.399,1.3784142640364188,0.6667,0.133,choch_long_rr1.5_sl1.0_h12_b0.1_cd0,2026-07
13,-4.2438,0.5775884378794816,0.3846,-0.3264,choch_long_rr1.5_sl1.0_h12_b0.1_cd10,2026-04
22,-14.3115,0.3107475510263054,0.2727,-0.6505,choch_long_rr1.5_sl1.0_h12_b0.1_cd10,2026-05
29,-15.0394,0.4276635257942246,0.3103,-0.5186,choch_long_rr1.5_sl1.0_h12_b0.1_cd10,2026-06
2,0.151,1.1432094081942337,0.5,0.0755,choch_long_rr1.5_sl1.0_h12_b0.1_cd10,2026-07
13,-4.2438,0.5775884378794816,0.3846,-0.3264,choch_long_rr1.5_sl1.0_h12_b0.1_cd20,2026-04
19,-8.159,0.4801794110526383,0.3684,-0.4294,choch_long_rr1.5_sl1.0_h12_b0.1_cd20,2026-05
28,-16.308,0.3795181639703532,0.2857,-0.5824,choch_long_rr1.5_sl1.0_h12_b0.1_cd20,2026-06
2,0.151,1.1432094081942337,0.5,0.0755,choch_long_rr1.5_sl1.0_h12_b0.1_cd20,2026-07
14,-5.6352,0.5073264556740689,0.3571,-0.4025,choch_long_rr1.5_sl1.0_h12_b0.1_cd5,2026-04
23,-13.0528,0.371367476088192,0.3043,-0.5675,choch_long_rr1.5_sl1.0_h12_b0.1_cd5,2026-05
30,-13.8872,0.47379429506805293,0.3333,-0.4629,choch_long_rr1.5_sl1.0_h12_b0.1_cd5,2026-06
2,0.151,1.1432094081942337,0.5,0.0755,choch_long_rr1.5_sl1.0_h12_b0.1_cd5,2026-07
15,-9.3883,0.32810654910576903,0.2667,-0.6259,choch_long_rr1.5_sl1.0_h12_b0.2_cd0,2026-04
23,-12.0641,0.39048037670263935,0.3043,-0.5245,choch_long_rr1.5_sl1.0_h12_b0.2_cd0,2026-05
35,-18.3943,0.4139927108687064,0.3143,-0.5256,choch_long_rr1.5_sl1.0_h12_b0.2_cd0,2026-06
3,0.399,1.3784142640364188,0.6667,0.133,choch_long_rr1.5_sl1.0_h12_b0.2_cd0,2026-07
12,-5.4645,0.4562199599964176,0.3333,-0.4554,choch_long_rr1.5_sl1.0_h12_b0.2_cd10,2026-04
22,-11.6944,0.3979127945590559,0.3182,-0.5316,choch_long_rr1.5_sl1.0_h12_b0.2_cd10,2026-05
25,-15.1318,0.3618236261650711,0.28,-0.6053,choch_long_rr1.5_sl1.0_h12_b0.2_cd10,2026-06
2,0.151,1.1432094081942337,0.5,0.0755,choch_long_rr1.5_sl1.0_h12_b0.2_cd10,2026-07
12,-5.4645,0.4562199599964176,0.3333,-0.4554,choch_long_rr1.5_sl1.0_h12_b0.2_cd20,2026-04
19,-8.0558,0.4856500724679321,0.3684,-0.424,choch_long_rr1.5_sl1.0_h12_b0.2_cd20,2026-05
24,-13.932,0.3811080706492768,0.2917,-0.5805,choch_long_rr1.5_sl1.0_h12_b0.2_cd20,2026-06
2,0.151,1.1432094081942337,0.5,0.0755,choch_long_rr1.5_sl1.0_h12_b0.2_cd20,2026-07
13,-6.8559,0.4007342336436345,0.3077,-0.5274,choch_long_rr1.5_sl1.0_h12_b0.2_cd5,2026-04
22,-11.6944,0.3979127945590559,0.3182,-0.5316,choch_long_rr1.5_sl1.0_h12_b0.2_cd5,2026-05
26,-13.9796,0.4132381951731375,0.3077,-0.5377,choch_long_rr1.5_sl1.0_h12_b0.2_cd5,2026-06
2,0.151,1.1432094081942337,0.5,0.0755,choch_long_rr1.5_sl1.0_h12_b0.2_cd5,2026-07
16,-9.0813,0.28462720075623305,0.25,-0.5676,choch_long_rr1.5_sl1.0_h6_b0.1_cd0,2026-04
25,-15.3594,0.26604513807587366,0.32,-0.6144,choch_long_rr1.5_sl1.0_h6_b0.1_cd0,2026-05
40,-17.6782,0.43603551296325244,0.325,-0.442,choch_long_rr1.5_sl1.0_h6_b0.1_cd0,2026-06
3,-0.1914,0.8629725085910653,0.3333,-0.0638,choch_long_rr1.5_sl1.0_h6_b0.1_cd0,2026-07
13,-5.1575,0.4119625571505125,0.3077,-0.3967,choch_long_rr1.5_sl1.0_h6_b0.1_cd10,2026-04
22,-16.4096,0.20970149972548377,0.2727,-0.7459,choch_long_rr1.5_sl1.0_h6_b0.1_cd10,2026-05
30,-13.8253,0.4450991173956147,0.3,-0.4608,choch_long_rr1.5_sl1.0_h6_b0.1_cd10,2026-06
2,0.151,1.1432094081942337,0.5,0.0755,choch_long_rr1.5_sl1.0_h6_b0.1_cd10,2026-07
13,-5.1575,0.4119625571505125,0.3077,-0.3967,choch_long_rr1.5_sl1.0_h6_b0.1_cd20,2026-04
20,-11.5641,0.3198708448020326,0.35,-0.5782,choch_long_rr1.5_sl1.0_h6_b0.1_cd20,2026-05
28,-16.2614,0.3444701993429142,0.25,-0.5808,choch_long_rr1.5_sl1.0_h6_b0.1_cd20,2026-06
2,0.151,1.1432094081942337,0.5,0.0755,choch_long_rr1.5_sl1.0_h6_b0.1_cd20,2026-07
14,-6.5489,0.35555643026539785,0.2857,-0.4678,choch_long_rr1.5_sl1.0_h6_b0.1_cd5,2026-04
23,-15.7213,0.24285053795548023,0.3043,-0.6835,choch_long_rr1.5_sl1.0_h6_b0.1_cd5,2026-05
30,-13.8406,0.444485027032017,0.3,-0.4614,choch_long_rr1.5_sl1.0_h6_b0.1_cd5,2026-06
2,0.151,1.1432094081942337,0.5,0.0755,choch_long_rr1.5_sl1.0_h6_b0.1_cd5,2026-07
15,-9.5841,0.2636055597814812,0.2,-0.6389,choch_long_rr1.5_sl1.0_h6_b0.2_cd0,2026-04
24,-14.0187,0.28425626206206406,0.3333,-0.5841,choch_long_rr1.5_sl1.0_h6_b0.2_cd0,2026-05
35,-18.0206,0.37385207139655524,0.2857,-0.5149,choch_long_rr1.5_sl1.0_h6_b0.2_cd0,2026-06
3,-0.1914,0.8629725085910653,0.3333,-0.0638,choch_long_rr1.5_sl1.0_h6_b0.2_cd0,2026-07
12,-5.6603,0.3773800750184246,0.25,-0.4717,choch_long_rr1.5_sl1.0_h6_b0.2_cd10,2026-04
22,-14.3687,0.2602262254737915,0.3182,-0.6531,choch_long_rr1.5_sl1.0_h6_b0.2_cd10,2026-05
26,-13.9177,0.3772478936134988,0.2692,-0.5353,choch_long_rr1.5_sl1.0_h6_b0.2_cd10,2026-06
2,0.151,1.1432094081942337,0.5,0.0755,choch_long_rr1.5_sl1.0_h6_b0.2_cd10,2026-07
12,-5.6603,0.3773800750184246,0.25,-0.4717,choch_long_rr1.5_sl1.0_h6_b0.2_cd20,2026-04
19,-9.7288,0.37883170200675514,0.3684,-0.512,choch_long_rr1.5_sl1.0_h6_b0.2_cd20,2026-05
24,-13.8854,0.3398875202639423,0.25,-0.5786,choch_long_rr1.5_sl1.0_h6_b0.2_cd20,2026-06
2,0.151,1.1432094081942337,0.5,0.0755,choch_long_rr1.5_sl1.0_h6_b0.2_cd20,2026-07
13,-7.0517,0.3272883377057,0.2308,-0.5424,choch_long_rr1.5_sl1.0_h6_b0.2_cd5,2026-04
22,-14.3687,0.2602262254737915,0.3182,-0.6531,choch_long_rr1.5_sl1.0_h6_b0.2_cd5,2026-05
26,-13.933,0.3765632900347671,0.2692,-0.5359,choch_long_rr1.5_sl1.0_h6_b0.2_cd5,2026-06
2,0.151,1.1432094081942337,0.5,0.0755,choch_long_rr1.5_sl1.0_h6_b0.2_cd5,2026-07
16,-7.0688,0.5345676736284865,0.3125,-0.4418,choch_long_rr2.0_sl0.8_h12_b0.1_cd0,2026-04
25,-13.6092,0.42779298427074003,0.28,-0.5444,choch_long_rr2.0_sl0.8_h12_b0.1_cd0,2026-05
41,-27.9361,0.3481402837408997,0.2439,-0.6814,choch_long_rr2.0_sl0.8_h12_b0.1_cd0,2026-06
3,0.8738,1.8181647940074905,0.6667,0.2913,choch_long_rr2.0_sl0.8_h12_b0.1_cd0,2026-07
13,-5.93,0.521071249737518,0.3077,-0.4562,choch_long_rr2.0_sl0.8_h12_b0.1_cd10,2026-04
22,-16.4904,0.29291300768386386,0.2273,-0.7496,choch_long_rr2.0_sl0.8_h12_b0.1_cd10,2026-05
30,-17.1087,0.440253753463918,0.2667,-0.5703,choch_long_rr2.0_sl0.8_h12_b0.1_cd10,2026-06
2,0.5638,1.5279026217228462,0.5,0.2819,choch_long_rr2.0_sl0.8_h12_b0.1_cd10,2026-07
13,-5.93,0.521071249737518,0.3077,-0.4562,choch_long_rr2.0_sl0.8_h12_b0.1_cd20,2026-04
20,-14.0584,0.3270143995098039,0.25,-0.7029,choch_long_rr2.0_sl0.8_h12_b0.1_cd20,2026-05
27,-15.7625,0.4270348668140049,0.2593,-0.5838,choch_long_rr2.0_sl0.8_h12_b0.1_cd20,2026-06
2,0.5638,1.5279026217228462,0.5,0.2819,choch_long_rr2.0_sl0.8_h12_b0.1_cd20,2026-07
14,-7.4192,0.4651286857472425,0.2857,-0.5299,choch_long_rr2.0_sl0.8_h12_b0.1_cd5,2026-04
23,-14.792,0.365738199780461,0.2609,-0.6431,choch_long_rr2.0_sl0.8_h12_b0.1_cd5,2026-05
30,-17.1087,0.440253753463918,0.2667,-0.5703,choch_long_rr2.0_sl0.8_h12_b0.1_cd5,2026-06
2,0.5638,1.5279026217228462,0.5,0.2819,choch_long_rr2.0_sl0.8_h12_b0.1_cd5,2026-07
15,-11.7195,0.2949998195315038,0.2,-0.7813,choch_long_rr2.0_sl0.8_h12_b0.2_cd0,2026-04
24,-12.1833,0.45507608083085094,0.2917,-0.5076,choch_long_rr2.0_sl0.8_h12_b0.2_cd0,2026-05
35,-18.4596,0.4682758918669796,0.2857,-0.5274,choch_long_rr2.0_sl0.8_h12_b0.2_cd0,2026-06
3,0.8738,1.8181647940074905,0.6667,0.2913,choch_long_rr2.0_sl0.8_h12_b0.2_cd0,2026-07
12,-10.5807,0.23425920565076425,0.1667,-0.8817,choch_long_rr2.0_sl0.8_h12_b0.2_cd10,2026-04
22,-13.344,0.3905652708065967,0.2727,-0.6065,choch_long_rr2.0_sl0.8_h12_b0.2_cd10,2026-05
26,-11.9744,0.526353470747153,0.3077,-0.4606,choch_long_rr2.0_sl0.8_h12_b0.2_cd10,2026-06
2,0.5638,1.5279026217228462,0.5,0.2819,choch_long_rr2.0_sl0.8_h12_b0.2_cd10,2026-07
12,-10.5807,0.23425920565076425,0.1667,-0.8817,choch_long_rr2.0_sl0.8_h12_b0.2_cd20,2026-04
19,-9.5456,0.4725401026672487,0.3158,-0.5024,choch_long_rr2.0_sl0.8_h12_b0.2_cd20,2026-05
24,-12.2899,0.4855414625978484,0.2917,-0.5121,choch_long_rr2.0_sl0.8_h12_b0.2_cd20,2026-06
2,0.5638,1.5279026217228462,0.5,0.2819,choch_long_rr2.0_sl0.8_h12_b0.2_cd20,2026-07
13,-12.0699,0.21146810567852198,0.1538,-0.9285,choch_long_rr2.0_sl0.8_h12_b0.2_cd5,2026-04
22,-13.344,0.3905652708065967,0.2727,-0.6065,choch_long_rr2.0_sl0.8_h12_b0.2_cd5,2026-05
26,-11.9744,0.526353470747153,0.3077,-0.4606,choch_long_rr2.0_sl0.8_h12_b0.2_cd5,2026-06
2,0.5638,1.5279026217228462,0.5,0.2819,choch_long_rr2.0_sl0.8_h12_b0.2_cd5,2026-07
16,-8.7108,0.37072969868594996,0.25,-0.5444,choch_long_rr2.0_sl0.8_h6_b0.1_cd0,2026-04
26,-15.4193,0.3445707848929884,0.3077,-0.593,choch_long_rr2.0_sl0.8_h6_b0.1_cd0,2026-05
41,-27.3077,0.330352238396045,0.2439,-0.666,choch_long_rr2.0_sl0.8_h6_b0.1_cd0,2026-06
3,0.1359,1.0908483187378835,0.3333,0.0453,choch_long_rr2.0_sl0.8_h6_b0.1_cd0,2026-07
13,-7.572,0.31393779050276804,0.2308,-0.5825,choch_long_rr2.0_sl0.8_h6_b0.1_cd10,2026-04
22,-18.3548,0.21296995060373217,0.2273,-0.8343,choch_long_rr2.0_sl0.8_h6_b0.1_cd10,2026-05
30,-18.7382,0.3812201766696937,0.2333,-0.6246,choch_long_rr2.0_sl0.8_h6_b0.1_cd10,2026-06
2,0.5638,1.5279026217228462,0.5,0.2819,choch_long_rr2.0_sl0.8_h6_b0.1_cd10,2026-07
13,-7.572,0.31393779050276804,0.2308,-0.5825,choch_long_rr2.0_sl0.8_h6_b0.1_cd20,2026-04
20,-15.9228,0.2377642463235294,0.25,-0.7961,choch_long_rr2.0_sl0.8_h6_b0.1_cd20,2026-05
28,-19.0544,0.34045454860125574,0.2143,-0.6805,choch_long_rr2.0_sl0.8_h6_b0.1_cd20,2026-06
2,0.5638,1.5279026217228462,0.5,0.2819,choch_long_rr2.0_sl0.8_h6_b0.1_cd20,2026-07
14,-9.0612,0.2766144290720975,0.2143,-0.6472,choch_long_rr2.0_sl0.8_h6_b0.1_cd5,2026-04
23,-17.4945,0.2498585002744237,0.2609,-0.7606,choch_long_rr2.0_sl0.8_h6_b0.1_cd5,2026-05
30,-18.7382,0.3812201766696937,0.2333,-0.6246,choch_long_rr2.0_sl0.8_h6_b0.1_cd5,2026-06
2,0.5638,1.5279026217228462,0.5,0.2819,choch_long_rr2.0_sl0.8_h6_b0.1_cd5,2026-07
15,-10.5097,0.31815409767997094,0.2,-0.7006,choch_long_rr2.0_sl0.8_h6_b0.2_cd0,2026-04
25,-13.9934,0.3668030190591685,0.32,-0.5597,choch_long_rr2.0_sl0.8_h6_b0.2_cd0,2026-05
35,-18.6965,0.4380541612815966,0.2857,-0.5342,choch_long_rr2.0_sl0.8_h6_b0.2_cd0,2026-06
3,0.1359,1.0908483187378835,0.3333,0.0453,choch_long_rr2.0_sl0.8_h6_b0.2_cd0,2026-07
12,-9.3709,0.2567378924158061,0.1667,-0.7809,choch_long_rr2.0_sl0.8_h6_b0.2_cd10,2026-04
22,-16.0536,0.2668149454002384,0.2727,-0.7297,choch_long_rr2.0_sl0.8_h6_b0.2_cd10,2026-05
26,-14.2352,0.44458837300039017,0.2692,-0.5475,choch_long_rr2.0_sl0.8_h6_b0.2_cd10,2026-06
2,0.5638,1.5279026217228462,0.5,0.2819,choch_long_rr2.0_sl0.8_h6_b0.2_cd10,2026-07
12,-9.3709,0.2567378924158061,0.1667,-0.7809,choch_long_rr2.0_sl0.8_h6_b0.2_cd20,2026-04
19,-12.2552,0.322816110690545,0.3158,-0.645,choch_long_rr2.0_sl0.8_h6_b0.2_cd20,2026-05
24,-14.5507,0.39966663503550254,0.25,-0.6063,choch_long_rr2.0_sl0.8_h6_b0.2_cd20,2026-06
2,0.5638,1.5279026217228462,0.5,0.2819,choch_long_rr2.0_sl0.8_h6_b0.2_cd20,2026-07
13,-10.8601,0.22961623040363202,0.1538,-0.8354,choch_long_rr2.0_sl0.8_h6_b0.2_cd5,2026-04
22,-16.0536,0.2668149454002384,0.2727,-0.7297,choch_long_rr2.0_sl0.8_h6_b0.2_cd5,2026-05
26,-14.2352,0.44458837300039017,0.2692,-0.5475,choch_long_rr2.0_sl0.8_h6_b0.2_cd5,2026-06
2,0.5638,1.5279026217228462,0.5,0.2819,choch_long_rr2.0_sl0.8_h6_b0.2_cd5,2026-07
16,-0.743,0.9350410910998426,0.4375,-0.0464,choch_long_rr2.0_sl1.0_h12_b0.1_cd0,2026-04
24,-13.1804,0.3837421333657506,0.25,-0.5492,choch_long_rr2.0_sl1.0_h12_b0.1_cd0,2026-05
38,-16.5165,0.5109902473397799,0.2895,-0.4346,choch_long_rr2.0_sl1.0_h12_b0.1_cd0,2026-06
3,0.899,1.852617602427921,0.6667,0.2997,choch_long_rr2.0_sl1.0_h12_b0.1_cd0,2026-07
13,-2.8404,0.7172774869109948,0.3846,-0.2185,choch_long_rr2.0_sl1.0_h12_b0.1_cd10,2026-04
22,-14.5871,0.3059743744677207,0.2273,-0.6631,choch_long_rr2.0_sl1.0_h12_b0.1_cd10,2026-05
29,-15.345,0.44432172486592386,0.2414,-0.5291,choch_long_rr2.0_sl1.0_h12_b0.1_cd10,2026-06
2,0.651,1.617412746585736,0.5,0.3255,choch_long_rr2.0_sl1.0_h12_b0.1_cd10,2026-07
13,-2.8404,0.7172774869109948,0.3846,-0.2185,choch_long_rr2.0_sl1.0_h12_b0.1_cd20,2026-04
19,-7.9346,0.5025360342568385,0.3158,-0.4176,choch_long_rr2.0_sl1.0_h12_b0.1_cd20,2026-05
27,-15.5837,0.4027082550803738,0.2222,-0.5772,choch_long_rr2.0_sl1.0_h12_b0.1_cd20,2026-06
2,0.651,1.617412746585736,0.5,0.3255,choch_long_rr2.0_sl1.0_h12_b0.1_cd20,2026-07
14,-4.2318,0.6300227312467214,0.3571,-0.3023,choch_long_rr2.0_sl1.0_h12_b0.1_cd5,2026-04
23,-14.3458,0.3174549554907437,0.2609,-0.6237,choch_long_rr2.0_sl1.0_h12_b0.1_cd5,2026-05
30,-13.6928,0.5061902924385749,0.2667,-0.4564,choch_long_rr2.0_sl1.0_h12_b0.1_cd5,2026-06
2,0.651,1.617412746585736,0.5,0.3255,choch_long_rr2.0_sl1.0_h12_b0.1_cd5,2026-07
15,-1.3671,0.8805034744984921,0.4,-0.0911,choch_long_rr2.0_sl1.0_h12_b0.2_cd0,2026-04
23,-11.8397,0.40940584922507495,0.2609,-0.5148,choch_long_rr2.0_sl1.0_h12_b0.2_cd0,2026-05
33,-14.6717,0.5127348448869656,0.2727,-0.4446,choch_long_rr2.0_sl1.0_h12_b0.2_cd0,2026-06
3,0.899,1.852617602427921,0.6667,0.2997,choch_long_rr2.0_sl1.0_h12_b0.2_cd0,2026-07
12,-3.4645,0.6552427580579356,0.3333,-0.2887,choch_long_rr2.0_sl1.0_h12_b0.2_cd10,2026-04
22,-11.47,0.41709778730929903,0.2727,-0.5214,choch_long_rr2.0_sl1.0_h12_b0.2_cd10,2026-05
25,-13.4374,0.4389347718978864,0.24,-0.5375,choch_long_rr2.0_sl1.0_h12_b0.2_cd10,2026-06
2,0.651,1.617412746585736,0.5,0.3255,choch_long_rr2.0_sl1.0_h12_b0.2_cd10,2026-07
12,-3.4645,0.6552427580579356,0.3333,-0.2887,choch_long_rr2.0_sl1.0_h12_b0.2_cd20,2026-04
19,-7.8314,0.5079666256188586,0.3158,-0.4122,choch_long_rr2.0_sl1.0_h12_b0.2_cd20,2026-05
24,-12.2376,0.4620835164835165,0.25,-0.5099,choch_long_rr2.0_sl1.0_h12_b0.2_cd20,2026-06
2,0.651,1.617412746585736,0.5,0.3255,choch_long_rr2.0_sl1.0_h12_b0.2_cd20,2026-07
13,-4.8559,0.5755517678423145,0.3077,-0.3735,choch_long_rr2.0_sl1.0_h12_b0.2_cd5,2026-04
22,-11.47,0.41709778730929903,0.2727,-0.5214,choch_long_rr2.0_sl1.0_h12_b0.2_cd5,2026-05
26,-11.7852,0.5102519136628463,0.2692,-0.4533,choch_long_rr2.0_sl1.0_h12_b0.2_cd5,2026-06
2,0.651,1.617412746585736,0.5,0.3255,choch_long_rr2.0_sl1.0_h12_b0.2_cd5,2026-07
16,-1.5601,0.8464785821828166,0.375,-0.0975,choch_long_rr2.0_sl1.0_h6_b0.1_cd0,2026-04
25,-14.7344,0.29591100449660485,0.32,-0.5894,choch_long_rr2.0_sl1.0_h6_b0.1_cd0,2026-05
38,-13.8249,0.53175772478332,0.2895,-0.3638,choch_long_rr2.0_sl1.0_h6_b0.1_cd0,2026-06
3,0.3086,1.2209335624284077,0.3333,0.1029,choch_long_rr2.0_sl1.0_h6_b0.1_cd0,2026-07
13,-3.6575,0.5829865347121667,0.3077,-0.2813,choch_long_rr2.0_sl1.0_h6_b0.1_cd10,2026-04
22,-15.7846,0.23980196303181497,0.2727,-0.7175,choch_long_rr2.0_sl1.0_h6_b0.1_cd10,2026-05
29,-13.4551,0.4393287829920577,0.2414,-0.464,choch_long_rr2.0_sl1.0_h6_b0.1_cd10,2026-06
2,0.651,1.617412746585736,0.5,0.3255,choch_long_rr2.0_sl1.0_h6_b0.1_cd10,2026-07
13,-3.6575,0.5829865347121667,0.3077,-0.2813,choch_long_rr2.0_sl1.0_h6_b0.1_cd20,2026-04
20,-10.4391,0.38603641753123014,0.35,-0.522,choch_long_rr2.0_sl1.0_h6_b0.1_cd20,2026-05
28,-16.6284,0.34028945948519373,0.1786,-0.5939,choch_long_rr2.0_sl1.0_h6_b0.1_cd20,2026-06
2,0.651,1.617412746585736,0.5,0.3255,choch_long_rr2.0_sl1.0_h6_b0.1_cd20,2026-07
14,-5.0489,0.5031637161610297,0.2857,-0.3606,choch_long_rr2.0_sl1.0_h6_b0.1_cd5,2026-04
23,-15.0963,0.27295100126181143,0.3043,-0.6564,choch_long_rr2.0_sl1.0_h6_b0.1_cd5,2026-05
30,-13.2076,0.4782491901714467,0.2333,-0.4403,choch_long_rr2.0_sl1.0_h6_b0.1_cd5,2026-06
2,0.651,1.617412746585736,0.5,0.3255,choch_long_rr2.0_sl1.0_h6_b0.1_cd5,2026-07
15,-2.0629,0.8032053422370619,0.3333,-0.1375,choch_long_rr2.0_sl1.0_h6_b0.2_cd0,2026-04
24,-13.3937,0.31616648456566354,0.3333,-0.5581,choch_long_rr2.0_sl1.0_h6_b0.2_cd0,2026-05
33,-12.8724,0.515439429928741,0.2727,-0.3901,choch_long_rr2.0_sl1.0_h6_b0.2_cd0,2026-06
3,0.3086,1.2209335624284077,0.3333,0.1029,choch_long_rr2.0_sl1.0_h6_b0.2_cd0,2026-07
12,-4.1603,0.542376610091188,0.25,-0.3467,choch_long_rr2.0_sl1.0_h6_b0.2_cd10,2026-04
22,-13.7437,0.29240440506407317,0.3182,-0.6247,choch_long_rr2.0_sl1.0_h6_b0.2_cd10,2026-05
25,-12.2526,0.41760226635358544,0.24,-0.4901,choch_long_rr2.0_sl1.0_h6_b0.2_cd10,2026-06
2,0.651,1.617412746585736,0.5,0.3255,choch_long_rr2.0_sl1.0_h6_b0.2_cd10,2026-07
12,-4.1603,0.542376610091188,0.25,-0.3467,choch_long_rr2.0_sl1.0_h6_b0.2_cd20,2026-04
19,-8.6038,0.4506611501650481,0.3684,-0.4528,choch_long_rr2.0_sl1.0_h6_b0.2_cd20,2026-05
24,-12.4575,0.4079191262440471,0.2083,-0.5191,choch_long_rr2.0_sl1.0_h6_b0.2_cd20,2026-06
2,0.651,1.617412746585736,0.5,0.3255,choch_long_rr2.0_sl1.0_h6_b0.2_cd20,2026-07
13,-5.5517,0.47038397328881465,0.2308,-0.4271,choch_long_rr2.0_sl1.0_h6_b0.2_cd5,2026-04
22,-13.7437,0.29240440506407317,0.3182,-0.6247,choch_long_rr2.0_sl1.0_h6_b0.2_cd5,2026-05
26,-12.0051,0.46295517580746176,0.2308,-0.4617,choch_long_rr2.0_sl1.0_h6_b0.2_cd5,2026-06
2,0.651,1.617412746585736,0.5,0.3255,choch_long_rr2.0_sl1.0_h6_b0.2_cd5,2026-07
17,-3.6815,0.6244440363977639,0.5882,-0.2166,choch_short_rr1.0_sl0.8_h12_b0.1_cd0,2026-04
34,-12.9892,0.448689761720839,0.5,-0.382,choch_short_rr1.0_sl0.8_h12_b0.1_cd0,2026-05
41,-4.3127,0.7867944769353221,0.6098,-0.1052,choch_short_rr1.0_sl0.8_h12_b0.1_cd0,2026-06
1,-1.4233,0.0,0.0,-1.4233,choch_short_rr1.0_sl0.8_h12_b0.1_cd0,2026-07
11,-1.468,0.7465557128552192,0.6364,-0.1335,choch_short_rr1.0_sl0.8_h12_b0.1_cd10,2026-04
21,-8.6196,0.4232182169790489,0.4762,-0.4105,choch_short_rr1.0_sl0.8_h12_b0.1_cd10,2026-05
22,-5.1794,0.5933770883054893,0.5455,-0.2354,choch_short_rr1.0_sl0.8_h12_b0.1_cd10,2026-06
1,-1.4233,0.0,0.0,-1.4233,choch_short_rr1.0_sl0.8_h12_b0.1_cd10,2026-07
10,-2.2176,0.617140292116985,0.6,-0.2218,choch_short_rr1.0_sl0.8_h12_b0.1_cd20,2026-04
21,-8.6196,0.4232182169790489,0.4762,-0.4105,choch_short_rr1.0_sl0.8_h12_b0.1_cd20,2026-05
21,-5.8995,0.5297479554258931,0.5238,-0.2809,choch_short_rr1.0_sl0.8_h12_b0.1_cd20,2026-06
1,-1.4233,0.0,0.0,-1.4233,choch_short_rr1.0_sl0.8_h12_b0.1_cd20,2026-07
12,-0.9405,0.8376264631746141,0.6667,-0.0784,choch_short_rr1.0_sl0.8_h12_b0.1_cd5,2026-04
22,-9.9638,0.38829235350093627,0.4545,-0.4529,choch_short_rr1.0_sl0.8_h12_b0.1_cd5,2026-05
24,-3.4947,0.7211000534703877,0.5833,-0.1456,choch_short_rr1.0_sl0.8_h12_b0.1_cd5,2026-06
1,-1.4233,0.0,0.0,-1.4233,choch_short_rr1.0_sl0.8_h12_b0.1_cd5,2026-07
17,-3.6568,0.62583774160212,0.5882,-0.2151,choch_short_rr1.0_sl0.8_h12_b0.2_cd0,2026-04
31,-12.8257,0.4197802297228216,0.4839,-0.4137,choch_short_rr1.0_sl0.8_h12_b0.2_cd0,2026-05
36,0.2428,1.0164811295139833,0.6667,0.0067,choch_short_rr1.0_sl0.8_h12_b0.2_cd0,2026-06
1,-1.4233,0.0,0.0,-1.4233,choch_short_rr1.0_sl0.8_h12_b0.2_cd0,2026-07
11,-1.4586,0.7468894788901036,0.6364,-0.1326,choch_short_rr1.0_sl0.8_h12_b0.2_cd10,2026-04
20,-7.1622,0.46997705912824683,0.5,-0.3581,choch_short_rr1.0_sl0.8_h12_b0.2_cd10,2026-05
20,-4.4388,0.5985384295353002,0.55,-0.2219,choch_short_rr1.0_sl0.8_h12_b0.2_cd10,2026-06
1,-1.4233,0.0,0.0,-1.4233,choch_short_rr1.0_sl0.8_h12_b0.2_cd10,2026-07
10,-2.1881,0.6202995123813491,0.6,-0.2188,choch_short_rr1.0_sl0.8_h12_b0.2_cd20,2026-04
20,-7.1622,0.46997705912824683,0.5,-0.3581,choch_short_rr1.0_sl0.8_h12_b0.2_cd20,2026-05
19,-5.1589,0.5251555539192224,0.5263,-0.2715,choch_short_rr1.0_sl0.8_h12_b0.2_cd20,2026-06
1,-1.4233,0.0,0.0,-1.4233,choch_short_rr1.0_sl0.8_h12_b0.2_cd20,2026-07
12,-0.9158,0.8410814375206067,0.6667,-0.0763,choch_short_rr1.0_sl0.8_h12_b0.2_cd5,2026-04
21,-8.5003,0.4276316232467628,0.4762,-0.4048,choch_short_rr1.0_sl0.8_h12_b0.2_cd5,2026-05
21,-1.6969,0.8267072435943261,0.619,-0.0808,choch_short_rr1.0_sl0.8_h12_b0.2_cd5,2026-06
1,-1.4233,0.0,0.0,-1.4233,choch_short_rr1.0_sl0.8_h12_b0.2_cd5,2026-07
17,-2.0878,0.7342988406276645,0.5882,-0.1228,choch_short_rr1.0_sl0.8_h6_b0.1_cd0,2026-04
35,-13.3944,0.4189963520272058,0.4571,-0.3827,choch_short_rr1.0_sl0.8_h6_b0.1_cd0,2026-05
42,-1.6412,0.910468605095194,0.6429,-0.0391,choch_short_rr1.0_sl0.8_h6_b0.1_cd0,2026-06
1,-1.4233,0.0,0.0,-1.4233,choch_short_rr1.0_sl0.8_h6_b0.1_cd0,2026-07
11,-2.5913,0.5890478304998732,0.5455,-0.2356,choch_short_rr1.0_sl0.8_h6_b0.1_cd10,2026-04
21,-11.2929,0.28488835978165883,0.381,-0.5378,choch_short_rr1.0_sl0.8_h6_b0.1_cd10,2026-05
22,-4.0336,0.6531638821293757,0.5909,-0.1833,choch_short_rr1.0_sl0.8_h6_b0.1_cd10,2026-06
1,-1.4233,0.0,0.0,-1.4233,choch_short_rr1.0_sl0.8_h6_b0.1_cd10,2026-07
10,-3.3409,0.47016937325551894,0.5,-0.3341,choch_short_rr1.0_sl0.8_h6_b0.1_cd20,2026-04
21,-11.2929,0.28488835978165883,0.381,-0.5378,choch_short_rr1.0_sl0.8_h6_b0.1_cd20,2026-05
21,-4.7537,0.584375956284153,0.5714,-0.2264,choch_short_rr1.0_sl0.8_h6_b0.1_cd20,2026-06
1,-1.4233,0.0,0.0,-1.4233,choch_short_rr1.0_sl0.8_h6_b0.1_cd20,2026-07
12,-2.0638,0.67270362852068,0.5833,-0.172,choch_short_rr1.0_sl0.8_h6_b0.1_cd5,2026-04
22,-12.6371,0.2625408496732026,0.3636,-0.5744,choch_short_rr1.0_sl0.8_h6_b0.1_cd5,2026-05
24,-2.3489,0.7943602045104355,0.625,-0.0979,choch_short_rr1.0_sl0.8_h6_b0.1_cd5,2026-06
1,-1.4233,0.0,0.0,-1.4233,choch_short_rr1.0_sl0.8_h6_b0.1_cd5,2026-07
17,-2.0631,0.7364528244040777,0.5882,-0.1214,choch_short_rr1.0_sl0.8_h6_b0.2_cd0,2026-04
32,-13.5476,0.38180872374503194,0.4375,-0.4234,choch_short_rr1.0_sl0.8_h6_b0.2_cd0,2026-05
37,2.3889,1.1788031885034242,0.7027,0.0646,choch_short_rr1.0_sl0.8_h6_b0.2_cd0,2026-06
1,-1.4233,0.0,0.0,-1.4233,choch_short_rr1.0_sl0.8_h6_b0.2_cd0,2026-07
11,-2.5819,0.5886139481525151,0.5455,-0.2347,choch_short_rr1.0_sl0.8_h6_b0.2_cd10,2026-04
20,-9.8355,0.31510044914870655,0.4,-0.4918,choch_short_rr1.0_sl0.8_h6_b0.2_cd10,2026-05
20,-3.8184,0.6354436180674234,0.6,-0.1909,choch_short_rr1.0_sl0.8_h6_b0.2_cd10,2026-06
1,-1.4233,0.0,0.0,-1.4233,choch_short_rr1.0_sl0.8_h6_b0.2_cd10,2026-07
10,-3.3114,0.47237934386004055,0.5,-0.3311,choch_short_rr1.0_sl0.8_h6_b0.2_cd20,2026-04
20,-9.8355,0.31510044914870655,0.4,-0.4918,choch_short_rr1.0_sl0.8_h6_b0.2_cd20,2026-05
19,-4.5385,0.558593256110252,0.5789,-0.2389,choch_short_rr1.0_sl0.8_h6_b0.2_cd20,2026-06
1,-1.4233,0.0,0.0,-1.4233,choch_short_rr1.0_sl0.8_h6_b0.2_cd20,2026-07
12,-2.0391,0.6751007791462852,0.5833,-0.1699,choch_short_rr1.0_sl0.8_h6_b0.2_cd5,2026-04
21,-11.1736,0.2882422636413438,0.381,-0.5321,choch_short_rr1.0_sl0.8_h6_b0.2_cd5,2026-05
21,-1.0765,0.8831111014593468,0.6667,-0.0513,choch_short_rr1.0_sl0.8_h6_b0.2_cd5,2026-06
1,-1.4233,0.0,0.0,-1.4233,choch_short_rr1.0_sl0.8_h6_b0.2_cd5,2026-07
17,-0.3453,0.9559992864060349,0.6471,-0.0203,choch_short_rr1.0_sl1.0_h12_b0.1_cd0,2026-04
32,-7.1796,0.6255476279884842,0.5312,-0.2244,choch_short_rr1.0_sl1.0_h12_b0.1_cd0,2026-05
40,-2.3103,0.8809037765611951,0.6,-0.0578,choch_short_rr1.0_sl1.0_h12_b0.1_cd0,2026-06
1,-1.3387,0.0,0.0,-1.3387,choch_short_rr1.0_sl1.0_h12_b0.1_cd0,2026-07
11,-0.5745,0.8942728845375244,0.6364,-0.0522,choch_short_rr1.0_sl1.0_h12_b0.1_cd10,2026-04
21,-5.0957,0.6131679432774862,0.5238,-0.2427,choch_short_rr1.0_sl1.0_h12_b0.1_cd10,2026-05
22,-5.5896,0.582607137256659,0.5,-0.2541,choch_short_rr1.0_sl1.0_h12_b0.1_cd10,2026-06
1,-1.3387,0.0,0.0,-1.3387,choch_short_rr1.0_sl1.0_h12_b0.1_cd10,2026-07
10,-1.3742,0.7471014759468512,0.6,-0.1374,choch_short_rr1.0_sl1.0_h12_b0.1_cd20,2026-04
20,-3.7507,0.6828938357612087,0.55,-0.1875,choch_short_rr1.0_sl1.0_h12_b0.1_cd20,2026-05
20,-9.2459,0.37251269104433044,0.4,-0.4623,choch_short_rr1.0_sl1.0_h12_b0.1_cd20,2026-06
1,-1.3387,0.0,0.0,-1.3387,choch_short_rr1.0_sl1.0_h12_b0.1_cd20,2026-07
12,0.0475,1.0087415804777504,0.6667,0.004,choch_short_rr1.0_sl1.0_h12_b0.1_cd5,2026-04
22,-6.371,0.5590454174222395,0.5,-0.2896,choch_short_rr1.0_sl1.0_h12_b0.1_cd5,2026-05
24,-6.157,0.5721809944689958,0.5,-0.2565,choch_short_rr1.0_sl1.0_h12_b0.1_cd5,2026-06
1,-1.3387,0.0,0.0,-1.3387,choch_short_rr1.0_sl1.0_h12_b0.1_cd5,2026-07
17,-0.3256,0.9583844580777097,0.6471,-0.0192,choch_short_rr1.0_sl1.0_h12_b0.2_cd0,2026-04
31,-5.8186,0.6739951367644917,0.5484,-0.1877,choch_short_rr1.0_sl1.0_h12_b0.2_cd0,2026-05
37,-0.6719,0.9610583053205053,0.6216,-0.0182,choch_short_rr1.0_sl1.0_h12_b0.2_cd0,2026-06
1,-1.3387,0.0,0.0,-1.3387,choch_short_rr1.0_sl1.0_h12_b0.2_cd0,2026-07
11,-0.567,0.8951979594100032,0.6364,-0.0515,choch_short_rr1.0_sl1.0_h12_b0.2_cd10,2026-04
20,-3.7297,0.6846692988611672,0.55,-0.1865,choch_short_rr1.0_sl1.0_h12_b0.2_cd10,2026-05
19,-3.6688,0.6653989621239067,0.5263,-0.1931,choch_short_rr1.0_sl1.0_h12_b0.2_cd10,2026-06
1,-1.3387,0.0,0.0,-1.3387,choch_short_rr1.0_sl1.0_h12_b0.2_cd10,2026-07
10,-1.3506,0.7503604302983253,0.6,-0.1351,choch_short_rr1.0_sl1.0_h12_b0.2_cd20,2026-04
20,-3.7297,0.6846692988611672,0.55,-0.1865,choch_short_rr1.0_sl1.0_h12_b0.2_cd20,2026-05
18,-6.6693,0.4554339838327754,0.4444,-0.3705,choch_short_rr1.0_sl1.0_h12_b0.2_cd20,2026-06
1,-1.3387,0.0,0.0,-1.3387,choch_short_rr1.0_sl1.0_h12_b0.2_cd20,2026-07
12,0.0672,1.0124209825884443,0.6667,0.0056,choch_short_rr1.0_sl1.0_h12_b0.2_cd5,2026-04
21,-5.0002,0.6182587186221218,0.5238,-0.2381,choch_short_rr1.0_sl1.0_h12_b0.2_cd5,2026-05
21,-4.5186,0.6310443373887482,0.5238,-0.2152,choch_short_rr1.0_sl1.0_h12_b0.2_cd5,2026-06
1,-1.3387,0.0,0.0,-1.3387,choch_short_rr1.0_sl1.0_h12_b0.2_cd5,2026-07
17,0.5037,1.0854946024848937,0.6471,0.0296,choch_short_rr1.0_sl1.0_h6_b0.1_cd0,2026-04
33,-7.0074,0.5922113140788762,0.4848,-0.2123,choch_short_rr1.0_sl1.0_h6_b0.1_cd0,2026-05
40,1.8568,1.1252893030411402,0.625,0.0464,choch_short_rr1.0_sl1.0_h6_b0.1_cd0,2026-06
1,-1.3387,0.0,0.0,-1.3387,choch_short_rr1.0_sl1.0_h6_b0.1_cd0,2026-07
11,-2.299,0.606638720164257,0.5455,-0.209,choch_short_rr1.0_sl1.0_h6_b0.1_cd10,2026-04
21,-5.9344,0.4942473878879817,0.4286,-0.2826,choch_short_rr1.0_sl1.0_h6_b0.1_cd10,2026-05
22,-2.0395,0.7840244832260249,0.5909,-0.0927,choch_short_rr1.0_sl1.0_h6_b0.1_cd10,2026-06
1,-1.3387,0.0,0.0,-1.3387,choch_short_rr1.0_sl1.0_h6_b0.1_cd10,2026-07
10,-3.0987,0.4698092223457952,0.5,-0.3099,choch_short_rr1.0_sl1.0_h6_b0.1_cd20,2026-04
20,-4.5894,0.5582357923918067,0.45,-0.2295,choch_short_rr1.0_sl1.0_h6_b0.1_cd20,2026-05
20,-3.2453,0.6563347170450694,0.55,-0.1623,choch_short_rr1.0_sl1.0_h6_b0.1_cd20,2026-06
1,-1.3387,0.0,0.0,-1.3387,choch_short_rr1.0_sl1.0_h6_b0.1_cd20,2026-07
12,-1.677,0.7130635640345625,0.5833,-0.1398,choch_short_rr1.0_sl1.0_h6_b0.1_cd5,2026-04
22,-7.2097,0.44579563536293826,0.4091,-0.3277,choch_short_rr1.0_sl1.0_h6_b0.1_cd5,2026-05
24,-4.1992,0.6292719102313961,0.5,-0.175,choch_short_rr1.0_sl1.0_h6_b0.1_cd5,2026-06
1,-1.3387,0.0,0.0,-1.3387,choch_short_rr1.0_sl1.0_h6_b0.1_cd5,2026-07
17,0.5234,1.0891956373551466,0.6471,0.0308,choch_short_rr1.0_sl1.0_h6_b0.2_cd0,2026-04
32,-5.2038,0.6665299583466837,0.5,-0.1626,choch_short_rr1.0_sl1.0_h6_b0.2_cd0,2026-05
37,0.8662,1.0569089666771785,0.6216,0.0234,choch_short_rr1.0_sl1.0_h6_b0.2_cd0,2026-06
1,-1.3387,0.0,0.0,-1.3387,choch_short_rr1.0_sl1.0_h6_b0.2_cd0,2026-07
11,-2.2915,0.6063323541033173,0.5455,-0.2083,choch_short_rr1.0_sl1.0_h6_b0.2_cd10,2026-04
20,-4.5684,0.5602572000616048,0.45,-0.2284,choch_short_rr1.0_sl1.0_h6_b0.2_cd10,2026-05
20,-4.0758,0.625716279753159,0.55,-0.2038,choch_short_rr1.0_sl1.0_h6_b0.2_cd10,2026-06
1,-1.3387,0.0,0.0,-1.3387,choch_short_rr1.0_sl1.0_h6_b0.2_cd10,2026-07
10,-3.0751,0.4717139961174389,0.5,-0.3075,choch_short_rr1.0_sl1.0_h6_b0.2_cd20,2026-04
20,-4.5684,0.5602572000616048,0.45,-0.2284,choch_short_rr1.0_sl1.0_h6_b0.2_cd20,2026-05
18,-5.2816,0.5149867763737879,0.5,-0.2934,choch_short_rr1.0_sl1.0_h6_b0.2_cd20,2026-06
1,-1.3387,0.0,0.0,-1.3387,choch_short_rr1.0_sl1.0_h6_b0.2_cd20,2026-07
12,-1.6573,0.715284577986222,0.5833,-0.1381,choch_short_rr1.0_sl1.0_h6_b0.2_cd5,2026-04
21,-5.8389,0.4992066419081763,0.4286,-0.278,choch_short_rr1.0_sl1.0_h6_b0.2_cd5,2026-05
21,-5.1898,0.557471264367816,0.4762,-0.2471,choch_short_rr1.0_sl1.0_h6_b0.2_cd5,2026-06
1,-1.3387,0.0,0.0,-1.3387,choch_short_rr1.0_sl1.0_h6_b0.2_cd5,2026-07
16,0.1262,1.0128738727710451,0.5625,0.0079,choch_short_rr1.5_sl0.8_h12_b0.1_cd0,2026-04
32,-9.3237,0.6260423142484709,0.4375,-0.2914,choch_short_rr1.5_sl0.8_h12_b0.1_cd0,2026-05
39,-1.5148,0.9395537962434609,0.5128,-0.0388,choch_short_rr1.5_sl0.8_h12_b0.1_cd0,2026-06
1,-1.4233,0.0,0.0,-1.4233,choch_short_rr1.5_sl0.8_h12_b0.1_cd0,2026-07
11,2.032,1.3508166154483616,0.6364,0.1847,choch_short_rr1.5_sl0.8_h12_b0.1_cd10,2026-04
21,-6.1196,0.6249854457878579,0.4286,-0.2914,choch_short_rr1.5_sl0.8_h12_b0.1_cd10,2026-05
22,-11.6794,0.41633642337772675,0.3182,-0.5309,choch_short_rr1.5_sl0.8_h12_b0.1_cd10,2026-06
1,-1.4233,0.0,0.0,-1.4233,choch_short_rr1.5_sl0.8_h12_b0.1_cd10,2026-07
10,0.7824,1.1350782086253928,0.6,0.0782,choch_short_rr1.5_sl0.8_h12_b0.1_cd20,2026-04
21,-6.1196,0.6249854457878579,0.4286,-0.2914,choch_short_rr1.5_sl0.8_h12_b0.1_cd20,2026-05
20,-11.8365,0.3688983913880344,0.3,-0.5918,choch_short_rr1.5_sl0.8_h12_b0.1_cd20,2026-06
1,-1.4233,0.0,0.0,-1.4233,choch_short_rr1.5_sl0.8_h12_b0.1_cd20,2026-07
12,3.0595,1.5282103518524914,0.6667,0.255,choch_short_rr1.5_sl0.8_h12_b0.1_cd5,2026-04
22,-7.4638,0.5774210898796885,0.4091,-0.3393,choch_short_rr1.5_sl0.8_h12_b0.1_cd5,2026-05
24,-12.0851,0.42651259906040906,0.3333,-0.5035,choch_short_rr1.5_sl0.8_h12_b0.1_cd5,2026-06
1,-1.4233,0.0,0.0,-1.4233,choch_short_rr1.5_sl0.8_h12_b0.1_cd5,2026-07
16,0.1509,1.0154400253752571,0.5625,0.0094,choch_short_rr1.5_sl0.8_h12_b0.2_cd0,2026-04
31,-7.8724,0.6653687897439385,0.4516,-0.2539,choch_short_rr1.5_sl0.8_h12_b0.2_cd0,2026-05
36,2.283,1.1073721340388007,0.5556,0.0634,choch_short_rr1.5_sl0.8_h12_b0.2_cd0,2026-06
1,-1.4233,0.0,0.0,-1.4233,choch_short_rr1.5_sl0.8_h12_b0.2_cd0,2026-07
11,2.0414,1.3542436705016747,0.6364,0.1856,choch_short_rr1.5_sl0.8_h12_b0.2_cd10,2026-04
20,-4.6622,0.6868274333310942,0.45,-0.2331,choch_short_rr1.5_sl0.8_h12_b0.2_cd10,2026-05
20,-8.9388,0.4824058043184964,0.35,-0.4469,choch_short_rr1.5_sl0.8_h12_b0.2_cd10,2026-06
1,-1.4233,0.0,0.0,-1.4233,choch_short_rr1.5_sl0.8_h12_b0.2_cd10,2026-07
10,0.8119,1.1408888194769813,0.6,0.0812,choch_short_rr1.5_sl0.8_h12_b0.2_cd20,2026-04
20,-4.6622,0.6868274333310942,0.45,-0.2331,choch_short_rr1.5_sl0.8_h12_b0.2_cd20,2026-05
18,-9.0866,0.43227910580179185,0.3333,-0.5048,choch_short_rr1.5_sl0.8_h12_b0.2_cd20,2026-06
1,-1.4233,0.0,0.0,-1.4233,choch_short_rr1.5_sl0.8_h12_b0.2_cd20,2026-07
12,3.0842,1.5352005136481164,0.6667,0.257,choch_short_rr1.5_sl0.8_h12_b0.2_cd5,2026-04
21,-6.0003,0.6301840974785979,0.4286,-0.2857,choch_short_rr1.5_sl0.8_h12_b0.2_cd5,2026-05
21,-8.2873,0.5202776234139113,0.381,-0.3946,choch_short_rr1.5_sl0.8_h12_b0.2_cd5,2026-06
1,-1.4233,0.0,0.0,-1.4233,choch_short_rr1.5_sl0.8_h12_b0.2_cd5,2026-07
16,0.1874,1.0238492179645442,0.5625,0.0117,choch_short_rr1.5_sl0.8_h6_b0.1_cd0,2026-04
33,-9.5542,0.5911504803474763,0.4242,-0.2895,choch_short_rr1.5_sl0.8_h6_b0.1_cd0,2026-05
40,-0.4434,0.9810434239834461,0.55,-0.0111,choch_short_rr1.5_sl0.8_h6_b0.1_cd0,2026-06
1,-1.4233,0.0,0.0,-1.4233,choch_short_rr1.5_sl0.8_h6_b0.1_cd0,2026-07
11,-0.6238,0.9010720629281908,0.5455,-0.0567,choch_short_rr1.5_sl0.8_h6_b0.1_cd10,2026-04
21,-7.963,0.4957509593586545,0.381,-0.3792,choch_short_rr1.5_sl0.8_h6_b0.1_cd10,2026-05
22,-9.3313,0.4759168772816625,0.4091,-0.4241,choch_short_rr1.5_sl0.8_h6_b0.1_cd10,2026-06
1,-1.4233,0.0,0.0,-1.4233,choch_short_rr1.5_sl0.8_h6_b0.1_cd10,2026-07
10,-1.8734,0.7028990104034509,0.5,-0.1873,choch_short_rr1.5_sl0.8_h6_b0.1_cd20,2026-04
21,-7.963,0.4957509593586545,0.381,-0.3792,choch_short_rr1.5_sl0.8_h6_b0.1_cd20,2026-05
20,-9.4791,0.42691575224449074,0.4,-0.474,choch_short_rr1.5_sl0.8_h6_b0.1_cd20,2026-06
1,-1.4233,0.0,0.0,-1.4233,choch_short_rr1.5_sl0.8_h6_b0.1_cd20,2026-07
12,0.4037,1.0640224562293834,0.5833,0.0336,choch_short_rr1.5_sl0.8_h6_b0.1_cd5,2026-04
22,-9.3072,0.45686274509803926,0.3636,-0.4231,choch_short_rr1.5_sl0.8_h6_b0.1_cd5,2026-05
24,-10.1715,0.4544708557698497,0.375,-0.4238,choch_short_rr1.5_sl0.8_h6_b0.1_cd5,2026-06
1,-1.4233,0.0,0.0,-1.4233,choch_short_rr1.5_sl0.8_h6_b0.1_cd5,2026-07
16,0.2121,1.027094351191845,0.5625,0.0133,choch_short_rr1.5_sl0.8_h6_b0.2_cd0,2026-04
32,-7.5498,0.6511972797287121,0.4375,-0.2359,choch_short_rr1.5_sl0.8_h6_b0.2_cd0,2026-05
37,1.6267,1.0766750724705996,0.5676,0.044,choch_short_rr1.5_sl0.8_h6_b0.2_cd0,2026-06
1,-1.4233,0.0,0.0,-1.4233,choch_short_rr1.5_sl0.8_h6_b0.2_cd0,2026-07
11,-0.6144,0.9021048103121365,0.5455,-0.0559,choch_short_rr1.5_sl0.8_h6_b0.2_cd10,2026-04
20,-6.5056,0.5469795619929668,0.4,-0.3253,choch_short_rr1.5_sl0.8_h6_b0.2_cd10,2026-05
20,-8.3184,0.5015161139542409,0.4,-0.4159,choch_short_rr1.5_sl0.8_h6_b0.2_cd10,2026-06
1,-1.4233,0.0,0.0,-1.4233,choch_short_rr1.5_sl0.8_h6_b0.2_cd10,2026-07
10,-1.8439,0.7062028967033668,0.5,-0.1844,choch_short_rr1.5_sl0.8_h6_b0.2_cd20,2026-04
20,-6.5056,0.5469795619929668,0.4,-0.3253,choch_short_rr1.5_sl0.8_h6_b0.2_cd20,2026-05
18,-8.4662,0.4510630296507142,0.3889,-0.4703,choch_short_rr1.5_sl0.8_h6_b0.2_cd20,2026-06
1,-1.4233,0.0,0.0,-1.4233,choch_short_rr1.5_sl0.8_h6_b0.2_cd20,2026-07
12,0.4284,1.0682589506222018,0.5833,0.0357,choch_short_rr1.5_sl0.8_h6_b0.2_cd5,2026-04
21,-7.8437,0.5003567197074898,0.381,-0.3735,choch_short_rr1.5_sl0.8_h6_b0.2_cd5,2026-05
21,-8.1014,0.5081236642704487,0.381,-0.3858,choch_short_rr1.5_sl0.8_h6_b0.2_cd5,2026-06
1,-1.4233,0.0,0.0,-1.4233,choch_short_rr1.5_sl0.8_h6_b0.2_cd5,2026-07
16,-0.5642,0.9437818232545163,0.5,-0.0353,choch_short_rr1.5_sl1.0_h12_b0.1_cd0,2026-04
31,-2.857,0.8645580001801471,0.4839,-0.0922,choch_short_rr1.5_sl1.0_h12_b0.1_cd0,2026-05
35,-5.5108,0.7669428268141777,0.4571,-0.1575,choch_short_rr1.5_sl1.0_h12_b0.1_cd0,2026-06
1,-1.3387,0.0,0.0,-1.3387,choch_short_rr1.5_sl1.0_h12_b0.1_cd0,2026-07
11,0.4094,1.0605406364604284,0.5455,0.0372,choch_short_rr1.5_sl1.0_h12_b0.1_cd10,2026-04
21,0.4043,1.0306917990723379,0.5238,0.0193,choch_short_rr1.5_sl1.0_h12_b0.1_cd10,2026-05
22,-13.6223,0.31730456005653085,0.2727,-0.6192,choch_short_rr1.5_sl1.0_h12_b0.1_cd10,2026-06
1,-1.3387,0.0,0.0,-1.3387,choch_short_rr1.5_sl1.0_h12_b0.1_cd10,2026-07
10,-0.8742,0.8707263693363303,0.5,-0.0874,choch_short_rr1.5_sl1.0_h12_b0.1_cd20,2026-04
20,1.7493,1.147896076226549,0.55,0.0875,choch_short_rr1.5_sl1.0_h12_b0.1_cd20,2026-05
20,-13.791,0.2677604332589997,0.25,-0.6895,choch_short_rr1.5_sl1.0_h12_b0.1_cd20,2026-06
1,-1.3387,0.0,0.0,-1.3387,choch_short_rr1.5_sl1.0_h12_b0.1_cd20,2026-07
12,1.5475,1.2288388737726252,0.5833,0.129,choch_short_rr1.5_sl1.0_h12_b0.1_cd5,2026-04
22,-0.8662,0.940027971253306,0.5,-0.0394,choch_short_rr1.5_sl1.0_h12_b0.1_cd5,2026-05
24,-12.2021,0.3866997054654751,0.3333,-0.5084,choch_short_rr1.5_sl1.0_h12_b0.1_cd5,2026-06
1,-1.3387,0.0,0.0,-1.3387,choch_short_rr1.5_sl1.0_h12_b0.1_cd5,2026-07
16,-0.5445,0.9456168912237948,0.5,-0.034,choch_short_rr1.5_sl1.0_h12_b0.2_cd0,2026-04
30,-1.4829,0.9249122735949852,0.5,-0.0494,choch_short_rr1.5_sl1.0_h12_b0.2_cd0,2026-05
32,-1.8724,0.9064141588320264,0.5,-0.0585,choch_short_rr1.5_sl1.0_h12_b0.2_cd0,2026-06
1,-1.3387,0.0,0.0,-1.3387,choch_short_rr1.5_sl1.0_h12_b0.2_cd0,2026-07
11,0.433,1.0642547634593698,0.5455,0.0394,choch_short_rr1.5_sl1.0_h12_b0.2_cd10,2026-04
20,1.7703,1.1496715393265078,0.55,0.0885,choch_short_rr1.5_sl1.0_h12_b0.2_cd10,2026-05
19,-9.7015,0.39490048587591764,0.3158,-0.5106,choch_short_rr1.5_sl1.0_h12_b0.2_cd10,2026-06
1,-1.3387,0.0,0.0,-1.3387,choch_short_rr1.5_sl1.0_h12_b0.2_cd10,2026-07
10,-0.8506,0.8737757464236956,0.5,-0.0851,choch_short_rr1.5_sl1.0_h12_b0.2_cd20,2026-04
20,1.7703,1.1496715393265078,0.55,0.0885,choch_short_rr1.5_sl1.0_h12_b0.2_cd20,2026-05
18,-11.2144,0.31019720250470556,0.2778,-0.623,choch_short_rr1.5_sl1.0_h12_b0.2_cd20,2026-06
1,-1.3387,0.0,0.0,-1.3387,choch_short_rr1.5_sl1.0_h12_b0.2_cd20,2026-07
12,1.5672,1.232563661185968,0.5833,0.1306,choch_short_rr1.5_sl1.0_h12_b0.2_cd5,2026-04
21,0.4998,1.038157332193245,0.5238,0.0238,choch_short_rr1.5_sl1.0_h12_b0.2_cd5,2026-05
21,-8.5637,0.4732429539778808,0.381,-0.4078,choch_short_rr1.5_sl1.0_h12_b0.2_cd5,2026-06
1,-1.3387,0.0,0.0,-1.3387,choch_short_rr1.5_sl1.0_h12_b0.2_cd5,2026-07
16,1.7653,1.2740680939591065,0.5625,0.1103,choch_short_rr1.5_sl1.0_h6_b0.1_cd0,2026-04
32,-3.4213,0.8099531173621295,0.4375,-0.1069,choch_short_rr1.5_sl1.0_h6_b0.1_cd0,2026-05
36,-0.454,0.9758208398796367,0.5,-0.0126,choch_short_rr1.5_sl1.0_h6_b0.1_cd0,2026-06
1,-1.3387,0.0,0.0,-1.3387,choch_short_rr1.5_sl1.0_h6_b0.1_cd0,2026-07
11,-0.1287,0.9779792967747455,0.5455,-0.0117,choch_short_rr1.5_sl1.0_h6_b0.1_cd10,2026-04
21,-2.2727,0.8063116807854233,0.4286,-0.1082,choch_short_rr1.5_sl1.0_h6_b0.1_cd10,2026-05
22,-7.4338,0.502669360557689,0.4091,-0.3379,choch_short_rr1.5_sl1.0_h6_b0.1_cd10,2026-06
1,-1.3387,0.0,0.0,-1.3387,choch_short_rr1.5_sl1.0_h6_b0.1_cd10,2026-07
10,-1.4284,0.7555992813756524,0.5,-0.1428,choch_short_rr1.5_sl1.0_h6_b0.1_cd20,2026-04
20,-0.9277,0.9107019097489605,0.45,-0.0464,choch_short_rr1.5_sl1.0_h6_b0.1_cd20,2026-05
20,-9.1396,0.3885491791214526,0.35,-0.457,choch_short_rr1.5_sl1.0_h6_b0.1_cd20,2026-06
1,-1.3387,0.0,0.0,-1.3387,choch_short_rr1.5_sl1.0_h6_b0.1_cd20,2026-07
12,0.9933,1.1699546582256823,0.5833,0.0828,choch_short_rr1.5_sl1.0_h6_b0.1_cd5,2026-04
22,-3.5432,0.7275362764624008,0.4091,-0.1611,choch_short_rr1.5_sl1.0_h6_b0.1_cd5,2026-05
24,-9.5935,0.43001348693787095,0.3333,-0.3997,choch_short_rr1.5_sl1.0_h6_b0.1_cd5,2026-06
1,-1.3387,0.0,0.0,-1.3387,choch_short_rr1.5_sl1.0_h6_b0.1_cd5,2026-07
16,1.785,1.2781456953642385,0.5625,0.1116,choch_short_rr1.5_sl1.0_h6_b0.2_cd0,2026-04
31,-1.8581,0.8884519793004911,0.4516,-0.0599,choch_short_rr1.5_sl1.0_h6_b0.2_cd0,2026-05
33,0.5554,1.0314079871517923,0.5152,0.0168,choch_short_rr1.5_sl1.0_h6_b0.2_cd0,2026-06
1,-1.3387,0.0,0.0,-1.3387,choch_short_rr1.5_sl1.0_h6_b0.2_cd0,2026-07
11,-0.1212,0.9791784775550173,0.5455,-0.011,choch_short_rr1.5_sl1.0_h6_b0.2_cd10,2026-04
20,-0.9067,0.9127233174187588,0.45,-0.0453,choch_short_rr1.5_sl1.0_h6_b0.2_cd10,2026-05
20,-7.4701,0.4986510067114094,0.4,-0.3735,choch_short_rr1.5_sl1.0_h6_b0.2_cd10,2026-06
1,-1.3387,0.0,0.0,-1.3387,choch_short_rr1.5_sl1.0_h6_b0.2_cd10,2026-07
10,-1.4048,0.7586627497466027,0.5,-0.1405,choch_short_rr1.5_sl1.0_h6_b0.2_cd20,2026-04
20,-0.9067,0.9127233174187588,0.45,-0.0453,choch_short_rr1.5_sl1.0_h6_b0.2_cd20,2026-05
18,-9.1759,0.3841677852348993,0.3333,-0.5098,choch_short_rr1.5_sl1.0_h6_b0.2_cd20,2026-06
1,-1.3387,0.0,0.0,-1.3387,choch_short_rr1.5_sl1.0_h6_b0.2_cd20,2026-07
12,1.013,1.174028071260458,0.5833,0.0844,choch_short_rr1.5_sl1.0_h6_b0.2_cd5,2026-04
21,-2.1772,0.8132649472952922,0.4286,-0.1037,choch_short_rr1.5_sl1.0_h6_b0.2_cd5,2026-05
21,-8.5841,0.45456220612530185,0.3333,-0.4088,choch_short_rr1.5_sl1.0_h6_b0.2_cd5,2026-06
1,-1.3387,0.0,0.0,-1.3387,choch_short_rr1.5_sl1.0_h6_b0.2_cd5,2026-07
16,1.6262,1.1450203324534494,0.5,0.1016,choch_short_rr2.0_sl0.8_h12_b0.1_cd0,2026-04
31,-3.9642,0.841352676338169,0.4194,-0.1279,choch_short_rr2.0_sl0.8_h12_b0.1_cd0,2026-05
32,-5.6231,0.7764370512320989,0.4062,-0.1757,choch_short_rr2.0_sl0.8_h12_b0.1_cd0,2026-06
1,-1.4233,0.0,0.0,-1.4233,choch_short_rr2.0_sl0.8_h12_b0.1_cd0,2026-07
11,2.532,1.3515201999167012,0.5455,0.2302,choch_short_rr2.0_sl0.8_h12_b0.1_cd10,2026-04
21,-1.6196,0.9007494653242065,0.4286,-0.0771,choch_short_rr2.0_sl0.8_h12_b0.1_cd10,2026-05
22,-15.5955,0.3037474552662595,0.2273,-0.7089,choch_short_rr2.0_sl0.8_h12_b0.1_cd10,2026-06
1,-1.4233,0.0,0.0,-1.4233,choch_short_rr2.0_sl0.8_h12_b0.1_cd10,2026-07
10,0.7824,1.1086214077467722,0.5,0.0782,choch_short_rr2.0_sl0.8_h12_b0.1_cd20,2026-04
21,-1.6196,0.9007494653242065,0.4286,-0.0771,choch_short_rr2.0_sl0.8_h12_b0.1_cd20,2026-05
20,-13.268,0.3389697932910516,0.25,-0.6634,choch_short_rr2.0_sl0.8_h12_b0.1_cd20,2026-06
1,-1.4233,0.0,0.0,-1.4233,choch_short_rr2.0_sl0.8_h12_b0.1_cd20,2026-07
12,4.0595,1.5635846175204777,0.5833,0.3383,choch_short_rr2.0_sl0.8_h12_b0.1_cd5,2026-04
22,-2.9577,0.8324856709181939,0.4091,-0.1344,choch_short_rr2.0_sl0.8_h12_b0.1_cd5,2026-05
24,-13.0166,0.4186266715499299,0.2917,-0.5424,choch_short_rr2.0_sl0.8_h12_b0.1_cd5,2026-06
1,-1.4233,0.0,0.0,-1.4233,choch_short_rr2.0_sl0.8_h12_b0.1_cd5,2026-07
16,1.6509,1.147611341100312,0.5,0.1032,choch_short_rr2.0_sl0.8_h12_b0.2_cd0,2026-04
30,-2.4966,0.8940151637360865,0.4333,-0.0832,choch_short_rr2.0_sl0.8_h12_b0.2_cd0,2026-05
29,-1.8253,0.9145234705728094,0.4483,-0.0629,choch_short_rr2.0_sl0.8_h12_b0.2_cd0,2026-06
1,-1.4233,0.0,0.0,-1.4233,choch_short_rr2.0_sl0.8_h12_b0.2_cd0,2026-07
11,2.5414,1.3542761552937896,0.5455,0.231,choch_short_rr2.0_sl0.8_h12_b0.2_cd10,2026-04
20,-0.1622,0.9891045878954793,0.45,-0.0081,choch_short_rr2.0_sl0.8_h12_b0.2_cd10,2026-05
20,-12.8549,0.34609280416713295,0.25,-0.6427,choch_short_rr2.0_sl0.8_h12_b0.2_cd10,2026-06
1,-1.4233,0.0,0.0,-1.4233,choch_short_rr2.0_sl0.8_h12_b0.2_cd10,2026-07
10,0.8119,1.1131804558444274,0.5,0.0812,choch_short_rr2.0_sl0.8_h12_b0.2_cd20,2026-04
20,-0.1622,0.9891045878954793,0.45,-0.0081,choch_short_rr2.0_sl0.8_h12_b0.2_cd20,2026-05
18,-10.5181,0.39278250528236097,0.2778,-0.5843,choch_short_rr2.0_sl0.8_h12_b0.2_cd20,2026-06
1,-1.4233,0.0,0.0,-1.4233,choch_short_rr2.0_sl0.8_h12_b0.2_cd20,2026-07
12,4.0842,1.5693455077716596,0.5833,0.3403,choch_short_rr2.0_sl0.8_h12_b0.2_cd5,2026-04
21,-1.5003,0.907532156966675,0.4286,-0.0714,choch_short_rr2.0_sl0.8_h12_b0.2_cd5,2026-05
21,-9.2188,0.5041416553712429,0.3333,-0.439,choch_short_rr2.0_sl0.8_h12_b0.2_cd5,2026-06
1,-1.4233,0.0,0.0,-1.4233,choch_short_rr2.0_sl0.8_h12_b0.2_cd5,2026-07
16,3.1504,1.4009315703068328,0.5625,0.1969,choch_short_rr2.0_sl0.8_h6_b0.1_cd0,2026-04
32,-4.878,0.7888933127910399,0.4062,-0.1524,choch_short_rr2.0_sl0.8_h6_b0.1_cd0,2026-05
33,-5.4438,0.7652887003311258,0.4242,-0.165,choch_short_rr2.0_sl0.8_h6_b0.1_cd0,2026-06
1,-1.4233,0.0,0.0,-1.4233,choch_short_rr2.0_sl0.8_h6_b0.1_cd0,2026-07
11,1.3392,1.212382643998985,0.5455,0.1217,choch_short_rr2.0_sl0.8_h6_b0.1_cd10,2026-04
21,-4.463,0.7173849719474664,0.381,-0.2125,choch_short_rr2.0_sl0.8_h6_b0.1_cd10,2026-05
22,-9.4492,0.5058311629901576,0.3636,-0.4295,choch_short_rr2.0_sl0.8_h6_b0.1_cd10,2026-06
1,-1.4233,0.0,0.0,-1.4233,choch_short_rr2.0_sl0.8_h6_b0.1_cd10,2026-07
10,-0.4104,0.9349149961938594,0.5,-0.041,choch_short_rr2.0_sl0.8_h6_b0.1_cd20,2026-04
21,-4.463,0.7173849719474664,0.381,-0.2125,choch_short_rr2.0_sl0.8_h6_b0.1_cd20,2026-05
20,-10.097,0.4345603100202163,0.35,-0.5049,choch_short_rr2.0_sl0.8_h6_b0.1_cd20,2026-06
1,-1.4233,0.0,0.0,-1.4233,choch_short_rr2.0_sl0.8_h6_b0.1_cd20,2026-07
12,2.8667,1.4546276325805634,0.5833,0.2389,choch_short_rr2.0_sl0.8_h6_b0.1_cd5,2026-04
22,-5.8011,0.6613465344222675,0.3636,-0.2637,choch_short_rr2.0_sl0.8_h6_b0.1_cd5,2026-05
24,-10.2894,0.4845403174094261,0.3333,-0.4287,choch_short_rr2.0_sl0.8_h6_b0.1_cd5,2026-06
1,-1.4233,0.0,0.0,-1.4233,choch_short_rr2.0_sl0.8_h6_b0.1_cd5,2026-07
16,3.1751,1.4055977108402953,0.5625,0.1984,choch_short_rr2.0_sl0.8_h6_b0.2_cd0,2026-04
31,-3.174,0.8535673917556689,0.4194,-0.1024,choch_short_rr2.0_sl0.8_h6_b0.2_cd0,2026-05
30,-3.3737,0.8394913125392506,0.4333,-0.1125,choch_short_rr2.0_sl0.8_h6_b0.2_cd0,2026-06
1,-1.4233,0.0,0.0,-1.4233,choch_short_rr2.0_sl0.8_h6_b0.2_cd0,2026-07
11,1.3486,1.2148786666879114,0.5455,0.1226,choch_short_rr2.0_sl0.8_h6_b0.2_cd10,2026-04
20,-3.0056,0.7907036663068835,0.4,-0.1503,choch_short_rr2.0_sl0.8_h6_b0.2_cd10,2026-05
20,-8.4363,0.5314155900421024,0.35,-0.4218,choch_short_rr2.0_sl0.8_h6_b0.2_cd10,2026-06
1,-1.4233,0.0,0.0,-1.4233,choch_short_rr2.0_sl0.8_h6_b0.2_cd10,2026-07
10,-0.3809,0.9393094437628464,0.5,-0.0381,choch_short_rr2.0_sl0.8_h6_b0.2_cd20,2026-04
20,-3.0056,0.7907036663068835,0.4,-0.1503,choch_short_rr2.0_sl0.8_h6_b0.2_cd20,2026-05
18,-9.0841,0.45731900378152013,0.3333,-0.5047,choch_short_rr2.0_sl0.8_h6_b0.2_cd20,2026-06
1,-1.4233,0.0,0.0,-1.4233,choch_short_rr2.0_sl0.8_h6_b0.2_cd20,2026-07
12,2.8914,1.4607001163142719,0.5833,0.241,choch_short_rr2.0_sl0.8_h6_b0.2_cd5,2026-04
21,-4.3437,0.7233065368886398,0.381,-0.2068,choch_short_rr2.0_sl0.8_h6_b0.2_cd5,2026-05
21,-8.2193,0.5378988913126589,0.3333,-0.3914,choch_short_rr2.0_sl0.8_h6_b0.2_cd5,2026-06
1,-1.4233,0.0,0.0,-1.4233,choch_short_rr2.0_sl0.8_h6_b0.2_cd5,2026-07
15,3.5244,1.428941763524615,0.5333,0.235,choch_short_rr2.0_sl1.0_h12_b0.1_cd0,2026-04
29,2.0639,1.1074444270914676,0.4483,0.0712,choch_short_rr2.0_sl1.0_h12_b0.1_cd0,2026-05
32,-12.2362,0.5365777912437509,0.3125,-0.3824,choch_short_rr2.0_sl1.0_h12_b0.1_cd0,2026-06
1,-1.3387,0.0,0.0,-1.3387,choch_short_rr2.0_sl1.0_h12_b0.1_cd0,2026-07
11,1.3938,1.1992737046780282,0.4545,0.1267,choch_short_rr2.0_sl1.0_h12_b0.1_cd10,2026-04
21,-0.1159,0.9921312232247729,0.4286,-0.0055,choch_short_rr2.0_sl1.0_h12_b0.1_cd10,2026-05
21,-14.4658,0.2742606296249843,0.1905,-0.6888,choch_short_rr2.0_sl1.0_h12_b0.1_cd10,2026-06
1,-1.3387,0.0,0.0,-1.3387,choch_short_rr2.0_sl1.0_h12_b0.1_cd10,2026-07
10,1.6258,1.2404176032177925,0.5,0.1626,choch_short_rr2.0_sl1.0_h12_b0.1_cd20,2026-04
20,1.2291,1.0918328464371905,0.45,0.0615,choch_short_rr2.0_sl1.0_h12_b0.1_cd20,2026-05
20,-13.4626,0.28879567654377075,0.2,-0.6731,choch_short_rr2.0_sl1.0_h12_b0.1_cd20,2026-06
1,-1.3387,0.0,0.0,-1.3387,choch_short_rr2.0_sl1.0_h12_b0.1_cd20,2026-07
12,3.0114,1.4302737612162084,0.5,0.251,choch_short_rr2.0_sl1.0_h12_b0.1_cd5,2026-04
22,-1.3864,0.9133478336958425,0.4091,-0.063,choch_short_rr2.0_sl1.0_h12_b0.1_cd5,2026-05
24,-11.3737,0.43106182251101743,0.2917,-0.4739,choch_short_rr2.0_sl1.0_h12_b0.1_cd5,2026-06
1,-1.3387,0.0,0.0,-1.3387,choch_short_rr2.0_sl1.0_h12_b0.1_cd5,2026-07
15,3.5646,1.4353178237772486,0.5333,0.2376,choch_short_rr2.0_sl1.0_h12_b0.2_cd0,2026-04
27,1.7394,1.0974590278750525,0.4444,0.0644,choch_short_rr2.0_sl1.0_h12_b0.2_cd0,2026-05
29,-8.5978,0.6223336964542995,0.3448,-0.2965,choch_short_rr2.0_sl1.0_h12_b0.2_cd0,2026-06
1,-1.3387,0.0,0.0,-1.3387,choch_short_rr2.0_sl1.0_h12_b0.2_cd0,2026-07
11,1.4174,1.203333907155563,0.4545,0.1289,choch_short_rr2.0_sl1.0_h12_b0.2_cd10,2026-04
20,1.2501,1.0934018723709475,0.45,0.0625,choch_short_rr2.0_sl1.0_h12_b0.2_cd10,2026-05
19,-11.8731,0.31526891890333225,0.2105,-0.6249,choch_short_rr2.0_sl1.0_h12_b0.2_cd10,2026-06
1,-1.3387,0.0,0.0,-1.3387,choch_short_rr2.0_sl1.0_h12_b0.2_cd10,2026-07
10,1.6494,1.244761678637146,0.5,0.1649,choch_short_rr2.0_sl1.0_h12_b0.2_cd20,2026-04
20,1.2501,1.0934018723709475,0.45,0.0625,choch_short_rr2.0_sl1.0_h12_b0.2_cd20,2026-05
18,-10.886,0.3342995346334245,0.2222,-0.6048,choch_short_rr2.0_sl1.0_h12_b0.2_cd20,2026-06
1,-1.3387,0.0,0.0,-1.3387,choch_short_rr2.0_sl1.0_h12_b0.2_cd20,2026-07
12,3.0516,1.437768979170253,0.5,0.2543,choch_short_rr2.0_sl1.0_h12_b0.2_cd5,2026-04
20,1.2501,1.0934018723709475,0.45,0.0625,choch_short_rr2.0_sl1.0_h12_b0.2_cd5,2026-05
21,-7.7353,0.5269710812281764,0.3333,-0.3683,choch_short_rr2.0_sl1.0_h12_b0.2_cd5,2026-06
1,-1.3387,0.0,0.0,-1.3387,choch_short_rr2.0_sl1.0_h12_b0.2_cd5,2026-07
15,3.4806,1.5907733043655372,0.6,0.232,choch_short_rr2.0_sl1.0_h6_b0.1_cd0,2026-04
31,-0.0619,0.9963739675473026,0.4194,-0.002,choch_short_rr2.0_sl1.0_h6_b0.1_cd0,2026-05
33,-8.5602,0.6145408370032152,0.3636,-0.2594,choch_short_rr2.0_sl1.0_h6_b0.1_cd0,2026-06
1,-1.3387,0.0,0.0,-1.3387,choch_short_rr2.0_sl1.0_h6_b0.1_cd0,2026-07
11,0.6069,1.1038412182393702,0.5455,0.0552,choch_short_rr2.0_sl1.0_h6_b0.1_cd10,2026-04
21,-2.0149,0.830737567204301,0.381,-0.0959,choch_short_rr2.0_sl1.0_h6_b0.1_cd10,2026-05
22,-6.7697,0.5548300124942461,0.3636,-0.3077,choch_short_rr2.0_sl1.0_h6_b0.1_cd10,2026-06
1,-1.3387,0.0,0.0,-1.3387,choch_short_rr2.0_sl1.0_h6_b0.1_cd10,2026-07
10,0.0716,1.0122508341175465,0.5,0.0072,choch_short_rr2.0_sl1.0_h6_b0.1_cd20,2026-04
20,-0.6699,0.9365564920920542,0.4,-0.0335,choch_short_rr2.0_sl1.0_h6_b0.1_cd20,2026-05
20,-8.9755,0.4097783915302163,0.3,-0.4488,choch_short_rr2.0_sl1.0_h6_b0.1_cd20,2026-06
1,-1.3387,0.0,0.0,-1.3387,choch_short_rr2.0_sl1.0_h6_b0.1_cd20,2026-07
12,2.2289,1.3813670972709384,0.5833,0.1857,choch_short_rr2.0_sl1.0_h6_b0.1_cd5,2026-04
22,-3.2854,0.7506243121181069,0.3636,-0.1493,choch_short_rr2.0_sl1.0_h6_b0.1_cd5,2026-05
24,-8.9294,0.4775287144470384,0.2917,-0.3721,choch_short_rr2.0_sl1.0_h6_b0.1_cd5,2026-06
1,-1.3387,0.0,0.0,-1.3387,choch_short_rr2.0_sl1.0_h6_b0.1_cd5,2026-07
15,3.3092,1.5639400136332653,0.6,0.2206,choch_short_rr2.0_sl1.0_h6_b0.2_cd0,2026-04
29,0.4008,1.0265230223539845,0.4138,0.0138,choch_short_rr2.0_sl1.0_h6_b0.2_cd0,2026-05
30,-7.5508,0.6423913197914249,0.3667,-0.2517,choch_short_rr2.0_sl1.0_h6_b0.2_cd0,2026-06
1,-1.3387,0.0,0.0,-1.3387,choch_short_rr2.0_sl1.0_h6_b0.2_cd0,2026-07
11,0.4233,1.072720713291759,0.5455,0.0385,choch_short_rr2.0_sl1.0_h6_b0.2_cd10,2026-04
20,-0.6489,0.9385453167913629,0.4,-0.0324,choch_short_rr2.0_sl1.0_h6_b0.2_cd10,2026-05
20,-6.806,0.5510435631547006,0.35,-0.3403,choch_short_rr2.0_sl1.0_h6_b0.2_cd10,2026-06
1,-1.3387,0.0,0.0,-1.3387,choch_short_rr2.0_sl1.0_h6_b0.2_cd10,2026-07
10,0.0952,1.0163548592142109,0.5,0.0095,choch_short_rr2.0_sl1.0_h6_b0.2_cd20,2026-04
20,-0.6489,0.9385453167913629,0.4,-0.0324,choch_short_rr2.0_sl1.0_h6_b0.2_cd20,2026-05
18,-9.0118,0.40553840470724817,0.2778,-0.5007,choch_short_rr2.0_sl1.0_h6_b0.2_cd20,2026-06
1,-1.3387,0.0,0.0,-1.3387,choch_short_rr2.0_sl1.0_h6_b0.2_cd20,2026-07
12,2.0575,1.3534676768197358,0.5833,0.1715,choch_short_rr2.0_sl1.0_h6_b0.2_cd5,2026-04
20,-0.6489,0.9385453167913629,0.4,-0.0324,choch_short_rr2.0_sl1.0_h6_b0.2_cd5,2026-05
21,-7.92,0.5049257388608291,0.2857,-0.3771,choch_short_rr2.0_sl1.0_h6_b0.2_cd5,2026-06
1,-1.3387,0.0,0.0,-1.3387,choch_short_rr2.0_sl1.0_h6_b0.2_cd5,2026-07
