trades,net_r,pf,win_rate,avg_r,tag,symbol
52,-2.2843,0.9149467742475974,0.5192,-0.0439,bos_long_rr1.0_sl0.8_h12_b0.1_cd0,XAUUSD
63,-33.4453,0.29643201989199924,0.4444,-0.5309,bos_long_rr1.0_sl0.8_h12_b0.1_cd0,EURUSD
64,-46.7696,0.20520284749518647,0.3438,-0.7308,bos_long_rr1.0_sl0.8_h12_b0.1_cd0,GBPUSD
92,-51.9639,0.26638336921610845,0.4565,-0.5648,bos_long_rr1.0_sl0.8_h12_b0.1_cd0,USDJPY
22,-3.5116,0.7226092863800813,0.4545,-0.1596,bos_long_rr1.0_sl0.8_h12_b0.1_cd10,XAUUSD
30,-8.7637,0.48203858247239895,0.5333,-0.2921,bos_long_rr1.0_sl0.8_h12_b0.1_cd10,EURUSD
45,-23.1315,0.30106389729055183,0.4444,-0.514,bos_long_rr1.0_sl0.8_h12_b0.1_cd10,USDJPY
35,-32.1508,0.12813754203275846,0.2571,-0.9186,bos_long_rr1.0_sl0.8_h12_b0.1_cd10,GBPUSD
19,-0.2189,0.9766244860910888,0.5263,-0.0115,bos_long_rr1.0_sl0.8_h12_b0.1_cd20,XAUUSD
27,-8.184,0.4618798698096459,0.5185,-0.3031,bos_long_rr1.0_sl0.8_h12_b0.1_cd20,EURUSD
32,-10.2955,0.4504465072087028,0.5312,-0.3217,bos_long_rr1.0_sl0.8_h12_b0.1_cd20,USDJPY
28,-20.1192,0.19509033589911826,0.3571,-0.7185,bos_long_rr1.0_sl0.8_h12_b0.1_cd20,GBPUSD
26,-1.8648,0.8643840996029264,0.5,-0.0717,bos_long_rr1.0_sl0.8_h12_b0.1_cd5,XAUUSD
34,-6.6923,0.6059041068463141,0.5882,-0.1968,bos_long_rr1.0_sl0.8_h12_b0.1_cd5,EURUSD
39,-33.8051,0.15104157510767338,0.2821,-0.8668,bos_long_rr1.0_sl0.8_h12_b0.1_cd5,GBPUSD
58,-38.0163,0.2140244747076081,0.3966,-0.6555,bos_long_rr1.0_sl0.8_h12_b0.1_cd5,USDJPY
52,-6.2909,0.7832868850482454,0.4808,-0.121,bos_long_rr1.0_sl0.8_h12_b0.2_cd0,XAUUSD
57,-31.595,0.2823917398394665,0.4386,-0.5543,bos_long_rr1.0_sl0.8_h12_b0.2_cd0,EURUSD
60,-40.9814,0.22758945652276344,0.3667,-0.683,bos_long_rr1.0_sl0.8_h12_b0.2_cd0,GBPUSD
84,-47.8799,0.26490384467760414,0.4643,-0.57,bos_long_rr1.0_sl0.8_h12_b0.2_cd0,USDJPY
21,-4.4263,0.6503519151927832,0.4286,-0.2108,bos_long_rr1.0_sl0.8_h12_b0.2_cd10,XAUUSD
27,-9.1757,0.4341506431998421,0.5185,-0.3398,bos_long_rr1.0_sl0.8_h12_b0.2_cd10,EURUSD
43,-20.7704,0.3114038868297341,0.4651,-0.483,bos_long_rr1.0_sl0.8_h12_b0.2_cd10,USDJPY
32,-27.7017,0.14563948198705273,0.2812,-0.8657,bos_long_rr1.0_sl0.8_h12_b0.2_cd10,GBPUSD
19,-0.2149,0.977054816459886,0.5263,-0.0113,bos_long_rr1.0_sl0.8_h12_b0.2_cd20,XAUUSD
32,-8.3848,0.5269319521786474,0.5938,-0.262,bos_long_rr1.0_sl0.8_h12_b0.2_cd20,USDJPY
24,-8.4831,0.4108180940540766,0.5,-0.3535,bos_long_rr1.0_sl0.8_h12_b0.2_cd20,EURUSD
25,-17.5007,0.20395278491664579,0.36,-0.7,bos_long_rr1.0_sl0.8_h12_b0.2_cd20,GBPUSD
26,-3.8781,0.7386143819043318,0.4615,-0.1492,bos_long_rr1.0_sl0.8_h12_b0.2_cd5,XAUUSD
32,-12.3969,0.3927464033270143,0.5,-0.3874,bos_long_rr1.0_sl0.8_h12_b0.2_cd5,EURUSD
35,-27.9933,0.17685406540283524,0.3143,-0.7998,bos_long_rr1.0_sl0.8_h12_b0.2_cd5,GBPUSD
52,-28.7032,0.2672689537920348,0.4615,-0.552,bos_long_rr1.0_sl0.8_h12_b0.2_cd5,USDJPY
52,-1.1078,0.9555434272253368,0.5385,-0.0213,bos_long_rr1.0_sl0.8_h6_b0.1_cd0,XAUUSD
63,-33.2914,0.2973948352566754,0.4444,-0.5284,bos_long_rr1.0_sl0.8_h6_b0.1_cd0,EURUSD
66,-43.048,0.22723143922938557,0.3636,-0.6522,bos_long_rr1.0_sl0.8_h6_b0.1_cd0,GBPUSD
93,-52.6006,0.25814549772792017,0.4409,-0.5656,bos_long_rr1.0_sl0.8_h6_b0.1_cd0,USDJPY
22,-2.9268,0.7561020324830626,0.5,-0.133,bos_long_rr1.0_sl0.8_h6_b0.1_cd10,XAUUSD
30,-9.5593,0.45772990021726434,0.5333,-0.3186,bos_long_rr1.0_sl0.8_h6_b0.1_cd10,EURUSD
47,-25.2897,0.27881152204227944,0.4255,-0.5381,bos_long_rr1.0_sl0.8_h6_b0.1_cd10,USDJPY
36,-31.1951,0.14666765143557423,0.2778,-0.8665,bos_long_rr1.0_sl0.8_h6_b0.1_cd10,GBPUSD
19,0.3659,1.0420323484813674,0.5789,0.0193,bos_long_rr1.0_sl0.8_h6_b0.1_cd20,XAUUSD
27,-9.1294,0.4348485505048316,0.5185,-0.3381,bos_long_rr1.0_sl0.8_h6_b0.1_cd20,EURUSD
34,-10.0721,0.47477407478867584,0.5588,-0.2962,bos_long_rr1.0_sl0.8_h6_b0.1_cd20,USDJPY
29,-19.1635,0.22340779043944822,0.3793,-0.6608,bos_long_rr1.0_sl0.8_h6_b0.1_cd20,GBPUSD
26,-1.28,0.9022251418881242,0.5385,-0.0492,bos_long_rr1.0_sl0.8_h6_b0.1_cd5,XAUUSD
34,-7.6377,0.5739507329807885,0.5882,-0.2246,bos_long_rr1.0_sl0.8_h6_b0.1_cd5,EURUSD
40,-31.6532,0.1694013734324528,0.3,-0.7913,bos_long_rr1.0_sl0.8_h6_b0.1_cd5,GBPUSD
58,-37.717,0.21204423098216096,0.3966,-0.6503,bos_long_rr1.0_sl0.8_h6_b0.1_cd5,USDJPY
52,-6.1495,0.7813526659365978,0.5,-0.1183,bos_long_rr1.0_sl0.8_h6_b0.2_cd0,XAUUSD
57,-31.1308,0.28540078964282434,0.4386,-0.5462,bos_long_rr1.0_sl0.8_h6_b0.2_cd0,EURUSD
63,-38.8731,0.24702621348503953,0.381,-0.617,bos_long_rr1.0_sl0.8_h6_b0.2_cd0,GBPUSD
84,-48.6858,0.24842772150061904,0.4405,-0.5796,bos_long_rr1.0_sl0.8_h6_b0.2_cd0,USDJPY
21,-3.8415,0.679875,0.4762,-0.1829,bos_long_rr1.0_sl0.8_h6_b0.2_cd10,XAUUSD
27,-9.8977,0.4126307793649004,0.5185,-0.3666,bos_long_rr1.0_sl0.8_h6_b0.2_cd10,EURUSD
45,-24.7438,0.2581348284288006,0.4222,-0.5499,bos_long_rr1.0_sl0.8_h6_b0.2_cd10,USDJPY
33,-26.2304,0.16180469676198878,0.303,-0.7949,bos_long_rr1.0_sl0.8_h6_b0.2_cd10,GBPUSD
19,0.3699,1.0424854993395738,0.5789,0.0195,bos_long_rr1.0_sl0.8_h6_b0.2_cd20,XAUUSD
24,-9.1182,0.3934624697336562,0.5,-0.3799,bos_long_rr1.0_sl0.8_h6_b0.2_cd20,EURUSD
32,-11.4802,0.4062569497240798,0.5,-0.3588,bos_long_rr1.0_sl0.8_h6_b0.2_cd20,USDJPY
26,-16.0294,0.2313697283559903,0.3846,-0.6165,bos_long_rr1.0_sl0.8_h6_b0.2_cd20,GBPUSD
26,-3.2933,0.7677077602381255,0.5,-0.1267,bos_long_rr1.0_sl0.8_h6_b0.2_cd5,XAUUSD
32,-13.032,0.380896730610267,0.5,-0.4073,bos_long_rr1.0_sl0.8_h6_b0.2_cd5,EURUSD
36,-24.4371,0.21785011282346728,0.3611,-0.6788,bos_long_rr1.0_sl0.8_h6_b0.2_cd5,GBPUSD
52,-28.9128,0.25094820618043895,0.4423,-0.556,bos_long_rr1.0_sl0.8_h6_b0.2_cd5,USDJPY
46,-1.1363,0.9506912682363765,0.5217,-0.0247,bos_long_rr1.0_sl1.0_h12_b0.1_cd0,XAUUSD
59,-21.9704,0.4355782199329489,0.4746,-0.3724,bos_long_rr1.0_sl1.0_h12_b0.1_cd0,EURUSD
61,-26.9236,0.3862573772621894,0.4426,-0.4414,bos_long_rr1.0_sl1.0_h12_b0.1_cd0,GBPUSD
82,-39.7373,0.32725268846330957,0.4268,-0.4846,bos_long_rr1.0_sl1.0_h12_b0.1_cd0,USDJPY
22,-3.0089,0.7559137517035499,0.4545,-0.1368,bos_long_rr1.0_sl1.0_h12_b0.1_cd10,XAUUSD
30,-6.018,0.6175575284226315,0.5333,-0.2006,bos_long_rr1.0_sl1.0_h12_b0.1_cd10,EURUSD
34,-15.8613,0.3841276374338943,0.4412,-0.4665,bos_long_rr1.0_sl1.0_h12_b0.1_cd10,GBPUSD
43,-18.8345,0.3687302880087412,0.4419,-0.438,bos_long_rr1.0_sl1.0_h12_b0.1_cd10,USDJPY
19,2.2286,1.2775999302450145,0.5789,0.1173,bos_long_rr1.0_sl1.0_h12_b0.1_cd20,XAUUSD
25,-5.1697,0.6041395469929706,0.52,-0.2068,bos_long_rr1.0_sl1.0_h12_b0.1_cd20,EURUSD
32,-9.3171,0.49957568856614953,0.5,-0.2912,bos_long_rr1.0_sl1.0_h12_b0.1_cd20,USDJPY
27,-10.3655,0.44191693497151846,0.4815,-0.3839,bos_long_rr1.0_sl1.0_h12_b0.1_cd20,GBPUSD
33,-2.1559,0.8499491919430949,0.6061,-0.0653,bos_long_rr1.0_sl1.0_h12_b0.1_cd5,EURUSD
26,-3.2892,0.7727008873040881,0.4615,-0.1265,bos_long_rr1.0_sl1.0_h12_b0.1_cd5,XAUUSD
37,-13.8205,0.4640516539341529,0.4865,-0.3735,bos_long_rr1.0_sl1.0_h12_b0.1_cd5,GBPUSD
54,-28.8066,0.2936581107721883,0.4074,-0.5335,bos_long_rr1.0_sl1.0_h12_b0.1_cd5,USDJPY
46,-5.1473,0.7956406947890818,0.4783,-0.1119,bos_long_rr1.0_sl1.0_h12_b0.2_cd0,XAUUSD
53,-20.6902,0.4207476175011478,0.4717,-0.3904,bos_long_rr1.0_sl1.0_h12_b0.2_cd0,EURUSD
58,-24.7865,0.39577985632204926,0.4483,-0.4274,bos_long_rr1.0_sl1.0_h12_b0.2_cd0,GBPUSD
75,-36.8841,0.33106814076476093,0.44,-0.4918,bos_long_rr1.0_sl1.0_h12_b0.2_cd0,USDJPY
21,-3.9409,0.6803111792525534,0.4286,-0.1877,bos_long_rr1.0_sl1.0_h12_b0.2_cd10,XAUUSD
27,-6.7475,0.5552838669707236,0.5185,-0.2499,bos_long_rr1.0_sl1.0_h12_b0.2_cd10,EURUSD
39,-12.7005,0.47210584069030875,0.5128,-0.3257,bos_long_rr1.0_sl1.0_h12_b0.2_cd10,USDJPY
31,-13.4542,0.4056308286321407,0.4516,-0.434,bos_long_rr1.0_sl1.0_h12_b0.2_cd10,GBPUSD
19,2.2317,1.2779479898370947,0.5789,0.1175,bos_long_rr1.0_sl1.0_h12_b0.2_cd20,XAUUSD
22,-5.8089,0.5319592945025018,0.5,-0.264,bos_long_rr1.0_sl1.0_h12_b0.2_cd20,EURUSD
31,-5.9806,0.634781440453363,0.5806,-0.1929,bos_long_rr1.0_sl1.0_h12_b0.2_cd20,USDJPY
25,-9.4005,0.4488449812382739,0.48,-0.376,bos_long_rr1.0_sl1.0_h12_b0.2_cd20,GBPUSD
26,-3.3065,0.7714801094739169,0.4615,-0.1272,bos_long_rr1.0_sl1.0_h12_b0.2_cd5,XAUUSD
31,-6.1559,0.6235591240697368,0.5484,-0.1986,bos_long_rr1.0_sl1.0_h12_b0.2_cd5,EURUSD
34,-11.6717,0.49097894869972125,0.5,-0.3433,bos_long_rr1.0_sl1.0_h12_b0.2_cd5,GBPUSD
47,-21.924,0.3411725109909759,0.4468,-0.4665,bos_long_rr1.0_sl1.0_h12_b0.2_cd5,USDJPY
47,-2.0211,0.9112972951621893,0.5106,-0.043,bos_long_rr1.0_sl1.0_h6_b0.1_cd0,XAUUSD
59,-21.9782,0.42559725267688897,0.4576,-0.3725,bos_long_rr1.0_sl1.0_h6_b0.1_cd0,EURUSD
64,-23.9115,0.4284659180541811,0.4531,-0.3736,bos_long_rr1.0_sl1.0_h6_b0.1_cd0,GBPUSD
87,-41.8681,0.2979933132798798,0.3908,-0.4812,bos_long_rr1.0_sl1.0_h6_b0.1_cd0,USDJPY
22,-2.741,0.7677059586260668,0.5,-0.1246,bos_long_rr1.0_sl1.0_h6_b0.1_cd10,XAUUSD
30,-6.4545,0.5991665993901644,0.5333,-0.2152,bos_long_rr1.0_sl1.0_h6_b0.1_cd10,EURUSD
35,-13.3925,0.4421558173245139,0.4857,-0.3826,bos_long_rr1.0_sl1.0_h6_b0.1_cd10,GBPUSD
47,-20.8349,0.3430688464630859,0.4468,-0.4433,bos_long_rr1.0_sl1.0_h6_b0.1_cd10,USDJPY
19,2.4965,1.3328400394635094,0.6316,0.1314,bos_long_rr1.0_sl1.0_h6_b0.1_cd20,XAUUSD
25,-6.6752,0.5195727744470754,0.48,-0.267,bos_long_rr1.0_sl1.0_h6_b0.1_cd20,EURUSD
28,-7.8967,0.5307069674566762,0.5357,-0.282,bos_long_rr1.0_sl1.0_h6_b0.1_cd20,GBPUSD
34,-9.8479,0.4904378512071696,0.5,-0.2896,bos_long_rr1.0_sl1.0_h6_b0.1_cd20,USDJPY
26,-3.0213,0.7833152840432323,0.5,-0.1162,bos_long_rr1.0_sl1.0_h6_b0.1_cd5,XAUUSD
33,-3.6614,0.7591612016286581,0.5758,-0.111,bos_long_rr1.0_sl1.0_h6_b0.1_cd5,EURUSD
38,-10.1947,0.5514337382795141,0.5263,-0.2683,bos_long_rr1.0_sl1.0_h6_b0.1_cd5,GBPUSD
55,-30.2116,0.26354125023157854,0.3818,-0.5493,bos_long_rr1.0_sl1.0_h6_b0.1_cd5,USDJPY
47,-7.0601,0.7279973801818462,0.4681,-0.1502,bos_long_rr1.0_sl1.0_h6_b0.2_cd0,XAUUSD
53,-21.0573,0.405417997306249,0.4528,-0.3973,bos_long_rr1.0_sl1.0_h6_b0.2_cd0,EURUSD
61,-21.9823,0.44302498524094625,0.459,-0.3604,bos_long_rr1.0_sl1.0_h6_b0.2_cd0,GBPUSD
77,-39.4877,0.27776883598599716,0.3766,-0.5128,bos_long_rr1.0_sl1.0_h6_b0.2_cd0,USDJPY
21,-3.673,0.6887235376870794,0.4762,-0.1749,bos_long_rr1.0_sl1.0_h6_b0.2_cd10,XAUUSD
27,-7.3251,0.5328588647190496,0.5185,-0.2713,bos_long_rr1.0_sl1.0_h6_b0.2_cd10,EURUSD
33,-13.5845,0.41038216975194775,0.4545,-0.4117,bos_long_rr1.0_sl1.0_h6_b0.2_cd10,GBPUSD
43,-20.4772,0.3130692358527593,0.3953,-0.4762,bos_long_rr1.0_sl1.0_h6_b0.2_cd10,USDJPY
19,2.4996,1.333204473652639,0.6316,0.1316,bos_long_rr1.0_sl1.0_h6_b0.2_cd20,XAUUSD
22,-7.0661,0.45635766327888777,0.4545,-0.3212,bos_long_rr1.0_sl1.0_h6_b0.2_cd20,EURUSD
26,-8.0234,0.4970285857572718,0.5,-0.3086,bos_long_rr1.0_sl1.0_h6_b0.2_cd20,GBPUSD
31,-9.6101,0.4576937835763622,0.4516,-0.31,bos_long_rr1.0_sl1.0_h6_b0.2_cd20,USDJPY
26,-3.0386,0.7820495348486913,0.5,-0.1169,bos_long_rr1.0_sl1.0_h6_b0.2_cd5,XAUUSD
31,-7.4131,0.5623778741993566,0.5161,-0.2391,bos_long_rr1.0_sl1.0_h6_b0.2_cd5,EURUSD
35,-8.2266,0.595113764438954,0.5429,-0.235,bos_long_rr1.0_sl1.0_h6_b0.2_cd5,GBPUSD
50,-25.9365,0.26856196911414676,0.38,-0.5187,bos_long_rr1.0_sl1.0_h6_b0.2_cd5,USDJPY
44,-2.5538,0.9085947035179837,0.4091,-0.058,bos_long_rr1.5_sl0.8_h12_b0.1_cd0,XAUUSD
53,-26.64,0.40724786340000313,0.3585,-0.5026,bos_long_rr1.5_sl0.8_h12_b0.1_cd0,EURUSD
60,-42.5194,0.287986188210747,0.2833,-0.7087,bos_long_rr1.5_sl0.8_h12_b0.1_cd0,GBPUSD
83,-55.8,0.30979033953862334,0.3253,-0.6723,bos_long_rr1.5_sl0.8_h12_b0.1_cd0,USDJPY
21,2.5728,1.2222721382289419,0.4762,0.1225,bos_long_rr1.5_sl0.8_h12_b0.1_cd10,XAUUSD
30,-9.9095,0.5374968495925473,0.4,-0.3303,bos_long_rr1.5_sl0.8_h12_b0.1_cd10,EURUSD
44,-24.7779,0.37384481255449,0.3409,-0.5631,bos_long_rr1.5_sl0.8_h12_b0.1_cd10,USDJPY
34,-26.5191,0.2505108399820252,0.2647,-0.78,bos_long_rr1.5_sl0.8_h12_b0.1_cd10,GBPUSD
19,4.7855,1.5112659052787898,0.5263,0.2519,bos_long_rr1.5_sl0.8_h12_b0.1_cd20,XAUUSD
23,-9.7931,0.43022958144730566,0.3478,-0.4258,bos_long_rr1.5_sl0.8_h12_b0.1_cd20,EURUSD
28,-15.6851,0.3773110010996733,0.3571,-0.5602,bos_long_rr1.5_sl0.8_h12_b0.1_cd20,GBPUSD
31,-15.9642,0.39676241866370415,0.3548,-0.515,bos_long_rr1.5_sl0.8_h12_b0.1_cd20,USDJPY
26,2.1352,1.143863951811775,0.4615,0.0821,bos_long_rr1.5_sl0.8_h12_b0.1_cd5,XAUUSD
33,-11.7629,0.5160097103357473,0.3939,-0.3565,bos_long_rr1.5_sl0.8_h12_b0.1_cd5,EURUSD
39,-28.756,0.27619987314116573,0.2821,-0.7373,bos_long_rr1.5_sl0.8_h12_b0.1_cd5,GBPUSD
54,-38.1815,0.2778612065182854,0.2963,-0.7071,bos_long_rr1.5_sl0.8_h12_b0.1_cd5,USDJPY
43,-6.4916,0.7763992270624586,0.3721,-0.151,bos_long_rr1.5_sl0.8_h12_b0.2_cd0,XAUUSD
50,-25.4068,0.4056874986842074,0.36,-0.5081,bos_long_rr1.5_sl0.8_h12_b0.2_cd0,EURUSD
56,-36.7312,0.31889580540303997,0.3036,-0.6559,bos_long_rr1.5_sl0.8_h12_b0.2_cd0,GBPUSD
75,-50.0312,0.3189577840182841,0.3333,-0.6671,bos_long_rr1.5_sl0.8_h12_b0.2_cd0,USDJPY
21,0.0737,1.0058218068929563,0.4286,0.0035,bos_long_rr1.5_sl0.8_h12_b0.2_cd10,XAUUSD
27,-8.8215,0.5446685730212969,0.4074,-0.3267,bos_long_rr1.5_sl0.8_h12_b0.2_cd10,EURUSD
30,-20.4045,0.3027749587395311,0.3,-0.6801,bos_long_rr1.5_sl0.8_h12_b0.2_cd10,GBPUSD
42,-21.8983,0.4048194342899542,0.381,-0.5214,bos_long_rr1.5_sl0.8_h12_b0.2_cd10,USDJPY
19,4.7895,1.5116221932616918,0.5263,0.2521,bos_long_rr1.5_sl0.8_h12_b0.2_cd20,XAUUSD
21,-10.1059,0.3888767945043116,0.3333,-0.4812,bos_long_rr1.5_sl0.8_h12_b0.2_cd20,EURUSD
31,-13.0535,0.4884751634089377,0.4194,-0.4211,bos_long_rr1.5_sl0.8_h12_b0.2_cd20,USDJPY
25,-13.5666,0.38829120487686103,0.36,-0.5427,bos_long_rr1.5_sl0.8_h12_b0.2_cd20,GBPUSD
25,3.2047,1.2330030027846648,0.48,0.1282,bos_long_rr1.5_sl0.8_h12_b0.2_cd5,XAUUSD
31,-12.0715,0.4896375904755463,0.3871,-0.3894,bos_long_rr1.5_sl0.8_h12_b0.2_cd5,EURUSD
35,-22.9442,0.32352715715237607,0.3143,-0.6555,bos_long_rr1.5_sl0.8_h12_b0.2_cd5,GBPUSD
49,-29.8896,0.3410175231275299,0.3469,-0.61,bos_long_rr1.5_sl0.8_h12_b0.2_cd5,USDJPY
45,-2.2754,0.9159947427491286,0.4222,-0.0506,bos_long_rr1.5_sl0.8_h6_b0.1_cd0,XAUUSD
53,-26.1699,0.4014436767097345,0.3774,-0.4938,bos_long_rr1.5_sl0.8_h6_b0.1_cd0,EURUSD
61,-39.7014,0.3007300684274027,0.3115,-0.6508,bos_long_rr1.5_sl0.8_h6_b0.1_cd0,GBPUSD
84,-50.3279,0.3248673288152692,0.3452,-0.5991,bos_long_rr1.5_sl0.8_h6_b0.1_cd0,USDJPY
21,2.6576,1.2434658336158009,0.5238,0.1266,bos_long_rr1.5_sl0.8_h6_b0.1_cd10,XAUUSD
30,-9.7,0.5420899580799879,0.4333,-0.3233,bos_long_rr1.5_sl0.8_h6_b0.1_cd10,EURUSD
46,-24.5478,0.37088540118299523,0.3913,-0.5336,bos_long_rr1.5_sl0.8_h6_b0.1_cd10,USDJPY
35,-25.3291,0.2775808222694408,0.2857,-0.7237,bos_long_rr1.5_sl0.8_h6_b0.1_cd10,GBPUSD
19,5.7179,1.7280981001375235,0.5789,0.3009,bos_long_rr1.5_sl0.8_h6_b0.1_cd20,XAUUSD
23,-9.7334,0.43350851768430737,0.3913,-0.4232,bos_long_rr1.5_sl0.8_h6_b0.1_cd20,EURUSD
34,-13.6123,0.4732795480488324,0.4412,-0.4004,bos_long_rr1.5_sl0.8_h6_b0.1_cd20,USDJPY
29,-14.466,0.41833768259878323,0.3793,-0.4988,bos_long_rr1.5_sl0.8_h6_b0.1_cd20,GBPUSD
26,2.22,1.1565309360126916,0.5,0.0854,bos_long_rr1.5_sl0.8_h6_b0.1_cd5,XAUUSD
33,-12.8895,0.4716595207450341,0.3939,-0.3906,bos_long_rr1.5_sl0.8_h6_b0.1_cd5,EURUSD
40,-26.2172,0.3081638523186375,0.3,-0.6554,bos_long_rr1.5_sl0.8_h6_b0.1_cd5,GBPUSD
55,-38.4095,0.26489980038544936,0.3273,-0.6984,bos_long_rr1.5_sl0.8_h6_b0.1_cd5,USDJPY
45,-8.509,0.7110627417290054,0.3778,-0.1891,bos_long_rr1.5_sl0.8_h6_b0.2_cd0,XAUUSD
50,-24.6264,0.40253867204937593,0.38,-0.4925,bos_long_rr1.5_sl0.8_h6_b0.2_cd0,EURUSD
58,-35.5265,0.325814017921868,0.3276,-0.6125,bos_long_rr1.5_sl0.8_h6_b0.2_cd0,GBPUSD
76,-47.2442,0.3144589292347697,0.3289,-0.6216,bos_long_rr1.5_sl0.8_h6_b0.2_cd0,USDJPY
21,-0.8672,0.9277333333333333,0.4762,-0.0413,bos_long_rr1.5_sl0.8_h6_b0.2_cd10,XAUUSD
27,-8.5384,0.5519687683653764,0.4444,-0.3162,bos_long_rr1.5_sl0.8_h6_b0.2_cd10,EURUSD
32,-20.8331,0.30086983952266216,0.3125,-0.651,bos_long_rr1.5_sl0.8_h6_b0.2_cd10,GBPUSD
44,-24.9807,0.3444676244833694,0.3636,-0.5677,bos_long_rr1.5_sl0.8_h6_b0.2_cd10,USDJPY
19,4.6962,1.5978992933986886,0.5789,0.2472,bos_long_rr1.5_sl0.8_h6_b0.2_cd20,XAUUSD
21,-9.7359,0.3997743582155803,0.381,-0.4636,bos_long_rr1.5_sl0.8_h6_b0.2_cd20,EURUSD
26,-12.3319,0.41411142045400556,0.3846,-0.4743,bos_long_rr1.5_sl0.8_h6_b0.2_cd20,GBPUSD
32,-12.9115,0.47181211622874303,0.4062,-0.4035,bos_long_rr1.5_sl0.8_h6_b0.2_cd20,USDJPY
25,2.2638,1.172880423991569,0.52,0.0906,bos_long_rr1.5_sl0.8_h6_b0.2_cd5,XAUUSD
31,-12.8878,0.4500548332174084,0.3871,-0.4157,bos_long_rr1.5_sl0.8_h6_b0.2_cd5,EURUSD
36,-19.0011,0.3876479630805325,0.3611,-0.5278,bos_long_rr1.5_sl0.8_h6_b0.2_cd5,GBPUSD
50,-31.6053,0.3023928767715918,0.34,-0.6321,bos_long_rr1.5_sl0.8_h6_b0.2_cd5,USDJPY
37,0.0983,1.0046887893574499,0.4595,0.0027,bos_long_rr1.5_sl1.0_h12_b0.1_cd0,XAUUSD
51,-25.3592,0.40522182923511363,0.3137,-0.4972,bos_long_rr1.5_sl1.0_h12_b0.1_cd0,EURUSD
54,-26.6873,0.42822403715955637,0.3333,-0.4942,bos_long_rr1.5_sl1.0_h12_b0.1_cd0,GBPUSD
72,-39.3775,0.36802463865341223,0.3333,-0.5469,bos_long_rr1.5_sl1.0_h12_b0.1_cd0,USDJPY
21,-3.1058,0.7684933957482335,0.381,-0.1479,bos_long_rr1.5_sl1.0_h12_b0.1_cd10,XAUUSD
30,-7.1063,0.6436283580817123,0.4,-0.2369,bos_long_rr1.5_sl1.0_h12_b0.1_cd10,EURUSD
32,-11.0236,0.5678595649429816,0.4062,-0.3445,bos_long_rr1.5_sl1.0_h12_b0.1_cd10,GBPUSD
41,-12.2898,0.5739779116605079,0.4146,-0.2998,bos_long_rr1.5_sl1.0_h12_b0.1_cd10,USDJPY
18,-2.3693,0.789485375128834,0.3889,-0.1316,bos_long_rr1.5_sl1.0_h12_b0.1_cd20,XAUUSD
31,-6.4305,0.6797559760956176,0.4516,-0.2074,bos_long_rr1.5_sl1.0_h12_b0.1_cd20,USDJPY
27,-7.1184,0.6444337883805614,0.4444,-0.2636,bos_long_rr1.5_sl1.0_h12_b0.1_cd20,GBPUSD
23,-12.6346,0.3358355280103873,0.2609,-0.5493,bos_long_rr1.5_sl1.0_h12_b0.1_cd20,EURUSD
25,0.1082,1.0074678887684885,0.44,0.0043,bos_long_rr1.5_sl1.0_h12_b0.1_cd5,XAUUSD
36,-9.0741,0.6636232206405694,0.4444,-0.2521,bos_long_rr1.5_sl1.0_h12_b0.1_cd5,GBPUSD
33,-11.2104,0.5323680686781214,0.3636,-0.3397,bos_long_rr1.5_sl1.0_h12_b0.1_cd5,EURUSD
52,-24.2713,0.43461762444967267,0.3654,-0.4668,bos_long_rr1.5_sl1.0_h12_b0.1_cd5,USDJPY
37,-2.401,0.8910236334835673,0.4324,-0.0649,bos_long_rr1.5_sl1.0_h12_b0.2_cd0,XAUUSD
51,-22.3983,0.471556243423443,0.3529,-0.4392,bos_long_rr1.5_sl1.0_h12_b0.2_cd0,GBPUSD
48,-24.4726,0.3984415712108549,0.3125,-0.5098,bos_long_rr1.5_sl1.0_h12_b0.2_cd0,EURUSD
65,-40.5611,0.31445603324865673,0.3077,-0.624,bos_long_rr1.5_sl1.0_h12_b0.2_cd0,USDJPY
21,-3.1027,0.7687434316933374,0.381,-0.1477,bos_long_rr1.5_sl1.0_h12_b0.2_cd10,XAUUSD
27,-6.3358,0.6499364605779324,0.4074,-0.2347,bos_long_rr1.5_sl1.0_h12_b0.2_cd10,EURUSD
30,-8.1239,0.6406482919082943,0.4333,-0.2708,bos_long_rr1.5_sl1.0_h12_b0.2_cd10,GBPUSD
38,-11.6713,0.5673883471034556,0.4211,-0.3071,bos_long_rr1.5_sl1.0_h12_b0.2_cd10,USDJPY
18,-2.3662,0.7897813591094447,0.3889,-0.1315,bos_long_rr1.5_sl1.0_h12_b0.2_cd20,XAUUSD
25,-4.1534,0.7586775899134276,0.48,-0.1661,bos_long_rr1.5_sl1.0_h12_b0.2_cd20,GBPUSD
21,-13.1848,0.28739670203163925,0.2381,-0.6278,bos_long_rr1.5_sl1.0_h12_b0.2_cd20,EURUSD
30,-13.7008,0.441264869846785,0.3667,-0.4567,bos_long_rr1.5_sl1.0_h12_b0.2_cd20,USDJPY
25,-3.6312,0.7666743773614003,0.4,-0.1452,bos_long_rr1.5_sl1.0_h12_b0.2_cd5,XAUUSD
33,-4.9262,0.7842045549125859,0.4848,-0.1493,bos_long_rr1.5_sl1.0_h12_b0.2_cd5,GBPUSD
31,-11.7572,0.4986632099165519,0.3548,-0.3793,bos_long_rr1.5_sl1.0_h12_b0.2_cd5,EURUSD
47,-24.2838,0.38254722977955197,0.3404,-0.5167,bos_long_rr1.5_sl1.0_h12_b0.2_cd5,USDJPY
39,-3.2919,0.8477163700623123,0.4359,-0.0844,bos_long_rr1.5_sl1.0_h6_b0.1_cd0,XAUUSD
51,-21.5221,0.44912590544933323,0.3529,-0.422,bos_long_rr1.5_sl1.0_h6_b0.1_cd0,EURUSD
56,-21.9591,0.4730616946224174,0.3929,-0.3921,bos_long_rr1.5_sl1.0_h6_b0.1_cd0,GBPUSD
78,-42.0089,0.31791996674752476,0.3077,-0.5386,bos_long_rr1.5_sl1.0_h6_b0.1_cd0,USDJPY
21,-1.6002,0.8644357844798374,0.4762,-0.0762,bos_long_rr1.5_sl1.0_h6_b0.1_cd10,XAUUSD
30,-6.5239,0.662157893374071,0.4333,-0.2175,bos_long_rr1.5_sl1.0_h6_b0.1_cd10,EURUSD
34,-8.7539,0.6352830400926593,0.4706,-0.2575,bos_long_rr1.5_sl1.0_h6_b0.1_cd10,GBPUSD
45,-13.4877,0.5402636180503717,0.4444,-0.2997,bos_long_rr1.5_sl1.0_h6_b0.1_cd10,USDJPY
19,-1.9255,0.8201391807949185,0.4737,-0.1013,bos_long_rr1.5_sl1.0_h6_b0.1_cd20,XAUUSD
28,-2.9929,0.8237583766149643,0.5357,-0.1069,bos_long_rr1.5_sl1.0_h6_b0.1_cd20,GBPUSD
34,-7.9583,0.6218131186648482,0.4412,-0.2341,bos_long_rr1.5_sl1.0_h6_b0.1_cd20,USDJPY
23,-12.3507,0.34243577798482633,0.3043,-0.537,bos_long_rr1.5_sl1.0_h6_b0.1_cd20,EURUSD
26,0.5481,1.03930920226919,0.5,0.0211,bos_long_rr1.5_sl1.0_h6_b0.1_cd5,XAUUSD
37,-5.1603,0.7737980432038154,0.4865,-0.1395,bos_long_rr1.5_sl1.0_h6_b0.1_cd5,GBPUSD
33,-9.1602,0.5829751975816733,0.3939,-0.2776,bos_long_rr1.5_sl1.0_h6_b0.1_cd5,EURUSD
54,-25.6258,0.3758983738550376,0.3519,-0.4746,bos_long_rr1.5_sl1.0_h6_b0.1_cd5,USDJPY
39,-6.2264,0.7273212987536241,0.4103,-0.1597,bos_long_rr1.5_sl1.0_h6_b0.2_cd0,XAUUSD
48,-20.4234,0.4465578212858208,0.3542,-0.4255,bos_long_rr1.5_sl1.0_h6_b0.2_cd0,EURUSD
54,-20.7692,0.4896538505957544,0.3889,-0.3846,bos_long_rr1.5_sl1.0_h6_b0.2_cd0,GBPUSD
70,-38.4896,0.2967238575526686,0.2857,-0.5499,bos_long_rr1.5_sl1.0_h6_b0.2_cd0,USDJPY
21,-4.3849,0.6593326341141281,0.4286,-0.2088,bos_long_rr1.5_sl1.0_h6_b0.2_cd10,XAUUSD
27,-5.9307,0.663908739041488,0.4444,-0.2197,bos_long_rr1.5_sl1.0_h6_b0.2_cd10,EURUSD
32,-8.4667,0.6324227873820212,0.4375,-0.2646,bos_long_rr1.5_sl1.0_h6_b0.2_cd10,GBPUSD
42,-16.7727,0.43396092698022726,0.3571,-0.3993,bos_long_rr1.5_sl1.0_h6_b0.2_cd10,USDJPY
19,-2.2077,0.793800085928306,0.4737,-0.1162,bos_long_rr1.5_sl1.0_h6_b0.2_cd20,XAUUSD
26,-2.9655,0.8158875023281804,0.5,-0.1141,bos_long_rr1.5_sl1.0_h6_b0.2_cd20,GBPUSD
21,-12.6888,0.2969960220284331,0.2857,-0.6042,bos_long_rr1.5_sl1.0_h6_b0.2_cd20,EURUSD
31,-13.3283,0.3840583393795433,0.3226,-0.4299,bos_long_rr1.5_sl1.0_h6_b0.2_cd20,USDJPY
34,-2.2361,0.8887612054641872,0.5,-0.0658,bos_long_rr1.5_sl1.0_h6_b0.2_cd5,GBPUSD
25,-3.1481,0.7826092961267289,0.44,-0.1259,bos_long_rr1.5_sl1.0_h6_b0.2_cd5,XAUUSD
31,-9.4949,0.5528129047450842,0.3871,-0.3063,bos_long_rr1.5_sl1.0_h6_b0.2_cd5,EURUSD
50,-24.5359,0.34985638275321157,0.32,-0.4907,bos_long_rr1.5_sl1.0_h6_b0.2_cd5,USDJPY
36,-2.193,0.9110950751617558,0.3611,-0.0609,bos_long_rr2.0_sl0.8_h12_b0.1_cd0,XAUUSD
49,-26.0656,0.4400178743297126,0.2857,-0.532,bos_long_rr2.0_sl0.8_h12_b0.1_cd0,EURUSD
56,-40.7839,0.3168377200843569,0.2321,-0.7283,bos_long_rr2.0_sl0.8_h12_b0.1_cd0,GBPUSD
77,-56.3394,0.32392368440315894,0.2468,-0.7317,bos_long_rr2.0_sl0.8_h12_b0.1_cd0,USDJPY
20,-1.9297,0.859874230277681,0.35,-0.0965,bos_long_rr2.0_sl0.8_h12_b0.1_cd10,XAUUSD
30,-6.9095,0.6991697180001828,0.3667,-0.2303,bos_long_rr2.0_sl0.8_h12_b0.1_cd10,EURUSD
42,-17.414,0.543000805666433,0.3333,-0.4146,bos_long_rr2.0_sl0.8_h12_b0.1_cd10,USDJPY
33,-20.8536,0.3815181478998974,0.2727,-0.6319,bos_long_rr2.0_sl0.8_h12_b0.1_cd10,GBPUSD
18,-2.7101,0.785811948249018,0.3333,-0.1506,bos_long_rr2.0_sl0.8_h12_b0.1_cd20,XAUUSD
31,-10.4642,0.6045903522494539,0.3548,-0.3376,bos_long_rr2.0_sl0.8_h12_b0.1_cd20,USDJPY
23,-11.7931,0.4255422790088217,0.2609,-0.5127,bos_long_rr2.0_sl0.8_h12_b0.1_cd20,EURUSD
28,-14.1851,0.4694898012610981,0.3214,-0.5066,bos_long_rr2.0_sl0.8_h12_b0.1_cd20,GBPUSD
25,-1.3642,0.9198651299944782,0.36,-0.0546,bos_long_rr2.0_sl0.8_h12_b0.1_cd5,XAUUSD
33,-11.2629,0.5868053899574805,0.3333,-0.3413,bos_long_rr2.0_sl0.8_h12_b0.1_cd5,EURUSD
38,-22.33,0.41675656050922144,0.2895,-0.5876,bos_long_rr2.0_sl0.8_h12_b0.1_cd5,GBPUSD
54,-36.164,0.3612304844467289,0.2593,-0.6697,bos_long_rr2.0_sl0.8_h12_b0.1_cd5,USDJPY
36,-5.2141,0.7976921674148628,0.3333,-0.1448,bos_long_rr2.0_sl0.8_h12_b0.2_cd0,XAUUSD
46,-25.3324,0.4288613028754887,0.2826,-0.5507,bos_long_rr2.0_sl0.8_h12_b0.2_cd0,EURUSD
52,-34.9797,0.3509597454285688,0.25,-0.6727,bos_long_rr2.0_sl0.8_h12_b0.2_cd0,GBPUSD
68,-54.8156,0.2782444738214243,0.2353,-0.8061,bos_long_rr2.0_sl0.8_h12_b0.2_cd0,USDJPY
20,-1.9257,0.8601778907242694,0.35,-0.0963,bos_long_rr2.0_sl0.8_h12_b0.2_cd10,XAUUSD
27,-6.3215,0.697768704490799,0.3704,-0.2341,bos_long_rr2.0_sl0.8_h12_b0.2_cd10,EURUSD
30,-16.4045,0.4394556010018691,0.3,-0.5468,bos_long_rr2.0_sl0.8_h12_b0.2_cd10,GBPUSD
41,-19.4288,0.491483191473769,0.3415,-0.4739,bos_long_rr2.0_sl0.8_h12_b0.2_cd10,USDJPY
18,-2.7061,0.7861500529468477,0.3333,-0.1503,bos_long_rr2.0_sl0.8_h12_b0.2_cd20,XAUUSD
25,-9.5666,0.5686484926639673,0.36,-0.3827,bos_long_rr2.0_sl0.8_h12_b0.2_cd20,GBPUSD
21,-12.6059,0.36583341298628125,0.2381,-0.6003,bos_long_rr2.0_sl0.8_h12_b0.2_cd20,EURUSD
31,-20.4342,0.3744141121292184,0.2903,-0.6592,bos_long_rr2.0_sl0.8_h12_b0.2_cd20,USDJPY
25,-2.9248,0.8283527782342309,0.36,-0.117,bos_long_rr2.0_sl0.8_h12_b0.2_cd5,XAUUSD
31,-12.0715,0.5463018991314283,0.3226,-0.3894,bos_long_rr2.0_sl0.8_h12_b0.2_cd5,EURUSD
34,-16.5182,0.49134233127323007,0.3235,-0.4858,bos_long_rr2.0_sl0.8_h12_b0.2_cd5,GBPUSD
49,-34.45,0.33238892366366357,0.2653,-0.7031,bos_long_rr2.0_sl0.8_h12_b0.2_cd5,USDJPY
39,-2.9379,0.8830397948946606,0.4103,-0.0753,bos_long_rr2.0_sl0.8_h6_b0.1_cd0,XAUUSD
49,-21.6512,0.49019894089696464,0.3265,-0.4419,bos_long_rr2.0_sl0.8_h6_b0.1_cd0,EURUSD
58,-37.0841,0.34740963643402667,0.2759,-0.6394,bos_long_rr2.0_sl0.8_h6_b0.1_cd0,GBPUSD
79,-49.9003,0.3434205609444161,0.2785,-0.6316,bos_long_rr2.0_sl0.8_h6_b0.1_cd0,USDJPY
20,2.4523,1.2244154655685198,0.5,0.1226,bos_long_rr2.0_sl0.8_h6_b0.1_cd10,XAUUSD
30,-6.7,0.7051770038062969,0.4,-0.2233,bos_long_rr2.0_sl0.8_h6_b0.1_cd10,EURUSD
45,-16.4804,0.5599617645959384,0.4,-0.3662,bos_long_rr2.0_sl0.8_h6_b0.1_cd10,USDJPY
35,-21.3291,0.39166607247265517,0.2857,-0.6094,bos_long_rr2.0_sl0.8_h6_b0.1_cd10,GBPUSD
19,-2.4053,0.798993841036912,0.4211,-0.1266,bos_long_rr2.0_sl0.8_h6_b0.1_cd20,XAUUSD
29,-9.71,0.6095713326444204,0.3793,-0.3348,bos_long_rr2.0_sl0.8_h6_b0.1_cd20,GBPUSD
34,-11.1123,0.5914715743654598,0.4118,-0.3268,bos_long_rr2.0_sl0.8_h6_b0.1_cd20,USDJPY
23,-11.7334,0.42828603726514386,0.3043,-0.5101,bos_long_rr2.0_sl0.8_h6_b0.1_cd20,EURUSD
26,1.058,1.0692934426658982,0.4615,0.0407,bos_long_rr2.0_sl0.8_h6_b0.1_cd5,XAUUSD
33,-9.8895,0.618732771748559,0.3636,-0.2997,bos_long_rr2.0_sl0.8_h6_b0.1_cd5,EURUSD
39,-21.366,0.41752972190492804,0.2821,-0.5478,bos_long_rr2.0_sl0.8_h6_b0.1_cd5,GBPUSD
55,-33.1962,0.36562760370882796,0.3091,-0.6036,bos_long_rr2.0_sl0.8_h6_b0.1_cd5,USDJPY
39,-7.5905,0.7130375937575612,0.359,-0.1946,bos_long_rr2.0_sl0.8_h6_b0.2_cd0,XAUUSD
46,-20.6077,0.4843769547572223,0.3261,-0.448,bos_long_rr2.0_sl0.8_h6_b0.2_cd0,EURUSD
55,-32.9092,0.3760804157289951,0.2909,-0.5983,bos_long_rr2.0_sl0.8_h6_b0.2_cd0,GBPUSD
70,-45.5445,0.3139038987919937,0.2714,-0.6506,bos_long_rr2.0_sl0.8_h6_b0.2_cd0,USDJPY
20,-0.9036,0.9247739722606104,0.45,-0.0452,bos_long_rr2.0_sl0.8_h6_b0.2_cd10,XAUUSD
27,-6.0384,0.706872363458075,0.4074,-0.2236,bos_long_rr2.0_sl0.8_h6_b0.2_cd10,EURUSD
32,-16.8331,0.4351043337606465,0.3125,-0.526,bos_long_rr2.0_sl0.8_h6_b0.2_cd10,GBPUSD
43,-22.0203,0.4139079193216117,0.3488,-0.5121,bos_long_rr2.0_sl0.8_h6_b0.2_cd10,USDJPY
19,-2.7581,0.7695360807513619,0.4211,-0.1452,bos_long_rr2.0_sl0.8_h6_b0.2_cd20,XAUUSD
26,-8.3319,0.6041514238747256,0.3846,-0.3205,bos_long_rr2.0_sl0.8_h6_b0.2_cd20,GBPUSD
21,-12.2359,0.3744971040349254,0.2857,-0.5827,bos_long_rr2.0_sl0.8_h6_b0.2_cd20,EURUSD
32,-17.2802,0.3894655765738392,0.3125,-0.54,bos_long_rr2.0_sl0.8_h6_b0.2_cd20,USDJPY
25,-2.1074,0.8620369097419984,0.44,-0.0843,bos_long_rr2.0_sl0.8_h6_b0.2_cd5,XAUUSD
31,-10.3878,0.584105376946791,0.3548,-0.3351,bos_long_rr2.0_sl0.8_h6_b0.2_cd5,EURUSD
35,-14.1499,0.5254307207802443,0.3429,-0.4043,bos_long_rr2.0_sl0.8_h6_b0.2_cd5,GBPUSD
50,-30.999,0.3321354473005552,0.3,-0.62,bos_long_rr2.0_sl0.8_h6_b0.2_cd5,USDJPY
31,-6.3737,0.7028730461374941,0.3226,-0.2056,bos_long_rr2.0_sl1.0_h12_b0.1_cd0,XAUUSD
49,-20.7083,0.5249409281732468,0.3265,-0.4226,bos_long_rr2.0_sl1.0_h12_b0.1_cd0,GBPUSD
46,-24.041,0.4186563879847755,0.2609,-0.5226,bos_long_rr2.0_sl1.0_h12_b0.1_cd0,EURUSD
64,-30.2459,0.4564723598946222,0.3281,-0.4726,bos_long_rr2.0_sl1.0_h12_b0.1_cd0,USDJPY
19,-2.63,0.7759929135400785,0.3684,-0.1384,bos_long_rr2.0_sl1.0_h12_b0.1_cd10,XAUUSD
30,-7.066,0.6905112302463297,0.3333,-0.2355,bos_long_rr2.0_sl1.0_h12_b0.1_cd10,EURUSD
38,-7.747,0.7137155632748841,0.4211,-0.2039,bos_long_rr2.0_sl1.0_h12_b0.1_cd10,USDJPY
32,-9.1041,0.6533395780262963,0.375,-0.2845,bos_long_rr2.0_sl1.0_h12_b0.1_cd10,GBPUSD
17,-4.5809,0.6098904842198491,0.2941,-0.2695,bos_long_rr2.0_sl1.0_h12_b0.1_cd20,XAUUSD
27,-7.7951,0.6490638069898209,0.3704,-0.2887,bos_long_rr2.0_sl1.0_h12_b0.1_cd20,GBPUSD
31,-10.3019,0.5764056216642955,0.3548,-0.3323,bos_long_rr2.0_sl1.0_h12_b0.1_cd20,USDJPY
22,-11.2317,0.40975568740179413,0.2273,-0.5105,bos_long_rr2.0_sl1.0_h12_b0.1_cd20,EURUSD
24,-3.1167,0.8058360692503691,0.3333,-0.1299,bos_long_rr2.0_sl1.0_h12_b0.1_cd5,XAUUSD
36,-8.9231,0.6879554896557512,0.3889,-0.2479,bos_long_rr2.0_sl1.0_h12_b0.1_cd5,GBPUSD
31,-12.9763,0.49212729400437566,0.2903,-0.4186,bos_long_rr2.0_sl1.0_h12_b0.1_cd5,EURUSD
52,-25.2239,0.44735694739309806,0.3269,-0.4851,bos_long_rr2.0_sl1.0_h12_b0.1_cd5,USDJPY
31,-9.3905,0.5833111466098686,0.2903,-0.3029,bos_long_rr2.0_sl1.0_h12_b0.2_cd0,XAUUSD
47,-17.9517,0.5603780146151284,0.3404,-0.382,bos_long_rr2.0_sl1.0_h12_b0.2_cd0,GBPUSD
43,-23.6639,0.399535135107703,0.2558,-0.5503,bos_long_rr2.0_sl1.0_h12_b0.2_cd0,EURUSD
60,-35.2023,0.3777753031821532,0.2833,-0.5867,bos_long_rr2.0_sl1.0_h12_b0.2_cd0,USDJPY
19,-2.6269,0.7762779130967995,0.3684,-0.1383,bos_long_rr2.0_sl1.0_h12_b0.2_cd10,XAUUSD
27,-6.7955,0.6762428833464351,0.3333,-0.2517,bos_long_rr2.0_sl1.0_h12_b0.2_cd10,EURUSD
30,-6.955,0.7022701101450765,0.4,-0.2318,bos_long_rr2.0_sl1.0_h12_b0.2_cd10,GBPUSD
37,-11.2125,0.6047218334561325,0.3784,-0.303,bos_long_rr2.0_sl1.0_h12_b0.2_cd10,USDJPY
25,-2.5807,0.8563404586951682,0.44,-0.1032,bos_long_rr2.0_sl1.0_h12_b0.2_cd20,GBPUSD
17,-4.5778,0.6101909960233998,0.2941,-0.2693,bos_long_rr2.0_sl1.0_h12_b0.2_cd20,XAUUSD
20,-12.2819,0.33639688997671263,0.2,-0.6141,bos_long_rr2.0_sl1.0_h12_b0.2_cd20,EURUSD
30,-12.9235,0.4992230759990545,0.3333,-0.4308,bos_long_rr2.0_sl1.0_h12_b0.2_cd20,USDJPY
33,-4.7752,0.8046769225734935,0.4242,-0.1447,bos_long_rr2.0_sl1.0_h12_b0.2_cd5,GBPUSD
24,-4.8394,0.6984853865659832,0.3333,-0.2016,bos_long_rr2.0_sl1.0_h12_b0.2_cd5,XAUUSD
29,-14.0265,0.43959679255912076,0.2759,-0.4837,bos_long_rr2.0_sl1.0_h12_b0.2_cd5,EURUSD
47,-24.498,0.4181122018769195,0.2979,-0.5212,bos_long_rr2.0_sl1.0_h12_b0.2_cd5,USDJPY
33,-2.4563,0.8710732262923908,0.4242,-0.0744,bos_long_rr2.0_sl1.0_h6_b0.1_cd0,XAUUSD
54,-16.7289,0.5853322393779327,0.3704,-0.3098,bos_long_rr2.0_sl1.0_h6_b0.1_cd0,GBPUSD
46,-18.7454,0.49262845063484373,0.3043,-0.4075,bos_long_rr2.0_sl1.0_h6_b0.1_cd0,EURUSD
71,-36.4528,0.3660492860993722,0.2958,-0.5134,bos_long_rr2.0_sl1.0_h6_b0.1_cd0,USDJPY
20,0.5476,1.0509286385238508,0.5,0.0274,bos_long_rr2.0_sl1.0_h6_b0.1_cd10,XAUUSD
30,-5.6429,0.7358229987406544,0.3667,-0.1881,bos_long_rr2.0_sl1.0_h6_b0.1_cd10,EURUSD
34,-6.0203,0.751495288139651,0.4412,-0.1771,bos_long_rr2.0_sl1.0_h6_b0.1_cd10,GBPUSD
44,-9.1418,0.6747651049689949,0.4318,-0.2078,bos_long_rr2.0_sl1.0_h6_b0.1_cd10,USDJPY
28,-0.2833,0.9835348134371731,0.5,-0.0101,bos_long_rr2.0_sl1.0_h6_b0.1_cd20,GBPUSD
18,-3.2607,0.6954182429592265,0.4444,-0.1812,bos_long_rr2.0_sl1.0_h6_b0.1_cd20,XAUUSD
34,-9.3982,0.6035769271327639,0.3824,-0.2764,bos_long_rr2.0_sl1.0_h6_b0.1_cd20,USDJPY
22,-10.1071,0.43684879146840216,0.2727,-0.4594,bos_long_rr2.0_sl1.0_h6_b0.1_cd20,EURUSD
37,-1.7576,0.9235639981908639,0.4595,-0.0475,bos_long_rr2.0_sl1.0_h6_b0.1_cd5,GBPUSD
26,-2.8694,0.8216401350099766,0.4231,-0.1104,bos_long_rr2.0_sl1.0_h6_b0.1_cd5,XAUUSD
32,-7.9014,0.6531507210113913,0.3438,-0.2469,bos_long_rr2.0_sl1.0_h6_b0.1_cd5,EURUSD
54,-23.4051,0.4494757045881141,0.3333,-0.4334,bos_long_rr2.0_sl1.0_h6_b0.1_cd5,USDJPY
33,-6.7782,0.666389404312496,0.3636,-0.2054,bos_long_rr2.0_sl1.0_h6_b0.2_cd0,XAUUSD
52,-15.539,0.6052705112507685,0.3654,-0.2988,bos_long_rr2.0_sl1.0_h6_b0.2_cd0,GBPUSD
43,-18.1562,0.4781066483467523,0.3023,-0.4222,bos_long_rr2.0_sl1.0_h6_b0.2_cd0,EURUSD
63,-34.5615,0.3254331503207762,0.2698,-0.5486,bos_long_rr2.0_sl1.0_h6_b0.2_cd0,USDJPY
20,-2.7371,0.7684309379177313,0.45,-0.1369,bos_long_rr2.0_sl1.0_h6_b0.2_cd10,XAUUSD
27,-5.5497,0.7182306977594322,0.3704,-0.2055,bos_long_rr2.0_sl1.0_h6_b0.2_cd10,EURUSD
32,-5.7331,0.7534998710121248,0.4062,-0.1792,bos_long_rr2.0_sl1.0_h6_b0.2_cd10,GBPUSD
41,-13.2309,0.5255718388846855,0.3659,-0.3227,bos_long_rr2.0_sl1.0_h6_b0.2_cd10,USDJPY
26,-0.1606,0.9901660625061234,0.4615,-0.0062,bos_long_rr2.0_sl1.0_h6_b0.2_cd20,GBPUSD
18,-3.5429,0.6690919619673846,0.4444,-0.1968,bos_long_rr2.0_sl1.0_h6_b0.2_cd20,XAUUSD
20,-10.9452,0.36417978076366736,0.25,-0.5473,bos_long_rr2.0_sl1.0_h6_b0.2_cd20,EURUSD
31,-13.4587,0.41291707197913163,0.2903,-0.4342,bos_long_rr2.0_sl1.0_h6_b0.2_cd20,USDJPY
34,1.1666,1.0575150122760484,0.4706,0.0343,bos_long_rr2.0_sl1.0_h6_b0.2_cd5,GBPUSD
25,-4.5489,0.7074662379421223,0.4,-0.182,bos_long_rr2.0_sl1.0_h6_b0.2_cd5,XAUUSD
30,-8.7395,0.6036040530856246,0.3333,-0.2913,bos_long_rr2.0_sl1.0_h6_b0.2_cd5,EURUSD
50,-23.5172,0.39996581030844713,0.3,-0.4703,bos_long_rr2.0_sl1.0_h6_b0.2_cd5,USDJPY
83,0.0203,1.0004925343439588,0.5422,0.0002,bos_short_rr1.0_sl0.8_h12_b0.1_cd0,XAUUSD
37,-32.7231,0.15401340213648257,0.2703,-0.8844,bos_short_rr1.0_sl0.8_h12_b0.1_cd0,USDJPY
111,-46.5121,0.3927726100721303,0.5315,-0.419,bos_short_rr1.0_sl0.8_h12_b0.1_cd0,EURUSD
84,-57.6739,0.23319647828711376,0.381,-0.6866,bos_short_rr1.0_sl0.8_h12_b0.1_cd0,GBPUSD
33,6.1003,1.4662768478177788,0.6364,0.1849,bos_short_rr1.0_sl0.8_h12_b0.1_cd10,XAUUSD
47,-7.2703,0.6842898334230776,0.6596,-0.1547,bos_short_rr1.0_sl0.8_h12_b0.1_cd10,EURUSD
22,-21.369,0.11743933918430564,0.2273,-0.9713,bos_short_rr1.0_sl0.8_h12_b0.1_cd10,USDJPY
38,-26.8563,0.23048512476970112,0.3684,-0.7067,bos_short_rr1.0_sl0.8_h12_b0.1_cd10,GBPUSD
24,5.9073,1.6713527519859988,0.6667,0.2461,bos_short_rr1.0_sl0.8_h12_b0.1_cd20,XAUUSD
34,-0.9042,0.932564660958802,0.7353,-0.0266,bos_short_rr1.0_sl0.8_h12_b0.1_cd20,EURUSD
21,-20.038,0.12427069903633942,0.2381,-0.9542,bos_short_rr1.0_sl0.8_h12_b0.1_cd20,USDJPY
28,-22.767,0.1774571151928552,0.3214,-0.8131,bos_short_rr1.0_sl0.8_h12_b0.1_cd20,GBPUSD
41,11.4683,1.8085206883667153,0.6829,0.2797,bos_short_rr1.0_sl0.8_h12_b0.1_cd5,XAUUSD
58,-9.647,0.669371919747205,0.6552,-0.1663,bos_short_rr1.0_sl0.8_h12_b0.1_cd5,EURUSD
23,-20.7954,0.1411295818275684,0.2609,-0.9041,bos_short_rr1.0_sl0.8_h12_b0.1_cd5,USDJPY
48,-31.0402,0.2553824896068474,0.3958,-0.6467,bos_short_rr1.0_sl0.8_h12_b0.1_cd5,GBPUSD
76,-8.4192,0.801094791354125,0.4868,-0.1108,bos_short_rr1.0_sl0.8_h12_b0.2_cd0,XAUUSD
34,-30.7031,0.14847725942751278,0.2647,-0.903,bos_short_rr1.0_sl0.8_h12_b0.2_cd0,USDJPY
105,-50.3797,0.3453951300641875,0.5048,-0.4798,bos_short_rr1.0_sl0.8_h12_b0.2_cd0,EURUSD
82,-55.0073,0.23913034457288374,0.3902,-0.6708,bos_short_rr1.0_sl0.8_h12_b0.2_cd0,GBPUSD
32,1.1842,1.0775411049050871,0.5625,0.037,bos_short_rr1.0_sl0.8_h12_b0.2_cd10,XAUUSD
43,-11.97,0.5183815689414453,0.6047,-0.2784,bos_short_rr1.0_sl0.8_h12_b0.2_cd10,EURUSD
21,-20.0987,0.12284461125537348,0.2381,-0.9571,bos_short_rr1.0_sl0.8_h12_b0.2_cd10,USDJPY
37,-25.5043,0.23994814638216716,0.3784,-0.6893,bos_short_rr1.0_sl0.8_h12_b0.2_cd10,GBPUSD
24,3.9155,1.396968621686014,0.625,0.1631,bos_short_rr1.0_sl0.8_h12_b0.2_cd20,XAUUSD
32,-8.3688,0.5333192063615985,0.625,-0.2615,bos_short_rr1.0_sl0.8_h12_b0.2_cd20,EURUSD
20,-18.7677,0.13042047955519517,0.25,-0.9384,bos_short_rr1.0_sl0.8_h12_b0.2_cd20,USDJPY
28,-22.8994,0.17378409582912396,0.3214,-0.8178,bos_short_rr1.0_sl0.8_h12_b0.2_cd20,GBPUSD
40,2.5582,1.1382452120530888,0.575,0.064,bos_short_rr1.0_sl0.8_h12_b0.2_cd5,XAUUSD
54,-18.3871,0.45628446810083534,0.5741,-0.3405,bos_short_rr1.0_sl0.8_h12_b0.2_cd5,EURUSD
22,-19.5251,0.14787788858096756,0.2727,-0.8875,bos_short_rr1.0_sl0.8_h12_b0.2_cd5,USDJPY
46,-30.3602,0.24889103301542537,0.3913,-0.66,bos_short_rr1.0_sl0.8_h12_b0.2_cd5,GBPUSD
83,0.6873,1.0169501139379113,0.5422,0.0083,bos_short_rr1.0_sl0.8_h6_b0.1_cd0,XAUUSD
38,-32.3493,0.1636772111974023,0.2895,-0.8513,bos_short_rr1.0_sl0.8_h6_b0.1_cd0,USDJPY
112,-45.0654,0.3993010013116222,0.5268,-0.4024,bos_short_rr1.0_sl0.8_h6_b0.1_cd0,EURUSD
84,-57.6739,0.23319647828711376,0.381,-0.6866,bos_short_rr1.0_sl0.8_h6_b0.1_cd0,GBPUSD
33,6.1003,1.4662768478177788,0.6364,0.1849,bos_short_rr1.0_sl0.8_h6_b0.1_cd10,XAUUSD
47,-7.2703,0.6842898334230776,0.6596,-0.1547,bos_short_rr1.0_sl0.8_h6_b0.1_cd10,EURUSD
23,-21.0145,0.13208053691275168,0.2609,-0.9137,bos_short_rr1.0_sl0.8_h6_b0.1_cd10,USDJPY
38,-26.8563,0.23048512476970112,0.3684,-0.7067,bos_short_rr1.0_sl0.8_h6_b0.1_cd10,GBPUSD
24,5.9073,1.6713527519859988,0.6667,0.2461,bos_short_rr1.0_sl0.8_h6_b0.1_cd20,XAUUSD
34,-2.0705,0.852153608865785,0.7059,-0.0609,bos_short_rr1.0_sl0.8_h6_b0.1_cd20,EURUSD
21,-20.038,0.12427069903633942,0.2381,-0.9542,bos_short_rr1.0_sl0.8_h6_b0.1_cd20,USDJPY
28,-22.767,0.1774571151928552,0.3214,-0.8131,bos_short_rr1.0_sl0.8_h6_b0.1_cd20,GBPUSD
41,11.4683,1.8085206883667153,0.6829,0.2797,bos_short_rr1.0_sl0.8_h6_b0.1_cd5,XAUUSD
59,-11.3024,0.62807839627236,0.6271,-0.1916,bos_short_rr1.0_sl0.8_h6_b0.1_cd5,EURUSD
24,-20.4216,0.1565678884873516,0.2917,-0.8509,bos_short_rr1.0_sl0.8_h6_b0.1_cd5,USDJPY
48,-31.0402,0.2553824896068474,0.3958,-0.6467,bos_short_rr1.0_sl0.8_h6_b0.1_cd5,GBPUSD
76,-8.4192,0.801094791354125,0.4868,-0.1108,bos_short_rr1.0_sl0.8_h6_b0.2_cd0,XAUUSD
35,-30.3486,0.1583089966635882,0.2857,-0.8671,bos_short_rr1.0_sl0.8_h6_b0.2_cd0,USDJPY
106,-48.4907,0.35297249405554565,0.5,-0.4575,bos_short_rr1.0_sl0.8_h6_b0.2_cd0,EURUSD
82,-55.7228,0.2292334356451941,0.3902,-0.6795,bos_short_rr1.0_sl0.8_h6_b0.2_cd0,GBPUSD
32,1.1842,1.0775411049050871,0.5625,0.037,bos_short_rr1.0_sl0.8_h6_b0.2_cd10,XAUUSD
43,-11.97,0.5183815689414453,0.6047,-0.2784,bos_short_rr1.0_sl0.8_h6_b0.2_cd10,EURUSD
22,-19.7442,0.13831584000698277,0.2727,-0.8975,bos_short_rr1.0_sl0.8_h6_b0.2_cd10,USDJPY
37,-26.2198,0.2186255811181309,0.3784,-0.7086,bos_short_rr1.0_sl0.8_h6_b0.2_cd10,GBPUSD
24,3.9155,1.396968621686014,0.625,0.1631,bos_short_rr1.0_sl0.8_h6_b0.2_cd20,XAUUSD
32,-9.5351,0.48538475653854046,0.5938,-0.298,bos_short_rr1.0_sl0.8_h6_b0.2_cd20,EURUSD
20,-18.7677,0.13042047955519517,0.25,-0.9384,bos_short_rr1.0_sl0.8_h6_b0.2_cd20,USDJPY
28,-23.6149,0.14796868234954538,0.3214,-0.8434,bos_short_rr1.0_sl0.8_h6_b0.2_cd20,GBPUSD
40,2.5582,1.1382452120530888,0.575,0.064,bos_short_rr1.0_sl0.8_h6_b0.2_cd5,XAUUSD
23,-19.1706,0.16334911733257687,0.3043,-0.8335,bos_short_rr1.0_sl0.8_h6_b0.2_cd5,USDJPY
55,-19.6002,0.43330075809706653,0.5455,-0.3564,bos_short_rr1.0_sl0.8_h6_b0.2_cd5,EURUSD
46,-31.0757,0.23118961912890737,0.3913,-0.6756,bos_short_rr1.0_sl0.8_h6_b0.2_cd5,GBPUSD
70,9.3006,1.3109975690253028,0.6,0.1329,bos_short_rr1.0_sl1.0_h12_b0.1_cd0,XAUUSD
34,-26.9925,0.19362066338647954,0.2647,-0.7939,bos_short_rr1.0_sl1.0_h12_b0.1_cd0,USDJPY
74,-38.1068,0.34073447412628305,0.4189,-0.515,bos_short_rr1.0_sl1.0_h12_b0.1_cd0,GBPUSD
102,-38.8739,0.4437391517121872,0.5,-0.3811,bos_short_rr1.0_sl1.0_h12_b0.1_cd0,EURUSD
32,7.7363,1.6553687153204286,0.6562,0.2418,bos_short_rr1.0_sl1.0_h12_b0.1_cd10,XAUUSD
45,-7.1943,0.6930327221835838,0.6,-0.1599,bos_short_rr1.0_sl1.0_h12_b0.1_cd10,EURUSD
22,-17.495,0.18635475769695842,0.2727,-0.7952,bos_short_rr1.0_sl1.0_h12_b0.1_cd10,USDJPY
36,-18.8899,0.33573277256551276,0.4167,-0.5247,bos_short_rr1.0_sl1.0_h12_b0.1_cd10,GBPUSD
24,8.3261,2.104433066270494,0.7083,0.3469,bos_short_rr1.0_sl1.0_h12_b0.1_cd20,XAUUSD
34,-1.5822,0.8955733171411034,0.6765,-0.0465,bos_short_rr1.0_sl1.0_h12_b0.1_cd20,EURUSD
28,-14.214,0.3446991351171925,0.4286,-0.5076,bos_short_rr1.0_sl1.0_h12_b0.1_cd20,GBPUSD
21,-16.2303,0.19800072144011302,0.2857,-0.7729,bos_short_rr1.0_sl1.0_h12_b0.1_cd20,USDJPY
40,9.2322,1.615574388072838,0.65,0.2308,bos_short_rr1.0_sl1.0_h12_b0.1_cd5,XAUUSD
56,-11.2265,0.6419493214690076,0.5893,-0.2005,bos_short_rr1.0_sl1.0_h12_b0.1_cd5,EURUSD
23,-16.8361,0.21699841875174403,0.3043,-0.732,bos_short_rr1.0_sl1.0_h12_b0.1_cd5,USDJPY
48,-26.7228,0.31069954601733385,0.3958,-0.5567,bos_short_rr1.0_sl1.0_h12_b0.1_cd5,GBPUSD
68,3.4205,1.106810183580491,0.5588,0.0503,bos_short_rr1.0_sl1.0_h12_b0.2_cd0,XAUUSD
31,-23.1765,0.2179269572494407,0.2903,-0.7476,bos_short_rr1.0_sl1.0_h12_b0.2_cd0,USDJPY
72,-37.5419,0.3365913050854047,0.4167,-0.5214,bos_short_rr1.0_sl1.0_h12_b0.2_cd0,GBPUSD
96,-41.155,0.40164639926490686,0.4792,-0.4287,bos_short_rr1.0_sl1.0_h12_b0.2_cd0,EURUSD
31,4.8036,1.3734432092046955,0.6129,0.155,bos_short_rr1.0_sl1.0_h12_b0.2_cd10,XAUUSD
41,-10.1483,0.5702240291364926,0.561,-0.2475,bos_short_rr1.0_sl1.0_h12_b0.2_cd10,EURUSD
21,-16.2788,0.19661645971928857,0.2857,-0.7752,bos_short_rr1.0_sl1.0_h12_b0.2_cd10,USDJPY
35,-17.6292,0.35095373264560026,0.4286,-0.5037,bos_short_rr1.0_sl1.0_h12_b0.2_cd10,GBPUSD
24,6.3327,1.7371919490588223,0.6667,0.2639,bos_short_rr1.0_sl1.0_h12_b0.2_cd20,XAUUSD
32,-5.1923,0.6862999794584275,0.625,-0.1623,bos_short_rr1.0_sl1.0_h12_b0.2_cd20,EURUSD
28,-14.3199,0.340719596694367,0.4286,-0.5114,bos_short_rr1.0_sl1.0_h12_b0.2_cd20,GBPUSD
20,-15.0141,0.2097051810444202,0.3,-0.7507,bos_short_rr1.0_sl1.0_h12_b0.2_cd20,USDJPY
39,4.3037,1.2516121488497178,0.5897,0.1104,bos_short_rr1.0_sl1.0_h12_b0.2_cd5,XAUUSD
22,-15.6199,0.22913417691533255,0.3182,-0.71,bos_short_rr1.0_sl1.0_h12_b0.2_cd5,USDJPY
52,-16.2131,0.5076480645249454,0.5385,-0.3118,bos_short_rr1.0_sl1.0_h12_b0.2_cd5,EURUSD
46,-26.1579,0.3034868394775732,0.3913,-0.5686,bos_short_rr1.0_sl1.0_h12_b0.2_cd5,GBPUSD
70,10.496,1.3651709825451332,0.6143,0.1499,bos_short_rr1.0_sl1.0_h6_b0.1_cd0,XAUUSD
35,-26.2653,0.20995924260426224,0.2857,-0.7504,bos_short_rr1.0_sl1.0_h6_b0.1_cd0,USDJPY
103,-36.6125,0.451987438930932,0.4951,-0.3555,bos_short_rr1.0_sl1.0_h6_b0.1_cd0,EURUSD
74,-38.5568,0.3274867265281063,0.4189,-0.521,bos_short_rr1.0_sl1.0_h6_b0.1_cd0,GBPUSD
32,7.6329,1.6466093438942775,0.6562,0.2385,bos_short_rr1.0_sl1.0_h6_b0.1_cd10,XAUUSD
46,-8.2589,0.662919926697767,0.587,-0.1795,bos_short_rr1.0_sl1.0_h6_b0.1_cd10,EURUSD
23,-16.7832,0.2110859366920813,0.3043,-0.7297,bos_short_rr1.0_sl1.0_h6_b0.1_cd10,USDJPY
36,-18.8206,0.32779010004250286,0.4167,-0.5228,bos_short_rr1.0_sl1.0_h6_b0.1_cd10,GBPUSD
24,8.2227,2.090717355547302,0.7083,0.3426,bos_short_rr1.0_sl1.0_h6_b0.1_cd20,XAUUSD
34,-1.5822,0.8955733171411034,0.6765,-0.0465,bos_short_rr1.0_sl1.0_h6_b0.1_cd20,EURUSD
28,-14.3388,0.3313935595780992,0.4286,-0.5121,bos_short_rr1.0_sl1.0_h6_b0.1_cd20,GBPUSD
21,-16.0021,0.20025888220859508,0.2857,-0.762,bos_short_rr1.0_sl1.0_h6_b0.1_cd20,USDJPY
40,9.8064,1.6847996871530226,0.65,0.2452,bos_short_rr1.0_sl1.0_h6_b0.1_cd5,XAUUSD
57,-14.259,0.5601626216886498,0.5263,-0.2502,bos_short_rr1.0_sl1.0_h6_b0.1_cd5,EURUSD
24,-16.1089,0.24278220158128777,0.3333,-0.6712,bos_short_rr1.0_sl1.0_h6_b0.1_cd5,USDJPY
48,-26.8476,0.30307608441710143,0.3958,-0.5593,bos_short_rr1.0_sl1.0_h6_b0.1_cd5,GBPUSD
68,3.9937,1.12740090916341,0.5588,0.0587,bos_short_rr1.0_sl1.0_h6_b0.2_cd0,XAUUSD
32,-22.4647,0.23606345535850914,0.3125,-0.702,bos_short_rr1.0_sl1.0_h6_b0.2_cd0,USDJPY
72,-38.3944,0.3158505271748524,0.4167,-0.5333,bos_short_rr1.0_sl1.0_h6_b0.2_cd0,GBPUSD
97,-38.8315,0.408449567056042,0.4742,-0.4003,bos_short_rr1.0_sl1.0_h6_b0.2_cd0,EURUSD
31,4.7002,1.3654046489932363,0.6129,0.1516,bos_short_rr1.0_sl1.0_h6_b0.2_cd10,XAUUSD
42,-11.7046,0.5349652155602261,0.5476,-0.2787,bos_short_rr1.0_sl1.0_h6_b0.2_cd10,EURUSD
22,-15.567,0.22299421999940103,0.3182,-0.7076,bos_short_rr1.0_sl1.0_h6_b0.2_cd10,USDJPY
35,-18.1565,0.3254559437078096,0.4286,-0.5188,bos_short_rr1.0_sl1.0_h6_b0.2_cd10,GBPUSD
24,6.2293,1.7251551168178063,0.6667,0.2596,bos_short_rr1.0_sl1.0_h6_b0.2_cd20,XAUUSD
32,-5.1923,0.6862999794584275,0.625,-0.1623,bos_short_rr1.0_sl1.0_h6_b0.2_cd20,EURUSD
20,-14.7859,0.21225472698309528,0.3,-0.7393,bos_short_rr1.0_sl1.0_h6_b0.2_cd20,USDJPY
28,-14.8472,0.3086447346976788,0.4286,-0.5303,bos_short_rr1.0_sl1.0_h6_b0.2_cd20,GBPUSD
39,4.8779,1.29694586318782,0.5897,0.1251,bos_short_rr1.0_sl1.0_h6_b0.2_cd5,XAUUSD
23,-14.9081,0.25588232358020624,0.3478,-0.6482,bos_short_rr1.0_sl1.0_h6_b0.2_cd5,USDJPY
53,-19.1835,0.4346503753083364,0.4717,-0.362,bos_short_rr1.0_sl1.0_h6_b0.2_cd5,EURUSD
46,-26.6852,0.2847804237413061,0.3913,-0.5801,bos_short_rr1.0_sl1.0_h6_b0.2_cd5,GBPUSD
71,5.4882,1.1328250925724244,0.4648,0.0773,bos_short_rr1.5_sl0.8_h12_b0.1_cd0,XAUUSD
34,-32.2594,0.1719824023737288,0.1765,-0.9488,bos_short_rr1.5_sl0.8_h12_b0.1_cd0,USDJPY
94,-42.3468,0.4763071359935891,0.4043,-0.4505,bos_short_rr1.5_sl0.8_h12_b0.1_cd0,EURUSD
75,-43.175,0.38543812176794545,0.3467,-0.5757,bos_short_rr1.5_sl0.8_h12_b0.1_cd0,GBPUSD
32,12.6679,1.8911266495962182,0.5938,0.3959,bos_short_rr1.5_sl0.8_h12_b0.1_cd10,XAUUSD
45,-6.2848,0.7941232351688668,0.5333,-0.1397,bos_short_rr1.5_sl0.8_h12_b0.1_cd10,EURUSD
37,-20.9008,0.40064578661512606,0.3514,-0.5649,bos_short_rr1.5_sl0.8_h12_b0.1_cd10,GBPUSD
22,-21.369,0.16627325824109368,0.1818,-0.9713,bos_short_rr1.5_sl0.8_h12_b0.1_cd10,USDJPY
24,13.9043,2.5796571272764455,0.6667,0.5793,bos_short_rr1.5_sl0.8_h12_b0.1_cd20,XAUUSD
34,-1.0129,0.951264458515368,0.5882,-0.0298,bos_short_rr1.5_sl0.8_h12_b0.1_cd20,EURUSD
28,-18.267,0.34003641776377586,0.3214,-0.6524,bos_short_rr1.5_sl0.8_h12_b0.1_cd20,GBPUSD
21,-20.038,0.17538076601768746,0.1905,-0.9542,bos_short_rr1.5_sl0.8_h12_b0.1_cd20,USDJPY
40,11.5287,1.5863293070565796,0.55,0.2882,bos_short_rr1.5_sl0.8_h12_b0.1_cd5,XAUUSD
55,-14.618,0.6422242890009301,0.4727,-0.2658,bos_short_rr1.5_sl0.8_h12_b0.1_cd5,EURUSD
23,-20.2954,0.20816052624391843,0.2174,-0.8824,bos_short_rr1.5_sl0.8_h12_b0.1_cd5,USDJPY
47,-27.5742,0.37986173270421864,0.3404,-0.5867,bos_short_rr1.5_sl0.8_h12_b0.1_cd5,GBPUSD
69,2.653,1.0642445992643232,0.4493,0.0384,bos_short_rr1.5_sl0.8_h12_b0.2_cd0,XAUUSD
31,-28.2394,0.19110540773564857,0.1935,-0.9109,bos_short_rr1.5_sl0.8_h12_b0.2_cd0,USDJPY
73,-43.7967,0.36515204884348945,0.3425,-0.6,bos_short_rr1.5_sl0.8_h12_b0.2_cd0,GBPUSD
88,-44.3483,0.43494913073115415,0.3864,-0.504,bos_short_rr1.5_sl0.8_h12_b0.2_cd0,EURUSD
31,11.2649,1.7930626641228362,0.5806,0.3634,bos_short_rr1.5_sl0.8_h12_b0.2_cd10,XAUUSD
41,-8.5152,0.7093203068194619,0.5122,-0.2077,bos_short_rr1.5_sl0.8_h12_b0.2_cd10,EURUSD
21,-20.0987,0.17397058158698325,0.1905,-0.9571,bos_short_rr1.5_sl0.8_h12_b0.2_cd10,USDJPY
36,-20.3767,0.39224645742799275,0.3611,-0.566,bos_short_rr1.5_sl0.8_h12_b0.2_cd10,GBPUSD
24,11.4155,2.1573477974349875,0.625,0.4756,bos_short_rr1.5_sl0.8_h12_b0.2_cd20,XAUUSD
32,-6.0252,0.7307546217060429,0.5312,-0.1883,bos_short_rr1.5_sl0.8_h12_b0.2_cd20,EURUSD
20,-18.7677,0.18403787710808805,0.2,-0.9384,bos_short_rr1.5_sl0.8_h12_b0.2_cd20,USDJPY
28,-19.2273,0.30627435416365995,0.3214,-0.6867,bos_short_rr1.5_sl0.8_h12_b0.2_cd20,GBPUSD
39,7.6178,1.3678035497016163,0.5128,0.1953,bos_short_rr1.5_sl0.8_h12_b0.2_cd5,XAUUSD
51,-16.9058,0.5741107889347101,0.451,-0.3315,bos_short_rr1.5_sl0.8_h12_b0.2_cd5,EURUSD
22,-19.0251,0.2180940912472207,0.2273,-0.8648,bos_short_rr1.5_sl0.8_h12_b0.2_cd5,USDJPY
45,-28.1959,0.34730202088011297,0.3333,-0.6266,bos_short_rr1.5_sl0.8_h12_b0.2_cd5,GBPUSD
71,7.2807,1.1859071421823095,0.493,0.1025,bos_short_rr1.5_sl0.8_h6_b0.1_cd0,XAUUSD
35,-30.0304,0.21684478451131034,0.2286,-0.858,bos_short_rr1.5_sl0.8_h6_b0.1_cd0,USDJPY
95,-39.2663,0.49713582454059857,0.4316,-0.4133,bos_short_rr1.5_sl0.8_h6_b0.1_cd0,EURUSD
76,-46.4483,0.35334082343818085,0.3421,-0.6112,bos_short_rr1.5_sl0.8_h6_b0.1_cd0,GBPUSD
32,11.9226,1.8386983314105632,0.5938,0.3726,bos_short_rr1.5_sl0.8_h6_b0.1_cd10,XAUUSD
45,-6.2848,0.7941232351688668,0.5333,-0.1397,bos_short_rr1.5_sl0.8_h6_b0.1_cd10,EURUSD
23,-20.5145,0.1996121838264269,0.2174,-0.8919,bos_short_rr1.5_sl0.8_h6_b0.1_cd10,USDJPY
37,-21.613,0.3802226415310763,0.3514,-0.5841,bos_short_rr1.5_sl0.8_h6_b0.1_cd10,GBPUSD
24,13.5251,2.536576498790062,0.6667,0.5635,bos_short_rr1.5_sl0.8_h6_b0.1_cd20,XAUUSD
34,-1.0129,0.951264458515368,0.5882,-0.0298,bos_short_rr1.5_sl0.8_h6_b0.1_cd20,EURUSD
28,-18.9792,0.31430553347688484,0.3214,-0.6778,bos_short_rr1.5_sl0.8_h6_b0.1_cd20,GBPUSD
21,-20.038,0.17538076601768746,0.1905,-0.9542,bos_short_rr1.5_sl0.8_h6_b0.1_cd20,USDJPY
40,10.7973,1.549520067587513,0.55,0.2699,bos_short_rr1.5_sl0.8_h6_b0.1_cd5,XAUUSD
57,-12.9031,0.672356309434633,0.4737,-0.2264,bos_short_rr1.5_sl0.8_h6_b0.1_cd5,EURUSD
24,-19.4216,0.24225245506365414,0.25,-0.8092,bos_short_rr1.5_sl0.8_h6_b0.1_cd5,USDJPY
47,-29.2989,0.3410735731345835,0.3404,-0.6234,bos_short_rr1.5_sl0.8_h6_b0.1_cd5,GBPUSD
69,3.2046,1.079695403699522,0.4638,0.0464,bos_short_rr1.5_sl0.8_h6_b0.2_cd0,XAUUSD
32,-26.0297,0.24104359894683744,0.25,-0.8134,bos_short_rr1.5_sl0.8_h6_b0.2_cd0,USDJPY
89,-42.5849,0.4452020975149009,0.4045,-0.4785,bos_short_rr1.5_sl0.8_h6_b0.2_cd0,EURUSD
73,-45.1968,0.34485712670519525,0.3425,-0.6191,bos_short_rr1.5_sl0.8_h6_b0.2_cd0,GBPUSD
31,10.5196,1.740592637440775,0.5806,0.3393,bos_short_rr1.5_sl0.8_h6_b0.2_cd10,XAUUSD
41,-9.6054,0.674473774286363,0.5122,-0.2343,bos_short_rr1.5_sl0.8_h6_b0.2_cd10,EURUSD
22,-19.2442,0.2090893772321704,0.2273,-0.8747,bos_short_rr1.5_sl0.8_h6_b0.2_cd10,USDJPY
36,-20.7643,0.38068593619045626,0.3611,-0.5768,bos_short_rr1.5_sl0.8_h6_b0.2_cd10,GBPUSD
24,11.0363,2.1189030263091193,0.625,0.4598,bos_short_rr1.5_sl0.8_h6_b0.2_cd20,XAUUSD
32,-6.0252,0.7307546217060429,0.5312,-0.1883,bos_short_rr1.5_sl0.8_h6_b0.2_cd20,EURUSD
20,-18.7677,0.18403787710808805,0.2,-0.9384,bos_short_rr1.5_sl0.8_h6_b0.2_cd20,USDJPY
28,-19.6149,0.2922896521864627,0.3214,-0.7005,bos_short_rr1.5_sl0.8_h6_b0.2_cd20,GBPUSD
39,6.8864,1.3327132966464872,0.5128,0.1766,bos_short_rr1.5_sl0.8_h6_b0.2_cd5,XAUUSD
23,-18.1706,0.25321288689240784,0.2609,-0.79,bos_short_rr1.5_sl0.8_h6_b0.2_cd5,USDJPY
53,-18.9603,0.5348261513851952,0.4151,-0.3577,bos_short_rr1.5_sl0.8_h6_b0.2_cd5,EURUSD
45,-29.596,0.31489154841547257,0.3333,-0.6577,bos_short_rr1.5_sl0.8_h6_b0.2_cd5,GBPUSD
60,15.1616,1.5059634650167857,0.5333,0.2527,bos_short_rr1.5_sl1.0_h12_b0.1_cd0,XAUUSD
31,-26.192,0.21242700697004507,0.1935,-0.8449,bos_short_rr1.5_sl1.0_h12_b0.1_cd0,USDJPY
86,-26.7198,0.5974090547479568,0.4186,-0.3107,bos_short_rr1.5_sl1.0_h12_b0.1_cd0,EURUSD
69,-31.5492,0.4683665886468533,0.3623,-0.4572,bos_short_rr1.5_sl1.0_h12_b0.1_cd0,GBPUSD
32,13.2363,1.9499077815175503,0.5938,0.4136,bos_short_rr1.5_sl1.0_h12_b0.1_cd10,XAUUSD
44,-8.137,0.7377842657669416,0.4773,-0.1849,bos_short_rr1.5_sl1.0_h12_b0.1_cd10,EURUSD
22,-16.995,0.25788294680948615,0.2273,-0.7725,bos_short_rr1.5_sl1.0_h12_b0.1_cd10,USDJPY
36,-17.2576,0.44800762533504773,0.3611,-0.4794,bos_short_rr1.5_sl1.0_h12_b0.1_cd10,GBPUSD
24,14.3237,2.664907651715039,0.6667,0.5968,bos_short_rr1.5_sl1.0_h12_b0.1_cd20,XAUUSD
33,1.4752,1.0768649600616922,0.5758,0.0447,bos_short_rr1.5_sl1.0_h12_b0.1_cd20,EURUSD
28,-9.0868,0.5810758478248843,0.4286,-0.3245,bos_short_rr1.5_sl1.0_h12_b0.1_cd20,GBPUSD
21,-15.7161,0.2731363716249341,0.2381,-0.7484,bos_short_rr1.5_sl1.0_h12_b0.1_cd20,USDJPY
38,14.3622,1.8384091346911615,0.5789,0.378,bos_short_rr1.5_sl1.0_h12_b0.1_cd5,XAUUSD
54,-13.4122,0.6553639797517794,0.4444,-0.2484,bos_short_rr1.5_sl1.0_h12_b0.1_cd5,EURUSD
23,-15.8361,0.3084883868178702,0.2609,-0.6885,bos_short_rr1.5_sl1.0_h12_b0.1_cd5,USDJPY
48,-25.6065,0.40399686246761796,0.3333,-0.5335,bos_short_rr1.5_sl1.0_h12_b0.1_cd5,GBPUSD
59,11.2255,1.361940106013903,0.5085,0.1903,bos_short_rr1.5_sl1.0_h12_b0.2_cd0,XAUUSD
28,-22.376,0.23936690960513435,0.2143,-0.7991,bos_short_rr1.5_sl1.0_h12_b0.2_cd0,USDJPY
81,-26.238,0.5861625161470434,0.4198,-0.3239,bos_short_rr1.5_sl1.0_h12_b0.2_cd0,EURUSD
66,-30.041,0.47019225173142953,0.3636,-0.4552,bos_short_rr1.5_sl1.0_h12_b0.2_cd0,GBPUSD
31,11.8175,1.8486474064818206,0.5806,0.3812,bos_short_rr1.5_sl1.0_h12_b0.2_cd10,XAUUSD
40,-8.091,0.7161012786144366,0.475,-0.2023,bos_short_rr1.5_sl1.0_h12_b0.2_cd10,EURUSD
21,-15.7788,0.2715739907208642,0.2381,-0.7514,bos_short_rr1.5_sl1.0_h12_b0.2_cd10,USDJPY
35,-16.0866,0.4657904087616935,0.3714,-0.4596,bos_short_rr1.5_sl1.0_h12_b0.2_cd10,GBPUSD
24,11.8327,2.2258816460154986,0.625,0.493,bos_short_rr1.5_sl1.0_h12_b0.2_cd20,XAUUSD
31,1.3651,1.0763299448675365,0.5806,0.044,bos_short_rr1.5_sl1.0_h12_b0.2_cd20,EURUSD
28,-11.7821,0.4932887782178815,0.3929,-0.4208,bos_short_rr1.5_sl1.0_h12_b0.2_cd20,GBPUSD
20,-14.4999,0.2886138176680109,0.25,-0.725,bos_short_rr1.5_sl1.0_h12_b0.2_cd20,USDJPY
37,10.4337,1.574245709819807,0.5405,0.282,bos_short_rr1.5_sl1.0_h12_b0.2_cd5,XAUUSD
50,-11.7908,0.6711202351930469,0.46,-0.2358,bos_short_rr1.5_sl1.0_h12_b0.2_cd5,EURUSD
22,-14.6199,0.3250744408281975,0.2727,-0.6645,bos_short_rr1.5_sl1.0_h12_b0.2_cd5,USDJPY
45,-21.755,0.4440597057643508,0.3556,-0.4834,bos_short_rr1.5_sl1.0_h12_b0.2_cd5,GBPUSD
62,14.2698,1.4999982480544645,0.5484,0.2302,bos_short_rr1.5_sl1.0_h6_b0.1_cd0,XAUUSD
32,-23.9313,0.25202766690941364,0.2188,-0.7479,bos_short_rr1.5_sl1.0_h6_b0.1_cd0,USDJPY
88,-26.7723,0.5825626920756094,0.4545,-0.3042,bos_short_rr1.5_sl1.0_h6_b0.1_cd0,EURUSD
69,-31.9526,0.45503602950582017,0.3623,-0.4631,bos_short_rr1.5_sl1.0_h6_b0.1_cd0,GBPUSD
32,12.3732,1.9612342878451237,0.625,0.3867,bos_short_rr1.5_sl1.0_h6_b0.1_cd10,XAUUSD
45,-7.8609,0.7444075225324819,0.4667,-0.1747,bos_short_rr1.5_sl1.0_h6_b0.1_cd10,EURUSD
23,-14.7497,0.3183742317112621,0.2609,-0.6413,bos_short_rr1.5_sl1.0_h6_b0.1_cd10,USDJPY
36,-17.0174,0.4513913962964873,0.3611,-0.4727,bos_short_rr1.5_sl1.0_h6_b0.1_cd10,GBPUSD
24,14.0535,2.8635628281971037,0.7083,0.5856,bos_short_rr1.5_sl1.0_h6_b0.1_cd20,XAUUSD
33,1.7985,1.0953160773340118,0.5758,0.0545,bos_short_rr1.5_sl1.0_h6_b0.1_cd20,EURUSD
28,-8.8466,0.5874903244458122,0.4286,-0.316,bos_short_rr1.5_sl1.0_h6_b0.1_cd20,GBPUSD
21,-13.1267,0.3177319930560609,0.2857,-0.6251,bos_short_rr1.5_sl1.0_h6_b0.1_cd20,USDJPY
40,12.0494,1.6878335873592154,0.575,0.3012,bos_short_rr1.5_sl1.0_h6_b0.1_cd5,XAUUSD
24,-13.5754,0.37264198900134016,0.2917,-0.5656,bos_short_rr1.5_sl1.0_h6_b0.1_cd5,USDJPY
56,-14.7218,0.6288185164641219,0.4464,-0.2629,bos_short_rr1.5_sl1.0_h6_b0.1_cd5,EURUSD
48,-25.3663,0.40620149957746843,0.3333,-0.5285,bos_short_rr1.5_sl1.0_h6_b0.1_cd5,GBPUSD
61,9.8175,1.3275874150374887,0.5082,0.1609,bos_short_rr1.5_sl1.0_h6_b0.2_cd0,XAUUSD
29,-20.1307,0.2850272944569344,0.2414,-0.6942,bos_short_rr1.5_sl1.0_h6_b0.2_cd0,USDJPY
83,-26.9878,0.5622381365623403,0.4458,-0.3252,bos_short_rr1.5_sl1.0_h6_b0.2_cd0,EURUSD
66,-29.7784,0.45868477691815485,0.3636,-0.4512,bos_short_rr1.5_sl1.0_h6_b0.2_cd0,GBPUSD
31,10.9544,1.8516209282438,0.6129,0.3534,bos_short_rr1.5_sl1.0_h6_b0.2_cd10,XAUUSD
41,-8.3066,0.7107246336435059,0.4634,-0.2026,bos_short_rr1.5_sl1.0_h6_b0.2_cd10,EURUSD
22,-13.5335,0.3365866332022863,0.2727,-0.6152,bos_short_rr1.5_sl1.0_h6_b0.2_cd10,USDJPY
35,-15.1595,0.4748665472722297,0.3714,-0.4331,bos_short_rr1.5_sl1.0_h6_b0.2_cd10,GBPUSD
24,11.5625,2.3459949012258012,0.6667,0.4818,bos_short_rr1.5_sl1.0_h6_b0.2_cd20,XAUUSD
31,1.6884,1.096145413959421,0.5806,0.0545,bos_short_rr1.5_sl1.0_h6_b0.2_cd20,EURUSD
28,-10.855,0.5067500942877526,0.3929,-0.3877,bos_short_rr1.5_sl1.0_h6_b0.2_cd20,GBPUSD
20,-11.9105,0.3383276113018455,0.3,-0.5955,bos_short_rr1.5_sl1.0_h6_b0.2_cd20,USDJPY
39,8.1209,1.4376192272457835,0.5385,0.2082,bos_short_rr1.5_sl1.0_h6_b0.2_cd5,XAUUSD
23,-12.3746,0.3933960136864087,0.3043,-0.538,bos_short_rr1.5_sl1.0_h6_b0.2_cd5,USDJPY
52,-16.2595,0.5773745470802597,0.4231,-0.3127,bos_short_rr1.5_sl1.0_h6_b0.2_cd5,EURUSD
45,-20.8279,0.45026117206739014,0.3556,-0.4628,bos_short_rr1.5_sl1.0_h6_b0.2_cd5,GBPUSD
62,17.9116,1.49902766556153,0.4677,0.2889,bos_short_rr2.0_sl0.8_h12_b0.1_cd0,XAUUSD
84,-20.803,0.7103227207913733,0.4048,-0.2477,bos_short_rr2.0_sl0.8_h12_b0.1_cd0,EURUSD
32,-33.1346,0.16047349511758835,0.125,-1.0355,bos_short_rr2.0_sl0.8_h12_b0.1_cd0,USDJPY
72,-41.8585,0.43013762410879236,0.2917,-0.5814,bos_short_rr2.0_sl0.8_h12_b0.1_cd0,GBPUSD
32,17.3744,2.136079198080205,0.5625,0.543,bos_short_rr2.0_sl0.8_h12_b0.1_cd10,XAUUSD
45,-3.2649,0.9057422483977136,0.4667,-0.0726,bos_short_rr2.0_sl0.8_h12_b0.1_cd10,EURUSD
37,-21.6165,0.4274639325982567,0.2973,-0.5842,bos_short_rr2.0_sl0.8_h12_b0.1_cd10,GBPUSD
22,-22.369,0.17545799697740425,0.1364,-1.0168,bos_short_rr2.0_sl0.8_h12_b0.1_cd10,USDJPY
24,17.1155,2.7323731249620438,0.625,0.7131,bos_short_rr2.0_sl0.8_h12_b0.1_cd20,XAUUSD
33,7.6838,1.374361148057744,0.5758,0.2328,bos_short_rr2.0_sl0.8_h12_b0.1_cd20,EURUSD
28,-14.983,0.45868317990664337,0.3214,-0.5351,bos_short_rr2.0_sl0.8_h12_b0.1_cd20,GBPUSD
21,-21.0203,0.18463710662792907,0.1429,-1.001,bos_short_rr2.0_sl0.8_h12_b0.1_cd20,USDJPY
38,16.8962,1.8598443789662245,0.5263,0.4446,bos_short_rr2.0_sl0.8_h12_b0.1_cd5,XAUUSD
52,-10.9447,0.7426538534791471,0.4038,-0.2105,bos_short_rr2.0_sl0.8_h12_b0.1_cd5,EURUSD
23,-20.7954,0.23346234656640497,0.1739,-0.9041,bos_short_rr2.0_sl0.8_h12_b0.1_cd5,USDJPY
46,-28.4599,0.4002254957745885,0.2826,-0.6187,bos_short_rr2.0_sl0.8_h12_b0.1_cd5,GBPUSD
59,15.1911,1.437096096631813,0.4576,0.2575,bos_short_rr2.0_sl0.8_h12_b0.2_cd0,XAUUSD
81,-26.0188,0.6396502701362661,0.3827,-0.3212,bos_short_rr2.0_sl0.8_h12_b0.2_cd0,EURUSD
29,-29.1146,0.17800646536512374,0.1379,-1.004,bos_short_rr2.0_sl0.8_h12_b0.2_cd0,USDJPY
69,-40.5983,0.4253675466271484,0.2899,-0.5884,bos_short_rr2.0_sl0.8_h12_b0.2_cd0,GBPUSD
30,16.5307,2.1626191229735907,0.5667,0.551,bos_short_rr2.0_sl0.8_h12_b0.2_cd10,XAUUSD
41,-4.4927,0.8594032139448278,0.4634,-0.1096,bos_short_rr2.0_sl0.8_h12_b0.2_cd10,EURUSD
36,-20.3767,0.4423514794583529,0.3056,-0.566,bos_short_rr2.0_sl0.8_h12_b0.2_cd10,GBPUSD
21,-21.0987,0.1831707317073171,0.1429,-1.0047,bos_short_rr2.0_sl0.8_h12_b0.2_cd10,USDJPY
24,17.1168,2.7325047065730077,0.625,0.7132,bos_short_rr2.0_sl0.8_h12_b0.2_cd20,XAUUSD
31,4.1715,1.2017986029141432,0.5484,0.1346,bos_short_rr2.0_sl0.8_h12_b0.2_cd20,EURUSD
28,-18.2273,0.3796123279045625,0.2857,-0.651,bos_short_rr2.0_sl0.8_h12_b0.2_cd20,GBPUSD
20,-19.75,0.19326179573797142,0.15,-0.9875,bos_short_rr2.0_sl0.8_h12_b0.2_cd20,USDJPY
37,11.9853,1.579016783095162,0.4865,0.3239,bos_short_rr2.0_sl0.8_h12_b0.2_cd5,XAUUSD
49,-11.2771,0.7244400026390188,0.4082,-0.2301,bos_short_rr2.0_sl0.8_h12_b0.2_cd5,EURUSD
22,-19.5251,0.24409214092140924,0.1818,-0.8875,bos_short_rr2.0_sl0.8_h12_b0.2_cd5,USDJPY
43,-24.3956,0.4380344242960342,0.3023,-0.5673,bos_short_rr2.0_sl0.8_h12_b0.2_cd5,GBPUSD
64,18.0234,1.5330868542865173,0.5,0.2816,bos_short_rr2.0_sl0.8_h6_b0.1_cd0,XAUUSD
86,-19.8227,0.7148957468872208,0.4419,-0.2305,bos_short_rr2.0_sl0.8_h6_b0.1_cd0,EURUSD
33,-30.7191,0.20057512393790744,0.1515,-0.9309,bos_short_rr2.0_sl0.8_h6_b0.1_cd0,USDJPY
73,-45.4872,0.39164242582301845,0.2877,-0.6231,bos_short_rr2.0_sl0.8_h6_b0.1_cd0,GBPUSD
32,16.1292,2.1346126790286726,0.5938,0.504,bos_short_rr2.0_sl0.8_h6_b0.1_cd10,XAUUSD
45,-4.2378,0.877654598995323,0.4667,-0.0942,bos_short_rr2.0_sl0.8_h6_b0.1_cd10,EURUSD
23,-19.9728,0.23438608058327232,0.1739,-0.8684,bos_short_rr2.0_sl0.8_h6_b0.1_cd10,USDJPY
37,-21.7475,0.4239942578206734,0.2973,-0.5878,bos_short_rr2.0_sl0.8_h6_b0.1_cd10,GBPUSD
24,16.7186,2.899387646129901,0.6667,0.6966,bos_short_rr2.0_sl0.8_h6_b0.1_cd20,XAUUSD
33,6.7109,1.3269606481819822,0.5758,0.2034,bos_short_rr2.0_sl0.8_h6_b0.1_cd20,EURUSD
28,-15.114,0.45395031576513434,0.3214,-0.5398,bos_short_rr2.0_sl0.8_h6_b0.1_cd20,GBPUSD
21,-18.569,0.2127843582808353,0.1905,-0.8842,bos_short_rr2.0_sl0.8_h6_b0.1_cd20,USDJPY
40,13.4932,1.6508895149152933,0.525,0.3373,bos_short_rr2.0_sl0.8_h6_b0.1_cd5,XAUUSD
55,-12.1641,0.7253117992561531,0.4182,-0.2212,bos_short_rr2.0_sl0.8_h6_b0.1_cd5,EURUSD
24,-18.3799,0.29544644328849673,0.2083,-0.7658,bos_short_rr2.0_sl0.8_h6_b0.1_cd5,USDJPY
46,-30.1034,0.36558976628522055,0.2826,-0.6544,bos_short_rr2.0_sl0.8_h6_b0.1_cd5,GBPUSD
61,13.6817,1.4054762123506697,0.4754,0.2243,bos_short_rr2.0_sl0.8_h6_b0.2_cd0,XAUUSD
83,-26.3556,0.6286186138792443,0.4096,-0.3175,bos_short_rr2.0_sl0.8_h6_b0.2_cd0,EURUSD
30,-26.7184,0.22280076095619847,0.1667,-0.8906,bos_short_rr2.0_sl0.8_h6_b0.2_cd0,USDJPY
70,-44.6446,0.3798835734694189,0.2857,-0.6378,bos_short_rr2.0_sl0.8_h6_b0.2_cd0,GBPUSD
30,12.9659,1.9862700054767846,0.5667,0.4322,bos_short_rr2.0_sl0.8_h6_b0.2_cd10,XAUUSD
41,-6.5558,0.7961992930797043,0.4634,-0.1599,bos_short_rr2.0_sl0.8_h6_b0.2_cd10,EURUSD
22,-18.7025,0.24551098703823981,0.1818,-0.8501,bos_short_rr2.0_sl0.8_h6_b0.2_cd10,USDJPY
36,-20.8991,0.4280549747676544,0.3056,-0.5805,bos_short_rr2.0_sl0.8_h6_b0.2_cd10,GBPUSD
24,13.3495,2.3534242408881227,0.625,0.5562,bos_short_rr2.0_sl0.8_h6_b0.2_cd20,XAUUSD
31,3.1986,1.1547340312312546,0.5484,0.1032,bos_short_rr2.0_sl0.8_h6_b0.2_cd20,EURUSD
20,-17.2987,0.22389767241534014,0.2,-0.8649,bos_short_rr2.0_sl0.8_h6_b0.2_cd20,USDJPY
28,-18.7497,0.36183182723234797,0.2857,-0.6696,bos_short_rr2.0_sl0.8_h6_b0.2_cd20,GBPUSD
39,8.202,1.3765926674166074,0.4872,0.2103,bos_short_rr2.0_sl0.8_h6_b0.2_cd5,XAUUSD
51,-17.0261,0.615220682953287,0.3725,-0.3338,bos_short_rr2.0_sl0.8_h6_b0.2_cd5,EURUSD
23,-17.1289,0.3089925489041201,0.2174,-0.7447,bos_short_rr2.0_sl0.8_h6_b0.2_cd5,USDJPY
43,-26.4305,0.3911594242960342,0.3023,-0.6147,bos_short_rr2.0_sl0.8_h6_b0.2_cd5,GBPUSD
55,24.7861,1.88896420629797,0.5273,0.4507,bos_short_rr2.0_sl1.0_h12_b0.1_cd0,XAUUSD
79,-20.0241,0.6924918570026706,0.3797,-0.2535,bos_short_rr2.0_sl1.0_h12_b0.1_cd0,EURUSD
63,-24.9965,0.5577906960287582,0.3333,-0.3968,bos_short_rr2.0_sl1.0_h12_b0.1_cd0,GBPUSD
30,-26.4121,0.2065912873166834,0.1667,-0.8804,bos_short_rr2.0_sl1.0_h12_b0.1_cd0,USDJPY
32,17.9006,2.192967724307069,0.5625,0.5594,bos_short_rr2.0_sl1.0_h12_b0.1_cd10,XAUUSD
43,-0.1408,0.9954742113620437,0.4651,-0.0033,bos_short_rr2.0_sl1.0_h12_b0.1_cd10,EURUSD
35,-12.9792,0.5848542422323296,0.3429,-0.3708,bos_short_rr2.0_sl1.0_h12_b0.1_cd10,GBPUSD
22,-18.9657,0.215778135221075,0.1818,-0.8621,bos_short_rr2.0_sl1.0_h12_b0.1_cd10,USDJPY
24,17.4883,2.8083612524299952,0.625,0.7287,bos_short_rr2.0_sl1.0_h12_b0.1_cd20,XAUUSD
33,4.345,1.1985623083496706,0.5152,0.1317,bos_short_rr2.0_sl1.0_h12_b0.1_cd20,EURUSD
28,-7.7869,0.6603389239056946,0.3929,-0.2781,bos_short_rr2.0_sl1.0_h12_b0.1_cd20,GBPUSD
21,-17.6868,0.22782599584373853,0.1905,-0.8422,bos_short_rr2.0_sl1.0_h12_b0.1_cd20,USDJPY
36,21.2751,2.324173601299582,0.5833,0.591,bos_short_rr2.0_sl1.0_h12_b0.1_cd5,XAUUSD
51,-1.4036,0.9616240601503758,0.4706,-0.0275,bos_short_rr2.0_sl1.0_h12_b0.1_cd5,EURUSD
23,-17.3068,0.28437279038707247,0.2174,-0.7525,bos_short_rr2.0_sl1.0_h12_b0.1_cd5,USDJPY
45,-20.2202,0.5143087735817332,0.3111,-0.4493,bos_short_rr2.0_sl1.0_h12_b0.1_cd5,GBPUSD
53,16.8791,1.594296840341105,0.4906,0.3185,bos_short_rr2.0_sl1.0_h12_b0.2_cd0,XAUUSD
77,-21.6483,0.6660424074602574,0.3766,-0.2811,bos_short_rr2.0_sl1.0_h12_b0.2_cd0,EURUSD
28,-23.8559,0.22319294566626072,0.1786,-0.852,bos_short_rr2.0_sl1.0_h12_b0.2_cd0,USDJPY
62,-26.8958,0.5264131906599028,0.3226,-0.4338,bos_short_rr2.0_sl1.0_h12_b0.2_cd0,GBPUSD
30,11.5294,1.7405499495783205,0.5,0.3843,bos_short_rr2.0_sl1.0_h12_b0.2_cd10,XAUUSD
39,1.9052,1.0701819012325668,0.4872,0.0489,bos_short_rr2.0_sl1.0_h12_b0.2_cd10,EURUSD
34,-13.2967,0.5584384101165945,0.3529,-0.3911,bos_short_rr2.0_sl1.0_h12_b0.2_cd10,GBPUSD
21,-17.7495,0.22642940261234523,0.1905,-0.8452,bos_short_rr2.0_sl1.0_h12_b0.2_cd10,USDJPY
23,16.0449,2.745376816639109,0.6087,0.6976,bos_short_rr2.0_sl1.0_h12_b0.2_cd20,XAUUSD
31,3.7348,1.1815256749860263,0.5161,0.1205,bos_short_rr2.0_sl1.0_h12_b0.2_cd20,EURUSD
28,-10.9822,0.551505300815133,0.3571,-0.3922,bos_short_rr2.0_sl1.0_h12_b0.2_cd20,GBPUSD
20,-16.4706,0.23979507061755748,0.2,-0.8235,bos_short_rr2.0_sl1.0_h12_b0.2_cd20,USDJPY
33,18.9658,2.30534850268079,0.5758,0.5747,bos_short_rr2.0_sl1.0_h12_b0.2_cd5,XAUUSD
47,0.5575,1.0170647419474315,0.4894,0.0119,bos_short_rr2.0_sl1.0_h12_b0.2_cd5,EURUSD
22,-16.0906,0.2987286935223078,0.2273,-0.7314,bos_short_rr2.0_sl1.0_h12_b0.2_cd5,USDJPY
43,-19.232,0.5090721586325904,0.3256,-0.4473,bos_short_rr2.0_sl1.0_h12_b0.2_cd5,GBPUSD
59,21.1185,1.7829989655671028,0.5424,0.3579,bos_short_rr2.0_sl1.0_h6_b0.1_cd0,XAUUSD
83,-22.9177,0.6465554201816752,0.3976,-0.2761,bos_short_rr2.0_sl1.0_h6_b0.1_cd0,EURUSD
31,-23.6649,0.26111147537912494,0.1935,-0.7634,bos_short_rr2.0_sl1.0_h6_b0.1_cd0,USDJPY
66,-32.3759,0.45685857409836833,0.303,-0.4905,bos_short_rr2.0_sl1.0_h6_b0.1_cd0,GBPUSD
32,15.5043,2.111977336297784,0.5938,0.4845,bos_short_rr2.0_sl1.0_h6_b0.1_cd10,XAUUSD
44,-4.3122,0.861505702347421,0.4318,-0.098,bos_short_rr2.0_sl1.0_h6_b0.1_cd10,EURUSD
23,-16.2339,0.29178881792482464,0.2174,-0.7058,bos_short_rr2.0_sl1.0_h6_b0.1_cd10,USDJPY
36,-20.2136,0.39711286089238845,0.2778,-0.5615,bos_short_rr2.0_sl1.0_h6_b0.1_cd10,GBPUSD
24,15.8939,2.8462601786564754,0.6667,0.6622,bos_short_rr2.0_sl1.0_h6_b0.1_cd20,XAUUSD
33,4.0568,1.1959778360700088,0.5152,0.1229,bos_short_rr2.0_sl1.0_h6_b0.1_cd20,EURUSD
28,-7.9298,0.6423523256705499,0.3929,-0.2832,bos_short_rr2.0_sl1.0_h6_b0.1_cd20,GBPUSD
21,-15.1109,0.26371618461058705,0.2381,-0.7196,bos_short_rr2.0_sl1.0_h6_b0.1_cd20,USDJPY
40,10.0864,1.5137053976144155,0.525,0.2522,bos_short_rr2.0_sl1.0_h6_b0.1_cd5,XAUUSD
54,-7.6636,0.8057817414157081,0.4259,-0.1419,bos_short_rr2.0_sl1.0_h6_b0.1_cd5,EURUSD
24,-14.5596,0.3648309077583499,0.25,-0.6067,bos_short_rr2.0_sl1.0_h6_b0.1_cd5,USDJPY
46,-21.5657,0.4792667231691622,0.3043,-0.4688,bos_short_rr2.0_sl1.0_h6_b0.1_cd5,GBPUSD
57,14.0746,1.5155550020329744,0.5088,0.2469,bos_short_rr2.0_sl1.0_h6_b0.2_cd0,XAUUSD
29,-21.1241,0.28267653700528045,0.2069,-0.7284,bos_short_rr2.0_sl1.0_h6_b0.2_cd0,USDJPY
81,-24.31,0.6255575818813615,0.3827,-0.3001,bos_short_rr2.0_sl1.0_h6_b0.2_cd0,EURUSD
64,-31.0273,0.46058240611961054,0.2969,-0.4848,bos_short_rr2.0_sl1.0_h6_b0.2_cd0,GBPUSD
30,11.9704,1.9288380213385066,0.5667,0.399,bos_short_rr2.0_sl1.0_h6_b0.2_cd10,XAUUSD
40,-2.5389,0.9087104255433904,0.425,-0.0635,bos_short_rr2.0_sl1.0_h6_b0.2_cd10,EURUSD
22,-15.0177,0.3074038887249114,0.2273,-0.6826,bos_short_rr2.0_sl1.0_h6_b0.2_cd10,USDJPY
35,-17.832,0.43168019581409134,0.2857,-0.5095,bos_short_rr2.0_sl1.0_h6_b0.2_cd10,GBPUSD
24,12.1986,2.2630826896394627,0.625,0.5083,bos_short_rr2.0_sl1.0_h6_b0.2_cd20,XAUUSD
31,4.4148,1.2289845901690362,0.5161,0.1424,bos_short_rr2.0_sl1.0_h6_b0.2_cd20,EURUSD
28,-9.2311,0.593941073486588,0.3571,-0.3297,bos_short_rr2.0_sl1.0_h6_b0.2_cd20,GBPUSD
20,-13.8947,0.2794700269653599,0.25,-0.6947,bos_short_rr2.0_sl1.0_h6_b0.2_cd20,USDJPY
39,7.4494,1.3795795244937683,0.5128,0.191,bos_short_rr2.0_sl1.0_h6_b0.2_cd5,XAUUSD
49,-2.0731,0.9396990040489599,0.4694,-0.0423,bos_short_rr2.0_sl1.0_h6_b0.2_cd5,EURUSD
23,-13.3588,0.3839101239669422,0.2609,-0.5808,bos_short_rr2.0_sl1.0_h6_b0.2_cd5,USDJPY
43,-19.5618,0.4846339683484776,0.3023,-0.4549,bos_short_rr2.0_sl1.0_h6_b0.2_cd5,GBPUSD
17,-2.4316,0.749433246774659,0.4706,-0.143,choch_long_rr1.0_sl0.8_h12_b0.1_cd0,XAUUSD
31,-13.8942,0.3831708486495125,0.4839,-0.4482,choch_long_rr1.0_sl0.8_h12_b0.1_cd0,GBPUSD
25,-15.5815,0.26033438401944403,0.4,-0.6233,choch_long_rr1.0_sl0.8_h12_b0.1_cd0,EURUSD
22,-20.3274,0.1527037334989517,0.2727,-0.924,choch_long_rr1.0_sl0.8_h12_b0.1_cd0,USDJPY
14,-1.2687,0.8328744747276488,0.5,-0.0906,choch_long_rr1.0_sl0.8_h12_b0.1_cd10,XAUUSD
19,-9.1645,0.34215059938267167,0.4737,-0.4823,choch_long_rr1.0_sl0.8_h12_b0.1_cd10,GBPUSD
19,-11.0141,0.286207745748652,0.4211,-0.5797,choch_long_rr1.0_sl0.8_h12_b0.1_cd10,EURUSD
15,-16.4201,0.09008744416983452,0.2,-1.0947,choch_long_rr1.0_sl0.8_h12_b0.1_cd10,USDJPY
14,-1.2687,0.8328744747276488,0.5,-0.0906,choch_long_rr1.0_sl0.8_h12_b0.1_cd20,XAUUSD
18,-7.7729,0.3800872498743889,0.5,-0.4318,choch_long_rr1.0_sl0.8_h12_b0.1_cd20,GBPUSD
17,-12.3711,0.20788966506380502,0.3529,-0.7277,choch_long_rr1.0_sl0.8_h12_b0.1_cd20,EURUSD
15,-16.4201,0.09008744416983452,0.2,-1.0947,choch_long_rr1.0_sl0.8_h12_b0.1_cd20,USDJPY
14,-1.2687,0.8328744747276488,0.5,-0.0906,choch_long_rr1.0_sl0.8_h12_b0.1_cd5,XAUUSD
20,-8.6537,0.37881702677481877,0.5,-0.4327,choch_long_rr1.0_sl0.8_h12_b0.1_cd5,GBPUSD
19,-11.0141,0.286207745748652,0.4211,-0.5797,choch_long_rr1.0_sl0.8_h12_b0.1_cd5,EURUSD
16,-15.7217,0.12878897028671493,0.25,-0.9826,choch_long_rr1.0_sl0.8_h12_b0.1_cd5,USDJPY
15,-4.2488,0.5660593185717788,0.4,-0.2833,choch_long_rr1.0_sl0.8_h12_b0.2_cd0,XAUUSD
17,-13.1759,0.21405947090578303,0.3529,-0.7751,choch_long_rr1.0_sl0.8_h12_b0.2_cd0,USDJPY
30,-16.6483,0.30079125752828617,0.4333,-0.5549,choch_long_rr1.0_sl0.8_h12_b0.2_cd0,GBPUSD
25,-17.6354,0.21732453999165638,0.36,-0.7054,choch_long_rr1.0_sl0.8_h12_b0.2_cd0,EURUSD
12,-3.0859,0.5980906734739063,0.4167,-0.2572,choch_long_rr1.0_sl0.8_h12_b0.2_cd10,XAUUSD
12,-9.9302,0.18614924394541657,0.3333,-0.8275,choch_long_rr1.0_sl0.8_h12_b0.2_cd10,USDJPY
19,-11.1533,0.267001840168244,0.4211,-0.587,choch_long_rr1.0_sl0.8_h12_b0.2_cd10,GBPUSD
19,-13.068,0.22660827365804578,0.3684,-0.6878,choch_long_rr1.0_sl0.8_h12_b0.2_cd10,EURUSD
12,-3.0859,0.5980906734739063,0.4167,-0.2572,choch_long_rr1.0_sl0.8_h12_b0.2_cd20,XAUUSD
11,-6.5572,0.3062118438733296,0.4545,-0.5961,choch_long_rr1.0_sl0.8_h12_b0.2_cd20,USDJPY
18,-9.761,0.29389382003371023,0.4444,-0.5423,choch_long_rr1.0_sl0.8_h12_b0.2_cd20,GBPUSD
17,-14.425,0.15566741783487956,0.2941,-0.8485,choch_long_rr1.0_sl0.8_h12_b0.2_cd20,EURUSD
12,-3.0859,0.5980906734739063,0.4167,-0.2572,choch_long_rr1.0_sl0.8_h12_b0.2_cd5,XAUUSD
12,-9.9302,0.18614924394541657,0.3333,-0.8275,choch_long_rr1.0_sl0.8_h12_b0.2_cd5,USDJPY
20,-10.6425,0.30057176656151424,0.45,-0.5321,choch_long_rr1.0_sl0.8_h12_b0.2_cd5,GBPUSD
19,-13.068,0.22660827365804578,0.3684,-0.6878,choch_long_rr1.0_sl0.8_h12_b0.2_cd5,EURUSD
17,-2.4316,0.749433246774659,0.4706,-0.143,choch_long_rr1.0_sl0.8_h6_b0.1_cd0,XAUUSD
31,-13.0312,0.3856424230709393,0.4839,-0.4204,choch_long_rr1.0_sl0.8_h6_b0.1_cd0,GBPUSD
25,-16.0578,0.23368615960218758,0.36,-0.6423,choch_long_rr1.0_sl0.8_h6_b0.1_cd0,EURUSD
22,-20.3274,0.1527037334989517,0.2727,-0.924,choch_long_rr1.0_sl0.8_h6_b0.1_cd0,USDJPY
14,-1.2687,0.8328744747276488,0.5,-0.0906,choch_long_rr1.0_sl0.8_h6_b0.1_cd10,XAUUSD
19,-9.1645,0.34215059938267167,0.4737,-0.4823,choch_long_rr1.0_sl0.8_h6_b0.1_cd10,GBPUSD
19,-11.4904,0.2499445147982297,0.3684,-0.6048,choch_long_rr1.0_sl0.8_h6_b0.1_cd10,EURUSD
15,-16.4201,0.09008744416983452,0.2,-1.0947,choch_long_rr1.0_sl0.8_h6_b0.1_cd10,USDJPY
14,-1.2687,0.8328744747276488,0.5,-0.0906,choch_long_rr1.0_sl0.8_h6_b0.1_cd20,XAUUSD
18,-7.7729,0.3800872498743889,0.5,-0.4318,choch_long_rr1.0_sl0.8_h6_b0.1_cd20,GBPUSD
17,-12.8474,0.1715042980866582,0.2941,-0.7557,choch_long_rr1.0_sl0.8_h6_b0.1_cd20,EURUSD
15,-16.4201,0.09008744416983452,0.2,-1.0947,choch_long_rr1.0_sl0.8_h6_b0.1_cd20,USDJPY
14,-1.2687,0.8328744747276488,0.5,-0.0906,choch_long_rr1.0_sl0.8_h6_b0.1_cd5,XAUUSD
20,-8.6537,0.37881702677481877,0.5,-0.4327,choch_long_rr1.0_sl0.8_h6_b0.1_cd5,GBPUSD
19,-11.4904,0.2499445147982297,0.3684,-0.6048,choch_long_rr1.0_sl0.8_h6_b0.1_cd5,EURUSD
16,-15.7217,0.12878897028671493,0.25,-0.9826,choch_long_rr1.0_sl0.8_h6_b0.1_cd5,USDJPY
15,-4.2488,0.5660593185717788,0.4,-0.2833,choch_long_rr1.0_sl0.8_h6_b0.2_cd0,XAUUSD
17,-13.1759,0.21405947090578303,0.3529,-0.7751,choch_long_rr1.0_sl0.8_h6_b0.2_cd0,USDJPY
30,-15.7853,0.29830948475513536,0.4333,-0.5262,choch_long_rr1.0_sl0.8_h6_b0.2_cd0,GBPUSD
25,-16.7869,0.22582861780969113,0.36,-0.6715,choch_long_rr1.0_sl0.8_h6_b0.2_cd0,EURUSD
12,-3.0859,0.5980906734739063,0.4167,-0.2572,choch_long_rr1.0_sl0.8_h6_b0.2_cd10,XAUUSD
12,-9.9302,0.18614924394541657,0.3333,-0.8275,choch_long_rr1.0_sl0.8_h6_b0.2_cd10,USDJPY
19,-11.1533,0.267001840168244,0.4211,-0.587,choch_long_rr1.0_sl0.8_h6_b0.2_cd10,GBPUSD
19,-12.2195,0.23858927625634796,0.3684,-0.6431,choch_long_rr1.0_sl0.8_h6_b0.2_cd10,EURUSD
12,-3.0859,0.5980906734739063,0.4167,-0.2572,choch_long_rr1.0_sl0.8_h6_b0.2_cd20,XAUUSD
11,-6.5572,0.3062118438733296,0.4545,-0.5961,choch_long_rr1.0_sl0.8_h6_b0.2_cd20,USDJPY
18,-9.761,0.29389382003371023,0.4444,-0.5423,choch_long_rr1.0_sl0.8_h6_b0.2_cd20,GBPUSD
17,-13.5765,0.16380266075388025,0.2941,-0.7986,choch_long_rr1.0_sl0.8_h6_b0.2_cd20,EURUSD
12,-3.0859,0.5980906734739063,0.4167,-0.2572,choch_long_rr1.0_sl0.8_h6_b0.2_cd5,XAUUSD
12,-9.9302,0.18614924394541657,0.3333,-0.8275,choch_long_rr1.0_sl0.8_h6_b0.2_cd5,USDJPY
20,-10.6425,0.30057176656151424,0.45,-0.5321,choch_long_rr1.0_sl0.8_h6_b0.2_cd5,GBPUSD
19,-12.2195,0.23858927625634796,0.3684,-0.6431,choch_long_rr1.0_sl0.8_h6_b0.2_cd5,EURUSD
17,-2.1451,0.775696927870841,0.4706,-0.1262,choch_long_rr1.0_sl1.0_h12_b0.1_cd0,XAUUSD
21,-11.0024,0.3431402985074627,0.4286,-0.5239,choch_long_rr1.0_sl1.0_h12_b0.1_cd0,USDJPY
28,-13.3412,0.3676736845098727,0.4286,-0.4765,choch_long_rr1.0_sl1.0_h12_b0.1_cd0,GBPUSD
24,-14.9566,0.2572946667990863,0.3333,-0.6232,choch_long_rr1.0_sl1.0_h12_b0.1_cd0,EURUSD
14,-1.0148,0.8642026522501305,0.5,-0.0725,choch_long_rr1.0_sl1.0_h12_b0.1_cd10,XAUUSD
19,-5.5315,0.5297223308564724,0.5263,-0.2911,choch_long_rr1.0_sl1.0_h12_b0.1_cd10,GBPUSD
15,-10.9359,0.21925465838509317,0.3333,-0.7291,choch_long_rr1.0_sl1.0_h12_b0.1_cd10,USDJPY
18,-13.8635,0.19273881270562204,0.2778,-0.7702,choch_long_rr1.0_sl1.0_h12_b0.1_cd10,EURUSD
14,-1.0148,0.8642026522501305,0.5,-0.0725,choch_long_rr1.0_sl1.0_h12_b0.1_cd20,XAUUSD
18,-6.1861,0.4691774356862139,0.5,-0.3437,choch_long_rr1.0_sl1.0_h12_b0.1_cd20,GBPUSD
14,-9.6289,0.2418188976377953,0.3571,-0.6878,choch_long_rr1.0_sl1.0_h12_b0.1_cd20,USDJPY
17,-12.6969,0.20753339158656844,0.2941,-0.7469,choch_long_rr1.0_sl1.0_h12_b0.1_cd20,EURUSD
14,-1.0148,0.8642026522501305,0.5,-0.0725,choch_long_rr1.0_sl1.0_h12_b0.1_cd5,XAUUSD
20,-6.9229,0.4736878117017394,0.5,-0.3461,choch_long_rr1.0_sl1.0_h12_b0.1_cd5,GBPUSD
16,-10.1772,0.27342043264082244,0.375,-0.6361,choch_long_rr1.0_sl1.0_h12_b0.1_cd5,USDJPY
19,-13.2113,0.23578886478669558,0.3158,-0.6953,choch_long_rr1.0_sl1.0_h12_b0.1_cd5,EURUSD
15,-3.9988,0.5848766713728096,0.4,-0.2666,choch_long_rr1.0_sl1.0_h12_b0.2_cd0,XAUUSD
16,-6.239,0.4466322530289323,0.5,-0.3899,choch_long_rr1.0_sl1.0_h12_b0.2_cd0,USDJPY
24,-14.9998,0.25615047780571387,0.3333,-0.625,choch_long_rr1.0_sl1.0_h12_b0.2_cd0,EURUSD
28,-17.4809,0.2620543214879731,0.3571,-0.6243,choch_long_rr1.0_sl1.0_h12_b0.2_cd0,GBPUSD
12,-2.8685,0.6196783474536945,0.4167,-0.239,choch_long_rr1.0_sl1.0_h12_b0.2_cd10,XAUUSD
12,-4.7441,0.4439378311219467,0.5,-0.3953,choch_long_rr1.0_sl1.0_h12_b0.2_cd10,USDJPY
19,-9.5224,0.33651983668009083,0.4211,-0.5012,choch_long_rr1.0_sl1.0_h12_b0.2_cd10,GBPUSD
18,-13.9067,0.1914991337511482,0.2778,-0.7726,choch_long_rr1.0_sl1.0_h12_b0.2_cd10,EURUSD
12,-2.8685,0.6196783474536945,0.4167,-0.239,choch_long_rr1.0_sl1.0_h12_b0.2_cd20,XAUUSD
11,-3.4457,0.5230601002131606,0.5455,-0.3132,choch_long_rr1.0_sl1.0_h12_b0.2_cd20,USDJPY
18,-8.2086,0.37042888697999754,0.4444,-0.456,choch_long_rr1.0_sl1.0_h12_b0.2_cd20,GBPUSD
17,-12.7401,0.20617978578238033,0.2941,-0.7494,choch_long_rr1.0_sl1.0_h12_b0.2_cd20,EURUSD
12,-2.8685,0.6196783474536945,0.4167,-0.239,choch_long_rr1.0_sl1.0_h12_b0.2_cd5,XAUUSD
12,-4.7441,0.4439378311219467,0.5,-0.3953,choch_long_rr1.0_sl1.0_h12_b0.2_cd5,USDJPY
20,-10.9138,0.3067786275057801,0.4,-0.5457,choch_long_rr1.0_sl1.0_h12_b0.2_cd5,GBPUSD
19,-13.2545,0.23448996800388114,0.3158,-0.6976,choch_long_rr1.0_sl1.0_h12_b0.2_cd5,EURUSD
17,-3.3537,0.6592564746045132,0.4118,-0.1973,choch_long_rr1.0_sl1.0_h6_b0.1_cd0,XAUUSD
28,-10.8939,0.4041351018733762,0.4643,-0.3891,choch_long_rr1.0_sl1.0_h6_b0.1_cd0,GBPUSD
21,-12.8006,0.2708039010162694,0.381,-0.6096,choch_long_rr1.0_sl1.0_h6_b0.1_cd0,USDJPY
24,-14.9627,0.23166548561686745,0.2917,-0.6234,choch_long_rr1.0_sl1.0_h6_b0.1_cd0,EURUSD
14,-2.2234,0.7131762945380427,0.4286,-0.1588,choch_long_rr1.0_sl1.0_h6_b0.1_cd10,XAUUSD
19,-5.5315,0.5297223308564724,0.5263,-0.2911,choch_long_rr1.0_sl1.0_h6_b0.1_cd10,GBPUSD
15,-11.4372,0.18346541015206683,0.3333,-0.7625,choch_long_rr1.0_sl1.0_h6_b0.1_cd10,USDJPY
19,-13.4087,0.20330000059416645,0.2632,-0.7057,choch_long_rr1.0_sl1.0_h6_b0.1_cd10,EURUSD
14,-2.2234,0.7131762945380427,0.4286,-0.1588,choch_long_rr1.0_sl1.0_h6_b0.1_cd20,XAUUSD
18,-6.1861,0.4691774356862139,0.5,-0.3437,choch_long_rr1.0_sl1.0_h6_b0.1_cd20,GBPUSD
15,-11.4372,0.18346541015206683,0.3333,-0.7625,choch_long_rr1.0_sl1.0_h6_b0.1_cd20,USDJPY
17,-12.9096,0.17059004934210525,0.2353,-0.7594,choch_long_rr1.0_sl1.0_h6_b0.1_cd20,EURUSD
14,-2.2234,0.7131762945380427,0.4286,-0.1588,choch_long_rr1.0_sl1.0_h6_b0.1_cd5,XAUUSD
20,-6.9229,0.4736878117017394,0.5,-0.3461,choch_long_rr1.0_sl1.0_h6_b0.1_cd5,GBPUSD
16,-10.6785,0.2376311844077961,0.375,-0.6674,choch_long_rr1.0_sl1.0_h6_b0.1_cd5,USDJPY
19,-13.424,0.20239092588961574,0.2632,-0.7065,choch_long_rr1.0_sl1.0_h6_b0.1_cd5,EURUSD
15,-5.2074,0.47462090256969036,0.3333,-0.3472,choch_long_rr1.0_sl1.0_h6_b0.2_cd0,XAUUSD
16,-8.0372,0.3346137925324944,0.4375,-0.5023,choch_long_rr1.0_sl1.0_h6_b0.2_cd0,USDJPY
24,-14.6096,0.23594353881314362,0.2917,-0.6087,choch_long_rr1.0_sl1.0_h6_b0.2_cd0,EURUSD
28,-15.0336,0.2797412863816026,0.3929,-0.5369,choch_long_rr1.0_sl1.0_h6_b0.2_cd0,GBPUSD
12,-4.0771,0.4787117066434818,0.3333,-0.3398,choch_long_rr1.0_sl1.0_h6_b0.2_cd10,XAUUSD
12,-5.2454,0.38517980214731123,0.5,-0.4371,choch_long_rr1.0_sl1.0_h6_b0.2_cd10,USDJPY
19,-9.5224,0.33651983668009083,0.4211,-0.5012,choch_long_rr1.0_sl1.0_h6_b0.2_cd10,GBPUSD
19,-13.0556,0.2076566406913796,0.2632,-0.6871,choch_long_rr1.0_sl1.0_h6_b0.2_cd10,EURUSD
11,-3.4457,0.5230601002131606,0.5455,-0.3132,choch_long_rr1.0_sl1.0_h6_b0.2_cd20,USDJPY
12,-4.0771,0.4787117066434818,0.3333,-0.3398,choch_long_rr1.0_sl1.0_h6_b0.2_cd20,XAUUSD
18,-8.2086,0.37042888697999754,0.4444,-0.456,choch_long_rr1.0_sl1.0_h6_b0.2_cd20,GBPUSD
17,-12.5565,0.17454985307362095,0.2353,-0.7386,choch_long_rr1.0_sl1.0_h6_b0.2_cd20,EURUSD
12,-4.0771,0.4787117066434818,0.3333,-0.3398,choch_long_rr1.0_sl1.0_h6_b0.2_cd5,XAUUSD
12,-5.2454,0.38517980214731123,0.5,-0.4371,choch_long_rr1.0_sl1.0_h6_b0.2_cd5,USDJPY
20,-10.9138,0.3067786275057801,0.4,-0.5457,choch_long_rr1.0_sl1.0_h6_b0.2_cd5,GBPUSD
19,-13.0709,0.20672808486878838,0.2632,-0.6879,choch_long_rr1.0_sl1.0_h6_b0.2_cd5,EURUSD
15,-3.8185,0.648229864303415,0.3333,-0.2546,choch_long_rr1.5_sl0.8_h12_b0.1_cd0,XAUUSD
29,-17.0365,0.3665810284762475,0.3448,-0.5875,choch_long_rr1.5_sl0.8_h12_b0.1_cd0,GBPUSD
21,-18.4096,0.23032606287130988,0.2381,-0.8766,choch_long_rr1.5_sl0.8_h12_b0.1_cd0,USDJPY
23,-19.1764,0.2203669597954197,0.2174,-0.8338,choch_long_rr1.5_sl0.8_h12_b0.1_cd0,EURUSD
14,-2.7687,0.7176323008984937,0.3571,-0.1978,choch_long_rr1.5_sl0.8_h12_b0.1_cd10,XAUUSD
19,-7.1645,0.5371471025260031,0.4211,-0.3771,choch_long_rr1.5_sl0.8_h12_b0.1_cd10,GBPUSD
19,-17.0141,0.20987763252606403,0.2105,-0.8955,choch_long_rr1.5_sl0.8_h12_b0.1_cd10,EURUSD
15,-17.4201,0.10182984362029586,0.1333,-1.1613,choch_long_rr1.5_sl0.8_h12_b0.1_cd10,USDJPY
13,-1.6875,0.8065703052463864,0.3846,-0.1298,choch_long_rr1.5_sl0.8_h12_b0.1_cd20,XAUUSD
18,-5.7729,0.5901879077427644,0.4444,-0.3207,choch_long_rr1.5_sl0.8_h12_b0.1_cd20,GBPUSD
17,-16.8711,0.16408111897813474,0.1765,-0.9924,choch_long_rr1.5_sl0.8_h12_b0.1_cd20,EURUSD
15,-17.4201,0.10182984362029586,0.1333,-1.1613,choch_long_rr1.5_sl0.8_h12_b0.1_cd20,USDJPY
14,-2.7687,0.7176323008984937,0.3571,-0.1978,choch_long_rr1.5_sl0.8_h12_b0.1_cd5,XAUUSD
20,-8.6537,0.49000483256915883,0.4,-0.4327,choch_long_rr1.5_sl0.8_h12_b0.1_cd5,GBPUSD
16,-16.2217,0.16361864594665665,0.1875,-1.0139,choch_long_rr1.5_sl0.8_h12_b0.1_cd5,USDJPY
19,-17.0141,0.20987763252606403,0.2105,-0.8955,choch_long_rr1.5_sl0.8_h12_b0.1_cd5,EURUSD
13,-4.1357,0.577813166733021,0.3077,-0.3181,choch_long_rr1.5_sl0.8_h12_b0.2_cd0,XAUUSD
16,-11.2052,0.3266510426056126,0.3125,-0.7003,choch_long_rr1.5_sl0.8_h12_b0.2_cd0,USDJPY
28,-18.2906,0.316504984977803,0.3214,-0.6532,choch_long_rr1.5_sl0.8_h12_b0.2_cd0,GBPUSD
23,-21.7303,0.16624909355300366,0.1739,-0.9448,choch_long_rr1.5_sl0.8_h12_b0.2_cd0,EURUSD
12,-3.0859,0.64716845222442,0.3333,-0.2572,choch_long_rr1.5_sl0.8_h12_b0.2_cd10,XAUUSD
19,-9.6533,0.42416487711763307,0.3684,-0.5081,choch_long_rr1.5_sl0.8_h12_b0.2_cd10,GBPUSD
12,-10.4302,0.2303798589179776,0.25,-0.8692,choch_long_rr1.5_sl0.8_h12_b0.2_cd10,USDJPY
19,-19.568,0.14922109034308548,0.1579,-1.0299,choch_long_rr1.5_sl0.8_h12_b0.2_cd10,EURUSD
11,-2.0047,0.7384571227282809,0.3636,-0.1822,choch_long_rr1.5_sl0.8_h12_b0.2_cd20,XAUUSD
18,-8.261,0.46258383913295215,0.3889,-0.4589,choch_long_rr1.5_sl0.8_h12_b0.2_cd20,GBPUSD
11,-9.0638,0.25621204661086494,0.2727,-0.824,choch_long_rr1.5_sl0.8_h12_b0.2_cd20,USDJPY
17,-19.425,0.1027423519467142,0.1176,-1.1426,choch_long_rr1.5_sl0.8_h12_b0.2_cd20,EURUSD
12,-3.0859,0.64716845222442,0.3333,-0.2572,choch_long_rr1.5_sl0.8_h12_b0.2_cd5,XAUUSD
12,-10.4302,0.2303798589179776,0.25,-0.8692,choch_long_rr1.5_sl0.8_h12_b0.2_cd5,USDJPY
20,-11.1425,0.3895590910086999,0.35,-0.5571,choch_long_rr1.5_sl0.8_h12_b0.2_cd5,GBPUSD
19,-19.568,0.14922109034308548,0.1579,-1.0299,choch_long_rr1.5_sl0.8_h12_b0.2_cd5,EURUSD
15,-6.4392,0.4252664274621111,0.2667,-0.4293,choch_long_rr1.5_sl0.8_h6_b0.1_cd0,XAUUSD
29,-16.2591,0.3631324961417637,0.3448,-0.5607,choch_long_rr1.5_sl0.8_h6_b0.1_cd0,GBPUSD
21,-18.0753,0.20319773592890392,0.2381,-0.8607,choch_long_rr1.5_sl0.8_h6_b0.1_cd0,USDJPY
23,-19.8945,0.17884635228562584,0.1739,-0.865,choch_long_rr1.5_sl0.8_h6_b0.1_cd0,EURUSD
14,-5.3894,0.4692337994878865,0.2857,-0.385,choch_long_rr1.5_sl0.8_h6_b0.1_cd10,XAUUSD
19,-7.6731,0.5042896827960462,0.4211,-0.4038,choch_long_rr1.5_sl0.8_h6_b0.1_cd10,GBPUSD
15,-17.0858,0.059214148844789996,0.1333,-1.1391,choch_long_rr1.5_sl0.8_h6_b0.1_cd10,USDJPY
19,-17.9904,0.16021005951686312,0.1579,-0.9469,choch_long_rr1.5_sl0.8_h6_b0.1_cd10,EURUSD
13,-4.3082,0.5251521029891543,0.3077,-0.3314,choch_long_rr1.5_sl0.8_h6_b0.1_cd20,XAUUSD
18,-6.2815,0.5540829292879099,0.4444,-0.349,choch_long_rr1.5_sl0.8_h6_b0.1_cd20,GBPUSD
15,-17.0858,0.059214148844789996,0.1333,-1.1391,choch_long_rr1.5_sl0.8_h6_b0.1_cd20,USDJPY
17,-17.8474,0.11081771847925188,0.1176,-1.0498,choch_long_rr1.5_sl0.8_h6_b0.1_cd20,EURUSD
14,-5.3894,0.4692337994878865,0.2857,-0.385,choch_long_rr1.5_sl0.8_h6_b0.1_cd5,XAUUSD
20,-9.1623,0.46003111703068095,0.4,-0.4581,choch_long_rr1.5_sl0.8_h6_b0.1_cd5,GBPUSD
16,-16.2255,0.10658436667180582,0.1875,-1.0141,choch_long_rr1.5_sl0.8_h6_b0.1_cd5,USDJPY
19,-17.9904,0.16021005951686312,0.1579,-0.9469,choch_long_rr1.5_sl0.8_h6_b0.1_cd5,EURUSD
13,-6.7564,0.3339904974074877,0.2308,-0.5197,choch_long_rr1.5_sl0.8_h6_b0.2_cd0,XAUUSD
16,-10.8439,0.3339005018519997,0.3125,-0.6777,choch_long_rr1.5_sl0.8_h6_b0.2_cd0,USDJPY
28,-17.5132,0.31034374126273423,0.3214,-0.6255,choch_long_rr1.5_sl0.8_h6_b0.2_cd0,GBPUSD
23,-20.6236,0.17362140676213908,0.1739,-0.8967,choch_long_rr1.5_sl0.8_h6_b0.2_cd0,EURUSD
12,-5.7066,0.3725425517878348,0.25,-0.4755,choch_long_rr1.5_sl0.8_h6_b0.2_cd10,XAUUSD
12,-10.0689,0.23668988939512245,0.25,-0.8391,choch_long_rr1.5_sl0.8_h6_b0.2_cd10,USDJPY
19,-10.1619,0.3938260558339299,0.3684,-0.5348,choch_long_rr1.5_sl0.8_h6_b0.2_cd10,GBPUSD
19,-18.7195,0.15493688943462322,0.1579,-0.9852,choch_long_rr1.5_sl0.8_h6_b0.2_cd10,EURUSD
11,-4.6254,0.42280622941000295,0.2727,-0.4205,choch_long_rr1.5_sl0.8_h6_b0.2_cd20,XAUUSD
11,-8.7025,0.26404052534102346,0.2727,-0.7911,choch_long_rr1.5_sl0.8_h6_b0.2_cd20,USDJPY
18,-8.7696,0.42949706278420735,0.3889,-0.4872,choch_long_rr1.5_sl0.8_h6_b0.2_cd20,GBPUSD
17,-18.5765,0.10693338717741624,0.1176,-1.0927,choch_long_rr1.5_sl0.8_h6_b0.2_cd20,EURUSD
12,-5.7066,0.3725425517878348,0.25,-0.4755,choch_long_rr1.5_sl0.8_h6_b0.2_cd5,XAUUSD
12,-10.0689,0.23668988939512245,0.25,-0.8391,choch_long_rr1.5_sl0.8_h6_b0.2_cd5,USDJPY
20,-11.6511,0.36169548353165476,0.35,-0.5826,choch_long_rr1.5_sl0.8_h6_b0.2_cd5,GBPUSD
19,-18.7195,0.15493688943462322,0.1579,-0.9852,choch_long_rr1.5_sl0.8_h6_b0.2_cd5,EURUSD
15,-3.5546,0.6672937784891286,0.3333,-0.237,choch_long_rr1.5_sl1.0_h12_b0.1_cd0,XAUUSD
26,-7.4353,0.5951617382024491,0.4615,-0.286,choch_long_rr1.5_sl1.0_h12_b0.1_cd0,GBPUSD
19,-11.3815,0.37417176665951846,0.3158,-0.599,choch_long_rr1.5_sl1.0_h12_b0.1_cd0,USDJPY
23,-17.0411,0.2551120319616739,0.2174,-0.7409,choch_long_rr1.5_sl1.0_h12_b0.1_cd0,EURUSD
19,-1.1295,0.9039720460458077,0.5263,-0.0594,choch_long_rr1.5_sl1.0_h12_b0.1_cd10,GBPUSD
14,-2.5148,0.7392395350525193,0.3571,-0.1796,choch_long_rr1.5_sl1.0_h12_b0.1_cd10,XAUUSD
15,-13.4359,0.20132795967377604,0.2,-0.8957,choch_long_rr1.5_sl1.0_h12_b0.1_cd10,USDJPY
18,-16.3635,0.17824626247307024,0.1667,-0.9091,choch_long_rr1.5_sl1.0_h12_b0.1_cd10,EURUSD
13,-1.4499,0.8309982282730325,0.3846,-0.1115,choch_long_rr1.5_sl1.0_h12_b0.1_cd20,XAUUSD
18,-2.2841,0.8040038442396471,0.5,-0.1269,choch_long_rr1.5_sl1.0_h12_b0.1_cd20,GBPUSD
14,-12.1289,0.21828716534113612,0.2143,-0.8663,choch_long_rr1.5_sl1.0_h12_b0.1_cd20,USDJPY
17,-12.6969,0.26737946315230693,0.2353,-0.7469,choch_long_rr1.5_sl1.0_h12_b0.1_cd20,EURUSD
14,-2.5148,0.7392395350525193,0.3571,-0.1796,choch_long_rr1.5_sl1.0_h12_b0.1_cd5,XAUUSD
20,-2.5209,0.8083490451283298,0.5,-0.126,choch_long_rr1.5_sl1.0_h12_b0.1_cd5,GBPUSD
16,-12.1772,0.2761490358323228,0.25,-0.7611,choch_long_rr1.5_sl1.0_h12_b0.1_cd5,USDJPY
19,-15.2113,0.24045658589197527,0.2105,-0.8006,choch_long_rr1.5_sl1.0_h12_b0.1_cd5,EURUSD
13,-3.9083,0.5944274373475847,0.3077,-0.3006,choch_long_rr1.5_sl1.0_h12_b0.2_cd0,XAUUSD
14,-7.1181,0.4400575824798226,0.3571,-0.5084,choch_long_rr1.5_sl1.0_h12_b0.2_cd0,USDJPY
26,-11.337,0.4590119344725402,0.3846,-0.436,choch_long_rr1.5_sl1.0_h12_b0.2_cd0,GBPUSD
23,-17.0843,0.25410727149686746,0.2174,-0.7428,choch_long_rr1.5_sl1.0_h12_b0.2_cd0,EURUSD
12,-2.8685,0.66632545046355,0.3333,-0.239,choch_long_rr1.5_sl1.0_h12_b0.2_cd10,XAUUSD
19,-6.1204,0.573556667270523,0.4211,-0.3221,choch_long_rr1.5_sl1.0_h12_b0.2_cd10,GBPUSD
12,-6.7441,0.40573810216148104,0.3333,-0.562,choch_long_rr1.5_sl1.0_h12_b0.2_cd10,USDJPY
18,-16.4067,0.1771965897693079,0.1667,-0.9115,choch_long_rr1.5_sl1.0_h12_b0.2_cd10,EURUSD
11,-1.8036,0.7605353301999522,0.3636,-0.164,choch_long_rr1.5_sl1.0_h12_b0.2_cd20,XAUUSD
18,-4.8066,0.6313504724506075,0.4444,-0.267,choch_long_rr1.5_sl1.0_h12_b0.2_cd20,GBPUSD
11,-7.951,0.29939111968771753,0.2727,-0.7228,choch_long_rr1.5_sl1.0_h12_b0.2_cd20,USDJPY
17,-12.7401,0.26603448573848215,0.2353,-0.7494,choch_long_rr1.5_sl1.0_h12_b0.2_cd20,EURUSD
12,-2.8685,0.66632545046355,0.3333,-0.239,choch_long_rr1.5_sl1.0_h12_b0.2_cd5,XAUUSD
12,-6.7441,0.40573810216148104,0.3333,-0.562,choch_long_rr1.5_sl1.0_h12_b0.2_cd5,USDJPY
20,-7.5118,0.5228664346147005,0.4,-0.3756,choch_long_rr1.5_sl1.0_h12_b0.2_cd5,GBPUSD
19,-15.2545,0.23932881220704097,0.2105,-0.8029,choch_long_rr1.5_sl1.0_h12_b0.2_cd5,EURUSD
26,-5.9282,0.6486597009441063,0.4615,-0.228,choch_long_rr1.5_sl1.0_h6_b0.1_cd0,GBPUSD
15,-6.2511,0.4297898347137593,0.2667,-0.4167,choch_long_rr1.5_sl1.0_h6_b0.1_cd0,XAUUSD
20,-12.5838,0.2286975176218204,0.3,-0.6292,choch_long_rr1.5_sl1.0_h6_b0.1_cd0,USDJPY
23,-17.5472,0.21006950696870388,0.1739,-0.7629,choch_long_rr1.5_sl1.0_h6_b0.1_cd0,EURUSD
19,-1.2384,0.8947135739912601,0.5263,-0.0652,choch_long_rr1.5_sl1.0_h6_b0.1_cd10,GBPUSD
14,-5.2113,0.474826161443112,0.2857,-0.3722,choch_long_rr1.5_sl1.0_h6_b0.1_cd10,XAUUSD
15,-12.883,0.0958600313006618,0.2,-0.8589,choch_long_rr1.5_sl1.0_h6_b0.1_cd10,USDJPY
19,-15.9087,0.18707491683572053,0.1579,-0.8373,choch_long_rr1.5_sl1.0_h6_b0.1_cd10,EURUSD
18,-2.393,0.7946592527759185,0.5,-0.1329,choch_long_rr1.5_sl1.0_h6_b0.1_cd20,GBPUSD
13,-4.1464,0.5319086485815243,0.3077,-0.319,choch_long_rr1.5_sl1.0_h6_b0.1_cd20,XAUUSD
15,-12.883,0.0958600313006618,0.2,-0.8589,choch_long_rr1.5_sl1.0_h6_b0.1_cd20,USDJPY
17,-13.4096,0.2052911056324673,0.1765,-0.7888,choch_long_rr1.5_sl1.0_h6_b0.1_cd20,EURUSD
20,-2.6298,0.8000699428293394,0.5,-0.1315,choch_long_rr1.5_sl1.0_h6_b0.1_cd5,GBPUSD
14,-5.2113,0.474826161443112,0.2857,-0.3722,choch_long_rr1.5_sl1.0_h6_b0.1_cd5,XAUUSD
16,-12.1947,0.14416551453094625,0.25,-0.7622,choch_long_rr1.5_sl1.0_h6_b0.1_cd5,USDJPY
19,-15.924,0.18629309595957014,0.1579,-0.8381,choch_long_rr1.5_sl1.0_h6_b0.1_cd5,EURUSD
13,-6.6048,0.33388466425963653,0.2308,-0.5081,choch_long_rr1.5_sl1.0_h6_b0.2_cd0,XAUUSD
15,-7.9988,0.3068030158592599,0.3333,-0.5333,choch_long_rr1.5_sl1.0_h6_b0.2_cd0,USDJPY
26,-10.0171,0.48532864754329985,0.3846,-0.3853,choch_long_rr1.5_sl1.0_h6_b0.2_cd0,GBPUSD
23,-17.1941,0.21346263809153496,0.1739,-0.7476,choch_long_rr1.5_sl1.0_h6_b0.2_cd0,EURUSD
12,-5.565,0.37300013520212716,0.25,-0.4637,choch_long_rr1.5_sl1.0_h6_b0.2_cd10,XAUUSD
19,-6.2293,0.5659689803653795,0.4211,-0.3279,choch_long_rr1.5_sl1.0_h6_b0.2_cd10,GBPUSD
12,-6.4458,0.3195536741652504,0.3333,-0.5372,choch_long_rr1.5_sl1.0_h6_b0.2_cd10,USDJPY
19,-15.5556,0.19051236951385783,0.1579,-0.8187,choch_long_rr1.5_sl1.0_h6_b0.2_cd10,EURUSD
11,-4.5001,0.42385445606667776,0.2727,-0.4091,choch_long_rr1.5_sl1.0_h6_b0.2_cd20,XAUUSD
18,-4.9155,0.6229982206405694,0.4444,-0.2731,choch_long_rr1.5_sl1.0_h6_b0.2_cd20,GBPUSD
11,-6.6514,0.29784965533258034,0.2727,-0.6047,choch_long_rr1.5_sl1.0_h6_b0.2_cd20,USDJPY
17,-13.0565,0.2096788838110227,0.1765,-0.768,choch_long_rr1.5_sl1.0_h6_b0.2_cd20,EURUSD
12,-5.565,0.37300013520212716,0.25,-0.4637,choch_long_rr1.5_sl1.0_h6_b0.2_cd5,XAUUSD
12,-6.4458,0.3195536741652504,0.3333,-0.5372,choch_long_rr1.5_sl1.0_h6_b0.2_cd5,USDJPY
20,-7.6207,0.5159493381437537,0.4,-0.381,choch_long_rr1.5_sl1.0_h6_b0.2_cd5,GBPUSD
19,-15.5709,0.1897161828835486,0.1579,-0.8195,choch_long_rr1.5_sl1.0_h6_b0.2_cd5,EURUSD
15,-4.3185,0.6394850860276992,0.2667,-0.2879,choch_long_rr2.0_sl0.8_h12_b0.1_cd0,XAUUSD
28,-13.5698,0.46542758544617957,0.3571,-0.4846,choch_long_rr2.0_sl0.8_h12_b0.1_cd0,GBPUSD
23,-13.6605,0.4123960116656199,0.2609,-0.5939,choch_long_rr2.0_sl0.8_h12_b0.1_cd0,EURUSD
19,-16.1915,0.2734154834772307,0.2105,-0.8522,choch_long_rr2.0_sl0.8_h12_b0.1_cd0,USDJPY
14,-3.2687,0.7009122601542698,0.2857,-0.2335,choch_long_rr2.0_sl0.8_h12_b0.1_cd10,XAUUSD
19,-4.037,0.7391950384391757,0.4211,-0.2125,choch_long_rr2.0_sl0.8_h12_b0.1_cd10,GBPUSD
19,-15.0141,0.30275617061787446,0.2105,-0.7902,choch_long_rr2.0_sl0.8_h12_b0.1_cd10,EURUSD
15,-16.6455,0.14176776608524835,0.1333,-1.1097,choch_long_rr2.0_sl0.8_h12_b0.1_cd10,USDJPY
13,-2.1875,0.7778669130863044,0.3077,-0.1683,choch_long_rr2.0_sl0.8_h12_b0.1_cd20,XAUUSD
18,-2.6454,0.812205839550782,0.4444,-0.147,choch_long_rr2.0_sl0.8_h12_b0.1_cd20,GBPUSD
14,-14.9831,0.1550581693707106,0.1429,-1.0702,choch_long_rr2.0_sl0.8_h12_b0.1_cd20,USDJPY
17,-15.3711,0.23840219594008732,0.1765,-0.9042,choch_long_rr2.0_sl0.8_h12_b0.1_cd20,EURUSD
14,-3.2687,0.7009122601542698,0.2857,-0.2335,choch_long_rr2.0_sl0.8_h12_b0.1_cd5,XAUUSD
20,-5.5262,0.6743201989604083,0.4,-0.2763,choch_long_rr2.0_sl0.8_h12_b0.1_cd5,GBPUSD
16,-14.9471,0.22933627565725367,0.1875,-0.9342,choch_long_rr2.0_sl0.8_h12_b0.1_cd5,USDJPY
19,-15.0141,0.30275617061787446,0.2105,-0.7902,choch_long_rr2.0_sl0.8_h12_b0.1_cd5,EURUSD
13,-2.1357,0.7819802162129054,0.3077,-0.1643,choch_long_rr2.0_sl0.8_h12_b0.2_cd0,XAUUSD
14,-8.9871,0.4011274963849481,0.2857,-0.6419,choch_long_rr2.0_sl0.8_h12_b0.2_cd0,USDJPY
27,-13.6514,0.4593226581962636,0.3333,-0.5056,choch_long_rr2.0_sl0.8_h12_b0.2_cd0,GBPUSD
23,-16.7144,0.32369792509630013,0.2174,-0.7267,choch_long_rr2.0_sl0.8_h12_b0.2_cd0,EURUSD
12,-1.0859,0.875841803775397,0.3333,-0.0905,choch_long_rr2.0_sl0.8_h12_b0.2_cd10,XAUUSD
19,-7.0258,0.5808995466475781,0.3684,-0.3698,choch_long_rr2.0_sl0.8_h12_b0.2_cd10,GBPUSD
12,-9.1556,0.3244296213216847,0.25,-0.763,choch_long_rr2.0_sl0.8_h12_b0.2_cd10,USDJPY
19,-18.068,0.2144381980947909,0.1579,-0.9509,choch_long_rr2.0_sl0.8_h12_b0.2_cd10,EURUSD
11,-0.0047,0.9993868152226383,0.3636,-0.0004,choch_long_rr2.0_sl0.8_h12_b0.2_cd20,XAUUSD
18,-5.6335,0.6335148357045739,0.3889,-0.313,choch_long_rr2.0_sl0.8_h12_b0.2_cd20,GBPUSD
11,-7.7892,0.36080748399803053,0.2727,-0.7081,choch_long_rr2.0_sl0.8_h12_b0.2_cd20,USDJPY
17,-18.425,0.14893322185936728,0.1176,-1.0838,choch_long_rr2.0_sl0.8_h12_b0.2_cd20,EURUSD
12,-1.0859,0.875841803775397,0.3333,-0.0905,choch_long_rr2.0_sl0.8_h12_b0.2_cd5,XAUUSD
20,-8.515,0.5335064536629194,0.35,-0.4258,choch_long_rr2.0_sl0.8_h12_b0.2_cd5,GBPUSD
12,-9.1556,0.3244296213216847,0.25,-0.763,choch_long_rr2.0_sl0.8_h12_b0.2_cd5,USDJPY
19,-18.068,0.2144381980947909,0.1579,-0.9509,choch_long_rr2.0_sl0.8_h12_b0.2_cd5,EURUSD
15,-7.3079,0.37518489069005906,0.2,-0.4872,choch_long_rr2.0_sl0.8_h6_b0.1_cd0,XAUUSD
28,-12.1859,0.49263680307767893,0.3571,-0.4352,choch_long_rr2.0_sl0.8_h6_b0.1_cd0,GBPUSD
23,-14.8786,0.3496717456487722,0.2174,-0.6469,choch_long_rr2.0_sl0.8_h6_b0.1_cd0,EURUSD
20,-16.9295,0.19576732144129597,0.25,-0.8465,choch_long_rr2.0_sl0.8_h6_b0.1_cd0,USDJPY
19,-4.1731,0.7304024807804121,0.4211,-0.2196,choch_long_rr2.0_sl0.8_h6_b0.1_cd10,GBPUSD
14,-6.2581,0.41218075763410755,0.2143,-0.447,choch_long_rr2.0_sl0.8_h6_b0.1_cd10,XAUUSD
19,-16.4904,0.23022989847123354,0.1579,-0.8679,choch_long_rr2.0_sl0.8_h6_b0.1_cd10,EURUSD
15,-17.1796,0.05404929189701121,0.1333,-1.1453,choch_long_rr2.0_sl0.8_h6_b0.1_cd10,USDJPY
18,-2.7815,0.8025442438612307,0.4444,-0.1545,choch_long_rr2.0_sl0.8_h6_b0.1_cd20,GBPUSD
13,-5.1769,0.4587719940199266,0.2308,-0.3982,choch_long_rr2.0_sl0.8_h6_b0.1_cd20,XAUUSD
17,-16.8474,0.16063910879497004,0.1176,-0.991,choch_long_rr2.0_sl0.8_h6_b0.1_cd20,EURUSD
15,-17.1796,0.05404929189701121,0.1333,-1.1453,choch_long_rr2.0_sl0.8_h6_b0.1_cd20,USDJPY
20,-5.6623,0.6662993128322391,0.4,-0.2831,choch_long_rr2.0_sl0.8_h6_b0.1_cd5,GBPUSD
14,-6.2581,0.41218075763410755,0.2143,-0.447,choch_long_rr2.0_sl0.8_h6_b0.1_cd5,XAUUSD
16,-16.3193,0.10141950972402705,0.1875,-1.02,choch_long_rr2.0_sl0.8_h6_b0.1_cd5,USDJPY
19,-16.4904,0.23022989847123354,0.1579,-0.8679,choch_long_rr2.0_sl0.8_h6_b0.1_cd5,EURUSD
13,-5.7564,0.4325651085306468,0.2308,-0.4428,choch_long_rr2.0_sl0.8_h6_b0.2_cd0,XAUUSD
15,-9.1981,0.37194614008494137,0.3333,-0.6132,choch_long_rr2.0_sl0.8_h6_b0.2_cd0,USDJPY
27,-12.5015,0.4765392087897364,0.3333,-0.463,choch_long_rr2.0_sl0.8_h6_b0.2_cd0,GBPUSD
23,-15.6077,0.33887248651922885,0.2174,-0.6786,choch_long_rr2.0_sl0.8_h6_b0.2_cd0,EURUSD
12,-4.7066,0.4824954919294542,0.25,-0.3922,choch_long_rr2.0_sl0.8_h6_b0.2_cd10,XAUUSD
19,-7.1619,0.5727809591982821,0.3684,-0.3769,choch_long_rr2.0_sl0.8_h6_b0.2_cd10,GBPUSD
12,-10.0079,0.24131421943583176,0.25,-0.834,choch_long_rr2.0_sl0.8_h6_b0.2_cd10,USDJPY
19,-17.2195,0.22265208833673414,0.1579,-0.9063,choch_long_rr2.0_sl0.8_h6_b0.2_cd10,EURUSD
11,-3.6254,0.5475940900469202,0.2727,-0.3296,choch_long_rr2.0_sl0.8_h6_b0.2_cd20,XAUUSD
18,-5.7696,0.624660902827924,0.3889,-0.3205,choch_long_rr2.0_sl0.8_h6_b0.2_cd20,GBPUSD
11,-8.6415,0.2691992185848267,0.2727,-0.7856,choch_long_rr2.0_sl0.8_h6_b0.2_cd20,USDJPY
17,-17.5765,0.15500846121303025,0.1176,-1.0339,choch_long_rr2.0_sl0.8_h6_b0.2_cd20,EURUSD
12,-4.7066,0.4824954919294542,0.25,-0.3922,choch_long_rr2.0_sl0.8_h6_b0.2_cd5,XAUUSD
20,-8.6511,0.5260502268095457,0.35,-0.4326,choch_long_rr2.0_sl0.8_h6_b0.2_cd5,GBPUSD
12,-10.0079,0.24131421943583176,0.25,-0.834,choch_long_rr2.0_sl0.8_h6_b0.2_cd5,USDJPY
19,-17.2195,0.22265208833673414,0.1579,-0.9063,choch_long_rr2.0_sl0.8_h6_b0.2_cd5,EURUSD
25,-0.2147,0.986440485287895,0.48,-0.0086,choch_long_rr2.0_sl1.0_h12_b0.1_cd0,GBPUSD
15,-6.2499,0.4807802543802079,0.2,-0.4167,choch_long_rr2.0_sl1.0_h12_b0.1_cd0,XAUUSD
23,-11.5284,0.4662357685558585,0.2609,-0.5012,choch_long_rr2.0_sl1.0_h12_b0.1_cd0,EURUSD
18,-11.5479,0.36502202207155937,0.2778,-0.6416,choch_long_rr2.0_sl1.0_h12_b0.1_cd0,USDJPY
19,1.5649,1.13039746687776,0.4737,0.0824,choch_long_rr2.0_sl1.0_h12_b0.1_cd10,GBPUSD
14,-5.2101,0.5262382584816274,0.2143,-0.3721,choch_long_rr2.0_sl1.0_h12_b0.1_cd10,XAUUSD
15,-13.6128,0.19081246879235322,0.2,-0.9075,choch_long_rr2.0_sl1.0_h12_b0.1_cd10,USDJPY
18,-14.8635,0.2535743161468194,0.1667,-0.8257,choch_long_rr2.0_sl1.0_h12_b0.1_cd10,EURUSD
18,-0.0897,0.9924574945764593,0.4444,-0.005,choch_long_rr2.0_sl1.0_h12_b0.1_cd20,GBPUSD
13,-4.1452,0.5826587733075592,0.2308,-0.3189,choch_long_rr2.0_sl1.0_h12_b0.1_cd20,XAUUSD
17,-10.6969,0.38278094490733267,0.2353,-0.6292,choch_long_rr2.0_sl1.0_h12_b0.1_cd20,EURUSD
13,-10.7759,0.22951687056249506,0.2308,-0.8289,choch_long_rr2.0_sl1.0_h12_b0.1_cd20,USDJPY
20,0.1735,1.012955108867716,0.45,0.0087,choch_long_rr2.0_sl1.0_h12_b0.1_cd5,GBPUSD
14,-5.2101,0.5262382584816274,0.2143,-0.3721,choch_long_rr2.0_sl1.0_h12_b0.1_cd5,XAUUSD
19,-13.2113,0.34032226655148823,0.2105,-0.6953,choch_long_rr2.0_sl1.0_h12_b0.1_cd5,EURUSD
16,-13.3715,0.20515609767696222,0.25,-0.8357,choch_long_rr2.0_sl1.0_h12_b0.1_cd5,USDJPY
13,-4.1036,0.5851093945889109,0.2308,-0.3157,choch_long_rr2.0_sl1.0_h12_b0.2_cd0,XAUUSD
25,-4.6164,0.7494341588914399,0.4,-0.1847,choch_long_rr2.0_sl1.0_h12_b0.2_cd0,GBPUSD
13,-6.6879,0.47389908906404876,0.3077,-0.5145,choch_long_rr2.0_sl1.0_h12_b0.2_cd0,USDJPY
23,-11.5716,0.46490700750043934,0.2609,-0.5031,choch_long_rr2.0_sl1.0_h12_b0.2_cd0,EURUSD
12,-3.0638,0.6538470229352615,0.25,-0.2553,choch_long_rr2.0_sl1.0_h12_b0.2_cd10,XAUUSD
19,-4.426,0.6966623260914262,0.3684,-0.2329,choch_long_rr2.0_sl1.0_h12_b0.2_cd10,GBPUSD
12,-5.3244,0.5308361310106003,0.3333,-0.4437,choch_long_rr2.0_sl1.0_h12_b0.2_cd10,USDJPY
18,-14.9067,0.2524222668004012,0.1667,-0.8282,choch_long_rr2.0_sl1.0_h12_b0.2_cd10,EURUSD
11,-1.9989,0.7432732690307086,0.2727,-0.1817,choch_long_rr2.0_sl1.0_h12_b0.2_cd20,XAUUSD
18,-3.1122,0.7655981682884945,0.3889,-0.1729,choch_long_rr2.0_sl1.0_h12_b0.2_cd20,GBPUSD
11,-7.0313,0.38043123882030544,0.2727,-0.6392,choch_long_rr2.0_sl1.0_h12_b0.2_cd20,USDJPY
17,-10.7401,0.38125579707222645,0.2353,-0.6318,choch_long_rr2.0_sl1.0_h12_b0.2_cd20,EURUSD
12,-3.0638,0.6538470229352615,0.25,-0.2553,choch_long_rr2.0_sl1.0_h12_b0.2_cd5,XAUUSD
12,-5.3244,0.5308361310106003,0.3333,-0.4437,choch_long_rr2.0_sl1.0_h12_b0.2_cd5,USDJPY
20,-5.8174,0.636012113324657,0.35,-0.2909,choch_long_rr2.0_sl1.0_h12_b0.2_cd5,GBPUSD
19,-13.2545,0.3390595392440411,0.2105,-0.6976,choch_long_rr2.0_sl1.0_h12_b0.2_cd5,EURUSD
25,1.5259,1.1081630917107335,0.48,0.061,choch_long_rr2.0_sl1.0_h6_b0.1_cd0,GBPUSD
15,-7.046,0.3795678283993449,0.2,-0.4697,choch_long_rr2.0_sl1.0_h6_b0.1_cd0,XAUUSD
19,-11.7562,0.2469959775563014,0.3158,-0.6187,choch_long_rr2.0_sl1.0_h6_b0.1_cd0,USDJPY
23,-12.5345,0.4012515226062242,0.2174,-0.545,choch_long_rr2.0_sl1.0_h6_b0.1_cd0,EURUSD
19,1.6895,1.143573401317187,0.4737,0.0889,choch_long_rr2.0_sl1.0_h6_b0.1_cd10,GBPUSD
14,-6.0062,0.41782335607940446,0.2143,-0.429,choch_long_rr2.0_sl1.0_h6_b0.1_cd10,XAUUSD
15,-13.258,0.06954221027588095,0.2,-0.8839,choch_long_rr2.0_sl1.0_h6_b0.1_cd10,USDJPY
18,-14.6715,0.19625395121042627,0.1667,-0.8151,choch_long_rr2.0_sl1.0_h6_b0.1_cd10,EURUSD
18,0.0349,1.0029933699856763,0.4444,0.0019,choch_long_rr2.0_sl1.0_h6_b0.1_cd20,GBPUSD
13,-4.9413,0.4659151093288946,0.2308,-0.3801,choch_long_rr2.0_sl1.0_h6_b0.1_cd20,XAUUSD
17,-11.9096,0.29418736961881287,0.1765,-0.7006,choch_long_rr2.0_sl1.0_h6_b0.1_cd20,EURUSD
15,-13.258,0.06954221027588095,0.2,-0.8839,choch_long_rr2.0_sl1.0_h6_b0.1_cd20,USDJPY
20,0.2981,1.0226538692443896,0.45,0.0149,choch_long_rr2.0_sl1.0_h6_b0.1_cd5,GBPUSD
14,-6.0062,0.41782335607940446,0.2143,-0.429,choch_long_rr2.0_sl1.0_h6_b0.1_cd5,XAUUSD
16,-12.5697,0.1178476935061654,0.25,-0.7856,choch_long_rr2.0_sl1.0_h6_b0.1_cd5,USDJPY
19,-14.424,0.26294220146450886,0.1579,-0.7592,choch_long_rr2.0_sl1.0_h6_b0.1_cd5,EURUSD
25,-3.063,0.8165582665564699,0.4,-0.1225,choch_long_rr2.0_sl1.0_h6_b0.2_cd0,GBPUSD
13,-5.6048,0.4347378824858301,0.2308,-0.4311,choch_long_rr2.0_sl1.0_h6_b0.2_cd0,XAUUSD
14,-7.1712,0.33823040862278986,0.3571,-0.5122,choch_long_rr2.0_sl1.0_h6_b0.2_cd0,USDJPY
23,-12.1814,0.4081355009863275,0.2174,-0.5296,choch_long_rr2.0_sl1.0_h6_b0.2_cd0,EURUSD
19,-4.3014,0.7004074525509316,0.3684,-0.2264,choch_long_rr2.0_sl1.0_h6_b0.2_cd10,GBPUSD
12,-4.565,0.4856685745189057,0.25,-0.3804,choch_long_rr2.0_sl1.0_h6_b0.2_cd10,XAUUSD
12,-6.3208,0.33274921090690285,0.3333,-0.5267,choch_long_rr2.0_sl1.0_h6_b0.2_cd10,USDJPY
18,-14.3184,0.20012513407222024,0.1667,-0.7955,choch_long_rr2.0_sl1.0_h6_b0.2_cd10,EURUSD
18,-2.9876,0.7709545604391392,0.3889,-0.166,choch_long_rr2.0_sl1.0_h6_b0.2_cd20,GBPUSD
11,-3.5001,0.5518839540630162,0.2727,-0.3182,choch_long_rr2.0_sl1.0_h6_b0.2_cd20,XAUUSD
11,-6.5264,0.3110451920742328,0.2727,-0.5933,choch_long_rr2.0_sl1.0_h6_b0.2_cd20,USDJPY
17,-11.5565,0.30047516721648865,0.1765,-0.6798,choch_long_rr2.0_sl1.0_h6_b0.2_cd20,EURUSD
12,-4.565,0.4856685745189057,0.25,-0.3804,choch_long_rr2.0_sl1.0_h6_b0.2_cd5,XAUUSD
20,-5.6928,0.6385271352284921,0.35,-0.2846,choch_long_rr2.0_sl1.0_h6_b0.2_cd5,GBPUSD
12,-6.3208,0.33274921090690285,0.3333,-0.5267,choch_long_rr2.0_sl1.0_h6_b0.2_cd5,USDJPY
19,-14.0709,0.26777369565896153,0.1579,-0.7406,choch_long_rr2.0_sl1.0_h6_b0.2_cd5,EURUSD
15,1.6746,1.2565925562723137,0.6,0.1116,choch_short_rr1.0_sl0.8_h12_b0.1_cd0,XAUUSD
24,-6.8418,0.5309980806142034,0.5417,-0.2851,choch_short_rr1.0_sl0.8_h12_b0.1_cd0,EURUSD
41,-8.0653,0.6369925285804302,0.6098,-0.1967,choch_short_rr1.0_sl0.8_h12_b0.1_cd0,GBPUSD
13,-9.1742,0.21469231230151595,0.3846,-0.7057,choch_short_rr1.0_sl0.8_h12_b0.1_cd0,USDJPY
10,3.1267,1.9484908236007885,0.7,0.3127,choch_short_rr1.0_sl0.8_h12_b0.1_cd10,XAUUSD
13,-5.7058,0.36262287756925826,0.4615,-0.4389,choch_short_rr1.0_sl0.8_h12_b0.1_cd10,EURUSD
10,-6.4093,0.24692155849038866,0.4,-0.6409,choch_short_rr1.0_sl0.8_h12_b0.1_cd10,USDJPY
22,-7.7019,0.455237973985189,0.5455,-0.3501,choch_short_rr1.0_sl0.8_h12_b0.1_cd10,GBPUSD
10,1.1421,1.2614219007507783,0.6,0.1142,choch_short_rr1.0_sl0.8_h12_b0.1_cd20,XAUUSD
12,-4.4413,0.422269918699187,0.5,-0.3701,choch_short_rr1.0_sl0.8_h12_b0.1_cd20,EURUSD
10,-6.4093,0.24692155849038866,0.4,-0.6409,choch_short_rr1.0_sl0.8_h12_b0.1_cd20,USDJPY
21,-8.4515,0.40221811983222644,0.5238,-0.4025,choch_short_rr1.0_sl0.8_h12_b0.1_cd20,GBPUSD
11,2.0695,1.4753428118611756,0.6364,0.1881,choch_short_rr1.0_sl0.8_h12_b0.1_cd5,XAUUSD
13,-3.7111,0.5172552845528455,0.5385,-0.2855,choch_short_rr1.0_sl0.8_h12_b0.1_cd5,EURUSD
10,-6.4093,0.24692155849038866,0.4,-0.6409,choch_short_rr1.0_sl0.8_h12_b0.1_cd5,USDJPY
25,-7.7714,0.49804615593290397,0.56,-0.3109,choch_short_rr1.0_sl0.8_h12_b0.1_cd5,GBPUSD
13,1.8999,1.351924573037454,0.6154,0.1461,choch_short_rr1.0_sl0.8_h12_b0.2_cd0,XAUUSD
38,-5.939,0.6947047544632531,0.6316,-0.1563,choch_short_rr1.0_sl0.8_h12_b0.2_cd0,GBPUSD
11,-6.1235,0.2874348352262148,0.4545,-0.5567,choch_short_rr1.0_sl0.8_h12_b0.2_cd0,USDJPY
23,-7.5004,0.4858513846997532,0.5217,-0.3261,choch_short_rr1.0_sl0.8_h12_b0.2_cd0,EURUSD
10,1.1945,1.276101980907473,0.6,0.1195,choch_short_rr1.0_sl0.8_h12_b0.2_cd10,XAUUSD
20,-4.9556,0.5652143396093983,0.6,-0.2478,choch_short_rr1.0_sl0.8_h12_b0.2_cd10,GBPUSD
9,-5.016,0.2914753866798503,0.4444,-0.5573,choch_short_rr1.0_sl0.8_h12_b0.2_cd10,USDJPY
13,-5.7058,0.36262287756925826,0.4615,-0.4389,choch_short_rr1.0_sl0.8_h12_b0.2_cd10,EURUSD
10,-0.7901,0.8536472418775238,0.5,-0.079,choch_short_rr1.0_sl0.8_h12_b0.2_cd20,XAUUSD
12,-4.4413,0.422269918699187,0.5,-0.3701,choch_short_rr1.0_sl0.8_h12_b0.2_cd20,EURUSD
9,-5.016,0.2914753866798503,0.4444,-0.5573,choch_short_rr1.0_sl0.8_h12_b0.2_cd20,USDJPY
19,-5.6851,0.5012107599712226,0.5789,-0.2992,choch_short_rr1.0_sl0.8_h12_b0.2_cd20,GBPUSD
10,1.1945,1.276101980907473,0.6,0.1195,choch_short_rr1.0_sl0.8_h12_b0.2_cd5,XAUUSD
13,-3.7111,0.5172552845528455,0.5385,-0.2855,choch_short_rr1.0_sl0.8_h12_b0.2_cd5,EURUSD
23,-5.0037,0.6071184604150471,0.6087,-0.2176,choch_short_rr1.0_sl0.8_h12_b0.2_cd5,GBPUSD
9,-5.016,0.2914753866798503,0.4444,-0.5573,choch_short_rr1.0_sl0.8_h12_b0.2_cd5,USDJPY
16,0.4406,1.0643361953156942,0.5,0.0275,choch_short_rr1.0_sl0.8_h6_b0.1_cd0,XAUUSD
25,-3.4824,0.7098773660357238,0.6,-0.1393,choch_short_rr1.0_sl0.8_h6_b0.1_cd0,EURUSD
41,-6.3307,0.6855404331412676,0.6098,-0.1544,choch_short_rr1.0_sl0.8_h6_b0.1_cd0,GBPUSD
13,-9.1742,0.21469231230151595,0.3846,-0.7057,choch_short_rr1.0_sl0.8_h6_b0.1_cd0,USDJPY
10,0.9788,1.2704913502459516,0.5,0.0979,choch_short_rr1.0_sl0.8_h6_b0.1_cd10,XAUUSD
13,-5.0854,0.39238903160284366,0.5385,-0.3912,choch_short_rr1.0_sl0.8_h6_b0.1_cd10,EURUSD
10,-6.4093,0.24692155849038866,0.4,-0.6409,choch_short_rr1.0_sl0.8_h6_b0.1_cd10,USDJPY
22,-8.8252,0.3976589427703648,0.5,-0.4011,choch_short_rr1.0_sl0.8_h6_b0.1_cd10,GBPUSD
10,-1.0058,0.7855848557846042,0.4,-0.1006,choch_short_rr1.0_sl0.8_h6_b0.1_cd20,XAUUSD
12,-3.8209,0.46222378606615055,0.5833,-0.3184,choch_short_rr1.0_sl0.8_h6_b0.1_cd20,EURUSD
10,-6.4093,0.24692155849038866,0.4,-0.6409,choch_short_rr1.0_sl0.8_h6_b0.1_cd20,USDJPY
21,-9.5748,0.3464969457052179,0.4762,-0.4559,choch_short_rr1.0_sl0.8_h6_b0.1_cd20,GBPUSD
11,-0.0784,0.9832328157748408,0.4545,-0.0071,choch_short_rr1.0_sl0.8_h6_b0.1_cd5,XAUUSD
13,-3.0907,0.5649964813511611,0.6154,-0.2377,choch_short_rr1.0_sl0.8_h6_b0.1_cd5,EURUSD
10,-6.4093,0.24692155849038866,0.4,-0.6409,choch_short_rr1.0_sl0.8_h6_b0.1_cd5,USDJPY
25,-8.8947,0.4439318066730434,0.52,-0.3558,choch_short_rr1.0_sl0.8_h6_b0.1_cd5,GBPUSD
14,0.1405,1.0224940362786379,0.5,0.01,choch_short_rr1.0_sl0.8_h6_b0.2_cd0,XAUUSD
24,-4.141,0.6550086643561717,0.5833,-0.1725,choch_short_rr1.0_sl0.8_h6_b0.2_cd0,EURUSD
38,-4.5211,0.7443395159466184,0.6316,-0.119,choch_short_rr1.0_sl0.8_h6_b0.2_cd0,GBPUSD
11,-6.1235,0.2874348352262148,0.4545,-0.5567,choch_short_rr1.0_sl0.8_h6_b0.2_cd0,USDJPY
10,-1.4788,0.7141752676949245,0.4,-0.1479,choch_short_rr1.0_sl0.8_h6_b0.2_cd10,XAUUSD
9,-5.016,0.2914753866798503,0.4444,-0.5573,choch_short_rr1.0_sl0.8_h6_b0.2_cd10,USDJPY
13,-5.0854,0.39238903160284366,0.5385,-0.3912,choch_short_rr1.0_sl0.8_h6_b0.2_cd10,EURUSD
20,-6.0789,0.4896483981462825,0.55,-0.3039,choch_short_rr1.0_sl0.8_h6_b0.2_cd10,GBPUSD
10,-3.4634,0.4455099982389011,0.3,-0.3463,choch_short_rr1.0_sl0.8_h6_b0.2_cd20,XAUUSD
12,-3.8209,0.46222378606615055,0.5833,-0.3184,choch_short_rr1.0_sl0.8_h6_b0.2_cd20,EURUSD
9,-5.016,0.2914753866798503,0.4444,-0.5573,choch_short_rr1.0_sl0.8_h6_b0.2_cd20,USDJPY
19,-6.8084,0.4284035193767211,0.5263,-0.3583,choch_short_rr1.0_sl0.8_h6_b0.2_cd20,GBPUSD
10,-1.4788,0.7141752676949245,0.4,-0.1479,choch_short_rr1.0_sl0.8_h6_b0.2_cd5,XAUUSD
13,-3.0907,0.5649964813511611,0.6154,-0.2377,choch_short_rr1.0_sl0.8_h6_b0.2_cd5,EURUSD
9,-5.016,0.2914753866798503,0.4444,-0.5573,choch_short_rr1.0_sl0.8_h6_b0.2_cd5,USDJPY
23,-6.127,0.5375604748930132,0.5652,-0.2664,choch_short_rr1.0_sl0.8_h6_b0.2_cd5,GBPUSD
14,3.0198,1.5638794487806698,0.6429,0.2157,choch_short_rr1.0_sl1.0_h12_b0.1_cd0,XAUUSD
24,-2.8426,0.7737359908303616,0.5833,-0.1184,choch_short_rr1.0_sl1.0_h12_b0.1_cd0,EURUSD
40,-4.9375,0.7574496723421397,0.6,-0.1234,choch_short_rr1.0_sl1.0_h12_b0.1_cd0,GBPUSD
12,-6.4136,0.3236953381206964,0.4167,-0.5345,choch_short_rr1.0_sl1.0_h12_b0.1_cd0,USDJPY
10,3.3012,2.015160367784987,0.7,0.3301,choch_short_rr1.0_sl1.0_h12_b0.1_cd10,XAUUSD
13,-4.6104,0.469153713298791,0.4615,-0.3546,choch_short_rr1.0_sl1.0_h12_b0.1_cd10,EURUSD
10,-5.5276,0.30979197362834954,0.4,-0.5528,choch_short_rr1.0_sl1.0_h12_b0.1_cd10,USDJPY
22,-5.7617,0.5697526807849697,0.5455,-0.2619,choch_short_rr1.0_sl1.0_h12_b0.1_cd10,GBPUSD
9,2.4247,1.758050397048709,0.6667,0.2694,choch_short_rr1.0_sl1.0_h12_b0.1_cd20,XAUUSD
9,-4.1826,0.37232126778318025,0.4444,-0.4647,choch_short_rr1.0_sl1.0_h12_b0.1_cd20,USDJPY
12,-5.353,0.3803824428187795,0.4167,-0.4461,choch_short_rr1.0_sl1.0_h12_b0.1_cd20,EURUSD
21,-8.5986,0.4203373377017352,0.4762,-0.4095,choch_short_rr1.0_sl1.0_h12_b0.1_cd20,GBPUSD
11,2.2555,1.524827810871184,0.6364,0.205,choch_short_rr1.0_sl1.0_h12_b0.1_cd5,XAUUSD
13,-4.6575,0.4608875821835355,0.4615,-0.3583,choch_short_rr1.0_sl1.0_h12_b0.1_cd5,EURUSD
10,-5.5276,0.30979197362834954,0.4,-0.5528,choch_short_rr1.0_sl1.0_h12_b0.1_cd5,USDJPY
25,-5.8896,0.5984427520471265,0.56,-0.2356,choch_short_rr1.0_sl1.0_h12_b0.1_cd5,GBPUSD
13,4.1199,1.9681808568138555,0.6923,0.3169,choch_short_rr1.0_sl1.0_h12_b0.2_cd0,XAUUSD
38,-2.3412,0.8683528359921053,0.6316,-0.0616,choch_short_rr1.0_sl1.0_h12_b0.2_cd0,GBPUSD
24,-2.8345,0.7743807310239429,0.5833,-0.1181,choch_short_rr1.0_sl1.0_h12_b0.2_cd0,EURUSD
11,-7.099,0.2653040103492885,0.3636,-0.6454,choch_short_rr1.0_sl1.0_h12_b0.2_cd0,USDJPY
10,3.3556,2.049444878811572,0.7,0.3356,choch_short_rr1.0_sl1.0_h12_b0.2_cd10,XAUUSD
20,-3.1645,0.7069717481688629,0.6,-0.1582,choch_short_rr1.0_sl1.0_h12_b0.2_cd10,GBPUSD
12,-3.2823,0.5538474085552338,0.5,-0.2735,choch_short_rr1.0_sl1.0_h12_b0.2_cd10,EURUSD
9,-6.213,0.24118810913798583,0.3333,-0.6903,choch_short_rr1.0_sl1.0_h12_b0.2_cd10,USDJPY
9,2.4258,1.7586551993745116,0.6667,0.2695,choch_short_rr1.0_sl1.0_h12_b0.2_cd20,XAUUSD
19,-3.9481,0.6344114896335875,0.5789,-0.2078,choch_short_rr1.0_sl1.0_h12_b0.2_cd20,GBPUSD
12,-5.353,0.3803824428187795,0.4167,-0.4461,choch_short_rr1.0_sl1.0_h12_b0.2_cd20,EURUSD
9,-6.213,0.24118810913798583,0.3333,-0.6903,choch_short_rr1.0_sl1.0_h12_b0.2_cd20,USDJPY
10,3.3556,2.049444878811572,0.7,0.3356,choch_short_rr1.0_sl1.0_h12_b0.2_cd5,XAUUSD
23,-3.2754,0.7286284776881141,0.6087,-0.1424,choch_short_rr1.0_sl1.0_h12_b0.2_cd5,GBPUSD
13,-4.6575,0.4608875821835355,0.4615,-0.3583,choch_short_rr1.0_sl1.0_h12_b0.2_cd5,EURUSD
9,-6.213,0.24118810913798583,0.3333,-0.6903,choch_short_rr1.0_sl1.0_h12_b0.2_cd5,USDJPY
15,3.1944,1.736902812060255,0.6,0.213,choch_short_rr1.0_sl1.0_h6_b0.1_cd0,XAUUSD
24,-0.7551,0.9247548628826532,0.625,-0.0315,choch_short_rr1.0_sl1.0_h6_b0.1_cd0,EURUSD
40,-4.1062,0.7650350770780164,0.575,-0.1027,choch_short_rr1.0_sl1.0_h6_b0.1_cd0,GBPUSD
12,-4.3187,0.4154756104163283,0.4167,-0.3599,choch_short_rr1.0_sl1.0_h6_b0.1_cd0,USDJPY
10,2.5447,2.1404051268262076,0.6,0.2545,choch_short_rr1.0_sl1.0_h6_b0.1_cd10,XAUUSD
13,-3.6893,0.4933532917685188,0.5385,-0.2838,choch_short_rr1.0_sl1.0_h6_b0.1_cd10,EURUSD
10,-4.4817,0.35632728682838555,0.4,-0.4482,choch_short_rr1.0_sl1.0_h6_b0.1_cd10,USDJPY
22,-5.9853,0.4963691593110238,0.5,-0.2721,choch_short_rr1.0_sl1.0_h6_b0.1_cd10,GBPUSD
9,1.6149,1.7237160527023396,0.5556,0.1794,choch_short_rr1.0_sl1.0_h6_b0.1_cd20,XAUUSD
9,-3.1367,0.4416398170069601,0.4444,-0.3485,choch_short_rr1.0_sl1.0_h6_b0.1_cd20,USDJPY
12,-3.9653,0.45545057540717954,0.5,-0.3304,choch_short_rr1.0_sl1.0_h6_b0.1_cd20,EURUSD
21,-6.785,0.4290787004703685,0.4762,-0.3231,choch_short_rr1.0_sl1.0_h6_b0.1_cd20,GBPUSD
11,1.499,1.4574166183515913,0.5455,0.1363,choch_short_rr1.0_sl1.0_h6_b0.1_cd5,XAUUSD
13,-4.4301,0.42812330570831075,0.4615,-0.3408,choch_short_rr1.0_sl1.0_h6_b0.1_cd5,EURUSD
10,-4.4817,0.35632728682838555,0.4,-0.4482,choch_short_rr1.0_sl1.0_h6_b0.1_cd5,USDJPY
25,-7.0118,0.48186628044454954,0.48,-0.2805,choch_short_rr1.0_sl1.0_h6_b0.1_cd5,GBPUSD
14,2.5123,1.5092534409016276,0.5714,0.1795,choch_short_rr1.0_sl1.0_h6_b0.2_cd0,XAUUSD
24,-0.5579,0.9444056919642857,0.625,-0.0232,choch_short_rr1.0_sl1.0_h6_b0.2_cd0,EURUSD
38,-2.1032,0.8642781549263056,0.6053,-0.0553,choch_short_rr1.0_sl1.0_h6_b0.2_cd0,GBPUSD
11,-5.0041,0.338746762513875,0.3636,-0.4549,choch_short_rr1.0_sl1.0_h6_b0.2_cd0,USDJPY
10,0.8169,1.2107857050703135,0.5,0.0817,choch_short_rr1.0_sl1.0_h6_b0.2_cd10,XAUUSD
13,-3.6893,0.4933532917685188,0.5385,-0.2838,choch_short_rr1.0_sl1.0_h6_b0.2_cd10,EURUSD
20,-4.2349,0.5823075709156903,0.55,-0.2117,choch_short_rr1.0_sl1.0_h6_b0.2_cd10,GBPUSD
9,-5.1671,0.27650905221299654,0.3333,-0.5741,choch_short_rr1.0_sl1.0_h6_b0.2_cd10,USDJPY
9,-0.1129,0.9708682750612824,0.4444,-0.0125,choch_short_rr1.0_sl1.0_h6_b0.2_cd20,XAUUSD
12,-3.9653,0.45545057540717954,0.5,-0.3304,choch_short_rr1.0_sl1.0_h6_b0.2_cd20,EURUSD
19,-5.0185,0.5050203179863495,0.5263,-0.2641,choch_short_rr1.0_sl1.0_h6_b0.2_cd20,GBPUSD
9,-5.1671,0.27650905221299654,0.3333,-0.5741,choch_short_rr1.0_sl1.0_h6_b0.2_cd20,USDJPY
10,0.8169,1.2107857050703135,0.5,0.0817,choch_short_rr1.0_sl1.0_h6_b0.2_cd5,XAUUSD
13,-4.4301,0.42812330570831075,0.4615,-0.3408,choch_short_rr1.0_sl1.0_h6_b0.2_cd5,EURUSD
9,-5.1671,0.27650905221299654,0.3333,-0.5741,choch_short_rr1.0_sl1.0_h6_b0.2_cd5,USDJPY
23,-5.2444,0.5548992149374072,0.5217,-0.228,choch_short_rr1.0_sl1.0_h6_b0.2_cd5,GBPUSD
14,4.7703,1.7312373536084371,0.5714,0.3407,choch_short_rr1.5_sl0.8_h12_b0.1_cd0,XAUUSD
40,-1.6797,0.9330057473785812,0.55,-0.042,choch_short_rr1.5_sl0.8_h12_b0.1_cd0,GBPUSD
22,-2.7094,0.8187352815242989,0.5,-0.1232,choch_short_rr1.5_sl0.8_h12_b0.1_cd0,EURUSD
12,-12.5168,0.14711293421823685,0.1667,-1.0431,choch_short_rr1.5_sl0.8_h12_b0.1_cd0,USDJPY
10,4.1267,1.93914567260645,0.6,0.4127,choch_short_rr1.5_sl0.8_h12_b0.1_cd10,XAUUSD
13,-5.2058,0.5071898518483458,0.3846,-0.4004,choch_short_rr1.5_sl0.8_h12_b0.1_cd10,EURUSD
22,-6.7019,0.6061968222629625,0.4545,-0.3046,choch_short_rr1.5_sl0.8_h12_b0.1_cd10,GBPUSD
10,-9.4093,0.1866307063267723,0.2,-0.9409,choch_short_rr1.5_sl0.8_h12_b0.1_cd10,USDJPY
9,2.7051,1.6143207521460692,0.5556,0.3006,choch_short_rr1.5_sl0.8_h12_b0.1_cd20,XAUUSD
12,-3.9413,0.5761587267448114,0.4167,-0.3284,choch_short_rr1.5_sl0.8_h12_b0.1_cd20,EURUSD
21,-7.9515,0.5327704131998308,0.4286,-0.3786,choch_short_rr1.5_sl0.8_h12_b0.1_cd20,GBPUSD
10,-9.4093,0.1866307063267723,0.2,-0.9409,choch_short_rr1.5_sl0.8_h12_b0.1_cd20,USDJPY
11,3.0695,1.5630766973015613,0.5455,0.279,choch_short_rr1.5_sl0.8_h12_b0.1_cd5,XAUUSD
13,-5.2111,0.5069355082885475,0.3846,-0.4009,choch_short_rr1.5_sl0.8_h12_b0.1_cd5,EURUSD
25,-6.3618,0.6535457941685817,0.48,-0.2545,choch_short_rr1.5_sl0.8_h12_b0.1_cd5,GBPUSD
10,-9.4093,0.1866307063267723,0.2,-0.9409,choch_short_rr1.5_sl0.8_h12_b0.1_cd5,USDJPY
13,5.8953,2.0920053347164083,0.6154,0.4535,choch_short_rr1.5_sl0.8_h12_b0.2_cd0,XAUUSD
38,1.0656,1.0476642035390313,0.5789,0.028,choch_short_rr1.5_sl0.8_h12_b0.2_cd0,GBPUSD
22,-2.6992,0.8194176835795333,0.5,-0.1227,choch_short_rr1.5_sl0.8_h12_b0.2_cd0,EURUSD
11,-11.1235,0.1625447016751365,0.1818,-1.0112,choch_short_rr1.5_sl0.8_h12_b0.2_cd0,USDJPY
10,4.1945,1.9695351686198372,0.6,0.4195,choch_short_rr1.5_sl0.8_h12_b0.2_cd10,XAUUSD
20,-3.9556,0.7229603378600794,0.5,-0.1978,choch_short_rr1.5_sl0.8_h12_b0.2_cd10,GBPUSD
13,-5.2058,0.5071898518483458,0.3846,-0.4004,choch_short_rr1.5_sl0.8_h12_b0.2_cd10,EURUSD
9,-8.016,0.2121867321867322,0.2222,-0.8907,choch_short_rr1.5_sl0.8_h12_b0.2_cd10,USDJPY
9,2.7822,1.6430899382844464,0.5556,0.3091,choch_short_rr1.5_sl0.8_h12_b0.2_cd20,XAUUSD
12,-3.9413,0.5761587267448114,0.4167,-0.3284,choch_short_rr1.5_sl0.8_h12_b0.2_cd20,EURUSD
19,-5.1851,0.6368494407519207,0.4737,-0.2729,choch_short_rr1.5_sl0.8_h12_b0.2_cd20,GBPUSD
9,-8.016,0.2121867321867322,0.2222,-0.8907,choch_short_rr1.5_sl0.8_h12_b0.2_cd20,USDJPY
10,4.1945,1.9695351686198372,0.6,0.4195,choch_short_rr1.5_sl0.8_h12_b0.2_cd5,XAUUSD
23,-3.5941,0.7698479783814245,0.5217,-0.1563,choch_short_rr1.5_sl0.8_h12_b0.2_cd5,GBPUSD
13,-5.2111,0.5069355082885475,0.3846,-0.4009,choch_short_rr1.5_sl0.8_h12_b0.2_cd5,EURUSD
9,-8.016,0.2121867321867322,0.2222,-0.8907,choch_short_rr1.5_sl0.8_h12_b0.2_cd5,USDJPY
15,4.2386,1.7373914858822916,0.5333,0.2826,choch_short_rr1.5_sl0.8_h6_b0.1_cd0,XAUUSD
23,-1.209,0.9080706236598384,0.5652,-0.0526,choch_short_rr1.5_sl0.8_h6_b0.1_cd0,EURUSD
40,-1.7463,0.9222640165594604,0.55,-0.0437,choch_short_rr1.5_sl0.8_h6_b0.1_cd0,GBPUSD
12,-12.5168,0.14711293421823685,0.1667,-1.0431,choch_short_rr1.5_sl0.8_h6_b0.1_cd0,USDJPY
10,2.1811,1.6027469186978391,0.5,0.2181,choch_short_rr1.5_sl0.8_h6_b0.1_cd10,XAUUSD
13,-4.5854,0.540587115519487,0.4615,-0.3527,choch_short_rr1.5_sl0.8_h6_b0.1_cd10,EURUSD
22,-7.5278,0.5341073661018209,0.4545,-0.3422,choch_short_rr1.5_sl0.8_h6_b0.1_cd10,GBPUSD
10,-9.4093,0.1866307063267723,0.2,-0.9409,choch_short_rr1.5_sl0.8_h6_b0.1_cd10,USDJPY
9,0.7688,1.212457856629636,0.4444,0.0854,choch_short_rr1.5_sl0.8_h6_b0.1_cd20,XAUUSD
12,-3.3209,0.6190099237079103,0.5,-0.2767,choch_short_rr1.5_sl0.8_h6_b0.1_cd20,EURUSD
21,-8.7774,0.4567701048410056,0.4286,-0.418,choch_short_rr1.5_sl0.8_h6_b0.1_cd20,GBPUSD
10,-9.4093,0.1866307063267723,0.2,-0.9409,choch_short_rr1.5_sl0.8_h6_b0.1_cd20,USDJPY
11,1.1239,1.2403652850849054,0.4545,0.1022,choch_short_rr1.5_sl0.8_h6_b0.1_cd5,XAUUSD
13,-3.9019,0.5803280451734337,0.4615,-0.3001,choch_short_rr1.5_sl0.8_h6_b0.1_cd5,EURUSD
25,-8.311,0.5374683473857028,0.44,-0.3324,choch_short_rr1.5_sl0.8_h6_b0.1_cd5,GBPUSD
10,-9.4093,0.1866307063267723,0.2,-0.9409,choch_short_rr1.5_sl0.8_h6_b0.1_cd5,USDJPY
14,3.6359,1.5821072349145866,0.5,0.2597,choch_short_rr1.5_sl0.8_h6_b0.2_cd0,XAUUSD
38,1.3157,1.0677082529243151,0.5789,0.0346,choch_short_rr1.5_sl0.8_h6_b0.2_cd0,GBPUSD
23,-0.9624,0.9268214790820749,0.5652,-0.0418,choch_short_rr1.5_sl0.8_h6_b0.2_cd0,EURUSD
11,-11.1235,0.1625447016751365,0.1818,-1.0112,choch_short_rr1.5_sl0.8_h6_b0.2_cd0,USDJPY
10,0.5212,1.1007383354594302,0.4,0.0521,choch_short_rr1.5_sl0.8_h6_b0.2_cd10,XAUUSD
13,-4.5854,0.540587115519487,0.4615,-0.3527,choch_short_rr1.5_sl0.8_h6_b0.2_cd10,EURUSD
20,-4.7815,0.6436370411775665,0.5,-0.2391,choch_short_rr1.5_sl0.8_h6_b0.2_cd10,GBPUSD
9,-8.016,0.2121867321867322,0.2222,-0.8907,choch_short_rr1.5_sl0.8_h6_b0.2_cd10,USDJPY
9,-0.8911,0.8277668251575245,0.3333,-0.099,choch_short_rr1.5_sl0.8_h6_b0.2_cd20,XAUUSD
12,-3.3209,0.6190099237079103,0.5,-0.2767,choch_short_rr1.5_sl0.8_h6_b0.2_cd20,EURUSD
19,-6.011,0.552002981181293,0.4737,-0.3164,choch_short_rr1.5_sl0.8_h6_b0.2_cd20,GBPUSD
9,-8.016,0.2121867321867322,0.2222,-0.8907,choch_short_rr1.5_sl0.8_h6_b0.2_cd20,USDJPY
10,0.5212,1.1007383354594302,0.4,0.0521,choch_short_rr1.5_sl0.8_h6_b0.2_cd5,XAUUSD
13,-3.9019,0.5803280451734337,0.4615,-0.3001,choch_short_rr1.5_sl0.8_h6_b0.2_cd5,EURUSD
23,-5.5433,0.6358386819164241,0.4783,-0.241,choch_short_rr1.5_sl0.8_h6_b0.2_cd5,GBPUSD
9,-8.016,0.2121867321867322,0.2222,-0.8907,choch_short_rr1.5_sl0.8_h6_b0.2_cd5,USDJPY
14,6.4682,2.2077902677671135,0.6429,0.462,choch_short_rr1.5_sl1.0_h12_b0.1_cd0,XAUUSD
21,-2.2423,0.8332527719319119,0.4762,-0.1068,choch_short_rr1.5_sl1.0_h12_b0.1_cd0,EURUSD
36,-3.3253,0.8603583741721994,0.5,-0.0924,choch_short_rr1.5_sl1.0_h12_b0.1_cd0,GBPUSD
12,-11.1713,0.17239821015824094,0.1667,-0.9309,choch_short_rr1.5_sl1.0_h12_b0.1_cd0,USDJPY
10,3.2685,1.7584054574564354,0.6,0.3268,choch_short_rr1.5_sl1.0_h12_b0.1_cd10,XAUUSD
13,-1.6104,0.8145768566493955,0.4615,-0.1239,choch_short_rr1.5_sl1.0_h12_b0.1_cd10,EURUSD
22,-7.2778,0.5812133522841705,0.4091,-0.3308,choch_short_rr1.5_sl1.0_h12_b0.1_cd10,GBPUSD
10,-8.5276,0.21438639483357438,0.2,-0.8528,choch_short_rr1.5_sl1.0_h12_b0.1_cd10,USDJPY
9,4.3796,2.369224035515538,0.6667,0.4866,choch_short_rr1.5_sl1.0_h12_b0.1_cd20,XAUUSD
12,-2.853,0.6697610889897212,0.4167,-0.2378,choch_short_rr1.5_sl1.0_h12_b0.1_cd20,EURUSD
9,-7.1826,0.244708034953784,0.2222,-0.7981,choch_short_rr1.5_sl1.0_h12_b0.1_cd20,USDJPY
21,-8.5986,0.5062674054721369,0.381,-0.4095,choch_short_rr1.5_sl1.0_h12_b0.1_cd20,GBPUSD
11,4.7104,2.096053611317945,0.6364,0.4282,choch_short_rr1.5_sl1.0_h12_b0.1_cd5,XAUUSD
13,-2.1575,0.7502662283544772,0.4615,-0.166,choch_short_rr1.5_sl1.0_h12_b0.1_cd5,EURUSD
25,-6.8848,0.6308180687229205,0.44,-0.2754,choch_short_rr1.5_sl1.0_h12_b0.1_cd5,GBPUSD
10,-8.5276,0.21438639483357438,0.2,-0.8528,choch_short_rr1.5_sl1.0_h12_b0.1_cd5,USDJPY
13,7.5683,2.778558503513266,0.6923,0.5822,choch_short_rr1.5_sl1.0_h12_b0.2_cd0,XAUUSD
34,-0.7159,0.9662642313202141,0.5294,-0.0211,choch_short_rr1.5_sl1.0_h12_b0.2_cd0,GBPUSD
21,-2.2342,0.8338551233333086,0.4762,-0.1064,choch_short_rr1.5_sl1.0_h12_b0.2_cd0,EURUSD
11,-9.8567,0.19099952395804262,0.1818,-0.8961,choch_short_rr1.5_sl1.0_h12_b0.2_cd0,USDJPY
10,3.3229,1.780885013982563,0.6,0.3323,choch_short_rr1.5_sl1.0_h12_b0.2_cd10,XAUUSD
12,-0.2823,0.9616278595604126,0.5,-0.0235,choch_short_rr1.5_sl1.0_h12_b0.2_cd10,EURUSD
20,-4.6645,0.684532666035439,0.45,-0.2332,choch_short_rr1.5_sl1.0_h12_b0.2_cd10,GBPUSD
9,-7.213,0.2439282607100554,0.2222,-0.8014,choch_short_rr1.5_sl1.0_h12_b0.2_cd10,USDJPY
9,4.3807,2.370039093041439,0.6667,0.4867,choch_short_rr1.5_sl1.0_h12_b0.2_cd20,XAUUSD
12,-2.853,0.6697610889897212,0.4167,-0.2378,choch_short_rr1.5_sl1.0_h12_b0.2_cd20,EURUSD
19,-5.9481,0.5977208169890437,0.4211,-0.3131,choch_short_rr1.5_sl1.0_h12_b0.2_cd20,GBPUSD
9,-7.213,0.2439282607100554,0.2222,-0.8014,choch_short_rr1.5_sl1.0_h12_b0.2_cd20,USDJPY
10,5.8105,2.817200938232995,0.7,0.5811,choch_short_rr1.5_sl1.0_h12_b0.2_cd5,XAUUSD
13,-2.1575,0.7502662283544772,0.4615,-0.166,choch_short_rr1.5_sl1.0_h12_b0.2_cd5,EURUSD
23,-4.2754,0.7337277737987731,0.4783,-0.1859,choch_short_rr1.5_sl1.0_h12_b0.2_cd5,GBPUSD
9,-7.213,0.2439282607100554,0.2222,-0.8014,choch_short_rr1.5_sl1.0_h12_b0.2_cd5,USDJPY
15,6.4553,2.4891462317469837,0.6,0.4304,choch_short_rr1.5_sl1.0_h6_b0.1_cd0,XAUUSD
36,-0.6241,0.9670302966269578,0.5278,-0.0173,choch_short_rr1.5_sl1.0_h6_b0.1_cd0,GBPUSD
22,-1.0043,0.9060664446855476,0.5,-0.0456,choch_short_rr1.5_sl1.0_h6_b0.1_cd0,EURUSD
12,-8.2756,0.21948183009988018,0.1667,-0.6896,choch_short_rr1.5_sl1.0_h6_b0.1_cd0,USDJPY
10,4.3121,2.932463923993905,0.6,0.4312,choch_short_rr1.5_sl1.0_h6_b0.1_cd10,XAUUSD
13,-1.1893,0.8366749979400697,0.5385,-0.0915,choch_short_rr1.5_sl1.0_h6_b0.1_cd10,EURUSD
22,-6.815,0.5313703377709319,0.4091,-0.3098,choch_short_rr1.5_sl1.0_h6_b0.1_cd10,GBPUSD
10,-7.4817,0.23724614631759233,0.2,-0.7482,choch_short_rr1.5_sl1.0_h6_b0.1_cd10,USDJPY
9,2.8823,2.2917002778524695,0.5556,0.3203,choch_short_rr1.5_sl1.0_h6_b0.1_cd20,XAUUSD
12,-1.4653,0.7987722815787306,0.5,-0.1221,choch_short_rr1.5_sl1.0_h6_b0.1_cd20,EURUSD
9,-6.1367,0.2749474231432689,0.2222,-0.6819,choch_short_rr1.5_sl1.0_h6_b0.1_cd20,USDJPY
21,-8.1147,0.44199719441082624,0.381,-0.3864,choch_short_rr1.5_sl1.0_h6_b0.1_cd20,GBPUSD
11,3.2664,1.9967349180678038,0.5455,0.2969,choch_short_rr1.5_sl1.0_h6_b0.1_cd5,XAUUSD
13,-1.9301,0.750845532233496,0.4615,-0.1485,choch_short_rr1.5_sl1.0_h6_b0.1_cd5,EURUSD
25,-7.3367,0.5467283656964927,0.4,-0.2935,choch_short_rr1.5_sl1.0_h6_b0.1_cd5,GBPUSD
10,-7.4817,0.23724614631759233,0.2,-0.7482,choch_short_rr1.5_sl1.0_h6_b0.1_cd5,USDJPY
14,5.7732,2.1702511503456106,0.5714,0.4124,choch_short_rr1.5_sl1.0_h6_b0.2_cd0,XAUUSD
34,1.1385,1.0662534916201118,0.5588,0.0335,choch_short_rr1.5_sl1.0_h6_b0.2_cd0,GBPUSD
22,-0.8071,0.9245108309326948,0.5,-0.0367,choch_short_rr1.5_sl1.0_h6_b0.2_cd0,EURUSD
11,-6.961,0.25054639807926266,0.1818,-0.6328,choch_short_rr1.5_sl1.0_h6_b0.2_cd0,USDJPY
10,2.5843,1.666830086440459,0.5,0.2584,choch_short_rr1.5_sl1.0_h6_b0.2_cd10,XAUUSD
13,-1.1893,0.8366749979400697,0.5385,-0.0915,choch_short_rr1.5_sl1.0_h6_b0.2_cd10,EURUSD
20,-5.0646,0.6042322750041026,0.45,-0.2532,choch_short_rr1.5_sl1.0_h6_b0.2_cd10,GBPUSD
9,-6.1671,0.2739634103270467,0.2222,-0.6852,choch_short_rr1.5_sl1.0_h6_b0.2_cd10,USDJPY
9,1.1545,1.2978970455425107,0.4444,0.1283,choch_short_rr1.5_sl1.0_h6_b0.2_cd20,XAUUSD
12,-1.4653,0.7987722815787306,0.5,-0.1221,choch_short_rr1.5_sl1.0_h6_b0.2_cd20,EURUSD
9,-6.1671,0.2739634103270467,0.2222,-0.6852,choch_short_rr1.5_sl1.0_h6_b0.2_cd20,USDJPY
19,-6.3482,0.5039267322554682,0.4211,-0.3341,choch_short_rr1.5_sl1.0_h6_b0.2_cd20,GBPUSD
10,2.5843,1.666830086440459,0.5,0.2584,choch_short_rr1.5_sl1.0_h6_b0.2_cd5,XAUUSD
13,-1.9301,0.750845532233496,0.4615,-0.1485,choch_short_rr1.5_sl1.0_h6_b0.2_cd5,EURUSD
23,-5.5741,0.6139980333227152,0.4348,-0.2424,choch_short_rr1.5_sl1.0_h6_b0.2_cd5,GBPUSD
9,-6.1671,0.2739634103270467,0.2222,-0.6852,choch_short_rr1.5_sl1.0_h6_b0.2_cd5,USDJPY
13,5.4547,1.8361487522226991,0.5385,0.4196,choch_short_rr2.0_sl0.8_h12_b0.1_cd0,XAUUSD
21,0.1533,1.010235148019068,0.4762,0.0073,choch_short_rr2.0_sl0.8_h12_b0.1_cd0,EURUSD
34,-3.4756,0.8693353985428243,0.4412,-0.1022,choch_short_rr2.0_sl0.8_h12_b0.1_cd0,GBPUSD
12,-11.5168,0.21525232014609086,0.1667,-0.9597,choch_short_rr2.0_sl0.8_h12_b0.1_cd0,USDJPY
10,2.7106,1.4958656519830233,0.5,0.2711,choch_short_rr2.0_sl0.8_h12_b0.1_cd10,XAUUSD
13,-2.7058,0.7438538363231884,0.3846,-0.2081,choch_short_rr2.0_sl0.8_h12_b0.1_cd10,EURUSD
22,-7.7019,0.6099434810793292,0.3636,-0.3501,choch_short_rr2.0_sl0.8_h12_b0.1_cd10,GBPUSD
10,-8.4093,0.2730738310728456,0.2,-0.8409,choch_short_rr2.0_sl0.8_h12_b0.1_cd10,USDJPY
9,3.7736,1.8569741563337423,0.5556,0.4193,choch_short_rr2.0_sl0.8_h12_b0.1_cd20,XAUUSD
12,-1.4413,0.8450048392300248,0.4167,-0.1201,choch_short_rr2.0_sl0.8_h12_b0.1_cd20,EURUSD
10,-8.4093,0.2730738310728456,0.2,-0.8409,choch_short_rr2.0_sl0.8_h12_b0.1_cd20,USDJPY
21,-9.4515,0.5213363989952192,0.3333,-0.4501,choch_short_rr2.0_sl0.8_h12_b0.1_cd20,GBPUSD
11,4.638,1.8508062297066754,0.5455,0.4216,choch_short_rr2.0_sl0.8_h12_b0.1_cd5,XAUUSD
13,-2.7111,0.743480811445008,0.3846,-0.2085,choch_short_rr2.0_sl0.8_h12_b0.1_cd5,EURUSD
25,-6.8557,0.6748341135569184,0.4,-0.2742,choch_short_rr2.0_sl0.8_h12_b0.1_cd5,GBPUSD
10,-8.4093,0.2730738310728456,0.2,-0.8409,choch_short_rr2.0_sl0.8_h12_b0.1_cd5,USDJPY
12,6.5797,2.2187789426888456,0.5833,0.5483,choch_short_rr2.0_sl0.8_h12_b0.2_cd0,XAUUSD
21,0.1635,1.0109161559107478,0.4762,0.0078,choch_short_rr2.0_sl0.8_h12_b0.2_cd0,EURUSD
32,-0.714,0.9700743112690754,0.4688,-0.0223,choch_short_rr2.0_sl0.8_h12_b0.2_cd0,GBPUSD
11,-10.1235,0.2378317334839074,0.1818,-0.9203,choch_short_rr2.0_sl0.8_h12_b0.2_cd0,USDJPY
10,2.7784,1.5146519468010224,0.5,0.2778,choch_short_rr2.0_sl0.8_h12_b0.2_cd10,XAUUSD
13,-2.7058,0.7438538363231884,0.3846,-0.2081,choch_short_rr2.0_sl0.8_h12_b0.2_cd10,EURUSD
20,-4.9556,0.7085849705679994,0.4,-0.2478,choch_short_rr2.0_sl0.8_h12_b0.2_cd10,GBPUSD
9,-7.016,0.31046683046683043,0.2222,-0.7796,choch_short_rr2.0_sl0.8_h12_b0.2_cd10,USDJPY
9,3.8507,1.8900677253079998,0.5556,0.4279,choch_short_rr2.0_sl0.8_h12_b0.2_cd20,XAUUSD
12,-1.4413,0.8450048392300248,0.4167,-0.1201,choch_short_rr2.0_sl0.8_h12_b0.2_cd20,EURUSD
19,-6.6851,0.6068813840390938,0.3684,-0.3518,choch_short_rr2.0_sl0.8_h12_b0.2_cd20,GBPUSD
9,-7.016,0.31046683046683043,0.2222,-0.7796,choch_short_rr2.0_sl0.8_h12_b0.2_cd20,USDJPY
10,5.763,2.332085153595451,0.6,0.5763,choch_short_rr2.0_sl0.8_h12_b0.2_cd5,XAUUSD
13,-2.7111,0.743480811445008,0.3846,-0.2085,choch_short_rr2.0_sl0.8_h12_b0.2_cd5,EURUSD
23,-4.0941,0.7768080072396611,0.4348,-0.178,choch_short_rr2.0_sl0.8_h12_b0.2_cd5,GBPUSD
9,-7.016,0.31046683046683043,0.2222,-0.7796,choch_short_rr2.0_sl0.8_h12_b0.2_cd5,USDJPY
14,3.2038,1.5437634718851307,0.4286,0.2288,choch_short_rr2.0_sl0.8_h6_b0.1_cd0,XAUUSD
34,0.0194,1.0008928324880573,0.5,0.0006,choch_short_rr2.0_sl0.8_h6_b0.1_cd0,GBPUSD
22,-0.3011,0.9773355112118087,0.5,-0.0137,choch_short_rr2.0_sl0.8_h6_b0.1_cd0,EURUSD
12,-11.5168,0.21525232014609086,0.1667,-0.9597,choch_short_rr2.0_sl0.8_h6_b0.1_cd0,USDJPY
10,3.5632,1.9846902116840768,0.5,0.3563,choch_short_rr2.0_sl0.8_h6_b0.1_cd10,XAUUSD
13,-2.0854,0.7910630197375013,0.4615,-0.1604,choch_short_rr2.0_sl0.8_h6_b0.1_cd10,EURUSD
22,-7.0648,0.5957010907509357,0.4091,-0.3211,choch_short_rr2.0_sl0.8_h6_b0.1_cd10,GBPUSD
10,-8.4093,0.2730738310728456,0.2,-0.8409,choch_short_rr2.0_sl0.8_h6_b0.1_cd10,USDJPY
9,1.6509,1.4562261648151218,0.4444,0.1834,choch_short_rr2.0_sl0.8_h6_b0.1_cd20,XAUUSD
12,-0.8209,0.9058222910571904,0.5,-0.0684,choch_short_rr2.0_sl0.8_h6_b0.1_cd20,EURUSD
10,-8.4093,0.2730738310728456,0.2,-0.8409,choch_short_rr2.0_sl0.8_h6_b0.1_cd20,USDJPY
21,-8.8144,0.49557633539732865,0.381,-0.4197,choch_short_rr2.0_sl0.8_h6_b0.1_cd20,GBPUSD
11,2.506,1.5359510671970573,0.4545,0.2278,choch_short_rr2.0_sl0.8_h6_b0.1_cd5,XAUUSD
13,-1.4019,0.8492175315945147,0.4615,-0.1078,choch_short_rr2.0_sl0.8_h6_b0.1_cd5,EURUSD
25,-7.3419,0.6191723551258377,0.4,-0.2937,choch_short_rr2.0_sl0.8_h6_b0.1_cd5,GBPUSD
10,-8.4093,0.2730738310728456,0.2,-0.8409,choch_short_rr2.0_sl0.8_h6_b0.1_cd5,USDJPY
32,2.781,1.1464586087222133,0.5312,0.0869,choch_short_rr2.0_sl0.8_h6_b0.2_cd0,GBPUSD
13,2.6011,1.4070642733063115,0.3846,0.2001,choch_short_rr2.0_sl0.8_h6_b0.2_cd0,XAUUSD
22,-0.0545,0.9958976597842697,0.5,-0.0025,choch_short_rr2.0_sl0.8_h6_b0.2_cd0,EURUSD
11,-10.1235,0.2378317334839074,0.1818,-0.9203,choch_short_rr2.0_sl0.8_h6_b0.2_cd0,USDJPY
10,1.9033,1.367872743438092,0.4,0.1903,choch_short_rr2.0_sl0.8_h6_b0.2_cd10,XAUUSD
13,-2.0854,0.7910630197375013,0.4615,-0.1604,choch_short_rr2.0_sl0.8_h6_b0.2_cd10,EURUSD
20,-4.3185,0.7069004133325189,0.45,-0.2159,choch_short_rr2.0_sl0.8_h6_b0.2_cd10,GBPUSD
9,-7.016,0.31046683046683043,0.2222,-0.7796,choch_short_rr2.0_sl0.8_h6_b0.2_cd10,USDJPY
9,-0.009,0.9982604661950597,0.3333,-0.001,choch_short_rr2.0_sl0.8_h6_b0.2_cd20,XAUUSD
12,-0.8209,0.9058222910571904,0.5,-0.0684,choch_short_rr2.0_sl0.8_h6_b0.2_cd20,EURUSD
19,-6.048,0.5895180502107386,0.4211,-0.3183,choch_short_rr2.0_sl0.8_h6_b0.2_cd20,GBPUSD
9,-7.016,0.31046683046683043,0.2222,-0.7796,choch_short_rr2.0_sl0.8_h6_b0.2_cd20,USDJPY
10,1.9033,1.367872743438092,0.4,0.1903,choch_short_rr2.0_sl0.8_h6_b0.2_cd5,XAUUSD
13,-1.4019,0.8492175315945147,0.4615,-0.1078,choch_short_rr2.0_sl0.8_h6_b0.2_cd5,EURUSD
23,-4.5803,0.7230522719714606,0.4348,-0.1991,choch_short_rr2.0_sl0.8_h6_b0.2_cd5,GBPUSD
9,-7.016,0.31046683046683043,0.2222,-0.7796,choch_short_rr2.0_sl0.8_h6_b0.2_cd5,USDJPY
13,7.3419,2.371164441124288,0.6154,0.5648,choch_short_rr2.0_sl1.0_h12_b0.1_cd0,XAUUSD
18,-0.3867,0.965763309104109,0.4444,-0.0215,choch_short_rr2.0_sl1.0_h12_b0.1_cd0,EURUSD
34,-2.9694,0.8802994328190946,0.4118,-0.0873,choch_short_rr2.0_sl1.0_h12_b0.1_cd0,GBPUSD
12,-11.9724,0.12686061012697,0.0833,-0.9977,choch_short_rr2.0_sl1.0_h12_b0.1_cd0,USDJPY
10,4.5494,2.0556187205605956,0.6,0.4549,choch_short_rr2.0_sl1.0_h12_b0.1_cd10,XAUUSD
22,-4.7934,0.7278070220268821,0.3636,-0.2179,choch_short_rr2.0_sl1.0_h12_b0.1_cd10,GBPUSD
12,-4.9539,0.5049317943336831,0.25,-0.4128,choch_short_rr2.0_sl1.0_h12_b0.1_cd10,EURUSD
10,-9.3287,0.1571619594875409,0.1,-0.9329,choch_short_rr2.0_sl1.0_h12_b0.1_cd10,USDJPY
9,5.6605,2.7696804852122803,0.6667,0.6289,choch_short_rr2.0_sl1.0_h12_b0.1_cd20,XAUUSD
21,-4.5986,0.7359478625362464,0.381,-0.219,choch_short_rr2.0_sl1.0_h12_b0.1_cd20,GBPUSD
12,-5.0246,0.5013892747985552,0.25,-0.4187,choch_short_rr2.0_sl1.0_h12_b0.1_cd20,EURUSD
9,-7.9837,0.17890200756952443,0.1111,-0.8871,choch_short_rr2.0_sl1.0_h12_b0.1_cd20,USDJPY
11,6.4913,2.510447691734922,0.6364,0.5901,choch_short_rr2.0_sl1.0_h12_b0.1_cd5,XAUUSD
25,-3.9209,0.7923823946794315,0.4,-0.1568,choch_short_rr2.0_sl1.0_h12_b0.1_cd5,GBPUSD
13,-4.3291,0.5704064621124916,0.3077,-0.333,choch_short_rr2.0_sl1.0_h12_b0.1_cd5,EURUSD
10,-9.3287,0.1571619594875409,0.1,-0.9329,choch_short_rr2.0_sl1.0_h12_b0.1_cd5,USDJPY
12,8.442,2.9842986084994356,0.6667,0.7035,choch_short_rr2.0_sl1.0_h12_b0.2_cd0,XAUUSD
18,-0.3786,0.9664804469273742,0.4444,-0.021,choch_short_rr2.0_sl1.0_h12_b0.2_cd0,EURUSD
31,-2.0381,0.9081676331571572,0.4194,-0.0657,choch_short_rr2.0_sl1.0_h12_b0.2_cd0,GBPUSD
11,-10.6578,0.14031281004734902,0.0909,-0.9689,choch_short_rr2.0_sl1.0_h12_b0.2_cd0,USDJPY
10,4.6038,2.081897868540408,0.6,0.4604,choch_short_rr2.0_sl1.0_h12_b0.2_cd10,XAUUSD
20,-2.1801,0.8548341989612465,0.4,-0.109,choch_short_rr2.0_sl1.0_h12_b0.2_cd10,GBPUSD
12,-4.9539,0.5049317943336831,0.25,-0.4128,choch_short_rr2.0_sl1.0_h12_b0.2_cd10,EURUSD
9,-8.0141,0.178344406167979,0.1111,-0.8905,choch_short_rr2.0_sl1.0_h12_b0.2_cd10,USDJPY
9,5.6616,2.770633307271306,0.6667,0.6291,choch_short_rr2.0_sl1.0_h12_b0.2_cd20,XAUUSD
19,-1.9481,0.8682469903963208,0.4211,-0.1025,choch_short_rr2.0_sl1.0_h12_b0.2_cd20,GBPUSD
12,-5.0246,0.5013892747985552,0.25,-0.4187,choch_short_rr2.0_sl1.0_h12_b0.2_cd20,EURUSD
9,-8.0141,0.178344406167979,0.1111,-0.8905,choch_short_rr2.0_sl1.0_h12_b0.2_cd20,USDJPY
10,7.5914,3.3741673182173577,0.7,0.7591,choch_short_rr2.0_sl1.0_h12_b0.2_cd5,XAUUSD
22,-0.0205,0.9986349713676921,0.4545,-0.0009,choch_short_rr2.0_sl1.0_h12_b0.2_cd5,GBPUSD
13,-4.3291,0.5704064621124916,0.3077,-0.333,choch_short_rr2.0_sl1.0_h12_b0.2_cd5,EURUSD
9,-8.0141,0.178344406167979,0.1111,-0.8905,choch_short_rr2.0_sl1.0_h12_b0.2_cd5,USDJPY
14,6.4286,2.483294877711122,0.5714,0.4592,choch_short_rr2.0_sl1.0_h6_b0.1_cd0,XAUUSD
20,0.7347,1.0813720386758077,0.55,0.0367,choch_short_rr2.0_sl1.0_h6_b0.1_cd0,EURUSD
34,-4.6101,0.7939463557007683,0.4118,-0.1356,choch_short_rr2.0_sl1.0_h6_b0.1_cd0,GBPUSD
12,-9.0334,0.16146998486944092,0.0833,-0.7528,choch_short_rr2.0_sl1.0_h6_b0.1_cd0,USDJPY
10,5.8121,3.604687640046608,0.6,0.5812,choch_short_rr2.0_sl1.0_h6_b0.1_cd10,XAUUSD
13,-2.0096,0.7335242793115336,0.4615,-0.1546,choch_short_rr2.0_sl1.0_h6_b0.1_cd10,EURUSD
22,-5.0794,0.6507179007591594,0.4091,-0.2309,choch_short_rr2.0_sl1.0_h6_b0.1_cd10,GBPUSD
10,-8.2395,0.1743160637338411,0.1,-0.8239,choch_short_rr2.0_sl1.0_h6_b0.1_cd10,USDJPY
9,3.8823,2.7398494218876044,0.5556,0.4314,choch_short_rr2.0_sl1.0_h6_b0.1_cd20,XAUUSD
12,-2.2856,0.6969263001564696,0.4167,-0.1905,choch_short_rr2.0_sl1.0_h6_b0.1_cd20,EURUSD
21,-5.6147,0.6139082957421058,0.381,-0.2674,choch_short_rr2.0_sl1.0_h6_b0.1_cd20,GBPUSD
9,-6.8945,0.20147092888580032,0.1111,-0.7661,choch_short_rr2.0_sl1.0_h6_b0.1_cd20,USDJPY
11,4.7664,2.454456684263526,0.5455,0.4333,choch_short_rr2.0_sl1.0_h6_b0.1_cd5,XAUUSD
13,-2.7504,0.6564662386650346,0.3846,-0.2116,choch_short_rr2.0_sl1.0_h6_b0.1_cd5,EURUSD
25,-5.1011,0.6848468747876265,0.4,-0.204,choch_short_rr2.0_sl1.0_h6_b0.1_cd5,GBPUSD
10,-8.2395,0.1743160637338411,0.1,-0.8239,choch_short_rr2.0_sl1.0_h6_b0.1_cd5,USDJPY
13,5.7465,2.165051496229016,0.5385,0.442,choch_short_rr2.0_sl1.0_h6_b0.2_cd0,XAUUSD
20,0.9319,1.1032130159820135,0.55,0.0466,choch_short_rr2.0_sl1.0_h6_b0.2_cd0,EURUSD
31,-4.1391,0.7931815002098614,0.4194,-0.1335,choch_short_rr2.0_sl1.0_h6_b0.2_cd0,GBPUSD
11,-7.7188,0.18391254242305702,0.0909,-0.7017,choch_short_rr2.0_sl1.0_h6_b0.2_cd0,USDJPY
10,4.0843,2.053876919107212,0.5,0.4084,choch_short_rr2.0_sl1.0_h6_b0.2_cd10,XAUUSD
13,-2.0096,0.7335242793115336,0.4615,-0.1546,choch_short_rr2.0_sl1.0_h6_b0.2_cd10,EURUSD
20,-3.5201,0.7249255679109785,0.45,-0.176,choch_short_rr2.0_sl1.0_h6_b0.2_cd10,GBPUSD
9,-6.9249,0.20076404598125663,0.1111,-0.7694,choch_short_rr2.0_sl1.0_h6_b0.2_cd10,USDJPY
9,2.1545,1.5559282673203458,0.4444,0.2394,choch_short_rr2.0_sl1.0_h6_b0.2_cd20,XAUUSD
12,-2.2856,0.6969263001564696,0.4167,-0.1905,choch_short_rr2.0_sl1.0_h6_b0.2_cd20,EURUSD
19,-3.8482,0.6992865459603499,0.4211,-0.2025,choch_short_rr2.0_sl1.0_h6_b0.2_cd20,GBPUSD
9,-6.9249,0.20076404598125663,0.1111,-0.7694,choch_short_rr2.0_sl1.0_h6_b0.2_cd20,USDJPY
10,4.0843,2.053876919107212,0.5,0.4084,choch_short_rr2.0_sl1.0_h6_b0.2_cd5,XAUUSD
22,-2.2591,0.8284675135344455,0.4545,-0.1027,choch_short_rr2.0_sl1.0_h6_b0.2_cd5,GBPUSD
13,-2.7504,0.6564662386650346,0.3846,-0.2116,choch_short_rr2.0_sl1.0_h6_b0.2_cd5,EURUSD
9,-6.9249,0.20076404598125663,0.1111,-0.7694,choch_short_rr2.0_sl1.0_h6_b0.2_cd5,USDJPY
