event,horizon_h,group,regime,sign,n,n_weeks,raw_bps,raw_t,raw_median,hit,xs_bps,xs_t,btc_bps,btc_t,mfe_atr,mae_atr,move_atr,cost_bps,mfe_mae,excess_over_ALL
IMPULSE_UP,6,major,all,1,1959,132,-1.445476825099444,-0.11091949841239525,-17.914714813232422,0.46809596733027053,-5.272069956280097,-0.9547843320367554,-10.447867077484826,-1.0429512627506659,1.5282501199921037,1.4666258498519278,0.03132065177530737,17.0,1.042017717161059,-5.4183983623914855
IMPULSE_UP,6,major,bull,1,969,63,4.606640536118956,0.26429028624954126,-22.97654914855957,0.46439628482972134,1.8639835346378655,0.2101505927492637,3.6960422658083734,0.24424308857906507,1.6213196206319158,1.5997403032705582,0.0401768752013733,17.0,1.0134892627992433,-15.360824672249556
IMPULSE_UP,6,major,bear,1,137,17,14.328727112199267,0.36664761526141154,9.221354484558105,0.5401459854014599,-18.20540207232872,-1.2140223222660462,-22.4376480046415,-0.947039826317416,1.14315597369304,1.026953917332578,0.07468552626286992,17.0,1.1131521623309901,-3.965076200740132
IMPULSE_UP,6,major,flat,1,853,94,-10.854114178476411,-0.49480752933117117,-18.95076560974121,0.46072684642438455,-11.301342327676164,-1.523850624546236,-24.58954136427339,-1.5901616469103121,1.4843738619885793,1.3860246181901434,0.014295249307952215,17.0,1.0709577900043792,-3.156859761847315
IMPULSE_UP,6,alt,all,1,4382,137,9.486808789219827,0.6113834843314261,-1.0002158880233765,0.478776814240073,6.285940689870017,1.1462973251158277,0.4992357219417636,0.0439140544478446,1.781327906630235,1.50683712422426,0.093179494441433,17.0,1.1821635384430063,6.356873354148627
IMPULSE_UP,6,alt,bull,1,1780,68,23.362125898412103,1.0339838050924273,1.2969085574150085,0.5078651685393258,11.207433683232646,1.1440479197573599,14.830812806167295,0.8413969503010906,1.7421558042162437,1.5986677819535753,0.13488752186959657,17.0,1.0897547469727111,8.238109451269047
IMPULSE_UP,6,alt,bear,1,319,24,-15.456317158888874,-0.4325206667490531,-13.04941177368164,0.4608150470219436,-21.08237863857544,-1.1835109074041716,-34.08232550598611,-2.207799231819703,1.4444617132960502,1.3063097376418031,-0.0019502829771454366,17.0,1.1057574414959532,-41.145723391561134
IMPULSE_UP,6,alt,flat,1,2283,103,2.1538226845699917,0.09139992811936985,-4.000271797180176,0.45860709592641263,6.272903606027978,0.8050912843082634,-5.8427218681644355,-0.3399017538144202,1.8589392329423284,1.4632583531167798,0.07395308628304292,17.0,1.2704108122688913,8.13026597410873
IMPULSE_UP,6,both,all,1,6341,137,6.1093687137662,0.42891547316467665,-2.999755382537842,0.4754770540924144,2.715187992218531,0.6090129441307951,-2.8827820014578087,-0.27930376648522903,1.703141597842331,1.4944141804464017,0.07406871179154495,17.0,1.139671732326295,2.7228098075918856
IMPULSE_UP,6,both,bull,1,2749,68,16.75097081799666,0.8638156638786123,0.0,0.4925427428155693,7.913943980072099,1.0950151995461836,10.905897326499126,0.7166478477506112,1.6995620385220953,1.5990458369394454,0.10150279410622502,17.0,1.0628601127376291,0.051575442377828296
IMPULSE_UP,6,both,bear,1,456,25,-6.507740261654059,-0.18538551223618868,-1.4988835752010345,0.48464912280701755,-20.218023836874124,-1.360839469514926,-30.583814940889155,-2.091162809641893,1.3539378397749706,1.2223804670664435,0.021074071991894205,17.0,1.1076239160007586,-29.798810358329202
IMPULSE_UP,6,both,flat,1,3136,104,-1.3843693256910359,-0.06219881722964852,-8.029285907745361,0.45918367346938777,1.4926638798004168,0.23919185466994863,-10.941904594625194,-0.687987851145737,1.7570564965190034,1.4422505801919008,0.05772600243745861,17.0,1.2182740784789392,5.0922254708790184
IMPULSE_UP,24,major,all,1,1959,132,34.056323594436044,1.2442191355064725,-14.378031730651855,0.48392036753445633,20.430625441945775,2.0895878276998743,17.888767958569733,0.9237265818498442,3.0401040088656472,2.680685119397386,0.26155356066361757,19.0,1.1340772502027607,32.192052063402045
IMPULSE_UP,24,major,bull,1,969,63,74.29771712148644,1.7004752571127097,-12.065295219421387,0.49019607843137253,28.767118388162185,1.876810388518529,55.95696711472559,1.6878874166761364,3.320908771198222,2.853790411863999,0.4561079641043144,19.0,1.1636834847409545,39.28605577347934
IMPULSE_UP,24,major,bear,1,137,17,10.72357531359596,0.14745909159542261,28.653779983520508,0.5547445255474452,-14.3676176071167,-0.7479831697413037,-22.911779459375534,-0.5107769960227476,2.1626404882923413,2.137166198782387,-0.11691843421811408,19.0,1.0119196576871128,-44.087817722803834
IMPULSE_UP,24,major,flat,1,853,94,-7.910058367154523,-0.22564112971841926,-32.57986831665039,0.4654161781946073,16.549379993924504,1.1898768172152367,-18.803389117698178,-0.8573731624141231,2.8620415090043085,2.571333494220491,0.10132782369381907,19.0,1.1130572970939916,18.24143011623671
IMPULSE_UP,24,alt,all,1,4382,137,16.97435284124722,0.5339297668153099,-10.002487659454346,0.46348699224098583,10.365407631953984,1.092606641483465,3.156356212579731,0.1427824980726041,3.2835699750756064,2.7066488168163585,0.15934923840135742,19.0,1.21314961685271,23.71975228315486
IMPULSE_UP,24,alt,bull,1,1780,68,70.00635018573048,1.217500132793162,-1.9999357461929321,0.4859550561797753,10.454161676220345,0.6090924512241193,42.73134770383326,0.9627772622548928,3.429133825999769,2.7817289525804814,0.4259300899664531,19.0,1.2327347072469874,54.95892124007982
IMPULSE_UP,24,alt,bear,1,319,24,-27.452424038166537,-0.6276261805058156,-18.50946044921875,0.4670846394984326,0.6190001671217078,0.02471048861062121,-11.63913828209276,-0.44660916247137045,2.5175636754261728,2.8185898095105744,-0.45512102632452894,19.0,0.8931997365957013,-78.04749128079395
IMPULSE_UP,24,alt,flat,1,2283,103,-18.165731893158043,-0.5134401198677759,-22.099576950073242,0.4454664914586071,11.658058434620376,0.8995770308050995,-25.631958334345697,-1.1839496820118198,3.277110209391489,2.6324693081305965,0.0373615461813344,19.0,1.2448806902590912,7.423541365458334
IMPULSE_UP,24,both,all,1,6341,137,22.251687757742552,0.7634772313871635,-11.982942581176758,0.469799716133102,13.474974212899248,1.8919545348231537,7.7078141230661545,0.39164876745517985,3.2083531594620895,2.698627545211917,0.1909244264334924,19.0,1.18888327704005,26.376114393205054
IMPULSE_UP,24,both,bull,1,2749,68,71.5190219066281,1.4350921173577906,-2.999755382537842,0.48744998181156785,16.909329029393007,1.4536598021725295,47.39327029719618,1.276873376369279,3.3909853799820535,2.807130027169688,0.43656754360035177,19.0,1.2079901348214506,49.9780317403756
IMPULSE_UP,24,both,bear,1,456,25,-15.98288037327298,-0.3059824803135856,-2.4977588057518005,0.4934210526315789,-3.8835582431209716,-0.21770596898544287,-15.025874776144823,-0.5587891126236083,2.4109310512214908,2.613863856287413,-0.3535119142223823,19.0,0.922362901733468,-67.9452690665099
IMPULSE_UP,24,both,flat,1,3136,104,-15.376162531652621,-0.45252791304032214,-22.555675506591797,0.45089285714285715,12.988510376612219,1.276207862698768,-23.774570087598143,-1.1975068245859377,3.16421046403745,2.6158402107883383,0.05476053684400956,19.0,1.2096344612287495,10.376517847896633
IMPULSE_UP,72,major,all,1,1959,132,103.03536395499631,1.8697569002676873,32.68022155761719,0.520163348647269,29.825565625037267,1.3718560891293816,37.58215701044549,0.920127017412883,5.150098104843449,4.378244463483886,0.667596579582063,25.0,1.1762929520717942,98.3593283681817
IMPULSE_UP,72,major,bull,1,969,63,237.72991108451464,2.8443684412434584,92.40478515625,0.5521155830753354,45.71978546517552,1.3044194372643898,149.06855852685106,2.3263719271377084,5.8261384424071405,4.340887020490485,1.5212834483418263,25.0,1.3421538996305953,140.56281961362214
IMPULSE_UP,72,major,bear,1,137,17,29.5046376694728,0.16009009057449614,72.0367660522461,0.5547445255474452,1.7469260100900692,0.03289590552690393,-52.82973514856213,-0.43816512022443294,3.7354785592348225,4.241967250933465,-0.026958048210557195,25.0,0.880600518170623,-66.16283837412429
IMPULSE_UP,72,major,flat,1,853,94,-38.16663682740291,-0.6085695278648708,-52.221641540527344,0.4783118405627198,16.279580398957307,0.6621493636185475,-74.54433049672095,-1.6391224621321823,4.609324119672483,4.442569598747678,-0.19063154681960393,25.0,1.0375356012366832,25.98833166304506
IMPULSE_UP,72,alt,all,1,4382,137,51.69151125734715,0.8278066083284136,-1.0002158880233765,0.4897307165677773,22.582402237851234,1.1789908559628823,-8.954853730260075,-0.17790701869362033,5.5713459049500065,4.82783119724116,0.39187121153075677,25.0,1.1540059453888372,70.97862293935115
IMPULSE_UP,72,alt,bull,1,1780,68,168.38181992652042,1.4888393908274216,9.698330879211426,0.5168539325842697,26.07775919055671,0.7071309668936785,82.2186159482163,0.8287998567839461,6.062208810299406,4.5428492921688655,1.03229151412611,25.0,1.334450786370939,134.39881315555454
IMPULSE_UP,72,alt,bear,1,319,24,26.029372634185144,0.16474468913440357,57.940391540527344,0.5391849529780565,27.547034888431945,0.5447886392118315,-44.05280147768487,-0.4127902555031444,4.525812466700632,8.471762749684254,-0.11772798248582067,25.0,0.5342232307991994,-39.84373819443699
IMPULSE_UP,72,alt,flat,1,2283,103,-35.70337582558746,-0.5309364241997406,-24.854408264160156,0.46167323696890056,19.163456468534115,0.8625322910392527,-75.13642652757038,-1.5755143571906995,5.33472268781449,4.5408638848448994,-0.036243547877233044,25.0,1.174825500852181,21.915559222327587
IMPULSE_UP,72,both,all,1,6341,137,67.55377390278079,1.1820276935407348,0.0,0.49913262892288285,24.82011822515567,1.6937613490893837,5.422374473657636,0.12083938370424943,5.441204848269869,4.688935059182416,0.47705430505110186,25.0,1.1604351051128916,79.5459776207288
IMPULSE_UP,72,both,bull,1,2749,68,192.8264544598403,2.00975552965461,41.14377212524414,0.5292833757730083,33.0014126864118,1.286361405410806,105.78267355414468,1.3065955416050852,5.978995937804824,4.471659244421922,1.2046571686386707,25.0,1.3370866631358815,138.2922081572089
IMPULSE_UP,72,both,bear,1,456,25,27.073476383822005,0.16742198937939398,59.52179527282715,0.543859649122807,19.795686387702037,0.46604341195879506,-46.68973111125984,-0.44931239111438337,4.288365656782177,7.200968926594655,-0.09045719082855946,25.0,0.5955261993902464,-48.4617138614099
IMPULSE_UP,72,both,flat,1,3136,104,-36.37338910191035,-0.580265444988708,-30.244086265563965,0.46619897959183676,18.379034820782515,1.0843623639080981,-74.97537489673027,-1.7452092374901798,5.137412426773313,4.514127588275725,-0.07823747743649397,25.0,1.1380742627028106,23.145235531239628
IMPULSE_DN,6,major,all,-1,2070,133,-15.955032458210336,-0.9527126512144124,-36.63436508178711,0.4294685990338164,1.1449807923071194,0.2666172754382433,-11.87328960188273,-1.1309523932259786,1.6542187839737539,1.2362807491126204,-0.03791661711309962,17.0,1.3380607804183005,-19.927953995502378
IMPULSE_DN,6,major,bull,-1,808,54,-48.15224709236386,-2.6095514615990214,-53.95136833190918,0.400990099009901,-4.361509731094731,-0.5900497617413504,-32.14141154627657,-2.3454197260342884,1.180105352023989,1.1876208738555551,-0.22199429987324543,17.0,0.993671783649973,-68.11971230073237
IMPULSE_DN,6,major,bear,-1,239,25,-14.847916924180346,-0.2667031243535757,-32.52100372314453,0.4560669456066946,8.1451105188781,0.5584402998705779,-18.719375491391666,-0.6081273319442151,1.6343931450149427,1.4642485606485012,-0.07217807232000552,17.0,1.1161992498671716,-33.14172023711974
IMPULSE_DN,6,major,flat,-1,1023,95,9.2167650117436,0.35191912138701703,-22.17574119567871,0.44574780058651026,3.8587768218850576,0.6613508049631776,5.734586310788683,0.3597293469314361,2.03332140442983,1.2214546222803944,0.1154785495190102,17.0,1.66467207814378,16.914019428372697
IMPULSE_DN,6,alt,all,-1,4527,137,-20.600472112457194,-1.246204848369406,-17.982038497924805,0.4351667771150873,-0.43055630227423725,-0.11113537199336398,-14.735006185956193,-1.3501408253605598,1.4899290631487276,1.2602174289453527,-0.07189667939118934,17.0,1.1822793661849411,-23.730407547528394
IMPULSE_DN,6,alt,bull,-1,1616,63,-60.13456998016722,-3.4238763977060342,-44.37776184082031,0.38551980198019803,-7.465529734526973,-1.2550358420486316,-38.4081854688195,-3.2172068311398934,1.1382893003419217,1.2746142088821968,-0.28260252651219586,17.0,0.8930461408712613,-75.25858642731028
IMPULSE_DN,6,alt,bear,-1,423,29,-8.333926519321775,-0.11588680123606139,-40.3590087890625,0.42789598108747046,2.155540684330548,0.172752639459288,-21.946832894222112,-0.6445749603060167,1.7359819758699773,1.488400167898722,0.017406588870283297,17.0,1.1663408895745986,-34.02333275199403
IMPULSE_DN,6,alt,flat,-1,2488,105,2.9921136465151212,0.12224313837293099,-3.2920185327529907,0.46864951768488744,3.6991052898425623,0.6433262891829883,1.867268901947179,0.10910558525283302,1.6764923568041574,1.212071731616086,0.04977750327478483,17.0,1.3831626570226563,8.968556936053858
IMPULSE_DN,6,both,all,-1,6597,137,-19.142830747550267,-1.223118912692044,-24.450902938842773,0.43337880854934063,0.06381413668034942,0.020377151079427596,-13.837059645251014,-1.3939828122459803,1.5414797258905504,1.2527066017127082,-0.06123444975413526,17.0,1.230519360066459,-22.529389653724582
IMPULSE_DN,6,both,bull,-1,2424,63,-56.14046235089943,-3.4488992252170285,-47.30937385559082,0.39067656765676567,-6.430856400049559,-1.20258023609093,-36.31926082797185,-3.196025929093731,1.1522279842359442,1.2456164305399828,-0.2623997842992124,17.0,0.9250263210934412,-72.83985772651826
IMPULSE_DN,6,both,bear,-1,662,29,-10.685654173039598,-0.16653227319568223,-34.97615623474121,0.4380664652567976,4.317938252996507,0.505490507670865,-20.781633016160967,-0.678241372737201,1.6993056456972377,1.479680780991165,-0.014935909656120077,17.0,1.1484271928969416,-33.97672426971474
IMPULSE_DN,6,both,flat,-1,3511,109,4.805790190698754,0.19501953692665716,-8.59129810333252,0.46197664483053263,3.7456287809503586,0.8214120528321674,2.994089098257307,0.18775931585652056,1.7804616292966278,1.2148056242818759,0.06892081580906069,17.0,1.4656349902472139,11.28238498726881
IMPULSE_DN,24,major,all,-1,2070,133,-52.03814919291487,-1.4954928032808423,-55.06406784057617,0.4386473429951691,-6.45666074708896,-0.6788014491309444,-25.375001116723254,-1.0432413113828027,3.1130469080250935,2.4148872365992684,-0.08090828368832624,19.0,1.2891065308742942,-53.90242072394887
IMPULSE_DN,24,major,bull,-1,808,54,-122.75543260773514,-2.1614364938512747,-97.65702056884766,0.4158415841584158,-20.311535948131343,-1.0564683108487523,-74.32905299478385,-1.7979541828106267,2.5314728792349546,2.5280194999635213,-0.4480611938896228,19.0,1.0013660413899035,-157.76709395574224
IMPULSE_DN,24,major,bear,-1,239,25,-92.39258299013561,-1.0620214300901094,-127.86309051513672,0.37656903765690375,24.69270386755716,0.8251160324501984,-69.23251135279445,-1.2606153731951988,3.364468120126525,2.759294341238422,-0.329588773588496,19.0,1.2193219367153452,-147.2039760265354
IMPULSE_DN,24,major,flat,-1,1023,95,13.244621752061219,0.25902167679558785,-20.13323974609375,0.47116324535679377,-2.7909315002250064,-0.2813357652468441,23.536845280045057,0.6581604065112528,3.5136550659627184,2.2450688917243182,0.26717987714137864,19.0,1.5650544528564851,39.396110235452454
IMPULSE_DN,24,alt,all,-1,4527,137,-44.80785125820532,-1.384792132993604,-19.363479614257812,0.4515131433620499,-0.5645410771709432,-0.06970882360499106,-11.609697368962891,-0.47433989077509014,3.0718134609046395,2.436599837249644,-0.027398604950405178,19.0,1.2606967356494632,-38.06245181629768
IMPULSE_DN,24,alt,bull,-1,1616,63,-92.16959565265638,-1.7189980693473679,-19.30635929107666,0.4467821782178218,-13.14732235173999,-0.927310556646489,-44.63913027101224,-1.1962147114801174,2.5177582902484734,2.5145668005409547,-0.31453784368918214,19.0,1.0012692006061767,-107.21702459830705
IMPULSE_DN,24,alt,bear,-1,423,29,-141.1253906403873,-1.016493194025878,-148.76031494140625,0.36879432624113473,25.975663767665203,1.150320050781816,-80.96023288827134,-0.7879032202630996,5.0571290259728405,2.813140385073757,0.5033616656089368,19.0,1.7976810019170972,-191.72045788301472
IMPULSE_DN,24,alt,flat,-1,2488,105,2.3299695215759937,0.05191862440900266,-5.679896354675293,0.46864951768488744,3.0959363707140617,0.3361563847720612,21.634209421382458,0.5919974427031418,3.0941465283308918,2.3219409689183097,0.068865629517144,19.0,1.3325689885097804,27.91924278019237
IMPULSE_DN,24,both,all,-1,6597,137,-47.07656684481268,-1.4790771496321218,-33.40143585205078,0.44747612551159616,-2.4133644388096114,-0.4082902073573544,-15.928960482175556,-0.6882767150660151,3.084751650314878,2.4297868793375206,-0.0441888179241048,19.0,1.2695564687368521,-42.952140209350176
IMPULSE_DN,24,both,bull,-1,2424,63,-102.36487463768265,-1.9849933533291861,-45.17587661743164,0.43646864686468645,-15.535393550537108,-1.4553609308934394,-54.53577117893611,-1.5111427832788924,2.522329819910634,2.5190510336818104,-0.359045627089329,19.0,1.0013015957934093,-123.90586480393515
IMPULSE_DN,24,both,bear,-1,662,29,-123.53152201741123,-1.0337488979686238,-133.2944107055664,0.3716012084592145,25.512480359620152,1.7726445783301585,-76.7262065333182,-0.9097183183121678,4.446032414949775,2.793700499157375,0.2026439088594103,19.0,1.5914491966088598,-175.49391071064815
IMPULSE_DN,24,both,flat,-1,3511,109,5.510171524363344,0.11565880430125283,-10.272948265075684,0.46938194246653375,1.3806797965270303,0.18364189727127367,22.18858039358748,0.6124705127023952,3.2163787225767932,2.299542753318921,0.12664844789355875,19.0,1.3987035978933664,31.262851903912598
IMPULSE_DN,72,major,all,-1,2070,133,-124.79094557736231,-1.9722340164744077,-70.53590393066406,0.45072463768115945,-24.391357866131166,-1.4841693129711513,-57.32204663850691,-1.3616372257794827,4.733507647656278,4.0201166684046035,-0.3929958538208553,25.0,1.177455292493983,-129.4669811641769
IMPULSE_DN,72,major,bull,-1,808,54,-254.5159930195106,-2.3675451823420257,-134.3206787109375,0.41955445544554454,-35.18546240537031,-1.0395999567942504,-143.95591664115096,-1.9169554984178654,3.9511985965244394,4.3736303375272785,-0.9552429970048262,25.0,0.9034139357004576,-351.68308449040313
IMPULSE_DN,72,major,bear,-1,239,25,-396.87560994505384,-2.664328678366528,-267.7442932128906,0.29707112970711297,-47.07538615310541,-0.8662439530615402,-209.30718642597915,-2.6462140574978346,4.423635197319844,4.783785885136778,-1.9845579813281726,25.0,0.924714296069161,-492.54308598865094
IMPULSE_DN,72,major,flat,-1,1023,95,41.23649637487044,0.4919734464543225,12.61015796661377,0.5112414467253177,-10.566216880508415,-0.7566037221292871,46.612083734261674,0.8020619917589061,5.423796239000301,3.5624861821386107,0.4229171864204909,25.0,1.5224750249401162,105.39146486531841
IMPULSE_DN,72,alt,all,-1,4527,137,-110.02007321037414,-2.1686577146037904,-38.885467529296875,0.4506295559973492,-12.193139410977441,-1.0819936951444997,-34.43520206550059,-0.9621143154061578,4.588858160012239,4.111548069376117,-0.47037631391447793,25.0,1.1160901155920449,-90.73296152837013
IMPULSE_DN,72,alt,bull,-1,1616,63,-217.5878140734933,-2.43087516318515,-76.9691047668457,0.422029702970297,-8.128822837356884,-0.36934061443483107,-92.29630033557515,-1.6026910909520329,3.929178159885079,4.343924375831565,-0.9003250348251488,25.0,0.9045226896089573,-251.5708208444592
IMPULSE_DN,72,alt,bear,-1,423,29,-393.812926013419,-2.133400750016186,-331.56927490234375,0.34278959810874704,-2.6653050023613245,-0.061323102351613784,-182.51039051037307,-1.1771788931186824,6.1050887377663585,4.8209643324437605,-1.8501216029758873,25.0,1.2663625608430236,-459.6860368420411
IMPULSE_DN,72,alt,flat,-1,2488,105,8.096424366188778,0.12448771992896267,-3.00123929977417,0.487540192926045,-16.452869932607438,-1.3822970593159691,28.321767193591672,0.5844482160764538,4.7595484115458,3.8400033786568177,0.04346186545233066,25.0,1.2394646416198276,65.71535941410383
IMPULSE_DN,72,both,all,-1,6597,137,-114.65486262975651,-2.1949613730951354,-49.302433013916016,0.4506593906321055,-16.020684083126632,-2.0444108290207366,-41.61661305020926,-1.1809960454393653,4.634246130214326,4.082858816683828,-0.44609595126572876,25.0,1.1350493216364372,-102.66265891180849
IMPULSE_DN,72,both,bull,-1,2424,63,-229.89720705549905,-2.5596719656384135,-91.41437149047852,0.4212046204620462,-17.14770269336136,-1.034074432495035,-109.51617243743375,-1.8924848682420514,3.9365183054315325,4.353826363063471,-0.9186310222183746,25.0,0.9041514238665437,-284.43145335813045
IMPULSE_DN,72,both,bear,-1,662,29,-394.91863818813306,-2.4163849347211044,-294.7701721191406,0.32628398791540786,-18.698551822645065,-0.9114793626009707,-192.1847624496931,-1.5747713320915708,5.49803829038461,4.807541902071603,-1.8986567909308665,25.0,1.1436277420724024,-470.45382843336495
IMPULSE_DN,72,both,flat,-1,3511,109,17.752446486633477,0.2493872159969143,-1.9035911560058594,0.49444602677299915,-14.737675950181549,-1.5659951175111695,33.65101635938643,0.6645255810893129,4.953090287787883,3.759143198640263,0.15402375475749383,25.0,1.3176114944435977,77.27107111978346
BREAK_HI,6,major,all,1,1770,132,5.648982176327773,0.5373848471450783,-14.401011943817139,0.47570621468926555,0.8618592603226839,0.12029381183686434,2.382490170372408,0.24235207410493229,1.7837813563941227,1.5950471401776463,0.05473671517391644,17.0,1.1183251651079456,1.6760606390357315
BREAK_HI,6,major,bull,1,817,62,23.1750890762161,1.424650342615469,-1.1015545129776,0.4969400244798042,18.023889786063386,1.5385316161980107,25.822665167847052,1.5991845641729678,1.9397589161012336,1.7258951563262153,0.13678845441702628,17.0,1.1239146879757484,3.2076238678475875
BREAK_HI,6,major,bear,1,67,17,-71.35117533669543,-2.960113449429989,-65.95498657226562,0.3582089552238806,-76.56745322426754,-5.165676572862781,-98.25814239302677,-7.444884419357346,1.1566743893037224,1.4583389823874096,-0.3804691038397518,17.0,0.793145080309216,-89.64497864963484
BREAK_HI,6,major,flat,1,886,91,-4.6894137422232545,-0.34842940870828853,-18.1538724899292,0.4650112866817156,-9.108360833427438,-1.2996410497122934,-11.621686569118607,-1.1229357900369816,1.6873733434306322,1.4847272952324597,0.011985607851450314,17.0,1.1364870497423196,3.007840674405842
BREAK_HI,6,alt,all,1,3819,138,-4.323214603523117,-0.3672946413936676,-14.016313552856445,0.46294841581565854,-8.041165614828884,-1.2526639128967052,-7.831741731443168,-0.8012007907495939,1.9441285794092684,1.685662360151651,0.0013562218311776522,17.0,1.1533321413396005,-7.453150038594317
BREAK_HI,6,alt,bull,1,1466,69,1.406124916888194,0.07747125467386708,-20.858638763427734,0.45770804911323326,5.653088421971216,0.4701855706919458,6.627415946691131,0.3994801080746464,1.9057531347672811,1.7720963080557903,0.028070272053327832,17.0,1.0754230038761996,-13.717891530254862
BREAK_HI,6,alt,bear,1,169,21,6.137631148981625,0.18270937512817187,-5.245392322540283,0.44970414201183434,-29.00894589536994,-0.9956967358680088,-26.65486178595639,-0.9822712909427828,1.8789130571342256,1.6172151174573002,0.10939427912918581,17.0,1.1618201170963487,-19.551775083690632
BREAK_HI,6,alt,flat,1,2184,100,-8.978477730398705,-0.5701237242791423,-10.45266580581665,0.4674908424908425,-15.61086412697976,-2.0671660354712236,-16.080834161357156,-1.3069967928428956,1.9749343601371236,1.632940481208371,-0.024935549830468688,17.0,1.2094343810226802,-3.0020344408599673
BREAK_HI,6,both,all,1,5589,139,-1.165084651772164,-0.12081077112758902,-14.162550926208496,0.4669887278582931,-5.221635461130857,-1.1301244484472748,-4.596960828560082,-0.5737299023181672,1.8933476553196622,1.656965108522739,0.01826147737181956,17.0,1.1426599423132506,-4.551643557946479
BREAK_HI,6,both,bull,1,2283,69,9.196420019021746,0.6778502801259083,-15.077030181884766,0.47174770039421815,10.080133850995876,1.266514951637159,13.496675085405274,1.0523549219079138,1.9179225273865712,1.7555626501657058,0.06697642842264089,17.0,1.0924831006204994,-7.502975356597085
BREAK_HI,6,both,bear,1,236,24,-15.861309675341946,-0.6023024611349174,-28.284573554992676,0.423728813559322,-42.51072551840443,-2.1648518993193524,-46.982911788811116,-2.6510310962617964,1.6738707234704808,1.572110451992543,-0.029677105018775244,17.0,1.0647284491677818,-39.152379772017085
BREAK_HI,6,both,flat,1,3070,103,-7.7406566575897635,-0.5555318872986638,-12.70833158493042,0.46677524429967426,-13.734245912619057,-2.455168682198058,-14.793927071219256,-1.3986448694573148,1.8919444380517976,1.5901662522915443,-0.014280127776338324,17.0,1.1897777577189612,-1.2640618610197087
BREAK_HI,24,major,all,1,1770,132,6.892146963049463,0.3214318238521894,-44.73964309692383,0.46440677966101696,0.0158567762054966,0.0013880686239008651,-13.563353453096697,-0.7599900358540456,3.3100397334201004,2.94519932261568,0.09871384699490399,19.0,1.123876305417726,5.027875432015465
BREAK_HI,24,major,bull,1,817,62,51.791413290118356,1.6021922816485044,-43.81585693359375,0.47368421052631576,27.52365781724307,1.6766967977083993,36.646432965446714,1.3766908275362413,3.57035308190739,3.057736273670019,0.33404901839690826,19.0,1.1676458537812706,16.779751942111254
BREAK_HI,24,major,bear,1,67,17,-104.58702242552344,-1.854854386794209,-59.15880584716797,0.417910447761194,-103.10077490379561,-3.863007534378121,-158.46234118805003,-3.1728680141339787,2.3650394447272376,2.8267316414523203,-0.5846638403715669,19.0,0.8366692508214632,-159.39841546192324
BREAK_HI,24,major,flat,1,886,91,-26.080309289976384,-0.8733229865054822,-47.998701095581055,0.45936794582392776,-17.551930049943063,-1.2286374924719903,-48.90552424960696,-2.275513042806129,3.141460742029928,2.8503851528939532,-0.06661632228487481,19.0,1.1021179852976888,0.07117919341484935
BREAK_HI,24,alt,all,1,3819,138,-3.8932175505560056,-0.1352090118279713,-29.623233795166016,0.46006808064938465,-13.681613085172538,-1.5321923933990518,-21.67682038558758,-0.9924185168060674,3.6667640516199045,3.3639115488342473,-0.06814190306218441,19.0,1.0900298650511813,2.8521818913516346
BREAK_HI,24,alt,bull,1,1466,69,6.114937164509443,0.1271154777825426,-37.805585861206055,0.46248294679399726,-5.729425850742348,-0.35591607925755886,0.39198492501962723,0.009777894446808771,3.658519301522934,3.257509270819222,0.16275883232415267,19.0,1.1231032661352527,-8.93249178114122
BREAK_HI,24,alt,bear,1,169,21,-81.0955812275057,-1.2343641832939312,-26.5067138671875,0.42011834319526625,-95.75529201848973,-2.613797569270853,-117.03695469918335,-2.770472790040713,3.16090795818475,9.380815806608732,-4.646002476069309,19.0,0.3369544849135518,-131.6906484701331
BREAK_HI,24,alt,flat,1,2184,100,-4.637153150776449,-0.1286341792026739,-27.673054695129395,0.46153846153846156,-12.6685429139015,-1.1262089876388022,-29.111346890327724,-1.1478492091981767,3.7114419286495295,2.969739808910319,0.1311062465540398,19.0,1.2497532334360841,20.952120107839928
BREAK_HI,24,both,all,1,5589,139,-0.477562658968659,-0.01960155030277943,-36.74095916748047,0.4614421184469494,-9.343713343780674,-1.3683114921990611,-19.107338104229758,-1.0333517063652868,3.5537917769350496,3.2313081062851574,-0.015299770730631934,19.0,1.0997997281728211,3.6468639764938438
BREAK_HI,24,both,bull,1,2283,69,22.460833351378685,0.5762383129208014,-42.1499137878418,0.4664914586070959,6.170604528909026,0.5272092835194689,13.366090947371328,0.4130842379813636,3.626967921134892,3.186018014283568,0.2240571599726158,19.0,1.1384015736491306,0.9198431851261901
BREAK_HI,24,both,bear,1,236,24,-87.76476156762091,-1.4952976606820474,-40.0605525970459,0.4194915254237288,-97.84066215965707,-3.5166378006647143,-128.79755171085313,-3.324379067841187,2.9349622361438454,7.520122420738055,-3.4929953210195266,19.0,0.39028117787686184,-139.72715026085783
BREAK_HI,24,both,flat,1,3070,103,-10.825634043066723,-0.3381823436981789,-32.56611442565918,0.4609120521172638,-14.077885260003397,-1.7182114260393075,-34.82393358098616,-1.5722562306100265,3.5469457295143614,2.935294132939472,0.07404364199662017,19.0,1.2083782983487135,14.927046336482531
BREAK_HI,72,major,all,1,1770,132,25.65723287143276,0.46723691373770176,-64.4002571105957,0.4694915254237288,4.975406249061143,0.1984241509238758,-44.08733686299647,-1.0326417366222826,5.390552707381225,5.109866217228682,0.1438602596602152,25.0,1.054930301150775,20.98119728461816
BREAK_HI,72,major,bull,1,817,62,193.23820308664293,2.299362040385737,21.307403564453125,0.5140758873929009,47.39361902637318,1.1672232357055932,108.80200912260806,1.6721011681189835,5.950902300515282,4.874680893319922,1.1916664945958328,25.0,1.2207778172044397,96.07111161575041
BREAK_HI,72,major,bear,1,67,17,19.010476411278567,0.10790791460656708,125.92330932617188,0.5522388059701493,-172.8802992977313,-2.9227074177355368,-221.03675225421563,-1.9340222979609738,4.806292063638976,4.18749173135452,0.6807065195487936,25.0,1.1477735054737157,-76.65699963231853
BREAK_HI,72,major,flat,1,886,91,-128.37021631930804,-1.9899372233021622,-130.88038635253906,0.4221218961625282,-20.689771592280664,-0.6804593473050033,-171.68889988672922,-4.151319758145993,4.918024316343082,5.396486420600045,-0.8629415387087852,25.0,0.9113382176909542,-64.21524782886007
BREAK_HI,72,alt,all,1,3819,138,-11.891294004936498,-0.20331784379263515,-36.77445983886719,0.47001832940560356,-20.5010837533768,-1.1756453683799823,-81.39312578756855,-1.706310057591316,6.092681092176555,5.583487075005373,0.09234753548872969,25.0,1.0911964172802695,7.395817677067509
BREAK_HI,72,alt,bull,1,1466,69,58.98983682669689,0.6238509461506473,-11.85344648361206,0.4877216916780355,-20.50370441497104,-0.7237745896319027,-4.139466203047829,-0.050204048584534,6.06353687732383,5.321229443300304,0.4568265662970922,25.0,1.139499234515837,25.006830055730987
BREAK_HI,72,alt,bear,1,169,21,19.245217240068335,0.10240921100743189,17.256145477294922,0.5207100591715976,-113.12404201298776,-1.699603803972319,-137.99029226133808,-1.2708655918242286,5.817653156111631,11.166216695242321,0.30024385185843216,25.0,0.5210048591113591,-46.627893588553796
BREAK_HI,72,alt,flat,1,2184,100,-61.879301422326776,-0.8099504555591066,-57.527170181274414,0.4542124542124542,-13.332071923811139,-0.5864662309411651,-128.86974841432695,-2.2144024460165124,6.13352593657631,5.327529374574781,-0.1683945600385318,25.0,1.1512889944536178,-4.260366374411731
BREAK_HI,72,both,all,1,5589,139,8.058285623612867e-05,1.5267438487464005e-06,-42.82691192626953,0.4698514940060834,-12.432844836877399,-1.0217894231507116,-69.57862473255109,-1.6682725682144905,5.870321592966009,5.433494425467935,0.10866128066381105,25.0,1.0803952545622524,11.992284300804252
BREAK_HI,72,both,bull,1,2283,69,107.0322876520915,1.3224936076054163,-4.572125434875488,0.4971528690319755,3.7941988927723806,0.20126024863978806,36.278048181998535,0.5326002511631969,6.0232291903976,5.161426479947711,0.7197981919738646,25.0,1.1669698704026912,52.49804134946009
BREAK_HI,72,both,bear,1,236,24,19.178574716640732,0.10692189862886173,58.74139976501465,0.5296610169491526,-130.08874217433444,-2.4961166376930097,-161.56704149660416,-1.5624594796435776,5.530529456129987,9.184968506341972,0.4082565583637469,25.0,0.6021282982419924,-56.35661552859117
BREAK_HI,72,both,flat,1,3070,103,-81.06853614503864,-1.182223486229253,-78.68378829956055,0.4449511400651466,-15.455499254841758,-0.9448865849260514,-141.22732763404954,-2.8422628529247405,5.782732960834734,5.347430333134516,-0.36884036560916517,25.0,1.0814040764594788,-21.54991151188866
BREAK_LO,6,major,all,-1,1466,119,-0.36989978630741166,-0.02206388972858982,-40.12035942077637,0.4297407912687585,2.32459438945412,0.47547882258329766,-5.830809705249081,-0.5058329921499316,2.0423900407337,1.3951237236875587,0.06287676692289135,17.0,1.4639490434119364,-4.342821323599453
BREAK_LO,6,major,bull,-1,266,41,-14.688680677261567,-0.4733297403409367,-31.280997276306152,0.462406015037594,9.205419068133697,0.8438995290601343,-5.681489446081389,-0.24374991409681385,1.5718715220358925,1.3097281620840615,-0.11610849017004589,17.0,1.2001509683770593,-34.65614588563008
BREAK_LO,6,major,bear,-1,211,22,-11.734736625617149,-0.20041380483314544,-12.446044921875,0.4549763033175355,-6.853435710425625,-0.6184408795604316,-29.04741391977428,-0.7578374605857094,1.7498238557277082,1.469825547347064,0.07351514467102686,17.0,1.190497647075207,-30.02853993855655
BREAK_LO,6,major,flat,-1,989,82,5.905910416006198,0.23524710000909305,-42.333282470703125,0.4155712841253792,2.4320412919271823,0.40080218365992787,-0.9177821012792018,-0.052256035336785515,2.2313580801774626,1.402154193449313,0.10874671705622264,17.0,1.5913785306937607,13.603164832635294
BREAK_LO,6,alt,all,-1,3642,134,-0.32488221400619405,-0.017409997995476646,-18.336044311523438,0.457440966501922,5.62362030081406,1.0855749714689642,0.0656465133652091,0.00511591994098915,1.8851704031810919,1.3890933270687382,0.049178382794104324,17.0,1.3571229279167112,-3.4548176490773943
BREAK_LO,6,alt,bull,-1,759,55,-30.760852542908296,-1.6667077369021484,-29.488197326660156,0.4150197628458498,4.40950873926066,0.5143871927100566,-9.362887201523986,-0.712068125021721,1.4362895889494376,1.3877034775378279,-0.23222765306282933,17.0,1.0350118827242654,-45.88486899005135
BREAK_LO,6,alt,bear,-1,455,29,45.92317381769746,0.8319295080013208,31.62850570678711,0.545054945054945,29.059877153150328,2.5811329075697134,34.17415245843458,0.9378368293100757,1.9260790168502868,1.3219471287012006,0.28203780899121283,17.0,1.4570015509944332,20.233767585025202
BREAK_LO,6,alt,flat,-1,2428,99,0.5227438095570396,0.0201828652878919,-21.18428134918213,0.4542833607907743,1.6112701391196722,0.24198931997067755,-3.378798756571226,-0.1878525649036958,2.0178257239316446,1.4021107966120623,0.0935095781383087,17.0,1.4391342886791414,6.499187099095777
BREAK_LO,6,both,all,-1,5108,136,-0.33780229250924515,-0.020466119858843834,-23.501891136169434,0.4494909945184025,4.676797280834875,1.136065687592179,-1.626641038805611,-0.14565248283233342,1.9302925622750862,1.390824055620655,0.05310982976607019,17.0,1.3878768881472168,-3.7243611986835594
BREAK_LO,6,both,bull,-1,1025,56,-26.589927941677047,-1.3140846132029904,-30.71117401123047,0.4273170731707317,5.654105956314541,0.8246441703519891,-8.407519588892052,-0.5729663022564679,1.471474754023581,1.3674679322590941,-0.20209331420479965,17.0,1.0760579603447555,-43.28932331729588
BREAK_LO,6,both,bear,-1,666,29,27.656178166737426,0.5163991581982453,20.41813564300537,0.5165165165165165,17.681935690365755,1.9391286857967254,14.144497044317356,0.3994513956139628,1.8702384177558964,1.3687974985724876,0.21597432224712987,17.0,1.3663368173205745,4.365108070062284
BREAK_LO,6,both,flat,-1,3417,100,2.080821589416044,0.08327816220381908,-27.10480499267578,0.4430787240269242,1.8488301830548866,0.3125000805625025,-2.6664939652092676,-0.155485554244625,2.079629499268816,1.4021233571833356,0.09791974213884043,17.0,1.4832000969204968,8.557416385986098
BREAK_LO,24,major,all,-1,1466,119,-2.3244873434915063,-0.07117856782338644,-59.01292610168457,0.44201909959072305,2.982697136547686,0.33862413083608794,8.622388335562338,0.3895346778937033,3.788372623907608,2.5092791482818364,0.19884161464590147,19.0,1.5097453890299921,-4.1887588745255036
BREAK_LO,24,major,bull,-1,266,41,25.436434909813386,0.33626556606332364,-66.40093994140625,0.462406015037594,21.755125285091257,1.322713361876146,35.86297968836655,0.7133365069897283,3.0558838651087985,2.392084096015944,0.23852007572335898,19.0,1.2774985086011081,-9.575226438193717
BREAK_LO,24,major,bear,-1,211,22,-114.57631867304798,-1.2027814655003912,-103.81977844238281,0.38388625592417064,-20.91600417073869,-0.9250711121526318,-90.2127123743437,-1.3833185414734226,3.1347720607532397,2.619069044024486,-0.2754308204465959,19.0,1.1969031774497703,-169.38771170944779
BREAK_LO,24,major,flat,-1,989,82,14.157546115717102,0.2939812077004955,-51.03299331665039,0.448938321536906,3.0324040003746173,0.28372073030467465,22.38195249121881,0.6905969752445174,4.124825332366713,2.5173764343293876,0.28935426697948413,19.0,1.6385413306157128,40.30903459910834
BREAK_LO,24,alt,all,-1,3642,134,-5.780829166806313,-0.17603388983970744,-32.93984031677246,0.45332235035694673,8.080279528845116,1.1063589841879395,16.650067607870653,0.6936637159159649,3.728061936164708,2.528759579100463,0.24045004354296623,19.0,1.4742650772244879,0.9645702751013268
BREAK_LO,24,alt,bull,-1,759,55,23.698438393896904,0.34253212348779855,-17.889225006103516,0.463768115942029,11.535968916218271,0.8133151895460028,38.76737194274686,0.8690950379248867,2.8827767106821365,2.525550773313378,0.08617587873358501,19.0,1.1414447656897027,8.651009448246242
BREAK_LO,24,alt,bear,-1,455,29,-70.94052950209314,-0.6427676492084852,-116.29995727539062,0.4175824175824176,18.185567693919925,0.8597677998476525,-27.682347066061837,-0.3666860850001875,5.132567791612095,2.557264451484724,0.8530687851538034,19.0,2.007053978571584,-121.53559674472055
BREAK_LO,24,alt,flat,-1,2428,99,-2.7854010061877954,-0.05979049133968676,-26.252944946289062,0.4567545304777595,5.106319742961564,0.5999124654689093,18.043895732445712,0.5212321152184899,3.729100371878345,2.5244209327485514,0.1738736694315121,19.0,1.4772102082904837,22.803872252428583
BREAK_LO,24,both,all,-1,5108,136,-4.7888563569042955,-0.15125824061293636,-41.46847152709961,0.4500783085356304,6.61726939041363,1.1082036404140072,14.346117370360083,0.6427819549540645,3.7453711507753367,2.523168680200677,0.22850839186655725,19.0,1.4843918998223509,-0.6644297214417927
BREAK_LO,24,both,bull,-1,1025,56,24.149469684856694,0.35060058374901854,-26.813526153564453,0.4634146341463415,14.187964617798968,1.2036860101956062,38.01364673331744,0.85654052992135,2.927700128318714,2.490914542912288,0.12571105570849217,19.0,1.1753514935505383,2.6084795186041987
BREAK_LO,24,both,bear,-1,666,29,-84.76508132652478,-0.840693480124211,-113.00942993164062,0.4069069069069069,5.797532163224779,0.47293780171164623,-47.493018357424404,-0.7008607224690432,4.4996325075111665,2.576845185757832,0.4955411323284517,19.0,1.7461788284296391,-136.7274700197617
BREAK_LO,24,both,flat,-1,3417,100,2.1184838938894486,0.045758793450721154,-33.77925109863281,0.45449224465905763,4.5060555728069,0.5909551929797149,19.299481958499737,0.58231073087393,3.8436370958827335,2.522382007101331,0.2072978166293302,19.0,1.5238124459584776,27.8711642734387
BREAK_LO,72,major,all,-1,1466,119,-63.50190327323638,-1.0316025944850096,-79.73152542114258,0.43997271487039563,-9.277610212818582,-0.6270559402145891,-9.339835037049134,-0.258160132811518,5.871643794176954,4.349145608780353,-0.1469614912161279,25.0,1.3500683403937723,-68.17793886005099
BREAK_LO,72,major,bull,-1,266,41,-208.01647550719125,-1.4910317870289596,-218.95426177978516,0.39473684210526316,35.71982101636722,1.1980958112383984,-53.0482845310878,-0.620904371820798,4.364017453688831,4.6689584210918715,-1.3546241731165238,25.0,0.9346875812760552,-305.1835669780838
BREAK_LO,72,major,bear,-1,211,22,-253.36382640820543,-1.9264244765199678,-197.67431640625,0.3696682464454976,-50.93359499859019,-1.3978277935520458,-137.48715118435322,-1.5875828973077832,4.959385147105912,4.331847513256242,-0.8151571519041473,25.0,1.1448660489385396,-349.0313024518025
BREAK_LO,72,major,flat,-1,989,82,15.872962243154388,0.18979074091725662,-35.53982162475586,0.4671385237613751,-12.492882120973903,-0.8240980760630131,29.755747644948283,0.629088632394143,6.47176025636283,4.266819714018698,0.32040712131236293,25.0,1.5167644030282712,80.02793073360236
BREAK_LO,72,alt,all,-1,3642,134,-72.20652888150643,-1.1965012201162966,-53.93121910095215,0.45936298736957715,1.6399658086583353,0.1174699356849971,-0.09209056857324838,-0.0023187135778851157,5.577447138141006,4.44679750353372,-0.30203747120439184,25.0,1.2542615519840508,-52.91941719950242
BREAK_LO,72,alt,bull,-1,759,55,-246.13564068809328,-1.5723730721934672,-134.44595336914062,0.4150197628458498,4.609129401574179,0.13873283983935283,-98.33220906109992,-1.032819924435282,4.511479792941753,4.916113871794348,-1.4323853732083125,25.0,0.9176922891932715,-280.11864745905916
BREAK_LO,72,alt,bear,-1,455,29,-128.37908356373126,-0.7892164254460968,-119.70352172851562,0.43956043956043955,-6.3365687611338855,-0.13981952318355714,-42.80438824747945,-0.3177266030352085,7.098200374859621,4.430518101826957,-0.39972168132371716,25.0,1.6021151954965775,-194.25219439235337
BREAK_LO,72,alt,flat,-1,2428,99,-7.3092025875971585,-0.10533846982488425,-25.955697059631348,0.4769357495881384,2.206575389478902,0.14218672136444163,38.622219719618705,0.8447892040560694,5.625687044359813,4.303138526707838,0.06961836620304997,25.0,1.3073450946195322,50.30973246031789
BREAK_LO,72,both,all,-1,5108,136,-69.70829451546808,-1.1872660273847457,-61.04336738586426,0.4537979639780736,-1.4933870588994484,-0.15349225557049828,-2.7462004727991,-0.07497296172594338,5.6618818088044165,4.418771333269734,-0.25753054351003113,25.0,1.2813249163121607,-57.71609079752007
BREAK_LO,72,both,bull,-1,1025,56,-236.24325245578115,-1.5733931616253503,-157.81858825683594,0.4097560975609756,12.682733274291202,0.4570995242688311,-86.5804784025797,-0.9483491943468835,4.473211517584409,4.851974018246193,-1.4122053934771752,25.0,0.9219364120175787,-290.77749875841255
BREAK_LO,72,both,bear,-1,666,29,-167.976351942386,-1.2299885727147053,-149.49012756347656,0.4174174174174174,-20.465656653180854,-0.7855495302091512,-72.80147980856108,-0.6686082814545964,6.420587742643356,4.399257600042541,-0.5313386247058053,25.0,1.459470739467784,-243.51154218761792
BREAK_LO,72,both,flat,-1,3417,100,-0.5994686052695959,-0.008180464950336008,-30.153779983520508,0.4741000877963126,-2.04796469768464,-0.17381081695792913,36.05595080482531,0.8144797692559109,5.870570394278158,4.292626584726697,0.142205453941742,25.0,1.3675940076329576,58.91915602788038
TOUCH_HI,6,major,all,-1,2002,133,-11.072244850801422,-1.2342191112578573,7.485270023345947,0.5174825174825175,-10.591967018855202,-1.8990002489831084,-4.790106500411493,-0.6151645655235479,1.5167127000934497,1.653484825049596,-0.09018655314104948,17.0,0.9172825036649225,-15.045166388093463
TOUCH_HI,6,major,bull,-1,923,66,-19.090562718338205,-1.3259884374650708,5.370628833770752,0.5102925243770314,-19.83272043500148,-2.1211553707821325,-24.257243717414198,-1.9171537203572364,1.6967198223393485,1.712328989829596,-0.10276657706368378,17.0,0.9908842473712947,-39.058027926706714
TOUCH_HI,6,major,bear,-1,85,19,21.943604430030373,0.7638354548492298,6.637391090393066,0.5176470588235295,27.456554323084212,0.9848939826795816,50.795557180572956,1.5340760610271076,1.369466518163618,1.260546709518303,0.1492374327182072,17.0,1.0864068009720458,3.6498011170909734
TOUCH_HI,6,major,flat,-1,994,89,-6.449950884135676,-0.556078343185109,9.473028182983398,0.5241448692152918,-5.2649136093600655,-0.9231697306468405,8.533219695171825,1.0185661639181842,1.362154703746439,1.632445162804344,-0.09897898444632645,17.0,0.8344260100023339,1.2473035324934205
TOUCH_HI,6,alt,all,-1,4537,139,-5.13651159663613,-0.5308027650643805,0.9996199011802673,0.5025347145690985,2.79960068104904,0.5229557903256866,1.7485374472686372,0.23157759936809896,1.5147600386523414,1.7205155718975924,-0.07201307656784212,17.0,0.8804105370471487,-8.26644703170733
TOUCH_HI,6,alt,bull,-1,1733,71,-7.348880011534595,-0.5329987305388192,2.0005319118499756,0.5060588574725908,-1.1992613706744206,-0.14286427136620342,-9.244534292431904,-0.8157972999853831,1.615151565576949,1.7170227714455375,-0.05331135942800519,17.0,0.94066985740508,-22.472896458677653
TOUCH_HI,6,alt,bear,-1,237,23,8.492481767628263,0.3033428594226318,0.0,0.4767932489451477,37.43845180519523,1.3906885217671914,39.574957352650316,1.7610842715906212,1.4162828691229175,1.8884359649004803,-0.17060790641253878,17.0,0.7499766449309044,-17.196924465043995
TOUCH_HI,6,alt,flat,-1,2567,104,-4.90123187879882,-0.3636404781608016,0.9996199011802673,0.5025321386832878,2.3012057528114522,0.3708115035421246,5.677688910971629,0.5561235405313942,1.4560769739924773,1.7073702232578287,-0.07553590521223022,17.0,0.8528185358733389,1.075211410739918
TOUCH_HI,6,both,all,-1,6539,139,-6.953813626738426,-0.8427767314083856,2.035109758377075,0.50711117907937,-1.3004021535140875,-0.3163967589440809,-0.25335354267716825,-0.03933238055610799,1.5153578713798381,1.699993235884488,-0.0775771230733569,17.0,0.8913905299107934,-10.34037253291274
TOUCH_HI,6,both,bull,-1,2656,72,-11.429291584719735,-0.9146721413186503,2.9964762926101685,0.5075301204819277,-7.674669019911573,-1.2345886744609165,-14.461676912634712,-1.4184894304419116,1.643497763239485,1.7153916116445154,-0.07049779236389801,17.0,0.9580889588610574,-28.128686960338566
TOUCH_HI,6,both,bear,-1,322,26,12.043243961119504,0.48405788074093037,0.0,0.48757763975155277,34.80347886737089,1.4296215797025604,42.536916934555364,2.0164813027230934,1.4039245156088167,1.722688801212639,-0.0861766833500748,17.0,0.8149611901003612,-11.247826135555638
TOUCH_HI,6,both,flat,-1,3561,105,-5.333533673605007,-0.4630310185938517,2.2372124195098877,0.5085650098286998,0.18923646160154253,0.040437349732203136,6.474767708920237,0.7663310677722743,1.4298599740979079,1.6864560109324245,-0.0820796908788103,17.0,0.847848959491895,1.1430611229650474
TOUCH_HI,24,major,all,-1,2002,133,-11.565190044018653,-0.5581826508263794,38.895158767700195,0.537962037962038,-5.529075056046516,-0.6178422936509943,9.748396865982603,0.5818287982157556,2.797261298095764,3.1695927383895435,-0.14402304997462517,19.0,0.8825301951937965,-13.42946157505265
TOUCH_HI,24,major,bull,-1,923,66,-36.57815335088794,-1.0611558405898687,47.2066650390625,0.5406283856988082,-13.216175206950012,-0.9486631594222442,-24.72949835822745,-0.8755716248549645,2.949298182139341,3.375802140416021,-0.2506298154542748,19.0,0.8736584845508395,-71.58981469889504
TOUCH_HI,24,major,bear,-1,85,19,50.87357141831342,1.1705719718405871,79.45368194580078,0.5647058823529412,54.05768543061088,2.153018014862752,97.34394548710655,2.3961495377671276,2.5169586936677386,2.2937121308410395,0.2527774027968148,19.0,1.0973298086647172,-3.9378216180863745
TOUCH_HI,24,major,flat,-1,994,89,6.321802318096161,0.22965156484726212,30.370532989501953,0.5331991951710262,-3.486500812668196,-0.2721797267468044,34.273020265530235,1.7555189770393924,2.680053730091902,3.053011826489326,-0.07896268171291074,19.0,0.8778392886783245,32.473290801487394
TOUCH_HI,24,alt,all,-1,4537,139,-15.809313706424705,-0.6193773218525372,5.442192077636719,0.5181838219087502,-2.4194754447631173,-0.2674054134162746,3.7256585574395427,0.19077731307327866,2.827161002671333,3.3802215928322115,-0.22527280186480741,19.0,0.8363833331715151,-9.063914264517065
TOUCH_HI,24,alt,bull,-1,1733,71,-32.13615343523246,-0.645054777664367,11.003108024597168,0.5181765724177726,-5.896920366811394,-0.312066081420306,-21.550631450905115,-0.5445066438866866,2.9518184646551076,3.3967383823865855,-0.27908381076055366,19.0,0.8690155473737509,-47.183582380883124
TOUCH_HI,24,alt,bear,-1,237,23,48.40078985137779,0.9543046142868632,4.2560811042785645,0.5316455696202531,78.47212841490654,2.923553825246991,98.52597914956793,2.6894834274807753,2.4902775312402645,3.125436871227522,-0.1481328075960987,19.0,0.7967774214752266,-2.194277391249628
TOUCH_HI,24,alt,flat,-1,2567,104,-10.715188771939063,-0.34303312289745147,4.996713638305664,0.5169458511881574,-7.540199272122697,-0.8354933534630714,12.037358831739061,0.5480183828554089,2.7741068542924014,3.3925941610918846,-0.19606660795181782,19.0,0.8176948737657359,14.874084486677313
TOUCH_HI,24,both,all,-1,6539,139,-14.509919980757644,-0.6434695006652847,14.797067642211914,0.5242391803027986,-3.3715198585556485,-0.49583568559626334,5.569598317907995,0.32531750500082807,2.8180068187654927,3.315734826263283,-0.20039713230002,19.0,0.8498890793210045,-10.385493345295142
TOUCH_HI,24,both,bull,-1,2656,72,-33.67981530351183,-0.8129660581647994,27.637808799743652,0.5259789156626506,-8.440471653501133,-0.6744617219392834,-22.655335575701244,-0.7034532097346341,2.9509426285248166,3.3894627229969654,-0.2691956188675961,19.0,0.8706225351006637,-55.22080546976433
TOUCH_HI,24,both,bear,-1,322,26,49.05354274948191,1.1114407705625726,13.515244960784912,0.5403726708074534,72.02732203706451,3.04481460417534,98.21395162997409,2.9577276257426117,2.497320695235095,2.905882203734196,-0.04230247255449101,19.0,0.8594019028114491,-2.9088459437550043
TOUCH_HI,24,both,flat,-1,3561,105,-5.95956699617523,-0.2098969032641935,10.705358505249023,0.5214827295703454,-6.408669850977576,-0.9319107445098385,18.244111840778213,0.9509720076170376,2.747853328469516,3.2978048208517996,-0.16337879478656261,19.0,0.8332371009633509,19.793113383374024
TOUCH_HI,72,major,all,-1,2002,133,-30.93851398698219,-0.5927292229141576,33.999298095703125,0.5239760239760239,-11.525282726190486,-0.4751339464741517,36.969004869401516,0.932102051438715,4.882617746342355,5.3590747135682175,-0.20682161757389306,25.0,0.9110934270015757,-35.61454957379679
TOUCH_HI,72,major,bull,-1,923,66,-185.51579991341413,-2.184148310470972,-38.38197326660156,0.4788732394366197,-46.362015944632134,-1.1098979039067005,-102.94853891692208,-1.6287715740783109,4.745023846392369,5.885525756044696,-1.1000000539925598,25.0,0.8062191965635389,-282.68289138430663
TOUCH_HI,72,major,bear,-1,85,19,-67.0807134067311,-0.6639354583180854,-99.82188415527344,0.4470588235294118,127.40796477373908,2.4624416285810162,157.9145694283878,1.8953850095976101,3.7041900414212265,4.7370090343898905,-0.9626343230729538,25.0,0.7819681183906192,-162.7481894503282
TOUCH_HI,72,major,flat,-1,994,89,115.68816796550809,1.9664253379433765,118.87129211425781,0.5724346076458753,8.942502709551595,0.310779776556977,156.5500108324426,3.982288229632089,5.111154491384742,4.923422068220496,0.6871902302951708,25.0,1.038130475218855,179.84313645595606
TOUCH_HI,72,alt,all,-1,4537,139,13.084334249272597,0.23808967597611,5.002676486968994,0.5157593123209169,13.809082735200954,0.8715011268161081,73.72668975588704,1.642316262027308,5.067494675906341,5.749219409556256,-0.1005755320321993,25.0,0.8814230793633021,32.371445931276604
TOUCH_HI,72,alt,bull,-1,1733,71,-65.06603150218467,-0.6415120480939267,1.9981472492218018,0.5066358915175996,15.398942844997027,0.49215628207716805,-7.087539688947912,-0.08184053858409195,5.0719480835824955,5.836406879164873,-0.484062549476445,25.0,0.8690189338390055,-99.04903827315057
TOUCH_HI,72,alt,bear,-1,237,23,-33.471358611110894,-0.2126289198489327,-4.997197151184082,0.4641350210970464,138.7334351720689,2.7351539675665264,132.3705625705075,1.4481840618861435,3.893952990931792,5.4825327446178225,-1.0155794640410296,25.0,0.7102471015343169,-99.34446943973302
TOUCH_HI,72,alt,flat,-1,2567,104,70.14248892601056,0.9803064757368772,15.485945701599121,0.52668484612388,1.2020320543227698,0.0690573226736235,122.87061720849081,2.3402929044665495,5.1728361733103885,5.7149805528202515,0.24279764019879815,25.0,0.9051362687065797,127.7614239739256
TOUCH_HI,72,both,all,-1,6539,139,-0.39383399801018004,-0.007812867123247863,10.196398735046387,0.518274965591069,6.052636848413118,0.5091939992162824,62.47284587413998,1.5717388129327199,5.010892196477207,5.629771530466479,-0.13310415464337394,25.0,0.8900702576223388,11.598369719937835
TOUCH_HI,72,both,bull,-1,2656,72,-106.92414002762322,-1.2307934848085187,0.0,0.49698795180722893,-6.063920469320637,-0.2794553189119498,-40.400680610416345,-0.5656093012437737,4.958336987601137,5.8534764286227325,-0.6981101084630316,25.0,0.8470755879968217,-161.45838633025463
TOUCH_HI,72,both,bear,-1,322,26,-42.34339326212865,-0.3084474774693633,-21.45034885406494,0.45962732919254656,135.74379236505638,3.772230655912876,139.11354574727716,1.7998220777919232,3.8438602868684435,5.285733007445853,-1.0016032622326863,25.0,0.7272142352732749,-117.87858350736056
TOUCH_HI,72,both,flat,-1,3561,105,82.85588543408709,1.2954853582252654,44.42831039428711,0.5394552092108958,3.3626689066949838,0.2465034728506691,132.2717172540421,2.914207455045742,5.155618652435888,5.494028816315857,0.3668431989058451,25.0,0.9384040063869018,142.37451006723705
TOUCH_LO,6,major,all,1,1749,127,-10.260603796411678,-0.5777727154412537,20.408058166503906,0.5460263007432818,-6.874056411137098,-1.5977598516698448,-9.868768369358325,-0.7785153589666783,1.2907209858455793,1.871103087068715,-0.07277068504667294,17.0,0.6898182119231244,-14.233525333703719
TOUCH_LO,6,major,bull,1,336,45,31.362368069411744,1.5476860291397387,27.298584938049316,0.5535714285714286,-14.025540539640046,-1.9084305675870925,3.9077637808264365,0.30213252409782126,1.2559300577900039,1.2615706714243213,0.16320887066296844,17.0,0.9955288960324759,11.394902861043231
TOUCH_LO,6,major,bear,1,254,23,26.147129120789174,0.9245000094609142,22.25243377685547,0.5511811023622047,8.633972104726814,0.5486161372681833,16.689924997607555,0.7691579453658697,1.2387439755651641,1.538970421609577,0.12159218525141445,17.0,0.8049173383524731,7.8533258078497745
TOUCH_LO,6,major,flat,1,1159,89,-30.30623167206801,-1.1270009779484458,18.02845001220703,0.542709232096635,-8.199458115927817,-1.5699553724801167,-19.683110834993713,-1.0174649011618144,1.312198045757485,2.1205979867090403,-0.18377784619779775,17.0,0.6187868016388564,-22.608977255438912
TOUCH_LO,6,alt,all,1,4358,136,-2.184213669735557,-0.13210185858547882,7.0439794063568115,0.5220284534189995,-4.833588889274727,-1.4005453072059784,-4.630046586565478,-0.3871049894573419,1.2852967442016363,1.6855309887402625,-0.04115371753680711,17.0,0.7625470862225117,-5.3141491048067575
TOUCH_LO,6,alt,bull,1,967,59,22.113802571577764,1.3660933621191413,4.0010552406311035,0.5232678386763185,-12.896839103606581,-2.2179039617816168,-0.47229374858869516,-0.04025746425015179,1.222418715923718,1.3307484862855707,0.10649516606139221,17.0,0.9185948573466153,6.989786124434708
TOUCH_LO,6,alt,bear,1,558,27,4.42856183349018,0.15321864205588992,19.845250129699707,0.5394265232974911,-8.31581974681133,-0.775779213192001,-4.048269425134932,-0.19419794177480176,1.2588768790097709,1.5725496140654793,-0.00011919322147376497,17.0,0.8005323760534481,-21.260844399182076
TOUCH_LO,6,alt,flat,1,2833,101,-11.780440438584813,-0.45837315381756166,6.618692874908447,0.5181786092481468,-1.3954498932407258,-0.2981522352442932,-6.163819495284785,-0.3289123650417024,1.3119629419149466,1.8288837197470453,-0.09963368047624048,17.0,0.7173572205544075,-5.803997149046076
TOUCH_LO,6,both,all,1,6107,137,-4.49723255487663,-0.27479916665512916,12.222210884094238,0.528901260848207,-5.417963818984452,-1.8771960893561586,-6.130378074710998,-0.5267897517744778,1.2868502072170704,1.7386774763735464,-0.05020858509448769,17.0,0.740131637237933,-7.8837914610509445
TOUCH_LO,6,both,bull,1,1303,60,24.49869743517885,1.5076797941780846,7.126175880432129,0.5310821181887951,-13.187893349582977,-2.7585791288198327,0.6571761899251071,0.059073367199824624,1.23106016708801,1.3129098479176662,0.12111972841452312,17.0,0.9376578057057965,7.79930205956002
TOUCH_LO,6,both,bear,1,812,29,11.222300861783216,0.43620776211482776,21.260411262512207,0.5431034482758621,-3.013791261231664,-0.36319077207696493,2.4388012440480624,0.12579103413266637,1.252579148129315,1.5620457780016872,0.03795308526635087,17.0,0.8018837640800319,-12.068769234891926
TOUCH_LO,6,both,flat,1,3992,102,-17.159045658927255,-0.6778005521124315,11.014830112457275,0.5253006012024048,-3.3708621001781855,-0.8161112364156023,-10.088884290555988,-0.5533558457063436,1.3120311997690304,1.913577315791372,-0.12406331175662248,17.0,0.6856431610794004,-10.6824508623572
TOUCH_LO,24,major,all,1,1749,127,0.9451462528649707,0.0325061680707018,46.806297302246094,0.5523156089193825,-6.364342034970644,-0.791436250297053,-17.04721753231078,-1.0006940891453682,2.44095714227627,3.6175973053299297,-0.2153935658645496,19.0,0.6747454004015108,-0.9191252781690266
TOUCH_LO,24,major,bull,1,336,45,18.27025793563752,0.3217835113885879,49.332252502441406,0.5714285714285714,-41.37577668258122,-2.4030272265532364,-7.019847739665281,-0.20086818575757642,2.2776287294827178,2.6727586314921012,0.0023977292620478642,19.0,0.852164016101672,-16.741403412369582
TOUCH_LO,24,major,bear,1,254,23,84.65928266743036,0.7878767634652135,98.26707458496094,0.6023622047244095,38.985077538828214,1.7129641942259015,49.002819263324966,0.8497116187063615,2.5705786437454154,3.2676560129393333,0.045040121478259594,19.0,0.7866735768900961,29.84788963103057
TOUCH_LO,24,major,flat,1,1159,89,-22.42381679692898,-0.5862658520076118,34.25446701049805,0.5358067299396031,-6.152875710680528,-0.696821272035384,-34.42936213664241,-1.4290862286984698,2.4598997525657182,3.968202035853418,-0.33560757082366116,19.0,0.6199028502934282,3.727671686462255
TOUCH_LO,24,alt,all,1,4358,136,7.95519724890364,0.30979223919822263,4.066594123840332,0.515603487838458,-6.919039843469762,-1.088706112381833,-18.9090343500193,-1.0625625656477582,2.4566113734343635,3.451985307805573,-0.17290083269242393,19.0,0.7116517465701588,14.700596690811281
TOUCH_LO,24,alt,bull,1,967,59,1.753804123635869,0.028847549262856587,0.0,0.4963805584281282,-15.53651315183403,-0.990915739529984,-26.996520289590713,-0.7147291286048694,2.3507177319262857,2.8235577616770358,-0.07627085158767428,19.0,0.8325375042195314,-13.293624822014793
TOUCH_LO,24,alt,bear,1,558,27,69.56393210969091,0.6869181510853439,94.41952896118164,0.589605734767025,-10.392852798691788,-0.5563985318280829,13.811075135638209,0.1849153456823556,2.654656750448544,4.344369007734937,-0.4375887279760595,19.0,0.6110569212058315,18.968864867063495
TOUCH_LO,24,alt,flat,1,2833,101,-2.0627790660223604,-0.06388515177604442,1.824927806854248,0.5075891281327215,-3.29338353630346,-0.4653784812921857,-22.59319325910202,-0.9471717478005616,2.453748624039517,3.4907213941259796,-0.15374987828367853,19.0,0.702934536158792,23.526494192594015
TOUCH_LO,24,both,all,1,6107,137,5.947570068279498,0.2299213437435515,17.101438522338867,0.5261175700016375,-6.760178460292268,-1.322865262186521,-18.375823671425522,-1.0834900780312484,2.4521281164676854,3.4994153689927523,-0.1850704397528542,19.0,0.7007250805935304,10.071996703742002
TOUCH_LO,24,both,bull,1,1303,60,6.012843633100608,0.10604407183134822,3.524397850036621,0.5157329240214888,-22.199592619471062,-1.716221277310384,-21.845206416394284,-0.6334376997489038,2.3318705294542688,2.784671723501949,-0.05598486297255023,19.0,0.8373951262455288,-15.528146533151887
TOUCH_LO,24,both,bear,1,812,29,74.28587674228429,0.7419221016273492,94.41952896118164,0.5935960591133005,5.0529529965423015,0.4569460237581113,24.819330072131358,0.3663667107853703,2.62835645598722,4.007564696555032,-0.2866186198955214,19.0,0.6558487897267381,22.32348804904737
TOUCH_LO,24,both,flat,1,3992,102,-7.974212615651812,-0.2508134170504111,6.289292335510254,0.5157815631262525,-4.123581790337283,-0.6543691131922041,-26.029595996844833,-1.162148949657712,2.45553448525241,3.6293486646074684,-0.20654874242542198,19.0,0.6765771801420429,17.778467763897442
TOUCH_LO,72,major,all,1,1749,127,41.501672011842174,0.6950173864111492,40.57390213012695,0.5294453973699257,0.8405159632944257,0.05756994246932228,-17.270204103754683,-0.5239286944519641,4.2348476590643305,5.709278895610469,0.00044158754537835235,25.0,0.7417482551641079,36.825636425027575
TOUCH_LO,72,major,bull,1,336,45,192.97824893040317,1.3785658690427103,214.29095458984375,0.6101190476190477,-62.46448799267056,-1.9231780121514461,58.089640204395565,0.6850772476925472,4.566591622175449,4.121838781549422,1.210959728086483,25.0,1.1079015614625378,95.81115745951065
TOUCH_LO,72,major,bear,1,254,23,233.66090519127883,1.4803570980986778,171.2191162109375,0.5826771653543307,69.15409444730113,1.7123248484446347,54.5251270767272,0.616921418428341,4.32790807522983,5.1313213289321835,0.5944940637901296,25.0,0.8434295569890686,137.99342914768175
TOUCH_LO,72,major,flat,1,1159,89,-44.52470855089587,-0.5940337640679777,-3.1690850257873535,0.4943917169974116,4.221734595103342,0.26869514399864275,-54.851672444894355,-1.3945277970795062,4.118278791668841,6.296147834575779,-0.4806830234882524,25.0,0.6540949958406308,19.630259939552097
TOUCH_LO,72,alt,all,1,4358,136,45.55456342783035,0.8206195836595324,8.954558849334717,0.5213400642496558,-11.375631102410791,-0.9911018845560913,-15.736080142022711,-0.44524800936399095,4.306825732027575,5.5010290472076875,0.07678758816737659,25.0,0.7829127414285719,64.84167510983436
TOUCH_LO,72,alt,bull,1,967,59,171.2074062796512,1.226859022354835,54.062828063964844,0.5646328852119958,-34.67626272744452,-1.2485920497093768,48.30118548216716,0.5911473858028982,4.517779774568693,4.532814876847383,1.0029001353598586,25.0,0.9966830539770141,137.22439950868528
TOUCH_LO,72,alt,bear,1,558,27,166.640404704117,1.1597555360419538,122.71910095214844,0.5645161290322581,9.863595581930598,0.2642915856618388,49.41467412868281,0.4179383295172298,4.595249828775998,6.1189768717533,0.721533204588127,25.0,0.7509833629195103,100.76729387549487
TOUCH_LO,72,alt,flat,1,2833,101,-21.184652410460746,-0.34321368111607936,0.0,0.4980585951288387,-7.6056973602487306,-0.5829156006383135,-50.426569637838206,-1.2676447445674148,4.178010622559563,5.709800037903756,-0.36631826679129215,25.0,0.7317262592077461,36.4342826374543
TOUCH_LO,72,both,all,1,6107,137,44.39384505767098,0.8092456854988486,22.458826065063477,0.5236613721958409,-7.877016198543357,-0.8353857884743536,-16.175441990568515,-0.4918890100758483,4.286211739950825,5.5606702761018205,0.05492265365159551,25.0,0.770808468607057,56.386048775618995
TOUCH_LO,72,both,bull,1,1303,60,176.82137644899322,1.2878145562647345,90.73690795898438,0.5763622409823485,-41.84191406214594,-1.783482602011927,50.82529966994056,0.6371948804740601,4.530366713015255,4.426837925181907,1.0565517264236697,25.0,1.0233866225922634,122.28713014636182
TOUCH_LO,72,both,bear,1,812,29,187.60494549689915,1.3917841299268616,132.50264739990234,0.5701970443349754,28.41013094129527,1.2625102694001087,51.0132640902632,0.5090885325287695,4.511623221139635,5.8100304334816695,0.6817943600527926,25.0,0.7765231650320354,112.06975525166725
TOUCH_LO,72,both,flat,1,3992,102,-27.960986345020945,-0.45021088234027784,0.0,0.4969939879759519,-4.171831218902776,-0.3567790014848258,-51.711312662231514,-1.365826653118288,4.160668640595047,5.8800347814766205,-0.399521862235124,25.0,0.7075925220207968,31.55763828812903
SWEEP_LO,6,major,all,1,3040,139,-2.7992358243852657,-0.23612383309192062,14.294296264648438,0.5348684210526315,1.4736853007337471,0.45511534249326574,-3.5715441286833465,-0.428210527269176,1.2645854920260473,1.7411640122130345,-0.058685694104114144,17.0,0.7262874049520173,-6.772157361677307
SWEEP_LO,6,major,bull,1,804,60,34.091615005882815,2.560703539889091,37.04412841796875,0.5783582089552238,-9.304046446392636,-1.4639706196536926,7.674667815951195,0.7831821185204135,1.272615442472879,1.3227630320326595,0.18336467552159247,17.0,0.9620887578913361,14.124149797514303
SWEEP_LO,6,major,bear,1,359,25,8.337625911308862,0.22019644925410894,2.5805482864379883,0.5069637883008357,20.024064441110347,1.9544564495644954,8.714519367576642,0.37411308917579367,1.316098849813469,1.7309865494722914,-0.010234802439330682,17.0,0.760317201895471,-9.956177401630537
SWEEP_LO,6,major,flat,1,1877,99,-20.73124297976605,-1.2164293224824492,9.01054573059082,0.5215769845498135,2.5422576040339138,0.6946937380382951,-10.738646525403382,-0.864964297463415,1.2512933366691283,1.92232975392265,-0.17163314604163432,17.0,0.650925437800552,-13.033988563136955
SWEEP_LO,6,alt,all,1,7118,139,-6.603961673604199,-0.552190395721628,3.7698793411254883,0.509412756392245,-0.6605959966413448,-0.23743854714373339,-5.363059069158996,-0.6633370258257847,1.2448762556386923,1.6049539426527617,-0.0732062381818526,17.0,0.7756460933583478,-9.7338971086754
SWEEP_LO,6,alt,bull,1,1860,65,11.450286712825939,0.7433348891987349,7.309029817581177,0.5225806451612903,-10.43191481415703,-2.116385311218848,-5.035424760000039,-0.44800623697340736,1.195056142169354,1.404056591547474,0.03576463003532573,17.0,0.8511452810119489,-3.673729734317117
SWEEP_LO,6,alt,bear,1,736,29,10.925217974931002,0.3032100390844181,6.855759143829346,0.5108695652173914,10.60571642819306,1.0576641193263112,6.229357342944359,0.24797855171985972,1.2715703649864671,1.5626423485978342,0.005638953076747169,17.0,0.8137309001816396,-14.764188257741257
SWEEP_LO,6,alt,flat,1,4522,105,-16.883125366678495,-0.9533231389928802,1.000115990638733,0.5037593984962406,1.5248633257604802,0.4520740457707791,-7.38460225676265,-0.5988986769510084,1.2610236564730593,1.6944741563370302,-0.13086123058571833,17.0,0.7441976330869706,-10.906682077139758
SWEEP_LO,6,both,all,1,10158,139,-5.465315623040549,-0.48666013613786435,6.465013742446899,0.5170309115967711,-0.02186640971278811,-0.010099778033349936,-4.82690968748485,-0.6460787189611406,1.2507746685760381,1.6457177358663106,-0.0688606530276564,17.0,0.7600177365273557,-8.851874529214864
SWEEP_LO,6,both,bull,1,2664,65,18.28348038685662,1.341002300377216,15.012077808380127,0.5394144144144144,-10.09152210857048,-2.658174673972357,-1.1994959195102524,-0.12446165511560812,1.2184636787474448,1.379522048811021,0.08031058970910893,17.0,0.8832506010307057,1.5840850112377893
SWEEP_LO,6,both,bear,1,1095,30,10.07686587370694,0.2887593806148681,4.2358012199401855,0.5095890410958904,13.693558379460008,2.009470634330278,7.044127358326085,0.31077772672851933,1.2861692015644521,1.617834648245259,0.0004346807203344241,17.0,0.7949942245083335,-13.214204222968203
SWEEP_LO,6,both,flat,1,6399,105,-18.01188247869058,-1.081018598333228,3.8842761516571045,0.5089857790279732,1.8232926210127438,0.6479441207497612,-8.368434276177974,-0.7255747533943707,1.2581694901545755,1.7613103739754439,-0.1428207375884929,17.0,0.714337182557307,-11.535287682120526
SWEEP_LO,24,major,all,1,3040,139,7.636183782059111,0.3157062149288446,22.540297508239746,0.5230263157894737,7.010678361606245,1.0629551079831374,-6.663751218335605,-0.43340359421542085,2.449875437115951,3.356328968098877,-0.17985594273692046,19.0,0.7299270901039334,5.771912251025114
SWEEP_LO,24,major,bull,1,804,60,64.13365073783777,1.468268248460906,60.910648345947266,0.5584577114427861,1.4885140394059877,0.10772246355785298,22.079260403911274,0.7686415079470583,2.575187464303247,2.7026092496461143,0.21118927179469102,19.0,0.9528523091676859,29.121989389830667
SWEEP_LO,24,major,bear,1,359,25,83.35305243813559,0.9366773317879584,91.11727905273438,0.6044568245125348,39.011645818155124,2.229618372696133,38.14126819089927,0.7866818943422855,2.6091572147641906,3.1720308772712054,0.21674862954830568,19.0,0.8225510140710747,28.5416594017358
SWEEP_LO,24,major,flat,1,1877,99,-31.045925583938494,-1.0124414638183632,-4.534557342529297,0.4922749067661161,3.2554694101666923,0.4443641448895111,-27.545148827393575,-1.3225673562079143,2.3657342394418412,3.671594641110681,-0.4232131051949982,19.0,0.644334266357408,-4.894437100547261
SWEEP_LO,24,alt,all,1,7118,139,-6.668117037494636,-0.28296577085281294,0.9983279705047607,0.5005619556055072,-2.6465331394247342,-0.5936257963171145,-23.383608437161847,-1.4111321726838755,2.442727550869871,3.323887489436333,-0.23452796525566352,19.0,0.7349007927112812,0.07728240441300382
SWEEP_LO,24,alt,bull,1,1860,65,11.792041991827308,0.25662760039191346,3.0000479221343994,0.5053763440860215,-5.324897849111147,-0.6058374382391412,-20.764119216503314,-0.6553839316696972,2.398854255725187,2.9057780953179075,-0.07741476419080896,19.0,0.8255462657628505,-3.255386953823354
SWEEP_LO,24,alt,bear,1,736,29,68.72911805797206,0.7068723922099167,67.99180603027344,0.563858695652174,0.2192973067741031,0.0147553922581702,-2.460222674331263,-0.04164029261964437,2.6386142085653312,3.8856250435073383,-0.17896829591854885,19.0,0.6790707232480673,18.134050815344644
SWEEP_LO,24,alt,flat,1,4522,105,-26.532836370710537,-0.8464160721861651,-3.0089972019195557,0.4882795223352499,-2.0113037825882936,-0.34624981633566654,-27.8665500275794,-1.1964744067512787,2.428891139747636,3.404436943939652,-0.3081950308489289,19.0,0.7134487081840019,-0.9435631120941608
SWEEP_LO,24,both,all,1,10158,139,-2.3872473297329324,-0.10403094612678605,4.289422512054443,0.507284898602087,0.24359513022816776,0.07146514977475324,-18.379831517962025,-1.19020924634201,2.4448667095810426,3.3335962997468402,-0.21816618651408268,19.0,0.7334021548340183,1.7371793057295704
SWEEP_LO,24,both,bull,1,2664,65,27.588833820578213,0.6316130278731942,13.014545917510986,0.5213963963963963,-3.2685978647388585,-0.4090126587048332,-7.833910051783597,-0.26724643687841076,2.4520719357915386,2.8444613716241682,0.009686453876887014,19.0,0.8620514098918567,6.0478436543257175
SWEEP_LO,24,both,bear,1,1095,30,73.52363170407133,0.8171860095750464,77.9538803100586,0.5771689497716895,12.937519330140118,1.377892937807526,10.851133691529705,0.2063705577775673,2.6289566188168294,3.651670426449099,-0.04923096601663042,19.0,0.7199326094094529,21.561243010834417
SWEEP_LO,24,both,flat,1,6399,105,-27.85664766204182,-0.9316531383106006,-3.241229772567749,0.48945147679324896,-0.4664165685234228,-0.10283501158256661,-27.772274351262976,-1.293107573459694,2.4103655104502497,3.482801531779943,-0.341932947015138,19.0,0.6920766194846575,-2.1039672824925653
SWEEP_LO,72,major,all,1,3040,139,16.287925678893533,0.33195080573510605,19.273051261901855,0.5125,12.479203984788374,1.122421087949058,-29.455456138083612,-0.9893299618830759,4.251072099253487,5.588685173581205,-0.17850326754996593,25.0,0.7606569286366544,11.61189009207893
SWEEP_LO,72,major,bull,1,804,60,153.2335217608074,1.6236664748620602,124.66476058959961,0.5808457711442786,-18.25518413874047,-0.6959435821775198,30.72197702319468,0.4874504033151864,4.712415548626546,4.411437693232964,0.9526056138627641,25.0,1.0682267043814933,56.06643028991489
SWEEP_LO,72,major,bear,1,359,25,171.37509557297633,1.3404074205265732,88.79816436767578,0.5766016713091922,69.14846304000918,2.407344670230474,12.632211445101788,0.17500074199710675,4.460565473839866,5.149408359289692,0.4171561258135757,25.0,0.8662287320431419,75.70761952937924
SWEEP_LO,72,major,flat,1,1877,99,-72.03415915959047,-1.1563314239040567,-36.12778091430664,0.47096430474160894,14.805354251433512,1.338435490514539,-63.281843417801944,-1.689752209252601,4.013390557019896,6.176968258573555,-0.7769333489955422,25.0,0.6497346900640715,-7.879190669142503
SWEEP_LO,72,alt,all,1,7118,139,3.968303879557047,0.07949685059896507,1.000115990638733,0.5012644001123912,-2.0789184976106414,-0.21992470220122323,-38.44114366701293,-1.124385691899552,4.345146012572815,5.40833766367296,-0.06933300626174883,25.0,0.8034161849321183,23.255415561561055
SWEEP_LO,72,alt,bull,1,1860,65,89.20217601083299,0.8101270297473956,40.79295539855957,0.532258064516129,-11.791079619751182,-0.7058344456631735,-11.670190490926466,-0.16297588972794833,4.48326843339475,4.826737711132934,0.40892838370718404,25.0,0.9288402854487063,55.219169239867085
SWEEP_LO,72,alt,bear,1,736,29,100.04904391146873,0.6110535466183754,61.035064697265625,0.5394021739130435,-3.735209210573331,-0.11551159767899055,-27.21044136211276,-0.25113506730376267,4.598142378355248,5.844460471721592,0.547208057373686,25.0,0.7867522418199847,34.1759330828466
SWEEP_LO,72,alt,flat,1,4522,105,-46.72838493682072,-0.8085693583741963,-15.216722011566162,0.48230871295886774,2.1854887672991206,0.18577604461399125,-51.28054433130469,-1.2130801997341494,4.247155515459885,5.576579486981375,-0.36640076569958496,25.0,0.7616058419636886,10.890550111094328
SWEEP_LO,72,both,all,1,10158,139,7.65521569979557,0.15925329962864312,3.672163486480713,0.5046268950580823,2.2779128024969593,0.32953363051061546,-35.75198339058596,-1.1404831044206725,4.31699237046898,5.462310535313152,-0.10200455521982911,25.0,0.7903234981900363,19.647419417743585
SWEEP_LO,72,both,bull,1,2664,65,108.52695152996941,1.0521571174481907,61.33246040344238,0.5469219219219219,-13.741958010617319,-0.9541157596444566,1.1238420471191048,0.01693984761627201,4.552425445649392,4.701399417442404,0.573011151366751,25.0,0.9683128450562377,53.992705227338
SWEEP_LO,72,both,bear,1,1095,30,123.43356678496757,0.8720853777924025,68.72941589355469,0.5515981735159817,20.15998561861308,0.9908044428908429,-14.1478729988342,-0.15746308622107502,4.553037256235593,5.616584938969947,0.5045700268439329,25.0,0.8106415741432013,47.898376539735665
SWEEP_LO,72,both,flat,1,6399,105,-54.15125385636109,-0.9528680774031714,-21.87676239013672,0.47898109079543677,5.887237089493253,0.635291532379622,-54.80085037683608,-1.41095255449904,4.1785859222434665,5.7526897736321825,-0.48682109057011347,25.0,0.7263708085557263,5.3673707767888885
SWEEP_HI,6,major,all,-1,3234,138,-8.40679311623305,-1.1867450967270325,8.226141452789307,0.5210265924551639,-3.1253806389937373,-0.7735951267178411,2.375909903539424,0.4084225453832807,1.4487163273601475,1.564793414037391,-0.06703229793465794,17.0,0.9258195454838042,-12.379714653525092
SWEEP_HI,6,major,bull,-1,1299,67,-10.991331281709707,-0.8423552122106229,11.951910972595215,0.5265588914549654,-9.762642945276948,-1.2214847572648906,-12.262057306011242,-1.148495747104814,1.606147723275314,1.6467373812913224,-0.07753781413485987,17.0,0.9753514686208319,-30.95879649007822
SWEEP_HI,6,major,bear,-1,211,25,-7.741153304610772,-0.26122652651677447,9.512655258178711,0.5260663507109005,10.81794931834908,0.7201364871617603,19.3571651703656,1.0470410604162785,1.2730481575286874,1.3572068032459026,-0.04907089440865016,17.0,0.9379912880513559,-26.034956617550172
SWEEP_HI,6,major,flat,-1,1724,99,-6.5408620972644425,-0.7883150875693246,6.005480766296387,0.5162412993039444,0.16914436962723456,0.04115212259732889,11.326997225990697,1.9319478815815185,1.3515948659568042,1.5284567327230907,-0.06131489109006706,17.0,0.8842872925482226,1.1563923193646541
SWEEP_HI,6,alt,all,-1,7104,139,-9.911288618060565,-1.4023878867035933,1.9999357461929321,0.5045045045045045,-1.7081377975493754,-0.4727582402039621,-2.065657879397911,-0.3864739001154343,1.4540602046089475,1.623800725098962,-0.08848760206498583,17.0,0.895467148236635,-13.041224053131765
SWEEP_HI,6,alt,bull,-1,2492,70,-12.532538868738024,-1.017152838026372,5.002378463745117,0.5104333868378812,-6.259520784181873,-1.0342485861347666,-13.020115189355938,-1.4444351474123092,1.5267595821935718,1.6493289002021054,-0.08694113010439707,17.0,0.925685339053045,-27.65655531588108
SWEEP_HI,6,alt,bear,-1,475,26,-32.25980536084426,-1.1591981720147808,-3.45170521736145,0.47789473684210526,-3.3307133853278663,-0.16051807295154769,-7.148689805928029,-0.3193933018021093,1.2489917716774308,1.755641478947183,-0.2856019794027344,17.0,0.7114161898398652,-57.94921159351652
SWEEP_HI,6,alt,flat,-1,4137,107,-5.766328241577489,-0.6787851828807823,1.468766450881958,0.5039883973894126,1.2197736858644432,0.31059107341536246,5.116587172938857,0.8045073155469833,1.4338138078725653,1.593285721368012,-0.0667869684876004,17.0,0.899910034115838,0.21011504796124836
SWEEP_HI,6,both,all,-1,10338,139,-9.44064260791255,-1.5142777509921335,3.8392759561538696,0.5096730508802476,-2.151488866347118,-0.7486648044080391,-0.6762179287285993,-0.1442936764823416,1.452388498377315,1.6053416765428463,-0.08177581510837136,17.0,0.9047223526303007,-12.827201514086862
SWEEP_HI,6,both,bull,-1,3791,70,-12.004438458410991,-1.0540964628972898,7.572656154632568,0.515958849907676,-7.459878390951196,-1.5474697748487263,-12.760363886147085,-1.5134984327928906,1.5539622187710402,1.6484409067794976,-0.0837190495334583,17.0,0.9426860328326617,-28.703833834029822
SWEEP_HI,6,both,bear,-1,686,27,-24.71835407241093,-0.9290524199038637,0.0,0.49271137026239065,1.021134764053818,0.05840128371516254,1.0039857042730724,0.051315135131919085,1.2563910390456743,1.6330908716979553,-0.21284970690455396,17.0,0.7693332078571848,-48.009424169086074
SWEEP_HI,6,both,flat,-1,5861,107,-5.994155637449236,-0.8160235337665208,2.6766068935394287,0.507592560996417,0.9107334297318809,0.3068235426440345,6.943365356092136,1.3031185269709082,1.4096292905781154,1.5742164198113076,-0.06517736919851194,17.0,0.8954482197225968,0.482439159120819
SWEEP_HI,24,major,all,-1,3234,138,-7.6920381905159685,-0.391953212085001,34.695791244506836,0.538961038961039,-6.6330824906194215,-0.9251507492886956,15.647454984474583,1.0932994630666772,2.83986882473135,3.0483293056416185,-0.06195710199647817,19.0,0.9316148420958111,-9.556309721549965
SWEEP_HI,24,major,bull,-1,1299,67,-29.162725439156084,-0.7934734589494576,49.59223937988281,0.5488837567359507,-14.641516342082328,-1.1600468087886038,-16.601270639249414,-0.6278940493578495,2.9512630505324013,3.2855591094707153,-0.1873997935384544,19.0,0.8982529159269433,-64.17438678716319
SWEEP_HI,24,major,bear,-1,211,25,-11.104249945184065,-0.3428528226654116,-31.182968139648438,0.47393364928909953,23.982972570787673,1.4391707298869476,48.09278832905665,1.9122106314465313,2.3646346630423394,2.5982064003108256,-0.19209764365846432,19.0,0.910102701140085,-65.91564298158386
SWEEP_HI,24,major,flat,-1,1724,99,8.90332109963396,0.37858201314974593,30.96243381500244,0.5394431554524362,-4.345978108314655,-0.4887433015972474,35.97525617328587,2.326450226943611,2.814099282272426,2.9246717753926634,0.048489365871100844,19.0,0.962193195814121,35.05480958302519
SWEEP_HI,24,alt,all,-1,7104,139,-13.515765241166863,-0.580304319685564,13.984679222106934,0.518581081081081,-3.90986775859838,-0.6493926893287382,5.77408036046351,0.3548600743029257,2.847154451806001,3.2846149458551674,-0.1837687445360263,19.0,0.8668152884705116,-6.770365799259222
SWEEP_HI,24,alt,bull,-1,2492,70,-40.14659740174276,-0.8156603148081326,17.34060764312744,0.5180577849117175,-3.2975999560703437,-0.25264646554453835,-21.03721065139981,-0.5980671289603845,2.9223047920665595,3.355585326516151,-0.31191919536959295,19.0,0.870877807509239,-55.19402634739342
SWEEP_HI,24,alt,bear,-1,475,26,-41.89053179841292,-1.1631106830093036,-38.29646682739258,0.45052631578947366,-1.505636322623805,-0.10543058397412623,10.048026713321084,0.3452678352701661,2.2787011345147627,3.2268608443641216,-0.5572356641937523,19.0,0.7061665328688194,-92.48559904104033
SWEEP_HI,24,alt,flat,-1,4137,107,5.783738713110879,0.2238863659223419,21.160564422607422,0.5267101764563693,-4.5547266650493805,-0.7124685351784246,21.433643494124627,1.2563624192121656,2.8671546156406693,3.2484957796963756,-0.06369436447446775,19.0,0.8826099247414295,31.373011971727255
SWEEP_HI,24,both,all,-1,10338,139,-11.693949292065973,-0.5583664221331734,21.69278049468994,0.5249564712710388,-4.7617613979247535,-1.014172445797819,8.862733246326522,0.6122878505207473,2.8448753148395256,3.210698544186507,-0.14566283894762438,19.0,0.8860611719498351,-7.56952265660347
SWEEP_HI,24,both,bull,-1,3791,70,-36.382933545398764,-0.8450876003655555,30.066225051879883,0.5286204167765761,-7.184634349483577,-0.7450364792523718,-19.517219600019338,-0.6476787447510531,2.932227445125681,3.3315905874124794,-0.2692521674142648,19.0,0.8801283855838454,-57.923923711651256
SWEEP_HI,24,both,bear,-1,686,27,-32.42128184064136,-0.9576251627083946,-37.57202339172363,0.4577259475218659,6.334154459460484,0.5005059799160056,21.74984114614937,0.8235527641651221,2.3051325842513792,3.033499200493501,-0.4449264479649683,19.0,0.7598922669491298,-84.38367053387827
SWEEP_HI,24,both,flat,-1,5861,107,6.701356872873,0.2848928525753382,24.64049530029297,0.530455553659785,-4.493323745443398,-0.9142070405789552,25.711026237491627,1.6907037203362802,2.8515485083677032,3.1532436753763617,-0.030695771893720393,19.0,0.9043222795102731,32.45403725242225
SWEEP_HI,72,major,all,-1,3234,138,-13.584379597973072,-0.28503633728379235,45.49465370178223,0.5281385281385281,-17.884518444740852,-1.0960387738011343,50.47459291322554,1.4674898424146303,5.1666776646492805,5.339109895853432,-0.0867580002976415,25.0,0.9677039366921312,-18.260415184787675
SWEEP_HI,72,major,bull,-1,1299,67,-100.33883024693637,-1.079355507840705,17.185665130615234,0.5119322555812164,-38.94410363456852,-1.2625015738406202,-40.088590683112976,-0.6078806793862765,5.356088218182023,5.894937453297484,-0.6108134075552845,25.0,0.9085911870338774,-197.50592171782887
SWEEP_HI,72,major,bear,-1,211,25,-85.39489459313488,-1.040692948861618,-69.13905334472656,0.44075829383886256,47.17194814987092,2.2001135740967612,59.34839923065421,1.023467153689621,3.7940109920833054,4.755779807312185,-0.798888444721248,25.0,0.7977684303738948,-181.06237063673197
SWEEP_HI,72,major,flat,-1,1724,99,60.5722619664019,1.2087788309020053,73.40814590454102,0.5510440835266821,-9.978783694089428,-0.544608505449835,117.6261024020111,3.917411113970751,5.191960935456931,4.991698440843211,0.3952649102598174,25.0,1.0401191091543365,124.72723045684987
SWEEP_HI,72,alt,all,-1,7104,139,26.624547624272537,0.4680829411648198,42.99602508544922,0.5299831081081081,6.75632635566515,0.6605436543257188,79.17289892983044,1.885136335490011,5.280561512957764,5.702083642264689,0.012915094844054594,25.0,0.9260757723400372,45.91165930627655
SWEEP_HI,72,alt,bull,-1,2492,70,-13.822020645604661,-0.10951504329726525,53.017982482910156,0.528892455858748,13.924463938568893,0.5810913695970599,36.66882510189069,0.3746892257631086,5.617658877664083,5.973410988221795,-0.18770833922519756,25.0,0.9404440593056171,-47.80502741657056
SWEEP_HI,72,alt,bear,-1,475,26,-131.4050215436283,-1.2250918889766604,-78.92140197753906,0.4168421052631579,6.33083421079736,0.323440093344271,9.55408252741161,0.11198670257939043,3.7341442031515255,5.643861310030502,-1.3938043392385644,25.0,0.6616293346037847,-197.2781323722504
SWEEP_HI,72,alt,flat,-1,4137,107,69.13286125330006,1.1337756244646648,59.979671478271484,0.543630650229635,2.487317390766932,0.2401036876616625,112.76948819025462,2.841566318031536,5.255060325940557,5.545329439143134,0.2952804148560972,25.0,0.947655208515902,126.75179630121511
SWEEP_HI,72,both,all,-1,10338,139,14.046131041109227,0.27269817597047724,44.21697425842285,0.5294060746759528,-0.951982029371899,-0.12127067563786756,70.1953092937596,1.8995343836071996,5.244935631217617,5.5885358481174645,-0.018265287211298973,25.0,0.9385169521609865,26.038334759057243
SWEEP_HI,72,both,bull,-1,3791,70,-43.467321535113996,-0.39468143468930106,42.746700286865234,0.5230809812714323,-4.191143889841949,-0.2439615270136308,10.367616158414094,0.12517201568260655,5.528030735573026,5.946521744785583,-0.33268683665616106,25.0,0.9296242362891339,-98.0015678377454
SWEEP_HI,72,both,bear,-1,686,27,-117.25321864777682,-1.183623143035199,-78.50506210327148,0.42419825072886297,18.892751180395788,1.4642999890659374,24.869827169371067,0.32569631325337284,3.7525580405634873,5.370705046074868,-1.2108200043360078,25.0,0.6987086440924568,-192.78840889300872
SWEEP_HI,72,both,flat,-1,5861,107,66.61478017999987,1.2152118907956746,63.09164047241211,0.5458112950008531,-1.179558273845312,-0.14514053208792213,114.19805036412735,3.329669358622806,5.236499781802393,5.382480123144317,0.32469062984944536,25.0,0.9728786102313285,126.13340481314984
PULLBACK_UP,6,major,all,1,4704,137,4.696093587580194,0.7274539006179029,4.18337082862854,0.5099914965986394,0.16647284848181543,0.06254923505135429,0.14678081305900298,0.030325753131166845,1.220302246888241,1.3115691246885062,0.012016236520978473,17.0,0.9304139781256738,0.7231720502881522
PULLBACK_UP,6,major,bull,1,2109,67,24.139859294629225,2.599848269421331,11.739988327026367,0.525841631104789,6.459579874091504,1.5311260740239028,19.595101646676255,2.8395250074966345,1.2005745679447248,1.2672085299292493,0.10886255359398216,17.0,0.9474167349644934,4.172394086260713
PULLBACK_UP,6,major,bear,1,300,25,-12.618765837947528,-0.39501128416635806,5.84907865524292,0.51,-0.8201261764764786,-0.08839332809590597,-8.397291008234024,-0.4338528446617681,1.2678214939190873,1.256006212220769,-0.03475223484025587,17.0,1.0094070248883782,-30.912569150886927
PULLBACK_UP,6,major,flat,1,2295,100,-10.908457196083464,-1.3788207242052808,0.0,0.4954248366013072,-5.487637395319206,-1.7270713170116954,-16.608464107076458,-3.0014359394319063,1.2322194149852437,1.3595976075153449,-0.070867572323725,17.0,0.9063118441618296,-3.211202779454368
PULLBACK_UP,6,alt,all,1,10600,139,-0.3347509273675815,-0.054838498143445914,0.0,0.4862264150943396,1.4081090757813093,0.6235374894326384,-4.442014948643463,-1.0057615041142296,1.282540042165245,1.2732671361634404,0.0015520532736188037,17.0,1.0072827655237733,-3.4646863624387816
PULLBACK_UP,6,alt,bull,1,3998,68,11.908780254863423,1.146897008488756,0.9619726538658142,0.5012506253126563,-2.3594448000952983,-0.551220556594004,2.092947206386794,0.27904860774572265,1.197155459464151,1.2672321592968472,0.039222126937641114,17.0,0.9447009773871428,-3.215236192279633
PULLBACK_UP,6,alt,bear,1,719,25,-8.941018655834013,-0.24626854696494968,0.0,0.47983310152990266,11.093645890353452,0.9276065897943492,-0.9851858981668701,-0.04157724534327202,1.2760172846199556,1.24786442496042,-0.0006382517396850209,17.0,1.0225608320073942,-34.63042488850627
PULLBACK_UP,6,alt,flat,1,5883,109,-7.6034456698105854,-1.0895468892853515,-0.9996199011802673,0.47679755226925036,2.7847501476965406,0.9758520482651303,-9.30556055175474,-1.618311455307381,1.341363333736559,1.2804730492804917,-0.023780281454274407,17.0,1.0475529605955252,-1.6270023802718478
PULLBACK_UP,6,both,all,1,15304,139,1.211582880677004,0.21235915243111192,0.0,0.49353110297961317,1.0264665762245386,0.5860308878690252,-3.0315539408645553,-0.7590570858223374,1.263409972315335,1.2850400422025094,0.0047684357877053034,17.0,0.9831677853009924,-2.17497602549731
PULLBACK_UP,6,both,bull,1,6107,68,16.132678354563126,1.761256907440947,2.9928977489471436,0.5097429179629933,0.686129628897655,0.2122385823099133,8.13716592499994,1.2849779887299522,1.1983362192128868,1.2672239990976881,0.06327185017625635,17.0,0.9456388294935607,-0.5667170210557053
PULLBACK_UP,6,both,bear,1,1019,25,-10.023770524954772,-0.293383654052074,0.0,0.4887144259077527,7.586156567439832,0.8893354152555306,-3.167356195536984,-0.15264521559380295,1.273604392362585,1.2502614182657241,-0.010681622623071894,17.0,1.0186704746350093,-33.31484062162991
PULLBACK_UP,6,both,flat,1,8178,109,-8.530934230925315,-1.2731393656762044,-0.9984276294708252,0.48202494497432136,0.4632620807827306,0.20524145622137707,-11.35498139541619,-2.163065414325147,1.3107341709174993,1.3026778501057532,-0.0369944331472787,17.0,1.0061844306411536,-2.05433943435526
PULLBACK_UP,24,major,all,1,4704,137,18.097610770387348,1.0184495025044382,-1.9701275825500488,0.4963860544217687,6.784174604565903,1.1833409422754528,-5.079273320690152,-0.397771213216477,2.6571548305766566,2.6702353286341425,0.05726717013177904,19.0,0.9951013688129965,16.233339239353352
PULLBACK_UP,24,major,bull,1,2109,67,72.75214079254157,2.9254555468902943,15.710165977478027,0.5158843053579896,16.284484165138178,1.875632171605251,43.27266459635447,2.3424913617120318,2.7190200175080523,2.513651109227105,0.32255299836301426,19.0,1.0817014372150056,37.740479444534465
PULLBACK_UP,24,major,bear,1,300,25,29.175143860081832,0.5029009406324403,62.400875091552734,0.5766666666666667,13.169321127478034,0.8339274295693508,-15.504207636117934,-0.45098856908161217,2.79383604082407,2.4512413336693553,0.32625174691623815,19.0,1.1397637606909443,-25.63624917631796
PULLBACK_UP,24,major,flat,1,2295,100,-33.57544532705561,-1.3691391742410162,-25.94077491760254,0.46797385620915033,-2.7808349031119044,-0.3874094353283664,-48.14975557446739,-3.212771575668321,2.58243672935115,2.842755728293784,-0.22167975133881493,19.0,0.9084272361667611,-7.423956843664378
PULLBACK_UP,24,alt,all,1,10600,139,-10.049666480771354,-0.5009998145469425,-3.9984827041625977,0.4775471698113208,-1.898427093793761,-0.5526765059733558,-28.609836580012487,-1.9653061815959147,2.682913154903525,2.6813511778408707,-0.06674650426229414,19.0,1.0005825335657497,-3.3042670388637134
PULLBACK_UP,24,alt,bull,1,3998,68,26.432090658018026,0.8586018772573019,-0.9996199011802673,0.48999499749874936,-2.835347713918433,-0.5194753291604502,0.6052883561642811,0.02318011823463237,2.5868030079509694,2.6022541464998827,0.07756046895916563,19.0,0.9940624021793968,11.384661712367365
PULLBACK_UP,24,alt,bear,1,719,25,10.695243587994609,0.13637174106771294,12.823460578918457,0.5354659248956884,-9.7534666500768,-0.5837307444409823,-28.74214799101147,-0.6324524487833356,2.7149987616372693,2.4380994051605045,0.1963423468286537,19.0,1.1135718075689107,-39.899823654632804
PULLBACK_UP,24,alt,flat,1,5883,109,-37.3775018335374,-1.4101606596700214,-15.432219505310059,0.4620091789903111,-0.3016937808197776,-0.06033765990982841,-48.44783379067481,-2.906562055664191,2.7443068003692326,2.7648337472541717,-0.19696920745348698,19.0,0.9925757030037249,-11.788228574921025
PULLBACK_UP,24,both,all,1,15304,139,-1.3980203627988939,-0.07586847897883041,-3.4251718521118164,0.48333768949294303,0.7703495913267212,0.28271040681727455,-21.377232713581993,-1.632956922007242,2.6749958027319627,2.6779344923554778,-0.02862834401989215,19.0,0.9989026282637219,2.726406272663609
PULLBACK_UP,24,both,bull,1,6107,68,42.42832215199382,1.548142904690208,0.0,0.49893564761748815,3.767522014742185,0.9435797480559741,15.34010029174003,0.6868614317577777,2.632463016655061,2.571655848545357,0.1621665348692224,19.0,1.023645142153877,20.887331985741323
PULLBACK_UP,24,both,bear,1,1019,25,16.13584229420282,0.22753352440300273,25.813610076904297,0.5475956820412169,-3.0048539579605595,-0.2268723795229055,-24.84481520743143,-0.6212490547399514,2.7382089517805865,2.441968471453591,0.23458849013216232,19.0,1.1213121642601132,-35.8265463990341
PULLBACK_UP,24,both,flat,1,8178,109,-36.31052706190917,-1.4645965090491302,-17.550780296325684,0.46368305209097577,-0.9974175367088007,-0.2511567375289862,-48.36418381437302,-3.1622028080847118,2.698881046763644,2.7867010676853172,-0.20390375113370554,19.0,0.9684860274609153,-10.557846682359916
PULLBACK_UP,72,major,all,1,4704,137,13.509244439033727,0.310802539078332,-24.616294860839844,0.48575680272108845,17.831298024526664,1.4562555776613606,-31.602692383873677,-0.982054259018002,4.73631694932563,4.952908292131655,-0.045916676341359104,25.0,0.9562698661006689,8.833208852219126
PULLBACK_UP,72,major,bull,1,2109,67,150.36378485391128,2.247905485971052,52.31974792480469,0.5362731152204836,40.76325138494719,2.14996930450484,79.15915322483237,1.5224181192962045,4.929857395370619,4.506794418733199,0.678468164077573,25.0,1.0938722598215023,53.19669338301877
PULLBACK_UP,72,major,bear,1,300,25,103.18420757253965,0.8309568500718393,49.72809028625488,0.5333333333333333,21.046701713403067,0.6812052740852467,-28.243039250771204,-0.3692921408599002,5.171766060800717,4.346458789565794,0.7376742445663945,25.0,1.189880385663882,7.516731528942557
PULLBACK_UP,72,major,flat,1,2295,100,-123.9760342864689,-2.254636879198188,-104.93244171142578,0.43311546840958604,-3.6624321470593055,-0.2344135290450191,-133.82693130705093,-4.009362673891715,4.501540681721531,5.442140976126034,-0.814023388635849,25.0,0.8271635559367545,-59.82106579602093
PULLBACK_UP,72,alt,all,1,10600,139,-43.4338563109372,-0.9124972947442077,-15.087774753570557,0.47377358490566035,-2.8136872830087283,-0.33943984734470584,-80.3540925842123,-2.1490143092165153,4.779841609223211,5.310485668606093,-0.3412120055412996,25.0,0.9000761714658451,-24.146744628933195
PULLBACK_UP,72,alt,bull,1,3998,68,25.546563865468762,0.30399476815604104,-0.9996199011802673,0.4942471235617809,-16.825353548668694,-1.2813519291530393,-38.16574023405333,-0.5324906950361944,4.667781747120296,4.862596637372815,0.08381231246181263,25.0,0.9599360373107619,-8.436442905497138
PULLBACK_UP,72,alt,bear,1,719,25,85.85565756698642,0.7370728537145722,10.4384765625,0.5243393602225312,-21.189785101980757,-0.6651302728663414,-54.336683876159626,-0.7102059575561341,4.918112672896222,4.031625514279447,0.7184244831985672,25.0,1.2198833089722654,19.98254673836429
PULLBACK_UP,72,alt,flat,1,5883,109,-106.11325123589015,-1.7535506261377967,-47.200679779052734,0.4536800951895292,8.954297769166935,0.8221067444675993,-112.20443247151901,-2.6705886616408026,4.8390968249136,5.771162329804718,-0.7595573835423888,25.0,0.8384960512932484,-48.4943161879751
PULLBACK_UP,72,both,all,1,15304,139,-25.931220011416602,-0.5885587651225089,-17.141779899597168,0.4774568740198641,3.531974693379568,0.5784685214489683,-65.36934437835808,-1.9392184067232676,4.766463407435559,5.200576887964709,-0.2504468965138219,25.0,0.91652589897598,-13.939016293468587
PULLBACK_UP,72,both,bull,1,6107,68,68.65111914050155,0.9185370897585027,7.739646911621094,0.5087604388406747,3.062376565134465,0.2948977312400629,2.351404076539418,0.03785692637921534,4.758287321405531,4.739723396974755,0.2891716036125641,25.0,1.0039166683107763,14.11687283787014
PULLBACK_UP,72,both,bear,1,1019,25,90.95729152347903,0.7862520398226799,18.904211044311523,0.5269872423945045,-8.75509811020927,-0.3261622280274755,-46.65455101294419,-0.6341213204590708,4.9927898234078505,4.124314407886811,0.7240917338466027,25.0,1.2105744930261084,15.422101278247126
PULLBACK_UP,72,both,flat,1,8178,109,-111.12610121156614,-1.9705359186838842,-63.64019203186035,0.4479090242112986,5.413652726645632,0.743730409507695,-118.27237510144634,-3.137431208646512,4.744368120019273,5.678828751094449,-0.7748422308998713,25.0,0.8354483517582596,-51.60747657841616
PULLBACK_DN,6,major,all,-1,5192,139,3.515432228321333,0.5757052418313935,5.185756683349609,0.514637904468413,-0.06538786255296762,-0.02977264010999648,5.338783340949066,1.502326136881594,1.2772109268061378,1.1837067001365493,0.04443865703847442,17.0,1.0789927324554318,-0.4574893089707084
PULLBACK_DN,6,major,bull,-1,1278,62,-2.7234671647793065,-0.21567472411329655,6.443251609802246,0.5179968701095462,1.5160681994483225,0.2603486234441886,-1.1502875009776095,-0.13226832788478382,1.2798153245383672,1.1931318291121757,-0.006809551647116864,17.0,1.072652068540233,-22.69093237314782
PULLBACK_DN,6,major,bear,-1,673,24,-0.35774678354986,-0.02879211765343667,0.0,0.4933135215453195,1.815117435903464,0.311877977660159,7.371767134492854,0.8903538250262274,1.1637432118747753,1.1651580748138515,-0.011003512161159933,17.0,0.9987856901396814,-18.65155009648926
PULLBACK_DN,6,major,flat,-1,3241,106,6.779845341364199,0.8171289094481526,6.286689758300781,0.5177414378278309,-1.079482559590557,-0.42466351820460446,7.4754184668137125,1.6826172325414024,1.2997457468761837,1.1838418158450732,0.07615966616267672,17.0,1.0979049138827501,14.477099757993296
PULLBACK_DN,6,alt,all,-1,11956,139,3.6234203252948225,0.5637677780140218,0.0,0.4959852793576447,0.2454172547005538,0.1292838246035693,5.19733840137578,1.2045578800292813,1.239638806045923,1.1925739849827817,0.023717818717055097,17.0,1.0394649067108577,0.4934848902236224
PULLBACK_DN,6,alt,bull,-1,3023,68,0.7297499295184835,0.06487460964955111,0.0,0.4965266291763149,1.7590660545266388,0.40768049854034133,-0.809954388354872,-0.10398072154141452,1.2623325161861423,1.1696520240690254,0.025148123101217897,17.0,1.0792376623217363,-14.394266517624573
PULLBACK_DN,6,alt,bear,-1,1235,27,-12.530012034452879,-0.8515478431655858,-15.77681827545166,0.4348178137651822,1.8526267618785504,0.5336988842816929,6.884247551273238,0.7150465134785596,1.105241814391203,1.2711279072108106,-0.11187536982496635,17.0,0.8694969311281936,-38.219418267125135
PULLBACK_DN,6,alt,flat,-1,7698,108,7.351278804214059,0.8461198636822473,1.1358309984207153,0.5055858664588204,-0.606838404332842,-0.2701899887548881,7.285765694599007,1.2306656084546066,1.2522884811485073,1.1889729189774125,0.04490952795271012,17.0,1.0532523164829943,13.327722093752797
PULLBACK_DN,6,both,all,-1,17148,139,3.5907241391806193,0.6012981207060027,0.9993217885494232,0.5016328434802892,0.15131297613860586,0.09672425304678031,5.2401645109083494,1.3874828963342518,1.2510147362411081,1.1898891854188889,0.029991587819271633,17.0,1.0513707928194176,0.20416523300630507
PULLBACK_DN,6,both,bull,-1,4301,68,-0.2963396883640032,-0.028042892715978443,0.9996199011802673,0.5029063008602651,1.6868616232803966,0.4250369528758352,-0.9110810374903889,-0.1283453562087739,1.2675273613556712,1.1766288180344162,0.015652213236448803,17.0,1.0772533716054167,-16.995735063982835
PULLBACK_DN,6,both,bear,-1,1908,27,-8.236545308112348,-0.6384443324907566,-9.43513298034668,0.4554507337526205,1.839396271112705,0.6264236242476916,7.056208075123763,0.8168364178716641,1.1258767412813728,1.233749659200772,-0.0762953068230053,17.0,0.9125649866527382,-31.52761540478749
PULLBACK_DN,6,both,flat,-1,10939,109,7.181974859329116,0.8833810110195849,2.711782932281494,0.5091873114544291,-0.7468731156583978,-0.42509497218393894,7.341955897976634,1.39615790049494,1.2663490898168863,1.1874526789872935,0.054168299132754165,17.0,1.0664417304585803,13.658569655899171
PULLBACK_DN,24,major,all,-1,5192,139,19.623649819514416,1.1822827732980024,12.6256742477417,0.5167565485362096,-5.123960078797965,-1.1991874016717219,30.046333585376455,2.933522577808064,2.8588296911613633,2.424948011768483,0.17733673217474763,19.0,1.1789241160170094,17.75937828848042
PULLBACK_DN,24,major,bull,-1,1278,62,1.9221503174454206,0.052845430363398775,14.732939720153809,0.5117370892018779,1.0143916163366165,0.10362791879507116,21.399927852579125,0.9822712236891066,2.8007155505817796,2.577209006935977,-0.0026198756306573317,19.0,1.086724259865725,-33.08951103056168
PULLBACK_DN,24,major,bear,-1,673,24,-22.799013949078223,-0.6364221668255597,-24.90753746032715,0.4427934621099554,-0.5287823999884579,-0.044747445129055534,16.290036340237194,0.9616242157841292,2.348051840404626,2.4628333655740984,-0.24023465052206203,19.0,0.9533945224334264,-77.61040698547802
PULLBACK_DN,24,major,flat,-1,3241,106,35.41290285250023,1.652575283260159,22.857662200927734,0.5340944153039185,-8.4986493858701,-1.6013893129010666,36.31233005945659,2.7124095830001718,2.987809439763644,2.3570410710294403,0.33500723057964127,19.0,1.2676102578300492,61.564391335891465
PULLBACK_DN,24,alt,all,-1,11956,139,9.765025103116372,0.5228118084934381,1.00081205368042,0.5066075610572097,0.8766086483601694,0.25385823555987014,23.39346089194831,1.8729024634541467,2.6608260007059923,2.508216716057413,0.06979024794694401,19.0,1.0608437395666754,16.510424545024012
PULLBACK_DN,24,alt,bull,-1,3023,68,11.893290576696632,0.2849523314561014,19.646499633789062,0.543169037380086,10.907049634876213,1.3449564307189537,28.463796848049828,1.0383880421574296,2.7444840411898355,2.599592226743569,0.12483846597092903,19.0,1.0557363624016403,-3.1541383689540297
PULLBACK_DN,24,alt,bear,-1,1235,27,-53.90931193437653,-1.2081488001189442,-37.838069915771484,0.4251012145748988,-14.035971809422922,-1.2038889478842605,-11.35477600945273,-0.4654648717380517,2.1987806669986267,2.6551486256933043,-0.4446065575253789,19.0,0.8281196185108047,-104.50437917700395
PULLBACK_DN,24,alt,flat,-1,7698,108,19.14461197174077,0.8069047719646107,1.6374737620353699,0.5053260587165498,-0.6698951496231879,-0.18866428698130705,26.97704714525246,1.597030958366212,2.7021000628969425,2.448761133152168,0.13069818399160651,19.0,1.1034559583272476,44.733885230357146
PULLBACK_DN,24,both,all,-1,17148,139,12.749978422893527,0.7355155366414805,3.9036742448806763,0.509680429204572,-0.9402185519783559,-0.34136466356522427,25.40778996964127,2.275892455685672,2.72077673320216,2.4830049646771863,0.10235272439380405,19.0,1.0957596830886267,16.87440505835603
PULLBACK_DN,24,both,bull,-1,4301,68,8.930463966298342,0.23368912411892406,18.031152725219727,0.5338293420134852,7.96754325317577,1.1757432963700376,26.36483740229034,1.0853999267097283,2.761192683134245,2.592941272334338,0.0869654688616922,19.0,1.0648882458677655,-12.610526199954153
PULLBACK_DN,24,both,bear,-1,1908,27,-42.93592066388085,-1.097889526661145,-34.10774040222168,0.43134171907756813,-9.271643469512338,-1.2851247054167938,-1.6037494311815974,-0.08433860257742938,2.2514323964023153,2.5873141550118444,-0.37251940164842284,19.0,0.8701813005742275,-94.89830935711777
PULLBACK_DN,24,both,flat,-1,10939,109,23.964570902588328,1.084277078516047,8.741264343261719,0.513849529207423,-2.989393502276652,-1.0701004521340365,29.742898861582617,1.9980407449155375,2.786749856335555,2.4215863711684618,0.19123073906901955,19.0,1.150795152101428,49.71725128213758
PULLBACK_DN,72,major,all,-1,5192,139,16.436614029021943,0.3617741228208687,5.780345678329468,0.5042372881355932,-17.149032089873597,-1.8634001380704224,61.60785438588179,2.2747015166840927,5.5051900192654495,4.618205252766473,0.20738992945129361,25.0,1.1920626559349305,11.76057844220734
PULLBACK_DN,72,major,bull,-1,1278,62,-14.534723012840757,-0.13985319566998755,1.5739896893501282,0.5007824726134585,4.566797029291147,0.20498501629343932,52.67292927786218,0.8130252983269785,5.344032514458969,5.0930305549117705,-0.22989982617895888,25.0,1.04928341914327,-111.70181448373327
PULLBACK_DN,72,major,bear,-1,673,24,-64.86967368029822,-0.7472577717785176,-59.1551513671875,0.4442793462109955,-3.0624975951784257,-0.14140411519549867,67.4360839770152,1.3833522971301087,4.198723288143023,4.467488457130829,-0.4143037415688895,25.0,0.9398397619676414,-160.5371497238953
PULLBACK_DN,72,major,flat,-1,3241,106,45.53272645354308,0.8091925536723602,28.74089813232422,0.5180499845726627,-28.637173814409973,-2.670924472475535,63.920855241548644,1.8566228344537072,5.840028464556432,4.462267476561938,0.5089191328737085,25.0,1.3087580462693427,109.68769494399105
PULLBACK_DN,72,alt,all,-1,11956,139,29.20018223677343,0.5342591941254099,7.589060306549072,0.5130478420876547,5.804482214423268,0.7061402751412714,68.80177097103731,1.894595906345613,5.1639060995585515,4.798640528435677,0.17314257665551952,25.0,1.0761185525271983,48.48729391877744
PULLBACK_DN,72,alt,bull,-1,3023,68,6.841585786560297,0.05350165791229998,25.284637451171875,0.5325835262983791,18.74464854392002,0.9573866159323916,65.66831536228506,0.7675296537853976,5.219569214459512,5.053491812631021,0.019242855966639702,25.0,1.0328638905505667,-27.141420984405602
PULLBACK_DN,72,alt,bear,-1,1235,27,-126.13047142665879,-1.2081167030425577,-89.89456939697266,0.4202429149797571,-41.8351817586644,-1.487285055215419,3.4143093530948345,0.04814794731900208,3.904530434888336,5.001374577196957,-0.9519022430521884,25.0,0.7806914628411311,-192.00358225528092
PULLBACK_DN,72,alt,flat,-1,7698,108,62.90028542504741,0.9918256997542977,21.052451133728027,0.5202650038971162,8.365778939896712,1.012982945508105,80.52247133521205,1.8499774411484033,5.344090478555968,4.666035698305421,0.41407128644786867,25.0,1.145317100873617,120.51922047296245
PULLBACK_DN,72,both,all,-1,17148,139,25.33568222892145,0.5035835774186288,7.003017425537109,0.5103802192675531,-1.1452872203743372,-0.18621857246648038,66.62362687784118,2.0631038102203547,5.267238622950097,4.744009087376981,0.1835118474576923,25.0,1.1102926925172514,37.327885946869465
PULLBACK_DN,72,both,bull,-1,4301,68,0.4898251156385237,0.004193213216635357,15.068077087402344,0.5231341548477099,14.531838909952176,0.8833230572639034,61.80686374268672,0.8104798871722849,5.2565522643082225,5.065240362418233,-0.054787450423054676,25.0,1.0377695604160142,-54.044421186992885
PULLBACK_DN,72,both,bear,-1,1908,27,-104.52223406643832,-1.1463371877497222,-75.7967529296875,0.42872117400419285,-28.159072512319504,-1.6197882530491612,25.996413295389598,0.44461359931894767,4.008299716984983,4.813059399626462,-0.7622776143843373,25.0,0.8327966443331376,-180.05742431167022
PULLBACK_DN,72,both,flat,-1,10939,109,57.75463603966981,0.991721933937698,23.435970306396484,0.519608739372886,-2.5974324941199227,-0.44521560842157737,75.6037550211465,1.9856203997707746,5.491026671318332,4.605663378470827,0.4421727463862676,25.0,1.1922336089489596,117.27326067281979
SQUEEZE,6,major,all,0,2416,116,-3.7865034005179115,-0.6471781831344375,-4.82288122177124,0.4772350993377483,1.7051465309453229,0.7938071420312917,-7.091341928581997,-1.77302462463642,1.2635571413329127,1.3813391425706854,-0.05831465513404718,17.0,0.914733465802917,-7.759424937809953
SQUEEZE,6,major,bull,0,451,40,3.267691493298685,0.21902594889179874,-2.562731981277466,0.4878048780487805,3.2191306696894957,0.6623568662697931,-10.554994439652516,-1.1241433557627902,1.3110746702971925,1.3976221154085235,-0.03059524412312822,17.0,0.9380752177880118,-16.699773715069828
SQUEEZE,6,major,bear,0,270,22,11.98518336503594,0.623401326247063,9.189195156097412,0.5333333333333333,4.611081103483836,0.5631670814010372,-1.0628698043801166,-0.06673466519164888,1.3803252450845391,1.3075465288660655,0.09232136348530048,17.0,1.0556605173213904,-6.308619947903459
SQUEEZE,6,major,flat,0,1695,93,-8.175764358518398,-1.2005222558205917,-9.21972370147705,0.4654867256637168,0.8394184004680245,0.36277882233125197,-7.130032306777692,-1.5080958743416457,1.232313605299975,1.3887611985886101,-0.08968526244563914,17.0,0.8873473758860545,-0.4785099418893015
SQUEEZE,6,alt,all,0,4610,133,0.46991638005014164,0.09252684182188108,0.0,0.49392624728850326,-0.2733706815624832,-0.13865794811862694,-5.599754678852727,-1.410121063398381,1.3310862686038252,1.3102739796011469,0.01123539285554647,17.0,1.015883921474968,-2.6600190550210585
SQUEEZE,6,alt,bull,0,774,59,-9.149458264965727,-0.7317464278036693,0.0,0.49870801033591733,-1.0030405565383977,-0.19344143691864668,-14.486168207027962,-1.27949560303574,1.3263357467053956,1.3555916159428734,-0.016403698368870536,17.0,0.9784183754949465,-24.273474712108783
SQUEEZE,6,alt,bear,0,508,24,4.683812285971454,0.3246189236420798,1.2319494485855103,0.5019685039370079,-3.3305340595836714,-0.4019130038920957,-14.3776125066041,-1.3218759356893073,1.2897692368201008,1.2639149659031275,0.04164879612354619,17.0,1.0204557043902864,-21.005593946700806
SQUEEZE,6,alt,flat,0,3328,95,2.0638877908176463,0.3289322338210245,0.0,0.49158653846153844,0.3629885369670004,0.16769962262275517,-2.1931333305037697,-0.45491614626974036,1.3384979140652182,1.3068107970380751,0.013021044221999253,17.0,1.0242476700521321,8.040331080356385
SQUEEZE,6,both,all,0,7026,135,-0.9937201399971707,-0.20644047464332566,0.0,0.48818673498434384,0.4069734097296972,0.26631722997229895,-6.112660285932988,-1.636923645218466,1.3078653219077643,1.3347108474825025,-0.012680479040675886,17.0,0.979886635651929,-4.380279046171485
SQUEEZE,6,both,bull,0,1225,61,-4.577919864167972,-0.39553159651592457,0.0,0.4946938775510204,0.5514077887912185,0.13051310660863621,-13.038854436345247,-1.3639056732515138,1.3207171789828651,1.3710657018685946,-0.021628504193499282,17.0,0.9632778189862743,-21.2773152397868
SQUEEZE,6,both,bear,0,778,24,7.217707133461699,0.5212363784063014,3.6530948877334595,0.512853470437018,-0.5744465351257961,-0.08651544422281239,-9.7568149107166,-0.8879356686700844,1.3211961291483763,1.2790570250290827,0.059234391480453216,17.0,1.032945445976762,-16.07336296321344
SQUEEZE,6,both,flat,0,5023,97,-1.3914596893982794,-0.22960856714451425,-0.9996199011802673,0.48277921560820225,0.5237587178617318,0.3324154078741587,-3.8590787346017787,-0.88965507054705,1.3026662590070683,1.3344647748656993,-0.021636966887227698,17.0,0.9761713336630926,5.085135107171776
SQUEEZE,24,major,all,0,2416,116,-12.44568471712313,-0.6213349301897002,-5.267161846160889,0.4925496688741722,8.106618472812883,1.72692677548144,-25.159857202493985,-1.983931122579276,2.78671792298895,3.2737949483082973,-0.1763503432728121,19.0,0.8512194462359227,-14.309956248157128
SQUEEZE,24,major,bull,0,451,40,-39.15194565563271,-0.9097698470971122,-36.39398193359375,0.4434589800443459,-2.6755328329069386,-0.22458528281960588,-65.54547274773506,-2.1241157207263655,2.834564058339719,3.4606083586029253,-0.32111087473525535,19.0,0.8190941489501733,-74.16360700363981
SQUEEZE,24,major,bear,0,270,22,70.0071962904047,1.497011690886276,47.4202995300293,0.5888888888888889,21.44689484746368,2.6172488179726163,-9.771626203148454,-0.37048865299388967,2.8300081416939395,2.819656820629092,0.5875306241805969,19.0,1.0036711279859007,15.195803254004915
SQUEEZE,24,major,flat,0,1695,93,-18.47385827981617,-0.764210413985497,-6.411938667297363,0.4902654867256637,8.850497893298973,1.6175183052980011,-16.86540868268252,-1.1037984450094924,2.7670913943201927,3.296428840007712,-0.25951309343379064,19.0,0.8394209396353052,7.677630203575063
SQUEEZE,24,alt,all,0,4610,133,-19.167461052976567,-0.8037240235375576,0.0,0.4980477223427332,0.1571014149910457,0.035302540179792986,-30.001478373606783,-1.864861547200074,2.889789588109346,3.046909517214553,-0.09157957721177384,19.0,0.9484330177127006,-12.422061611068926
SQUEEZE,24,alt,bull,0,774,59,-68.64135751313017,-1.535675289208938,-5.511383533477783,0.458656330749354,-16.047237216502197,-1.3130813765894924,-88.50286023368822,-2.674505640626188,2.881951827824869,3.2308661398178233,-0.3010459502772963,19.0,0.8920059523070714,-83.68878645878084
SQUEEZE,24,alt,bear,0,508,24,67.13941698961371,1.330699358771039,39.7546501159668,0.5688976377952756,10.642551238963923,1.3990784202636817,-13.332613543966623,-0.4620730336904515,2.9178257771638836,2.589157534691239,0.5350303644565145,19.0,1.126940225949534,16.544349746986292
SQUEEZE,24,alt,flat,0,3328,95,-20.83545930582421,-0.7263429308944896,0.0,0.4963942307692308,2.3252353062763667,0.4500008301879932,-18.940094291201184,-0.9716662087315883,2.887332870086653,3.0739995356120624,-0.13851193226429068,19.0,0.9392756363939261,4.753813952792168
SQUEEZE,24,both,all,0,7026,135,-16.856073118529952,-0.7753148933335715,0.0,0.4961571306575576,2.8906672008859444,0.8861213778525034,-28.33661120175815,-1.9363998454706803,2.854346783820864,3.124927621615704,-0.12072933109783536,19.0,0.913412126436727,-12.73164648306745
SQUEEZE,24,both,bull,0,1225,61,-57.78443935171682,-1.4189942525816908,-16.385622024536133,0.4530612244897959,-11.124266867929576,-1.2195527107186315,-80.0507934939618,-2.7182433939539306,2.864505391875643,3.3154487852644206,-0.30843311838385906,19.0,0.863987223873581,-79.32542951796931
SQUEEZE,24,both,bear,0,778,24,68.13466173410416,1.4577693637983962,40.78523635864258,0.5758354755784062,14.392130640371294,2.753326980402869,-12.096795315147979,-0.46843410990620094,2.887349219867116,2.66915086014525,0.5532502489365945,19.0,1.081748230487801,16.17227304086724
SQUEEZE,24,both,flat,0,5023,97,-20.038542375885203,-0.7640020255985593,0.0,0.4943260999402747,4.527170421745871,1.0975302263663844,-18.23999632057822,-1.0518713163252114,2.8467576557875987,3.149057801777825,-0.17934350068601132,19.0,0.9040029859662911,5.714138003664051
SQUEEZE,72,major,all,0,2416,116,-50.358719406538455,-0.8840584986039165,-50.69659423828125,0.4602649006622517,21.936049630365872,1.6118798887621502,-84.41942594691322,-2.622076079337565,5.406815810598686,6.7726809932913685,-0.578955461511033,25.0,0.7983272526720762,-55.034754993353054
SQUEEZE,72,major,bull,0,451,40,-107.84121168875642,-0.9124132674188702,-31.760051727294922,0.4656319290465632,-28.19145867380493,-0.6905291948066614,-191.7127469003597,-2.2956958782263457,5.62347530833045,7.059076410110826,-0.49332048799070455,25.0,0.7966304629137967,-205.00830315964893
SQUEEZE,72,major,bear,0,270,22,91.73031042063678,0.759859881955606,86.51806259155273,0.562962962962963,21.20965157614814,0.8788864549025395,-60.71306585205926,-0.7430122197275679,5.937629791386984,5.118803962145642,1.1145976601251093,25.0,1.159964287614194,-3.9371656229603076
SQUEEZE,72,major,flat,0,1695,93,-57.69761854167533,-0.8574634396969825,-72.18363952636719,0.4424778761061947,35.38952085149851,2.271166749423582,-59.6474079384213,-1.6034096149080133,5.264613327831803,6.959927285576779,-0.8715104561419634,25.0,0.7564178635517911,6.457349948772638
SQUEEZE,72,alt,all,0,4610,133,-37.6850832706289,-0.6325962410879118,0.0,0.49522776572668115,1.4543482252936042,0.12534268097035925,-75.78552046787325,-1.921203867760302,5.59201991563722,5.991975250076994,-0.032883321432784635,25.0,0.9332515042623658,-18.397971588624895
SQUEEZE,72,alt,bull,0,774,59,-242.41851271985422,-1.7340197340295795,-39.712270736694336,0.437984496124031,-36.90539764187441,-1.2195762496279297,-281.25613374345835,-3.166376394595064,5.5739004395935074,7.047399091830034,-0.9174912348700931,25.0,0.790915963033123,-276.40151949082014
SQUEEZE,72,alt,bear,0,508,24,153.5159192840884,1.125347375107917,88.13972473144531,0.5688976377952756,54.53807858113698,1.6433773733234305,8.861954232017824,0.09229333348662863,6.161776466379627,4.592116212631726,1.5765612608885133,25.0,1.3418163175901714,87.64280845546627
SQUEEZE,72,alt,flat,0,3328,95,-19.25552645094621,-0.29119460793509927,0.0,0.4972956730769231,2.272830280708149,0.1842790564381894,-40.91973395111899,-0.9622490427173084,5.509263950096563,5.96019350052932,-0.0728206179528395,25.0,0.9243431357735769,38.36340859696884
SQUEEZE,72,both,all,0,7026,135,-42.043111295729595,-0.7508439464604331,-7.782031297683716,0.48320523768858525,8.49730162618381,0.9171135275129636,-78.75442391754028,-2.2030010603316446,5.528334587175349,6.260433131603599,-0.220658768405322,25.0,0.8830594418886918,-30.05090757778158
SQUEEZE,72,both,bull,0,1225,61,-192.87209413616026,-1.5596428492792318,-36.62968826293945,0.44816326530612244,-33.697245417711684,-1.2689506644735584,-248.28954805673385,-3.111544342356393,5.592152085144823,7.05169825145831,-0.7613271476516408,25.0,0.7930220332369371,-247.40634043879166
SQUEEZE,72,both,bear,0,778,24,132.07361286618104,1.024828217072121,86.51806259155273,0.5668380462724936,42.9716578981717,1.7682080013220403,-15.283618290733862,-0.17060905392342404,6.083987774544133,4.774899878915476,1.4162397027829616,25.0,1.2741602816446889,56.538422620949135
SQUEEZE,72,both,flat,0,5023,97,-32.22772356298799,-0.49587169615278964,-14.204930305480957,0.4787975313557635,13.447982683154827,1.2940169603671194,-47.23934522097314,-1.195979111577976,5.426707150427288,6.297551407289313,-0.34233669912555803,25.0,0.8617170070491148,27.290901070161986
ALL,6,major,all,1,14464,139,3.9729215372920414,0.6663981626503838,3.4207212924957275,0.508503871681416,1.58943327807742,1.1022854476527937,1.8622257499646526,0.514043633932048,1.142964093682064,1.2481912893667084,-0.013509403760459905,17.0,0.9156962585934778,0.0
ALL,6,major,bull,1,4821,64,19.967465208368512,1.900520242548492,6.874820709228516,0.5160755030076748,4.388906617168846,1.370602808124003,14.35555645312362,2.1880012942360656,1.2057375249492952,1.1877121021041028,0.08668992966874965,17.0,1.015176592722478,0.0
ALL,6,major,bear,1,1363,25,18.2938033129394,0.8637875881210552,11.10651969909668,0.5385179750550256,-0.3263154006614374,-0.08440607168883206,13.090895637763241,1.2277413046168169,1.081412515769474,1.1587444582065245,0.05437824010223636,17.0,0.93326229792137,0.0
ALL,6,major,flat,1,8280,103,-7.697254416629097,-0.9946518665377059,0.0,0.49915458937198065,0.2748082154398955,0.18693164020379313,-7.260361735180138,-1.521137321298534,1.1165467130728293,1.298129235340664,-0.08302532707532395,17.0,0.8601198422126418,0.0
ALL,6,alt,all,1,33049,139,3.1299354350712,0.49267189646762843,0.0,0.4988048049865351,-0.5912256026523024,-0.7516101792189105,-0.26343787231446014,-0.06289450614667734,1.215741911195999,1.2323650056715152,0.00584682705071183,17.0,0.9865112248408432,0.0
ALL,6,alt,bull,1,10001,64,15.124016447143056,1.5520391713123511,2.663972854614258,0.5134486551344866,-3.3524266567124794,-2.3164801326428983,10.03729390117475,1.5927077275478778,1.2521245816740616,1.1917257923860405,0.09396092812686951,17.0,1.0506817840764295,0.0
ALL,6,alt,bear,1,2840,25,25.68940623267226,1.1733716096659552,8.51268720626831,0.5334507042253521,-2.915001293253416,-0.8415465321653234,15.317231819660625,1.3758601512960862,1.1766391266182328,1.1203280857223157,0.09985999488536591,17.0,1.0502629913625805,0.0
ALL,6,alt,flat,1,20208,103,-5.976443289538738,-0.6868702551203111,0.0,0.4866884402216944,1.1018808256415908,1.2977756004737222,-7.550983418230674,-1.3249411628424947,1.2032314609163945,1.268222964139635,-0.0509735669275676,17.0,0.9487538823527527,0.0
ALL,6,both,all,1,47513,139,3.386558906174314,0.5641537704721126,0.9989240169525146,0.5017574137604445,0.07261482103962838,0.17026262168424636,0.38366078768690975,0.1005526759733962,1.1935867462406908,1.2371828737785022,-4.563443251987867e-05,17.0,0.9647617757553791,0.0
ALL,6,both,bull,1,14822,64,16.69939537561883,1.7449848640027013,4.003438472747803,0.514303063014438,-0.8344825389563149,-1.0664894537148053,11.441850895031552,1.9191277827130673,1.2370367392459076,1.1904203004922864,0.09159596499324409,17.0,1.0391596470039561,0.0
ALL,6,both,bear,1,4203,25,23.291070096675142,1.0977305010518086,9.840652465820312,0.5350939804901261,-2.0755107218513538,-0.9771001594650236,14.59524842305674,1.4137353716801797,1.14575788212933,1.1327862146054888,0.0851106178286432,17.0,1.0114511170392013,0.0
ALL,6,both,flat,1,28488,103,-6.476594796570055,-0.7957106539893302,0.0,0.4903117101937658,0.8614932514886128,1.963089994249783,-7.4665146055496,-1.4384967264302,1.178036652149731,1.2769151828122172,-0.06028936916090874,17.0,0.9225645273911453,0.0
ALL,24,major,all,1,14464,139,1.8642715310339972,0.13870650619127767,-8.989738941192627,0.4889380530973451,5.309799419381178,2.0369270456176545,-14.170515975112867,-1.6316337068867819,2.579452827201454,2.8994209732521132,-0.03781760897646631,19.0,0.8896441223946278,0.0
ALL,24,major,bull,1,4821,64,35.0116613480071,1.4242855749826469,-10.618242263793945,0.4878655880522713,5.7002692899622875,1.0288537401720699,14.47945442075577,0.8904377655540215,2.6857872644997483,2.753795937502442,0.16692931249459741,19.0,0.9753036628181047,0.0
ALL,24,major,bear,1,1363,25,54.81139303639979,1.6159916754157995,56.35564041137695,0.5818048422597212,9.203741681964976,1.2124055539919398,13.20093727702178,0.5934409699355679,2.499536206014026,2.5312846728802643,0.3019271671155722,19.0,0.9874575676112664,0.0
ALL,24,major,flat,1,8280,103,-26.151488483391233,-1.391559932480604,-19.753701210021973,0.4742753623188406,4.441454183877163,1.4327537317942753,-35.35756888104792,-2.957758593044038,2.5306953431994486,3.044810837353078,-0.21295734789258305,19.0,0.8311502679093977,0.0
ALL,24,alt,all,1,33049,139,-6.74539944190764,-0.42680508526903027,-1.0002158880233765,0.4857030469908318,-0.4935092825772034,-0.3249090623738904,-20.59813906924636,-1.9318318122132576,2.638683250252232,2.8223890485210483,-0.05307781333219739,19.0,0.9349112418200888,0.0
ALL,24,alt,bull,1,10001,64,15.047428945650662,0.47720248921849623,-2.420241355895996,0.4821517848215178,-3.0906884773959282,-1.051780391661757,-2.1395271462540593,-0.09488503175397807,2.6746937489999913,2.7510320808808784,0.06954282270127218,19.0,0.9722510208399884,0.0
ALL,24,alt,bear,1,2840,25,50.595067242627415,1.0676378572117622,36.68841552734375,0.5535211267605634,1.3172144899275942,0.17853375041962832,12.43273752621362,0.37793523782238825,2.6369456376962064,2.4995523410262903,0.26707866439767075,19.0,1.0549671612851699,0.0
ALL,24,alt,flat,1,20208,103,-25.589273258616377,-1.2201793265408536,-4.001762628555298,0.47792953285827394,0.5373662921193743,0.32004225997382757,-34.375468214780426,-2.4082096568068754,2.621105747366384,2.9030747810356194,-0.1587574143676069,19.0,0.9028722802763461,0.0
ALL,24,both,all,1,47513,139,-4.124426635462503,-0.2818273452019147,-2.0005319118499756,0.4866878538505251,1.2731452554466223,1.3925189409787624,-18.64142952799351,-1.9192620450070617,2.6206522095053533,2.845839257081024,-0.0484322722002694,19.0,0.9208714803496509,0.0
ALL,24,both,bull,1,14822,64,21.540990166252495,0.7590120211111492,-3.831226348876953,0.48401025502631223,-0.23134376032441561,-0.13616344651040768,3.265958627228223,0.16419214142542307,2.6783020230672103,2.75193105219194,0.10121872792955584,19.0,0.9732445952575435,0.0
ALL,24,both,bear,1,4203,25,51.96238869323692,1.2523914148176276,42.5576286315918,0.56269331429931,3.87475352460448,1.052460315663734,12.681858692131183,0.454472892060142,2.592384834607267,2.509842887854024,0.2783797610439948,19.0,1.0328872963135227,0.0
ALL,24,both,flat,1,28488,103,-25.752680379549254,-1.3012624437593494,-7.889401912689209,0.47686745296265093,1.672084339850155,1.584768556486066,-34.66091449099128,-2.625782428340785,2.594828081454343,2.9442701807235077,-0.17451055427166481,19.0,0.8813145269218143,0.0
ALL,72,major,all,1,14464,139,4.676035586814602,0.1256768260602589,-15.377597332000732,0.4891454646017699,15.38029409953356,2.047190521582474,-43.50874698653496,-1.8611569407623783,4.635928284780253,5.296549040627366,-0.08472491147825037,25.0,0.875273361809775,0.0
ALL,72,major,bull,1,4821,64,97.16709147089252,1.4648707370677316,29.733041763305664,0.5191868906865795,16.24981531102092,1.0377429424145694,25.987838636790908,0.5633491122513686,4.919034025920069,4.794737444852106,0.5023351194160743,25.0,1.0259235427377602,0.0
ALL,72,major,bear,1,1363,25,95.66747604359709,1.0252197596252277,70.94548797607422,0.5575935436537051,18.819342418291598,1.0232223035842467,-29.95862457042482,-0.7136835201129781,4.51906524791466,4.2072681430890695,0.6487408568597679,25.0,1.0741091592504637,0.0
ALL,72,major,flat,1,8280,103,-64.15496849044797,-1.374658131855427,-55.26677131652832,0.4603864734299517,14.30790465278866,1.7103875251389178,-86.20341560286492,-3.0995546484181546,4.490328229371166,5.768037394078722,-0.5472768741819046,25.0,0.7784845906132283,0.0
ALL,72,alt,all,1,33049,139,-19.287111682004006,-0.45516318851767235,-3.9984827041625977,0.48373627038639594,-1.4734257907341515,-0.3840550477628611,-62.00696789067232,-2.148504145808385,4.82428226435561,5.238699604632791,-0.11772170072576374,25.0,0.9208930895921774,0.0
ALL,72,alt,bull,1,10001,64,33.9830067709659,0.38421283198963463,-1.0002158880233765,0.48975102489751027,-7.102648965588999,-0.9908407247159468,-26.902216211281686,-0.40371273185192996,4.93055731657412,4.992701549815194,0.17269461987727974,25.0,0.9875529845673684,0.0
ALL,72,alt,bear,1,2840,25,65.87311082862213,0.5050201645669461,27.67900848388672,0.5316901408450704,10.663179035799605,0.5867859610275384,-29.29196066859008,-0.4439233600649937,4.736743694730829,4.572694089095424,0.6045844359948421,25.0,1.035875919630534,0.0
ALL,72,alt,flat,1,20208,103,-57.618935047915045,-1.1732745818541657,-15.666232585906982,0.47402019002375295,-0.3931653362424913,-0.09563239573289571,-83.97812990850186,-2.6288905460093814,4.783988951830719,5.45404413206534,-0.362961360792943,25.0,0.8771452588190034,0.0
ALL,72,both,all,1,47513,139,-11.992203717948016,-0.30347606783785885,-5.757081031799316,0.48538294782480584,3.6572164438717913,1.6523719480038386,-56.37570345446659,-2.155861681898205,4.766943179040475,5.256310242610304,-0.10767675387593251,25.0,0.9068991286696183,0.0
ALL,72,both,bull,1,14822,64,54.53424630263141,0.691612768731598,0.0,0.4993253272163001,0.49296770405992935,0.12204471390438308,-9.699210245652353,-0.16725048599740341,4.926809253948079,4.928311794719589,0.2799134060246638,25.0,0.9996951205942125,0.0
ALL,72,both,bear,1,4203,25,75.5351902452319,0.6575023322403171,42.77841567993164,0.5400904116107542,13.308158976398364,1.1162179447164828,-29.508154553482,-0.5335537190552295,4.666152278359086,4.454189315265621,0.6189040176362635,25.0,1.0475873269164862,0.0
ALL,72,both,flat,1,28488,103,-59.518624633149976,-1.269761724251622,-29.078340530395508,0.47005756809884863,3.8796814592214908,1.7118490158222095,-84.62490628976155,-2.862789589635619,4.698636846313832,5.545305863653053,-0.4165324240778561,25.0,0.8473178868475498,0.0
