event_id,strategy,side,signal_ts,signal_bar_ts,entry_type,outcome,entry_ts,exit_ts,exit_reason,symbol,candidate,scenario
impulse_breakout_retest_v2:EURUSD:long:1723453200:horizontal:1.092375,impulse_breakout_retest_v2,long,1723460400,1723456800,market_next_open,filled,1723460400,1723460400,SL,EURUSD,impulse_breakout_retest_v2:long,base
impulse_breakout_retest_v2:EURUSD:long:1726210800:range_edge:1.109025,impulse_breakout_retest_v2,long,1726218000,1726214400,market_next_open,filled,1726218000,1726225200,SL,EURUSD,impulse_breakout_retest_v2:long,base
impulse_breakout_retest_v2:EURUSD:long:1733407200:range_edge:1.05683,impulse_breakout_retest_v2,long,1733414400,1733410800,market_next_open,filled,1733414400,1733490000,TP,EURUSD,impulse_breakout_retest_v2:long,base
impulse_breakout_retest_v2:EURUSD:long:1740078000:range_edge:1.04986,impulse_breakout_retest_v2,long,1740085200,1740081600,market_next_open,filled,1740085200,1740096000,SL,EURUSD,impulse_breakout_retest_v2:long,base
impulse_breakout_retest_v2:EURUSD:long:1742223600:range_edge:1.091845,impulse_breakout_retest_v2,long,1742230800,1742227200,market_next_open,filled,1742230800,1742230800,SL,EURUSD,impulse_breakout_retest_v2:long,base
impulse_breakout_retest_v2:EURUSD:long:1764676800:horizontal:1.1615467,impulse_breakout_retest_v2,long,1764684000,1764680400,market_next_open,filled,1764684000,1764687600,SL,EURUSD,impulse_breakout_retest_v2:long,base
impulse_breakout_retest_v2:EURUSD:long:1764835200:horizontal:1.16759,impulse_breakout_retest_v2,long,1764842400,1764838800,market_next_open,filled,1764842400,1764842400,SL,EURUSD,impulse_breakout_retest_v2:long,base
impulse_breakout_retest_v2:EURUSD:long:1769529600:range_edge:1.197245,impulse_breakout_retest_v2,long,1769536800,1769533200,market_next_open,filled,1769536800,1769544000,TP,EURUSD,impulse_breakout_retest_v2:long,base
impulse_breakout_retest_v2:EURUSD:long:1723453200:horizontal:1.092375,impulse_breakout_retest_v2,long,1723460400,1723456800,market_next_open,filled,1723460400,1723460400,SL,EURUSD,impulse_breakout_retest_v2:long,stress
impulse_breakout_retest_v2:EURUSD:long:1726210800:range_edge:1.109025,impulse_breakout_retest_v2,long,1726218000,1726214400,market_next_open,filled,1726218000,1726225200,SL,EURUSD,impulse_breakout_retest_v2:long,stress
impulse_breakout_retest_v2:EURUSD:long:1733407200:range_edge:1.05683,impulse_breakout_retest_v2,long,1733414400,1733410800,market_next_open,filled,1733414400,1733490000,TP,EURUSD,impulse_breakout_retest_v2:long,stress
impulse_breakout_retest_v2:EURUSD:long:1740078000:range_edge:1.04986,impulse_breakout_retest_v2,long,1740085200,1740081600,market_next_open,filled,1740085200,1740096000,SL,EURUSD,impulse_breakout_retest_v2:long,stress
impulse_breakout_retest_v2:EURUSD:long:1742223600:range_edge:1.091845,impulse_breakout_retest_v2,long,1742230800,1742227200,market_next_open,filled,1742230800,1742230800,SL,EURUSD,impulse_breakout_retest_v2:long,stress
impulse_breakout_retest_v2:EURUSD:long:1764676800:horizontal:1.1615467,impulse_breakout_retest_v2,long,1764684000,1764680400,market_next_open,filled,1764684000,1764687600,SL,EURUSD,impulse_breakout_retest_v2:long,stress
impulse_breakout_retest_v2:EURUSD:long:1764835200:horizontal:1.16759,impulse_breakout_retest_v2,long,1764842400,1764838800,market_next_open,filled,1764842400,1764842400,SL,EURUSD,impulse_breakout_retest_v2:long,stress
impulse_breakout_retest_v2:EURUSD:long:1769529600:range_edge:1.197245,impulse_breakout_retest_v2,long,1769536800,1769533200,market_next_open,filled,1769536800,1769544000,TP,EURUSD,impulse_breakout_retest_v2:long,stress
impulse_breakout_retest_v2:GBPUSD:long:1723802400:range_edge:1.29063,impulse_breakout_retest_v2,long,1723809600,1723806000,market_next_open,filled,1723809600,1723809600,SL,GBPUSD,impulse_breakout_retest_v2:long,base
impulse_breakout_retest_v2:GBPUSD:long:1733407200:range_edge:1.275175,impulse_breakout_retest_v2,long,1733414400,1733410800,market_next_open,filled,1733414400,1733421600,SL,GBPUSD,impulse_breakout_retest_v2:long,base
impulse_breakout_retest_v2:GBPUSD:long:1740078000:range_edge:1.26634,impulse_breakout_retest_v2,long,1740085200,1740081600,market_next_open,filled,1740085200,1740096000,SL,GBPUSD,impulse_breakout_retest_v2:long,base
impulse_breakout_retest_v2:GBPUSD:long:1750744800:range_edge:1.357285,impulse_breakout_retest_v2,long,1750752000,1750748400,market_next_open,filled,1750752000,1750762800,TP,GBPUSD,impulse_breakout_retest_v2:long,base
impulse_breakout_retest_v2:GBPUSD:long:1754546400:range_edge:1.337125,impulse_breakout_retest_v2,long,1754553600,1754550000,market_next_open,filled,1754553600,1754553600,SL,GBPUSD,impulse_breakout_retest_v2:long,base
impulse_breakout_retest_v2:GBPUSD:long:1756706400:horizontal:1.3528463,impulse_breakout_retest_v2,long,1756713600,1756710000,market_next_open,filled,1756713600,1756796400,SL,GBPUSD,impulse_breakout_retest_v2:long,base
impulse_breakout_retest_v2:GBPUSD:long:1765371600:horizontal:1.332895,impulse_breakout_retest_v2,long,1765378800,1765375200,market_next_open,filled,1765378800,1765378800,SL,GBPUSD,impulse_breakout_retest_v2:long,base
impulse_breakout_retest_v2:GBPUSD:long:1769097600:range_edge:1.348475,impulse_breakout_retest_v2,long,1769104800,1769101200,market_next_open,filled,1769104800,1769158800,TP,GBPUSD,impulse_breakout_retest_v2:long,base
impulse_breakout_retest_v2:GBPUSD:long:1769187600:range_edge:1.3598,impulse_breakout_retest_v2,long,1769194800,1769191200,market_next_open,filled,1769194800,1769198400,TP,GBPUSD,impulse_breakout_retest_v2:long,base
impulse_breakout_retest_v2:GBPUSD:long:1776168000:range_edge:1.35787,impulse_breakout_retest_v2,long,1776175200,1776171600,market_next_open,filled,1776175200,1776178800,SL,GBPUSD,impulse_breakout_retest_v2:long,base
impulse_breakout_retest_v2:GBPUSD:long:1723802400:range_edge:1.29063,impulse_breakout_retest_v2,long,1723809600,1723806000,market_next_open,filled,1723809600,1723809600,SL,GBPUSD,impulse_breakout_retest_v2:long,stress
impulse_breakout_retest_v2:GBPUSD:long:1733407200:range_edge:1.275175,impulse_breakout_retest_v2,long,1733414400,1733410800,market_next_open,filled,1733414400,1733421600,SL,GBPUSD,impulse_breakout_retest_v2:long,stress
impulse_breakout_retest_v2:GBPUSD:long:1740078000:range_edge:1.26634,impulse_breakout_retest_v2,long,1740085200,1740081600,market_next_open,filled,1740085200,1740096000,SL,GBPUSD,impulse_breakout_retest_v2:long,stress
impulse_breakout_retest_v2:GBPUSD:long:1750744800:range_edge:1.357285,impulse_breakout_retest_v2,long,1750752000,1750748400,market_next_open,filled,1750752000,1750762800,TP,GBPUSD,impulse_breakout_retest_v2:long,stress
impulse_breakout_retest_v2:GBPUSD:long:1754546400:range_edge:1.337125,impulse_breakout_retest_v2,long,1754553600,1754550000,market_next_open,filled,1754553600,1754553600,SL,GBPUSD,impulse_breakout_retest_v2:long,stress
impulse_breakout_retest_v2:GBPUSD:long:1756706400:horizontal:1.3528463,impulse_breakout_retest_v2,long,1756713600,1756710000,market_next_open,filled,1756713600,1756796400,SL,GBPUSD,impulse_breakout_retest_v2:long,stress
impulse_breakout_retest_v2:GBPUSD:long:1765371600:horizontal:1.332895,impulse_breakout_retest_v2,long,1765378800,1765375200,market_next_open,filled,1765378800,1765378800,SL,GBPUSD,impulse_breakout_retest_v2:long,stress
impulse_breakout_retest_v2:GBPUSD:long:1769097600:range_edge:1.348475,impulse_breakout_retest_v2,long,1769104800,1769101200,market_next_open,filled,1769104800,1769162400,TP,GBPUSD,impulse_breakout_retest_v2:long,stress
impulse_breakout_retest_v2:GBPUSD:long:1769187600:range_edge:1.3598,impulse_breakout_retest_v2,long,1769194800,1769191200,market_next_open,filled,1769194800,1769198400,TP,GBPUSD,impulse_breakout_retest_v2:long,stress
impulse_breakout_retest_v2:GBPUSD:long:1776168000:range_edge:1.35787,impulse_breakout_retest_v2,long,1776175200,1776171600,market_next_open,filled,1776175200,1776178800,SL,GBPUSD,impulse_breakout_retest_v2:long,stress
impulse_breakout_retest_v2:USDJPY:long:1725019200:range_edge:145.5555,impulse_breakout_retest_v2,long,1725026400,1725022800,market_next_open,filled,1725026400,1725026400,SL,USDJPY,impulse_breakout_retest_v2:long,base
impulse_breakout_retest_v2:USDJPY:long:1748437200:horizontal:144.77175,impulse_breakout_retest_v2,long,1748444400,1748440800,market_next_open,filled,1748444400,1748473200,TP,USDJPY,impulse_breakout_retest_v2:long,base
impulse_breakout_retest_v2:USDJPY:long:1753977600:range_edge:150.6345,impulse_breakout_retest_v2,long,1753984800,1753981200,market_next_open,filled,1753984800,1754010000,TP,USDJPY,impulse_breakout_retest_v2:long,base
impulse_breakout_retest_v2:USDJPY:long:1763460000:horizontal:155.34125,impulse_breakout_retest_v2,long,1763467200,1763463600,market_next_open,filled,1763467200,1763467200,SL,USDJPY,impulse_breakout_retest_v2:long,base
impulse_breakout_retest_v2:USDJPY:long:1763571600:range_edge:156.7215,impulse_breakout_retest_v2,long,1763578800,1763575200,market_next_open,filled,1763578800,1763586000,TP,USDJPY,impulse_breakout_retest_v2:long,base
impulse_breakout_retest_v2:USDJPY:long:1766037600:range_edge:155.8855,impulse_breakout_retest_v2,long,1766044800,1766041200,market_next_open,filled,1766044800,1766044800,SL,USDJPY,impulse_breakout_retest_v2:long,base
impulse_breakout_retest_v2:USDJPY:long:1766138400:range_edge:157.213,impulse_breakout_retest_v2,long,1766145600,1766142000,market_next_open,filled,1766145600,1766152800,SL,USDJPY,impulse_breakout_retest_v2:long,base
impulse_breakout_retest_v2:USDJPY:long:1770112800:range_edge:155.878,impulse_breakout_retest_v2,long,1770120000,1770116400,market_next_open,filled,1770120000,1770120000,SL,USDJPY,impulse_breakout_retest_v2:long,base
impulse_breakout_retest_v2:USDJPY:long:1725019200:range_edge:145.5555,impulse_breakout_retest_v2,long,1725026400,1725022800,market_next_open,filled,1725026400,1725026400,SL,USDJPY,impulse_breakout_retest_v2:long,stress
impulse_breakout_retest_v2:USDJPY:long:1748437200:horizontal:144.77175,impulse_breakout_retest_v2,long,1748444400,1748440800,market_next_open,filled,1748444400,1748473200,TP,USDJPY,impulse_breakout_retest_v2:long,stress
impulse_breakout_retest_v2:USDJPY:long:1753977600:range_edge:150.6345,impulse_breakout_retest_v2,long,1753984800,1753981200,market_next_open,filled,1753984800,1754017200,SL,USDJPY,impulse_breakout_retest_v2:long,stress
impulse_breakout_retest_v2:USDJPY:long:1763460000:horizontal:155.34125,impulse_breakout_retest_v2,long,1763467200,1763463600,market_next_open,filled,1763467200,1763467200,SL,USDJPY,impulse_breakout_retest_v2:long,stress
impulse_breakout_retest_v2:USDJPY:long:1763571600:range_edge:156.7215,impulse_breakout_retest_v2,long,1763578800,1763575200,market_next_open,filled,1763578800,1763586000,TP,USDJPY,impulse_breakout_retest_v2:long,stress
impulse_breakout_retest_v2:USDJPY:long:1766037600:range_edge:155.8855,impulse_breakout_retest_v2,long,1766044800,1766041200,market_next_open,filled,1766044800,1766044800,SL,USDJPY,impulse_breakout_retest_v2:long,stress
impulse_breakout_retest_v2:USDJPY:long:1766138400:range_edge:157.213,impulse_breakout_retest_v2,long,1766145600,1766142000,market_next_open,filled,1766145600,1766152800,SL,USDJPY,impulse_breakout_retest_v2:long,stress
impulse_breakout_retest_v2:USDJPY:long:1770112800:range_edge:155.878,impulse_breakout_retest_v2,long,1770120000,1770116400,market_next_open,filled,1770120000,1770120000,SL,USDJPY,impulse_breakout_retest_v2:long,stress
impulse_breakout_retest_v2:GBPJPY:long:1766167200:range_edge:210.8015,impulse_breakout_retest_v2,long,1766174400,1766170800,market_next_open,censored_trade_at_segment_end,,,,GBPJPY,impulse_breakout_retest_v2:long,base
impulse_breakout_retest_v2:GBPJPY:long:1766167200:range_edge:210.8015,impulse_breakout_retest_v2,long,1766174400,1766170800,market_next_open,censored_trade_at_segment_end,,,,GBPJPY,impulse_breakout_retest_v2:long,stress
impulse_breakout_retest_v2:EURUSD:short:1722499200:horizontal:1.080015,impulse_breakout_retest_v2,short,1722517200,1722513600,market_next_open,filled,1722517200,1722520800,SL,EURUSD,impulse_breakout_retest_v2:short,base
impulse_breakout_retest_v2:EURUSD:short:1742475600:range_edge:1.083105,impulse_breakout_retest_v2,short,1742482800,1742479200,market_next_open,filled,1742482800,1742482800,SL,EURUSD,impulse_breakout_retest_v2:short,base
impulse_breakout_retest_v2:EURUSD:short:1743141600:horizontal:1.0788325,impulse_breakout_retest_v2,short,1743148800,1743145200,market_next_open,filled,1743148800,1743166800,SL,EURUSD,impulse_breakout_retest_v2:short,base
impulse_breakout_retest_v2:EURUSD:short:1753707600:range_edge:1.164375,impulse_breakout_retest_v2,short,1753714800,1753711200,market_next_open,filled,1753714800,1753714800,TP,EURUSD,impulse_breakout_retest_v2:short,base
impulse_breakout_retest_v2:EURUSD:short:1762246800:horizontal:1.150695,impulse_breakout_retest_v2,short,1762254000,1762250400,market_next_open,filled,1762254000,1762254000,TP,EURUSD,impulse_breakout_retest_v2:short,base
impulse_breakout_retest_v2:EURUSD:short:1763571600:range_edge:1.15349,impulse_breakout_retest_v2,short,1763578800,1763575200,market_next_open,filled,1763578800,1763586000,SL,EURUSD,impulse_breakout_retest_v2:short,base
impulse_breakout_retest_v2:EURUSD:short:1770112800:horizontal:1.1788875,impulse_breakout_retest_v2,short,1770120000,1770116400,market_next_open,filled,1770120000,1770120000,SL,EURUSD,impulse_breakout_retest_v2:short,base
impulse_breakout_retest_v2:EURUSD:short:1772798400:range_edge:1.155885,impulse_breakout_retest_v2,short,1772805600,1772802000,market_next_open,filled,1772805600,1772812800,SL,EURUSD,impulse_breakout_retest_v2:short,base
impulse_breakout_retest_v2:EURUSD:short:1775239200:horizontal:1.1516675,impulse_breakout_retest_v2,short,1775246400,1775242800,market_next_open,filled,1775246400,1775246400,SL,EURUSD,impulse_breakout_retest_v2:short,base
impulse_breakout_retest_v2:EURUSD:short:1722499200:horizontal:1.080015,impulse_breakout_retest_v2,short,1722517200,1722513600,market_next_open,filled,1722517200,1722520800,SL,EURUSD,impulse_breakout_retest_v2:short,stress
impulse_breakout_retest_v2:EURUSD:short:1742475600:range_edge:1.083105,impulse_breakout_retest_v2,short,1742482800,1742479200,market_next_open,filled,1742482800,1742482800,SL,EURUSD,impulse_breakout_retest_v2:short,stress
impulse_breakout_retest_v2:EURUSD:short:1743141600:horizontal:1.0788325,impulse_breakout_retest_v2,short,1743148800,1743145200,market_next_open,filled,1743148800,1743166800,SL,EURUSD,impulse_breakout_retest_v2:short,stress
impulse_breakout_retest_v2:EURUSD:short:1753707600:range_edge:1.164375,impulse_breakout_retest_v2,short,1753714800,1753711200,market_next_open,filled,1753714800,1753714800,TP,EURUSD,impulse_breakout_retest_v2:short,stress
impulse_breakout_retest_v2:EURUSD:short:1762246800:horizontal:1.150695,impulse_breakout_retest_v2,short,1762254000,1762250400,market_next_open,filled,1762254000,1762257600,TP,EURUSD,impulse_breakout_retest_v2:short,stress
impulse_breakout_retest_v2:EURUSD:short:1763571600:range_edge:1.15349,impulse_breakout_retest_v2,short,1763578800,1763575200,market_next_open,filled,1763578800,1763586000,SL,EURUSD,impulse_breakout_retest_v2:short,stress
impulse_breakout_retest_v2:EURUSD:short:1770112800:horizontal:1.1788875,impulse_breakout_retest_v2,short,1770120000,1770116400,market_next_open,filled,1770120000,1770120000,SL,EURUSD,impulse_breakout_retest_v2:short,stress
impulse_breakout_retest_v2:EURUSD:short:1772798400:range_edge:1.155885,impulse_breakout_retest_v2,short,1772805600,1772802000,market_next_open,filled,1772805600,1772809200,SL,EURUSD,impulse_breakout_retest_v2:short,stress
impulse_breakout_retest_v2:EURUSD:short:1775239200:horizontal:1.1516675,impulse_breakout_retest_v2,short,1775246400,1775242800,market_next_open,filled,1775246400,1775246400,SL,EURUSD,impulse_breakout_retest_v2:short,stress
impulse_breakout_retest_v2:GBPUSD:short:1722938400:range_edge:1.269955,impulse_breakout_retest_v2,short,1722945600,1722942000,market_next_open,filled,1722945600,1722952800,SL,GBPUSD,impulse_breakout_retest_v2:short,base
impulse_breakout_retest_v2:GBPUSD:short:1723053600:sloped:1.2695836,impulse_breakout_retest_v2,short,1723060800,1723057200,market_next_open,filled,1723060800,1723086000,SL,GBPUSD,impulse_breakout_retest_v2:short,base
impulse_breakout_retest_v2:GBPUSD:short:1746075600:range_edge:1.3293,impulse_breakout_retest_v2,short,1746082800,1746079200,market_next_open,filled,1746082800,1746082800,SL,GBPUSD,impulse_breakout_retest_v2:short,base
impulse_breakout_retest_v2:GBPUSD:short:1761314400:horizontal:1.3305075,impulse_breakout_retest_v2,short,1761321600,1761318000,market_next_open,filled,1761321600,1761332400,SL,GBPUSD,impulse_breakout_retest_v2:short,base
impulse_breakout_retest_v2:GBPUSD:short:1770300000:range_edge:1.35405,impulse_breakout_retest_v2,short,1770307200,1770303600,market_next_open,filled,1770307200,1770310800,SL,GBPUSD,impulse_breakout_retest_v2:short,base
impulse_breakout_retest_v2:GBPUSD:short:1772679600:horizontal:1.3347475,impulse_breakout_retest_v2,short,1772697600,1772694000,market_next_open,filled,1772697600,1772701200,SL,GBPUSD,impulse_breakout_retest_v2:short,base
impulse_breakout_retest_v2:GBPUSD:short:1722938400:range_edge:1.269955,impulse_breakout_retest_v2,short,1722945600,1722942000,market_next_open,filled,1722945600,1722952800,SL,GBPUSD,impulse_breakout_retest_v2:short,stress
impulse_breakout_retest_v2:GBPUSD:short:1723053600:sloped:1.2695836,impulse_breakout_retest_v2,short,1723060800,1723057200,market_next_open,filled,1723060800,1723086000,SL,GBPUSD,impulse_breakout_retest_v2:short,stress
impulse_breakout_retest_v2:GBPUSD:short:1746075600:range_edge:1.3293,impulse_breakout_retest_v2,short,1746082800,1746079200,market_next_open,filled,1746082800,1746082800,SL,GBPUSD,impulse_breakout_retest_v2:short,stress
impulse_breakout_retest_v2:GBPUSD:short:1761314400:horizontal:1.3305075,impulse_breakout_retest_v2,short,1761321600,1761318000,market_next_open,filled,1761321600,1761332400,SL,GBPUSD,impulse_breakout_retest_v2:short,stress
impulse_breakout_retest_v2:GBPUSD:short:1770300000:range_edge:1.35405,impulse_breakout_retest_v2,short,1770307200,1770303600,market_next_open,filled,1770307200,1770307200,SL,GBPUSD,impulse_breakout_retest_v2:short,stress
impulse_breakout_retest_v2:GBPUSD:short:1772679600:horizontal:1.3347475,impulse_breakout_retest_v2,short,1772697600,1772694000,market_next_open,filled,1772697600,1772701200,SL,GBPUSD,impulse_breakout_retest_v2:short,stress
impulse_breakout_retest_v2:USDJPY:short:1769194800:range_edge:156.021,impulse_breakout_retest_v2,short,1769202000,1769198400,market_next_open,filled,1769202000,1769378400,TP_GAP,USDJPY,impulse_breakout_retest_v2:short,base
impulse_breakout_retest_v2:USDJPY:short:1769194800:range_edge:156.021,impulse_breakout_retest_v2,short,1769202000,1769198400,market_next_open,filled,1769202000,1769378400,TP_GAP,USDJPY,impulse_breakout_retest_v2:short,stress
sweep_reclaim_bounce_v2:EURUSD:long:1723726800:liquidity:1.09519,sweep_reclaim_bounce_v2,long,1723730400,1723726800,market_next_open,filled,1723730400,1723827600,TP,EURUSD,sweep_reclaim_bounce_v2:long,base
sweep_reclaim_bounce_v2:EURUSD:long:1726063200:liquidity:1.100345,sweep_reclaim_bounce_v2,long,1726066800,1726063200,market_next_open,filled,1726066800,1726142400,TP,EURUSD,sweep_reclaim_bounce_v2:long,base
sweep_reclaim_bounce_v2:EURUSD:long:1731394800:liquidity:1.062865,sweep_reclaim_bounce_v2,long,1731398400,1731394800,market_next_open,filled,1731398400,1731398400,SL,EURUSD,sweep_reclaim_bounce_v2:long,base
sweep_reclaim_bounce_v2:EURUSD:long:1731427200:failed_break,sweep_reclaim_bounce_v2,long,1731445200,1731441600,market_next_open,filled,1731445200,1731484800,SL,EURUSD,sweep_reclaim_bounce_v2:long,base
sweep_reclaim_bounce_v2:EURUSD:long:1732118400:liquidity:1.051595,sweep_reclaim_bounce_v2,long,1732122000,1732118400,market_next_open,filled,1732122000,1732143600,TP,EURUSD,sweep_reclaim_bounce_v2:long,base
sweep_reclaim_bounce_v2:EURUSD:long:1733320800:liquidity:1.04793,sweep_reclaim_bounce_v2,long,1733324400,1733320800,market_next_open,filled,1733324400,1733324400,TP,EURUSD,sweep_reclaim_bounce_v2:long,base
sweep_reclaim_bounce_v2:EURUSD:long:1733716800:failed_break,sweep_reclaim_bounce_v2,long,1733734800,1733731200,market_next_open,filled,1733734800,1733821200,SL,EURUSD,sweep_reclaim_bounce_v2:long,base
sweep_reclaim_bounce_v2:EURUSD:long:1733832000:liquidity:1.052315,sweep_reclaim_bounce_v2,long,1733835600,1733832000,market_next_open,filled,1733835600,1733835600,SL,EURUSD,sweep_reclaim_bounce_v2:long,base
sweep_reclaim_bounce_v2:EURUSD:long:1740628800:failed_break,sweep_reclaim_bounce_v2,long,1740646800,1740643200,market_next_open,filled,1740646800,1740661200,SL,EURUSD,sweep_reclaim_bounce_v2:long,base
sweep_reclaim_bounce_v2:EURUSD:long:1740672000:liquidity:1.04096,sweep_reclaim_bounce_v2,long,1740675600,1740672000,market_next_open,filled,1740675600,1740675600,SL,EURUSD,sweep_reclaim_bounce_v2:long,base
sweep_reclaim_bounce_v2:EURUSD:long:1741870800:liquidity:1.082625,sweep_reclaim_bounce_v2,long,1741874400,1741870800,market_next_open,filled,1741874400,1741946400,TP,EURUSD,sweep_reclaim_bounce_v2:long,base
sweep_reclaim_bounce_v2:EURUSD:long:1742403600:failed_break,sweep_reclaim_bounce_v2,long,1742410800,1742407200,market_next_open,filled,1742410800,1742454000,SL,EURUSD,sweep_reclaim_bounce_v2:long,base
sweep_reclaim_bounce_v2:EURUSD:long:1742464800:liquidity:1.08384,sweep_reclaim_bounce_v2,long,1742468400,1742464800,market_next_open,filled,1742468400,1742472000,SL,EURUSD,sweep_reclaim_bounce_v2:long,base
sweep_reclaim_bounce_v2:EURUSD:long:1742889600:liquidity:1.07817,sweep_reclaim_bounce_v2,long,1742893200,1742889600,market_next_open,filled,1742893200,1742896800,TP,EURUSD,sweep_reclaim_bounce_v2:long,base
sweep_reclaim_bounce_v2:EURUSD:long:1746687600:liquidity:1.127685,sweep_reclaim_bounce_v2,long,1746691200,1746687600,market_next_open,filled,1746691200,1746716400,SL,EURUSD,sweep_reclaim_bounce_v2:long,base
sweep_reclaim_bounce_v2:EURUSD:long:1747411200:liquidity:1.114015,sweep_reclaim_bounce_v2,long,1747414800,1747411200,market_next_open,filled,1747414800,1747602000,TP_GAP,EURUSD,sweep_reclaim_bounce_v2:long,base
sweep_reclaim_bounce_v2:EURUSD:long:1747926000:liquidity:1.127495,sweep_reclaim_bounce_v2,long,1747929600,1747926000,market_next_open,filled,1747929600,1747933200,SL,EURUSD,sweep_reclaim_bounce_v2:long,base
sweep_reclaim_bounce_v2:EURUSD:long:1749013200:failed_break,sweep_reclaim_bounce_v2,long,1749020400,1749016800,market_next_open,filled,1749020400,1749045600,TP,EURUSD,sweep_reclaim_bounce_v2:long,base
sweep_reclaim_bounce_v2:EURUSD:long:1753794000:liquidity:1.152495,sweep_reclaim_bounce_v2,long,1753797600,1753794000,market_next_open,filled,1753797600,1753876800,SL,EURUSD,sweep_reclaim_bounce_v2:long,base
sweep_reclaim_bounce_v2:EURUSD:long:1758722400:liquidity:1.173025,sweep_reclaim_bounce_v2,long,1758726000,1758722400,market_next_open,filled,1758726000,1758801600,SL,EURUSD,sweep_reclaim_bounce_v2:long,base
sweep_reclaim_bounce_v2:EURUSD:long:1759939200:liquidity:1.160305,sweep_reclaim_bounce_v2,long,1759942800,1759939200,market_next_open,filled,1759942800,1759946400,TP,EURUSD,sweep_reclaim_bounce_v2:long,base
sweep_reclaim_bounce_v2:EURUSD:long:1760958000:liquidity:1.165045,sweep_reclaim_bounce_v2,long,1760961600,1760958000,market_next_open,filled,1760961600,1760979600,SL,EURUSD,sweep_reclaim_bounce_v2:long,base
sweep_reclaim_bounce_v2:EURUSD:long:1761040800:liquidity:1.161275,sweep_reclaim_bounce_v2,long,1761044400,1761040800,market_next_open,filled,1761044400,1761048000,SL,EURUSD,sweep_reclaim_bounce_v2:long,base
sweep_reclaim_bounce_v2:EURUSD:long:1761724800:failed_break,sweep_reclaim_bounce_v2,long,1761732000,1761728400,market_next_open,filled,1761732000,1761760800,SL,EURUSD,sweep_reclaim_bounce_v2:long,base
sweep_reclaim_bounce_v2:EURUSD:long:1762164000:liquidity:1.15096,sweep_reclaim_bounce_v2,long,1762167600,1762164000,market_next_open,filled,1762167600,1762174800,SL,EURUSD,sweep_reclaim_bounce_v2:long,base
sweep_reclaim_bounce_v2:EURUSD:long:1762351200:liquidity:1.1473,sweep_reclaim_bounce_v2,long,1762354800,1762351200,market_next_open,filled,1762354800,1762416000,TP,EURUSD,sweep_reclaim_bounce_v2:long,base
sweep_reclaim_bounce_v2:EURUSD:long:1763485200:failed_break,sweep_reclaim_bounce_v2,long,1763496000,1763492400,market_next_open,filled,1763496000,1763499600,SL,EURUSD,sweep_reclaim_bounce_v2:long,base
sweep_reclaim_bounce_v2:EURUSD:long:1763643600:liquidity:1.150715,sweep_reclaim_bounce_v2,long,1763647200,1763643600,market_next_open,filled,1763647200,1763726400,SL,EURUSD,sweep_reclaim_bounce_v2:long,base
sweep_reclaim_bounce_v2:EURUSD:long:1765292400:liquidity:1.161645,sweep_reclaim_bounce_v2,long,1765296000,1765292400,market_next_open,filled,1765296000,1765353600,TP,EURUSD,sweep_reclaim_bounce_v2:long,base
sweep_reclaim_bounce_v2:EURUSD:long:1765954800:liquidity:1.170655,sweep_reclaim_bounce_v2,long,1765958400,1765954800,market_next_open,filled,1765958400,1765976400,TP,EURUSD,sweep_reclaim_bounce_v2:long,base
sweep_reclaim_bounce_v2:EURUSD:long:1769796000:liquidity:1.186665,sweep_reclaim_bounce_v2,long,1769799600,1769796000,market_next_open,filled,1769799600,1769803200,SL,EURUSD,sweep_reclaim_bounce_v2:long,base
sweep_reclaim_bounce_v2:EURUSD:long:1770040800:liquidity:1.1818,sweep_reclaim_bounce_v2,long,1770044400,1770040800,market_next_open,filled,1770044400,1770044400,SL,EURUSD,sweep_reclaim_bounce_v2:long,base
sweep_reclaim_bounce_v2:EURUSD:long:1770055200:failed_break,sweep_reclaim_bounce_v2,long,1770066000,1770062400,market_next_open,filled,1770066000,1770080400,TP,EURUSD,sweep_reclaim_bounce_v2:long,base
sweep_reclaim_bounce_v2:EURUSD:long:1770282000:failed_break,sweep_reclaim_bounce_v2,long,1770300000,1770296400,market_next_open,filled,1770300000,1770303600,SL,EURUSD,sweep_reclaim_bounce_v2:long,base
sweep_reclaim_bounce_v2:EURUSD:long:1770966000:liquidity:1.185245,sweep_reclaim_bounce_v2,long,1770969600,1770966000,market_next_open,filled,1770969600,1770987600,TP,EURUSD,sweep_reclaim_bounce_v2:long,base
sweep_reclaim_bounce_v2:EURUSD:long:1773248400:liquidity:1.156305,sweep_reclaim_bounce_v2,long,1773252000,1773248400,market_next_open,filled,1773252000,1773266400,SL,EURUSD,sweep_reclaim_bounce_v2:long,base
sweep_reclaim_bounce_v2:EURUSD:long:1774512000:liquidity:1.155065,sweep_reclaim_bounce_v2,long,1774515600,1774512000,market_next_open,filled,1774515600,1774522800,SL,EURUSD,sweep_reclaim_bounce_v2:long,base
sweep_reclaim_bounce_v2:EURUSD:long:1774861200:liquidity:1.148755,sweep_reclaim_bounce_v2,long,1774864800,1774861200,market_next_open,filled,1774864800,1774868400,SL,EURUSD,sweep_reclaim_bounce_v2:long,base
sweep_reclaim_bounce_v2:EURUSD:long:1775109600:liquidity:1.1525,sweep_reclaim_bounce_v2,long,1775113200,1775109600,market_next_open,filled,1775113200,1775124000,SL,EURUSD,sweep_reclaim_bounce_v2:long,base
sweep_reclaim_bounce_v2:EURUSD:long:1780495200:liquidity:1.159665,sweep_reclaim_bounce_v2,long,1780498800,1780495200,market_next_open,filled,1780498800,1780502400,SL,EURUSD,sweep_reclaim_bounce_v2:long,base
sweep_reclaim_bounce_v2:EURUSD:long:1780909200:liquidity:1.150795,sweep_reclaim_bounce_v2,long,1780912800,1780909200,market_next_open,filled,1780912800,1780916400,TP,EURUSD,sweep_reclaim_bounce_v2:long,base
sweep_reclaim_bounce_v2:EURUSD:long:1781172000:liquidity:1.152575,sweep_reclaim_bounce_v2,long,1781175600,1781172000,market_next_open,filled,1781175600,1781179200,SL,EURUSD,sweep_reclaim_bounce_v2:long,base
sweep_reclaim_bounce_v2:EURUSD:long:1781197200:liquidity:1.150715,sweep_reclaim_bounce_v2,long,1781200800,1781197200,market_next_open,censored_trade_at_segment_end,,,,EURUSD,sweep_reclaim_bounce_v2:long,base
sweep_reclaim_bounce_v2:EURUSD:long:1723726800:liquidity:1.09519,sweep_reclaim_bounce_v2,long,1723730400,1723726800,market_next_open,filled,1723730400,1723827600,TP,EURUSD,sweep_reclaim_bounce_v2:long,stress
sweep_reclaim_bounce_v2:EURUSD:long:1726063200:liquidity:1.100345,sweep_reclaim_bounce_v2,long,1726066800,1726063200,market_next_open,filled,1726066800,1726142400,TP,EURUSD,sweep_reclaim_bounce_v2:long,stress
sweep_reclaim_bounce_v2:EURUSD:long:1731394800:liquidity:1.062865,sweep_reclaim_bounce_v2,long,1731398400,1731394800,market_next_open,filled,1731398400,1731398400,SL,EURUSD,sweep_reclaim_bounce_v2:long,stress
sweep_reclaim_bounce_v2:EURUSD:long:1731427200:failed_break,sweep_reclaim_bounce_v2,long,1731445200,1731441600,market_next_open,filled,1731445200,1731484800,SL,EURUSD,sweep_reclaim_bounce_v2:long,stress
sweep_reclaim_bounce_v2:EURUSD:long:1732118400:liquidity:1.051595,sweep_reclaim_bounce_v2,long,1732122000,1732118400,market_next_open,filled,1732122000,1732147200,TP,EURUSD,sweep_reclaim_bounce_v2:long,stress
sweep_reclaim_bounce_v2:EURUSD:long:1733320800:liquidity:1.04793,sweep_reclaim_bounce_v2,long,1733324400,1733320800,market_next_open,filled,1733324400,1733324400,TP,EURUSD,sweep_reclaim_bounce_v2:long,stress
sweep_reclaim_bounce_v2:EURUSD:long:1733716800:failed_break,sweep_reclaim_bounce_v2,long,1733734800,1733731200,market_next_open,filled,1733734800,1733821200,SL,EURUSD,sweep_reclaim_bounce_v2:long,stress
sweep_reclaim_bounce_v2:EURUSD:long:1733832000:liquidity:1.052315,sweep_reclaim_bounce_v2,long,1733835600,1733832000,market_next_open,filled,1733835600,1733835600,SL,EURUSD,sweep_reclaim_bounce_v2:long,stress
sweep_reclaim_bounce_v2:EURUSD:long:1740628800:failed_break,sweep_reclaim_bounce_v2,long,1740646800,1740643200,market_next_open,filled,1740646800,1740661200,SL,EURUSD,sweep_reclaim_bounce_v2:long,stress
sweep_reclaim_bounce_v2:EURUSD:long:1740672000:liquidity:1.04096,sweep_reclaim_bounce_v2,long,1740675600,1740672000,market_next_open,filled,1740675600,1740675600,SL,EURUSD,sweep_reclaim_bounce_v2:long,stress
sweep_reclaim_bounce_v2:EURUSD:long:1741870800:liquidity:1.082625,sweep_reclaim_bounce_v2,long,1741874400,1741870800,market_next_open,filled,1741874400,1741946400,TP,EURUSD,sweep_reclaim_bounce_v2:long,stress
sweep_reclaim_bounce_v2:EURUSD:long:1742403600:failed_break,sweep_reclaim_bounce_v2,long,1742410800,1742407200,market_next_open,filled,1742410800,1742454000,SL,EURUSD,sweep_reclaim_bounce_v2:long,stress
sweep_reclaim_bounce_v2:EURUSD:long:1742464800:liquidity:1.08384,sweep_reclaim_bounce_v2,long,1742468400,1742464800,market_next_open,filled,1742468400,1742472000,SL,EURUSD,sweep_reclaim_bounce_v2:long,stress
sweep_reclaim_bounce_v2:EURUSD:long:1742889600:liquidity:1.07817,sweep_reclaim_bounce_v2,long,1742893200,1742889600,market_next_open,filled,1742893200,1742896800,TP,EURUSD,sweep_reclaim_bounce_v2:long,stress
sweep_reclaim_bounce_v2:EURUSD:long:1746687600:liquidity:1.127685,sweep_reclaim_bounce_v2,long,1746691200,1746687600,market_next_open,filled,1746691200,1746716400,SL,EURUSD,sweep_reclaim_bounce_v2:long,stress
sweep_reclaim_bounce_v2:EURUSD:long:1747411200:liquidity:1.114015,sweep_reclaim_bounce_v2,long,1747414800,1747411200,market_next_open,filled,1747414800,1747602000,TP_GAP,EURUSD,sweep_reclaim_bounce_v2:long,stress
sweep_reclaim_bounce_v2:EURUSD:long:1747926000:liquidity:1.127495,sweep_reclaim_bounce_v2,long,1747929600,1747926000,market_next_open,filled,1747929600,1747933200,SL,EURUSD,sweep_reclaim_bounce_v2:long,stress
sweep_reclaim_bounce_v2:EURUSD:long:1749013200:failed_break,sweep_reclaim_bounce_v2,long,1749020400,1749016800,market_next_open,filled,1749020400,1749045600,TP,EURUSD,sweep_reclaim_bounce_v2:long,stress
sweep_reclaim_bounce_v2:EURUSD:long:1753794000:liquidity:1.152495,sweep_reclaim_bounce_v2,long,1753797600,1753794000,market_next_open,filled,1753797600,1753876800,SL,EURUSD,sweep_reclaim_bounce_v2:long,stress
sweep_reclaim_bounce_v2:EURUSD:long:1758722400:liquidity:1.173025,sweep_reclaim_bounce_v2,long,1758726000,1758722400,market_next_open,filled,1758726000,1758801600,SL,EURUSD,sweep_reclaim_bounce_v2:long,stress
sweep_reclaim_bounce_v2:EURUSD:long:1759939200:liquidity:1.160305,sweep_reclaim_bounce_v2,long,1759942800,1759939200,market_next_open,filled,1759942800,1759946400,TP,EURUSD,sweep_reclaim_bounce_v2:long,stress
sweep_reclaim_bounce_v2:EURUSD:long:1760958000:liquidity:1.165045,sweep_reclaim_bounce_v2,long,1760961600,1760958000,market_next_open,filled,1760961600,1760979600,SL,EURUSD,sweep_reclaim_bounce_v2:long,stress
sweep_reclaim_bounce_v2:EURUSD:long:1761040800:liquidity:1.161275,sweep_reclaim_bounce_v2,long,1761044400,1761040800,market_next_open,filled,1761044400,1761048000,SL,EURUSD,sweep_reclaim_bounce_v2:long,stress
sweep_reclaim_bounce_v2:EURUSD:long:1761724800:failed_break,sweep_reclaim_bounce_v2,long,1761732000,1761728400,market_next_open,filled,1761732000,1761760800,SL,EURUSD,sweep_reclaim_bounce_v2:long,stress
sweep_reclaim_bounce_v2:EURUSD:long:1762164000:liquidity:1.15096,sweep_reclaim_bounce_v2,long,1762167600,1762164000,market_next_open,filled,1762167600,1762174800,SL,EURUSD,sweep_reclaim_bounce_v2:long,stress
sweep_reclaim_bounce_v2:EURUSD:long:1762351200:liquidity:1.1473,sweep_reclaim_bounce_v2,long,1762354800,1762351200,market_next_open,filled,1762354800,1762430400,TP,EURUSD,sweep_reclaim_bounce_v2:long,stress
sweep_reclaim_bounce_v2:EURUSD:long:1763485200:failed_break,sweep_reclaim_bounce_v2,long,1763496000,1763492400,market_next_open,filled,1763496000,1763496000,SL,EURUSD,sweep_reclaim_bounce_v2:long,stress
sweep_reclaim_bounce_v2:EURUSD:long:1763643600:liquidity:1.150715,sweep_reclaim_bounce_v2,long,1763647200,1763643600,market_next_open,filled,1763647200,1763726400,SL,EURUSD,sweep_reclaim_bounce_v2:long,stress
sweep_reclaim_bounce_v2:EURUSD:long:1765292400:liquidity:1.161645,sweep_reclaim_bounce_v2,long,1765296000,1765292400,market_next_open,filled,1765296000,1765353600,TP,EURUSD,sweep_reclaim_bounce_v2:long,stress
sweep_reclaim_bounce_v2:EURUSD:long:1765954800:liquidity:1.170655,sweep_reclaim_bounce_v2,long,1765958400,1765954800,market_next_open,filled,1765958400,1765980000,TP,EURUSD,sweep_reclaim_bounce_v2:long,stress
sweep_reclaim_bounce_v2:EURUSD:long:1769796000:liquidity:1.186665,sweep_reclaim_bounce_v2,long,1769799600,1769796000,market_next_open,filled,1769799600,1769803200,SL,EURUSD,sweep_reclaim_bounce_v2:long,stress
sweep_reclaim_bounce_v2:EURUSD:long:1770040800:liquidity:1.1818,sweep_reclaim_bounce_v2,long,1770044400,1770040800,market_next_open,filled,1770044400,1770044400,SL,EURUSD,sweep_reclaim_bounce_v2:long,stress
sweep_reclaim_bounce_v2:EURUSD:long:1770055200:failed_break,sweep_reclaim_bounce_v2,long,1770066000,1770062400,market_next_open,filled,1770066000,1770091200,TP,EURUSD,sweep_reclaim_bounce_v2:long,stress
sweep_reclaim_bounce_v2:EURUSD:long:1770282000:failed_break,sweep_reclaim_bounce_v2,long,1770300000,1770296400,market_next_open,filled,1770300000,1770303600,SL,EURUSD,sweep_reclaim_bounce_v2:long,stress
sweep_reclaim_bounce_v2:EURUSD:long:1770966000:liquidity:1.185245,sweep_reclaim_bounce_v2,long,1770969600,1770966000,market_next_open,filled,1770969600,1770987600,TP,EURUSD,sweep_reclaim_bounce_v2:long,stress
sweep_reclaim_bounce_v2:EURUSD:long:1773248400:liquidity:1.156305,sweep_reclaim_bounce_v2,long,1773252000,1773248400,market_next_open,filled,1773252000,1773266400,SL,EURUSD,sweep_reclaim_bounce_v2:long,stress
sweep_reclaim_bounce_v2:EURUSD:long:1774512000:liquidity:1.155065,sweep_reclaim_bounce_v2,long,1774515600,1774512000,market_next_open,filled,1774515600,1774522800,SL,EURUSD,sweep_reclaim_bounce_v2:long,stress
sweep_reclaim_bounce_v2:EURUSD:long:1774861200:liquidity:1.148755,sweep_reclaim_bounce_v2,long,1774864800,1774861200,market_next_open,filled,1774864800,1774868400,SL,EURUSD,sweep_reclaim_bounce_v2:long,stress
sweep_reclaim_bounce_v2:EURUSD:long:1775109600:liquidity:1.1525,sweep_reclaim_bounce_v2,long,1775113200,1775109600,market_next_open,filled,1775113200,1775124000,SL,EURUSD,sweep_reclaim_bounce_v2:long,stress
sweep_reclaim_bounce_v2:EURUSD:long:1780495200:liquidity:1.159665,sweep_reclaim_bounce_v2,long,1780498800,1780495200,market_next_open,filled,1780498800,1780502400,SL,EURUSD,sweep_reclaim_bounce_v2:long,stress
sweep_reclaim_bounce_v2:EURUSD:long:1780909200:liquidity:1.150795,sweep_reclaim_bounce_v2,long,1780912800,1780909200,market_next_open,filled,1780912800,1780916400,TP,EURUSD,sweep_reclaim_bounce_v2:long,stress
sweep_reclaim_bounce_v2:EURUSD:long:1781172000:liquidity:1.152575,sweep_reclaim_bounce_v2,long,1781175600,1781172000,market_next_open,filled,1781175600,1781179200,SL,EURUSD,sweep_reclaim_bounce_v2:long,stress
sweep_reclaim_bounce_v2:EURUSD:long:1781197200:liquidity:1.150715,sweep_reclaim_bounce_v2,long,1781200800,1781197200,market_next_open,censored_trade_at_segment_end,,,,EURUSD,sweep_reclaim_bounce_v2:long,stress
sweep_reclaim_bounce_v2:GBPUSD:long:1723111200:liquidity:1.26702,sweep_reclaim_bounce_v2,long,1723114800,1723111200,market_next_open,filled,1723114800,1723118400,SL,GBPUSD,sweep_reclaim_bounce_v2:long,base
sweep_reclaim_bounce_v2:GBPUSD:long:1723726800:liquidity:1.281005,sweep_reclaim_bounce_v2,long,1723730400,1723726800,market_next_open,filled,1723730400,1723798800,TP,GBPUSD,sweep_reclaim_bounce_v2:long,base
sweep_reclaim_bounce_v2:GBPUSD:long:1733302800:liquidity:1.26368,sweep_reclaim_bounce_v2,long,1733306400,1733302800,market_next_open,filled,1733306400,1733407200,TP,GBPUSD,sweep_reclaim_bounce_v2:long,base
sweep_reclaim_bounce_v2:GBPUSD:long:1733720400:failed_break,sweep_reclaim_bounce_v2,long,1733731200,1733727600,market_next_open,filled,1733731200,1733911200,SL,GBPUSD,sweep_reclaim_bounce_v2:long,base
sweep_reclaim_bounce_v2:GBPUSD:long:1734102000:failed_break,sweep_reclaim_bounce_v2,long,1734109200,1734105600,market_next_open,filled,1734109200,1734300000,SL,GBPUSD,sweep_reclaim_bounce_v2:long,base
sweep_reclaim_bounce_v2:GBPUSD:long:1739984400:liquidity:1.25695,sweep_reclaim_bounce_v2,long,1739988000,1739984400,market_next_open,filled,1739988000,1740009600,TP,GBPUSD,sweep_reclaim_bounce_v2:long,base
sweep_reclaim_bounce_v2:GBPUSD:long:1740409200:failed_break,sweep_reclaim_bounce_v2,long,1740416400,1740412800,market_next_open,filled,1740416400,1740430800,SL,GBPUSD,sweep_reclaim_bounce_v2:long,base
sweep_reclaim_bounce_v2:GBPUSD:long:1740672000:liquidity:1.262215,sweep_reclaim_bounce_v2,long,1740675600,1740672000,market_next_open,filled,1740675600,1740675600,SL,GBPUSD,sweep_reclaim_bounce_v2:long,base
sweep_reclaim_bounce_v2:GBPUSD:long:1740722400:failed_break,sweep_reclaim_bounce_v2,long,1740733200,1740729600,market_next_open,filled,1740733200,1740758400,SL,GBPUSD,sweep_reclaim_bounce_v2:long,base
sweep_reclaim_bounce_v2:GBPUSD:long:1743415200:liquidity:1.292245,sweep_reclaim_bounce_v2,long,1743418800,1743415200,market_next_open,filled,1743418800,1743429600,SL,GBPUSD,sweep_reclaim_bounce_v2:long,base
sweep_reclaim_bounce_v2:GBPUSD:long:1743757200:liquidity:1.2973,sweep_reclaim_bounce_v2,long,1743760800,1743757200,market_next_open,filled,1743760800,1743768000,TP,GBPUSD,sweep_reclaim_bounce_v2:long,base
sweep_reclaim_bounce_v2:GBPUSD:long:1746082800:liquidity:1.327895,sweep_reclaim_bounce_v2,long,1746086400,1746082800,market_next_open,filled,1746086400,1746111600,SL,GBPUSD,sweep_reclaim_bounce_v2:long,base
sweep_reclaim_bounce_v2:GBPUSD:long:1748437200:liquidity:1.346135,sweep_reclaim_bounce_v2,long,1748440800,1748437200,market_next_open,filled,1748440800,1748473200,SL,GBPUSD,sweep_reclaim_bounce_v2:long,base
sweep_reclaim_bounce_v2:GBPUSD:long:1752670800:failed_break,sweep_reclaim_bounce_v2,long,1752678000,1752674400,market_next_open,filled,1752678000,1752678000,TP,GBPUSD,sweep_reclaim_bounce_v2:long,base
sweep_reclaim_bounce_v2:GBPUSD:long:1755529200:liquidity:1.351315,sweep_reclaim_bounce_v2,long,1755532800,1755529200,market_next_open,filled,1755532800,1755532800,SL,GBPUSD,sweep_reclaim_bounce_v2:long,base
sweep_reclaim_bounce_v2:GBPUSD:long:1755626400:failed_break,sweep_reclaim_bounce_v2,long,1755633600,1755630000,market_next_open,filled,1755633600,1755648000,SL,GBPUSD,sweep_reclaim_bounce_v2:long,base
sweep_reclaim_bounce_v2:GBPUSD:long:1756191600:liquidity:1.34457,sweep_reclaim_bounce_v2,long,1756195200,1756191600,market_next_open,filled,1756195200,1756281600,SL,GBPUSD,sweep_reclaim_bounce_v2:long,base
sweep_reclaim_bounce_v2:GBPUSD:long:1756468800:liquidity:1.34507,sweep_reclaim_bounce_v2,long,1756472400,1756468800,market_next_open,filled,1756472400,1756472400,SL,GBPUSD,sweep_reclaim_bounce_v2:long,base
sweep_reclaim_bounce_v2:GBPUSD:long:1756882800:liquidity:1.33402,sweep_reclaim_bounce_v2,long,1756886400,1756882800,market_next_open,filled,1756886400,1756900800,TP,GBPUSD,sweep_reclaim_bounce_v2:long,base
sweep_reclaim_bounce_v2:GBPUSD:long:1757487600:liquidity:1.351485,sweep_reclaim_bounce_v2,long,1757491200,1757487600,market_next_open,filled,1757491200,1757570400,SL,GBPUSD,sweep_reclaim_bounce_v2:long,base
sweep_reclaim_bounce_v2:GBPUSD:long:1757592000:liquidity:1.34941,sweep_reclaim_bounce_v2,long,1757595600,1757592000,market_next_open,censored_trade_at_segment_end,,,,GBPUSD,sweep_reclaim_bounce_v2:long,base
sweep_reclaim_bounce_v2:GBPUSD:long:1759417200:liquidity:1.341205,sweep_reclaim_bounce_v2,long,1759420800,1759417200,market_next_open,filled,1759420800,1759474800,TP,GBPUSD,sweep_reclaim_bounce_v2:long,base
sweep_reclaim_bounce_v2:GBPUSD:long:1759737600:liquidity:1.342335,sweep_reclaim_bounce_v2,long,1759741200,1759737600,market_next_open,filled,1759741200,1759748400,SL,GBPUSD,sweep_reclaim_bounce_v2:long,base
sweep_reclaim_bounce_v2:GBPUSD:long:1759939200:liquidity:1.33843,sweep_reclaim_bounce_v2,long,1759942800,1759939200,market_next_open,filled,1759942800,1759946400,SL,GBPUSD,sweep_reclaim_bounce_v2:long,base
sweep_reclaim_bounce_v2:GBPUSD:long:1760709600:failed_break,sweep_reclaim_bounce_v2,long,1760727600,1760724000,market_next_open,filled,1760727600,1761008400,SL,GBPUSD,sweep_reclaim_bounce_v2:long,base
sweep_reclaim_bounce_v2:GBPUSD:long:1761040800:liquidity:1.33722,sweep_reclaim_bounce_v2,long,1761044400,1761040800,market_next_open,filled,1761044400,1761051600,SL,GBPUSD,sweep_reclaim_bounce_v2:long,base
sweep_reclaim_bounce_v2:GBPUSD:long:1761120000:liquidity:1.331945,sweep_reclaim_bounce_v2,long,1761123600,1761120000,market_next_open,filled,1761123600,1761127200,SL,GBPUSD,sweep_reclaim_bounce_v2:long,base
sweep_reclaim_bounce_v2:GBPUSD:long:1763470800:liquidity:1.3136,sweep_reclaim_bounce_v2,long,1763474400,1763470800,market_next_open,filled,1763474400,1763514000,SL,GBPUSD,sweep_reclaim_bounce_v2:long,base
sweep_reclaim_bounce_v2:GBPUSD:long:1765206000:failed_break,sweep_reclaim_bounce_v2,long,1765213200,1765209600,market_next_open,filled,1765213200,1765267200,TP,GBPUSD,sweep_reclaim_bounce_v2:long,base
sweep_reclaim_bounce_v2:GBPUSD:long:1765288800:liquidity:1.33057,sweep_reclaim_bounce_v2,long,1765292400,1765288800,market_next_open,filled,1765292400,1765292400,SL,GBPUSD,sweep_reclaim_bounce_v2:long,base
sweep_reclaim_bounce_v2:GBPUSD:long:1765299600:failed_break,sweep_reclaim_bounce_v2,long,1765310400,1765306800,market_next_open,filled,1765310400,1765317600,SL,GBPUSD,sweep_reclaim_bounce_v2:long,base
sweep_reclaim_bounce_v2:GBPUSD:long:1765958400:liquidity:1.331545,sweep_reclaim_bounce_v2,long,1765962000,1765958400,market_next_open,filled,1765962000,1765976400,TP,GBPUSD,sweep_reclaim_bounce_v2:long,base
sweep_reclaim_bounce_v2:GBPUSD:long:1768989600:failed_break,sweep_reclaim_bounce_v2,long,1769004000,1769000400,market_next_open,filled,1769004000,1769079600,SL,GBPUSD,sweep_reclaim_bounce_v2:long,base
sweep_reclaim_bounce_v2:GBPUSD:long:1769785200:failed_break,sweep_reclaim_bounce_v2,long,1769792400,1769788800,market_next_open,filled,1769792400,1769792400,SL,GBPUSD,sweep_reclaim_bounce_v2:long,base
sweep_reclaim_bounce_v2:GBPUSD:long:1770040800:liquidity:1.36494,sweep_reclaim_bounce_v2,long,1770044400,1770040800,market_next_open,filled,1770044400,1770044400,SL,GBPUSD,sweep_reclaim_bounce_v2:long,base
sweep_reclaim_bounce_v2:GBPUSD:long:1770044400:failed_break,sweep_reclaim_bounce_v2,long,1770062400,1770058800,market_next_open,filled,1770062400,1770181200,TP,GBPUSD,sweep_reclaim_bounce_v2:long,base
sweep_reclaim_bounce_v2:GBPUSD:long:1770220800:liquidity:1.36506,sweep_reclaim_bounce_v2,long,1770224400,1770220800,market_next_open,filled,1770224400,1770228000,SL,GBPUSD,sweep_reclaim_bounce_v2:long,base
sweep_reclaim_bounce_v2:GBPUSD:long:1771477200:failed_break,sweep_reclaim_bounce_v2,long,1771488000,1771484400,market_next_open,filled,1771488000,1771495200,SL,GBPUSD,sweep_reclaim_bounce_v2:long,base
sweep_reclaim_bounce_v2:GBPUSD:long:1771920000:liquidity:1.34734,sweep_reclaim_bounce_v2,long,1771923600,1771920000,market_next_open,filled,1771923600,1771945200,TP,GBPUSD,sweep_reclaim_bounce_v2:long,base
sweep_reclaim_bounce_v2:GBPUSD:long:1772726400:liquidity:1.33056,sweep_reclaim_bounce_v2,long,1772730000,1772726400,market_next_open,filled,1772730000,1772740800,TP,GBPUSD,sweep_reclaim_bounce_v2:long,base
sweep_reclaim_bounce_v2:GBPUSD:long:1773241200:failed_break,sweep_reclaim_bounce_v2,long,1773248400,1773244800,market_next_open,filled,1773248400,1773266400,SL,GBPUSD,sweep_reclaim_bounce_v2:long,base
sweep_reclaim_bounce_v2:GBPUSD:long:1774512000:liquidity:1.334645,sweep_reclaim_bounce_v2,long,1774515600,1774512000,market_next_open,filled,1774515600,1774522800,SL,GBPUSD,sweep_reclaim_bounce_v2:long,base
sweep_reclaim_bounce_v2:GBPUSD:long:1774861200:liquidity:1.323255,sweep_reclaim_bounce_v2,long,1774864800,1774861200,market_next_open,filled,1774864800,1774872000,SL,GBPUSD,sweep_reclaim_bounce_v2:long,base
sweep_reclaim_bounce_v2:GBPUSD:long:1775127600:liquidity:1.31857,sweep_reclaim_bounce_v2,long,1775131200,1775127600,market_next_open,filled,1775131200,1775138400,TP,GBPUSD,sweep_reclaim_bounce_v2:long,base
sweep_reclaim_bounce_v2:GBPUSD:long:1778572800:liquidity:1.351465,sweep_reclaim_bounce_v2,long,1778576400,1778572800,market_next_open,filled,1778576400,1778598000,SL,GBPUSD,sweep_reclaim_bounce_v2:long,base
sweep_reclaim_bounce_v2:GBPUSD:long:1781179200:liquidity:1.33499,sweep_reclaim_bounce_v2,long,1781182800,1781179200,market_next_open,filled,1781182800,1781182800,SL,GBPUSD,sweep_reclaim_bounce_v2:long,base
sweep_reclaim_bounce_v2:GBPUSD:long:1781193600:failed_break,sweep_reclaim_bounce_v2,long,1781204400,1781200800,market_next_open,filled,1781204400,1781589600,TIME,GBPUSD,sweep_reclaim_bounce_v2:long,base
sweep_reclaim_bounce_v2:GBPUSD:long:1781586000:failed_break,sweep_reclaim_bounce_v2,long,1781600400,1781596800,market_next_open,filled,1781600400,1781704800,SL,GBPUSD,sweep_reclaim_bounce_v2:long,base
sweep_reclaim_bounce_v2:GBPUSD:long:1723111200:liquidity:1.26702,sweep_reclaim_bounce_v2,long,1723114800,1723111200,market_next_open,filled,1723114800,1723118400,SL,GBPUSD,sweep_reclaim_bounce_v2:long,stress
sweep_reclaim_bounce_v2:GBPUSD:long:1723726800:liquidity:1.281005,sweep_reclaim_bounce_v2,long,1723730400,1723726800,market_next_open,filled,1723730400,1723802400,TP,GBPUSD,sweep_reclaim_bounce_v2:long,stress
sweep_reclaim_bounce_v2:GBPUSD:long:1733302800:liquidity:1.26368,sweep_reclaim_bounce_v2,long,1733306400,1733302800,market_next_open,filled,1733306400,1733407200,TP,GBPUSD,sweep_reclaim_bounce_v2:long,stress
sweep_reclaim_bounce_v2:GBPUSD:long:1733720400:failed_break,sweep_reclaim_bounce_v2,long,1733731200,1733727600,market_next_open,filled,1733731200,1733911200,SL,GBPUSD,sweep_reclaim_bounce_v2:long,stress
sweep_reclaim_bounce_v2:GBPUSD:long:1734102000:failed_break,sweep_reclaim_bounce_v2,long,1734109200,1734105600,market_next_open,filled,1734109200,1734112800,SL,GBPUSD,sweep_reclaim_bounce_v2:long,stress
sweep_reclaim_bounce_v2:GBPUSD:long:1739984400:liquidity:1.25695,sweep_reclaim_bounce_v2,long,1739988000,1739984400,market_next_open,filled,1739988000,1740016800,TP,GBPUSD,sweep_reclaim_bounce_v2:long,stress
sweep_reclaim_bounce_v2:GBPUSD:long:1740409200:failed_break,sweep_reclaim_bounce_v2,long,1740416400,1740412800,market_next_open,filled,1740416400,1740430800,SL,GBPUSD,sweep_reclaim_bounce_v2:long,stress
sweep_reclaim_bounce_v2:GBPUSD:long:1740672000:liquidity:1.262215,sweep_reclaim_bounce_v2,long,1740675600,1740672000,market_next_open,filled,1740675600,1740675600,SL,GBPUSD,sweep_reclaim_bounce_v2:long,stress
sweep_reclaim_bounce_v2:GBPUSD:long:1740722400:failed_break,sweep_reclaim_bounce_v2,long,1740733200,1740729600,market_next_open,filled,1740733200,1740758400,SL,GBPUSD,sweep_reclaim_bounce_v2:long,stress
sweep_reclaim_bounce_v2:GBPUSD:long:1743415200:liquidity:1.292245,sweep_reclaim_bounce_v2,long,1743418800,1743415200,market_next_open,filled,1743418800,1743429600,SL,GBPUSD,sweep_reclaim_bounce_v2:long,stress
sweep_reclaim_bounce_v2:GBPUSD:long:1743757200:liquidity:1.2973,sweep_reclaim_bounce_v2,long,1743760800,1743757200,market_next_open,filled,1743760800,1743768000,TP,GBPUSD,sweep_reclaim_bounce_v2:long,stress
sweep_reclaim_bounce_v2:GBPUSD:long:1746082800:liquidity:1.327895,sweep_reclaim_bounce_v2,long,1746086400,1746082800,market_next_open,filled,1746086400,1746111600,SL,GBPUSD,sweep_reclaim_bounce_v2:long,stress
sweep_reclaim_bounce_v2:GBPUSD:long:1748437200:liquidity:1.346135,sweep_reclaim_bounce_v2,long,1748440800,1748437200,market_next_open,filled,1748440800,1748473200,SL,GBPUSD,sweep_reclaim_bounce_v2:long,stress
sweep_reclaim_bounce_v2:GBPUSD:long:1752670800:failed_break,sweep_reclaim_bounce_v2,long,1752678000,1752674400,market_next_open,filled,1752678000,1752678000,TP,GBPUSD,sweep_reclaim_bounce_v2:long,stress
sweep_reclaim_bounce_v2:GBPUSD:long:1755529200:liquidity:1.351315,sweep_reclaim_bounce_v2,long,1755532800,1755529200,market_next_open,filled,1755532800,1755532800,SL,GBPUSD,sweep_reclaim_bounce_v2:long,stress
sweep_reclaim_bounce_v2:GBPUSD:long:1755626400:failed_break,sweep_reclaim_bounce_v2,long,1755633600,1755630000,market_next_open,filled,1755633600,1755648000,SL,GBPUSD,sweep_reclaim_bounce_v2:long,stress
sweep_reclaim_bounce_v2:GBPUSD:long:1756191600:liquidity:1.34457,sweep_reclaim_bounce_v2,long,1756195200,1756191600,market_next_open,filled,1756195200,1756281600,SL,GBPUSD,sweep_reclaim_bounce_v2:long,stress
sweep_reclaim_bounce_v2:GBPUSD:long:1756468800:liquidity:1.34507,sweep_reclaim_bounce_v2,long,1756472400,1756468800,market_next_open,filled,1756472400,1756472400,SL,GBPUSD,sweep_reclaim_bounce_v2:long,stress
sweep_reclaim_bounce_v2:GBPUSD:long:1756882800:liquidity:1.33402,sweep_reclaim_bounce_v2,long,1756886400,1756882800,market_next_open,filled,1756886400,1756904400,TP,GBPUSD,sweep_reclaim_bounce_v2:long,stress
sweep_reclaim_bounce_v2:GBPUSD:long:1757487600:liquidity:1.351485,sweep_reclaim_bounce_v2,long,1757491200,1757487600,market_next_open,filled,1757491200,1757570400,SL,GBPUSD,sweep_reclaim_bounce_v2:long,stress
sweep_reclaim_bounce_v2:GBPUSD:long:1757592000:liquidity:1.34941,sweep_reclaim_bounce_v2,long,1757595600,1757592000,market_next_open,censored_trade_at_segment_end,,,,GBPUSD,sweep_reclaim_bounce_v2:long,stress
sweep_reclaim_bounce_v2:GBPUSD:long:1759417200:liquidity:1.341205,sweep_reclaim_bounce_v2,long,1759420800,1759417200,market_next_open,filled,1759420800,1759478400,TP,GBPUSD,sweep_reclaim_bounce_v2:long,stress
sweep_reclaim_bounce_v2:GBPUSD:long:1759737600:liquidity:1.342335,sweep_reclaim_bounce_v2,long,1759741200,1759737600,market_next_open,filled,1759741200,1759748400,SL,GBPUSD,sweep_reclaim_bounce_v2:long,stress
sweep_reclaim_bounce_v2:GBPUSD:long:1759939200:liquidity:1.33843,sweep_reclaim_bounce_v2,long,1759942800,1759939200,market_next_open,filled,1759942800,1759946400,SL,GBPUSD,sweep_reclaim_bounce_v2:long,stress
sweep_reclaim_bounce_v2:GBPUSD:long:1760709600:failed_break,sweep_reclaim_bounce_v2,long,1760727600,1760724000,market_next_open,filled,1760727600,1760958000,SL,GBPUSD,sweep_reclaim_bounce_v2:long,stress
sweep_reclaim_bounce_v2:GBPUSD:long:1761040800:liquidity:1.33722,sweep_reclaim_bounce_v2,long,1761044400,1761040800,market_next_open,filled,1761044400,1761051600,SL,GBPUSD,sweep_reclaim_bounce_v2:long,stress
sweep_reclaim_bounce_v2:GBPUSD:long:1761120000:liquidity:1.331945,sweep_reclaim_bounce_v2,long,1761123600,1761120000,market_next_open,filled,1761123600,1761127200,SL,GBPUSD,sweep_reclaim_bounce_v2:long,stress
sweep_reclaim_bounce_v2:GBPUSD:long:1763470800:liquidity:1.3136,sweep_reclaim_bounce_v2,long,1763474400,1763470800,market_next_open,filled,1763474400,1763514000,SL,GBPUSD,sweep_reclaim_bounce_v2:long,stress
sweep_reclaim_bounce_v2:GBPUSD:long:1765206000:failed_break,sweep_reclaim_bounce_v2,long,1765213200,1765209600,market_next_open,filled,1765213200,1765267200,TP,GBPUSD,sweep_reclaim_bounce_v2:long,stress
sweep_reclaim_bounce_v2:GBPUSD:long:1765288800:liquidity:1.33057,sweep_reclaim_bounce_v2,long,1765292400,1765288800,market_next_open,filled,1765292400,1765292400,SL,GBPUSD,sweep_reclaim_bounce_v2:long,stress
sweep_reclaim_bounce_v2:GBPUSD:long:1765299600:failed_break,sweep_reclaim_bounce_v2,long,1765310400,1765306800,market_next_open,filled,1765310400,1765314000,SL,GBPUSD,sweep_reclaim_bounce_v2:long,stress
sweep_reclaim_bounce_v2:GBPUSD:long:1765958400:liquidity:1.331545,sweep_reclaim_bounce_v2,long,1765962000,1765958400,market_next_open,filled,1765962000,1765980000,TP,GBPUSD,sweep_reclaim_bounce_v2:long,stress
sweep_reclaim_bounce_v2:GBPUSD:long:1768989600:failed_break,sweep_reclaim_bounce_v2,long,1769004000,1769000400,market_next_open,filled,1769004000,1769022000,SL,GBPUSD,sweep_reclaim_bounce_v2:long,stress
sweep_reclaim_bounce_v2:GBPUSD:long:1769785200:failed_break,sweep_reclaim_bounce_v2,long,1769792400,1769788800,market_next_open,filled,1769792400,1769792400,SL,GBPUSD,sweep_reclaim_bounce_v2:long,stress
sweep_reclaim_bounce_v2:GBPUSD:long:1770040800:liquidity:1.36494,sweep_reclaim_bounce_v2,long,1770044400,1770040800,market_next_open,filled,1770044400,1770044400,SL,GBPUSD,sweep_reclaim_bounce_v2:long,stress
sweep_reclaim_bounce_v2:GBPUSD:long:1770044400:failed_break,sweep_reclaim_bounce_v2,long,1770062400,1770058800,market_next_open,filled,1770062400,1770184800,TP,GBPUSD,sweep_reclaim_bounce_v2:long,stress
sweep_reclaim_bounce_v2:GBPUSD:long:1770220800:liquidity:1.36506,sweep_reclaim_bounce_v2,long,1770224400,1770220800,market_next_open,filled,1770224400,1770224400,SL,GBPUSD,sweep_reclaim_bounce_v2:long,stress
sweep_reclaim_bounce_v2:GBPUSD:long:1770224400:failed_break,sweep_reclaim_bounce_v2,long,1770235200,1770231600,market_next_open,filled,1770235200,1770246000,SL,GBPUSD,sweep_reclaim_bounce_v2:long,stress
sweep_reclaim_bounce_v2:GBPUSD:long:1771477200:failed_break,sweep_reclaim_bounce_v2,long,1771488000,1771484400,market_next_open,filled,1771488000,1771495200,SL,GBPUSD,sweep_reclaim_bounce_v2:long,stress
sweep_reclaim_bounce_v2:GBPUSD:long:1771920000:liquidity:1.34734,sweep_reclaim_bounce_v2,long,1771923600,1771920000,market_next_open,filled,1771923600,1771945200,TP,GBPUSD,sweep_reclaim_bounce_v2:long,stress
sweep_reclaim_bounce_v2:GBPUSD:long:1772726400:liquidity:1.33056,sweep_reclaim_bounce_v2,long,1772730000,1772726400,market_next_open,filled,1772730000,1772740800,TP,GBPUSD,sweep_reclaim_bounce_v2:long,stress
sweep_reclaim_bounce_v2:GBPUSD:long:1773241200:failed_break,sweep_reclaim_bounce_v2,long,1773248400,1773244800,market_next_open,filled,1773248400,1773266400,SL,GBPUSD,sweep_reclaim_bounce_v2:long,stress
sweep_reclaim_bounce_v2:GBPUSD:long:1774512000:liquidity:1.334645,sweep_reclaim_bounce_v2,long,1774515600,1774512000,market_next_open,filled,1774515600,1774522800,SL,GBPUSD,sweep_reclaim_bounce_v2:long,stress
sweep_reclaim_bounce_v2:GBPUSD:long:1774861200:liquidity:1.323255,sweep_reclaim_bounce_v2,long,1774864800,1774861200,market_next_open,filled,1774864800,1774872000,SL,GBPUSD,sweep_reclaim_bounce_v2:long,stress
sweep_reclaim_bounce_v2:GBPUSD:long:1775127600:liquidity:1.31857,sweep_reclaim_bounce_v2,long,1775131200,1775127600,market_next_open,filled,1775131200,1775138400,TP,GBPUSD,sweep_reclaim_bounce_v2:long,stress
sweep_reclaim_bounce_v2:GBPUSD:long:1778572800:liquidity:1.351465,sweep_reclaim_bounce_v2,long,1778576400,1778572800,market_next_open,filled,1778576400,1778598000,SL,GBPUSD,sweep_reclaim_bounce_v2:long,stress
sweep_reclaim_bounce_v2:GBPUSD:long:1781179200:liquidity:1.33499,sweep_reclaim_bounce_v2,long,1781182800,1781179200,market_next_open,filled,1781182800,1781182800,SL,GBPUSD,sweep_reclaim_bounce_v2:long,stress
sweep_reclaim_bounce_v2:GBPUSD:long:1781193600:failed_break,sweep_reclaim_bounce_v2,long,1781204400,1781200800,market_next_open,filled,1781204400,1781589600,TIME,GBPUSD,sweep_reclaim_bounce_v2:long,stress
sweep_reclaim_bounce_v2:GBPUSD:long:1781586000:failed_break,sweep_reclaim_bounce_v2,long,1781600400,1781596800,market_next_open,filled,1781600400,1781704800,SL,GBPUSD,sweep_reclaim_bounce_v2:long,stress
sweep_reclaim_bounce_v2:USDJPY:long:1753855200:failed_break,sweep_reclaim_bounce_v2,long,1753862400,1753858800,market_next_open,filled,1753862400,1753876800,TP,USDJPY,sweep_reclaim_bounce_v2:long,base
sweep_reclaim_bounce_v2:USDJPY:long:1754316000:liquidity:146.9575,sweep_reclaim_bounce_v2,long,1754319600,1754316000,market_next_open,filled,1754319600,1754348400,SL,USDJPY,sweep_reclaim_bounce_v2:long,base
sweep_reclaim_bounce_v2:USDJPY:long:1756360800:liquidity:147.0805,sweep_reclaim_bounce_v2,long,1756364400,1756360800,market_next_open,filled,1756364400,1756375200,SL,USDJPY,sweep_reclaim_bounce_v2:long,base
sweep_reclaim_bounce_v2:USDJPY:long:1763712000:liquidity:156.6135,sweep_reclaim_bounce_v2,long,1763715600,1763712000,market_next_open,filled,1763715600,1763719200,SL,USDJPY,sweep_reclaim_bounce_v2:long,base
sweep_reclaim_bounce_v2:USDJPY:long:1764763200:liquidity:155.4145,sweep_reclaim_bounce_v2,long,1764766800,1764763200,market_next_open,filled,1764766800,1764766800,SL,USDJPY,sweep_reclaim_bounce_v2:long,base
sweep_reclaim_bounce_v2:USDJPY:long:1772164800:failed_break,sweep_reclaim_bounce_v2,long,1772182800,1772179200,market_next_open,filled,1772182800,1772438400,TP,USDJPY,sweep_reclaim_bounce_v2:long,base
sweep_reclaim_bounce_v2:USDJPY:long:1774872000:failed_break,sweep_reclaim_bounce_v2,long,1774879200,1774875600,market_next_open,filled,1774879200,1774915200,TP,USDJPY,sweep_reclaim_bounce_v2:long,base
sweep_reclaim_bounce_v2:USDJPY:long:1775462400:liquidity:159.3475,sweep_reclaim_bounce_v2,long,1775466000,1775462400,market_next_open,filled,1775466000,1775473200,TP,USDJPY,sweep_reclaim_bounce_v2:long,base
sweep_reclaim_bounce_v2:USDJPY:long:1776171600:liquidity:158.698,sweep_reclaim_bounce_v2,long,1776175200,1776171600,market_next_open,filled,1776175200,1776175200,SL,USDJPY,sweep_reclaim_bounce_v2:long,base
sweep_reclaim_bounce_v2:USDJPY:long:1779289200:liquidity:158.651,sweep_reclaim_bounce_v2,long,1779292800,1779289200,market_next_open,filled,1779292800,1779368400,TP,USDJPY,sweep_reclaim_bounce_v2:long,base
sweep_reclaim_bounce_v2:USDJPY:long:1779984000:failed_break,sweep_reclaim_bounce_v2,long,1779994800,1779991200,market_next_open,filled,1779994800,1780063200,SL,USDJPY,sweep_reclaim_bounce_v2:long,base
sweep_reclaim_bounce_v2:USDJPY:long:1753855200:failed_break,sweep_reclaim_bounce_v2,long,1753862400,1753858800,market_next_open,filled,1753862400,1753876800,TP,USDJPY,sweep_reclaim_bounce_v2:long,stress
sweep_reclaim_bounce_v2:USDJPY:long:1754316000:liquidity:146.9575,sweep_reclaim_bounce_v2,long,1754319600,1754316000,market_next_open,filled,1754319600,1754348400,SL,USDJPY,sweep_reclaim_bounce_v2:long,stress
sweep_reclaim_bounce_v2:USDJPY:long:1756360800:liquidity:147.0805,sweep_reclaim_bounce_v2,long,1756364400,1756360800,market_next_open,filled,1756364400,1756375200,SL,USDJPY,sweep_reclaim_bounce_v2:long,stress
sweep_reclaim_bounce_v2:USDJPY:long:1763712000:liquidity:156.6135,sweep_reclaim_bounce_v2,long,1763715600,1763712000,market_next_open,filled,1763715600,1763719200,SL,USDJPY,sweep_reclaim_bounce_v2:long,stress
sweep_reclaim_bounce_v2:USDJPY:long:1764763200:liquidity:155.4145,sweep_reclaim_bounce_v2,long,1764766800,1764763200,market_next_open,filled,1764766800,1764766800,SL,USDJPY,sweep_reclaim_bounce_v2:long,stress
sweep_reclaim_bounce_v2:USDJPY:long:1772164800:failed_break,sweep_reclaim_bounce_v2,long,1772182800,1772179200,market_next_open,filled,1772182800,1772438400,TP,USDJPY,sweep_reclaim_bounce_v2:long,stress
sweep_reclaim_bounce_v2:USDJPY:long:1774872000:failed_break,sweep_reclaim_bounce_v2,long,1774879200,1774875600,market_next_open,filled,1774879200,1774915200,TP,USDJPY,sweep_reclaim_bounce_v2:long,stress
sweep_reclaim_bounce_v2:USDJPY:long:1775462400:liquidity:159.3475,sweep_reclaim_bounce_v2,long,1775466000,1775462400,market_next_open,filled,1775466000,1775473200,TP,USDJPY,sweep_reclaim_bounce_v2:long,stress
sweep_reclaim_bounce_v2:USDJPY:long:1776171600:liquidity:158.698,sweep_reclaim_bounce_v2,long,1776175200,1776171600,market_next_open,filled,1776175200,1776175200,SL,USDJPY,sweep_reclaim_bounce_v2:long,stress
sweep_reclaim_bounce_v2:USDJPY:long:1779289200:liquidity:158.651,sweep_reclaim_bounce_v2,long,1779292800,1779289200,market_next_open,filled,1779292800,1779678000,TIME,USDJPY,sweep_reclaim_bounce_v2:long,stress
sweep_reclaim_bounce_v2:USDJPY:long:1779984000:failed_break,sweep_reclaim_bounce_v2,long,1779994800,1779991200,market_next_open,filled,1779994800,1780063200,SL,USDJPY,sweep_reclaim_bounce_v2:long,stress
sweep_reclaim_bounce_v2:EURUSD:short:1722423600:liquidity:1.083575,sweep_reclaim_bounce_v2,short,1722427200,1722423600,market_next_open,filled,1722427200,1722427200,SL,EURUSD,sweep_reclaim_bounce_v2:short,base
sweep_reclaim_bounce_v2:EURUSD:short:1722844800:liquidity:1.09671,sweep_reclaim_bounce_v2,short,1722848400,1722844800,market_next_open,filled,1722848400,1722859200,SL,EURUSD,sweep_reclaim_bounce_v2:short,base
sweep_reclaim_bounce_v2:EURUSD:short:1723467600:liquidity:1.09314,sweep_reclaim_bounce_v2,short,1723471200,1723467600,market_next_open,filled,1723471200,1723471200,SL,EURUSD,sweep_reclaim_bounce_v2:short,base
sweep_reclaim_bounce_v2:EURUSD:short:1724140800:liquidity:1.10876,sweep_reclaim_bounce_v2,short,1724144400,1724140800,market_next_open,filled,1724144400,1724155200,SL,EURUSD,sweep_reclaim_bounce_v2:short,base
sweep_reclaim_bounce_v2:EURUSD:short:1726052400:liquidity:1.105205,sweep_reclaim_bounce_v2,short,1726056000,1726052400,market_next_open,filled,1726056000,1726056000,TP,EURUSD,sweep_reclaim_bounce_v2:short,base
sweep_reclaim_bounce_v2:EURUSD:short:1726218000:liquidity:1.10941,sweep_reclaim_bounce_v2,short,1726221600,1726218000,market_next_open,filled,1726221600,1726232400,SL,EURUSD,sweep_reclaim_bounce_v2:short,base
sweep_reclaim_bounce_v2:EURUSD:short:1727269200:liquidity:1.12079,sweep_reclaim_bounce_v2,short,1727272800,1727269200,market_next_open,filled,1727272800,1727276400,TP,EURUSD,sweep_reclaim_bounce_v2:short,base
sweep_reclaim_bounce_v2:EURUSD:short:1728367200:liquidity:1.098695,sweep_reclaim_bounce_v2,short,1728370800,1728367200,market_next_open,filled,1728370800,1728370800,SL,EURUSD,sweep_reclaim_bounce_v2:short,base
sweep_reclaim_bounce_v2:EURUSD:short:1731675600:liquidity:1.058255,sweep_reclaim_bounce_v2,short,1731679200,1731675600,market_next_open,filled,1731679200,1731952800,SL,EURUSD,sweep_reclaim_bounce_v2:short,base
sweep_reclaim_bounce_v2:EURUSD:short:1732716000:liquidity:1.05738,sweep_reclaim_bounce_v2,short,1732719600,1732716000,market_next_open,filled,1732719600,1732719600,SL,EURUSD,sweep_reclaim_bounce_v2:short,base
sweep_reclaim_bounce_v2:EURUSD:short:1732726800:liquidity:1.058475,sweep_reclaim_bounce_v2,short,1732730400,1732726800,market_next_open,filled,1732730400,1732752000,TP,EURUSD,sweep_reclaim_bounce_v2:short,base
sweep_reclaim_bounce_v2:EURUSD:short:1733331600:failed_break,sweep_reclaim_bounce_v2,short,1733342400,1733338800,market_next_open,filled,1733342400,1733382000,SL,EURUSD,sweep_reclaim_bounce_v2:short,base
sweep_reclaim_bounce_v2:EURUSD:short:1733472000:liquidity:1.058965,sweep_reclaim_bounce_v2,short,1733475600,1733472000,market_next_open,filled,1733475600,1733490000,SL,EURUSD,sweep_reclaim_bounce_v2:short,base
sweep_reclaim_bounce_v2:EURUSD:short:1734714000:liquidity:1.04355,sweep_reclaim_bounce_v2,short,1734717600,1734714000,market_next_open,filled,1734717600,1734721200,SL,EURUSD,sweep_reclaim_bounce_v2:short,base
sweep_reclaim_bounce_v2:EURUSD:short:1740589200:liquidity:1.052505,sweep_reclaim_bounce_v2,short,1740592800,1740589200,market_next_open,filled,1740592800,1740661200,TP,EURUSD,sweep_reclaim_bounce_v2:short,base
sweep_reclaim_bounce_v2:EURUSD:short:1741078800:liquidity:1.0524,sweep_reclaim_bounce_v2,short,1741082400,1741078800,market_next_open,filled,1741082400,1741086000,SL,EURUSD,sweep_reclaim_bounce_v2:short,base
sweep_reclaim_bounce_v2:EURUSD:short:1741244400:liquidity:1.08201,sweep_reclaim_bounce_v2,short,1741248000,1741244400,market_next_open,filled,1741248000,1741266000,SL,EURUSD,sweep_reclaim_bounce_v2:short,base
sweep_reclaim_bounce_v2:EURUSD:short:1741273200:liquidity:1.084525,sweep_reclaim_bounce_v2,short,1741276800,1741273200,market_next_open,filled,1741276800,1741334400,SL,EURUSD,sweep_reclaim_bounce_v2:short,base
sweep_reclaim_bounce_v2:EURUSD:short:1743404400:liquidity:1.084595,sweep_reclaim_bounce_v2,short,1743408000,1743404400,market_next_open,filled,1743408000,1743429600,TP,EURUSD,sweep_reclaim_bounce_v2:short,base
sweep_reclaim_bounce_v2:EURUSD:short:1743606000:failed_break,sweep_reclaim_bounce_v2,short,1743624000,1743620400,market_next_open,filled,1743624000,1743624000,SL,EURUSD,sweep_reclaim_bounce_v2:short,base
sweep_reclaim_bounce_v2:EURUSD:short:1746540000:liquidity:1.13649,sweep_reclaim_bounce_v2,short,1746543600,1746540000,market_next_open,filled,1746543600,1746550800,SL,EURUSD,sweep_reclaim_bounce_v2:short,base
sweep_reclaim_bounce_v2:EURUSD:short:1748527200:liquidity:1.13601,sweep_reclaim_bounce_v2,short,1748530800,1748527200,market_next_open,filled,1748530800,1748530800,SL,EURUSD,sweep_reclaim_bounce_v2:short,base
sweep_reclaim_bounce_v2:EURUSD:short:1754478000:liquidity:1.16108,sweep_reclaim_bounce_v2,short,1754481600,1754478000,market_next_open,filled,1754481600,1754481600,SL,EURUSD,sweep_reclaim_bounce_v2:short,base
sweep_reclaim_bounce_v2:EURUSD:short:1754488800:liquidity:1.1636,sweep_reclaim_bounce_v2,short,1754492400,1754488800,market_next_open,filled,1754492400,1754492400,SL,EURUSD,sweep_reclaim_bounce_v2:short,base
sweep_reclaim_bounce_v2:EURUSD:short:1759219200:failed_break,sweep_reclaim_bounce_v2,short,1759226400,1759222800,market_next_open,filled,1759226400,1759237200,TP,EURUSD,sweep_reclaim_bounce_v2:short,base
sweep_reclaim_bounce_v2:EURUSD:short:1761566400:liquidity:1.164945,sweep_reclaim_bounce_v2,short,1761570000,1761566400,market_next_open,filled,1761570000,1761588000,SL,EURUSD,sweep_reclaim_bounce_v2:short,base
sweep_reclaim_bounce_v2:EURUSD:short:1762405200:failed_break,sweep_reclaim_bounce_v2,short,1762416000,1762412400,market_next_open,filled,1762416000,1762416000,SL,EURUSD,sweep_reclaim_bounce_v2:short,base
sweep_reclaim_bounce_v2:EURUSD:short:1762455600:liquidity:1.155015,sweep_reclaim_bounce_v2,short,1762459200,1762455600,market_next_open,filled,1762459200,1762509600,SL,EURUSD,sweep_reclaim_bounce_v2:short,base
sweep_reclaim_bounce_v2:EURUSD:short:1762516800:liquidity:1.15611,sweep_reclaim_bounce_v2,short,1762520400,1762516800,market_next_open,filled,1762520400,1762520400,SL,EURUSD,sweep_reclaim_bounce_v2:short,base
sweep_reclaim_bounce_v2:EURUSD:short:1763712000:liquidity:1.155005,sweep_reclaim_bounce_v2,short,1763715600,1763712000,market_next_open,filled,1763715600,1763719200,TP,EURUSD,sweep_reclaim_bounce_v2:short,base
sweep_reclaim_bounce_v2:EURUSD:short:1764133200:failed_break,sweep_reclaim_bounce_v2,short,1764144000,1764140400,market_next_open,filled,1764144000,1764162000,TP,EURUSD,sweep_reclaim_bounce_v2:short,base
sweep_reclaim_bounce_v2:EURUSD:short:1764172800:liquidity:1.159585,sweep_reclaim_bounce_v2,short,1764176400,1764172800,market_next_open,filled,1764176400,1764198000,SL,EURUSD,sweep_reclaim_bounce_v2:short,base
sweep_reclaim_bounce_v2:EURUSD:short:1769097600:liquidity:1.174315,sweep_reclaim_bounce_v2,short,1769101200,1769097600,market_next_open,filled,1769101200,1769112000,SL,EURUSD,sweep_reclaim_bounce_v2:short,base
sweep_reclaim_bounce_v2:EURUSD:short:1769443200:liquidity:1.18978,sweep_reclaim_bounce_v2,short,1769446800,1769443200,market_next_open,filled,1769446800,1769515200,SL,EURUSD,sweep_reclaim_bounce_v2:short,base
sweep_reclaim_bounce_v2:EURUSD:short:1770181200:failed_break,sweep_reclaim_bounce_v2,short,1770195600,1770192000,market_next_open,filled,1770195600,1770199200,TP,EURUSD,sweep_reclaim_bounce_v2:short,base
sweep_reclaim_bounce_v2:EURUSD:short:1770627600:liquidity:1.18649,sweep_reclaim_bounce_v2,short,1770631200,1770627600,market_next_open,filled,1770631200,1770631200,SL,EURUSD,sweep_reclaim_bounce_v2:short,base
sweep_reclaim_bounce_v2:EURUSD:short:1770649200:liquidity:1.19185,sweep_reclaim_bounce_v2,short,1770652800,1770649200,market_next_open,filled,1770652800,1770732000,SL,EURUSD,sweep_reclaim_bounce_v2:short,base
sweep_reclaim_bounce_v2:EURUSD:short:1772002800:liquidity:1.180645,sweep_reclaim_bounce_v2,short,1772006400,1772002800,market_next_open,filled,1772006400,1772017200,TP,EURUSD,sweep_reclaim_bounce_v2:short,base
sweep_reclaim_bounce_v2:EURUSD:short:1772038800:liquidity:1.180805,sweep_reclaim_bounce_v2,short,1772042400,1772038800,market_next_open,filled,1772042400,1772060400,SL,EURUSD,sweep_reclaim_bounce_v2:short,base
sweep_reclaim_bounce_v2:EURUSD:short:1772211600:liquidity:1.182505,sweep_reclaim_bounce_v2,short,1772215200,1772211600,market_next_open,filled,1772215200,1772402400,TP_GAP,EURUSD,sweep_reclaim_bounce_v2:short,base
sweep_reclaim_bounce_v2:EURUSD:short:1773162000:liquidity:1.166365,sweep_reclaim_bounce_v2,short,1773165600,1773162000,market_next_open,filled,1773165600,1773180000,TP,EURUSD,sweep_reclaim_bounce_v2:short,base
sweep_reclaim_bounce_v2:EURUSD:short:1773684000:failed_break,sweep_reclaim_bounce_v2,short,1773691200,1773687600,market_next_open,filled,1773691200,1773727200,TP,EURUSD,sweep_reclaim_bounce_v2:short,base
sweep_reclaim_bounce_v2:EURUSD:short:1774965600:liquidity:1.15326,sweep_reclaim_bounce_v2,short,1774969200,1774965600,market_next_open,filled,1774969200,1774972800,SL,EURUSD,sweep_reclaim_bounce_v2:short,base
sweep_reclaim_bounce_v2:EURUSD:short:1775484000:liquidity:1.15688,sweep_reclaim_bounce_v2,short,1775487600,1775484000,market_next_open,filled,1775487600,1775548800,SL,EURUSD,sweep_reclaim_bounce_v2:short,base
sweep_reclaim_bounce_v2:EURUSD:short:1775548800:failed_break,sweep_reclaim_bounce_v2,short,1775566800,1775563200,market_next_open,filled,1775566800,1775570400,SL,EURUSD,sweep_reclaim_bounce_v2:short,base
sweep_reclaim_bounce_v2:EURUSD:short:1775581200:failed_break,sweep_reclaim_bounce_v2,short,1775588400,1775584800,market_next_open,filled,1775588400,1775588400,SL,EURUSD,sweep_reclaim_bounce_v2:short,base
sweep_reclaim_bounce_v2:EURUSD:short:1775649600:failed_break,sweep_reclaim_bounce_v2,short,1775660400,1775656800,market_next_open,filled,1775660400,1775671200,TP,EURUSD,sweep_reclaim_bounce_v2:short,base
sweep_reclaim_bounce_v2:EURUSD:short:1781010000:liquidity:1.157505,sweep_reclaim_bounce_v2,short,1781013600,1781010000,market_next_open,filled,1781013600,1781020800,TP,EURUSD,sweep_reclaim_bounce_v2:short,base
sweep_reclaim_bounce_v2:EURUSD:short:1722423600:liquidity:1.083575,sweep_reclaim_bounce_v2,short,1722427200,1722423600,market_next_open,filled,1722427200,1722427200,SL,EURUSD,sweep_reclaim_bounce_v2:short,stress
sweep_reclaim_bounce_v2:EURUSD:short:1722844800:liquidity:1.09671,sweep_reclaim_bounce_v2,short,1722848400,1722844800,market_next_open,filled,1722848400,1722859200,SL,EURUSD,sweep_reclaim_bounce_v2:short,stress
sweep_reclaim_bounce_v2:EURUSD:short:1723467600:liquidity:1.09314,sweep_reclaim_bounce_v2,short,1723471200,1723467600,market_next_open,filled,1723471200,1723471200,SL,EURUSD,sweep_reclaim_bounce_v2:short,stress
sweep_reclaim_bounce_v2:EURUSD:short:1724140800:liquidity:1.10876,sweep_reclaim_bounce_v2,short,1724144400,1724140800,market_next_open,filled,1724144400,1724155200,SL,EURUSD,sweep_reclaim_bounce_v2:short,stress
sweep_reclaim_bounce_v2:EURUSD:short:1726052400:liquidity:1.105205,sweep_reclaim_bounce_v2,short,1726056000,1726052400,market_next_open,filled,1726056000,1726056000,TP,EURUSD,sweep_reclaim_bounce_v2:short,stress
sweep_reclaim_bounce_v2:EURUSD:short:1726218000:liquidity:1.10941,sweep_reclaim_bounce_v2,short,1726221600,1726218000,market_next_open,filled,1726221600,1726232400,SL,EURUSD,sweep_reclaim_bounce_v2:short,stress
sweep_reclaim_bounce_v2:EURUSD:short:1727269200:liquidity:1.12079,sweep_reclaim_bounce_v2,short,1727272800,1727269200,market_next_open,filled,1727272800,1727276400,TP,EURUSD,sweep_reclaim_bounce_v2:short,stress
sweep_reclaim_bounce_v2:EURUSD:short:1728367200:liquidity:1.098695,sweep_reclaim_bounce_v2,short,1728370800,1728367200,market_next_open,filled,1728370800,1728370800,SL,EURUSD,sweep_reclaim_bounce_v2:short,stress
sweep_reclaim_bounce_v2:EURUSD:short:1731675600:liquidity:1.058255,sweep_reclaim_bounce_v2,short,1731679200,1731675600,market_next_open,filled,1731679200,1731949200,SL,EURUSD,sweep_reclaim_bounce_v2:short,stress
sweep_reclaim_bounce_v2:EURUSD:short:1731956400:liquidity:1.05979,sweep_reclaim_bounce_v2,short,1731960000,1731956400,market_next_open,filled,1731960000,1732006800,TP,EURUSD,sweep_reclaim_bounce_v2:short,stress
sweep_reclaim_bounce_v2:EURUSD:short:1732716000:liquidity:1.05738,sweep_reclaim_bounce_v2,short,1732719600,1732716000,market_next_open,filled,1732719600,1732719600,SL,EURUSD,sweep_reclaim_bounce_v2:short,stress
sweep_reclaim_bounce_v2:EURUSD:short:1732726800:liquidity:1.058475,sweep_reclaim_bounce_v2,short,1732730400,1732726800,market_next_open,filled,1732730400,1732752000,TP,EURUSD,sweep_reclaim_bounce_v2:short,stress
sweep_reclaim_bounce_v2:EURUSD:short:1733331600:failed_break,sweep_reclaim_bounce_v2,short,1733342400,1733338800,market_next_open,filled,1733342400,1733382000,SL,EURUSD,sweep_reclaim_bounce_v2:short,stress
sweep_reclaim_bounce_v2:EURUSD:short:1733472000:liquidity:1.058965,sweep_reclaim_bounce_v2,short,1733475600,1733472000,market_next_open,filled,1733475600,1733490000,SL,EURUSD,sweep_reclaim_bounce_v2:short,stress
sweep_reclaim_bounce_v2:EURUSD:short:1734714000:liquidity:1.04355,sweep_reclaim_bounce_v2,short,1734717600,1734714000,market_next_open,filled,1734717600,1734721200,SL,EURUSD,sweep_reclaim_bounce_v2:short,stress
sweep_reclaim_bounce_v2:EURUSD:short:1740589200:liquidity:1.052505,sweep_reclaim_bounce_v2,short,1740592800,1740589200,market_next_open,filled,1740592800,1740661200,TP,EURUSD,sweep_reclaim_bounce_v2:short,stress
sweep_reclaim_bounce_v2:EURUSD:short:1741078800:liquidity:1.0524,sweep_reclaim_bounce_v2,short,1741082400,1741078800,market_next_open,filled,1741082400,1741086000,SL,EURUSD,sweep_reclaim_bounce_v2:short,stress
sweep_reclaim_bounce_v2:EURUSD:short:1741244400:liquidity:1.08201,sweep_reclaim_bounce_v2,short,1741248000,1741244400,market_next_open,filled,1741248000,1741266000,SL,EURUSD,sweep_reclaim_bounce_v2:short,stress
sweep_reclaim_bounce_v2:EURUSD:short:1741273200:liquidity:1.084525,sweep_reclaim_bounce_v2,short,1741276800,1741273200,market_next_open,filled,1741276800,1741334400,SL,EURUSD,sweep_reclaim_bounce_v2:short,stress
sweep_reclaim_bounce_v2:EURUSD:short:1743404400:liquidity:1.084595,sweep_reclaim_bounce_v2,short,1743408000,1743404400,market_next_open,filled,1743408000,1743429600,TP,EURUSD,sweep_reclaim_bounce_v2:short,stress
sweep_reclaim_bounce_v2:EURUSD:short:1743606000:failed_break,sweep_reclaim_bounce_v2,short,1743624000,1743620400,market_next_open,filled,1743624000,1743624000,SL,EURUSD,sweep_reclaim_bounce_v2:short,stress
sweep_reclaim_bounce_v2:EURUSD:short:1746540000:liquidity:1.13649,sweep_reclaim_bounce_v2,short,1746543600,1746540000,market_next_open,filled,1746543600,1746550800,SL,EURUSD,sweep_reclaim_bounce_v2:short,stress
sweep_reclaim_bounce_v2:EURUSD:short:1748527200:liquidity:1.13601,sweep_reclaim_bounce_v2,short,1748530800,1748527200,market_next_open,filled,1748530800,1748530800,SL,EURUSD,sweep_reclaim_bounce_v2:short,stress
sweep_reclaim_bounce_v2:EURUSD:short:1754478000:liquidity:1.16108,sweep_reclaim_bounce_v2,short,1754481600,1754478000,market_next_open,filled,1754481600,1754481600,SL,EURUSD,sweep_reclaim_bounce_v2:short,stress
sweep_reclaim_bounce_v2:EURUSD:short:1754488800:liquidity:1.1636,sweep_reclaim_bounce_v2,short,1754492400,1754488800,market_next_open,filled,1754492400,1754492400,SL,EURUSD,sweep_reclaim_bounce_v2:short,stress
sweep_reclaim_bounce_v2:EURUSD:short:1759219200:failed_break,sweep_reclaim_bounce_v2,short,1759226400,1759222800,market_next_open,filled,1759226400,1759237200,TP,EURUSD,sweep_reclaim_bounce_v2:short,stress
sweep_reclaim_bounce_v2:EURUSD:short:1761566400:liquidity:1.164945,sweep_reclaim_bounce_v2,short,1761570000,1761566400,market_next_open,filled,1761570000,1761588000,SL,EURUSD,sweep_reclaim_bounce_v2:short,stress
sweep_reclaim_bounce_v2:EURUSD:short:1762405200:failed_break,sweep_reclaim_bounce_v2,short,1762416000,1762412400,market_next_open,filled,1762416000,1762416000,SL,EURUSD,sweep_reclaim_bounce_v2:short,stress
sweep_reclaim_bounce_v2:EURUSD:short:1762455600:liquidity:1.155015,sweep_reclaim_bounce_v2,short,1762459200,1762455600,market_next_open,filled,1762459200,1762470000,SL,EURUSD,sweep_reclaim_bounce_v2:short,stress
sweep_reclaim_bounce_v2:EURUSD:short:1762516800:liquidity:1.15611,sweep_reclaim_bounce_v2,short,1762520400,1762516800,market_next_open,filled,1762520400,1762520400,SL,EURUSD,sweep_reclaim_bounce_v2:short,stress
sweep_reclaim_bounce_v2:EURUSD:short:1763712000:liquidity:1.155005,sweep_reclaim_bounce_v2,short,1763715600,1763712000,market_next_open,filled,1763715600,1763719200,TP,EURUSD,sweep_reclaim_bounce_v2:short,stress
sweep_reclaim_bounce_v2:EURUSD:short:1764133200:failed_break,sweep_reclaim_bounce_v2,short,1764144000,1764140400,market_next_open,filled,1764144000,1764162000,TP,EURUSD,sweep_reclaim_bounce_v2:short,stress
sweep_reclaim_bounce_v2:EURUSD:short:1764172800:liquidity:1.159585,sweep_reclaim_bounce_v2,short,1764176400,1764172800,market_next_open,filled,1764176400,1764198000,SL,EURUSD,sweep_reclaim_bounce_v2:short,stress
sweep_reclaim_bounce_v2:EURUSD:short:1769097600:liquidity:1.174315,sweep_reclaim_bounce_v2,short,1769101200,1769097600,market_next_open,filled,1769101200,1769112000,SL,EURUSD,sweep_reclaim_bounce_v2:short,stress
sweep_reclaim_bounce_v2:EURUSD:short:1769443200:liquidity:1.18978,sweep_reclaim_bounce_v2,short,1769446800,1769443200,market_next_open,filled,1769446800,1769515200,SL,EURUSD,sweep_reclaim_bounce_v2:short,stress
sweep_reclaim_bounce_v2:EURUSD:short:1770181200:failed_break,sweep_reclaim_bounce_v2,short,1770195600,1770192000,market_next_open,filled,1770195600,1770199200,TP,EURUSD,sweep_reclaim_bounce_v2:short,stress
sweep_reclaim_bounce_v2:EURUSD:short:1770627600:liquidity:1.18649,sweep_reclaim_bounce_v2,short,1770631200,1770627600,market_next_open,filled,1770631200,1770631200,SL,EURUSD,sweep_reclaim_bounce_v2:short,stress
sweep_reclaim_bounce_v2:EURUSD:short:1770649200:liquidity:1.19185,sweep_reclaim_bounce_v2,short,1770652800,1770649200,market_next_open,filled,1770652800,1770732000,SL,EURUSD,sweep_reclaim_bounce_v2:short,stress
sweep_reclaim_bounce_v2:EURUSD:short:1772002800:liquidity:1.180645,sweep_reclaim_bounce_v2,short,1772006400,1772002800,market_next_open,filled,1772006400,1772017200,TP,EURUSD,sweep_reclaim_bounce_v2:short,stress
sweep_reclaim_bounce_v2:EURUSD:short:1772038800:liquidity:1.180805,sweep_reclaim_bounce_v2,short,1772042400,1772038800,market_next_open,filled,1772042400,1772060400,SL,EURUSD,sweep_reclaim_bounce_v2:short,stress
sweep_reclaim_bounce_v2:EURUSD:short:1772211600:liquidity:1.182505,sweep_reclaim_bounce_v2,short,1772215200,1772211600,market_next_open,filled,1772215200,1772222400,SL,EURUSD,sweep_reclaim_bounce_v2:short,stress
sweep_reclaim_bounce_v2:EURUSD:short:1773162000:liquidity:1.166365,sweep_reclaim_bounce_v2,short,1773165600,1773162000,market_next_open,filled,1773165600,1773219600,TP,EURUSD,sweep_reclaim_bounce_v2:short,stress
sweep_reclaim_bounce_v2:EURUSD:short:1773684000:failed_break,sweep_reclaim_bounce_v2,short,1773691200,1773687600,market_next_open,filled,1773691200,1773727200,TP,EURUSD,sweep_reclaim_bounce_v2:short,stress
sweep_reclaim_bounce_v2:EURUSD:short:1774965600:liquidity:1.15326,sweep_reclaim_bounce_v2,short,1774969200,1774965600,market_next_open,filled,1774969200,1774972800,SL,EURUSD,sweep_reclaim_bounce_v2:short,stress
sweep_reclaim_bounce_v2:EURUSD:short:1775484000:liquidity:1.15688,sweep_reclaim_bounce_v2,short,1775487600,1775484000,market_next_open,filled,1775487600,1775548800,SL,EURUSD,sweep_reclaim_bounce_v2:short,stress
sweep_reclaim_bounce_v2:EURUSD:short:1775548800:failed_break,sweep_reclaim_bounce_v2,short,1775566800,1775563200,market_next_open,filled,1775566800,1775570400,SL,EURUSD,sweep_reclaim_bounce_v2:short,stress
sweep_reclaim_bounce_v2:EURUSD:short:1775581200:failed_break,sweep_reclaim_bounce_v2,short,1775588400,1775584800,market_next_open,filled,1775588400,1775588400,SL,EURUSD,sweep_reclaim_bounce_v2:short,stress
sweep_reclaim_bounce_v2:EURUSD:short:1775649600:failed_break,sweep_reclaim_bounce_v2,short,1775660400,1775656800,market_next_open,filled,1775660400,1775671200,TP,EURUSD,sweep_reclaim_bounce_v2:short,stress
sweep_reclaim_bounce_v2:EURUSD:short:1781010000:liquidity:1.157505,sweep_reclaim_bounce_v2,short,1781013600,1781010000,market_next_open,filled,1781013600,1781020800,TP,EURUSD,sweep_reclaim_bounce_v2:short,stress
sweep_reclaim_bounce_v2:GBPUSD:short:1723723200:liquidity:1.286845,sweep_reclaim_bounce_v2,short,1723726800,1723723200,market_next_open,filled,1723726800,1723734000,SL,GBPUSD,sweep_reclaim_bounce_v2:short,base
sweep_reclaim_bounce_v2:GBPUSD:short:1730214000:failed_break,sweep_reclaim_bounce_v2,short,1730224800,1730221200,market_next_open,filled,1730224800,1730224800,SL,GBPUSD,sweep_reclaim_bounce_v2:short,base
sweep_reclaim_bounce_v2:GBPUSD:short:1730278800:liquidity:1.302475,sweep_reclaim_bounce_v2,short,1730282400,1730278800,market_next_open,filled,1730282400,1730289600,TP,GBPUSD,sweep_reclaim_bounce_v2:short,base
sweep_reclaim_bounce_v2:GBPUSD:short:1732716000:liquidity:1.26627,sweep_reclaim_bounce_v2,short,1732719600,1732716000,market_next_open,filled,1732719600,1732719600,SL,GBPUSD,sweep_reclaim_bounce_v2:short,base
sweep_reclaim_bounce_v2:GBPUSD:short:1733472000:liquidity:1.277095,sweep_reclaim_bounce_v2,short,1733475600,1733472000,market_next_open,filled,1733475600,1733486400,SL,GBPUSD,sweep_reclaim_bounce_v2:short,base
sweep_reclaim_bounce_v2:GBPUSD:short:1733986800:liquidity:1.278175,sweep_reclaim_bounce_v2,short,1733990400,1733986800,market_next_open,filled,1733990400,1734012000,TP,GBPUSD,sweep_reclaim_bounce_v2:short,base
sweep_reclaim_bounce_v2:GBPUSD:short:1734364800:liquidity:1.269235,sweep_reclaim_bounce_v2,short,1734368400,1734364800,market_next_open,filled,1734368400,1734372000,SL,GBPUSD,sweep_reclaim_bounce_v2:short,base
sweep_reclaim_bounce_v2:GBPUSD:short:1740585600:liquidity:1.269875,sweep_reclaim_bounce_v2,short,1740589200,1740585600,market_next_open,filled,1740589200,1740589200,SL,GBPUSD,sweep_reclaim_bounce_v2:short,base
sweep_reclaim_bounce_v2:GBPUSD:short:1743613200:liquidity:1.297905,sweep_reclaim_bounce_v2,short,1743616800,1743613200,market_next_open,filled,1743616800,1743616800,SL,GBPUSD,sweep_reclaim_bounce_v2:short,base
sweep_reclaim_bounce_v2:GBPUSD:short:1755165600:liquidity:1.35923,sweep_reclaim_bounce_v2,short,1755169200,1755165600,market_next_open,filled,1755169200,1755172800,TP,GBPUSD,sweep_reclaim_bounce_v2:short,base
sweep_reclaim_bounce_v2:GBPUSD:short:1756346400:failed_break,sweep_reclaim_bounce_v2,short,1756364400,1756360800,market_next_open,filled,1756364400,1756368000,TP,GBPUSD,sweep_reclaim_bounce_v2:short,base
sweep_reclaim_bounce_v2:GBPUSD:short:1756375200:failed_break,sweep_reclaim_bounce_v2,short,1756382400,1756378800,market_next_open,filled,1756382400,1756386000,TP,GBPUSD,sweep_reclaim_bounce_v2:short,base
sweep_reclaim_bounce_v2:GBPUSD:short:1756400400:liquidity:1.35273,sweep_reclaim_bounce_v2,short,1756404000,1756400400,market_next_open,filled,1756404000,1756429200,TP,GBPUSD,sweep_reclaim_bounce_v2:short,base
sweep_reclaim_bounce_v2:GBPUSD:short:1757080800:liquidity:1.354965,sweep_reclaim_bounce_v2,short,1757084400,1757080800,market_next_open,filled,1757084400,1757336400,SL,GBPUSD,sweep_reclaim_bounce_v2:short,base
sweep_reclaim_bounce_v2:GBPUSD:short:1757408400:failed_break,sweep_reclaim_bounce_v2,short,1757426400,1757422800,market_next_open,filled,1757426400,1757581200,TP,GBPUSD,sweep_reclaim_bounce_v2:short,base
sweep_reclaim_bounce_v2:GBPUSD:short:1759777200:liquidity:1.348715,sweep_reclaim_bounce_v2,short,1759780800,1759777200,market_next_open,filled,1759780800,1759813200,TP,GBPUSD,sweep_reclaim_bounce_v2:short,base
sweep_reclaim_bounce_v2:GBPUSD:short:1760608800:liquidity:1.344305,sweep_reclaim_bounce_v2,short,1760612400,1760608800,market_next_open,filled,1760612400,1760616000,SL,GBPUSD,sweep_reclaim_bounce_v2:short,base
sweep_reclaim_bounce_v2:GBPUSD:short:1763989200:liquidity:1.31161,sweep_reclaim_bounce_v2,short,1763992800,1763989200,market_next_open,filled,1763992800,1764054000,SL,GBPUSD,sweep_reclaim_bounce_v2:short,base
sweep_reclaim_bounce_v2:GBPUSD:short:1764082800:liquidity:1.31832,sweep_reclaim_bounce_v2,short,1764086400,1764082800,market_next_open,filled,1764086400,1764090000,SL,GBPUSD,sweep_reclaim_bounce_v2:short,base
sweep_reclaim_bounce_v2:GBPUSD:short:1764162000:liquidity:1.32141,sweep_reclaim_bounce_v2,short,1764165600,1764162000,market_next_open,filled,1764165600,1764169200,SL,GBPUSD,sweep_reclaim_bounce_v2:short,base
sweep_reclaim_bounce_v2:GBPUSD:short:1764594000:liquidity:1.327,sweep_reclaim_bounce_v2,short,1764597600,1764594000,market_next_open,filled,1764597600,1764597600,TP,GBPUSD,sweep_reclaim_bounce_v2:short,base
sweep_reclaim_bounce_v2:GBPUSD:short:1764835200:liquidity:1.335415,sweep_reclaim_bounce_v2,short,1764838800,1764835200,market_next_open,filled,1764838800,1764846000,SL,GBPUSD,sweep_reclaim_bounce_v2:short,base
sweep_reclaim_bounce_v2:GBPUSD:short:1765270800:liquidity:1.33512,sweep_reclaim_bounce_v2,short,1765274400,1765270800,market_next_open,filled,1765274400,1765278000,TP,GBPUSD,sweep_reclaim_bounce_v2:short,base
sweep_reclaim_bounce_v2:GBPUSD:short:1766066400:liquidity:1.34427,sweep_reclaim_bounce_v2,short,1766070000,1766066400,market_next_open,censored_trade_at_segment_end,,,,GBPUSD,sweep_reclaim_bounce_v2:short,base
sweep_reclaim_bounce_v2:GBPUSD:short:1769151600:liquidity:1.350855,sweep_reclaim_bounce_v2,short,1769155200,1769151600,market_next_open,filled,1769155200,1769158800,SL,GBPUSD,sweep_reclaim_bounce_v2:short,base
sweep_reclaim_bounce_v2:GBPUSD:short:1770804000:failed_break,sweep_reclaim_bounce_v2,short,1770818400,1770814800,market_next_open,filled,1770818400,1771203600,TIME,GBPUSD,sweep_reclaim_bounce_v2:short,base
sweep_reclaim_bounce_v2:GBPUSD:short:1771232400:liquidity:1.366025,sweep_reclaim_bounce_v2,short,1771236000,1771232400,market_next_open,filled,1771236000,1771297200,TP,GBPUSD,sweep_reclaim_bounce_v2:short,base
sweep_reclaim_bounce_v2:GBPUSD:short:1772802000:liquidity:1.338705,sweep_reclaim_bounce_v2,short,1772805600,1772802000,market_next_open,filled,1772805600,1772812800,SL,GBPUSD,sweep_reclaim_bounce_v2:short,base
sweep_reclaim_bounce_v2:GBPUSD:short:1772812800:failed_break,sweep_reclaim_bounce_v2,short,1772823600,1772820000,market_next_open,filled,1772823600,1772830800,SL,GBPUSD,sweep_reclaim_bounce_v2:short,base
sweep_reclaim_bounce_v2:GBPUSD:short:1773129600:liquidity:1.34803,sweep_reclaim_bounce_v2,short,1773133200,1773129600,market_next_open,filled,1773133200,1773169200,TP,GBPUSD,sweep_reclaim_bounce_v2:short,base
sweep_reclaim_bounce_v2:GBPUSD:short:1773770400:liquidity:1.33601,sweep_reclaim_bounce_v2,short,1773774000,1773770400,market_next_open,filled,1773774000,1773774000,SL,GBPUSD,sweep_reclaim_bounce_v2:short,base
sweep_reclaim_bounce_v2:GBPUSD:short:1773932400:liquidity:1.337465,sweep_reclaim_bounce_v2,short,1773936000,1773932400,market_next_open,filled,1773936000,1773939600,SL,GBPUSD,sweep_reclaim_bounce_v2:short,base
sweep_reclaim_bounce_v2:GBPUSD:short:1775484000:liquidity:1.326085,sweep_reclaim_bounce_v2,short,1775487600,1775484000,market_next_open,filled,1775487600,1775548800,SL,GBPUSD,sweep_reclaim_bounce_v2:short,base
sweep_reclaim_bounce_v2:GBPUSD:short:1723723200:liquidity:1.286845,sweep_reclaim_bounce_v2,short,1723726800,1723723200,market_next_open,filled,1723726800,1723734000,SL,GBPUSD,sweep_reclaim_bounce_v2:short,stress
sweep_reclaim_bounce_v2:GBPUSD:short:1730214000:failed_break,sweep_reclaim_bounce_v2,short,1730224800,1730221200,market_next_open,filled,1730224800,1730224800,SL,GBPUSD,sweep_reclaim_bounce_v2:short,stress
sweep_reclaim_bounce_v2:GBPUSD:short:1730278800:liquidity:1.302475,sweep_reclaim_bounce_v2,short,1730282400,1730278800,market_next_open,filled,1730282400,1730289600,TP,GBPUSD,sweep_reclaim_bounce_v2:short,stress
sweep_reclaim_bounce_v2:GBPUSD:short:1732716000:liquidity:1.26627,sweep_reclaim_bounce_v2,short,1732719600,1732716000,market_next_open,filled,1732719600,1732719600,SL,GBPUSD,sweep_reclaim_bounce_v2:short,stress
sweep_reclaim_bounce_v2:GBPUSD:short:1733472000:liquidity:1.277095,sweep_reclaim_bounce_v2,short,1733475600,1733472000,market_next_open,filled,1733475600,1733486400,SL,GBPUSD,sweep_reclaim_bounce_v2:short,stress
sweep_reclaim_bounce_v2:GBPUSD:short:1733986800:liquidity:1.278175,sweep_reclaim_bounce_v2,short,1733990400,1733986800,market_next_open,filled,1733990400,1734012000,TP,GBPUSD,sweep_reclaim_bounce_v2:short,stress
sweep_reclaim_bounce_v2:GBPUSD:short:1734364800:liquidity:1.269235,sweep_reclaim_bounce_v2,short,1734368400,1734364800,market_next_open,filled,1734368400,1734372000,SL,GBPUSD,sweep_reclaim_bounce_v2:short,stress
sweep_reclaim_bounce_v2:GBPUSD:short:1740585600:liquidity:1.269875,sweep_reclaim_bounce_v2,short,1740589200,1740585600,market_next_open,filled,1740589200,1740589200,SL,GBPUSD,sweep_reclaim_bounce_v2:short,stress
sweep_reclaim_bounce_v2:GBPUSD:short:1743613200:liquidity:1.297905,sweep_reclaim_bounce_v2,short,1743616800,1743613200,market_next_open,filled,1743616800,1743616800,SL,GBPUSD,sweep_reclaim_bounce_v2:short,stress
sweep_reclaim_bounce_v2:GBPUSD:short:1755165600:liquidity:1.35923,sweep_reclaim_bounce_v2,short,1755169200,1755165600,market_next_open,filled,1755169200,1755172800,TP,GBPUSD,sweep_reclaim_bounce_v2:short,stress
sweep_reclaim_bounce_v2:GBPUSD:short:1756346400:failed_break,sweep_reclaim_bounce_v2,short,1756364400,1756360800,market_next_open,filled,1756364400,1756375200,SL,GBPUSD,sweep_reclaim_bounce_v2:short,stress
sweep_reclaim_bounce_v2:GBPUSD:short:1756375200:failed_break,sweep_reclaim_bounce_v2,short,1756386000,1756382400,market_next_open,filled,1756386000,1756389600,SL,GBPUSD,sweep_reclaim_bounce_v2:short,stress
sweep_reclaim_bounce_v2:GBPUSD:short:1756400400:liquidity:1.35273,sweep_reclaim_bounce_v2,short,1756404000,1756400400,market_next_open,filled,1756404000,1756429200,TP,GBPUSD,sweep_reclaim_bounce_v2:short,stress
sweep_reclaim_bounce_v2:GBPUSD:short:1757080800:liquidity:1.354965,sweep_reclaim_bounce_v2,short,1757084400,1757080800,market_next_open,filled,1757084400,1757336400,SL,GBPUSD,sweep_reclaim_bounce_v2:short,stress
sweep_reclaim_bounce_v2:GBPUSD:short:1757408400:failed_break,sweep_reclaim_bounce_v2,short,1757426400,1757422800,market_next_open,filled,1757426400,1757581200,TP,GBPUSD,sweep_reclaim_bounce_v2:short,stress
sweep_reclaim_bounce_v2:GBPUSD:short:1759777200:liquidity:1.348715,sweep_reclaim_bounce_v2,short,1759780800,1759777200,market_next_open,filled,1759780800,1759813200,TP,GBPUSD,sweep_reclaim_bounce_v2:short,stress
sweep_reclaim_bounce_v2:GBPUSD:short:1760608800:liquidity:1.344305,sweep_reclaim_bounce_v2,short,1760612400,1760608800,market_next_open,filled,1760612400,1760616000,SL,GBPUSD,sweep_reclaim_bounce_v2:short,stress
sweep_reclaim_bounce_v2:GBPUSD:short:1763989200:liquidity:1.31161,sweep_reclaim_bounce_v2,short,1763992800,1763989200,market_next_open,filled,1763992800,1764054000,SL,GBPUSD,sweep_reclaim_bounce_v2:short,stress
sweep_reclaim_bounce_v2:GBPUSD:short:1764082800:liquidity:1.31832,sweep_reclaim_bounce_v2,short,1764086400,1764082800,market_next_open,filled,1764086400,1764090000,SL,GBPUSD,sweep_reclaim_bounce_v2:short,stress
sweep_reclaim_bounce_v2:GBPUSD:short:1764162000:liquidity:1.32141,sweep_reclaim_bounce_v2,short,1764165600,1764162000,market_next_open,filled,1764165600,1764169200,SL,GBPUSD,sweep_reclaim_bounce_v2:short,stress
sweep_reclaim_bounce_v2:GBPUSD:short:1764594000:liquidity:1.327,sweep_reclaim_bounce_v2,short,1764597600,1764594000,market_next_open,filled,1764597600,1764601200,TP,GBPUSD,sweep_reclaim_bounce_v2:short,stress
sweep_reclaim_bounce_v2:GBPUSD:short:1764835200:liquidity:1.335415,sweep_reclaim_bounce_v2,short,1764838800,1764835200,market_next_open,filled,1764838800,1764846000,SL,GBPUSD,sweep_reclaim_bounce_v2:short,stress
sweep_reclaim_bounce_v2:GBPUSD:short:1765270800:liquidity:1.33512,sweep_reclaim_bounce_v2,short,1765274400,1765270800,market_next_open,filled,1765274400,1765278000,TP,GBPUSD,sweep_reclaim_bounce_v2:short,stress
sweep_reclaim_bounce_v2:GBPUSD:short:1766066400:liquidity:1.34427,sweep_reclaim_bounce_v2,short,1766070000,1766066400,market_next_open,censored_trade_at_segment_end,,,,GBPUSD,sweep_reclaim_bounce_v2:short,stress
sweep_reclaim_bounce_v2:GBPUSD:short:1769151600:liquidity:1.350855,sweep_reclaim_bounce_v2,short,1769155200,1769151600,market_next_open,filled,1769155200,1769158800,SL,GBPUSD,sweep_reclaim_bounce_v2:short,stress
sweep_reclaim_bounce_v2:GBPUSD:short:1770804000:failed_break,sweep_reclaim_bounce_v2,short,1770818400,1770814800,market_next_open,filled,1770818400,1771203600,TIME,GBPUSD,sweep_reclaim_bounce_v2:short,stress
sweep_reclaim_bounce_v2:GBPUSD:short:1771232400:liquidity:1.366025,sweep_reclaim_bounce_v2,short,1771236000,1771232400,market_next_open,filled,1771236000,1771297200,TP,GBPUSD,sweep_reclaim_bounce_v2:short,stress
sweep_reclaim_bounce_v2:GBPUSD:short:1772802000:liquidity:1.338705,sweep_reclaim_bounce_v2,short,1772805600,1772802000,market_next_open,filled,1772805600,1772812800,SL,GBPUSD,sweep_reclaim_bounce_v2:short,stress
sweep_reclaim_bounce_v2:GBPUSD:short:1772812800:failed_break,sweep_reclaim_bounce_v2,short,1772823600,1772820000,market_next_open,filled,1772823600,1772830800,SL,GBPUSD,sweep_reclaim_bounce_v2:short,stress
sweep_reclaim_bounce_v2:GBPUSD:short:1773129600:liquidity:1.34803,sweep_reclaim_bounce_v2,short,1773133200,1773129600,market_next_open,filled,1773133200,1773180000,TP,GBPUSD,sweep_reclaim_bounce_v2:short,stress
sweep_reclaim_bounce_v2:GBPUSD:short:1773770400:liquidity:1.33601,sweep_reclaim_bounce_v2,short,1773774000,1773770400,market_next_open,filled,1773774000,1773774000,SL,GBPUSD,sweep_reclaim_bounce_v2:short,stress
sweep_reclaim_bounce_v2:GBPUSD:short:1773932400:liquidity:1.337465,sweep_reclaim_bounce_v2,short,1773936000,1773932400,market_next_open,filled,1773936000,1773939600,SL,GBPUSD,sweep_reclaim_bounce_v2:short,stress
sweep_reclaim_bounce_v2:GBPUSD:short:1775484000:liquidity:1.326085,sweep_reclaim_bounce_v2,short,1775487600,1775484000,market_next_open,filled,1775487600,1775548800,SL,GBPUSD,sweep_reclaim_bounce_v2:short,stress
sweep_reclaim_bounce_v2:USDJPY:short:1738328400:liquidity:154.937,sweep_reclaim_bounce_v2,short,1738332000,1738328400,market_next_open,filled,1738332000,1738346400,SL,USDJPY,sweep_reclaim_bounce_v2:short,base
sweep_reclaim_bounce_v2:USDJPY:short:1748444400:failed_break,sweep_reclaim_bounce_v2,short,1748458800,1748455200,market_next_open,filled,1748458800,1748473200,SL,USDJPY,sweep_reclaim_bounce_v2:short,base
sweep_reclaim_bounce_v2:USDJPY:short:1754658000:failed_break,sweep_reclaim_bounce_v2,short,1754672400,1754668800,market_next_open,censored_trade_at_segment_end,,,,USDJPY,sweep_reclaim_bounce_v2:short,base
sweep_reclaim_bounce_v2:USDJPY:short:1762358400:liquidity:154.312,sweep_reclaim_bounce_v2,short,1762362000,1762358400,market_next_open,filled,1762362000,1762416000,TP,USDJPY,sweep_reclaim_bounce_v2:short,base
sweep_reclaim_bounce_v2:USDJPY:short:1762952400:failed_break,sweep_reclaim_bounce_v2,short,1762966800,1762963200,market_next_open,filled,1762966800,1762992000,SL,USDJPY,sweep_reclaim_bounce_v2:short,base
sweep_reclaim_bounce_v2:USDJPY:short:1763366400:liquidity:154.814,sweep_reclaim_bounce_v2,short,1763370000,1763366400,market_next_open,filled,1763370000,1763373600,SL,USDJPY,sweep_reclaim_bounce_v2:short,base
sweep_reclaim_bounce_v2:USDJPY:short:1763463600:failed_break,sweep_reclaim_bounce_v2,short,1763478000,1763474400,market_next_open,filled,1763478000,1763481600,SL,USDJPY,sweep_reclaim_bounce_v2:short,base
sweep_reclaim_bounce_v2:USDJPY:short:1765285200:liquidity:156.4315,sweep_reclaim_bounce_v2,short,1765288800,1765285200,market_next_open,filled,1765288800,1765288800,SL,USDJPY,sweep_reclaim_bounce_v2:short,base
sweep_reclaim_bounce_v2:USDJPY:short:1765976400:liquidity:155.598,sweep_reclaim_bounce_v2,short,1765980000,1765976400,market_next_open,filled,1765980000,1765980000,SL,USDJPY,sweep_reclaim_bounce_v2:short,base
sweep_reclaim_bounce_v2:USDJPY:short:1766052000:liquidity:155.9565,sweep_reclaim_bounce_v2,short,1766055600,1766052000,market_next_open,filled,1766055600,1766062800,TP,USDJPY,sweep_reclaim_bounce_v2:short,base
sweep_reclaim_bounce_v2:USDJPY:short:1769785200:liquidity:154.522,sweep_reclaim_bounce_v2,short,1769788800,1769785200,market_next_open,filled,1769788800,1769803200,SL,USDJPY,sweep_reclaim_bounce_v2:short,base
sweep_reclaim_bounce_v2:USDJPY:short:1770058800:liquidity:155.7385,sweep_reclaim_bounce_v2,short,1770062400,1770058800,market_next_open,filled,1770062400,1770091200,TP,USDJPY,sweep_reclaim_bounce_v2:short,base
sweep_reclaim_bounce_v2:USDJPY:short:1770127200:liquidity:155.9855,sweep_reclaim_bounce_v2,short,1770130800,1770127200,market_next_open,filled,1770130800,1770166800,SL,USDJPY,sweep_reclaim_bounce_v2:short,base
sweep_reclaim_bounce_v2:USDJPY:short:1771340400:failed_break,sweep_reclaim_bounce_v2,short,1771347600,1771344000,market_next_open,filled,1771347600,1771408800,SL,USDJPY,sweep_reclaim_bounce_v2:short,base
sweep_reclaim_bounce_v2:USDJPY:short:1771477200:failed_break,sweep_reclaim_bounce_v2,short,1771491600,1771488000,market_next_open,filled,1771491600,1771509600,SL,USDJPY,sweep_reclaim_bounce_v2:short,base
sweep_reclaim_bounce_v2:USDJPY:short:1775746800:liquidity:159.2435,sweep_reclaim_bounce_v2,short,1775750400,1775746800,market_next_open,filled,1775750400,1775800800,SL,USDJPY,sweep_reclaim_bounce_v2:short,base
sweep_reclaim_bounce_v2:USDJPY:short:1775808000:failed_break,sweep_reclaim_bounce_v2,short,1775818800,1775815200,market_next_open,filled,1775818800,1775822400,TP,USDJPY,sweep_reclaim_bounce_v2:short,base
sweep_reclaim_bounce_v2:USDJPY:short:1779937200:failed_break,sweep_reclaim_bounce_v2,short,1779951600,1779948000,market_next_open,filled,1779951600,1779976800,TP,USDJPY,sweep_reclaim_bounce_v2:short,base
sweep_reclaim_bounce_v2:USDJPY:short:1780884000:failed_break,sweep_reclaim_bounce_v2,short,1780902000,1780898400,market_next_open,filled,1780902000,1780905600,TP,USDJPY,sweep_reclaim_bounce_v2:short,base
sweep_reclaim_bounce_v2:USDJPY:short:1781089200:failed_break,sweep_reclaim_bounce_v2,short,1781107200,1781103600,market_next_open,filled,1781107200,1781110800,SL,USDJPY,sweep_reclaim_bounce_v2:short,base
sweep_reclaim_bounce_v2:USDJPY:short:1781179200:liquidity:160.589,sweep_reclaim_bounce_v2,short,1781182800,1781179200,market_next_open,filled,1781182800,1781197200,TP,USDJPY,sweep_reclaim_bounce_v2:short,base
sweep_reclaim_bounce_v2:USDJPY:short:1738328400:liquidity:154.937,sweep_reclaim_bounce_v2,short,1738332000,1738328400,market_next_open,filled,1738332000,1738346400,SL,USDJPY,sweep_reclaim_bounce_v2:short,stress
sweep_reclaim_bounce_v2:USDJPY:short:1748444400:failed_break,sweep_reclaim_bounce_v2,short,1748458800,1748455200,market_next_open,filled,1748458800,1748473200,SL,USDJPY,sweep_reclaim_bounce_v2:short,stress
sweep_reclaim_bounce_v2:USDJPY:short:1754658000:failed_break,sweep_reclaim_bounce_v2,short,1754672400,1754668800,market_next_open,censored_trade_at_segment_end,,,,USDJPY,sweep_reclaim_bounce_v2:short,stress
sweep_reclaim_bounce_v2:USDJPY:short:1762358400:liquidity:154.312,sweep_reclaim_bounce_v2,short,1762362000,1762358400,market_next_open,filled,1762362000,1762416000,TP,USDJPY,sweep_reclaim_bounce_v2:short,stress
sweep_reclaim_bounce_v2:USDJPY:short:1762952400:failed_break,sweep_reclaim_bounce_v2,short,1762966800,1762963200,market_next_open,filled,1762966800,1762992000,SL,USDJPY,sweep_reclaim_bounce_v2:short,stress
sweep_reclaim_bounce_v2:USDJPY:short:1763366400:liquidity:154.814,sweep_reclaim_bounce_v2,short,1763370000,1763366400,market_next_open,filled,1763370000,1763373600,SL,USDJPY,sweep_reclaim_bounce_v2:short,stress
sweep_reclaim_bounce_v2:USDJPY:short:1763463600:failed_break,sweep_reclaim_bounce_v2,short,1763478000,1763474400,market_next_open,filled,1763478000,1763481600,SL,USDJPY,sweep_reclaim_bounce_v2:short,stress
sweep_reclaim_bounce_v2:USDJPY:short:1765285200:liquidity:156.4315,sweep_reclaim_bounce_v2,short,1765288800,1765285200,market_next_open,filled,1765288800,1765288800,SL,USDJPY,sweep_reclaim_bounce_v2:short,stress
sweep_reclaim_bounce_v2:USDJPY:short:1765976400:liquidity:155.598,sweep_reclaim_bounce_v2,short,1765980000,1765976400,market_next_open,filled,1765980000,1765980000,SL,USDJPY,sweep_reclaim_bounce_v2:short,stress
sweep_reclaim_bounce_v2:USDJPY:short:1766052000:liquidity:155.9565,sweep_reclaim_bounce_v2,short,1766055600,1766052000,market_next_open,filled,1766055600,1766062800,TP,USDJPY,sweep_reclaim_bounce_v2:short,stress
sweep_reclaim_bounce_v2:USDJPY:short:1769785200:liquidity:154.522,sweep_reclaim_bounce_v2,short,1769788800,1769785200,market_next_open,filled,1769788800,1769803200,SL,USDJPY,sweep_reclaim_bounce_v2:short,stress
sweep_reclaim_bounce_v2:USDJPY:short:1770058800:liquidity:155.7385,sweep_reclaim_bounce_v2,short,1770062400,1770058800,market_next_open,filled,1770062400,1770109200,SL,USDJPY,sweep_reclaim_bounce_v2:short,stress
sweep_reclaim_bounce_v2:USDJPY:short:1770127200:liquidity:155.9855,sweep_reclaim_bounce_v2,short,1770130800,1770127200,market_next_open,filled,1770130800,1770166800,SL,USDJPY,sweep_reclaim_bounce_v2:short,stress
sweep_reclaim_bounce_v2:USDJPY:short:1771340400:failed_break,sweep_reclaim_bounce_v2,short,1771347600,1771344000,market_next_open,filled,1771347600,1771408800,SL,USDJPY,sweep_reclaim_bounce_v2:short,stress
sweep_reclaim_bounce_v2:USDJPY:short:1771477200:failed_break,sweep_reclaim_bounce_v2,short,1771491600,1771488000,market_next_open,filled,1771491600,1771509600,SL,USDJPY,sweep_reclaim_bounce_v2:short,stress
sweep_reclaim_bounce_v2:USDJPY:short:1775746800:liquidity:159.2435,sweep_reclaim_bounce_v2,short,1775750400,1775746800,market_next_open,filled,1775750400,1775800800,SL,USDJPY,sweep_reclaim_bounce_v2:short,stress
sweep_reclaim_bounce_v2:USDJPY:short:1775808000:failed_break,sweep_reclaim_bounce_v2,short,1775818800,1775815200,market_next_open,filled,1775818800,1775822400,TP,USDJPY,sweep_reclaim_bounce_v2:short,stress
sweep_reclaim_bounce_v2:USDJPY:short:1779937200:failed_break,sweep_reclaim_bounce_v2,short,1779951600,1779948000,market_next_open,filled,1779951600,1779976800,TP,USDJPY,sweep_reclaim_bounce_v2:short,stress
sweep_reclaim_bounce_v2:USDJPY:short:1780884000:failed_break,sweep_reclaim_bounce_v2,short,1780902000,1780898400,market_next_open,filled,1780902000,1780905600,TP,USDJPY,sweep_reclaim_bounce_v2:short,stress
sweep_reclaim_bounce_v2:USDJPY:short:1781089200:failed_break,sweep_reclaim_bounce_v2,short,1781107200,1781103600,market_next_open,filled,1781107200,1781110800,SL,USDJPY,sweep_reclaim_bounce_v2:short,stress
sweep_reclaim_bounce_v2:USDJPY:short:1781179200:liquidity:160.589,sweep_reclaim_bounce_v2,short,1781182800,1781179200,market_next_open,filled,1781182800,1781197200,TP,USDJPY,sweep_reclaim_bounce_v2:short,stress
regime_range_reversion_v2:EURUSD:long:1721980800:horizontal:1.0843067,regime_range_reversion_v2,long,1721984400,1721980800,limit,unfilled,,,,EURUSD,regime_range_reversion_v2:long,base
regime_range_reversion_v2:EURUSD:long:1723032000:sloped:1.0914943,regime_range_reversion_v2,long,1723035600,1723032000,limit,skipped_gap,,,,EURUSD,regime_range_reversion_v2:long,base
regime_range_reversion_v2:EURUSD:long:1723712400:horizontal:1.10036,regime_range_reversion_v2,long,1723716000,1723712400,limit,skipped_gap,,,,EURUSD,regime_range_reversion_v2:long,base
regime_range_reversion_v2:EURUSD:long:1726243200:horizontal:1.1075467,regime_range_reversion_v2,long,1726246800,1726243200,limit,skipped_gap,,,,EURUSD,regime_range_reversion_v2:long,base
regime_range_reversion_v2:EURUSD:long:1727679600:horizontal:1.1160825,regime_range_reversion_v2,long,1727683200,1727679600,limit,unfilled,,,,EURUSD,regime_range_reversion_v2:long,base
regime_range_reversion_v2:EURUSD:long:1731312000:horizontal:1.0684725,regime_range_reversion_v2,long,1731315600,1731312000,limit,filled,1731315600,1731315600,SL,EURUSD,regime_range_reversion_v2:long,base
regime_range_reversion_v2:EURUSD:long:1734346800:horizontal:1.0483975,regime_range_reversion_v2,long,1734350400,1734346800,limit,skipped_gap,,,,EURUSD,regime_range_reversion_v2:long,base
regime_range_reversion_v2:EURUSD:long:1734436800:sloped:1.0493439,regime_range_reversion_v2,long,1734440400,1734436800,limit,skipped_gap,,,,EURUSD,regime_range_reversion_v2:long,base
regime_range_reversion_v2:EURUSD:long:1734516000:sloped:1.0488501,regime_range_reversion_v2,long,1734519600,1734516000,limit,skipped_gap,,,,EURUSD,regime_range_reversion_v2:long,base
regime_range_reversion_v2:EURUSD:long:1734526800:sloped:1.0488571,regime_range_reversion_v2,long,1734530400,1734526800,limit,filled,1734530400,1734534000,SL,EURUSD,regime_range_reversion_v2:long,base
regime_range_reversion_v2:EURUSD:long:1740470400:horizontal:1.0459675,regime_range_reversion_v2,long,1740474000,1740470400,limit,unfilled,,,,EURUSD,regime_range_reversion_v2:long,base
regime_range_reversion_v2:EURUSD:long:1741597200:sloped:1.0841222,regime_range_reversion_v2,long,1741600800,1741597200,limit,skipped_gap,,,,EURUSD,regime_range_reversion_v2:long,base
regime_range_reversion_v2:EURUSD:long:1741604400:sloped:1.0828732,regime_range_reversion_v2,long,1741608000,1741604400,limit,skipped_gap,,,,EURUSD,regime_range_reversion_v2:long,base
regime_range_reversion_v2:EURUSD:long:1741762800:sloped:1.089395,regime_range_reversion_v2,long,1741766400,1741762800,limit,unfilled,,,,EURUSD,regime_range_reversion_v2:long,base
regime_range_reversion_v2:EURUSD:long:1741791600:sloped:1.0909606,regime_range_reversion_v2,long,1741795200,1741791600,limit,skipped_gap,,,,EURUSD,regime_range_reversion_v2:long,base
regime_range_reversion_v2:EURUSD:long:1742198400:horizontal:1.0874967,regime_range_reversion_v2,long,1742202000,1742198400,limit,unfilled,,,,EURUSD,regime_range_reversion_v2:long,base
regime_range_reversion_v2:EURUSD:long:1743166800:horizontal:1.0788325,regime_range_reversion_v2,long,1743170400,1743166800,limit,unfilled,,,,EURUSD,regime_range_reversion_v2:long,base
regime_range_reversion_v2:EURUSD:long:1743429600:horizontal:1.0793392,regime_range_reversion_v2,long,1743433200,1743429600,limit,filled,1743433200,1743436800,SL,EURUSD,regime_range_reversion_v2:long,base
regime_range_reversion_v2:EURUSD:long:1746597600:horizontal:1.1356383,regime_range_reversion_v2,long,1746601200,1746597600,limit,skipped_gap,,,,EURUSD,regime_range_reversion_v2:long,base
regime_range_reversion_v2:EURUSD:long:1747288800:sloped:1.1201318,regime_range_reversion_v2,long,1747292400,1747288800,limit,skipped_gap,,,,EURUSD,regime_range_reversion_v2:long,base
regime_range_reversion_v2:EURUSD:long:1748419200:sloped:1.1324288,regime_range_reversion_v2,long,1748422800,1748419200,limit,skipped_gap,,,,EURUSD,regime_range_reversion_v2:long,base
regime_range_reversion_v2:EURUSD:long:1748930400:sloped:1.1424466,regime_range_reversion_v2,long,1748934000,1748930400,limit,filled,1748934000,1748934000,SL,EURUSD,regime_range_reversion_v2:long,base
regime_range_reversion_v2:EURUSD:long:1749024000:sloped:1.1388154,regime_range_reversion_v2,long,1749027600,1749024000,limit,skipped_gap,,,,EURUSD,regime_range_reversion_v2:long,base
regime_range_reversion_v2:EURUSD:long:1749189600:horizontal:1.143225,regime_range_reversion_v2,long,1749193200,1749189600,limit,filled,1749193200,1749193200,SL,EURUSD,regime_range_reversion_v2:long,base
regime_range_reversion_v2:EURUSD:long:1754643600:horizontal:1.16366,regime_range_reversion_v2,long,1754647200,1754643600,limit,filled,1754647200,1754647200,SL,EURUSD,regime_range_reversion_v2:long,base
regime_range_reversion_v2:EURUSD:long:1758639600:horizontal:1.17937,regime_range_reversion_v2,long,1758643200,1758639600,limit,filled,1758643200,1758646800,TP_GAP,EURUSD,regime_range_reversion_v2:long,base
regime_range_reversion_v2:EURUSD:long:1760623200:sloped:1.165644,regime_range_reversion_v2,long,1760626800,1760623200,limit,unfilled,,,,EURUSD,regime_range_reversion_v2:long,base
regime_range_reversion_v2:EURUSD:long:1761285600:horizontal:1.1603733,regime_range_reversion_v2,long,1761289200,1761285600,limit,skipped_gap,,,,EURUSD,regime_range_reversion_v2:long,base
regime_range_reversion_v2:EURUSD:long:1761289200:horizontal:1.1603733,regime_range_reversion_v2,long,1761292800,1761289200,limit,unfilled,,,,EURUSD,regime_range_reversion_v2:long,base
regime_range_reversion_v2:EURUSD:long:1762844400:sloped:1.155766,regime_range_reversion_v2,long,1762848000,1762844400,limit,filled,1762848000,1762848000,SL,EURUSD,regime_range_reversion_v2:long,base
regime_range_reversion_v2:EURUSD:long:1764666000:sloped:1.1605848,regime_range_reversion_v2,long,1764669600,1764666000,limit,skipped_gap,,,,EURUSD,regime_range_reversion_v2:long,base
regime_range_reversion_v2:EURUSD:long:1764669600:sloped:1.1606349,regime_range_reversion_v2,long,1764673200,1764669600,limit,filled,1764673200,1764673200,SL,EURUSD,regime_range_reversion_v2:long,base
regime_range_reversion_v2:EURUSD:long:1764831600:sloped:1.1658098,regime_range_reversion_v2,long,1764835200,1764831600,limit,unfilled,,,,EURUSD,regime_range_reversion_v2:long,base
regime_range_reversion_v2:EURUSD:long:1764860400:sloped:1.1664968,regime_range_reversion_v2,long,1764864000,1764860400,limit,skipped_gap,,,,EURUSD,regime_range_reversion_v2:long,base
regime_range_reversion_v2:EURUSD:long:1764925200:horizontal:1.1653362,regime_range_reversion_v2,long,1764928800,1764925200,limit,filled,1764928800,1764928800,SL,EURUSD,regime_range_reversion_v2:long,base
regime_range_reversion_v2:EURUSD:long:1765278000:horizontal:1.1640633,regime_range_reversion_v2,long,1765281600,1765278000,limit,filled,1765281600,1765281600,SL,EURUSD,regime_range_reversion_v2:long,base
regime_range_reversion_v2:EURUSD:long:1769000400:sloped:1.1734241,regime_range_reversion_v2,long,1769004000,1769000400,limit,filled,1769004000,1769004000,SL,EURUSD,regime_range_reversion_v2:long,base
regime_range_reversion_v2:EURUSD:long:1770296400:sloped:1.1791615,regime_range_reversion_v2,long,1770300000,1770296400,limit,skipped_gap,,,,EURUSD,regime_range_reversion_v2:long,base
regime_range_reversion_v2:EURUSD:long:1771257600:sloped:1.1851341,regime_range_reversion_v2,long,1771261200,1771257600,limit,filled,1771261200,1771261200,SL,EURUSD,regime_range_reversion_v2:long,base
regime_range_reversion_v2:EURUSD:long:1772020800:horizontal:1.1772683,regime_range_reversion_v2,long,1772024400,1772020800,limit,unfilled,,,,EURUSD,regime_range_reversion_v2:long,base
regime_range_reversion_v2:EURUSD:long:1772100000:sloped:1.1792194,regime_range_reversion_v2,long,1772103600,1772100000,limit,unfilled,,,,EURUSD,regime_range_reversion_v2:long,base
regime_range_reversion_v2:EURUSD:long:1772175600:sloped:1.1796517,regime_range_reversion_v2,long,1772179200,1772175600,limit,skipped_gap,,,,EURUSD,regime_range_reversion_v2:long,base
regime_range_reversion_v2:EURUSD:long:1774342800:horizontal:1.157674,regime_range_reversion_v2,long,1774346400,1774342800,limit,skipped_gap,,,,EURUSD,regime_range_reversion_v2:long,base
regime_range_reversion_v2:EURUSD:long:1774436400:sloped:1.1594068,regime_range_reversion_v2,long,1774440000,1774436400,limit,skipped_gap,,,,EURUSD,regime_range_reversion_v2:long,base
regime_range_reversion_v2:EURUSD:long:1775541600:horizontal:1.1532012,regime_range_reversion_v2,long,1775545200,1775541600,limit,unfilled,,,,EURUSD,regime_range_reversion_v2:long,base
regime_range_reversion_v2:EURUSD:long:1775732400:sloped:1.1687007,regime_range_reversion_v2,long,1775736000,1775732400,limit,filled,1775736000,1775736000,SL,EURUSD,regime_range_reversion_v2:long,base
regime_range_reversion_v2:EURUSD:long:1781179200:horizontal:1.153432,regime_range_reversion_v2,long,1781182800,1781179200,limit,skipped_gap,,,,EURUSD,regime_range_reversion_v2:long,base
regime_range_reversion_v2:EURUSD:long:1721980800:horizontal:1.0843067,regime_range_reversion_v2,long,1721984400,1721980800,limit,unfilled,,,,EURUSD,regime_range_reversion_v2:long,stress
regime_range_reversion_v2:EURUSD:long:1723032000:sloped:1.0914943,regime_range_reversion_v2,long,1723035600,1723032000,limit,skipped_gap,,,,EURUSD,regime_range_reversion_v2:long,stress
regime_range_reversion_v2:EURUSD:long:1723712400:horizontal:1.10036,regime_range_reversion_v2,long,1723716000,1723712400,limit,skipped_gap,,,,EURUSD,regime_range_reversion_v2:long,stress
regime_range_reversion_v2:EURUSD:long:1726243200:horizontal:1.1075467,regime_range_reversion_v2,long,1726246800,1726243200,limit,skipped_gap,,,,EURUSD,regime_range_reversion_v2:long,stress
regime_range_reversion_v2:EURUSD:long:1727679600:horizontal:1.1160825,regime_range_reversion_v2,long,1727683200,1727679600,limit,unfilled,,,,EURUSD,regime_range_reversion_v2:long,stress
regime_range_reversion_v2:EURUSD:long:1731312000:horizontal:1.0684725,regime_range_reversion_v2,long,1731315600,1731312000,limit,filled,1731315600,1731315600,SL,EURUSD,regime_range_reversion_v2:long,stress
regime_range_reversion_v2:EURUSD:long:1734346800:horizontal:1.0483975,regime_range_reversion_v2,long,1734350400,1734346800,limit,skipped_gap,,,,EURUSD,regime_range_reversion_v2:long,stress
regime_range_reversion_v2:EURUSD:long:1734436800:sloped:1.0493439,regime_range_reversion_v2,long,1734440400,1734436800,limit,skipped_gap,,,,EURUSD,regime_range_reversion_v2:long,stress
regime_range_reversion_v2:EURUSD:long:1734516000:sloped:1.0488501,regime_range_reversion_v2,long,1734519600,1734516000,limit,skipped_gap,,,,EURUSD,regime_range_reversion_v2:long,stress
regime_range_reversion_v2:EURUSD:long:1734526800:sloped:1.0488571,regime_range_reversion_v2,long,1734530400,1734526800,limit,filled,1734530400,1734534000,SL,EURUSD,regime_range_reversion_v2:long,stress
regime_range_reversion_v2:EURUSD:long:1740470400:horizontal:1.0459675,regime_range_reversion_v2,long,1740474000,1740470400,limit,unfilled,,,,EURUSD,regime_range_reversion_v2:long,stress
regime_range_reversion_v2:EURUSD:long:1741597200:sloped:1.0841222,regime_range_reversion_v2,long,1741600800,1741597200,limit,skipped_gap,,,,EURUSD,regime_range_reversion_v2:long,stress
regime_range_reversion_v2:EURUSD:long:1741604400:sloped:1.0828732,regime_range_reversion_v2,long,1741608000,1741604400,limit,skipped_gap,,,,EURUSD,regime_range_reversion_v2:long,stress
regime_range_reversion_v2:EURUSD:long:1741762800:sloped:1.089395,regime_range_reversion_v2,long,1741766400,1741762800,limit,unfilled,,,,EURUSD,regime_range_reversion_v2:long,stress
regime_range_reversion_v2:EURUSD:long:1741791600:sloped:1.0909606,regime_range_reversion_v2,long,1741795200,1741791600,limit,skipped_gap,,,,EURUSD,regime_range_reversion_v2:long,stress
regime_range_reversion_v2:EURUSD:long:1742198400:horizontal:1.0874967,regime_range_reversion_v2,long,1742202000,1742198400,limit,unfilled,,,,EURUSD,regime_range_reversion_v2:long,stress
regime_range_reversion_v2:EURUSD:long:1743166800:horizontal:1.0788325,regime_range_reversion_v2,long,1743170400,1743166800,limit,unfilled,,,,EURUSD,regime_range_reversion_v2:long,stress
regime_range_reversion_v2:EURUSD:long:1743429600:horizontal:1.0793392,regime_range_reversion_v2,long,1743433200,1743429600,limit,filled,1743433200,1743436800,SL,EURUSD,regime_range_reversion_v2:long,stress
regime_range_reversion_v2:EURUSD:long:1746597600:horizontal:1.1356383,regime_range_reversion_v2,long,1746601200,1746597600,limit,skipped_gap,,,,EURUSD,regime_range_reversion_v2:long,stress
regime_range_reversion_v2:EURUSD:long:1747288800:sloped:1.1201318,regime_range_reversion_v2,long,1747292400,1747288800,limit,skipped_gap,,,,EURUSD,regime_range_reversion_v2:long,stress
regime_range_reversion_v2:EURUSD:long:1748419200:sloped:1.1324288,regime_range_reversion_v2,long,1748422800,1748419200,limit,skipped_gap,,,,EURUSD,regime_range_reversion_v2:long,stress
regime_range_reversion_v2:EURUSD:long:1748930400:sloped:1.1424466,regime_range_reversion_v2,long,1748934000,1748930400,limit,filled,1748934000,1748934000,SL,EURUSD,regime_range_reversion_v2:long,stress
regime_range_reversion_v2:EURUSD:long:1749024000:sloped:1.1388154,regime_range_reversion_v2,long,1749027600,1749024000,limit,skipped_gap,,,,EURUSD,regime_range_reversion_v2:long,stress
regime_range_reversion_v2:EURUSD:long:1749189600:horizontal:1.143225,regime_range_reversion_v2,long,1749193200,1749189600,limit,filled,1749193200,1749193200,SL,EURUSD,regime_range_reversion_v2:long,stress
regime_range_reversion_v2:EURUSD:long:1754643600:horizontal:1.16366,regime_range_reversion_v2,long,1754647200,1754643600,limit,filled,1754647200,1754647200,SL,EURUSD,regime_range_reversion_v2:long,stress
regime_range_reversion_v2:EURUSD:long:1758639600:horizontal:1.17937,regime_range_reversion_v2,long,1758643200,1758639600,limit,filled,1758643200,1758646800,TP_GAP,EURUSD,regime_range_reversion_v2:long,stress
regime_range_reversion_v2:EURUSD:long:1760623200:sloped:1.165644,regime_range_reversion_v2,long,1760626800,1760623200,limit,unfilled,,,,EURUSD,regime_range_reversion_v2:long,stress
regime_range_reversion_v2:EURUSD:long:1761285600:horizontal:1.1603733,regime_range_reversion_v2,long,1761289200,1761285600,limit,skipped_gap,,,,EURUSD,regime_range_reversion_v2:long,stress
regime_range_reversion_v2:EURUSD:long:1761289200:horizontal:1.1603733,regime_range_reversion_v2,long,1761292800,1761289200,limit,unfilled,,,,EURUSD,regime_range_reversion_v2:long,stress
regime_range_reversion_v2:EURUSD:long:1762844400:sloped:1.155766,regime_range_reversion_v2,long,1762848000,1762844400,limit,filled,1762848000,1762848000,SL,EURUSD,regime_range_reversion_v2:long,stress
regime_range_reversion_v2:EURUSD:long:1764666000:sloped:1.1605848,regime_range_reversion_v2,long,1764669600,1764666000,limit,skipped_gap,,,,EURUSD,regime_range_reversion_v2:long,stress
regime_range_reversion_v2:EURUSD:long:1764669600:sloped:1.1606349,regime_range_reversion_v2,long,1764673200,1764669600,limit,filled,1764673200,1764673200,SL,EURUSD,regime_range_reversion_v2:long,stress
regime_range_reversion_v2:EURUSD:long:1764831600:sloped:1.1658098,regime_range_reversion_v2,long,1764835200,1764831600,limit,unfilled,,,,EURUSD,regime_range_reversion_v2:long,stress
regime_range_reversion_v2:EURUSD:long:1764860400:sloped:1.1664968,regime_range_reversion_v2,long,1764864000,1764860400,limit,skipped_gap,,,,EURUSD,regime_range_reversion_v2:long,stress
regime_range_reversion_v2:EURUSD:long:1764925200:horizontal:1.1653362,regime_range_reversion_v2,long,1764928800,1764925200,limit,filled,1764928800,1764928800,SL,EURUSD,regime_range_reversion_v2:long,stress
regime_range_reversion_v2:EURUSD:long:1765278000:horizontal:1.1640633,regime_range_reversion_v2,long,1765281600,1765278000,limit,filled,1765281600,1765281600,SL,EURUSD,regime_range_reversion_v2:long,stress
regime_range_reversion_v2:EURUSD:long:1769000400:sloped:1.1734241,regime_range_reversion_v2,long,1769004000,1769000400,limit,filled,1769004000,1769004000,SL,EURUSD,regime_range_reversion_v2:long,stress
regime_range_reversion_v2:EURUSD:long:1770296400:sloped:1.1791615,regime_range_reversion_v2,long,1770300000,1770296400,limit,skipped_gap,,,,EURUSD,regime_range_reversion_v2:long,stress
regime_range_reversion_v2:EURUSD:long:1771257600:sloped:1.1851341,regime_range_reversion_v2,long,1771261200,1771257600,limit,filled,1771261200,1771261200,SL,EURUSD,regime_range_reversion_v2:long,stress
regime_range_reversion_v2:EURUSD:long:1772020800:horizontal:1.1772683,regime_range_reversion_v2,long,1772024400,1772020800,limit,unfilled,,,,EURUSD,regime_range_reversion_v2:long,stress
regime_range_reversion_v2:EURUSD:long:1772100000:sloped:1.1792194,regime_range_reversion_v2,long,1772103600,1772100000,limit,unfilled,,,,EURUSD,regime_range_reversion_v2:long,stress
regime_range_reversion_v2:EURUSD:long:1772175600:sloped:1.1796517,regime_range_reversion_v2,long,1772179200,1772175600,limit,skipped_gap,,,,EURUSD,regime_range_reversion_v2:long,stress
regime_range_reversion_v2:EURUSD:long:1774342800:horizontal:1.157674,regime_range_reversion_v2,long,1774346400,1774342800,limit,skipped_gap,,,,EURUSD,regime_range_reversion_v2:long,stress
regime_range_reversion_v2:EURUSD:long:1774436400:sloped:1.1594068,regime_range_reversion_v2,long,1774440000,1774436400,limit,skipped_gap,,,,EURUSD,regime_range_reversion_v2:long,stress
regime_range_reversion_v2:EURUSD:long:1775541600:horizontal:1.1532012,regime_range_reversion_v2,long,1775545200,1775541600,limit,unfilled,,,,EURUSD,regime_range_reversion_v2:long,stress
regime_range_reversion_v2:EURUSD:long:1775732400:sloped:1.1687007,regime_range_reversion_v2,long,1775736000,1775732400,limit,filled,1775736000,1775736000,SL,EURUSD,regime_range_reversion_v2:long,stress
regime_range_reversion_v2:EURUSD:long:1781179200:horizontal:1.153432,regime_range_reversion_v2,long,1781182800,1781179200,limit,skipped_gap,,,,EURUSD,regime_range_reversion_v2:long,stress
regime_range_reversion_v2:GBPUSD:long:1723201200:sloped:1.273021,regime_range_reversion_v2,long,1723204800,1723201200,limit,skipped_gap,,,,GBPUSD,regime_range_reversion_v2:long,base
regime_range_reversion_v2:GBPUSD:long:1723204800:sloped:1.2731169,regime_range_reversion_v2,long,1723208400,1723204800,limit,unfilled,,,,GBPUSD,regime_range_reversion_v2:long,base
regime_range_reversion_v2:GBPUSD:long:1724133600:sloped:1.298689,regime_range_reversion_v2,long,1724137200,1724133600,limit,unfilled,,,,GBPUSD,regime_range_reversion_v2:long,base
regime_range_reversion_v2:GBPUSD:long:1730185200:sloped:1.2966033,regime_range_reversion_v2,long,1730188800,1730185200,limit,unfilled,,,,GBPUSD,regime_range_reversion_v2:long,base
regime_range_reversion_v2:GBPUSD:long:1733479200:sloped:1.2750432,regime_range_reversion_v2,long,1733482800,1733479200,limit,unfilled,,,,GBPUSD,regime_range_reversion_v2:long,base
regime_range_reversion_v2:GBPUSD:long:1733842800:sloped:1.2737544,regime_range_reversion_v2,long,1733846400,1733842800,limit,filled,1733846400,1733850000,TP_GAP,GBPUSD,regime_range_reversion_v2:long,base
regime_range_reversion_v2:GBPUSD:long:1737536400:sloped:1.2339758,regime_range_reversion_v2,long,1737540000,1737536400,limit,skipped_gap,,,,GBPUSD,regime_range_reversion_v2:long,base
regime_range_reversion_v2:GBPUSD:long:1740567600:horizontal:1.2638825,regime_range_reversion_v2,long,1740571200,1740567600,limit,unfilled,,,,GBPUSD,regime_range_reversion_v2:long,base
regime_range_reversion_v2:GBPUSD:long:1740643200:sloped:1.2664917,regime_range_reversion_v2,long,1740646800,1740643200,limit,unfilled,,,,GBPUSD,regime_range_reversion_v2:long,base
regime_range_reversion_v2:GBPUSD:long:1745949600:sloped:1.3395712,regime_range_reversion_v2,long,1745953200,1745949600,limit,unfilled,,,,GBPUSD,regime_range_reversion_v2:long,base
regime_range_reversion_v2:GBPUSD:long:1747933200:sloped:1.3411557,regime_range_reversion_v2,long,1747936800,1747933200,limit,unfilled,,,,GBPUSD,regime_range_reversion_v2:long,base
regime_range_reversion_v2:GBPUSD:long:1748419200:sloped:1.3500954,regime_range_reversion_v2,long,1748422800,1748419200,limit,skipped_gap,,,,GBPUSD,regime_range_reversion_v2:long,base
regime_range_reversion_v2:GBPUSD:long:1750410000:horizontal:1.3487675,regime_range_reversion_v2,long,1750413600,1750410000,limit,filled,1750417200,1750420800,TP,GBPUSD,regime_range_reversion_v2:long,base
regime_range_reversion_v2:GBPUSD:long:1754647200:sloped:1.3438421,regime_range_reversion_v2,long,1754650800,1754647200,limit,filled,1754650800,1754654400,SL,GBPUSD,regime_range_reversion_v2:long,base
regime_range_reversion_v2:GBPUSD:long:1754676000:sloped:1.3452465,regime_range_reversion_v2,long,1754679600,1754676000,limit,filled,1754679600,1754679600,SL,GBPUSD,regime_range_reversion_v2:long,base
regime_range_reversion_v2:GBPUSD:long:1754899200:sloped:1.3461997,regime_range_reversion_v2,long,1754902800,1754899200,limit,filled,1754902800,1754902800,SL,GBPUSD,regime_range_reversion_v2:long,base
regime_range_reversion_v2:GBPUSD:long:1754982000:sloped:1.3429896,regime_range_reversion_v2,long,1754985600,1754982000,limit,unfilled,,,,GBPUSD,regime_range_reversion_v2:long,base
regime_range_reversion_v2:GBPUSD:long:1755284400:sloped:1.3550363,regime_range_reversion_v2,long,1755288000,1755284400,limit,unfilled,,,,GBPUSD,regime_range_reversion_v2:long,base
regime_range_reversion_v2:GBPUSD:long:1756116000:horizontal:1.3489425,regime_range_reversion_v2,long,1756119600,1756116000,limit,unfilled,,,,GBPUSD,regime_range_reversion_v2:long,base
regime_range_reversion_v2:GBPUSD:long:1756368000:horizontal:1.348685,regime_range_reversion_v2,long,1756371600,1756368000,limit,unfilled,,,,GBPUSD,regime_range_reversion_v2:long,base
regime_range_reversion_v2:GBPUSD:long:1757491200:horizontal:1.35242,regime_range_reversion_v2,long,1757494800,1757491200,limit,filled,1757505600,1757509200,TP,GBPUSD,regime_range_reversion_v2:long,base
regime_range_reversion_v2:GBPUSD:long:1759492800:horizontal:1.343558,regime_range_reversion_v2,long,1759496400,1759492800,limit,unfilled,,,,GBPUSD,regime_range_reversion_v2:long,base
regime_range_reversion_v2:GBPUSD:long:1760630400:horizontal:1.341855,regime_range_reversion_v2,long,1760634000,1760630400,limit,unfilled,,,,GBPUSD,regime_range_reversion_v2:long,base
regime_range_reversion_v2:GBPUSD:long:1760958000:horizontal:1.3402983,regime_range_reversion_v2,long,1760961600,1760958000,limit,skipped_gap,,,,GBPUSD,regime_range_reversion_v2:long,base
regime_range_reversion_v2:GBPUSD:long:1763377200:horizontal:1.3147263,regime_range_reversion_v2,long,1763380800,1763377200,limit,unfilled,,,,GBPUSD,regime_range_reversion_v2:long,base
regime_range_reversion_v2:GBPUSD:long:1763996400:sloped:1.3088155,regime_range_reversion_v2,long,1764000000,1763996400,limit,skipped_gap,,,,GBPUSD,regime_range_reversion_v2:long,base
regime_range_reversion_v2:GBPUSD:long:1764003600:sloped:1.3089557,regime_range_reversion_v2,long,1764007200,1764003600,limit,unfilled,,,,GBPUSD,regime_range_reversion_v2:long,base
regime_range_reversion_v2:GBPUSD:long:1764241200:sloped:1.3227887,regime_range_reversion_v2,long,1764244800,1764241200,limit,filled,1764244800,1764309600,SL,GBPUSD,regime_range_reversion_v2:long,base
regime_range_reversion_v2:GBPUSD:long:1764694800:sloped:1.3191872,regime_range_reversion_v2,long,1764698400,1764694800,limit,filled,1764698400,1764702000,TP,GBPUSD,regime_range_reversion_v2:long,base
regime_range_reversion_v2:GBPUSD:long:1764932400:horizontal:1.33296,regime_range_reversion_v2,long,1764936000,1764932400,limit,unfilled,,,,GBPUSD,regime_range_reversion_v2:long,base
regime_range_reversion_v2:GBPUSD:long:1769065200:horizontal:1.3421417,regime_range_reversion_v2,long,1769068800,1769065200,limit,skipped_gap,,,,GBPUSD,regime_range_reversion_v2:long,base
regime_range_reversion_v2:GBPUSD:long:1770728400:sloped:1.367191,regime_range_reversion_v2,long,1770732000,1770728400,limit,skipped_gap,,,,GBPUSD,regime_range_reversion_v2:long,base
regime_range_reversion_v2:GBPUSD:long:1770793200:sloped:1.3670647,regime_range_reversion_v2,long,1770796800,1770793200,limit,filled,1770796800,1770800400,TP_GAP,GBPUSD,regime_range_reversion_v2:long,base
regime_range_reversion_v2:GBPUSD:long:1772733600:sloped:1.3315671,regime_range_reversion_v2,long,1772737200,1772733600,limit,unfilled,,,,GBPUSD,regime_range_reversion_v2:long,base
regime_range_reversion_v2:GBPUSD:long:1772805600:sloped:1.3333181,regime_range_reversion_v2,long,1772809200,1772805600,limit,unfilled,,,,GBPUSD,regime_range_reversion_v2:long,base
regime_range_reversion_v2:GBPUSD:long:1773918000:sloped:1.3286344,regime_range_reversion_v2,long,1773921600,1773918000,limit,filled,1773921600,1773921600,SL,GBPUSD,regime_range_reversion_v2:long,base
regime_range_reversion_v2:GBPUSD:long:1774465200:horizontal:1.33576,regime_range_reversion_v2,long,1774468800,1774465200,limit,unfilled,,,,GBPUSD,regime_range_reversion_v2:long,base
regime_range_reversion_v2:GBPUSD:long:1775732400:sloped:1.3420964,regime_range_reversion_v2,long,1775736000,1775732400,limit,skipped_gap,,,,GBPUSD,regime_range_reversion_v2:long,base
regime_range_reversion_v2:GBPUSD:long:1775822400:sloped:1.3449314,regime_range_reversion_v2,long,1775826000,1775822400,limit,skipped_gap,,,,GBPUSD,regime_range_reversion_v2:long,base
regime_range_reversion_v2:GBPUSD:long:1778133600:sloped:1.3590153,regime_range_reversion_v2,long,1778137200,1778133600,limit,unfilled,,,,GBPUSD,regime_range_reversion_v2:long,base
regime_range_reversion_v2:GBPUSD:long:1781532000:sloped:1.3433941,regime_range_reversion_v2,long,1781535600,1781532000,limit,filled,1781535600,1781535600,SL,GBPUSD,regime_range_reversion_v2:long,base
regime_range_reversion_v2:GBPUSD:long:1723201200:sloped:1.273021,regime_range_reversion_v2,long,1723204800,1723201200,limit,skipped_gap,,,,GBPUSD,regime_range_reversion_v2:long,stress
regime_range_reversion_v2:GBPUSD:long:1723204800:sloped:1.2731169,regime_range_reversion_v2,long,1723208400,1723204800,limit,unfilled,,,,GBPUSD,regime_range_reversion_v2:long,stress
regime_range_reversion_v2:GBPUSD:long:1724133600:sloped:1.298689,regime_range_reversion_v2,long,1724137200,1724133600,limit,unfilled,,,,GBPUSD,regime_range_reversion_v2:long,stress
regime_range_reversion_v2:GBPUSD:long:1730185200:sloped:1.2966033,regime_range_reversion_v2,long,1730188800,1730185200,limit,unfilled,,,,GBPUSD,regime_range_reversion_v2:long,stress
regime_range_reversion_v2:GBPUSD:long:1733479200:sloped:1.2750432,regime_range_reversion_v2,long,1733482800,1733479200,limit,unfilled,,,,GBPUSD,regime_range_reversion_v2:long,stress
regime_range_reversion_v2:GBPUSD:long:1733842800:sloped:1.2737544,regime_range_reversion_v2,long,1733846400,1733842800,limit,filled,1733846400,1733850000,TP_GAP,GBPUSD,regime_range_reversion_v2:long,stress
regime_range_reversion_v2:GBPUSD:long:1737536400:sloped:1.2339758,regime_range_reversion_v2,long,1737540000,1737536400,limit,skipped_gap,,,,GBPUSD,regime_range_reversion_v2:long,stress
regime_range_reversion_v2:GBPUSD:long:1740567600:horizontal:1.2638825,regime_range_reversion_v2,long,1740571200,1740567600,limit,unfilled,,,,GBPUSD,regime_range_reversion_v2:long,stress
regime_range_reversion_v2:GBPUSD:long:1740643200:sloped:1.2664917,regime_range_reversion_v2,long,1740646800,1740643200,limit,unfilled,,,,GBPUSD,regime_range_reversion_v2:long,stress
regime_range_reversion_v2:GBPUSD:long:1745949600:sloped:1.3395712,regime_range_reversion_v2,long,1745953200,1745949600,limit,unfilled,,,,GBPUSD,regime_range_reversion_v2:long,stress
regime_range_reversion_v2:GBPUSD:long:1747933200:sloped:1.3411557,regime_range_reversion_v2,long,1747936800,1747933200,limit,unfilled,,,,GBPUSD,regime_range_reversion_v2:long,stress
regime_range_reversion_v2:GBPUSD:long:1748419200:sloped:1.3500954,regime_range_reversion_v2,long,1748422800,1748419200,limit,skipped_gap,,,,GBPUSD,regime_range_reversion_v2:long,stress
regime_range_reversion_v2:GBPUSD:long:1750410000:horizontal:1.3487675,regime_range_reversion_v2,long,1750413600,1750410000,limit,filled,1750417200,1750420800,TP,GBPUSD,regime_range_reversion_v2:long,stress
regime_range_reversion_v2:GBPUSD:long:1754647200:sloped:1.3438421,regime_range_reversion_v2,long,1754650800,1754647200,limit,filled,1754650800,1754654400,SL,GBPUSD,regime_range_reversion_v2:long,stress
regime_range_reversion_v2:GBPUSD:long:1754676000:sloped:1.3452465,regime_range_reversion_v2,long,1754679600,1754676000,limit,filled,1754679600,1754679600,SL,GBPUSD,regime_range_reversion_v2:long,stress
regime_range_reversion_v2:GBPUSD:long:1754899200:sloped:1.3461997,regime_range_reversion_v2,long,1754902800,1754899200,limit,filled,1754902800,1754902800,SL,GBPUSD,regime_range_reversion_v2:long,stress
regime_range_reversion_v2:GBPUSD:long:1754982000:sloped:1.3429896,regime_range_reversion_v2,long,1754985600,1754982000,limit,unfilled,,,,GBPUSD,regime_range_reversion_v2:long,stress
regime_range_reversion_v2:GBPUSD:long:1755284400:sloped:1.3550363,regime_range_reversion_v2,long,1755288000,1755284400,limit,unfilled,,,,GBPUSD,regime_range_reversion_v2:long,stress
regime_range_reversion_v2:GBPUSD:long:1756116000:horizontal:1.3489425,regime_range_reversion_v2,long,1756119600,1756116000,limit,unfilled,,,,GBPUSD,regime_range_reversion_v2:long,stress
regime_range_reversion_v2:GBPUSD:long:1756368000:horizontal:1.348685,regime_range_reversion_v2,long,1756371600,1756368000,limit,unfilled,,,,GBPUSD,regime_range_reversion_v2:long,stress
regime_range_reversion_v2:GBPUSD:long:1757491200:horizontal:1.35242,regime_range_reversion_v2,long,1757494800,1757491200,limit,unfilled,,,,GBPUSD,regime_range_reversion_v2:long,stress
regime_range_reversion_v2:GBPUSD:long:1759492800:horizontal:1.343558,regime_range_reversion_v2,long,1759496400,1759492800,limit,unfilled,,,,GBPUSD,regime_range_reversion_v2:long,stress
regime_range_reversion_v2:GBPUSD:long:1760630400:horizontal:1.341855,regime_range_reversion_v2,long,1760634000,1760630400,limit,unfilled,,,,GBPUSD,regime_range_reversion_v2:long,stress
regime_range_reversion_v2:GBPUSD:long:1760958000:horizontal:1.3402983,regime_range_reversion_v2,long,1760961600,1760958000,limit,skipped_gap,,,,GBPUSD,regime_range_reversion_v2:long,stress
regime_range_reversion_v2:GBPUSD:long:1763377200:horizontal:1.3147263,regime_range_reversion_v2,long,1763380800,1763377200,limit,unfilled,,,,GBPUSD,regime_range_reversion_v2:long,stress
regime_range_reversion_v2:GBPUSD:long:1763996400:sloped:1.3088155,regime_range_reversion_v2,long,1764000000,1763996400,limit,skipped_gap,,,,GBPUSD,regime_range_reversion_v2:long,stress
regime_range_reversion_v2:GBPUSD:long:1764003600:sloped:1.3089557,regime_range_reversion_v2,long,1764007200,1764003600,limit,unfilled,,,,GBPUSD,regime_range_reversion_v2:long,stress
regime_range_reversion_v2:GBPUSD:long:1764241200:sloped:1.3227887,regime_range_reversion_v2,long,1764244800,1764241200,limit,filled,1764244800,1764309600,SL,GBPUSD,regime_range_reversion_v2:long,stress
regime_range_reversion_v2:GBPUSD:long:1764694800:sloped:1.3191872,regime_range_reversion_v2,long,1764698400,1764694800,limit,filled,1764698400,1764702000,TP,GBPUSD,regime_range_reversion_v2:long,stress
regime_range_reversion_v2:GBPUSD:long:1764932400:horizontal:1.33296,regime_range_reversion_v2,long,1764936000,1764932400,limit,unfilled,,,,GBPUSD,regime_range_reversion_v2:long,stress
regime_range_reversion_v2:GBPUSD:long:1769065200:horizontal:1.3421417,regime_range_reversion_v2,long,1769068800,1769065200,limit,skipped_gap,,,,GBPUSD,regime_range_reversion_v2:long,stress
regime_range_reversion_v2:GBPUSD:long:1770728400:sloped:1.367191,regime_range_reversion_v2,long,1770732000,1770728400,limit,skipped_gap,,,,GBPUSD,regime_range_reversion_v2:long,stress
regime_range_reversion_v2:GBPUSD:long:1770793200:sloped:1.3670647,regime_range_reversion_v2,long,1770796800,1770793200,limit,filled,1770796800,1770800400,TP_GAP,GBPUSD,regime_range_reversion_v2:long,stress
regime_range_reversion_v2:GBPUSD:long:1772733600:sloped:1.3315671,regime_range_reversion_v2,long,1772737200,1772733600,limit,unfilled,,,,GBPUSD,regime_range_reversion_v2:long,stress
regime_range_reversion_v2:GBPUSD:long:1772805600:sloped:1.3333181,regime_range_reversion_v2,long,1772809200,1772805600,limit,unfilled,,,,GBPUSD,regime_range_reversion_v2:long,stress
regime_range_reversion_v2:GBPUSD:long:1773918000:sloped:1.3286344,regime_range_reversion_v2,long,1773921600,1773918000,limit,filled,1773921600,1773921600,SL,GBPUSD,regime_range_reversion_v2:long,stress
regime_range_reversion_v2:GBPUSD:long:1774465200:horizontal:1.33576,regime_range_reversion_v2,long,1774468800,1774465200,limit,unfilled,,,,GBPUSD,regime_range_reversion_v2:long,stress
regime_range_reversion_v2:GBPUSD:long:1775732400:sloped:1.3420964,regime_range_reversion_v2,long,1775736000,1775732400,limit,skipped_gap,,,,GBPUSD,regime_range_reversion_v2:long,stress
regime_range_reversion_v2:GBPUSD:long:1775822400:sloped:1.3449314,regime_range_reversion_v2,long,1775826000,1775822400,limit,skipped_gap,,,,GBPUSD,regime_range_reversion_v2:long,stress
regime_range_reversion_v2:GBPUSD:long:1778133600:sloped:1.3590153,regime_range_reversion_v2,long,1778137200,1778133600,limit,unfilled,,,,GBPUSD,regime_range_reversion_v2:long,stress
regime_range_reversion_v2:GBPUSD:long:1781532000:sloped:1.3433941,regime_range_reversion_v2,long,1781535600,1781532000,limit,filled,1781535600,1781535600,SL,GBPUSD,regime_range_reversion_v2:long,stress
regime_range_reversion_v2:USDJPY:long:1725001200:sloped:144.82052,regime_range_reversion_v2,long,1725004800,1725001200,limit,unfilled,,,,USDJPY,regime_range_reversion_v2:long,base
regime_range_reversion_v2:USDJPY:long:1743588000:sloped:149.35297,regime_range_reversion_v2,long,1743591600,1743588000,limit,filled,1743591600,1743591600,SL,USDJPY,regime_range_reversion_v2:long,base
regime_range_reversion_v2:USDJPY:long:1756371600:horizontal:147.1087,regime_range_reversion_v2,long,1756375200,1756371600,limit,filled,1756375200,1756375200,SL,USDJPY,regime_range_reversion_v2:long,base
regime_range_reversion_v2:USDJPY:long:1761116400:horizontal:151.73567,regime_range_reversion_v2,long,1761120000,1761116400,limit,skipped_gap,,,,USDJPY,regime_range_reversion_v2:long,base
regime_range_reversion_v2:USDJPY:long:1761123600:horizontal:151.632,regime_range_reversion_v2,long,1761127200,1761123600,limit,unfilled,,,,USDJPY,regime_range_reversion_v2:long,base
regime_range_reversion_v2:USDJPY:long:1763024400:horizontal:154.49575,regime_range_reversion_v2,long,1763028000,1763024400,limit,filled,1763028000,1763031600,TP,USDJPY,regime_range_reversion_v2:long,base
regime_range_reversion_v2:USDJPY:long:1763535600:sloped:155.41884,regime_range_reversion_v2,long,1763539200,1763535600,limit,unfilled,,,,USDJPY,regime_range_reversion_v2:long,base
regime_range_reversion_v2:USDJPY:long:1766386800:sloped:157.36092,regime_range_reversion_v2,long,1766390400,1766386800,limit,skipped_gap,,,,USDJPY,regime_range_reversion_v2:long,base
regime_range_reversion_v2:USDJPY:long:1766390400:horizontal:157.411,regime_range_reversion_v2,long,1766394000,1766390400,limit,skipped_gap,,,,USDJPY,regime_range_reversion_v2:long,base
regime_range_reversion_v2:USDJPY:long:1769000400:sloped:157.78162,regime_range_reversion_v2,long,1769004000,1769000400,limit,unfilled,,,,USDJPY,regime_range_reversion_v2:long,base
regime_range_reversion_v2:USDJPY:long:1769097600:horizontal:158.25317,regime_range_reversion_v2,long,1769101200,1769097600,limit,skipped_gap,,,,USDJPY,regime_range_reversion_v2:long,base
regime_range_reversion_v2:USDJPY:long:1770109200:sloped:155.73739,regime_range_reversion_v2,long,1770112800,1770109200,limit,unfilled,,,,USDJPY,regime_range_reversion_v2:long,base
regime_range_reversion_v2:USDJPY:long:1772521200:sloped:157.24312,regime_range_reversion_v2,long,1772524800,1772521200,limit,unfilled,,,,USDJPY,regime_range_reversion_v2:long,base
regime_range_reversion_v2:USDJPY:long:1779256800:sloped:158.92804,regime_range_reversion_v2,long,1779260400,1779256800,limit,unfilled,,,,USDJPY,regime_range_reversion_v2:long,base
regime_range_reversion_v2:USDJPY:long:1779354000:horizontal:158.941,regime_range_reversion_v2,long,1779357600,1779354000,limit,unfilled,,,,USDJPY,regime_range_reversion_v2:long,base
regime_range_reversion_v2:USDJPY:long:1779386400:sloped:158.82684,regime_range_reversion_v2,long,1779390000,1779386400,limit,unfilled,,,,USDJPY,regime_range_reversion_v2:long,base
regime_range_reversion_v2:USDJPY:long:1779454800:sloped:158.98807,regime_range_reversion_v2,long,1779458400,1779454800,limit,unfilled,,,,USDJPY,regime_range_reversion_v2:long,base
regime_range_reversion_v2:USDJPY:long:1781013600:horizontal:160.1405,regime_range_reversion_v2,long,1781017200,1781013600,limit,unfilled,,,,USDJPY,regime_range_reversion_v2:long,base
regime_range_reversion_v2:USDJPY:long:1725001200:sloped:144.82052,regime_range_reversion_v2,long,1725004800,1725001200,limit,unfilled,,,,USDJPY,regime_range_reversion_v2:long,stress
regime_range_reversion_v2:USDJPY:long:1743588000:sloped:149.35297,regime_range_reversion_v2,long,1743591600,1743588000,limit,filled,1743591600,1743591600,SL,USDJPY,regime_range_reversion_v2:long,stress
regime_range_reversion_v2:USDJPY:long:1756371600:horizontal:147.1087,regime_range_reversion_v2,long,1756375200,1756371600,limit,filled,1756375200,1756375200,SL,USDJPY,regime_range_reversion_v2:long,stress
regime_range_reversion_v2:USDJPY:long:1761116400:horizontal:151.73567,regime_range_reversion_v2,long,1761120000,1761116400,limit,skipped_gap,,,,USDJPY,regime_range_reversion_v2:long,stress
regime_range_reversion_v2:USDJPY:long:1761123600:horizontal:151.632,regime_range_reversion_v2,long,1761127200,1761123600,limit,unfilled,,,,USDJPY,regime_range_reversion_v2:long,stress
regime_range_reversion_v2:USDJPY:long:1763024400:horizontal:154.49575,regime_range_reversion_v2,long,1763028000,1763024400,limit,filled,1763028000,1763031600,TP,USDJPY,regime_range_reversion_v2:long,stress
regime_range_reversion_v2:USDJPY:long:1763535600:sloped:155.41884,regime_range_reversion_v2,long,1763539200,1763535600,limit,unfilled,,,,USDJPY,regime_range_reversion_v2:long,stress
regime_range_reversion_v2:USDJPY:long:1766386800:sloped:157.36092,regime_range_reversion_v2,long,1766390400,1766386800,limit,skipped_gap,,,,USDJPY,regime_range_reversion_v2:long,stress
regime_range_reversion_v2:USDJPY:long:1766390400:horizontal:157.411,regime_range_reversion_v2,long,1766394000,1766390400,limit,skipped_gap,,,,USDJPY,regime_range_reversion_v2:long,stress
regime_range_reversion_v2:USDJPY:long:1769000400:sloped:157.78162,regime_range_reversion_v2,long,1769004000,1769000400,limit,unfilled,,,,USDJPY,regime_range_reversion_v2:long,stress
regime_range_reversion_v2:USDJPY:long:1769097600:horizontal:158.25317,regime_range_reversion_v2,long,1769101200,1769097600,limit,skipped_gap,,,,USDJPY,regime_range_reversion_v2:long,stress
regime_range_reversion_v2:USDJPY:long:1770109200:sloped:155.73739,regime_range_reversion_v2,long,1770112800,1770109200,limit,unfilled,,,,USDJPY,regime_range_reversion_v2:long,stress
regime_range_reversion_v2:USDJPY:long:1772521200:sloped:157.24312,regime_range_reversion_v2,long,1772524800,1772521200,limit,unfilled,,,,USDJPY,regime_range_reversion_v2:long,stress
regime_range_reversion_v2:USDJPY:long:1779256800:sloped:158.92804,regime_range_reversion_v2,long,1779260400,1779256800,limit,unfilled,,,,USDJPY,regime_range_reversion_v2:long,stress
regime_range_reversion_v2:USDJPY:long:1779354000:horizontal:158.941,regime_range_reversion_v2,long,1779357600,1779354000,limit,unfilled,,,,USDJPY,regime_range_reversion_v2:long,stress
regime_range_reversion_v2:USDJPY:long:1779386400:sloped:158.82684,regime_range_reversion_v2,long,1779390000,1779386400,limit,unfilled,,,,USDJPY,regime_range_reversion_v2:long,stress
regime_range_reversion_v2:USDJPY:long:1779454800:sloped:158.98807,regime_range_reversion_v2,long,1779458400,1779454800,limit,unfilled,,,,USDJPY,regime_range_reversion_v2:long,stress
regime_range_reversion_v2:USDJPY:long:1781013600:horizontal:160.1405,regime_range_reversion_v2,long,1781017200,1781013600,limit,unfilled,,,,USDJPY,regime_range_reversion_v2:long,stress
regime_range_reversion_v2:GBPJPY:long:1766048400:horizontal:208.075,regime_range_reversion_v2,long,1766052000,1766048400,limit,filled,1766055600,1766055600,SL,GBPJPY,regime_range_reversion_v2:long,base
regime_range_reversion_v2:GBPJPY:long:1766048400:horizontal:208.075,regime_range_reversion_v2,long,1766052000,1766048400,limit,filled,1766055600,1766055600,SL,GBPJPY,regime_range_reversion_v2:long,stress
regime_range_reversion_v2:EURUSD:short:1721894400:horizontal:1.085605,regime_range_reversion_v2,short,1721898000,1721894400,limit,skipped_gap,,,,EURUSD,regime_range_reversion_v2:short,base
regime_range_reversion_v2:EURUSD:short:1721977200:horizontal:1.0855125,regime_range_reversion_v2,short,1721980800,1721977200,limit,skipped_gap,,,,EURUSD,regime_range_reversion_v2:short,base
regime_range_reversion_v2:EURUSD:short:1722322800:horizontal:1.08256,regime_range_reversion_v2,short,1722326400,1722322800,limit,skipped_gap,,,,EURUSD,regime_range_reversion_v2:short,base
regime_range_reversion_v2:EURUSD:short:1722340800:sloped:1.0824957,regime_range_reversion_v2,short,1722344400,1722340800,limit,unfilled,,,,EURUSD,regime_range_reversion_v2:short,base
regime_range_reversion_v2:EURUSD:short:1723035600:horizontal:1.0926217,regime_range_reversion_v2,short,1723039200,1723035600,limit,skipped_gap,,,,EURUSD,regime_range_reversion_v2:short,base
regime_range_reversion_v2:EURUSD:short:1723118400:sloped:1.0929984,regime_range_reversion_v2,short,1723122000,1723118400,limit,unfilled,,,,EURUSD,regime_range_reversion_v2:short,base
regime_range_reversion_v2:EURUSD:short:1723212000:horizontal:1.0926483,regime_range_reversion_v2,short,1723215600,1723212000,limit,filled,1723215600,1723219200,TP,EURUSD,regime_range_reversion_v2:short,base
regime_range_reversion_v2:EURUSD:short:1727168400:horizontal:1.1144483,regime_range_reversion_v2,short,1727172000,1727168400,limit,skipped_gap,,,,EURUSD,regime_range_reversion_v2:short,base
regime_range_reversion_v2:EURUSD:short:1727852400:sloped:1.1070103,regime_range_reversion_v2,short,1727856000,1727852400,limit,filled,1727856000,1727856000,SL,EURUSD,regime_range_reversion_v2:short,base
regime_range_reversion_v2:EURUSD:short:1727964000:sloped:1.1024976,regime_range_reversion_v2,short,1727967600,1727964000,limit,skipped_gap,,,,EURUSD,regime_range_reversion_v2:short,base
regime_range_reversion_v2:EURUSD:short:1728043200:sloped:1.1027955,regime_range_reversion_v2,short,1728046800,1728043200,limit,unfilled,,,,EURUSD,regime_range_reversion_v2:short,base
regime_range_reversion_v2:EURUSD:short:1728288000:horizontal:1.097775,regime_range_reversion_v2,short,1728291600,1728288000,limit,skipped_gap,,,,EURUSD,regime_range_reversion_v2:short,base
regime_range_reversion_v2:EURUSD:short:1728313200:horizontal:1.097815,regime_range_reversion_v2,short,1728316800,1728313200,limit,filled,1728316800,1728316800,SL,EURUSD,regime_range_reversion_v2:short,base
regime_range_reversion_v2:EURUSD:short:1729080000:sloped:1.089042,regime_range_reversion_v2,short,1729083600,1729080000,limit,filled,1729083600,1729083600,SL,EURUSD,regime_range_reversion_v2:short,base
regime_range_reversion_v2:EURUSD:short:1729166400:sloped:1.0861289,regime_range_reversion_v2,short,1729170000,1729166400,limit,unfilled,,,,EURUSD,regime_range_reversion_v2:short,base
regime_range_reversion_v2:EURUSD:short:1731481200:sloped:1.0605686,regime_range_reversion_v2,short,1731484800,1731481200,limit,filled,1731484800,1731484800,SL,EURUSD,regime_range_reversion_v2:short,base
regime_range_reversion_v2:EURUSD:short:1732262400:sloped:1.0494216,regime_range_reversion_v2,short,1732266000,1732262400,limit,unfilled,,,,EURUSD,regime_range_reversion_v2:short,base
regime_range_reversion_v2:EURUSD:short:1733227200:sloped:1.0515435,regime_range_reversion_v2,short,1733230800,1733227200,limit,skipped_gap,,,,EURUSD,regime_range_reversion_v2:short,base
regime_range_reversion_v2:EURUSD:short:1733299200:sloped:1.0506339,regime_range_reversion_v2,short,1733302800,1733299200,limit,skipped_gap,,,,EURUSD,regime_range_reversion_v2:short,base
regime_range_reversion_v2:EURUSD:short:1734084000:sloped:1.0494243,regime_range_reversion_v2,short,1734087600,1734084000,limit,skipped_gap,,,,EURUSD,regime_range_reversion_v2:short,base
regime_range_reversion_v2:EURUSD:short:1734087600:sloped:1.0493482,regime_range_reversion_v2,short,1734091200,1734087600,limit,filled,1734091200,1734091200,SL,EURUSD,regime_range_reversion_v2:short,base
regime_range_reversion_v2:EURUSD:short:1734375600:sloped:1.0522491,regime_range_reversion_v2,short,1734379200,1734375600,limit,unfilled,,,,EURUSD,regime_range_reversion_v2:short,base
regime_range_reversion_v2:EURUSD:short:1740488400:horizontal:1.05057,regime_range_reversion_v2,short,1740492000,1740488400,limit,skipped_gap,,,,EURUSD,regime_range_reversion_v2:short,base
regime_range_reversion_v2:EURUSD:short:1740661200:horizontal:1.048683,regime_range_reversion_v2,short,1740664800,1740661200,limit,unfilled,,,,EURUSD,regime_range_reversion_v2:short,base
regime_range_reversion_v2:EURUSD:short:1740747600:sloped:1.0415594,regime_range_reversion_v2,short,1740751200,1740747600,limit,skipped_gap,,,,EURUSD,regime_range_reversion_v2:short,base
regime_range_reversion_v2:EURUSD:short:1741942800:sloped:1.0853366,regime_range_reversion_v2,short,1741946400,1741942800,limit,filled,1741946400,1741946400,SL,EURUSD,regime_range_reversion_v2:short,base
regime_range_reversion_v2:EURUSD:short:1742914800:sloped:1.0811484,regime_range_reversion_v2,short,1742918400,1742914800,limit,skipped_gap,,,,EURUSD,regime_range_reversion_v2:short,base
regime_range_reversion_v2:EURUSD:short:1742986800:sloped:1.0796841,regime_range_reversion_v2,short,1742990400,1742986800,limit,unfilled,,,,EURUSD,regime_range_reversion_v2:short,base
regime_range_reversion_v2:EURUSD:short:1743145200:sloped:1.079428,regime_range_reversion_v2,short,1743148800,1743145200,limit,skipped_gap,,,,EURUSD,regime_range_reversion_v2:short,base
regime_range_reversion_v2:EURUSD:short:1743148800:sloped:1.0794116,regime_range_reversion_v2,short,1743152400,1743148800,limit,unfilled,,,,EURUSD,regime_range_reversion_v2:short,base
regime_range_reversion_v2:EURUSD:short:1744113600:sloped:1.0954357,regime_range_reversion_v2,short,1744117200,1744113600,limit,filled,1744117200,1744120800,TP_GAP,EURUSD,regime_range_reversion_v2:short,base
regime_range_reversion_v2:EURUSD:short:1748422800:horizontal:1.134224,regime_range_reversion_v2,short,1748426400,1748422800,limit,unfilled,,,,EURUSD,regime_range_reversion_v2:short,base
regime_range_reversion_v2:EURUSD:short:1748624400:horizontal:1.135823,regime_range_reversion_v2,short,1748628000,1748624400,limit,filled,1748628000,1748628000,SL,EURUSD,regime_range_reversion_v2:short,base
regime_range_reversion_v2:EURUSD:short:1749103200:sloped:1.1414557,regime_range_reversion_v2,short,1749106800,1749103200,limit,filled,1749106800,1749106800,SL,EURUSD,regime_range_reversion_v2:short,base
regime_range_reversion_v2:EURUSD:short:1749124800:horizontal:1.1434712,regime_range_reversion_v2,short,1749128400,1749124800,limit,filled,1749128400,1749128400,SL,EURUSD,regime_range_reversion_v2:short,base
regime_range_reversion_v2:EURUSD:short:1753876800:sloped:1.1504109,regime_range_reversion_v2,short,1753880400,1753876800,limit,unfilled,,,,EURUSD,regime_range_reversion_v2:short,base
regime_range_reversion_v2:EURUSD:short:1753974000:sloped:1.1437834,regime_range_reversion_v2,short,1753977600,1753974000,limit,unfilled,,,,EURUSD,regime_range_reversion_v2:short,base
regime_range_reversion_v2:EURUSD:short:1754028000:horizontal:1.1431,regime_range_reversion_v2,short,1754031600,1754028000,limit,filled,1754031600,1754035200,TP,EURUSD,regime_range_reversion_v2:short,base
regime_range_reversion_v2:EURUSD:short:1754892000:sloped:1.1670235,regime_range_reversion_v2,short,1754895600,1754892000,limit,unfilled,,,,EURUSD,regime_range_reversion_v2:short,base
regime_range_reversion_v2:EURUSD:short:1758618000:sloped:1.180573,regime_range_reversion_v2,short,1758621600,1758618000,limit,filled,1758621600,1758625200,TP,EURUSD,regime_range_reversion_v2:short,base
regime_range_reversion_v2:EURUSD:short:1758783600:horizontal:1.1746925,regime_range_reversion_v2,short,1758787200,1758783600,limit,skipped_gap,,,,EURUSD,regime_range_reversion_v2:short,base
regime_range_reversion_v2:EURUSD:short:1758790800:horizontal:1.1746925,regime_range_reversion_v2,short,1758794400,1758790800,limit,filled,1758794400,1758794400,SL,EURUSD,regime_range_reversion_v2:short,base
regime_range_reversion_v2:EURUSD:short:1758801600:horizontal:1.1741325,regime_range_reversion_v2,short,1758805200,1758801600,limit,unfilled,,,,EURUSD,regime_range_reversion_v2:short,base
regime_range_reversion_v2:EURUSD:short:1758870000:sloped:1.1682872,regime_range_reversion_v2,short,1758873600,1758870000,limit,skipped_gap,,,,EURUSD,regime_range_reversion_v2:short,base
regime_range_reversion_v2:EURUSD:short:1758884400:sloped:1.1670182,regime_range_reversion_v2,short,1758888000,1758884400,limit,filled,1758888000,1758888000,SL,EURUSD,regime_range_reversion_v2:short,base
regime_range_reversion_v2:EURUSD:short:1759496400:horizontal:1.174174,regime_range_reversion_v2,short,1759500000,1759496400,limit,filled,1759500000,1759500000,SL,EURUSD,regime_range_reversion_v2:short,base
regime_range_reversion_v2:EURUSD:short:1762329600:sloped:1.1491342,regime_range_reversion_v2,short,1762333200,1762329600,limit,filled,1762333200,1762336800,TP,EURUSD,regime_range_reversion_v2:short,base
regime_range_reversion_v2:EURUSD:short:1762347600:sloped:1.1492276,regime_range_reversion_v2,short,1762351200,1762347600,limit,skipped_gap,,,,EURUSD,regime_range_reversion_v2:short,base
regime_range_reversion_v2:EURUSD:short:1763449200:sloped:1.1598321,regime_range_reversion_v2,short,1763452800,1763449200,limit,skipped_gap,,,,EURUSD,regime_range_reversion_v2:short,base
regime_range_reversion_v2:EURUSD:short:1763478000:sloped:1.1590523,regime_range_reversion_v2,short,1763481600,1763478000,limit,unfilled,,,,EURUSD,regime_range_reversion_v2:short,base
regime_range_reversion_v2:EURUSD:short:1763715600:horizontal:1.1541475,regime_range_reversion_v2,short,1763719200,1763715600,limit,unfilled,,,,EURUSD,regime_range_reversion_v2:short,base
regime_range_reversion_v2:EURUSD:short:1765872000:horizontal:1.17586,regime_range_reversion_v2,short,1765875600,1765872000,limit,skipped_gap,,,,EURUSD,regime_range_reversion_v2:short,base
regime_range_reversion_v2:EURUSD:short:1766041200:horizontal:1.1745075,regime_range_reversion_v2,short,1766044800,1766041200,limit,unfilled,,,,EURUSD,regime_range_reversion_v2:short,base
regime_range_reversion_v2:EURUSD:short:1770033600:horizontal:1.1872187,regime_range_reversion_v2,short,1770037200,1770033600,limit,unfilled,,,,EURUSD,regime_range_reversion_v2:short,base
regime_range_reversion_v2:EURUSD:short:1770102000:horizontal:1.1815775,regime_range_reversion_v2,short,1770105600,1770102000,limit,filled,1770105600,1770105600,SL,EURUSD,regime_range_reversion_v2:short,base
regime_range_reversion_v2:EURUSD:short:1770897600:horizontal:1.18863,regime_range_reversion_v2,short,1770901200,1770897600,limit,skipped_gap,,,,EURUSD,regime_range_reversion_v2:short,base
regime_range_reversion_v2:EURUSD:short:1770912000:horizontal:1.18863,regime_range_reversion_v2,short,1770915600,1770912000,limit,unfilled,,,,EURUSD,regime_range_reversion_v2:short,base
regime_range_reversion_v2:EURUSD:short:1771419600:sloped:1.1840877,regime_range_reversion_v2,short,1771423200,1771419600,limit,unfilled,,,,EURUSD,regime_range_reversion_v2:short,base
regime_range_reversion_v2:EURUSD:short:1772816400:sloped:1.1612804,regime_range_reversion_v2,short,1772820000,1772816400,limit,skipped_gap,,,,EURUSD,regime_range_reversion_v2:short,base
regime_range_reversion_v2:EURUSD:short:1773140400:horizontal:1.164553,regime_range_reversion_v2,short,1773144000,1773140400,limit,filled,1773147600,1773151200,TP_GAP,EURUSD,regime_range_reversion_v2:short,base
regime_range_reversion_v2:EURUSD:short:1774011600:sloped:1.1563974,regime_range_reversion_v2,short,1774015200,1774011600,limit,skipped_gap,,,,EURUSD,regime_range_reversion_v2:short,base
regime_range_reversion_v2:EURUSD:short:1774029600:horizontal:1.1574425,regime_range_reversion_v2,short,1774033200,1774029600,limit,unfilled,,,,EURUSD,regime_range_reversion_v2:short,base
regime_range_reversion_v2:EURUSD:short:1774627200:sloped:1.1522586,regime_range_reversion_v2,short,1774630800,1774627200,limit,filled,1774630800,1774630800,SL,EURUSD,regime_range_reversion_v2:short,base
regime_range_reversion_v2:EURUSD:short:1774875600:horizontal:1.1489825,regime_range_reversion_v2,short,1774879200,1774875600,limit,unfilled,,,,EURUSD,regime_range_reversion_v2:short,base
regime_range_reversion_v2:EURUSD:short:1775210400:horizontal:1.154633,regime_range_reversion_v2,short,1775214000,1775210400,limit,filled,1775214000,1775217600,TP,EURUSD,regime_range_reversion_v2:short,base
regime_range_reversion_v2:EURUSD:short:1780552800:sloped:1.1613656,regime_range_reversion_v2,short,1780556400,1780552800,limit,filled,1780560000,1780563600,SL,EURUSD,regime_range_reversion_v2:short,base
regime_range_reversion_v2:EURUSD:short:1781262000:sloped:1.1571833,regime_range_reversion_v2,short,1781265600,1781262000,limit,filled,1781265600,1781269200,TP_GAP,EURUSD,regime_range_reversion_v2:short,base
regime_range_reversion_v2:EURUSD:short:1782972000:sloped:1.139692,regime_range_reversion_v2,short,1782975600,1782972000,limit,filled,1782975600,1782975600,SL,EURUSD,regime_range_reversion_v2:short,base
regime_range_reversion_v2:EURUSD:short:1721894400:horizontal:1.085605,regime_range_reversion_v2,short,1721898000,1721894400,limit,skipped_gap,,,,EURUSD,regime_range_reversion_v2:short,stress
regime_range_reversion_v2:EURUSD:short:1721977200:horizontal:1.0855125,regime_range_reversion_v2,short,1721980800,1721977200,limit,skipped_gap,,,,EURUSD,regime_range_reversion_v2:short,stress
regime_range_reversion_v2:EURUSD:short:1722322800:horizontal:1.08256,regime_range_reversion_v2,short,1722326400,1722322800,limit,skipped_gap,,,,EURUSD,regime_range_reversion_v2:short,stress
regime_range_reversion_v2:EURUSD:short:1722340800:sloped:1.0824957,regime_range_reversion_v2,short,1722344400,1722340800,limit,unfilled,,,,EURUSD,regime_range_reversion_v2:short,stress
regime_range_reversion_v2:EURUSD:short:1723035600:horizontal:1.0926217,regime_range_reversion_v2,short,1723039200,1723035600,limit,skipped_gap,,,,EURUSD,regime_range_reversion_v2:short,stress
regime_range_reversion_v2:EURUSD:short:1723118400:sloped:1.0929984,regime_range_reversion_v2,short,1723122000,1723118400,limit,unfilled,,,,EURUSD,regime_range_reversion_v2:short,stress
regime_range_reversion_v2:EURUSD:short:1723212000:horizontal:1.0926483,regime_range_reversion_v2,short,1723215600,1723212000,limit,filled,1723215600,1723219200,TP,EURUSD,regime_range_reversion_v2:short,stress
regime_range_reversion_v2:EURUSD:short:1727168400:horizontal:1.1144483,regime_range_reversion_v2,short,1727172000,1727168400,limit,skipped_gap,,,,EURUSD,regime_range_reversion_v2:short,stress
regime_range_reversion_v2:EURUSD:short:1727852400:sloped:1.1070103,regime_range_reversion_v2,short,1727856000,1727852400,limit,filled,1727856000,1727856000,SL,EURUSD,regime_range_reversion_v2:short,stress
regime_range_reversion_v2:EURUSD:short:1727964000:sloped:1.1024976,regime_range_reversion_v2,short,1727967600,1727964000,limit,skipped_gap,,,,EURUSD,regime_range_reversion_v2:short,stress
regime_range_reversion_v2:EURUSD:short:1728043200:sloped:1.1027955,regime_range_reversion_v2,short,1728046800,1728043200,limit,unfilled,,,,EURUSD,regime_range_reversion_v2:short,stress
regime_range_reversion_v2:EURUSD:short:1728288000:horizontal:1.097775,regime_range_reversion_v2,short,1728291600,1728288000,limit,skipped_gap,,,,EURUSD,regime_range_reversion_v2:short,stress
regime_range_reversion_v2:EURUSD:short:1728313200:horizontal:1.097815,regime_range_reversion_v2,short,1728316800,1728313200,limit,filled,1728316800,1728316800,SL,EURUSD,regime_range_reversion_v2:short,stress
regime_range_reversion_v2:EURUSD:short:1729080000:sloped:1.089042,regime_range_reversion_v2,short,1729083600,1729080000,limit,filled,1729083600,1729083600,SL,EURUSD,regime_range_reversion_v2:short,stress
regime_range_reversion_v2:EURUSD:short:1729166400:sloped:1.0861289,regime_range_reversion_v2,short,1729170000,1729166400,limit,unfilled,,,,EURUSD,regime_range_reversion_v2:short,stress
regime_range_reversion_v2:EURUSD:short:1731481200:sloped:1.0605686,regime_range_reversion_v2,short,1731484800,1731481200,limit,filled,1731484800,1731484800,SL,EURUSD,regime_range_reversion_v2:short,stress
regime_range_reversion_v2:EURUSD:short:1732262400:sloped:1.0494216,regime_range_reversion_v2,short,1732266000,1732262400,limit,unfilled,,,,EURUSD,regime_range_reversion_v2:short,stress
regime_range_reversion_v2:EURUSD:short:1733227200:sloped:1.0515435,regime_range_reversion_v2,short,1733230800,1733227200,limit,skipped_gap,,,,EURUSD,regime_range_reversion_v2:short,stress
regime_range_reversion_v2:EURUSD:short:1733299200:sloped:1.0506339,regime_range_reversion_v2,short,1733302800,1733299200,limit,skipped_gap,,,,EURUSD,regime_range_reversion_v2:short,stress
regime_range_reversion_v2:EURUSD:short:1734084000:sloped:1.0494243,regime_range_reversion_v2,short,1734087600,1734084000,limit,skipped_gap,,,,EURUSD,regime_range_reversion_v2:short,stress
regime_range_reversion_v2:EURUSD:short:1734087600:sloped:1.0493482,regime_range_reversion_v2,short,1734091200,1734087600,limit,filled,1734091200,1734091200,SL,EURUSD,regime_range_reversion_v2:short,stress
regime_range_reversion_v2:EURUSD:short:1734375600:sloped:1.0522491,regime_range_reversion_v2,short,1734379200,1734375600,limit,unfilled,,,,EURUSD,regime_range_reversion_v2:short,stress
regime_range_reversion_v2:EURUSD:short:1740488400:horizontal:1.05057,regime_range_reversion_v2,short,1740492000,1740488400,limit,skipped_gap,,,,EURUSD,regime_range_reversion_v2:short,stress
regime_range_reversion_v2:EURUSD:short:1740661200:horizontal:1.048683,regime_range_reversion_v2,short,1740664800,1740661200,limit,unfilled,,,,EURUSD,regime_range_reversion_v2:short,stress
regime_range_reversion_v2:EURUSD:short:1740747600:sloped:1.0415594,regime_range_reversion_v2,short,1740751200,1740747600,limit,skipped_gap,,,,EURUSD,regime_range_reversion_v2:short,stress
regime_range_reversion_v2:EURUSD:short:1741942800:sloped:1.0853366,regime_range_reversion_v2,short,1741946400,1741942800,limit,filled,1741946400,1741946400,SL,EURUSD,regime_range_reversion_v2:short,stress
regime_range_reversion_v2:EURUSD:short:1742914800:sloped:1.0811484,regime_range_reversion_v2,short,1742918400,1742914800,limit,skipped_gap,,,,EURUSD,regime_range_reversion_v2:short,stress
regime_range_reversion_v2:EURUSD:short:1742986800:sloped:1.0796841,regime_range_reversion_v2,short,1742990400,1742986800,limit,unfilled,,,,EURUSD,regime_range_reversion_v2:short,stress
regime_range_reversion_v2:EURUSD:short:1743145200:sloped:1.079428,regime_range_reversion_v2,short,1743148800,1743145200,limit,skipped_gap,,,,EURUSD,regime_range_reversion_v2:short,stress
regime_range_reversion_v2:EURUSD:short:1743148800:sloped:1.0794116,regime_range_reversion_v2,short,1743152400,1743148800,limit,unfilled,,,,EURUSD,regime_range_reversion_v2:short,stress
regime_range_reversion_v2:EURUSD:short:1744113600:sloped:1.0954357,regime_range_reversion_v2,short,1744117200,1744113600,limit,filled,1744117200,1744120800,TP_GAP,EURUSD,regime_range_reversion_v2:short,stress
regime_range_reversion_v2:EURUSD:short:1748422800:horizontal:1.134224,regime_range_reversion_v2,short,1748426400,1748422800,limit,unfilled,,,,EURUSD,regime_range_reversion_v2:short,stress
regime_range_reversion_v2:EURUSD:short:1748624400:horizontal:1.135823,regime_range_reversion_v2,short,1748628000,1748624400,limit,filled,1748628000,1748628000,SL,EURUSD,regime_range_reversion_v2:short,stress
regime_range_reversion_v2:EURUSD:short:1749103200:sloped:1.1414557,regime_range_reversion_v2,short,1749106800,1749103200,limit,filled,1749106800,1749106800,SL,EURUSD,regime_range_reversion_v2:short,stress
regime_range_reversion_v2:EURUSD:short:1749124800:horizontal:1.1434712,regime_range_reversion_v2,short,1749128400,1749124800,limit,filled,1749128400,1749128400,SL,EURUSD,regime_range_reversion_v2:short,stress
regime_range_reversion_v2:EURUSD:short:1753876800:sloped:1.1504109,regime_range_reversion_v2,short,1753880400,1753876800,limit,unfilled,,,,EURUSD,regime_range_reversion_v2:short,stress
regime_range_reversion_v2:EURUSD:short:1753974000:sloped:1.1437834,regime_range_reversion_v2,short,1753977600,1753974000,limit,unfilled,,,,EURUSD,regime_range_reversion_v2:short,stress
regime_range_reversion_v2:EURUSD:short:1754028000:horizontal:1.1431,regime_range_reversion_v2,short,1754031600,1754028000,limit,filled,1754031600,1754035200,TP,EURUSD,regime_range_reversion_v2:short,stress
regime_range_reversion_v2:EURUSD:short:1754892000:sloped:1.1670235,regime_range_reversion_v2,short,1754895600,1754892000,limit,unfilled,,,,EURUSD,regime_range_reversion_v2:short,stress
regime_range_reversion_v2:EURUSD:short:1758618000:sloped:1.180573,regime_range_reversion_v2,short,1758621600,1758618000,limit,filled,1758621600,1758625200,TP,EURUSD,regime_range_reversion_v2:short,stress
regime_range_reversion_v2:EURUSD:short:1758783600:horizontal:1.1746925,regime_range_reversion_v2,short,1758787200,1758783600,limit,skipped_gap,,,,EURUSD,regime_range_reversion_v2:short,stress
regime_range_reversion_v2:EURUSD:short:1758790800:horizontal:1.1746925,regime_range_reversion_v2,short,1758794400,1758790800,limit,filled,1758794400,1758794400,SL,EURUSD,regime_range_reversion_v2:short,stress
regime_range_reversion_v2:EURUSD:short:1758801600:horizontal:1.1741325,regime_range_reversion_v2,short,1758805200,1758801600,limit,unfilled,,,,EURUSD,regime_range_reversion_v2:short,stress
regime_range_reversion_v2:EURUSD:short:1758870000:sloped:1.1682872,regime_range_reversion_v2,short,1758873600,1758870000,limit,skipped_gap,,,,EURUSD,regime_range_reversion_v2:short,stress
regime_range_reversion_v2:EURUSD:short:1758884400:sloped:1.1670182,regime_range_reversion_v2,short,1758888000,1758884400,limit,filled,1758888000,1758888000,SL,EURUSD,regime_range_reversion_v2:short,stress
regime_range_reversion_v2:EURUSD:short:1759496400:horizontal:1.174174,regime_range_reversion_v2,short,1759500000,1759496400,limit,filled,1759500000,1759500000,SL,EURUSD,regime_range_reversion_v2:short,stress
regime_range_reversion_v2:EURUSD:short:1762329600:sloped:1.1491342,regime_range_reversion_v2,short,1762333200,1762329600,limit,filled,1762333200,1762336800,TP,EURUSD,regime_range_reversion_v2:short,stress
regime_range_reversion_v2:EURUSD:short:1762347600:sloped:1.1492276,regime_range_reversion_v2,short,1762351200,1762347600,limit,skipped_gap,,,,EURUSD,regime_range_reversion_v2:short,stress
regime_range_reversion_v2:EURUSD:short:1763449200:sloped:1.1598321,regime_range_reversion_v2,short,1763452800,1763449200,limit,skipped_gap,,,,EURUSD,regime_range_reversion_v2:short,stress
regime_range_reversion_v2:EURUSD:short:1763478000:sloped:1.1590523,regime_range_reversion_v2,short,1763481600,1763478000,limit,unfilled,,,,EURUSD,regime_range_reversion_v2:short,stress
regime_range_reversion_v2:EURUSD:short:1763715600:horizontal:1.1541475,regime_range_reversion_v2,short,1763719200,1763715600,limit,unfilled,,,,EURUSD,regime_range_reversion_v2:short,stress
regime_range_reversion_v2:EURUSD:short:1765872000:horizontal:1.17586,regime_range_reversion_v2,short,1765875600,1765872000,limit,skipped_gap,,,,EURUSD,regime_range_reversion_v2:short,stress
regime_range_reversion_v2:EURUSD:short:1766041200:horizontal:1.1745075,regime_range_reversion_v2,short,1766044800,1766041200,limit,unfilled,,,,EURUSD,regime_range_reversion_v2:short,stress
regime_range_reversion_v2:EURUSD:short:1770033600:horizontal:1.1872187,regime_range_reversion_v2,short,1770037200,1770033600,limit,unfilled,,,,EURUSD,regime_range_reversion_v2:short,stress
regime_range_reversion_v2:EURUSD:short:1770102000:horizontal:1.1815775,regime_range_reversion_v2,short,1770105600,1770102000,limit,filled,1770105600,1770105600,SL,EURUSD,regime_range_reversion_v2:short,stress
regime_range_reversion_v2:EURUSD:short:1770897600:horizontal:1.18863,regime_range_reversion_v2,short,1770901200,1770897600,limit,skipped_gap,,,,EURUSD,regime_range_reversion_v2:short,stress
regime_range_reversion_v2:EURUSD:short:1770912000:horizontal:1.18863,regime_range_reversion_v2,short,1770915600,1770912000,limit,unfilled,,,,EURUSD,regime_range_reversion_v2:short,stress
regime_range_reversion_v2:EURUSD:short:1771419600:sloped:1.1840877,regime_range_reversion_v2,short,1771423200,1771419600,limit,unfilled,,,,EURUSD,regime_range_reversion_v2:short,stress
regime_range_reversion_v2:EURUSD:short:1772816400:sloped:1.1612804,regime_range_reversion_v2,short,1772820000,1772816400,limit,skipped_gap,,,,EURUSD,regime_range_reversion_v2:short,stress
regime_range_reversion_v2:EURUSD:short:1773140400:horizontal:1.164553,regime_range_reversion_v2,short,1773144000,1773140400,limit,filled,1773147600,1773151200,TP_GAP,EURUSD,regime_range_reversion_v2:short,stress
regime_range_reversion_v2:EURUSD:short:1774011600:sloped:1.1563974,regime_range_reversion_v2,short,1774015200,1774011600,limit,skipped_gap,,,,EURUSD,regime_range_reversion_v2:short,stress
regime_range_reversion_v2:EURUSD:short:1774029600:horizontal:1.1574425,regime_range_reversion_v2,short,1774033200,1774029600,limit,unfilled,,,,EURUSD,regime_range_reversion_v2:short,stress
regime_range_reversion_v2:EURUSD:short:1774627200:sloped:1.1522586,regime_range_reversion_v2,short,1774630800,1774627200,limit,filled,1774630800,1774630800,SL,EURUSD,regime_range_reversion_v2:short,stress
regime_range_reversion_v2:EURUSD:short:1774875600:horizontal:1.1489825,regime_range_reversion_v2,short,1774879200,1774875600,limit,unfilled,,,,EURUSD,regime_range_reversion_v2:short,stress
regime_range_reversion_v2:EURUSD:short:1775210400:horizontal:1.154633,regime_range_reversion_v2,short,1775214000,1775210400,limit,unfilled,,,,EURUSD,regime_range_reversion_v2:short,stress
regime_range_reversion_v2:EURUSD:short:1780552800:sloped:1.1613656,regime_range_reversion_v2,short,1780556400,1780552800,limit,filled,1780563600,1780563600,SL,EURUSD,regime_range_reversion_v2:short,stress
regime_range_reversion_v2:EURUSD:short:1781262000:sloped:1.1571833,regime_range_reversion_v2,short,1781265600,1781262000,limit,filled,1781265600,1781269200,TP_GAP,EURUSD,regime_range_reversion_v2:short,stress
regime_range_reversion_v2:EURUSD:short:1782972000:sloped:1.139692,regime_range_reversion_v2,short,1782975600,1782972000,limit,filled,1782975600,1782975600,SL,EURUSD,regime_range_reversion_v2:short,stress
regime_range_reversion_v2:GBPUSD:short:1722016800:horizontal:1.2873475,regime_range_reversion_v2,short,1722020400,1722016800,limit,filled,1722020400,1722024000,TP,GBPUSD,regime_range_reversion_v2:short,base
regime_range_reversion_v2:GBPUSD:short:1723017600:sloped:1.2716387,regime_range_reversion_v2,short,1723021200,1723017600,limit,skipped_gap,,,,GBPUSD,regime_range_reversion_v2:short,base
regime_range_reversion_v2:GBPUSD:short:1723050000:sloped:1.2711386,regime_range_reversion_v2,short,1723053600,1723050000,limit,unfilled,,,,GBPUSD,regime_range_reversion_v2:short,base
regime_range_reversion_v2:GBPUSD:short:1723118400:sloped:1.2695052,regime_range_reversion_v2,short,1723122000,1723118400,limit,skipped_gap,,,,GBPUSD,regime_range_reversion_v2:short,base
regime_range_reversion_v2:GBPUSD:short:1733824800:horizontal:1.2762625,regime_range_reversion_v2,short,1733828400,1733824800,limit,filled,1733828400,1733832000,TP,GBPUSD,regime_range_reversion_v2:short,base
regime_range_reversion_v2:GBPUSD:short:1734426000:sloped:1.2691074,regime_range_reversion_v2,short,1734429600,1734426000,limit,filled,1734429600,1734429600,SL,GBPUSD,regime_range_reversion_v2:short,base
regime_range_reversion_v2:GBPUSD:short:1734688800:sloped:1.2514313,regime_range_reversion_v2,short,1734692400,1734688800,limit,filled,1734696000,1734696000,SL,GBPUSD,regime_range_reversion_v2:short,base
regime_range_reversion_v2:GBPUSD:short:1740571200:horizontal:1.265075,regime_range_reversion_v2,short,1740574800,1740571200,limit,skipped_gap,,,,GBPUSD,regime_range_reversion_v2:short,base
regime_range_reversion_v2:GBPUSD:short:1740754800:horizontal:1.260898,regime_range_reversion_v2,short,1740758400,1740754800,limit,unfilled,,,,GBPUSD,regime_range_reversion_v2:short,base
regime_range_reversion_v2:GBPUSD:short:1743156000:horizontal:1.295244,regime_range_reversion_v2,short,1743159600,1743156000,limit,skipped_gap,,,,GBPUSD,regime_range_reversion_v2:short,base
regime_range_reversion_v2:GBPUSD:short:1746100800:horizontal:1.3331213,regime_range_reversion_v2,short,1746104400,1746100800,limit,unfilled,,,,GBPUSD,regime_range_reversion_v2:short,base
regime_range_reversion_v2:GBPUSD:short:1752667200:sloped:1.3397307,regime_range_reversion_v2,short,1752670800,1752667200,limit,filled,1752670800,1752674400,TP_GAP,GBPUSD,regime_range_reversion_v2:short,base
regime_range_reversion_v2:GBPUSD:short:1752768000:horizontal:1.3414333,regime_range_reversion_v2,short,1752771600,1752768000,limit,skipped_gap,,,,GBPUSD,regime_range_reversion_v2:short,base
regime_range_reversion_v2:GBPUSD:short:1755864000:sloped:1.342071,regime_range_reversion_v2,short,1755867600,1755864000,limit,skipped_gap,,,,GBPUSD,regime_range_reversion_v2:short,base
regime_range_reversion_v2:GBPUSD:short:1756371600:sloped:1.3502822,regime_range_reversion_v2,short,1756375200,1756371600,limit,filled,1756375200,1756375200,SL,GBPUSD,regime_range_reversion_v2:short,base
regime_range_reversion_v2:GBPUSD:short:1757696400:horizontal:1.3571062,regime_range_reversion_v2,short,1757700000,1757696400,limit,censored_order_at_segment_end,,,,GBPUSD,regime_range_reversion_v2:short,base
regime_range_reversion_v2:GBPUSD:short:1759989600:sloped:1.3408516,regime_range_reversion_v2,short,1759993200,1759989600,limit,unfilled,,,,GBPUSD,regime_range_reversion_v2:short,base
regime_range_reversion_v2:GBPUSD:short:1760371200:sloped:1.3335945,regime_range_reversion_v2,short,1760374800,1760371200,limit,filled,1760378400,1760403600,SL,GBPUSD,regime_range_reversion_v2:short,base
regime_range_reversion_v2:GBPUSD:short:1761210000:horizontal:1.3352525,regime_range_reversion_v2,short,1761213600,1761210000,limit,unfilled,,,,GBPUSD,regime_range_reversion_v2:short,base
regime_range_reversion_v2:GBPUSD:short:1763715600:sloped:1.3066686,regime_range_reversion_v2,short,1763719200,1763715600,limit,filled,1763722800,1763726400,TP_GAP,GBPUSD,regime_range_reversion_v2:short,base
regime_range_reversion_v2:GBPUSD:short:1763971200:sloped:1.3098898,regime_range_reversion_v2,short,1763974800,1763971200,limit,filled,1763985600,1763985600,SL,GBPUSD,regime_range_reversion_v2:short,base
regime_range_reversion_v2:GBPUSD:short:1765796400:sloped:1.338417,regime_range_reversion_v2,short,1765800000,1765796400,limit,filled,1765800000,1765800000,SL,GBPUSD,regime_range_reversion_v2:short,base
regime_range_reversion_v2:GBPUSD:short:1766127600:sloped:1.3382684,regime_range_reversion_v2,short,1766131200,1766127600,limit,skipped_gap,,,,GBPUSD,regime_range_reversion_v2:short,base
regime_range_reversion_v2:GBPUSD:short:1770030000:horizontal:1.3703325,regime_range_reversion_v2,short,1770033600,1770030000,limit,filled,1770033600,1770037200,TP,GBPUSD,regime_range_reversion_v2:short,base
regime_range_reversion_v2:GBPUSD:short:1770134400:horizontal:1.370836,regime_range_reversion_v2,short,1770138000,1770134400,limit,unfilled,,,,GBPUSD,regime_range_reversion_v2:short,base
regime_range_reversion_v2:GBPUSD:short:1770210000:sloped:1.3718066,regime_range_reversion_v2,short,1770213600,1770210000,limit,unfilled,,,,GBPUSD,regime_range_reversion_v2:short,base
regime_range_reversion_v2:GBPUSD:short:1770980400:horizontal:1.362122,regime_range_reversion_v2,short,1770984000,1770980400,limit,skipped_gap,,,,GBPUSD,regime_range_reversion_v2:short,base
regime_range_reversion_v2:GBPUSD:short:1771246800:sloped:1.3648703,regime_range_reversion_v2,short,1771250400,1771246800,limit,unfilled,,,,GBPUSD,regime_range_reversion_v2:short,base
regime_range_reversion_v2:GBPUSD:short:1771408800:sloped:1.356947,regime_range_reversion_v2,short,1771412400,1771408800,limit,filled,1771412400,1771412400,SL,GBPUSD,regime_range_reversion_v2:short,base
regime_range_reversion_v2:GBPUSD:short:1771491600:sloped:1.3515958,regime_range_reversion_v2,short,1771495200,1771491600,limit,unfilled,,,,GBPUSD,regime_range_reversion_v2:short,base
regime_range_reversion_v2:GBPUSD:short:1772809200:horizontal:1.3374475,regime_range_reversion_v2,short,1772812800,1772809200,limit,skipped_gap,,,,GBPUSD,regime_range_reversion_v2:short,base
regime_range_reversion_v2:GBPUSD:short:1773320400:horizontal:1.338825,regime_range_reversion_v2,short,1773324000,1773320400,limit,unfilled,,,,GBPUSD,regime_range_reversion_v2:short,base
regime_range_reversion_v2:GBPUSD:short:1773651600:sloped:1.3253378,regime_range_reversion_v2,short,1773655200,1773651600,limit,filled,1773655200,1773655200,SL,GBPUSD,regime_range_reversion_v2:short,base
regime_range_reversion_v2:GBPUSD:short:1773741600:horizontal:1.3340625,regime_range_reversion_v2,short,1773745200,1773741600,limit,skipped_gap,,,,GBPUSD,regime_range_reversion_v2:short,base
regime_range_reversion_v2:GBPUSD:short:1774623600:sloped:1.3326485,regime_range_reversion_v2,short,1774627200,1774623600,limit,unfilled,,,,GBPUSD,regime_range_reversion_v2:short,base
regime_range_reversion_v2:GBPUSD:short:1775545200:sloped:1.3246374,regime_range_reversion_v2,short,1775548800,1775545200,limit,skipped_gap,,,,GBPUSD,regime_range_reversion_v2:short,base
regime_range_reversion_v2:GBPUSD:short:1777968000:horizontal:1.3542888,regime_range_reversion_v2,short,1777971600,1777968000,limit,filled,1777971600,1777971600,SL,GBPUSD,regime_range_reversion_v2:short,base
regime_range_reversion_v2:GBPUSD:short:1778659200:horizontal:1.3535025,regime_range_reversion_v2,short,1778662800,1778659200,limit,unfilled,,,,GBPUSD,regime_range_reversion_v2:short,base
regime_range_reversion_v2:GBPUSD:short:1779357600:sloped:1.3437004,regime_range_reversion_v2,short,1779361200,1779357600,limit,skipped_gap,,,,GBPUSD,regime_range_reversion_v2:short,base
regime_range_reversion_v2:GBPUSD:short:1779361200:sloped:1.3439747,regime_range_reversion_v2,short,1779364800,1779361200,limit,unfilled,,,,GBPUSD,regime_range_reversion_v2:short,base
regime_range_reversion_v2:GBPUSD:short:1781676000:horizontal:1.343289,regime_range_reversion_v2,short,1781679600,1781676000,limit,unfilled,,,,GBPUSD,regime_range_reversion_v2:short,base
regime_range_reversion_v2:GBPUSD:short:1722016800:horizontal:1.2873475,regime_range_reversion_v2,short,1722020400,1722016800,limit,filled,1722020400,1722200400,TP_GAP,GBPUSD,regime_range_reversion_v2:short,stress
regime_range_reversion_v2:GBPUSD:short:1723017600:sloped:1.2716387,regime_range_reversion_v2,short,1723021200,1723017600,limit,skipped_gap,,,,GBPUSD,regime_range_reversion_v2:short,stress
regime_range_reversion_v2:GBPUSD:short:1723050000:sloped:1.2711386,regime_range_reversion_v2,short,1723053600,1723050000,limit,unfilled,,,,GBPUSD,regime_range_reversion_v2:short,stress
regime_range_reversion_v2:GBPUSD:short:1723118400:sloped:1.2695052,regime_range_reversion_v2,short,1723122000,1723118400,limit,skipped_gap,,,,GBPUSD,regime_range_reversion_v2:short,stress
regime_range_reversion_v2:GBPUSD:short:1733824800:horizontal:1.2762625,regime_range_reversion_v2,short,1733828400,1733824800,limit,filled,1733828400,1733832000,TP,GBPUSD,regime_range_reversion_v2:short,stress
regime_range_reversion_v2:GBPUSD:short:1734426000:sloped:1.2691074,regime_range_reversion_v2,short,1734429600,1734426000,limit,filled,1734429600,1734429600,SL,GBPUSD,regime_range_reversion_v2:short,stress
regime_range_reversion_v2:GBPUSD:short:1734688800:sloped:1.2514313,regime_range_reversion_v2,short,1734692400,1734688800,limit,filled,1734696000,1734696000,SL,GBPUSD,regime_range_reversion_v2:short,stress
regime_range_reversion_v2:GBPUSD:short:1740571200:horizontal:1.265075,regime_range_reversion_v2,short,1740574800,1740571200,limit,skipped_gap,,,,GBPUSD,regime_range_reversion_v2:short,stress
regime_range_reversion_v2:GBPUSD:short:1740754800:horizontal:1.260898,regime_range_reversion_v2,short,1740758400,1740754800,limit,unfilled,,,,GBPUSD,regime_range_reversion_v2:short,stress
regime_range_reversion_v2:GBPUSD:short:1743156000:horizontal:1.295244,regime_range_reversion_v2,short,1743159600,1743156000,limit,skipped_gap,,,,GBPUSD,regime_range_reversion_v2:short,stress
regime_range_reversion_v2:GBPUSD:short:1746100800:horizontal:1.3331213,regime_range_reversion_v2,short,1746104400,1746100800,limit,unfilled,,,,GBPUSD,regime_range_reversion_v2:short,stress
regime_range_reversion_v2:GBPUSD:short:1752667200:sloped:1.3397307,regime_range_reversion_v2,short,1752670800,1752667200,limit,filled,1752670800,1752674400,TP_GAP,GBPUSD,regime_range_reversion_v2:short,stress
regime_range_reversion_v2:GBPUSD:short:1752768000:horizontal:1.3414333,regime_range_reversion_v2,short,1752771600,1752768000,limit,skipped_gap,,,,GBPUSD,regime_range_reversion_v2:short,stress
regime_range_reversion_v2:GBPUSD:short:1755864000:sloped:1.342071,regime_range_reversion_v2,short,1755867600,1755864000,limit,skipped_gap,,,,GBPUSD,regime_range_reversion_v2:short,stress
regime_range_reversion_v2:GBPUSD:short:1756371600:sloped:1.3502822,regime_range_reversion_v2,short,1756375200,1756371600,limit,filled,1756375200,1756375200,SL,GBPUSD,regime_range_reversion_v2:short,stress
regime_range_reversion_v2:GBPUSD:short:1757696400:horizontal:1.3571062,regime_range_reversion_v2,short,1757700000,1757696400,limit,censored_order_at_segment_end,,,,GBPUSD,regime_range_reversion_v2:short,stress
regime_range_reversion_v2:GBPUSD:short:1759989600:sloped:1.3408516,regime_range_reversion_v2,short,1759993200,1759989600,limit,unfilled,,,,GBPUSD,regime_range_reversion_v2:short,stress
regime_range_reversion_v2:GBPUSD:short:1760371200:sloped:1.3335945,regime_range_reversion_v2,short,1760374800,1760371200,limit,filled,1760378400,1760378400,SL,GBPUSD,regime_range_reversion_v2:short,stress
regime_range_reversion_v2:GBPUSD:short:1761210000:horizontal:1.3352525,regime_range_reversion_v2,short,1761213600,1761210000,limit,unfilled,,,,GBPUSD,regime_range_reversion_v2:short,stress
regime_range_reversion_v2:GBPUSD:short:1763715600:sloped:1.3066686,regime_range_reversion_v2,short,1763719200,1763715600,limit,filled,1763722800,1763726400,TP_GAP,GBPUSD,regime_range_reversion_v2:short,stress
regime_range_reversion_v2:GBPUSD:short:1763971200:sloped:1.3098898,regime_range_reversion_v2,short,1763974800,1763971200,limit,filled,1763985600,1763985600,SL,GBPUSD,regime_range_reversion_v2:short,stress
regime_range_reversion_v2:GBPUSD:short:1765796400:sloped:1.338417,regime_range_reversion_v2,short,1765800000,1765796400,limit,filled,1765800000,1765800000,SL,GBPUSD,regime_range_reversion_v2:short,stress
regime_range_reversion_v2:GBPUSD:short:1766127600:sloped:1.3382684,regime_range_reversion_v2,short,1766131200,1766127600,limit,skipped_gap,,,,GBPUSD,regime_range_reversion_v2:short,stress
regime_range_reversion_v2:GBPUSD:short:1770030000:horizontal:1.3703325,regime_range_reversion_v2,short,1770033600,1770030000,limit,filled,1770033600,1770037200,TP,GBPUSD,regime_range_reversion_v2:short,stress
regime_range_reversion_v2:GBPUSD:short:1770134400:horizontal:1.370836,regime_range_reversion_v2,short,1770138000,1770134400,limit,unfilled,,,,GBPUSD,regime_range_reversion_v2:short,stress
regime_range_reversion_v2:GBPUSD:short:1770210000:sloped:1.3718066,regime_range_reversion_v2,short,1770213600,1770210000,limit,unfilled,,,,GBPUSD,regime_range_reversion_v2:short,stress
regime_range_reversion_v2:GBPUSD:short:1770980400:horizontal:1.362122,regime_range_reversion_v2,short,1770984000,1770980400,limit,skipped_gap,,,,GBPUSD,regime_range_reversion_v2:short,stress
regime_range_reversion_v2:GBPUSD:short:1771246800:sloped:1.3648703,regime_range_reversion_v2,short,1771250400,1771246800,limit,unfilled,,,,GBPUSD,regime_range_reversion_v2:short,stress
regime_range_reversion_v2:GBPUSD:short:1771408800:sloped:1.356947,regime_range_reversion_v2,short,1771412400,1771408800,limit,filled,1771412400,1771412400,SL,GBPUSD,regime_range_reversion_v2:short,stress
regime_range_reversion_v2:GBPUSD:short:1771491600:sloped:1.3515958,regime_range_reversion_v2,short,1771495200,1771491600,limit,unfilled,,,,GBPUSD,regime_range_reversion_v2:short,stress
regime_range_reversion_v2:GBPUSD:short:1772809200:horizontal:1.3374475,regime_range_reversion_v2,short,1772812800,1772809200,limit,skipped_gap,,,,GBPUSD,regime_range_reversion_v2:short,stress
regime_range_reversion_v2:GBPUSD:short:1773320400:horizontal:1.338825,regime_range_reversion_v2,short,1773324000,1773320400,limit,unfilled,,,,GBPUSD,regime_range_reversion_v2:short,stress
regime_range_reversion_v2:GBPUSD:short:1773651600:sloped:1.3253378,regime_range_reversion_v2,short,1773655200,1773651600,limit,filled,1773655200,1773655200,SL,GBPUSD,regime_range_reversion_v2:short,stress
regime_range_reversion_v2:GBPUSD:short:1773741600:horizontal:1.3340625,regime_range_reversion_v2,short,1773745200,1773741600,limit,skipped_gap,,,,GBPUSD,regime_range_reversion_v2:short,stress
regime_range_reversion_v2:GBPUSD:short:1774623600:sloped:1.3326485,regime_range_reversion_v2,short,1774627200,1774623600,limit,unfilled,,,,GBPUSD,regime_range_reversion_v2:short,stress
regime_range_reversion_v2:GBPUSD:short:1775545200:sloped:1.3246374,regime_range_reversion_v2,short,1775548800,1775545200,limit,skipped_gap,,,,GBPUSD,regime_range_reversion_v2:short,stress
regime_range_reversion_v2:GBPUSD:short:1777968000:horizontal:1.3542888,regime_range_reversion_v2,short,1777971600,1777968000,limit,filled,1777971600,1777971600,SL,GBPUSD,regime_range_reversion_v2:short,stress
regime_range_reversion_v2:GBPUSD:short:1778659200:horizontal:1.3535025,regime_range_reversion_v2,short,1778662800,1778659200,limit,unfilled,,,,GBPUSD,regime_range_reversion_v2:short,stress
regime_range_reversion_v2:GBPUSD:short:1779357600:sloped:1.3437004,regime_range_reversion_v2,short,1779361200,1779357600,limit,skipped_gap,,,,GBPUSD,regime_range_reversion_v2:short,stress
regime_range_reversion_v2:GBPUSD:short:1779361200:sloped:1.3439747,regime_range_reversion_v2,short,1779364800,1779361200,limit,unfilled,,,,GBPUSD,regime_range_reversion_v2:short,stress
regime_range_reversion_v2:GBPUSD:short:1781676000:horizontal:1.343289,regime_range_reversion_v2,short,1781679600,1781676000,limit,unfilled,,,,GBPUSD,regime_range_reversion_v2:short,stress
regime_range_reversion_v2:USDJPY:short:1724925600:horizontal:144.62217,regime_range_reversion_v2,short,1724929200,1724925600,limit,filled,1724929200,1724932800,SL,USDJPY,regime_range_reversion_v2:short,base
regime_range_reversion_v2:USDJPY:short:1738832400:horizontal:152.7615,regime_range_reversion_v2,short,1738836000,1738832400,limit,unfilled,,,,USDJPY,regime_range_reversion_v2:short,base
regime_range_reversion_v2:USDJPY:short:1743584400:sloped:149.72369,regime_range_reversion_v2,short,1743588000,1743584400,limit,unfilled,,,,USDJPY,regime_range_reversion_v2:short,base
regime_range_reversion_v2:USDJPY:short:1743757200:horizontal:146.4635,regime_range_reversion_v2,short,1743760800,1743757200,limit,unfilled,,,,USDJPY,regime_range_reversion_v2:short,base
regime_range_reversion_v2:USDJPY:short:1747980000:sloped:143.56804,regime_range_reversion_v2,short,1747983600,1747980000,limit,unfilled,,,,USDJPY,regime_range_reversion_v2:short,base
regime_range_reversion_v2:USDJPY:short:1760983200:sloped:150.81931,regime_range_reversion_v2,short,1760986800,1760983200,limit,unfilled,,,,USDJPY,regime_range_reversion_v2:short,base
regime_range_reversion_v2:USDJPY:short:1763362800:sloped:154.70903,regime_range_reversion_v2,short,1763366400,1763362800,limit,filled,1763366400,1763366400,SL,USDJPY,regime_range_reversion_v2:short,base
regime_range_reversion_v2:USDJPY:short:1763377200:horizontal:154.88875,regime_range_reversion_v2,short,1763380800,1763377200,limit,skipped_gap,,,,USDJPY,regime_range_reversion_v2:short,base
regime_range_reversion_v2:USDJPY:short:1765551600:horizontal:156.03583,regime_range_reversion_v2,short,1765555200,1765551600,limit,unfilled,,,,USDJPY,regime_range_reversion_v2:short,base
regime_range_reversion_v2:USDJPY:short:1769698800:sloped:153.22163,regime_range_reversion_v2,short,1769702400,1769698800,limit,unfilled,,,,USDJPY,regime_range_reversion_v2:short,base
regime_range_reversion_v2:USDJPY:short:1771329600:horizontal:153.2278,regime_range_reversion_v2,short,1771333200,1771329600,limit,skipped_gap,,,,USDJPY,regime_range_reversion_v2:short,base
regime_range_reversion_v2:USDJPY:short:1771869600:horizontal:154.58633,regime_range_reversion_v2,short,1771873200,1771869600,limit,filled,1771873200,1771873200,SL,USDJPY,regime_range_reversion_v2:short,base
regime_range_reversion_v2:USDJPY:short:1779458400:horizontal:159.15488,regime_range_reversion_v2,short,1779462000,1779458400,limit,skipped_gap,,,,USDJPY,regime_range_reversion_v2:short,base
regime_range_reversion_v2:USDJPY:short:1779465600:sloped:159.18877,regime_range_reversion_v2,short,1779469200,1779465600,limit,filled,1779480000,1779480000,SL,USDJPY,regime_range_reversion_v2:short,base
regime_range_reversion_v2:USDJPY:short:1724925600:horizontal:144.62217,regime_range_reversion_v2,short,1724929200,1724925600,limit,filled,1724929200,1724929200,SL,USDJPY,regime_range_reversion_v2:short,stress
regime_range_reversion_v2:USDJPY:short:1738832400:horizontal:152.7615,regime_range_reversion_v2,short,1738836000,1738832400,limit,unfilled,,,,USDJPY,regime_range_reversion_v2:short,stress
regime_range_reversion_v2:USDJPY:short:1743584400:sloped:149.72369,regime_range_reversion_v2,short,1743588000,1743584400,limit,unfilled,,,,USDJPY,regime_range_reversion_v2:short,stress
regime_range_reversion_v2:USDJPY:short:1743757200:horizontal:146.4635,regime_range_reversion_v2,short,1743760800,1743757200,limit,unfilled,,,,USDJPY,regime_range_reversion_v2:short,stress
regime_range_reversion_v2:USDJPY:short:1747980000:sloped:143.56804,regime_range_reversion_v2,short,1747983600,1747980000,limit,unfilled,,,,USDJPY,regime_range_reversion_v2:short,stress
regime_range_reversion_v2:USDJPY:short:1760983200:sloped:150.81931,regime_range_reversion_v2,short,1760986800,1760983200,limit,unfilled,,,,USDJPY,regime_range_reversion_v2:short,stress
regime_range_reversion_v2:USDJPY:short:1763362800:sloped:154.70903,regime_range_reversion_v2,short,1763366400,1763362800,limit,filled,1763366400,1763366400,SL,USDJPY,regime_range_reversion_v2:short,stress
regime_range_reversion_v2:USDJPY:short:1763377200:horizontal:154.88875,regime_range_reversion_v2,short,1763380800,1763377200,limit,skipped_gap,,,,USDJPY,regime_range_reversion_v2:short,stress
regime_range_reversion_v2:USDJPY:short:1765551600:horizontal:156.03583,regime_range_reversion_v2,short,1765555200,1765551600,limit,unfilled,,,,USDJPY,regime_range_reversion_v2:short,stress
regime_range_reversion_v2:USDJPY:short:1769698800:sloped:153.22163,regime_range_reversion_v2,short,1769702400,1769698800,limit,unfilled,,,,USDJPY,regime_range_reversion_v2:short,stress
regime_range_reversion_v2:USDJPY:short:1771329600:horizontal:153.2278,regime_range_reversion_v2,short,1771333200,1771329600,limit,skipped_gap,,,,USDJPY,regime_range_reversion_v2:short,stress
regime_range_reversion_v2:USDJPY:short:1771869600:horizontal:154.58633,regime_range_reversion_v2,short,1771873200,1771869600,limit,filled,1771873200,1771873200,SL,USDJPY,regime_range_reversion_v2:short,stress
regime_range_reversion_v2:USDJPY:short:1779458400:horizontal:159.15488,regime_range_reversion_v2,short,1779462000,1779458400,limit,skipped_gap,,,,USDJPY,regime_range_reversion_v2:short,stress
regime_range_reversion_v2:USDJPY:short:1779465600:sloped:159.18877,regime_range_reversion_v2,short,1779469200,1779465600,limit,filled,1779480000,1779480000,SL,USDJPY,regime_range_reversion_v2:short,stress
