strategy,event_id,side,signal_ts,entry_ts,exit_ts,entry_type,entry,stop,target,exit,exit_reason,wait_bars,gap_atr,risk_frac,duration_days,gross_r,cost_bps,synthetic_spread_bps,quote_model,cost_r,r,mfe_r,mae_r,level,level_kind,reason,metadata,symbol,candidate,scenario
impulse_breakout_retest_v2,impulse_breakout_retest_v2:EURUSD:long:1723453200:horizontal:1.092375,long,1723460400,1723460400,1723460400,market_next_open,1.092704169475,1.09216,1.0937925084249998,1.09216,SL,1,0.07589555126791594,0.0004980025611702048,0.0,-1.0,0.65,0.9,constant_spread_bid_ask,0.130521,-1.130521,0.315433,-1.42108,1.092375,horizontal,impulse_then_later_retest,"{""atr"": 0.0006478571428571365, ""break_distance_atr"": 0.47850055126762825, ""impulse_body_atr"": 0.941565600882037, ""impulse_ts"": 1723453200, ""instrument"": ""EURUSD"", ""r2"": null, ""respect_bounces"": 1, ""respect_breaks"": 0, ""respect_rated"": true, ""respect_resolved"": 2, ""respect_score"": 0.75, ""respect_sweeps"": 1, ""retest_age_bars"": 1, ""sessions"": [""london""], ""signal_bar_ts"": 1723456800, ""touches"": 2}",EURUSD,impulse_breakout_retest_v2:long,base
impulse_breakout_retest_v2,impulse_breakout_retest_v2:GBPUSD:long:1723802400:range_edge:1.29063,long,1723809600,1723809600,1723809600,market_next_open,1.2909492253125001,1.290175,1.2924976759375002,1.290175,SL,1,0.07472277370865305,0.0005997333569123343,0.0,-1.0,0.65,1.15,constant_spread_bid_ask,0.108381,-1.108381,0.486317,-2.367985,1.29063,range_edge,impulse_then_later_retest,"{""atr"": 0.0009264285714285661, ""break_distance_atr"": 0.2698535080956969, ""impulse_body_atr"": 0.36160370084808524, ""impulse_ts"": 1723802400, ""instrument"": ""GBPUSD"", ""r2"": null, ""respect_bounces"": 0, ""respect_breaks"": 0, ""respect_rated"": false, ""respect_resolved"": 0, ""respect_score"": null, ""respect_sweeps"": 0, ""retest_age_bars"": 1, ""sessions"": [""london_ny_overlap"", ""london"", ""newyork""], ""signal_bar_ts"": 1723806000, ""touches"": 1}",GBPUSD,impulse_breakout_retest_v2:long,base
impulse_breakout_retest_v2,impulse_breakout_retest_v2:USDJPY:long:1725019200:range_edge:145.5555,long,1725026400,1725026400,1725026400,market_next_open,145.60355186500001,145.427,145.95665559500006,145.427,SL,1,0.016980061465008578,0.0012125519105723205,0.0,-1.0,0.65,0.9,constant_spread_bid_ask,0.053606,-1.053606,0.633755,-1.665749,145.5555,range_edge,impulse_then_later_retest,"{""atr"": 0.2091785714285765, ""break_distance_atr"": 0.3943998634113421, ""impulse_body_atr"": 1.0278299470718713, ""impulse_ts"": 1725019200, ""instrument"": ""USDJPY"", ""r2"": null, ""respect_bounces"": 1, ""respect_breaks"": 0, ""respect_rated"": false, ""respect_resolved"": 1, ""respect_score"": 1.0, ""respect_sweeps"": 0, ""retest_age_bars"": 1, ""sessions"": [""london_ny_overlap"", ""london"", ""newyork""], ""signal_bar_ts"": 1725022800, ""touches"": 1}",USDJPY,impulse_breakout_retest_v2:long,base
impulse_breakout_retest_v2,impulse_breakout_retest_v2:EURUSD:long:1726210800:range_edge:1.109025,long,1726218000,1726218000,1726225200,market_next_open,1.1093349178250003,1.1086,1.1108047534750007,1.1086,SL,1,0.06469074884334199,0.0006624850738865602,0.08333333333333333,-1.0,0.653333,0.9,constant_spread_bid_ask,0.098619,-1.098619,0.939056,-1.714183,1.109025,range_edge,impulse_then_later_retest,"{""atr"": 0.0008489285714285659, ""break_distance_atr"": 0.25915018931439177, ""impulse_body_atr"": 1.5902397980647536, ""impulse_ts"": 1726210800, ""instrument"": ""EURUSD"", ""r2"": null, ""respect_bounces"": 1, ""respect_breaks"": 0, ""respect_rated"": false, ""respect_resolved"": 1, ""respect_score"": 1.0, ""respect_sweeps"": 0, ""retest_age_bars"": 1, ""sessions"": [""london""], ""signal_bar_ts"": 1726214400, ""touches"": 1}",EURUSD,impulse_breakout_retest_v2:long,base
impulse_breakout_retest_v2,impulse_breakout_retest_v2:EURUSD:long:1733407200:range_edge:1.05683,long,1733414400,1733414400,1733490000,market_next_open,1.0572675749000002,1.055085,1.0616327247000006,1.0616327247000006,TP,1,0.026818689778471648,0.002064354333581651,0.875,2.0,0.685,0.9,constant_spread_bid_ask,0.033182,1.966818,2.597661,-0.735407,1.05683,range_edge,impulse_then_later_retest,"{""atr"": 0.0014010714285714082, ""break_distance_atr"": 0.5138924292633649, ""impulse_body_atr"": 0.5924037726229201, ""impulse_ts"": 1733407200, ""instrument"": ""EURUSD"", ""r2"": null, ""respect_bounces"": 0, ""respect_breaks"": 0, ""respect_rated"": false, ""respect_resolved"": 0, ""respect_score"": null, ""respect_sweeps"": 0, ""retest_age_bars"": 1, ""sessions"": [""london_ny_overlap"", ""london"", ""newyork""], ""signal_bar_ts"": 1733410800, ""touches"": 1}",EURUSD,impulse_breakout_retest_v2:long,base
impulse_breakout_retest_v2,impulse_breakout_retest_v2:GBPUSD:long:1733407200:range_edge:1.275175,long,1733414400,1733414400,1733421600,market_next_open,1.2757533516,1.27334,1.2805800548,1.27334,SL,1,0.043222339181236226,0.0018917070427236355,0.08333333333333333,-1.0,0.653333,1.15,constant_spread_bid_ask,0.034537,-1.034537,0.167098,-1.086274,1.275175,range_edge,impulse_then_later_retest,"{""atr"": 0.001465714285714324, ""break_distance_atr"": 0.5219298245614763, ""impulse_body_atr"": 0.5219298245614763, ""impulse_ts"": 1733407200, ""instrument"": ""GBPUSD"", ""r2"": null, ""respect_bounces"": 0, ""respect_breaks"": 0, ""respect_rated"": false, ""respect_resolved"": 0, ""respect_score"": null, ""respect_sweeps"": 0, ""retest_age_bars"": 1, ""sessions"": [""london_ny_overlap"", ""london"", ""newyork""], ""signal_bar_ts"": 1733410800, ""touches"": 1}",GBPUSD,impulse_breakout_retest_v2:long,base
impulse_breakout_retest_v2,impulse_breakout_retest_v2:EURUSD:long:1740078000:range_edge:1.04986,long,1740085200,1740085200,1740096000,market_next_open,1.0503272626000002,1.04954,1.0519017878000008,1.04954,SL,1,0.02440591345045863,0.0007495402890442714,0.125,-1.0,0.655,0.9,constant_spread_bid_ask,0.087387,-1.087387,0.24828,-1.834794,1.04986,range_edge,impulse_then_later_retest,"{""atr"": 0.0015267857142857247, ""break_distance_atr"": 0.19649122807015246, ""impulse_body_atr"": 0.22923976608191726, ""impulse_ts"": 1740078000, ""instrument"": ""EURUSD"", ""r2"": null, ""respect_bounces"": 0, ""respect_breaks"": 0, ""respect_rated"": false, ""respect_resolved"": 0, ""respect_score"": null, ""respect_sweeps"": 0, ""retest_age_bars"": 1, ""sessions"": [""newyork""], ""signal_bar_ts"": 1740081600, ""touches"": 1}",EURUSD,impulse_breakout_retest_v2:long,base
impulse_breakout_retest_v2,impulse_breakout_retest_v2:GBPUSD:long:1740078000:range_edge:1.26634,long,1740085200,1740085200,1740096000,market_next_open,1.2671078545125,1.2660454857142858,1.2692325921089287,1.2660454857142858,SL,1,0.03414680539392282,0.0008384201821738671,0.125,-1.0,0.655,1.15,constant_spread_bid_ask,0.078123,-1.078123,0.225222,-1.266641,1.26634,range_edge,impulse_then_later_retest,"{""atr"": 0.001840714285714275, ""break_distance_atr"": 0.3476911136980864, ""impulse_body_atr"": 0.4536282499029467, ""impulse_ts"": 1740078000, ""instrument"": ""GBPUSD"", ""r2"": null, ""respect_bounces"": 1, ""respect_breaks"": 0, ""respect_rated"": false, ""respect_resolved"": 1, ""respect_score"": 1.0, ""respect_sweeps"": 0, ""retest_age_bars"": 1, ""sessions"": [""newyork""], ""signal_bar_ts"": 1740081600, ""touches"": 1}",GBPUSD,impulse_breakout_retest_v2:long,base
impulse_breakout_retest_v2,impulse_breakout_retest_v2:EURUSD:long:1742223600:range_edge:1.091845,long,1742230800,1742230800,1742230800,market_next_open,1.09217914585,1.091455,1.0936274375500001,1.091455,SL,1,0.03845976154241831,0.0006630284534836544,0.0,-1.0,0.65,0.9,constant_spread_bid_ask,0.098035,-1.098035,0.223293,-1.461375,1.091845,range_edge,impulse_then_later_retest,"{""atr"": 0.0014078571428571354, ""break_distance_atr"": 0.2201927955352855, ""impulse_body_atr"": 0.39421613394222255, ""impulse_ts"": 1742223600, ""instrument"": ""EURUSD"", ""r2"": null, ""respect_bounces"": 0, ""respect_breaks"": 0, ""respect_rated"": false, ""respect_resolved"": 0, ""respect_score"": null, ""respect_sweeps"": 0, ""retest_age_bars"": 1, ""sessions"": [""newyork""], ""signal_bar_ts"": 1742227200, ""touches"": 1}",EURUSD,impulse_breakout_retest_v2:long,base
impulse_breakout_retest_v2,impulse_breakout_retest_v2:USDJPY:long:1748437200:horizontal:144.77175,long,1748444400,1748444400,1748473200,market_next_open,144.857518295,144.518,145.53655488500002,145.53655488500002,TP,1,0.01962571257363926,0.0023438085851269475,0.3333333333333333,2.0,0.663333,0.9,constant_spread_bid_ask,0.028302,1.971698,3.428123,-0.315248,144.77175,horizontal,impulse_then_later_retest,"{""atr"": 0.357607142857142, ""break_distance_atr"": 0.3446519524618367, ""impulse_body_atr"": 1.0612204134625216, ""impulse_ts"": 1748437200, ""instrument"": ""USDJPY"", ""r2"": null, ""respect_bounces"": 1, ""respect_breaks"": 0, ""respect_rated"": false, ""respect_resolved"": 1, ""respect_score"": 1.0, ""respect_sweeps"": 0, ""retest_age_bars"": 1, ""sessions"": [""london_ny_overlap"", ""london"", ""newyork""], ""signal_bar_ts"": 1748440800, ""touches"": 2}",USDJPY,impulse_breakout_retest_v2:long,base
impulse_breakout_retest_v2,impulse_breakout_retest_v2:GBPUSD:long:1750744800:range_edge:1.357285,long,1750752000,1750752000,1750762800,market_next_open,1.3580130812625,1.35612,1.3617992437875,1.3617992437875,TP,1,0.010453754903934978,0.0013940081201132832,0.125,2.0,0.655,1.15,constant_spread_bid_ask,0.046987,1.953013,2.410655,-0.122107,1.357285,range_edge,impulse_then_later_retest,"{""atr"": 0.0017296428571429118, ""break_distance_atr"": 0.5232294032623858, ""impulse_body_atr"": 0.7255833161263486, ""impulse_ts"": 1750744800, ""instrument"": ""GBPUSD"", ""r2"": null, ""respect_bounces"": 1, ""respect_breaks"": 0, ""respect_rated"": false, ""respect_resolved"": 1, ""respect_score"": 1.0, ""respect_sweeps"": 0, ""retest_age_bars"": 1, ""sessions"": [""london""], ""signal_bar_ts"": 1750748400, ""touches"": 1}",GBPUSD,impulse_breakout_retest_v2:long,base
impulse_breakout_retest_v2,impulse_breakout_retest_v2:USDJPY:long:1753977600:range_edge:150.6345,long,1753984800,1753984800,1754010000,market_next_open,150.669779835,150.5585,150.89233950500002,150.89233950500002,TP,1,0.01841208167543668,0.0007385677149184692,0.2916666666666667,2.0,0.661667,0.9,constant_spread_bid_ask,0.089588,1.910412,2.160579,-0.746376,150.6345,range_edge,impulse_then_later_retest,"{""atr"": 0.341071428571431, ""break_distance_atr"": 0.14806282722512848, ""impulse_body_atr"": 0.2345549738220245, ""impulse_ts"": 1753977600, ""instrument"": ""USDJPY"", ""r2"": null, ""respect_bounces"": 1, ""respect_breaks"": 0, ""respect_rated"": false, ""respect_resolved"": 1, ""respect_score"": 1.0, ""respect_sweeps"": 0, ""retest_age_bars"": 1, ""sessions"": [""newyork""], ""signal_bar_ts"": 1753981200, ""touches"": 1}",USDJPY,impulse_breakout_retest_v2:long,base
impulse_breakout_retest_v2,impulse_breakout_retest_v2:GBPUSD:long:1754546400:range_edge:1.337125,long,1754553600,1754553600,1754553600,market_next_open,1.3375019019375,1.336765,1.3389757058125002,1.336765,SL,1,0.055436821503204406,0.0005509539361645889,0.0,-1.0,0.65,1.15,constant_spread_bid_ask,0.117977,-1.117977,0.591886,-1.694582,1.337125,range_edge,impulse_then_later_retest,"{""atr"": 0.0010264285714285868, ""break_distance_atr"": 0.3020180932498531, ""impulse_body_atr"": 0.3750869867778655, ""impulse_ts"": 1754546400, ""instrument"": ""GBPUSD"", ""r2"": null, ""respect_bounces"": 2, ""respect_breaks"": 0, ""respect_rated"": true, ""respect_resolved"": 2, ""respect_score"": 1.0, ""respect_sweeps"": 0, ""retest_age_bars"": 1, ""sessions"": [""london""], ""signal_bar_ts"": 1754550000, ""touches"": 1}",GBPUSD,impulse_breakout_retest_v2:long,base
impulse_breakout_retest_v2,impulse_breakout_retest_v2:GBPUSD:long:1756706400:horizontal:1.3528463,long,1756713600,1756713600,1756796400,market_next_open,1.3531027989375,1.35152,1.3562683968124998,1.35152,SL,1,0.05464171068981586,0.0011697551278016514,0.9583333333333334,-1.0,0.688333,1.15,constant_spread_bid_ask,0.058844,-1.058844,1.146254,-8.690185,1.35284625,horizontal,impulse_then_later_retest,"{""atr"": 0.0011492857142857732, ""break_distance_atr"": 0.29039776258546063, ""impulse_body_atr"": 0.6134244872590972, ""impulse_ts"": 1756706400, ""instrument"": ""GBPUSD"", ""r2"": null, ""respect_bounces"": 1, ""respect_breaks"": 0, ""respect_rated"": false, ""respect_resolved"": 1, ""respect_score"": 1.0, ""respect_sweeps"": 0, ""retest_age_bars"": 1, ""sessions"": [""london""], ""signal_bar_ts"": 1756710000, ""touches"": 4}",GBPUSD,impulse_breakout_retest_v2:long,base
impulse_breakout_retest_v2,impulse_breakout_retest_v2:USDJPY:long:1763460000:horizontal:155.34125,long,1763467200,1763467200,1763467200,market_next_open,155.433994215,155.31008428571428,155.68181407357147,155.31008428571428,SL,1,0.03334030436378838,0.0007971868053158001,0.0,-1.0,0.65,0.9,constant_spread_bid_ask,0.081537,-1.081537,0.0,-2.122326,155.34125,horizontal,impulse_then_later_retest,"{""atr"": 0.19478571428571254, ""break_distance_atr"": 0.4273927392738927, ""impulse_body_atr"": 0.9779977997799144, ""impulse_ts"": 1763460000, ""instrument"": ""USDJPY"", ""r2"": null, ""respect_bounces"": 0, ""respect_breaks"": 0, ""respect_rated"": false, ""respect_resolved"": 1, ""respect_score"": 0.5, ""respect_sweeps"": 1, ""retest_age_bars"": 1, ""sessions"": [""london""], ""signal_bar_ts"": 1763463600, ""touches"": 2}",USDJPY,impulse_breakout_retest_v2:long,base
impulse_breakout_retest_v2,impulse_breakout_retest_v2:USDJPY:long:1763571600:range_edge:156.7215,long,1763578800,1763578800,1763586000,market_next_open,156.80905609,156.6849457142857,157.05727684142863,157.05727684142863,TP,1,0.03307339690483676,0.0007914745411328582,0.08333333333333333,2.0,0.653333,0.9,constant_spread_bid_ask,0.082546,1.917454,2.968089,-0.303046,156.7215,range_edge,impulse_then_later_retest,"{""atr"": 0.22846428571428135, ""break_distance_atr"": 0.1466312333906706, ""impulse_body_atr"": 0.516492105674523, ""impulse_ts"": 1763571600, ""instrument"": ""USDJPY"", ""r2"": null, ""respect_bounces"": 1, ""respect_breaks"": 0, ""respect_rated"": false, ""respect_resolved"": 1, ""respect_score"": 1.0, ""respect_sweeps"": 0, ""retest_age_bars"": 1, ""sessions"": [""newyork""], ""signal_bar_ts"": 1763575200, ""touches"": 1}",USDJPY,impulse_breakout_retest_v2:long,base
impulse_breakout_retest_v2,impulse_breakout_retest_v2:EURUSD:long:1764676800:horizontal:1.1615467,long,1764684000,1764684000,1764687600,market_next_open,1.16182227965,1.161125,1.16321683895,1.161125,SL,1,0.0867577213931123,0.0006001603362349443,0.041666666666666664,-1.0,0.651667,0.9,constant_spread_bid_ask,0.108582,-1.108582,0.638791,-3.641939,1.1615466666666665,horizontal,impulse_then_later_retest,"{""atr"": 0.0007178571428571034, ""break_distance_atr"": 0.31111111111131046, ""impulse_body_atr"": 0.8149253731344535, ""impulse_ts"": 1764676800, ""instrument"": ""EURUSD"", ""r2"": null, ""respect_bounces"": 0, ""respect_breaks"": 1, ""respect_rated"": true, ""respect_resolved"": 2, ""respect_score"": 0.25, ""respect_sweeps"": 1, ""retest_age_bars"": 1, ""sessions"": [""london_ny_overlap"", ""london"", ""newyork""], ""signal_bar_ts"": 1764680400, ""touches"": 3}",EURUSD,impulse_breakout_retest_v2:long,base
impulse_breakout_retest_v2,impulse_breakout_retest_v2:EURUSD:long:1764835200:horizontal:1.16759,long,1764842400,1764842400,1764842400,market_next_open,1.1678125492,1.16735,1.1687376475999998,1.16735,SL,1,0.062301244735678656,0.000396081717324197,0.0,-1.0,0.65,0.9,constant_spread_bid_ask,0.164108,-1.164108,0.270006,-3.242975,1.16759,horizontal,impulse_then_later_retest,"{""atr"": 0.0007632142857142897, ""break_distance_atr"": 0.12447356106714917, ""impulse_body_atr"": 1.5067852129152735, ""impulse_ts"": 1764835200, ""instrument"": ""EURUSD"", ""r2"": null, ""respect_bounces"": 1, ""respect_breaks"": 0, ""respect_rated"": true, ""respect_resolved"": 2, ""respect_score"": 0.75, ""respect_sweeps"": 1, ""retest_age_bars"": 1, ""sessions"": [""london""], ""signal_bar_ts"": 1764838800, ""touches"": 3}",EURUSD,impulse_breakout_retest_v2:long,base
impulse_breakout_retest_v2,impulse_breakout_retest_v2:GBPUSD:long:1765371600:horizontal:1.332895,long,1765378800,1765378800,1765378800,market_next_open,1.3330766475,1.33229,1.3346499425,1.33229,SL,1,0.08095361189807257,0.0005900992275839976,0.0,-1.0,0.65,1.15,constant_spread_bid_ask,0.110151,-1.110151,0.644084,-2.114299,1.3328950000000002,horizontal,impulse_then_later_retest,"{""atr"": 0.0010085714285714698, ""break_distance_atr"": 0.1388101983000862, ""impulse_body_atr"": 1.5616147308780062, ""impulse_ts"": 1765371600, ""instrument"": ""GBPUSD"", ""r2"": null, ""respect_bounces"": 1, ""respect_breaks"": 0, ""respect_rated"": false, ""respect_resolved"": 1, ""respect_score"": 1.0, ""respect_sweeps"": 0, ""retest_age_bars"": 1, ""sessions"": [""london_ny_overlap"", ""london"", ""newyork""], ""signal_bar_ts"": 1765375200, ""touches"": 2}",GBPUSD,impulse_breakout_retest_v2:long,base
impulse_breakout_retest_v2,impulse_breakout_retest_v2:USDJPY:long:1766037600:range_edge:155.8855,long,1766044800,1766044800,1766044800,market_next_open,155.93551678250003,155.815,156.1765503475001,155.815,SL,1,0.06485227587997598,0.000772862943521268,0.0,-1.0,0.65,0.9,constant_spread_bid_ask,0.084103,-1.084103,0.024608,-1.174341,155.8855,range_edge,impulse_then_later_retest,"{""atr"": 0.13903571428571126, ""break_distance_atr"": 0.1582327254045136, ""impulse_body_atr"": 0.6904700744927204, ""impulse_ts"": 1766037600, ""instrument"": ""USDJPY"", ""r2"": null, ""respect_bounces"": 0, ""respect_breaks"": 0, ""respect_rated"": false, ""respect_resolved"": 0, ""respect_score"": null, ""respect_sweeps"": 0, ""retest_age_bars"": 1, ""sessions"": [""london""], ""signal_bar_ts"": 1766041200, ""touches"": 1}",USDJPY,impulse_breakout_retest_v2:long,base
impulse_breakout_retest_v2,impulse_breakout_retest_v2:USDJPY:long:1766138400:range_edge:157.213,long,1766145600,1766145600,1766152800,market_next_open,157.3285794675,157.1662,157.65333840249997,157.1662,SL,1,0.031040914529870105,0.0010321040719339359,0.08333333333333333,-1.0,0.653333,0.9,constant_spread_bid_ask,0.063301,-1.063301,0.568645,-2.491949,157.213,range_edge,impulse_then_later_retest,"{""atr"": 0.2924999999999999, ""break_distance_atr"": 0.38632478632478484, ""impulse_body_atr"": 0.4222222222222464, ""impulse_ts"": 1766138400, ""instrument"": ""USDJPY"", ""r2"": null, ""respect_bounces"": 0, ""respect_breaks"": 0, ""respect_rated"": false, ""respect_resolved"": 0, ""respect_score"": null, ""respect_sweeps"": 0, ""retest_age_bars"": 1, ""sessions"": [""london""], ""signal_bar_ts"": 1766142000, ""touches"": 1}",USDJPY,impulse_breakout_retest_v2:long,base
impulse_breakout_retest_v2,impulse_breakout_retest_v2:GBPUSD:long:1769097600:range_edge:1.348475,long,1769104800,1769104800,1769158800,market_next_open,1.349307580725,1.347365,1.3531927421749999,1.3531927421749999,TP,1,0.028009275895083494,0.0014396871052604649,0.625,2.0,0.675,1.15,constant_spread_bid_ask,0.046885,1.953115,2.097517,-0.586902,1.348475,range_edge,impulse_then_later_retest,"{""atr"": 0.0022342857142857125, ""break_distance_atr"": 0.2103580562659716, ""impulse_body_atr"": 0.5191815856777721, ""impulse_ts"": 1769097600, ""instrument"": ""GBPUSD"", ""r2"": null, ""respect_bounces"": 0, ""respect_breaks"": 0, ""respect_rated"": false, ""respect_resolved"": 0, ""respect_score"": null, ""respect_sweeps"": 0, ""retest_age_bars"": 1, ""sessions"": [""newyork""], ""signal_bar_ts"": 1769101200, ""touches"": 1}",GBPUSD,impulse_breakout_retest_v2:long,base
impulse_breakout_retest_v2,impulse_breakout_retest_v2:GBPUSD:long:1769187600:range_edge:1.3598,long,1769194800,1769194800,1769198400,market_next_open,1.360628231625,1.359205,1.363474694875,1.363474694875,TP,1,0.041815936018926615,0.001046010652961576,0.041666666666666664,2.0,0.651667,1.15,constant_spread_bid_ask,0.0623,1.9377,2.194547,-0.123987,1.3598,range_edge,impulse_then_later_retest,"{""atr"": 0.002109999999999993, ""break_distance_atr"": 0.48578199052135407, ""impulse_body_atr"": 0.9478672985782031, ""impulse_ts"": 1769187600, ""instrument"": ""GBPUSD"", ""r2"": null, ""respect_bounces"": 0, ""respect_breaks"": 0, ""respect_rated"": false, ""respect_resolved"": 0, ""respect_score"": null, ""respect_sweeps"": 0, ""retest_age_bars"": 1, ""sessions"": [""newyork""], ""signal_bar_ts"": 1769191200, ""touches"": 1}",GBPUSD,impulse_breakout_retest_v2:long,base
impulse_breakout_retest_v2,impulse_breakout_retest_v2:EURUSD:long:1769529600:range_edge:1.197245,long,1769536800,1769536800,1769544000,market_next_open,1.198058910225,1.19588,1.2024167306750002,1.2024167306750002,TP,1,0.027058502296657835,0.0018187004047996644,0.08333333333333333,2.0,0.653333,0.9,constant_spread_bid_ask,0.035923,1.964077,4.656786,-0.453337,1.197245,range_edge,impulse_then_later_retest,"{""atr"": 0.0021771428571428775, ""break_distance_atr"": 0.3100393700788306, ""impulse_body_atr"": 1.311351706036757, ""impulse_ts"": 1769529600, ""instrument"": ""EURUSD"", ""r2"": null, ""respect_bounces"": 0, ""respect_breaks"": 0, ""respect_rated"": false, ""respect_resolved"": 0, ""respect_score"": null, ""respect_sweeps"": 0, ""retest_age_bars"": 1, ""sessions"": [""newyork""], ""signal_bar_ts"": 1769533200, ""touches"": 1}",EURUSD,impulse_breakout_retest_v2:long,base
impulse_breakout_retest_v2,impulse_breakout_retest_v2:USDJPY:long:1770112800:range_edge:155.878,long,1770120000,1770120000,1770120000,market_next_open,155.9595178625,155.84961714285714,156.17931930178574,155.84961714285714,SL,1,0.04519833903763531,0.0007046746562768847,0.0,-1.0,0.65,0.9,constant_spread_bid_ask,0.092241,-1.092241,0.0,-1.014837,155.878,range_edge,impulse_then_later_retest,"{""atr"": 0.1773928571428505, ""break_distance_atr"": 0.2790416750555066, ""impulse_body_atr"": 0.31004630561712276, ""impulse_ts"": 1770112800, ""instrument"": ""USDJPY"", ""r2"": null, ""respect_bounces"": 0, ""respect_breaks"": 0, ""respect_rated"": false, ""respect_resolved"": 0, ""respect_score"": null, ""respect_sweeps"": 0, ""retest_age_bars"": 1, ""sessions"": [""london""], ""signal_bar_ts"": 1770116400, ""touches"": 1}",USDJPY,impulse_breakout_retest_v2:long,base
impulse_breakout_retest_v2,impulse_breakout_retest_v2:GBPUSD:long:1776168000:range_edge:1.35787,long,1776175200,1776175200,1776178800,market_next_open,1.3583631013875,1.3569,1.3612893041624998,1.3569,SL,1,0.05468444696762996,0.0010771062509026183,0.041666666666666664,-1.0,0.651667,1.15,constant_spread_bid_ask,0.060502,-1.060502,0.303303,-1.582993,1.35787,range_edge,impulse_then_later_retest,"{""atr"": 0.0013367857142856851, ""break_distance_atr"": 0.6321132781191581, ""impulse_body_atr"": 1.1258348917979484, ""impulse_ts"": 1776168000, ""instrument"": ""GBPUSD"", ""r2"": null, ""respect_bounces"": 0, ""respect_breaks"": 0, ""respect_rated"": false, ""respect_resolved"": 0, ""respect_score"": null, ""respect_sweeps"": 0, ""retest_age_bars"": 1, ""sessions"": [""london_ny_overlap"", ""london"", ""newyork""], ""signal_bar_ts"": 1776171600, ""touches"": 1}",GBPUSD,impulse_breakout_retest_v2:long,base
impulse_breakout_retest_v2,impulse_breakout_retest_v2:EURUSD:long:1723453200:horizontal:1.092375,long,1723460400,1723460400,1723460400,market_next_open,1.09274104658125,1.09216,1.0939031397437498,1.09216,SL,1,0.1328172147188529,0.0005317330973040443,0.0,-1.0,1.2,1.575,constant_spread_bid_ask,0.225677,-1.225677,0.168464,-1.457783,1.092375,horizontal,impulse_then_later_retest,"{""atr"": 0.0006478571428571365, ""break_distance_atr"": 0.47850055126762825, ""impulse_body_atr"": 0.941565600882037, ""impulse_ts"": 1723453200, ""instrument"": ""EURUSD"", ""r2"": null, ""respect_bounces"": 1, ""respect_breaks"": 0, ""respect_rated"": true, ""respect_resolved"": 2, ""respect_score"": 0.75, ""respect_sweeps"": 1, ""retest_age_bars"": 1, ""sessions"": [""london""], ""signal_bar_ts"": 1723456800, ""touches"": 2}",EURUSD,impulse_breakout_retest_v2:long,stress
impulse_breakout_retest_v2,impulse_breakout_retest_v2:GBPUSD:long:1723802400:range_edge:1.29063,long,1723809600,1723809600,1723809600,market_next_open,1.291004894296875,1.290175,1.292664682890625,1.290175,SL,1,0.1348126566114237,0.0006428281569969998,0.0,-1.0,1.2,2.0124999999999997,constant_spread_bid_ask,0.186675,-1.186675,0.319509,-2.343213,1.29063,range_edge,impulse_then_later_retest,"{""atr"": 0.0009264285714285661, ""break_distance_atr"": 0.2698535080956969, ""impulse_body_atr"": 0.36160370084808524, ""impulse_ts"": 1723802400, ""instrument"": ""GBPUSD"", ""r2"": null, ""respect_bounces"": 0, ""respect_breaks"": 0, ""respect_rated"": false, ""respect_resolved"": 0, ""respect_score"": null, ""respect_sweeps"": 0, ""retest_age_bars"": 1, ""sessions"": [""london_ny_overlap"", ""london"", ""newyork""], ""signal_bar_ts"": 1723806000, ""touches"": 1}",GBPUSD,impulse_breakout_retest_v2:long,stress
impulse_breakout_retest_v2,impulse_breakout_retest_v2:USDJPY:long:1725019200:range_edge:145.5555,long,1725026400,1725026400,1725026400,market_next_open,145.60846576375,145.427,145.97139729124999,145.427,SL,1,0.04047146747479568,0.0012462583325644418,0.0,-1.0,1.2,1.575,constant_spread_bid_ask,0.096288,-1.096288,0.562413,-1.674748,145.5555,range_edge,impulse_then_later_retest,"{""atr"": 0.2091785714285765, ""break_distance_atr"": 0.3943998634113421, ""impulse_body_atr"": 1.0278299470718713, ""impulse_ts"": 1725019200, ""instrument"": ""USDJPY"", ""r2"": null, ""respect_bounces"": 1, ""respect_breaks"": 0, ""respect_rated"": false, ""respect_resolved"": 1, ""respect_score"": 1.0, ""respect_sweeps"": 0, ""retest_age_bars"": 1, ""sessions"": [""london_ny_overlap"", ""london"", ""newyork""], ""signal_bar_ts"": 1725022800, ""touches"": 1}",USDJPY,impulse_breakout_retest_v2:long,stress
impulse_breakout_retest_v2,impulse_breakout_retest_v2:EURUSD:long:1726210800:range_edge:1.109025,long,1726218000,1726218000,1726225200,market_next_open,1.10937235619375,1.1086,1.1109170685812502,1.1086,SL,1,0.10879147770302498,0.0006962100591725533,0.08333333333333333,-1.0,1.205,1.575,constant_spread_bid_ask,0.17308,-1.17308,0.796557,-1.727986,1.109025,range_edge,impulse_then_later_retest,"{""atr"": 0.0008489285714285659, ""break_distance_atr"": 0.25915018931439177, ""impulse_body_atr"": 1.5902397980647536, ""impulse_ts"": 1726210800, ""instrument"": ""EURUSD"", ""r2"": null, ""respect_bounces"": 1, ""respect_breaks"": 0, ""respect_rated"": false, ""respect_resolved"": 1, ""respect_score"": 1.0, ""respect_sweeps"": 0, ""retest_age_bars"": 1, ""sessions"": [""london""], ""signal_bar_ts"": 1726214400, ""touches"": 1}",EURUSD,impulse_breakout_retest_v2:long,stress
impulse_breakout_retest_v2,impulse_breakout_retest_v2:EURUSD:long:1733407200:range_edge:1.05683,long,1733414400,1733414400,1733490000,market_next_open,1.057303256075,1.055085,1.0617397682249998,1.0617397682249998,TP,1,0.0522857532501239,0.002098032009505674,0.875,2.0,1.2525,1.575,constant_spread_bid_ask,0.059699,1.940301,2.523619,-0.755726,1.05683,range_edge,impulse_then_later_retest,"{""atr"": 0.0014010714285714082, ""break_distance_atr"": 0.5138924292633649, ""impulse_body_atr"": 0.5924037726229201, ""impulse_ts"": 1733407200, ""instrument"": ""EURUSD"", ""r2"": null, ""respect_bounces"": 0, ""respect_breaks"": 0, ""respect_rated"": false, ""respect_resolved"": 0, ""respect_score"": null, ""respect_sweeps"": 0, ""retest_age_bars"": 1, ""sessions"": [""london_ny_overlap"", ""london"", ""newyork""], ""signal_bar_ts"": 1733410800, ""touches"": 1}",EURUSD,impulse_breakout_retest_v2:long,stress
impulse_breakout_retest_v2,impulse_breakout_retest_v2:GBPUSD:long:1733407200:range_edge:1.275175,long,1733414400,1733414400,1733421600,market_next_open,1.2758083652999999,1.27334,1.2807450958999997,1.27334,SL,1,0.0807560526314864,0.0019347461320490074,0.08333333333333333,-1.0,1.205,2.0124999999999997,constant_spread_bid_ask,0.062282,-1.062282,0.118789,-1.106595,1.275175,range_edge,impulse_then_later_retest,"{""atr"": 0.001465714285714324, ""break_distance_atr"": 0.5219298245614763, ""impulse_body_atr"": 0.5219298245614763, ""impulse_ts"": 1733407200, ""instrument"": ""GBPUSD"", ""r2"": null, ""respect_bounces"": 0, ""respect_breaks"": 0, ""respect_rated"": false, ""respect_resolved"": 0, ""respect_score"": null, ""respect_sweeps"": 0, ""retest_age_bars"": 1, ""sessions"": [""london_ny_overlap"", ""london"", ""newyork""], ""signal_bar_ts"": 1733410800, ""touches"": 1}",GBPUSD,impulse_breakout_retest_v2:long,stress
impulse_breakout_retest_v2,impulse_breakout_retest_v2:EURUSD:long:1740078000:range_edge:1.04986,long,1740085200,1740085200,1740096000,market_next_open,1.05036270955,1.04954,1.0520081286500005,1.04954,SL,1,0.047622629239870984,0.0007832623364481942,0.125,-1.0,1.2075,1.575,constant_spread_bid_ask,0.154163,-1.154163,0.1514,-1.841856,1.04986,range_edge,impulse_then_later_retest,"{""atr"": 0.0015267857142857247, ""break_distance_atr"": 0.19649122807015246, ""impulse_body_atr"": 0.22923976608191726, ""impulse_ts"": 1740078000, ""instrument"": ""EURUSD"", ""r2"": null, ""respect_bounces"": 0, ""respect_breaks"": 0, ""respect_rated"": false, ""respect_resolved"": 0, ""respect_score"": null, ""respect_sweeps"": 0, ""retest_age_bars"": 1, ""sessions"": [""newyork""], ""signal_bar_ts"": 1740081600, ""touches"": 1}",EURUSD,impulse_breakout_retest_v2:long,stress
impulse_breakout_retest_v2,impulse_breakout_retest_v2:GBPUSD:long:1740078000:range_edge:1.26634,long,1740085200,1740085200,1740096000,market_next_open,1.267162495396875,1.2660454857142858,1.2693965147620534,1.2660454857142858,SL,1,0.06383141467792061,0.0008815046899248406,0.125,-1.0,1.2075,2.0124999999999997,constant_spread_bid_ask,0.136982,-1.136982,0.116356,-1.302469,1.26634,range_edge,impulse_then_later_retest,"{""atr"": 0.001840714285714275, ""break_distance_atr"": 0.3476911136980864, ""impulse_body_atr"": 0.4536282499029467, ""impulse_ts"": 1740078000, ""instrument"": ""GBPUSD"", ""r2"": null, ""respect_bounces"": 1, ""respect_breaks"": 0, ""respect_rated"": false, ""respect_resolved"": 1, ""respect_score"": 1.0, ""respect_sweeps"": 0, ""retest_age_bars"": 1, ""sessions"": [""newyork""], ""signal_bar_ts"": 1740081600, ""touches"": 1}",GBPUSD,impulse_breakout_retest_v2:long,stress
impulse_breakout_retest_v2,impulse_breakout_retest_v2:EURUSD:long:1742223600:range_edge:1.091845,long,1742230800,1742230800,1742230800,market_next_open,1.0922160052374998,1.091455,1.0937380157124994,1.091455,SL,1,0.06464096017238119,0.0006967534204319777,0.0,-1.0,1.2,1.575,constant_spread_bid_ask,0.172227,-1.172227,0.115596,-1.487421,1.091845,range_edge,impulse_then_later_retest,"{""atr"": 0.0014078571428571354, ""break_distance_atr"": 0.2201927955352855, ""impulse_body_atr"": 0.39421613394222255, ""impulse_ts"": 1742223600, ""instrument"": ""EURUSD"", ""r2"": null, ""respect_bounces"": 0, ""respect_breaks"": 0, ""respect_rated"": false, ""respect_resolved"": 0, ""respect_score"": null, ""respect_sweeps"": 0, ""retest_age_bars"": 1, ""sessions"": [""newyork""], ""signal_bar_ts"": 1742227200, ""touches"": 1}",EURUSD,impulse_breakout_retest_v2:long,stress
impulse_breakout_retest_v2,impulse_breakout_retest_v2:USDJPY:long:1748437200:horizontal:144.77175,long,1748444400,1748444400,1748473200,market_next_open,144.86240701625,144.518,145.55122104874997,145.55122104874997,TP,1,0.03329636023163775,0.002377476830212785,0.3333333333333333,2.0,1.22,1.575,constant_spread_bid_ask,0.051315,1.948685,3.350958,-0.339153,144.77175,horizontal,impulse_then_later_retest,"{""atr"": 0.357607142857142, ""break_distance_atr"": 0.3446519524618367, ""impulse_body_atr"": 1.0612204134625216, ""impulse_ts"": 1748437200, ""instrument"": ""USDJPY"", ""r2"": null, ""respect_bounces"": 1, ""respect_breaks"": 0, ""respect_rated"": false, ""respect_resolved"": 1, ""respect_score"": 1.0, ""respect_sweeps"": 0, ""retest_age_bars"": 1, ""sessions"": [""london_ny_overlap"", ""london"", ""newyork""], ""signal_bar_ts"": 1748440800, ""touches"": 2}",USDJPY,impulse_breakout_retest_v2:long,stress
impulse_breakout_retest_v2,impulse_breakout_retest_v2:GBPUSD:long:1750744800:range_edge:1.357285,long,1750752000,1750752000,1750762800,market_next_open,1.3580716422093748,1.35612,1.3619749266281245,1.3619749266281245,TP,1,0.04431100273576469,0.0014370686705450996,0.125,2.0,1.2075,2.0124999999999997,constant_spread_bid_ask,0.084025,1.915975,2.278205,-0.178453,1.357285,range_edge,impulse_then_later_retest,"{""atr"": 0.0017296428571429118, ""break_distance_atr"": 0.5232294032623858, ""impulse_body_atr"": 0.7255833161263486, ""impulse_ts"": 1750744800, ""instrument"": ""GBPUSD"", ""r2"": null, ""respect_bounces"": 1, ""respect_breaks"": 0, ""respect_rated"": false, ""respect_resolved"": 1, ""respect_score"": 1.0, ""respect_sweeps"": 0, ""retest_age_bars"": 1, ""sessions"": [""london""], ""signal_bar_ts"": 1750748400, ""touches"": 1}",GBPUSD,impulse_breakout_retest_v2:long,stress
impulse_breakout_retest_v2,impulse_breakout_retest_v2:USDJPY:long:1753977600:range_edge:150.6345,long,1753984800,1753984800,1754017200,market_next_open,150.67486471125,150.5585,150.90759413374997,150.5585,SL,1,0.03332061937171626,0.0007722901326175717,0.375,-1.0,1.2225,1.575,constant_spread_bid_ask,0.158295,-1.158295,1.978698,-1.136263,150.6345,range_edge,impulse_then_later_retest,"{""atr"": 0.341071428571431, ""break_distance_atr"": 0.14806282722512848, ""impulse_body_atr"": 0.2345549738220245, ""impulse_ts"": 1753977600, ""instrument"": ""USDJPY"", ""r2"": null, ""respect_bounces"": 1, ""respect_breaks"": 0, ""respect_rated"": false, ""respect_resolved"": 1, ""respect_score"": 1.0, ""respect_sweeps"": 0, ""retest_age_bars"": 1, ""sessions"": [""newyork""], ""signal_bar_ts"": 1753981200, ""touches"": 1}",USDJPY,impulse_breakout_retest_v2:long,stress
impulse_breakout_retest_v2,impulse_breakout_retest_v2:GBPUSD:long:1754546400:range_edge:1.337125,long,1754553600,1754553600,1754553600,market_next_open,1.3375595783906251,1.336765,1.3391487351718754,1.336765,SL,1,0.11162821633623181,0.0005940508396502114,0.0,-1.0,1.2,2.0124999999999997,constant_spread_bid_ask,0.202003,-1.202003,0.403716,-1.716692,1.337125,range_edge,impulse_then_later_retest,"{""atr"": 0.0010264285714285868, ""break_distance_atr"": 0.3020180932498531, ""impulse_body_atr"": 0.3750869867778655, ""impulse_ts"": 1754546400, ""instrument"": ""GBPUSD"", ""r2"": null, ""respect_bounces"": 2, ""respect_breaks"": 0, ""respect_rated"": true, ""respect_resolved"": 2, ""respect_score"": 1.0, ""respect_sweeps"": 0, ""retest_age_bars"": 1, ""sessions"": [""london""], ""signal_bar_ts"": 1754550000, ""touches"": 1}",GBPUSD,impulse_breakout_retest_v2:long,stress
impulse_breakout_retest_v2,impulse_breakout_retest_v2:GBPUSD:long:1756706400:horizontal:1.3528463,long,1756713600,1756713600,1756796400,market_next_open,1.353161148140625,1.35152,1.3564434444218747,1.35152,SL,1,0.10541168233366914,0.0012128253481708214,0.9583333333333334,-1.0,1.2575,2.0124999999999997,constant_spread_bid_ask,0.103684,-1.103684,1.03434,-8.451966,1.35284625,horizontal,impulse_then_later_retest,"{""atr"": 0.0011492857142857732, ""break_distance_atr"": 0.29039776258546063, ""impulse_body_atr"": 0.6134244872590972, ""impulse_ts"": 1756706400, ""instrument"": ""GBPUSD"", ""r2"": null, ""respect_bounces"": 1, ""respect_breaks"": 0, ""respect_rated"": false, ""respect_resolved"": 1, ""respect_score"": 1.0, ""respect_sweeps"": 0, ""retest_age_bars"": 1, ""sessions"": [""london""], ""signal_bar_ts"": 1756710000, ""touches"": 4}",GBPUSD,impulse_breakout_retest_v2:long,stress
impulse_breakout_retest_v2,impulse_breakout_retest_v2:USDJPY:long:1763460000:horizontal:155.34125,long,1763467200,1763467200,1763467200,market_next_open,155.43923987624999,155.31008428571428,155.6975510573214,155.31008428571428,SL,1,0.060270725155726644,0.0008309072447763363,0.0,-1.0,1.2,1.575,constant_spread_bid_ask,0.14442,-1.14442,0.0,-2.117292,155.34125,horizontal,impulse_then_later_retest,"{""atr"": 0.19478571428571254, ""break_distance_atr"": 0.4273927392738927, ""impulse_body_atr"": 0.9779977997799144, ""impulse_ts"": 1763460000, ""instrument"": ""USDJPY"", ""r2"": null, ""respect_bounces"": 0, ""respect_breaks"": 0, ""respect_rated"": false, ""respect_resolved"": 1, ""respect_score"": 0.5, ""respect_sweeps"": 1, ""retest_age_bars"": 1, ""sessions"": [""london""], ""signal_bar_ts"": 1763463600, ""touches"": 2}",USDJPY,impulse_breakout_retest_v2:long,stress
impulse_breakout_retest_v2,impulse_breakout_retest_v2:USDJPY:long:1763571600:range_edge:156.7215,long,1763578800,1763578800,1763586000,market_next_open,156.81434815749998,156.6849457142857,157.07315304392853,157.07315304392853,TP,1,0.0562370501796587,0.0008251951733670865,0.08333333333333333,2.0,1.205,1.575,constant_spread_bid_ask,0.146026,1.853974,2.764813,-0.372439,156.7215,range_edge,impulse_then_later_retest,"{""atr"": 0.22846428571428135, ""break_distance_atr"": 0.1466312333906706, ""impulse_body_atr"": 0.516492105674523, ""impulse_ts"": 1763571600, ""instrument"": ""USDJPY"", ""r2"": null, ""respect_bounces"": 1, ""respect_breaks"": 0, ""respect_rated"": false, ""respect_resolved"": 1, ""respect_score"": 1.0, ""respect_sweeps"": 0, ""retest_age_bars"": 1, ""sessions"": [""newyork""], ""signal_bar_ts"": 1763575200, ""touches"": 1}",USDJPY,impulse_breakout_retest_v2:long,stress
impulse_breakout_retest_v2,impulse_breakout_retest_v2:EURUSD:long:1764676800:horizontal:1.1615467,long,1764684000,1764684000,1764687600,market_next_open,1.1618614893875,1.161125,1.1633344681624997,1.161125,SL,1,0.14137825124377035,0.0006338874248153143,0.041666666666666664,-1.0,1.2025,1.575,constant_spread_bid_ask,0.189702,-1.189702,0.49828,-3.554412,1.1615466666666665,horizontal,impulse_then_later_retest,"{""atr"": 0.0007178571428571034, ""break_distance_atr"": 0.31111111111131046, ""impulse_body_atr"": 0.8149253731344535, ""impulse_ts"": 1764676800, ""instrument"": ""EURUSD"", ""r2"": null, ""respect_bounces"": 0, ""respect_breaks"": 1, ""respect_rated"": true, ""respect_resolved"": 2, ""respect_score"": 0.25, ""respect_sweeps"": 1, ""retest_age_bars"": 1, ""sessions"": [""london_ny_overlap"", ""london"", ""newyork""], ""signal_bar_ts"": 1764680400, ""touches"": 3}",EURUSD,impulse_breakout_retest_v2:long,stress
impulse_breakout_retest_v2,impulse_breakout_retest_v2:EURUSD:long:1764835200:horizontal:1.16759,long,1764842400,1764842400,1764842400,market_next_open,1.1678519610999998,1.16735,1.1688558832999991,1.16735,SL,1,0.11394060832922126,0.00042981569301546853,0.0,-1.0,1.2,1.575,constant_spread_bid_ask,0.279189,-1.279189,0.091759,-3.145288,1.16759,horizontal,impulse_then_later_retest,"{""atr"": 0.0007632142857142897, ""break_distance_atr"": 0.12447356106714917, ""impulse_body_atr"": 1.5067852129152735, ""impulse_ts"": 1764835200, ""instrument"": ""EURUSD"", ""r2"": null, ""respect_bounces"": 1, ""respect_breaks"": 0, ""respect_rated"": true, ""respect_resolved"": 2, ""respect_score"": 0.75, ""respect_sweeps"": 1, ""retest_age_bars"": 1, ""sessions"": [""london""], ""signal_bar_ts"": 1764838800, ""touches"": 3}",EURUSD,impulse_breakout_retest_v2:long,stress
impulse_breakout_retest_v2,impulse_breakout_retest_v2:GBPUSD:long:1765371600:horizontal:1.332895,long,1765378800,1765378800,1765378800,market_next_open,1.333134133125,1.33229,1.334822399375,1.33229,SL,1,0.13795069050993303,0.0006331944430987203,0.0,-1.0,1.2,2.0124999999999997,constant_spread_bid_ask,0.189515,-1.189515,0.463988,-2.106438,1.3328950000000002,horizontal,impulse_then_later_retest,"{""atr"": 0.0010085714285714698, ""break_distance_atr"": 0.1388101983000862, ""impulse_body_atr"": 1.5616147308780062, ""impulse_ts"": 1765371600, ""instrument"": ""GBPUSD"", ""r2"": null, ""respect_bounces"": 1, ""respect_breaks"": 0, ""respect_rated"": false, ""respect_resolved"": 1, ""respect_score"": 1.0, ""respect_sweeps"": 0, ""retest_age_bars"": 1, ""sessions"": [""london_ny_overlap"", ""london"", ""newyork""], ""signal_bar_ts"": 1765375200, ""touches"": 2}",GBPUSD,impulse_breakout_retest_v2:long,stress
impulse_breakout_retest_v2,impulse_breakout_retest_v2:USDJPY:long:1766037600:range_edge:155.8855,long,1766044800,1766044800,1766044800,market_next_open,155.940779369375,155.815,156.19233810812503,155.815,SL,1,0.1027028878757026,0.0008065842038475271,0.0,-1.0,1.2,1.575,constant_spread_bid_ask,0.148776,-1.148776,0.0,-1.208852,155.8855,range_edge,impulse_then_later_retest,"{""atr"": 0.13903571428571126, ""break_distance_atr"": 0.1582327254045136, ""impulse_body_atr"": 0.6904700744927204, ""impulse_ts"": 1766037600, ""instrument"": ""USDJPY"", ""r2"": null, ""respect_bounces"": 0, ""respect_breaks"": 0, ""respect_rated"": false, ""respect_resolved"": 0, ""respect_score"": null, ""respect_sweeps"": 0, ""retest_age_bars"": 1, ""sessions"": [""london""], ""signal_bar_ts"": 1766041200, ""touches"": 1}",USDJPY,impulse_breakout_retest_v2:long,stress
impulse_breakout_retest_v2,impulse_breakout_retest_v2:USDJPY:long:1766138400:range_edge:157.213,long,1766145600,1766145600,1766152800,market_next_open,157.33388906812496,157.1662,157.66926720437488,157.1662,SL,1,0.04919339529899449,0.0010658165835610198,0.08333333333333333,-1.0,1.205,1.575,constant_spread_bid_ask,0.113059,-1.113059,0.487292,-2.476294,157.213,range_edge,impulse_then_later_retest,"{""atr"": 0.2924999999999999, ""break_distance_atr"": 0.38632478632478484, ""impulse_body_atr"": 0.4222222222222464, ""impulse_ts"": 1766138400, ""instrument"": ""USDJPY"", ""r2"": null, ""respect_bounces"": 0, ""respect_breaks"": 0, ""respect_rated"": false, ""respect_resolved"": 0, ""respect_score"": null, ""respect_sweeps"": 0, ""retest_age_bars"": 1, ""sessions"": [""london""], ""signal_bar_ts"": 1766142000, ""touches"": 1}",USDJPY,impulse_breakout_retest_v2:long,stress
impulse_breakout_retest_v2,impulse_breakout_retest_v2:GBPUSD:long:1769097600:range_edge:1.348475,long,1769104800,1769104800,1769162400,market_next_open,1.34936576626875,1.347365,1.35336729880625,1.35336729880625,TP,1,0.05405139905686316,0.0014827456859843899,0.6666666666666666,2.0,1.24,2.0124999999999997,constant_spread_bid_ask,0.083629,1.916371,2.085711,-0.627976,1.348475,range_edge,impulse_then_later_retest,"{""atr"": 0.0022342857142857125, ""break_distance_atr"": 0.2103580562659716, ""impulse_body_atr"": 0.5191815856777721, ""impulse_ts"": 1769097600, ""instrument"": ""GBPUSD"", ""r2"": null, ""respect_bounces"": 0, ""respect_breaks"": 0, ""respect_rated"": false, ""respect_resolved"": 0, ""respect_score"": null, ""respect_sweeps"": 0, ""retest_age_bars"": 1, ""sessions"": [""newyork""], ""signal_bar_ts"": 1769101200, ""touches"": 1}",GBPUSD,impulse_breakout_retest_v2:long,stress
impulse_breakout_retest_v2,impulse_breakout_retest_v2:GBPUSD:long:1769187600:range_edge:1.3598,long,1769194800,1769194800,1769198400,market_next_open,1.3606869053437498,1.359205,1.3636507160312494,1.3636507160312494,TP,1,0.06962338566337742,0.0010890862092741598,0.041666666666666664,2.0,1.2025,2.0124999999999997,constant_spread_bid_ask,0.110414,1.889586,2.028375,-0.198264,1.3598,range_edge,impulse_then_later_retest,"{""atr"": 0.002109999999999993, ""break_distance_atr"": 0.48578199052135407, ""impulse_body_atr"": 0.9478672985782031, ""impulse_ts"": 1769187600, ""instrument"": ""GBPUSD"", ""r2"": null, ""respect_bounces"": 0, ""respect_breaks"": 0, ""respect_rated"": false, ""respect_resolved"": 0, ""respect_score"": null, ""respect_sweeps"": 0, ""retest_age_bars"": 1, ""sessions"": [""newyork""], ""signal_bar_ts"": 1769191200, ""touches"": 1}",GBPUSD,impulse_breakout_retest_v2:long,stress
impulse_breakout_retest_v2,impulse_breakout_retest_v2:EURUSD:long:1769529600:range_edge:1.197245,long,1769536800,1769536800,1769544000,market_next_open,1.1980993428937499,1.19588,1.2025380286812495,1.2025380286812495,TP,1,0.04562993807410507,0.0018523863708909702,0.08333333333333333,2.0,1.205,1.575,constant_spread_bid_ask,0.065051,1.934949,4.535354,-0.481501,1.197245,range_edge,impulse_then_later_retest,"{""atr"": 0.0021771428571428775, ""break_distance_atr"": 0.3100393700788306, ""impulse_body_atr"": 1.311351706036757, ""impulse_ts"": 1769529600, ""instrument"": ""EURUSD"", ""r2"": null, ""respect_bounces"": 0, ""respect_breaks"": 0, ""respect_rated"": false, ""respect_resolved"": 0, ""respect_score"": null, ""respect_sweeps"": 0, ""retest_age_bars"": 1, ""sessions"": [""newyork""], ""signal_bar_ts"": 1769533200, ""touches"": 1}",EURUSD,impulse_breakout_retest_v2:long,stress
impulse_breakout_retest_v2,impulse_breakout_retest_v2:USDJPY:long:1770112800:range_edge:155.878,long,1770120000,1770120000,1770120000,market_next_open,155.96478125937497,155.84961714285714,156.19510949241064,155.84961714285714,SL,1,0.0748691891481757,0.0007383982177765495,0.0,-1.0,1.2,1.575,constant_spread_bid_ask,0.162514,-1.162514,0.0,-1.059834,155.878,range_edge,impulse_then_later_retest,"{""atr"": 0.1773928571428505, ""break_distance_atr"": 0.2790416750555066, ""impulse_body_atr"": 0.31004630561712276, ""impulse_ts"": 1770112800, ""instrument"": ""USDJPY"", ""r2"": null, ""respect_bounces"": 0, ""respect_breaks"": 0, ""respect_rated"": false, ""respect_resolved"": 0, ""respect_score"": null, ""respect_sweeps"": 0, ""retest_age_bars"": 1, ""sessions"": [""london""], ""signal_bar_ts"": 1770116400, ""touches"": 1}",USDJPY,impulse_breakout_retest_v2:long,stress
impulse_breakout_retest_v2,impulse_breakout_retest_v2:GBPUSD:long:1776168000:range_edge:1.35787,long,1776175200,1776175200,1776178800,market_next_open,1.3584216774281248,1.3569,1.3614650322843744,1.3569,SL,1,0.09850301863464501,0.0011201804663525223,0.041666666666666664,-1.0,1.2025,2.0124999999999997,constant_spread_bid_ask,0.107349,-1.107349,0.214622,-1.598984,1.35787,range_edge,impulse_then_later_retest,"{""atr"": 0.0013367857142856851, ""break_distance_atr"": 0.6321132781191581, ""impulse_body_atr"": 1.1258348917979484, ""impulse_ts"": 1776168000, ""instrument"": ""GBPUSD"", ""r2"": null, ""respect_bounces"": 0, ""respect_breaks"": 0, ""respect_rated"": false, ""respect_resolved"": 0, ""respect_score"": null, ""respect_sweeps"": 0, ""retest_age_bars"": 1, ""sessions"": [""london_ny_overlap"", ""london"", ""newyork""], ""signal_bar_ts"": 1776171600, ""touches"": 1}",GBPUSD,impulse_breakout_retest_v2:long,stress
impulse_breakout_retest_v2,impulse_breakout_retest_v2:EURUSD:short:1722499200:horizontal:1.080015,short,1722517200,1722517200,1722520800,market_next_open,1.0795914162,1.080845,1.0770842485999998,1.080845,SL,1,0.05579409523810655,0.0011611650307599664,0.041666666666666664,-1.0,0.651667,0.9,constant_spread_bid_ask,0.056122,-1.056122,0.64844,-1.820593,1.080015,horizontal,impulse_then_later_retest,"{""atr"": 0.0010499999999999954, ""break_distance_atr"": 1.4999999999998943, ""impulse_body_atr"": 1.585714285714319, ""impulse_ts"": 1722499200, ""instrument"": ""EURUSD"", ""r2"": null, ""respect_bounces"": 1, ""respect_breaks"": 0, ""respect_rated"": false, ""respect_resolved"": 1, ""respect_score"": 1.0, ""respect_sweeps"": 0, ""retest_age_bars"": 4, ""sessions"": [""london_ny_overlap"", ""london"", ""newyork""], ""signal_bar_ts"": 1722513600, ""touches"": 2}",EURUSD,impulse_breakout_retest_v2:short,base
impulse_breakout_retest_v2,impulse_breakout_retest_v2:GBPUSD:short:1722938400:range_edge:1.269955,short,1722945600,1722945600,1722952800,market_next_open,1.2692370146749998,1.27042,1.2668710440249993,1.27042,SL,1,0.029541798088521354,0.0009320444576722251,0.08333333333333333,-1.0,0.653333,1.15,constant_spread_bid_ask,0.070097,-1.070097,1.584251,-2.942693,1.269955,range_edge,impulse_then_later_retest,"{""atr"": 0.001793571428571458, ""break_distance_atr"": 0.6495420151333247, ""impulse_body_atr"": 1.2544802867382545, ""impulse_ts"": 1722938400, ""instrument"": ""GBPUSD"", ""r2"": null, ""respect_bounces"": 0, ""respect_breaks"": 0, ""respect_rated"": false, ""respect_resolved"": 0, ""respect_score"": null, ""respect_sweeps"": 0, ""retest_age_bars"": 1, ""sessions"": [""london_ny_overlap"", ""london"", ""newyork""], ""signal_bar_ts"": 1722942000, ""touches"": 1}",GBPUSD,impulse_breakout_retest_v2:short,base
impulse_breakout_retest_v2,impulse_breakout_retest_v2:GBPUSD:short:1723053600:sloped:1.2695836,short,1723060800,1723060800,1723086000,market_next_open,1.2689020339375,1.2699050656575213,1.2668959704974572,1.2699050656575213,SL,1,0.03987898099977631,0.0007904721508790395,0.2916666666666667,-1.0,0.661667,1.15,constant_spread_bid_ask,0.083705,-1.083705,1.001099,-1.212318,1.2696524370860927,sloped,impulse_then_later_retest,"{""atr"": 0.0015789285714285426, ""break_distance_atr"": 0.7369487290490082, ""impulse_body_atr"": 0.6998416647816804, ""impulse_ts"": 1723053600, ""instrument"": ""GBPUSD"", ""r2"": 0.732530093043858, ""respect_rated"": false, ""retest_age_bars"": 1, ""sessions"": [""newyork""], ""signal_bar_ts"": 1723057200, ""touches"": 4}",GBPUSD,impulse_breakout_retest_v2:short,base
impulse_breakout_retest_v2,impulse_breakout_retest_v2:EURUSD:short:1742475600:range_edge:1.083105,short,1742482800,1742482800,1742482800,market_next_open,1.08290126725,1.083865,1.08097380175,1.083865,SL,1,0.0257305526371229,0.0008899544022581408,0.0,-1.0,0.65,0.9,constant_spread_bid_ask,0.073037,-1.073037,0.526662,-2.160926,1.083105,range_edge,impulse_then_later_retest,"{""atr"": 0.0016996428571428896, ""break_distance_atr"": 0.3177138054212921, ""impulse_body_atr"": 0.47657070813193814, ""impulse_ts"": 1742475600, ""instrument"": ""EURUSD"", ""r2"": null, ""respect_bounces"": 1, ""respect_breaks"": 0, ""respect_rated"": false, ""respect_resolved"": 1, ""respect_score"": 1.0, ""respect_sweeps"": 0, ""retest_age_bars"": 1, ""sessions"": [""london_ny_overlap"", ""london"", ""newyork""], ""signal_bar_ts"": 1742479200, ""touches"": 1}",EURUSD,impulse_breakout_retest_v2:short,base
impulse_breakout_retest_v2,impulse_breakout_retest_v2:EURUSD:short:1743141600:horizontal:1.0788325,short,1743148800,1743148800,1743166800,market_next_open,1.078656458275,1.079995,1.075979374825,1.079995,SL,1,0.098160650440651,0.001240934233259626,0.20833333333333334,-1.0,0.658333,0.9,constant_spread_bid_ask,0.053051,-1.053051,1.604745,-2.306404,1.0788324999999999,horizontal,impulse_then_later_retest,"{""atr"": 0.0008510714285714213, ""break_distance_atr"": 0.36718422156938035, ""impulse_body_atr"": 0.6638690725977465, ""impulse_ts"": 1743141600, ""instrument"": ""EURUSD"", ""r2"": null, ""respect_bounces"": 2, ""respect_breaks"": 0, ""respect_rated"": true, ""respect_resolved"": 2, ""respect_score"": 1.0, ""respect_sweeps"": 0, ""retest_age_bars"": 1, ""sessions"": [""london""], ""signal_bar_ts"": 1743145200, ""touches"": 2}",EURUSD,impulse_breakout_retest_v2:short,base
impulse_breakout_retest_v2,impulse_breakout_retest_v2:GBPUSD:short:1746075600:range_edge:1.3293,short,1746082800,1746082800,1746082800,market_next_open,1.32886358595,1.330135,1.3263207578499998,1.330135,SL,1,0.06511284714754129,0.0009567679206825103,0.0,-1.0,0.65,1.15,constant_spread_bid_ask,0.067937,-1.067937,1.028191,-1.524233,1.3293,range_edge,impulse_then_later_retest,"{""atr"": 0.00132714285714286, ""break_distance_atr"": 0.2938643702905519, ""impulse_body_atr"": 0.3466092572658049, ""impulse_ts"": 1746075600, ""instrument"": ""GBPUSD"", ""r2"": null, ""respect_bounces"": 1, ""respect_breaks"": 0, ""respect_rated"": false, ""respect_resolved"": 1, ""respect_score"": 1.0, ""respect_sweeps"": 0, ""retest_age_bars"": 1, ""sessions"": [""london""], ""signal_bar_ts"": 1746079200, ""touches"": 1}",GBPUSD,impulse_breakout_retest_v2:short,base
impulse_breakout_retest_v2,impulse_breakout_retest_v2:EURUSD:short:1753707600:range_edge:1.164375,short,1753714800,1753714800,1753714800,market_next_open,1.163672632375,1.16474,1.1615378971249997,1.1615378971249997,TP,1,0.02754747899158249,0.0009172404637734776,0.0,2.0,0.65,0.9,constant_spread_bid_ask,0.070865,1.929135,2.633016,-0.276141,1.164375,range_edge,impulse_then_later_retest,"{""atr"": 0.002082500000000019, ""break_distance_atr"": 0.5066026410564315, ""impulse_body_atr"": 1.1908763505402236, ""impulse_ts"": 1753707600, ""instrument"": ""EURUSD"", ""r2"": null, ""respect_bounces"": 1, ""respect_breaks"": 0, ""respect_rated"": false, ""respect_resolved"": 1, ""respect_score"": 1.0, ""respect_sweeps"": 0, ""retest_age_bars"": 1, ""sessions"": [""london_ny_overlap"", ""london"", ""newyork""], ""signal_bar_ts"": 1753711200, ""touches"": 1}",EURUSD,impulse_breakout_retest_v2:short,base
impulse_breakout_retest_v2,impulse_breakout_retest_v2:GBPUSD:short:1761314400:horizontal:1.3305075,short,1761321600,1761321600,1761332400,market_next_open,1.3295435468499999,1.330846357142857,1.3269379262642855,1.330846357142857,SL,1,0.038460172006834215,0.0009798929083171689,0.125,-1.0,0.655,1.15,constant_spread_bid_ask,0.066844,-1.066844,0.561973,-1.372418,1.3305075,horizontal,impulse_then_later_retest,"{""atr"": 0.0021178571428571396, ""break_distance_atr"": 0.23018549747047715, ""impulse_body_atr"": 1.7895446880269652, ""impulse_ts"": 1761314400, ""instrument"": ""GBPUSD"", ""r2"": null, ""respect_bounces"": 2, ""respect_breaks"": 0, ""respect_rated"": true, ""respect_resolved"": 3, ""respect_score"": 0.8333, ""respect_sweeps"": 1, ""retest_age_bars"": 1, ""sessions"": [""newyork""], ""signal_bar_ts"": 1761318000, ""touches"": 4}",GBPUSD,impulse_breakout_retest_v2:short,base
impulse_breakout_retest_v2,impulse_breakout_retest_v2:EURUSD:short:1762246800:horizontal:1.150695,short,1762254000,1762254000,1762254000,market_next_open,1.150348232,1.150995,1.149054696,1.149054696,TP,1,0.04639047996826396,0.000562236705380501,0.0,2.0,0.65,0.9,constant_spread_bid_ask,0.11561,1.88439,2.097398,-0.422939,1.150695,horizontal,impulse_then_later_retest,"{""atr"": 0.0009003571428571412, ""break_distance_atr"": 0.6497421658072846, ""impulse_body_atr"": 1.4272114240380611, ""impulse_ts"": 1762246800, ""instrument"": ""EURUSD"", ""r2"": null, ""respect_bounces"": 1, ""respect_breaks"": 0, ""respect_rated"": true, ""respect_resolved"": 3, ""respect_score"": 0.6667, ""respect_sweeps"": 2, ""retest_age_bars"": 1, ""sessions"": [""london""], ""signal_bar_ts"": 1762250400, ""touches"": 3}",EURUSD,impulse_breakout_retest_v2:short,base
impulse_breakout_retest_v2,impulse_breakout_retest_v2:EURUSD:short:1763571600:range_edge:1.15349,short,1763578800,1763578800,1763586000,market_next_open,1.15293811545,1.153745,1.15132434635,1.153745,SL,1,0.05087885237618441,0.0006998507024681589,0.08333333333333333,-1.0,0.653333,0.9,constant_spread_bid_ask,0.093353,-1.093353,1.364861,-1.262647,1.15349,range_edge,impulse_then_later_retest,"{""atr"": 0.0014128571428571682, ""break_distance_atr"": 0.12740141557117352, ""impulse_body_atr"": 0.4671385237612839, ""impulse_ts"": 1763571600, ""instrument"": ""EURUSD"", ""r2"": null, ""respect_bounces"": 0, ""respect_breaks"": 0, ""respect_rated"": false, ""respect_resolved"": 0, ""respect_score"": null, ""respect_sweeps"": 0, ""retest_age_bars"": 1, ""sessions"": [""newyork""], ""signal_bar_ts"": 1763575200, ""touches"": 1}",EURUSD,impulse_breakout_retest_v2:short,base
impulse_breakout_retest_v2,impulse_breakout_retest_v2:USDJPY:short:1769194800:range_edge:156.021,short,1769202000,1769202000,1769378400,market_next_open,155.8154879875,156.10849714285712,155.22946967678578,155.22946967678578,TP_GAP,1,2.1966431519679198e-05,0.0018804879998875195,2.0416666666666665,2.0,0.731667,0.9,constant_spread_bid_ask,0.038908,1.961092,5.404431,-0.218513,156.021,range_edge,impulse_then_later_retest,"{""atr"": 0.5468571428571474, ""break_distance_atr"": 0.23315047021942967, ""impulse_body_atr"": 0.5001306165099461, ""impulse_ts"": 1769194800, ""instrument"": ""USDJPY"", ""r2"": null, ""respect_bounces"": 1, ""respect_breaks"": 0, ""respect_rated"": false, ""respect_resolved"": 1, ""respect_score"": 1.0, ""respect_sweeps"": 0, ""retest_age_bars"": 1, ""sessions"": [""newyork""], ""signal_bar_ts"": 1769198400, ""touches"": 1}",USDJPY,impulse_breakout_retest_v2:short,base
impulse_breakout_retest_v2,impulse_breakout_retest_v2:EURUSD:short:1770112800:horizontal:1.1788875,short,1770120000,1770120000,1770120000,market_next_open,1.1786819569250002,1.179475,1.1770958707750006,1.179475,SL,1,0.028688561240083985,0.0006728219349931853,0.0,-1.0,0.65,0.9,constant_spread_bid_ask,0.096608,-1.096608,0.0,-1.735269,1.1788875,horizontal,impulse_then_later_retest,"{""atr"": 0.0011517857142856944, ""break_distance_atr"": 0.145426356589235, ""impulse_body_atr"": 0.4688372093023206, ""impulse_ts"": 1770112800, ""instrument"": ""EURUSD"", ""r2"": null, ""respect_bounces"": 0, ""respect_breaks"": 0, ""respect_rated"": false, ""respect_resolved"": 1, ""respect_score"": 0.5, ""respect_sweeps"": 1, ""retest_age_bars"": 1, ""sessions"": [""london""], ""signal_bar_ts"": 1770116400, ""touches"": 2}",EURUSD,impulse_breakout_retest_v2:short,base
impulse_breakout_retest_v2,impulse_breakout_retest_v2:GBPUSD:short:1770300000:range_edge:1.35405,short,1770307200,1770307200,1770310800,market_next_open,1.3527472125625,1.355695,1.3468516376874997,1.355695,SL,1,0.023773149423894385,0.0021791118178807055,0.041666666666666664,-1.0,0.651667,1.15,constant_spread_bid_ask,0.029905,-1.029905,0.306836,-1.041711,1.35405,range_edge,impulse_then_later_retest,"{""atr"": 0.002851428571428568, ""break_distance_atr"": 0.12800601202403025, ""impulse_body_atr"": 1.6991482965931841, ""impulse_ts"": 1770300000, ""instrument"": ""GBPUSD"", ""r2"": null, ""respect_bounces"": 1, ""respect_breaks"": 0, ""respect_rated"": false, ""respect_resolved"": 1, ""respect_score"": 1.0, ""respect_sweeps"": 0, ""retest_age_bars"": 1, ""sessions"": [""london_ny_overlap"", ""london"", ""newyork""], ""signal_bar_ts"": 1770303600, ""touches"": 1}",GBPUSD,impulse_breakout_retest_v2:short,base
impulse_breakout_retest_v2,impulse_breakout_retest_v2:GBPUSD:short:1772679600:horizontal:1.3347475,short,1772697600,1772697600,1772701200,market_next_open,1.3341032846499998,1.335775,1.3307598539499996,1.335775,SL,1,0.040772178680362786,0.0012530629144194595,0.041666666666666664,-1.0,0.651667,1.15,constant_spread_bid_ask,0.052006,-1.052006,1.490518,-2.18855,1.3347475000000002,horizontal,impulse_then_later_retest,"{""atr"": 0.0017589285714285166, ""break_distance_atr"": 0.3539086294417447, ""impulse_body_atr"": 1.2962436548224094, ""impulse_ts"": 1772679600, ""instrument"": ""GBPUSD"", ""r2"": null, ""respect_bounces"": 1, ""respect_breaks"": 1, ""respect_rated"": true, ""respect_resolved"": 3, ""respect_score"": 0.5, ""respect_sweeps"": 1, ""retest_age_bars"": 4, ""sessions"": [""london""], ""signal_bar_ts"": 1772694000, ""touches"": 2}",GBPUSD,impulse_breakout_retest_v2:short,base
impulse_breakout_retest_v2,impulse_breakout_retest_v2:EURUSD:short:1772798400:range_edge:1.155885,short,1772805600,1772805600,1772812800,market_next_open,1.1554480025,1.15937,1.1476040075,1.15937,SL,1,0.04574175981655648,0.00339435222659446,0.08333333333333333,-1.0,0.653333,0.9,constant_spread_bid_ask,0.019248,-1.019248,0.204244,-1.505421,1.155885,range_edge,impulse_then_later_retest,"{""atr"": 0.0012460714285714555, ""break_distance_atr"": 0.3129836629407542, ""impulse_body_atr"": 0.613929492691404, ""impulse_ts"": 1772798400, ""instrument"": ""EURUSD"", ""r2"": null, ""respect_bounces"": 1, ""respect_breaks"": 0, ""respect_rated"": false, ""respect_resolved"": 1, ""respect_score"": 1.0, ""respect_sweeps"": 0, ""retest_age_bars"": 1, ""sessions"": [""london_ny_overlap"", ""london"", ""newyork""], ""signal_bar_ts"": 1772802000, ""touches"": 1}",EURUSD,impulse_breakout_retest_v2:short,base
impulse_breakout_retest_v2,impulse_breakout_retest_v2:EURUSD:short:1775239200:horizontal:1.1516675,short,1775246400,1775246400,1775246400,market_next_open,1.15139818475,1.1518047,1.1505851542500003,1.1518047,SL,1,0.05459504373171481,0.00035306226410993636,0.0,-1.0,0.65,0.9,constant_spread_bid_ask,0.184104,-1.184104,0.0,-4.400096,1.1516675,horizontal,impulse_then_later_retest,"{""atr"": 0.0008574999999999555, ""break_distance_atr"": 0.23615160349867742, ""impulse_body_atr"": 0.6530612244899651, ""impulse_ts"": 1775239200, ""instrument"": ""EURUSD"", ""r2"": null, ""respect_bounces"": 1, ""respect_breaks"": 0, ""respect_rated"": true, ""respect_resolved"": 2, ""respect_score"": 0.75, ""respect_sweeps"": 1, ""retest_age_bars"": 1, ""sessions"": [""newyork""], ""signal_bar_ts"": 1775242800, ""touches"": 2}",EURUSD,impulse_breakout_retest_v2:short,base
impulse_breakout_retest_v2,impulse_breakout_retest_v2:EURUSD:short:1722499200:horizontal:1.080015,short,1722517200,1722517200,1722520800,market_next_open,1.0795549783499998,1.080845,1.0769749350499993,1.080845,SL,1,0.09049680952399397,0.0011949568811881442,0.041666666666666664,-1.0,1.2025,1.575,constant_spread_bid_ask,0.100631,-1.100631,0.573656,-1.825718,1.080015,horizontal,impulse_then_later_retest,"{""atr"": 0.0010499999999999954, ""break_distance_atr"": 1.4999999999998943, ""impulse_body_atr"": 1.585714285714319, ""impulse_ts"": 1722499200, ""instrument"": ""EURUSD"", ""r2"": null, ""respect_bounces"": 1, ""respect_breaks"": 0, ""respect_rated"": false, ""respect_resolved"": 1, ""respect_score"": 1.0, ""respect_sweeps"": 0, ""retest_age_bars"": 4, ""sessions"": [""london_ny_overlap"", ""london"", ""newyork""], ""signal_bar_ts"": 1722513600, ""touches"": 2}",EURUSD,impulse_breakout_retest_v2:short,stress
impulse_breakout_retest_v2,impulse_breakout_retest_v2:GBPUSD:short:1722938400:range_edge:1.269955,short,1722945600,1722945600,1722952800,market_next_open,1.26918227568125,1.27042,1.26670682704375,1.27042,SL,1,0.060061348566277484,0.0009752139960240599,0.08333333333333333,-1.0,1.205,2.0124999999999997,constant_spread_bid_ask,0.123563,-1.123563,1.425806,-2.901118,1.269955,range_edge,impulse_then_later_retest,"{""atr"": 0.001793571428571458, ""break_distance_atr"": 0.6495420151333247, ""impulse_body_atr"": 1.2544802867382545, ""impulse_ts"": 1722938400, ""instrument"": ""GBPUSD"", ""r2"": null, ""respect_bounces"": 0, ""respect_breaks"": 0, ""respect_rated"": false, ""respect_resolved"": 0, ""respect_score"": null, ""respect_sweeps"": 0, ""retest_age_bars"": 1, ""sessions"": [""london_ny_overlap"", ""london"", ""newyork""], ""signal_bar_ts"": 1722942000, ""touches"": 1}",GBPUSD,impulse_breakout_retest_v2:short,stress
impulse_breakout_retest_v2,impulse_breakout_retest_v2:GBPUSD:short:1723053600:sloped:1.2695836,short,1723060800,1723060800,1723086000,market_next_open,1.268847309390625,1.2699050656575213,1.2667317968568323,1.2699050656575213,SL,1,0.07453827329786168,0.0008336355833108874,0.2916666666666667,-1.0,1.2175,2.0124999999999997,constant_spread_bid_ask,0.146047,-1.146047,0.84588,-1.253114,1.2696524370860927,sloped,impulse_then_later_retest,"{""atr"": 0.0015789285714285426, ""break_distance_atr"": 0.7369487290490082, ""impulse_body_atr"": 0.6998416647816804, ""impulse_ts"": 1723053600, ""instrument"": ""GBPUSD"", ""r2"": 0.732530093043858, ""respect_rated"": false, ""retest_age_bars"": 1, ""sessions"": [""newyork""], ""signal_bar_ts"": 1723057200, ""touches"": 4}",GBPUSD,impulse_breakout_retest_v2:short,stress
impulse_breakout_retest_v2,impulse_breakout_retest_v2:EURUSD:short:1742475600:range_edge:1.083105,short,1742482800,1742482800,1742482800,market_next_open,1.0828647176875001,1.083865,1.0808641530625003,1.083865,SL,1,0.0472348129858628,0.0009237370986064406,0.0,-1.0,1.2,1.575,constant_spread_bid_ask,0.129907,-1.129907,0.43436,-2.155113,1.083105,range_edge,impulse_then_later_retest,"{""atr"": 0.0016996428571428896, ""break_distance_atr"": 0.3177138054212921, ""impulse_body_atr"": 0.47657070813193814, ""impulse_ts"": 1742475600, ""instrument"": ""EURUSD"", ""r2"": null, ""respect_bounces"": 1, ""respect_breaks"": 0, ""respect_rated"": false, ""respect_resolved"": 1, ""respect_score"": 1.0, ""respect_sweeps"": 0, ""retest_age_bars"": 1, ""sessions"": [""london_ny_overlap"", ""london"", ""newyork""], ""signal_bar_ts"": 1742479200, ""touches"": 1}",EURUSD,impulse_breakout_retest_v2:short,stress
impulse_breakout_retest_v2,impulse_breakout_retest_v2:EURUSD:short:1743141600:horizontal:1.0788325,short,1743148800,1743148800,1743166800,market_next_open,1.07862005198125,1.079995,1.0758701559437502,1.079995,SL,1,0.14093766365916835,0.0012747287761101572,0.20833333333333334,-1.0,1.2125,1.575,constant_spread_bid_ask,0.095118,-1.095118,1.509352,-2.298364,1.0788324999999999,horizontal,impulse_then_later_retest,"{""atr"": 0.0008510714285714213, ""break_distance_atr"": 0.36718422156938035, ""impulse_body_atr"": 0.6638690725977465, ""impulse_ts"": 1743141600, ""instrument"": ""EURUSD"", ""r2"": null, ""respect_bounces"": 2, ""respect_breaks"": 0, ""respect_rated"": true, ""respect_resolved"": 2, ""respect_score"": 1.0, ""respect_sweeps"": 0, ""retest_age_bars"": 1, ""sessions"": [""london""], ""signal_bar_ts"": 1743145200, ""touches"": 2}",EURUSD,impulse_breakout_retest_v2:short,stress
impulse_breakout_retest_v2,impulse_breakout_retest_v2:GBPUSD:short:1746075600:range_edge:1.3293,short,1746082800,1746082800,1746082800,market_next_open,1.3288062754125,1.330135,1.3261488262375,1.330135,SL,1,0.10829624461787207,0.0009999385253411162,0.0,-1.0,1.2,2.0124999999999997,constant_spread_bid_ask,0.120007,-1.120007,0.897626,-1.544811,1.3293,range_edge,impulse_then_later_retest,"{""atr"": 0.00132714285714286, ""break_distance_atr"": 0.2938643702905519, ""impulse_body_atr"": 0.3466092572658049, ""impulse_ts"": 1746075600, ""instrument"": ""GBPUSD"", ""r2"": null, ""respect_bounces"": 1, ""respect_breaks"": 0, ""respect_rated"": false, ""respect_resolved"": 1, ""respect_score"": 1.0, ""respect_sweeps"": 0, ""retest_age_bars"": 1, ""sessions"": [""london""], ""signal_bar_ts"": 1746079200, ""touches"": 1}",GBPUSD,impulse_breakout_retest_v2:short,stress
impulse_breakout_retest_v2,impulse_breakout_retest_v2:EURUSD:short:1753707600:range_edge:1.164375,short,1753714800,1753714800,1753714800,market_next_open,1.1636333566562498,1.16474,1.1614200699687491,1.1614200699687491,TP,1,0.04640736794724896,0.0009510240810991456,0.0,2.0,1.2,1.575,constant_spread_bid_ask,0.12618,1.87382,2.468675,-0.337328,1.164375,range_edge,impulse_then_later_retest,"{""atr"": 0.002082500000000019, ""break_distance_atr"": 0.5066026410564315, ""impulse_body_atr"": 1.1908763505402236, ""impulse_ts"": 1753707600, ""instrument"": ""EURUSD"", ""r2"": null, ""respect_bounces"": 1, ""respect_breaks"": 0, ""respect_rated"": false, ""respect_resolved"": 1, ""respect_score"": 1.0, ""respect_sweeps"": 0, ""retest_age_bars"": 1, ""sessions"": [""london_ny_overlap"", ""london"", ""newyork""], ""signal_bar_ts"": 1753711200, ""touches"": 1}",EURUSD,impulse_breakout_retest_v2:short,stress
impulse_breakout_retest_v2,impulse_breakout_retest_v2:GBPUSD:short:1761314400:horizontal:1.3305075,short,1761321600,1761321600,1761332400,market_next_open,1.3294862069875,1.330846357142857,1.3267659066767858,1.330846357142857,SL,1,0.0655346433389935,0.0010230645103412143,0.125,-1.0,1.2075,2.0124999999999997,constant_spread_bid_ask,0.118028,-1.118028,0.453996,-1.398927,1.3305075,horizontal,impulse_then_later_retest,"{""atr"": 0.0021178571428571396, ""break_distance_atr"": 0.23018549747047715, ""impulse_body_atr"": 1.7895446880269652, ""impulse_ts"": 1761314400, ""instrument"": ""GBPUSD"", ""r2"": null, ""respect_bounces"": 2, ""respect_breaks"": 0, ""respect_rated"": true, ""respect_resolved"": 3, ""respect_score"": 0.8333, ""respect_sweeps"": 1, ""retest_age_bars"": 1, ""sessions"": [""newyork""], ""signal_bar_ts"": 1761318000, ""touches"": 4}",GBPUSD,impulse_breakout_retest_v2:short,stress
impulse_breakout_retest_v2,impulse_breakout_retest_v2:EURUSD:short:1762246800:horizontal:1.150695,short,1762254000,1762254000,1762257600,market_next_open,1.150309406,1.150995,1.1489382180000003,1.1489382180000003,TP,1,0.08951336771115244,0.0005960083403855088,0.041666666666666664,2.0,1.2025,1.575,constant_spread_bid_ask,0.201759,1.798241,3.674222,-0.512259,1.150695,horizontal,impulse_then_later_retest,"{""atr"": 0.0009003571428571412, ""break_distance_atr"": 0.6497421658072846, ""impulse_body_atr"": 1.4272114240380611, ""impulse_ts"": 1762246800, ""instrument"": ""EURUSD"", ""r2"": null, ""respect_bounces"": 1, ""respect_breaks"": 0, ""respect_rated"": true, ""respect_resolved"": 3, ""respect_score"": 0.6667, ""respect_sweeps"": 2, ""retest_age_bars"": 1, ""sessions"": [""london""], ""signal_bar_ts"": 1762250400, ""touches"": 3}",EURUSD,impulse_breakout_retest_v2:short,stress
impulse_breakout_retest_v2,impulse_breakout_retest_v2:EURUSD:short:1763571600:range_edge:1.15349,short,1763578800,1763578800,1763586000,market_next_open,1.1528992020375,1.153745,1.1512076061124998,1.153745,SL,1,0.0784212070273916,0.0007336269823114598,0.08333333333333333,-1.0,1.205,1.575,constant_spread_bid_ask,0.164252,-1.164252,1.210099,-1.296607,1.15349,range_edge,impulse_then_later_retest,"{""atr"": 0.0014128571428571682, ""break_distance_atr"": 0.12740141557117352, ""impulse_body_atr"": 0.4671385237612839, ""impulse_ts"": 1763571600, ""instrument"": ""EURUSD"", ""r2"": null, ""respect_bounces"": 0, ""respect_breaks"": 0, ""respect_rated"": false, ""respect_resolved"": 0, ""respect_score"": null, ""respect_sweeps"": 0, ""retest_age_bars"": 1, ""sessions"": [""newyork""], ""signal_bar_ts"": 1763575200, ""touches"": 1}",EURUSD,impulse_breakout_retest_v2:short,stress
impulse_breakout_retest_v2,impulse_breakout_retest_v2:USDJPY:short:1769194800:range_edge:156.021,short,1769202000,1769202000,1769378400,market_next_open,155.810228978125,156.10849714285712,155.21369264866075,155.21369264866075,TP_GAP,1,0.009638754734829023,0.0019143041293777758,2.0416666666666665,2.0,1.3225,1.575,constant_spread_bid_ask,0.069085,1.930915,5.274059,-0.249929,156.021,range_edge,impulse_then_later_retest,"{""atr"": 0.5468571428571474, ""break_distance_atr"": 0.23315047021942967, ""impulse_body_atr"": 0.5001306165099461, ""impulse_ts"": 1769194800, ""instrument"": ""USDJPY"", ""r2"": null, ""respect_bounces"": 1, ""respect_breaks"": 0, ""respect_rated"": false, ""respect_resolved"": 1, ""respect_score"": 1.0, ""respect_sweeps"": 0, ""retest_age_bars"": 1, ""sessions"": [""newyork""], ""signal_bar_ts"": 1769198400, ""touches"": 1}",USDJPY,impulse_breakout_retest_v2:short,stress
impulse_breakout_retest_v2,impulse_breakout_retest_v2:EURUSD:short:1770112800:horizontal:1.1788875,short,1770120000,1770120000,1770120000,market_next_open,1.17864217461875,1.179475,1.1769765238562502,1.179475,SL,1,0.0632282379843788,0.0007065973025437917,0.0,-1.0,1.2,1.575,constant_spread_bid_ask,0.169828,-1.169828,0.0,-1.747966,1.1788875,horizontal,impulse_then_later_retest,"{""atr"": 0.0011517857142856944, ""break_distance_atr"": 0.145426356589235, ""impulse_body_atr"": 0.4688372093023206, ""impulse_ts"": 1770112800, ""instrument"": ""EURUSD"", ""r2"": null, ""respect_bounces"": 0, ""respect_breaks"": 0, ""respect_rated"": false, ""respect_resolved"": 1, ""respect_score"": 0.5, ""respect_sweeps"": 1, ""retest_age_bars"": 1, ""sessions"": [""london""], ""signal_bar_ts"": 1770116400, ""touches"": 2}",EURUSD,impulse_breakout_retest_v2:short,stress
impulse_breakout_retest_v2,impulse_breakout_retest_v2:GBPUSD:short:1770300000:range_edge:1.35405,short,1770307200,1770307200,1770307200,market_next_open,1.352688871984375,1.355695,1.346676615953125,1.355695,SL,1,0.04423327201279662,0.0022223351414247293,0.0,-1.0,1.2,2.0124999999999997,constant_spread_bid_ask,0.053997,-1.053997,0.262082,-1.018765,1.35405,range_edge,impulse_then_later_retest,"{""atr"": 0.002851428571428568, ""break_distance_atr"": 0.12800601202403025, ""impulse_body_atr"": 1.6991482965931841, ""impulse_ts"": 1770300000, ""instrument"": ""GBPUSD"", ""r2"": null, ""respect_bounces"": 1, ""respect_breaks"": 0, ""respect_rated"": false, ""respect_resolved"": 1, ""respect_score"": 1.0, ""respect_sweeps"": 0, ""retest_age_bars"": 1, ""sessions"": [""london_ny_overlap"", ""london"", ""newyork""], ""signal_bar_ts"": 1770303600, ""touches"": 1}",GBPUSD,impulse_breakout_retest_v2:short,stress
impulse_breakout_retest_v2,impulse_breakout_retest_v2:GBPUSD:short:1772679600:horizontal:1.3347475,short,1772697600,1772697600,1772701200,market_next_open,1.3340457481374999,1.335775,1.3305872444124998,1.335775,SL,1,0.07348329238592258,0.0012962462980855923,0.041666666666666664,-1.0,1.2025,2.0124999999999997,constant_spread_bid_ask,0.092768,-1.092768,1.374445,-2.182364,1.3347475000000002,horizontal,impulse_then_later_retest,"{""atr"": 0.0017589285714285166, ""break_distance_atr"": 0.3539086294417447, ""impulse_body_atr"": 1.2962436548224094, ""impulse_ts"": 1772679600, ""instrument"": ""GBPUSD"", ""r2"": null, ""respect_bounces"": 1, ""respect_breaks"": 1, ""respect_rated"": true, ""respect_resolved"": 3, ""respect_score"": 0.5, ""respect_sweeps"": 1, ""retest_age_bars"": 4, ""sessions"": [""london""], ""signal_bar_ts"": 1772694000, ""touches"": 2}",GBPUSD,impulse_breakout_retest_v2:short,stress
impulse_breakout_retest_v2,impulse_breakout_retest_v2:EURUSD:short:1772798400:range_edge:1.155885,short,1772805600,1772805600,1772809200,market_next_open,1.155409004375,1.15937,1.1474870131250001,1.15937,SL,1,0.07703862138144774,0.0034282194530261606,0.041666666666666664,-1.0,1.2025,1.575,constant_spread_bid_ask,0.035077,-1.035077,0.18255,-1.002851,1.155885,range_edge,impulse_then_later_retest,"{""atr"": 0.0012460714285714555, ""break_distance_atr"": 0.3129836629407542, ""impulse_body_atr"": 0.613929492691404, ""impulse_ts"": 1772798400, ""instrument"": ""EURUSD"", ""r2"": null, ""respect_bounces"": 1, ""respect_breaks"": 0, ""respect_rated"": false, ""respect_resolved"": 1, ""respect_score"": 1.0, ""respect_sweeps"": 0, ""retest_age_bars"": 1, ""sessions"": [""london_ny_overlap"", ""london"", ""newyork""], ""signal_bar_ts"": 1772802000, ""touches"": 1}",EURUSD,impulse_breakout_retest_v2:short,stress
impulse_breakout_retest_v2,impulse_breakout_retest_v2:EURUSD:short:1775239200:horizontal:1.1516675,short,1775246400,1775246400,1775246400,market_next_open,1.1513593233125001,1.1518047,1.1504685699375004,1.1518047,SL,1,0.09991450437309539,0.0003868268389216007,0.0,-1.0,1.2,1.575,constant_spread_bid_ask,0.310216,-1.310216,0.0,-4.190803,1.1516675,horizontal,impulse_then_later_retest,"{""atr"": 0.0008574999999999555, ""break_distance_atr"": 0.23615160349867742, ""impulse_body_atr"": 0.6530612244899651, ""impulse_ts"": 1775239200, ""instrument"": ""EURUSD"", ""r2"": null, ""respect_bounces"": 1, ""respect_breaks"": 0, ""respect_rated"": true, ""respect_resolved"": 2, ""respect_score"": 0.75, ""respect_sweeps"": 1, ""retest_age_bars"": 1, ""sessions"": [""newyork""], ""signal_bar_ts"": 1775242800, ""touches"": 2}",EURUSD,impulse_breakout_retest_v2:short,stress
sweep_reclaim_bounce_v2,sweep_reclaim_bounce_v2:GBPUSD:long:1723111200:liquidity:1.26702,long,1723114800,1723114800,1723118400,market_next_open,1.2691279706625,1.266515,1.273831317855,1.266515,SL,1,0.07133950534403383,0.0020588709120767305,0.041666666666666664,-1.0,0.651667,1.15,constant_spread_bid_ask,0.031652,-1.031652,0.386148,-1.01639,1.26702,liquidity,bounded_sweep_reclaimed,"{""atr"": 0.0013032142857142906, ""choch_override"": false, ""instrument"": ""GBPUSD"", ""penetration_atr"": 0.3875034255960351, ""r2"": null, ""regime"": ""bear"", ""respect_bounces"": 1, ""respect_breaks"": 0, ""respect_rated"": false, ""respect_resolved"": 1, ""respect_score"": 1.0, ""respect_sweeps"": 0, ""sessions"": [""london""], ""signal_bar_ts"": 1723111200, ""source_event_ts"": 1723111200, ""tide"": ""flat""}",GBPUSD,sweep_reclaim_bounce_v2:long,base
sweep_reclaim_bounce_v2,sweep_reclaim_bounce_v2:EURUSD:long:1723726800:liquidity:1.09519,long,1723730400,1723730400,1723827600,market_next_open,1.096914358925,1.094965,1.1004232049900005,1.1004232049900005,TP,1,0.054828886887774944,0.0017771295535875364,1.125,1.8,0.695,0.9,constant_spread_bid_ask,0.039108,1.760892,2.216669,-0.230179,1.09519,liquidity,bounded_sweep_reclaimed,"{""atr"": 0.0009914285714285479, ""choch_override"": false, ""instrument"": ""EURUSD"", ""penetration_atr"": 0.2269452449569207, ""r2"": null, ""regime"": ""bull"", ""respect_bounces"": 1, ""respect_breaks"": 1, ""respect_rated"": true, ""respect_resolved"": 2, ""respect_score"": 0.5, ""respect_sweeps"": 0, ""sessions"": [""london_ny_overlap"", ""london"", ""newyork""], ""signal_bar_ts"": 1723726800, ""source_event_ts"": 1723726800, ""tide"": ""flat""}",EURUSD,sweep_reclaim_bounce_v2:long,base
sweep_reclaim_bounce_v2,sweep_reclaim_bounce_v2:GBPUSD:long:1723726800:liquidity:1.281005,long,1723730400,1723730400,1723798800,market_next_open,1.2836488055625,1.27988,1.290432655575,1.290432655575,TP,1,0.06233208333320786,0.002936009869808999,0.7916666666666666,1.8,0.681667,1.15,constant_spread_bid_ask,0.023217,1.776783,1.832672,-0.141315,1.281005,liquidity,bounded_sweep_reclaimed,"{""atr"": 0.0012642857142856861, ""choch_override"": false, ""instrument"": ""GBPUSD"", ""penetration_atr"": 0.8898305084746299, ""r2"": null, ""regime"": ""bull"", ""respect_bounces"": 0, ""respect_breaks"": 0, ""respect_rated"": false, ""respect_resolved"": 0, ""respect_score"": null, ""respect_sweeps"": 0, ""sessions"": [""london_ny_overlap"", ""london"", ""newyork""], ""signal_bar_ts"": 1723726800, ""source_event_ts"": 1723726800, ""tide"": ""flat""}",GBPUSD,sweep_reclaim_bounce_v2:long,base
sweep_reclaim_bounce_v2,sweep_reclaim_bounce_v2:EURUSD:long:1726063200:liquidity:1.100345,long,1726066800,1726066800,1726142400,market_next_open,1.101084546575,1.1001810285714284,1.102710878981429,1.102710878981429,TP,1,0.0399190825928947,0.0008205709601339389,0.875,1.8,0.685,0.9,constant_spread_bid_ask,0.083478,1.716522,2.341743,-0.640908,1.100345,liquidity,bounded_sweep_reclaimed,"{""atr"": 0.0013664285714285462, ""choch_override"": false, ""instrument"": ""EURUSD"", ""penetration_atr"": 0.1024568740197247, ""r2"": null, ""regime"": ""range"", ""respect_bounces"": 1, ""respect_breaks"": 0, ""respect_rated"": false, ""respect_resolved"": 1, ""respect_score"": 1.0, ""respect_sweeps"": 0, ""sessions"": [""london_ny_overlap"", ""london"", ""newyork""], ""signal_bar_ts"": 1726063200, ""source_event_ts"": 1726063200, ""tide"": ""down""}",EURUSD,sweep_reclaim_bounce_v2:long,base
sweep_reclaim_bounce_v2,sweep_reclaim_bounce_v2:EURUSD:long:1731394800:liquidity:1.062865,long,1731398400,1731398400,1731398400,market_next_open,1.063252844225,1.062145,1.0652469638300002,1.062145,SL,1,0.05289410493827816,0.0010419386423627215,0.0,-1.0,0.65,0.9,constant_spread_bid_ask,0.062384,-1.062384,0.112201,-1.431267,1.062865,liquidity,bounded_sweep_reclaimed,"{""atr"": 0.0008099999999999932, ""choch_override"": false, ""instrument"": ""EURUSD"", ""penetration_atr"": 0.8888888888889629, ""r2"": null, ""regime"": ""bear"", ""respect_bounces"": 1, ""respect_breaks"": 0, ""respect_rated"": false, ""respect_resolved"": 1, ""respect_score"": 1.0, ""respect_sweeps"": 0, ""sessions"": [""london""], ""signal_bar_ts"": 1731394800, ""source_event_ts"": 1731394800, ""tide"": ""flat""}",EURUSD,sweep_reclaim_bounce_v2:long,base
sweep_reclaim_bounce_v2,sweep_reclaim_bounce_v2:EURUSD:long:1731427200:failed_break,long,1731445200,1731445200,1731484800,market_next_open,1.0622778003500002,1.0600303,1.0663233009800006,1.0600303,SL,1,0.0384702003644554,0.0021157369091773363,0.4583333333333333,-1.0,0.668333,0.9,constant_spread_bid_ask,0.031589,-1.031589,0.277805,-1.328352,1.060195,failed_break,bounded_sweep_reclaimed,"{""atr"": 0.0013724999999999987, ""choch_override"": false, ""instrument"": ""EURUSD"", ""penetration_atr"": 0.4918032786885113, ""r2"": null, ""regime"": ""bear"", ""respect_bounces"": 0, ""respect_breaks"": 0, ""respect_rated"": false, ""respect_resolved"": 1, ""respect_score"": 0.5, ""respect_sweeps"": 1, ""sessions"": [""newyork""], ""signal_bar_ts"": 1731441600, ""source_event_ts"": 1731427200, ""tide"": ""flat""}",EURUSD,sweep_reclaim_bounce_v2:long,base
sweep_reclaim_bounce_v2,sweep_reclaim_bounce_v2:EURUSD:long:1732118400:liquidity:1.051595,long,1732122000,1732122000,1732143600,market_next_open,1.05205734045,1.050685,1.0545275532599998,1.0545275532599998,TP,1,0.02787520808845234,0.0013044350314716708,0.25,1.8,0.66,0.9,constant_spread_bid_ask,0.050597,1.749403,1.814566,-0.353166,1.051595,liquidity,bounded_sweep_reclaimed,"{""atr"": 0.001518928571428562, ""choch_override"": false, ""instrument"": ""EURUSD"", ""penetration_atr"": 0.5991065130495936, ""r2"": null, ""regime"": ""range"", ""respect_bounces"": 1, ""respect_breaks"": 1, ""respect_rated"": true, ""respect_resolved"": 4, ""respect_score"": 0.5, ""respect_sweeps"": 2, ""sessions"": [""newyork""], ""signal_bar_ts"": 1732118400, ""source_event_ts"": 1732118400, ""tide"": ""down""}",EURUSD,sweep_reclaim_bounce_v2:long,base
sweep_reclaim_bounce_v2,sweep_reclaim_bounce_v2:GBPUSD:long:1733302800:liquidity:1.26368,long,1733306400,1733306400,1733407200,market_next_open,1.2677428910250002,1.263015,1.2762530948700004,1.2762530948700004,TP,1,0.047639770642269694,0.003729376877970533,1.1666666666666667,1.8,0.696667,1.15,constant_spread_bid_ask,0.018681,1.781319,1.96254,-0.36606,1.26368,liquidity,bounded_sweep_reclaimed,"{""atr"": 0.0016349999999999737, ""choch_override"": false, ""instrument"": ""GBPUSD"", ""penetration_atr"": 0.40672782874613234, ""r2"": null, ""regime"": ""range"", ""respect_bounces"": 5, ""respect_breaks"": 3, ""respect_rated"": true, ""respect_resolved"": 8, ""respect_score"": 0.625, ""respect_sweeps"": 0, ""sessions"": [""london""], ""signal_bar_ts"": 1733302800, ""source_event_ts"": 1733302800, ""tide"": ""flat""}",GBPUSD,sweep_reclaim_bounce_v2:long,base
sweep_reclaim_bounce_v2,sweep_reclaim_bounce_v2:EURUSD:long:1733320800:liquidity:1.04793,long,1733324400,1733324400,1733324400,market_next_open,1.049622230875,1.04724,1.0539102464500003,1.0539102464500003,TP,1,0.07246378361208947,0.00226960786931333,0.0,1.8,0.65,0.9,constant_spread_bid_ask,0.028639,1.771361,1.989866,-0.039653,1.04793,liquidity,bounded_sweep_reclaimed,"{""atr"": 0.0016867857142856943, ""choch_override"": false, ""instrument"": ""EURUSD"", ""penetration_atr"": 0.40906203684104286, ""r2"": null, ""regime"": ""range"", ""respect_bounces"": 3, ""respect_breaks"": 3, ""respect_rated"": true, ""respect_resolved"": 10, ""respect_score"": 0.5, ""respect_sweeps"": 4, ""sessions"": [""london_ny_overlap"", ""london"", ""newyork""], ""signal_bar_ts"": 1733320800, ""source_event_ts"": 1733320800, ""tide"": ""down""}",EURUSD,sweep_reclaim_bounce_v2:long,base
sweep_reclaim_bounce_v2,sweep_reclaim_bounce_v2:GBPUSD:long:1733720400:failed_break,long,1733731200,1733731200,1733911200,market_next_open,1.2763533861,1.2719915428571429,1.284204703937143,1.2719915428571429,SL,1,0.07947369299941434,0.0034174259968746713,2.0833333333333335,-1.0,0.733333,1.15,constant_spread_bid_ask,0.021459,-1.021459,0.795081,-1.168425,1.272125,failed_break,bounded_sweep_reclaimed,"{""atr"": 0.0011121428571428155, ""choch_override"": true, ""instrument"": ""GBPUSD"", ""penetration_atr"": 0.37764932562609693, ""r2"": null, ""regime"": ""range"", ""respect_bounces"": 1, ""respect_breaks"": 1, ""respect_rated"": true, ""respect_resolved"": 4, ""respect_score"": 0.5, ""respect_sweeps"": 2, ""sessions"": [""london""], ""signal_bar_ts"": 1733727600, ""source_event_ts"": 1733720400, ""tide"": ""flat""}",GBPUSD,sweep_reclaim_bounce_v2:long,base
sweep_reclaim_bounce_v2,sweep_reclaim_bounce_v2:EURUSD:long:1733716800:failed_break,long,1733734800,1733734800,1733821200,market_next_open,1.056792553525,1.0535342285714286,1.0626575384414285,1.0535342285714286,SL,1,0.037610438762568046,0.0030832209620544862,1.0,-1.0,0.69,0.9,constant_spread_bid_ask,0.022379,-1.022379,0.79942,-1.388722,1.05367,failed_break,bounded_sweep_reclaimed,"{""atr"": 0.0011314285714285452, ""choch_override"": false, ""instrument"": ""EURUSD"", ""penetration_atr"": 0.4065656565657782, ""r2"": null, ""regime"": ""range"", ""respect_bounces"": 0, ""respect_breaks"": 1, ""respect_rated"": true, ""respect_resolved"": 4, ""respect_score"": 0.375, ""respect_sweeps"": 3, ""sessions"": [""london""], ""signal_bar_ts"": 1733731200, ""source_event_ts"": 1733716800, ""tide"": ""flat""}",EURUSD,sweep_reclaim_bounce_v2:long,base
sweep_reclaim_bounce_v2,sweep_reclaim_bounce_v2:EURUSD:long:1733832000:liquidity:1.052315,long,1733835600,1733835600,1733835600,market_next_open,1.0531273886,1.05204,1.0550846880800002,1.05204,SL,1,0.05654898997699704,0.0010325328272447292,0.0,-1.0,0.65,0.9,constant_spread_bid_ask,0.062952,-1.062952,0.018593,-1.457354,1.052315,liquidity,bounded_sweep_reclaimed,"{""atr"": 0.0009264285714285979, ""choch_override"": false, ""instrument"": ""EURUSD"", ""penetration_atr"": 0.2968388589049448, ""r2"": null, ""regime"": ""bear"", ""respect_bounces"": 3, ""respect_breaks"": 2, ""respect_rated"": true, ""respect_resolved"": 6, ""respect_score"": 0.5833, ""respect_sweeps"": 1, ""sessions"": [""london_ny_overlap"", ""london"", ""newyork""], ""signal_bar_ts"": 1733832000, ""source_event_ts"": 1733832000, ""tide"": ""flat""}",EURUSD,sweep_reclaim_bounce_v2:long,base
sweep_reclaim_bounce_v2,sweep_reclaim_bounce_v2:GBPUSD:long:1734102000:failed_break,long,1734109200,1734109200,1734300000,market_next_open,1.262722602375,1.26123,1.26540928665,1.26123,SL,1,0.047019038422454945,0.0011820508892392983,2.2083333333333335,-1.0,0.738333,1.15,constant_spread_bid_ask,0.062462,-1.062462,0.103697,-1.092132,1.261875,failed_break,bounded_sweep_reclaimed,"{""atr"": 0.0017567857142856771, ""choch_override"": false, ""instrument"": ""GBPUSD"", ""penetration_atr"": 0.5976824557837059, ""r2"": null, ""regime"": ""bear"", ""respect_bounces"": 1, ""respect_breaks"": 0, ""respect_rated"": true, ""respect_resolved"": 2, ""respect_score"": 0.75, ""respect_sweeps"": 1, ""sessions"": [""newyork""], ""signal_bar_ts"": 1734105600, ""source_event_ts"": 1734102000, ""tide"": ""flat""}",GBPUSD,sweep_reclaim_bounce_v2:long,base
sweep_reclaim_bounce_v2,sweep_reclaim_bounce_v2:GBPUSD:long:1739984400:liquidity:1.25695,long,1739988000,1739988000,1740009600,market_next_open,1.2573672944625,1.256345,1.259207424495,1.259207424495,TP,1,0.0571988700753423,0.0008130436245655876,0.25,1.8,0.66,1.15,constant_spread_bid_ask,0.081176,1.718824,1.839289,-0.777224,1.25695,liquidity,bounded_sweep_reclaimed,"{""atr"": 0.0016135714285714364, ""choch_override"": false, ""instrument"": ""GBPUSD"", ""penetration_atr"": 0.3749446657812967, ""r2"": null, ""regime"": ""range"", ""respect_bounces"": 1, ""respect_breaks"": 0, ""respect_rated"": false, ""respect_resolved"": 1, ""respect_score"": 1.0, ""respect_sweeps"": 0, ""sessions"": [""newyork""], ""signal_bar_ts"": 1739984400, ""source_event_ts"": 1739984400, ""tide"": ""flat""}",GBPUSD,sweep_reclaim_bounce_v2:long,base
sweep_reclaim_bounce_v2,sweep_reclaim_bounce_v2:GBPUSD:long:1740409200:failed_break,long,1740416400,1740416400,1740430800,market_next_open,1.2639776745375002,1.26177,1.2679514887050005,1.26177,SL,1,0.03983725626476505,0.0017466088064474355,0.16666666666666666,-1.0,0.656667,1.15,constant_spread_bid_ask,0.037597,-1.037597,0.466366,-1.014746,1.26251,failed_break,bounded_sweep_reclaimed,"{""atr"": 0.0018242857142857227, ""choch_override"": false, ""instrument"": ""GBPUSD"", ""penetration_atr"": 0.715348472983613, ""r2"": null, ""regime"": ""high_vol"", ""respect_bounces"": 2, ""respect_breaks"": 2, ""respect_rated"": true, ""respect_resolved"": 4, ""respect_score"": 0.5, ""respect_sweeps"": 0, ""sessions"": [""newyork""], ""signal_bar_ts"": 1740412800, ""source_event_ts"": 1740409200, ""tide"": ""flat""}",GBPUSD,sweep_reclaim_bounce_v2:long,base
sweep_reclaim_bounce_v2,sweep_reclaim_bounce_v2:EURUSD:long:1740628800:failed_break,long,1740646800,1740646800,1740661200,market_next_open,1.0479021534750002,1.0463699714285715,1.0506600811585718,1.0463699714285715,SL,1,0.05440750000021398,0.0014621422824141954,0.16666666666666666,-1.0,0.656667,0.9,constant_spread_bid_ask,0.044911,-1.044911,0.666137,-3.925148,1.046485,failed_break,bounded_sweep_reclaimed,"{""atr"": 0.0009585714285714277, ""choch_override"": false, ""instrument"": ""EURUSD"", ""penetration_atr"": 0.5894187779435238, ""r2"": null, ""regime"": ""range"", ""respect_bounces"": 1, ""respect_breaks"": 1, ""respect_rated"": true, ""respect_resolved"": 9, ""respect_score"": 0.5, ""respect_sweeps"": 7, ""sessions"": [""london""], ""signal_bar_ts"": 1740643200, ""source_event_ts"": 1740628800, ""tide"": ""flat""}",EURUSD,sweep_reclaim_bounce_v2:long,base
sweep_reclaim_bounce_v2,sweep_reclaim_bounce_v2:EURUSD:long:1740672000:liquidity:1.04096,long,1740675600,1740675600,1740675600,market_next_open,1.0414268621,1.04033,1.0434012138800002,1.04033,SL,1,0.03255186729437783,0.0010532300826082562,0.0,-1.0,0.65,0.9,constant_spread_bid_ask,0.061715,-1.061715,0.315679,-1.307059,1.04096,liquidity,bounded_sweep_reclaimed,"{""atr"": 0.0015932142857142553, ""choch_override"": false, ""instrument"": ""EURUSD"", ""penetration_atr"": 0.39542703429733217, ""r2"": null, ""regime"": ""high_vol"", ""respect_bounces"": 0, ""respect_breaks"": 0, ""respect_rated"": true, ""respect_resolved"": 2, ""respect_score"": 0.5, ""respect_sweeps"": 2, ""sessions"": [""newyork""], ""signal_bar_ts"": 1740672000, ""source_event_ts"": 1740672000, ""tide"": ""flat""}",EURUSD,sweep_reclaim_bounce_v2:long,base
sweep_reclaim_bounce_v2,sweep_reclaim_bounce_v2:GBPUSD:long:1740672000:liquidity:1.262215,long,1740675600,1740675600,1740675600,market_next_open,1.2627676049624998,1.26158,1.2649052938949996,1.26158,SL,1,0.04723780326071999,0.0009404778502654017,0.0,-1.0,0.65,1.15,constant_spread_bid_ask,0.069114,-1.069114,0.113484,-1.621,1.262215,liquidity,bounded_sweep_reclaimed,"{""atr"": 0.001642857142857168, ""choch_override"": false, ""instrument"": ""GBPUSD"", ""penetration_atr"": 0.3865217391305282, ""r2"": null, ""regime"": ""range"", ""respect_bounces"": 4, ""respect_breaks"": 2, ""respect_rated"": true, ""respect_resolved"": 8, ""respect_score"": 0.625, ""respect_sweeps"": 2, ""sessions"": [""newyork""], ""signal_bar_ts"": 1740672000, ""source_event_ts"": 1740672000, ""tide"": ""flat""}",GBPUSD,sweep_reclaim_bounce_v2:long,base
sweep_reclaim_bounce_v2,sweep_reclaim_bounce_v2:GBPUSD:long:1740722400:failed_break,long,1740733200,1740733200,1740758400,market_next_open,1.2601174525875,1.2580527857142858,1.2638338529592859,1.2580527857142858,SL,1,0.09574010043673328,0.001638471770210567,0.2916666666666667,-1.0,0.661667,1.15,constant_spread_bid_ask,0.040383,-1.040383,0.963822,-1.026699,1.2582,failed_break,bounded_sweep_reclaimed,"{""atr"": 0.0012267857142857417, ""choch_override"": false, ""instrument"": ""GBPUSD"", ""penetration_atr"": 0.7295487627365929, ""r2"": null, ""regime"": ""bear"", ""respect_bounces"": 4, ""respect_breaks"": 1, ""respect_rated"": true, ""respect_resolved"": 6, ""respect_score"": 0.75, ""respect_sweeps"": 1, ""sessions"": [""london""], ""signal_bar_ts"": 1740729600, ""source_event_ts"": 1740722400, ""tide"": ""flat""}",GBPUSD,sweep_reclaim_bounce_v2:long,base
sweep_reclaim_bounce_v2,sweep_reclaim_bounce_v2:EURUSD:long:1741870800:liquidity:1.082625,long,1741874400,1741874400,1741946400,market_next_open,1.084773812625,1.08226,1.0892986753499998,1.0892986753499998,TP,1,0.013271367436217436,0.0023173610901583916,0.8333333333333334,1.8,0.683333,0.9,constant_spread_bid_ask,0.029488,1.770512,2.566651,-0.697168,1.082625,liquidity,bounded_sweep_reclaimed,"{""atr"": 0.0017942857142857166, ""choch_override"": false, ""instrument"": ""EURUSD"", ""penetration_atr"": 0.20342356687895205, ""r2"": null, ""regime"": ""range"", ""respect_bounces"": 3, ""respect_breaks"": 1, ""respect_rated"": true, ""respect_resolved"": 4, ""respect_score"": 0.75, ""respect_sweeps"": 0, ""sessions"": [""london_ny_overlap"", ""london"", ""newyork""], ""signal_bar_ts"": 1741870800, ""source_event_ts"": 1741870800, ""tide"": ""flat""}",EURUSD,sweep_reclaim_bounce_v2:long,base
sweep_reclaim_bounce_v2,sweep_reclaim_bounce_v2:EURUSD:long:1742403600:failed_break,long,1742410800,1742410800,1742454000,market_next_open,1.0908090842,1.086525,1.09852043576,1.086525,SL,1,0.011200117375856106,0.003927437222565842,0.5,-1.0,0.67,0.9,constant_spread_bid_ask,0.017059,-1.017059,0.205829,-1.019582,1.087335,failed_break,bounded_sweep_reclaimed,"{""atr"": 0.0017039285714285526, ""choch_override"": false, ""instrument"": ""EURUSD"", ""penetration_atr"": 0.748270802766674, ""r2"": null, ""regime"": ""range"", ""respect_bounces"": 4, ""respect_breaks"": 3, ""respect_rated"": true, ""respect_resolved"": 7, ""respect_score"": 0.5714, ""respect_sweeps"": 0, ""sessions"": [""newyork""], ""signal_bar_ts"": 1742407200, ""source_event_ts"": 1742403600, ""tide"": ""flat""}",EURUSD,sweep_reclaim_bounce_v2:long,base
sweep_reclaim_bounce_v2,sweep_reclaim_bounce_v2:EURUSD:long:1742464800:liquidity:1.08384,long,1742468400,1742468400,1742472000,market_next_open,1.084633806325,1.083345,1.08695365771,1.083345,SL,1,0.033204577693645404,0.0011882409689652248,0.041666666666666664,-1.0,0.651667,0.9,constant_spread_bid_ask,0.054843,-1.054843,0.711776,-1.224037,1.08384,liquidity,bounded_sweep_reclaimed,"{""atr"": 0.001319285714285745, ""choch_override"": false, ""instrument"": ""EURUSD"", ""penetration_atr"": 0.37520303194361715, ""r2"": null, ""regime"": ""bear"", ""respect_bounces"": 2, ""respect_breaks"": 1, ""respect_rated"": true, ""respect_resolved"": 8, ""respect_score"": 0.5625, ""respect_sweeps"": 5, ""sessions"": [""london""], ""signal_bar_ts"": 1742464800, ""source_event_ts"": 1742464800, ""tide"": ""flat""}",EURUSD,sweep_reclaim_bounce_v2:long,base
sweep_reclaim_bounce_v2,sweep_reclaim_bounce_v2:EURUSD:long:1742889600:liquidity:1.07817,long,1742893200,1742893200,1742896800,market_next_open,1.0790935570250002,1.0777,1.0816019596700004,1.0816019596700004,TP,1,0.0449703797936553,0.0012914144616358017,0.041666666666666664,1.8,0.651667,0.9,constant_spread_bid_ask,0.050461,1.749539,2.377178,-0.274191,1.07817,liquidity,bounded_sweep_reclaimed,"{""atr"": 0.0009685714285714297, ""choch_override"": false, ""instrument"": ""EURUSD"", ""penetration_atr"": 0.4852507374630957, ""r2"": null, ""regime"": ""bear"", ""respect_bounces"": 1, ""respect_breaks"": 0, ""respect_rated"": false, ""respect_resolved"": 1, ""respect_score"": 1.0, ""respect_sweeps"": 0, ""sessions"": [""london""], ""signal_bar_ts"": 1742889600, ""source_event_ts"": 1742889600, ""tide"": ""flat""}",EURUSD,sweep_reclaim_bounce_v2:long,base
sweep_reclaim_bounce_v2,sweep_reclaim_bounce_v2:GBPUSD:long:1743415200:liquidity:1.292245,long,1743418800,1743418800,1743429600,market_next_open,1.2939143958000001,1.29183,1.2976663082400002,1.29183,SL,1,0.04177549359467209,0.0016109224897458108,0.125,-1.0,0.655,1.15,constant_spread_bid_ask,0.04066,-1.04066,0.945639,-1.772018,1.292245,liquidity,bounded_sweep_reclaimed,"{""atr"": 0.0014217857142857187, ""choch_override"": false, ""instrument"": ""GBPUSD"", ""penetration_atr"": 0.2918864606883065, ""r2"": null, ""regime"": ""range"", ""respect_bounces"": 4, ""respect_breaks"": 4, ""respect_rated"": true, ""respect_resolved"": 10, ""respect_score"": 0.5, ""respect_sweeps"": 2, ""sessions"": [""london""], ""signal_bar_ts"": 1743415200, ""source_event_ts"": 1743415200, ""tide"": ""flat""}",GBPUSD,sweep_reclaim_bounce_v2:long,base
sweep_reclaim_bounce_v2,sweep_reclaim_bounce_v2:GBPUSD:long:1743757200:liquidity:1.2973,long,1743760800,1743760800,1743768000,market_next_open,1.2988996824374999,1.29623,1.3037051108249997,1.3037051108249997,TP,1,0.025711360732501482,0.0020553415122020677,0.08333333333333333,1.8,0.653333,1.15,constant_spread_bid_ask,0.031787,1.768213,2.316856,-0.488559,1.2973,liquidity,bounded_sweep_reclaimed,"{""atr"": 0.002515714285714304, ""choch_override"": false, ""instrument"": ""GBPUSD"", ""penetration_atr"": 0.42532651902324115, ""r2"": null, ""regime"": ""bull"", ""respect_bounces"": 1, ""respect_breaks"": 0, ""respect_rated"": false, ""respect_resolved"": 1, ""respect_score"": 1.0, ""respect_sweeps"": 0, ""sessions"": [""london""], ""signal_bar_ts"": 1743757200, ""source_event_ts"": 1743757200, ""tide"": ""flat""}",GBPUSD,sweep_reclaim_bounce_v2:long,base
sweep_reclaim_bounce_v2,sweep_reclaim_bounce_v2:GBPUSD:long:1746082800:liquidity:1.327895,long,1746086400,1746086400,1746111600,market_next_open,1.3306565083500002,1.32748,1.3363742233800004,1.32748,SL,1,0.049553853113519,0.002387173797345341,0.2916666666666667,-1.0,0.661667,1.15,constant_spread_bid_ask,0.027718,-1.027718,1.201557,-1.335675,1.327895,liquidity,bounded_sweep_reclaimed,"{""atr"": 0.0013421428571428631, ""choch_override"": false, ""instrument"": ""GBPUSD"", ""penetration_atr"": 0.30920702501334396, ""r2"": null, ""regime"": ""bear"", ""respect_bounces"": 3, ""respect_breaks"": 3, ""respect_rated"": true, ""respect_resolved"": 8, ""respect_score"": 0.5, ""respect_sweeps"": 2, ""sessions"": [""london""], ""signal_bar_ts"": 1746082800, ""source_event_ts"": 1746082800, ""tide"": ""flat""}",GBPUSD,sweep_reclaim_bounce_v2:long,base
sweep_reclaim_bounce_v2,sweep_reclaim_bounce_v2:EURUSD:long:1746687600:liquidity:1.127685,long,1746691200,1746691200,1746716400,market_next_open,1.1297908383000002,1.12704,1.1347423472400004,1.12704,SL,1,0.027521077275236828,0.0024348208595312286,0.2916666666666667,-1.0,0.661667,0.9,constant_spread_bid_ask,0.027175,-1.027175,0.795474,-2.321617,1.127685,liquidity,bounded_sweep_reclaimed,"{""atr"": 0.0020289285714285726, ""choch_override"": false, ""instrument"": ""EURUSD"", ""penetration_atr"": 0.31790177785601437, ""r2"": null, ""regime"": ""range"", ""respect_bounces"": 2, ""respect_breaks"": 0, ""respect_rated"": true, ""respect_resolved"": 3, ""respect_score"": 0.8333, ""respect_sweeps"": 1, ""sessions"": [""london""], ""signal_bar_ts"": 1746687600, ""source_event_ts"": 1746687600, ""tide"": ""flat""}",EURUSD,sweep_reclaim_bounce_v2:long,base
sweep_reclaim_bounce_v2,sweep_reclaim_bounce_v2:EURUSD:long:1747411200:liquidity:1.114015,long,1747414800,1747414800,1747602000,market_next_open,1.1145501525000001,1.113115,1.1171334270000002,1.1171334270000002,TP_GAP,1,0.035386571952401316,0.0012876517909767512,2.1666666666666665,1.8,0.736667,0.9,constant_spread_bid_ask,0.05721,1.74279,2.699724,-0.449625,1.114015,liquidity,bounded_sweep_reclaimed,"{""atr"": 0.001558571428571425, ""choch_override"": false, ""instrument"": ""EURUSD"", ""penetration_atr"": 0.5774518790100203, ""r2"": null, ""regime"": ""range"", ""respect_bounces"": 0, ""respect_breaks"": 1, ""respect_rated"": false, ""respect_resolved"": 1, ""respect_score"": 0.0, ""respect_sweeps"": 0, ""sessions"": [""newyork""], ""signal_bar_ts"": 1747411200, ""source_event_ts"": 1747411200, ""tide"": ""down""}",EURUSD,sweep_reclaim_bounce_v2:long,base
sweep_reclaim_bounce_v2,sweep_reclaim_bounce_v2:EURUSD:long:1747926000:liquidity:1.127495,long,1747929600,1747929600,1747933200,market_next_open,1.128085761575,1.12659,1.13077813241,1.12659,SL,1,0.015323325031096532,0.0013259289550039514,0.041666666666666664,-1.0,0.651667,0.9,constant_spread_bid_ask,0.049148,-1.049148,0.440206,-1.695734,1.127495,liquidity,bounded_sweep_reclaimed,"{""atr"": 0.002007500000000035, ""choch_override"": false, ""instrument"": ""EURUSD"", ""penetration_atr"": 0.45080946450805376, ""r2"": null, ""regime"": ""high_vol"", ""respect_bounces"": 0, ""respect_breaks"": 1, ""respect_rated"": false, ""respect_resolved"": 1, ""respect_score"": 0.0, ""respect_sweeps"": 0, ""sessions"": [""newyork""], ""signal_bar_ts"": 1747926000, ""source_event_ts"": 1747926000, ""tide"": ""flat""}",EURUSD,sweep_reclaim_bounce_v2:long,base
sweep_reclaim_bounce_v2,sweep_reclaim_bounce_v2:GBPUSD:long:1748437200:liquidity:1.346135,long,1748440800,1748440800,1748473200,market_next_open,1.3467424332375,1.344975,1.349923813065,1.344975,SL,1,0.04133980126372777,0.0013123765865542159,0.375,-1.0,0.665,1.15,constant_spread_bid_ask,0.050671,-1.050671,1.196652,-2.992798,1.346135,liquidity,bounded_sweep_reclaimed,"{""atr"": 0.0017521428571428846, ""choch_override"": false, ""instrument"": ""GBPUSD"", ""penetration_atr"": 0.6620464737056846, ""r2"": null, ""regime"": ""bear"", ""respect_bounces"": 1, ""respect_breaks"": 0, ""respect_rated"": false, ""respect_resolved"": 1, ""respect_score"": 1.0, ""respect_sweeps"": 0, ""sessions"": [""london_ny_overlap"", ""london"", ""newyork""], ""signal_bar_ts"": 1748437200, ""source_event_ts"": 1748437200, ""tide"": ""flat""}",GBPUSD,sweep_reclaim_bounce_v2:long,base
sweep_reclaim_bounce_v2,sweep_reclaim_bounce_v2:EURUSD:long:1749013200:failed_break,long,1749020400,1749020400,1749045600,market_next_open,1.1378412005500003,1.135745,1.1416143615400007,1.1416143615400007,TP,1,0.0393794642316738,0.0018422610720960147,0.2916666666666667,1.8,0.661667,0.9,constant_spread_bid_ask,0.035916,1.764084,2.651151,-0.189575,1.136415,failed_break,bounded_sweep_reclaimed,"{""atr"": 0.0011732142857142952, ""choch_override"": false, ""instrument"": ""EURUSD"", ""penetration_atr"": 0.5923896499237981, ""r2"": null, ""regime"": ""range"", ""respect_bounces"": 3, ""respect_breaks"": 2, ""respect_rated"": true, ""respect_resolved"": 6, ""respect_score"": 0.5833, ""respect_sweeps"": 1, ""sessions"": [""london""], ""signal_bar_ts"": 1749016800, ""source_event_ts"": 1749013200, ""tide"": ""flat""}",EURUSD,sweep_reclaim_bounce_v2:long,base
sweep_reclaim_bounce_v2,sweep_reclaim_bounce_v2:GBPUSD:long:1752670800:failed_break,long,1752678000,1752678000,1752678000,market_next_open,1.3393120060125001,1.33666,1.3440856168350004,1.3440856168350004,TP,1,0.038191120765544415,0.001980125617178556,0.0,1.8,0.65,1.15,constant_spread_bid_ask,0.032826,1.767174,3.482439,-0.058074,1.337895,failed_break,bounded_sweep_reclaimed,"{""atr"": 0.0016235714285714545, ""choch_override"": false, ""instrument"": ""GBPUSD"", ""penetration_atr"": 0.8499780026397675, ""r2"": null, ""regime"": ""bear"", ""respect_bounces"": 1, ""respect_breaks"": 0, ""respect_rated"": false, ""respect_resolved"": 1, ""respect_score"": 1.0, ""respect_sweeps"": 0, ""sessions"": [""london_ny_overlap"", ""london"", ""newyork""], ""signal_bar_ts"": 1752674400, ""source_event_ts"": 1752670800, ""tide"": ""flat""}",GBPUSD,sweep_reclaim_bounce_v2:long,base
sweep_reclaim_bounce_v2,sweep_reclaim_bounce_v2:EURUSD:long:1753794000:liquidity:1.152495,long,1753797600,1753797600,1753876800,market_next_open,1.154676958125,1.15191,1.1596574827500001,1.15191,SL,1,0.023656486146094002,0.0023963049626391816,0.9166666666666666,-1.0,0.686667,0.9,constant_spread_bid_ask,0.028655,-1.028655,0.912903,-2.823884,1.152495,liquidity,bounded_sweep_reclaimed,"{""atr"": 0.001984999999999983, ""choch_override"": false, ""instrument"": ""EURUSD"", ""penetration_atr"": 0.294710327455951, ""r2"": null, ""regime"": ""high_vol"", ""respect_bounces"": 1, ""respect_breaks"": 0, ""respect_rated"": false, ""respect_resolved"": 1, ""respect_score"": 1.0, ""respect_sweeps"": 0, ""sessions"": [""london_ny_overlap"", ""london"", ""newyork""], ""signal_bar_ts"": 1753794000, ""source_event_ts"": 1753794000, ""tide"": ""flat""}",EURUSD,sweep_reclaim_bounce_v2:long,base
sweep_reclaim_bounce_v2,sweep_reclaim_bounce_v2:USDJPY:long:1753855200:failed_break,long,1753862400,1753862400,1753876800,market_next_open,148.0931638925,147.805,148.611858899,148.611858899,TP,1,0.05251096254617028,0.001945828456397699,0.16666666666666666,1.8,0.656667,0.9,constant_spread_bid_ask,0.033747,1.766253,2.729822,-0.844372,147.9435,failed_break,bounded_sweep_reclaimed,"{""atr"": 0.18403571428571702, ""choch_override"": false, ""instrument"": ""USDJPY"", ""penetration_atr"": 0.7525713176789749, ""r2"": null, ""regime"": ""range"", ""respect_bounces"": 2, ""respect_breaks"": 2, ""respect_rated"": true, ""respect_resolved"": 6, ""respect_score"": 0.5, ""respect_sweeps"": 2, ""sessions"": [""london""], ""signal_bar_ts"": 1753858800, ""source_event_ts"": 1753855200, ""tide"": ""flat""}",USDJPY,sweep_reclaim_bounce_v2:long,base
sweep_reclaim_bounce_v2,sweep_reclaim_bounce_v2:USDJPY:long:1754316000:liquidity:146.9575,long,1754319600,1754319600,1754348400,market_next_open,147.23812541750002,146.8665,147.90705116900003,146.8665,SL,1,0.029402445824248995,0.0025239754747369493,0.3333333333333333,-1.0,0.663333,0.9,constant_spread_bid_ask,0.026281,-1.026281,0.299343,-1.476559,146.9575,liquidity,bounded_sweep_reclaimed,"{""atr"": 0.29335714285714076, ""choch_override"": false, ""instrument"": ""USDJPY"", ""penetration_atr"": 0.31020209398590787, ""r2"": null, ""regime"": ""bear"", ""respect_bounces"": 3, ""respect_breaks"": 1, ""respect_rated"": true, ""respect_resolved"": 5, ""respect_score"": 0.7, ""respect_sweeps"": 1, ""sessions"": [""london_ny_overlap"", ""london"", ""newyork""], ""signal_bar_ts"": 1754316000, ""source_event_ts"": 1754316000, ""tide"": ""flat""}",USDJPY,sweep_reclaim_bounce_v2:long,base
sweep_reclaim_bounce_v2,sweep_reclaim_bounce_v2:GBPUSD:long:1755529200:liquidity:1.351315,long,1755532800,1755532800,1755532800,market_next_open,1.3520027356875002,1.35113,1.3535736599250006,1.35113,SL,1,0.046348265171697156,0.000645513255604802,0.0,-1.0,0.65,1.15,constant_spread_bid_ask,0.100695,-1.100695,0.068195,-1.570237,1.351315,liquidity,bounded_sweep_reclaimed,"{""atr"": 0.0013535714285713826, ""choch_override"": false, ""instrument"": ""GBPUSD"", ""penetration_atr"": 0.1366754617415046, ""r2"": null, ""regime"": ""range"", ""respect_bounces"": 0, ""respect_breaks"": 0, ""respect_rated"": false, ""respect_resolved"": 0, ""respect_score"": null, ""respect_sweeps"": 0, ""sessions"": [""newyork""], ""signal_bar_ts"": 1755529200, ""source_event_ts"": 1755529200, ""tide"": ""flat""}",GBPUSD,sweep_reclaim_bounce_v2:long,base
sweep_reclaim_bounce_v2,sweep_reclaim_bounce_v2:GBPUSD:long:1755626400:failed_break,long,1755633600,1755633600,1755648000,market_next_open,1.3490425654875,1.3482,1.350559183365,1.3482,SL,1,0.05217857344633466,0.0006245655319226128,0.16666666666666666,-1.0,0.656667,1.15,constant_spread_bid_ask,0.10514,-1.10514,0.314332,-1.922755,1.348705,failed_break,bounded_sweep_reclaimed,"{""atr"": 0.0013907142857142768, ""choch_override"": false, ""instrument"": ""GBPUSD"", ""penetration_atr"": 0.6651258346174108, ""r2"": null, ""regime"": ""bear"", ""respect_bounces"": 2, ""respect_breaks"": 1, ""respect_rated"": true, ""respect_resolved"": 3, ""respect_score"": 0.6667, ""respect_sweeps"": 0, ""sessions"": [""newyork""], ""signal_bar_ts"": 1755630000, ""source_event_ts"": 1755626400, ""tide"": ""flat""}",GBPUSD,sweep_reclaim_bounce_v2:long,base
sweep_reclaim_bounce_v2,sweep_reclaim_bounce_v2:GBPUSD:long:1756191600:liquidity:1.34457,long,1756195200,1756195200,1756281600,market_next_open,1.3456423699875,1.34348,1.349534635965,1.34348,SL,1,0.053129685556249834,0.0016069425545214178,1.0,-1.0,0.69,1.15,constant_spread_bid_ask,0.042939,-1.042939,1.667173,-1.218384,1.34457,liquidity,bounded_sweep_reclaimed,"{""atr"": 0.0015503571428571489, ""choch_override"": false, ""instrument"": ""GBPUSD"", ""penetration_atr"": 0.7030638101820058, ""r2"": null, ""regime"": ""range"", ""respect_bounces"": 4, ""respect_breaks"": 1, ""respect_rated"": true, ""respect_resolved"": 6, ""respect_score"": 0.75, ""respect_sweeps"": 1, ""sessions"": [""london""], ""signal_bar_ts"": 1756191600, ""source_event_ts"": 1756191600, ""tide"": ""down""}",GBPUSD,sweep_reclaim_bounce_v2:long,base
sweep_reclaim_bounce_v2,sweep_reclaim_bounce_v2:USDJPY:long:1756360800:liquidity:147.0805,long,1756364400,1756364400,1756375200,market_next_open,147.3131287925,147.0,147.87676061900004,147.0,SL,1,0.03402859210799058,0.0021256000403132532,0.125,-1.0,0.655,0.9,constant_spread_bid_ask,0.030815,-1.030815,0.267424,-1.314921,147.0805,liquidity,bounded_sweep_reclaimed,"{""atr"": 0.18010714285714918, ""choch_override"": false, ""instrument"": ""USDJPY"", ""penetration_atr"": 0.44695617687883005, ""r2"": null, ""regime"": ""bear"", ""respect_bounces"": 5, ""respect_breaks"": 3, ""respect_rated"": true, ""respect_resolved"": 10, ""respect_score"": 0.6, ""respect_sweeps"": 2, ""sessions"": [""london""], ""signal_bar_ts"": 1756360800, ""source_event_ts"": 1756360800, ""tide"": ""flat""}",USDJPY,sweep_reclaim_bounce_v2:long,base
sweep_reclaim_bounce_v2,sweep_reclaim_bounce_v2:GBPUSD:long:1756468800:liquidity:1.34507,long,1756472400,1756472400,1756472400,market_next_open,1.3461223975875,1.34465,1.3487727132450005,1.34465,SL,1,0.07394655288477002,0.0010938066182829898,0.0,-1.0,0.65,1.15,constant_spread_bid_ask,0.059425,-1.059425,0.536642,-1.035533,1.34507,liquidity,bounded_sweep_reclaimed,"{""atr"": 0.0011142857142857026, ""choch_override"": false, ""instrument"": ""GBPUSD"", ""penetration_atr"": 0.3769230769231589, ""r2"": null, ""regime"": ""range"", ""respect_bounces"": 2, ""respect_breaks"": 2, ""respect_rated"": true, ""respect_resolved"": 7, ""respect_score"": 0.5, ""respect_sweeps"": 3, ""sessions"": [""london_ny_overlap"", ""london"", ""newyork""], ""signal_bar_ts"": 1756468800, ""source_event_ts"": 1756468800, ""tide"": ""flat""}",GBPUSD,sweep_reclaim_bounce_v2:long,base
sweep_reclaim_bounce_v2,sweep_reclaim_bounce_v2:GBPUSD:long:1756882800:liquidity:1.33402,long,1756886400,1756886400,1756900800,market_next_open,1.3367318576625,1.33334,1.342837201455,1.342837201455,TP,1,0.06323112979263774,0.002537425619848161,0.16666666666666666,1.8,0.656667,1.15,constant_spread_bid_ask,0.025879,1.774121,1.81049,-0.045319,1.33402,liquidity,bounded_sweep_reclaimed,"{""atr"": 0.0011364285714285938, ""choch_override"": false, ""instrument"": ""GBPUSD"", ""penetration_atr"": 0.5983658076681337, ""r2"": null, ""regime"": ""bear"", ""respect_bounces"": 1, ""respect_breaks"": 0, ""respect_rated"": false, ""respect_resolved"": 1, ""respect_score"": 1.0, ""respect_sweeps"": 0, ""sessions"": [""london""], ""signal_bar_ts"": 1756882800, ""source_event_ts"": 1756882800, ""tide"": ""flat""}",GBPUSD,sweep_reclaim_bounce_v2:long,base
sweep_reclaim_bounce_v2,sweep_reclaim_bounce_v2:GBPUSD:long:1757487600:liquidity:1.351485,long,1757491200,1757491200,1757570400,market_next_open,1.3534228173375,1.35131,1.3572258885450001,1.35131,SL,1,0.0874425835704873,0.001561091855726523,0.9166666666666666,-1.0,0.686667,1.15,constant_spread_bid_ask,0.043986,-1.043986,1.424252,-1.1054,1.351485,liquidity,bounded_sweep_reclaimed,"{""atr"": 0.0010042857142856956, ""choch_override"": true, ""instrument"": ""GBPUSD"", ""penetration_atr"": 0.17425320056902935, ""r2"": null, ""regime"": ""range"", ""respect_bounces"": 2, ""respect_breaks"": 3, ""respect_rated"": true, ""respect_resolved"": 5, ""respect_score"": 0.4, ""respect_sweeps"": 0, ""sessions"": [""london""], ""signal_bar_ts"": 1757487600, ""source_event_ts"": 1757487600, ""tide"": ""flat""}",GBPUSD,sweep_reclaim_bounce_v2:long,base
sweep_reclaim_bounce_v2,sweep_reclaim_bounce_v2:EURUSD:long:1758722400:liquidity:1.173025,long,1758726000,1758726000,1758801600,market_next_open,1.174357843725,1.17283,1.1771079624299998,1.17283,SL,1,0.05755147573358408,0.0013010035511439035,0.875,-1.0,0.685,0.9,constant_spread_bid_ask,0.052652,-1.052652,0.650762,-3.688492,1.173025,liquidity,bounded_sweep_reclaimed,"{""atr"": 0.0012657142857143144, ""choch_override"": false, ""instrument"": ""EURUSD"", ""penetration_atr"": 0.15406320541756044, ""r2"": null, ""regime"": ""bear"", ""respect_bounces"": 1, ""respect_breaks"": 1, ""respect_rated"": true, ""respect_resolved"": 5, ""respect_score"": 0.5, ""respect_sweeps"": 3, ""sessions"": [""london_ny_overlap"", ""london"", ""newyork""], ""signal_bar_ts"": 1758722400, ""source_event_ts"": 1758722400, ""tide"": ""flat""}",EURUSD,sweep_reclaim_bounce_v2:long,base
sweep_reclaim_bounce_v2,sweep_reclaim_bounce_v2:GBPUSD:long:1759417200:liquidity:1.341205,long,1759420800,1759420800,1759474800,market_next_open,1.3421971719,1.340095,1.3459810813200002,1.3459810813200002,TP,1,0.04730367977533452,0.0015662169046476593,0.625,1.8,0.675,1.15,constant_spread_bid_ask,0.043097,1.756903,1.831642,-0.113853,1.341205,liquidity,bounded_sweep_reclaimed,"{""atr"": 0.0015257142857143366, ""choch_override"": false, ""instrument"": ""GBPUSD"", ""penetration_atr"": 0.7275280898875798, ""r2"": null, ""regime"": ""range"", ""respect_bounces"": 1, ""respect_breaks"": 1, ""respect_rated"": true, ""respect_resolved"": 2, ""respect_score"": 0.5, ""respect_sweeps"": 0, ""sessions"": [""newyork""], ""signal_bar_ts"": 1759417200, ""source_event_ts"": 1759417200, ""tide"": ""flat""}",GBPUSD,sweep_reclaim_bounce_v2:long,base
sweep_reclaim_bounce_v2,sweep_reclaim_bounce_v2:GBPUSD:long:1759737600:liquidity:1.342335,long,1759741200,1759741200,1759748400,market_next_open,1.343677257,1.341845,1.3469753196,1.341845,SL,1,0.04832877569261504,0.0013636139113427025,0.08333333333333333,-1.0,0.653333,1.15,constant_spread_bid_ask,0.047912,-1.047912,0.079393,-1.145801,1.342335,liquidity,bounded_sweep_reclaimed,"{""atr"": 0.0015985714285714492, ""choch_override"": false, ""instrument"": ""GBPUSD"", ""penetration_atr"": 0.30652368185886203, ""r2"": null, ""regime"": ""range"", ""respect_bounces"": 5, ""respect_breaks"": 2, ""respect_rated"": true, ""respect_resolved"": 8, ""respect_score"": 0.6875, ""respect_sweeps"": 1, ""sessions"": [""london""], ""signal_bar_ts"": 1759737600, ""source_event_ts"": 1759737600, ""tide"": ""flat""}",GBPUSD,sweep_reclaim_bounce_v2:long,base
sweep_reclaim_bounce_v2,sweep_reclaim_bounce_v2:EURUSD:long:1759939200:liquidity:1.160305,long,1759942800,1759942800,1759946400,market_next_open,1.1605922243,1.15985,1.1619282280399998,1.1619282280399998,TP,1,0.04144339676492842,0.0006395220340611818,0.041666666666666664,1.8,0.651667,0.9,constant_spread_bid_ask,0.101899,1.698101,2.115905,-0.908651,1.160305,liquidity,bounded_sweep_reclaimed,"{""atr"": 0.0015014285714285583, ""choch_override"": false, ""instrument"": ""EURUSD"", ""penetration_atr"": 0.30304471931485566, ""r2"": null, ""regime"": ""high_vol"", ""respect_bounces"": 0, ""respect_breaks"": 0, ""respect_rated"": false, ""respect_resolved"": 0, ""respect_score"": null, ""respect_sweeps"": 0, ""sessions"": [""newyork""], ""signal_bar_ts"": 1759939200, ""source_event_ts"": 1759939200, ""tide"": ""flat""}",EURUSD,sweep_reclaim_bounce_v2:long,base
sweep_reclaim_bounce_v2,sweep_reclaim_bounce_v2:GBPUSD:long:1759939200:liquidity:1.33843,long,1759942800,1759942800,1759946400,market_next_open,1.3388369787,1.337215,1.34175654036,1.337215,SL,1,0.05792243174063223,0.001211483343980351,0.041666666666666664,-1.0,0.651667,1.15,constant_spread_bid_ask,0.053791,-1.053791,0.037627,-1.109055,1.33843,liquidity,bounded_sweep_reclaimed,"{""atr"": 0.0016742857142856757, ""choch_override"": false, ""instrument"": ""GBPUSD"", ""penetration_atr"": 0.7256825938566518, ""r2"": null, ""regime"": ""bear"", ""respect_bounces"": 1, ""respect_breaks"": 1, ""respect_rated"": true, ""respect_resolved"": 2, ""respect_score"": 0.5, ""respect_sweeps"": 0, ""sessions"": [""newyork""], ""signal_bar_ts"": 1759939200, ""source_event_ts"": 1759939200, ""tide"": ""flat""}",GBPUSD,sweep_reclaim_bounce_v2:long,base
sweep_reclaim_bounce_v2,sweep_reclaim_bounce_v2:GBPUSD:long:1760709600:failed_break,long,1760727600,1760727600,1761008400,market_next_open,1.3434772455,1.3399297857142858,1.3498626731142853,1.3399297857142858,SL,1,0.04108606601249997,0.0026405060432518773,3.25,-1.0,0.78,1.15,constant_spread_bid_ask,0.02954,-1.02954,0.214366,-1.024477,1.34017,failed_break,bounded_sweep_reclaimed,"{""atr"": 0.002001785714285712, ""choch_override"": false, ""instrument"": ""GBPUSD"", ""penetration_atr"": 0.539518287243629, ""r2"": null, ""regime"": ""high_vol"", ""respect_bounces"": 3, ""respect_breaks"": 2, ""respect_rated"": true, ""respect_resolved"": 8, ""respect_score"": 0.5625, ""respect_sweeps"": 3, ""sessions"": [""newyork""], ""signal_bar_ts"": 1760724000, ""source_event_ts"": 1760709600, ""tide"": ""flat""}",GBPUSD,sweep_reclaim_bounce_v2:long,base
sweep_reclaim_bounce_v2,sweep_reclaim_bounce_v2:EURUSD:long:1760958000:liquidity:1.165045,long,1760961600,1760961600,1760979600,market_next_open,1.16572245515,1.164455,1.16800387442,1.164455,SL,1,0.07519437361006585,0.0010872700825145813,0.20833333333333334,-1.0,0.658333,0.9,constant_spread_bid_ask,0.060549,-1.060549,0.532606,-1.285917,1.165045,liquidity,bounded_sweep_reclaimed,"{""atr"": 0.0009635714285714128, ""choch_override"": false, ""instrument"": ""EURUSD"", ""penetration_atr"": 0.6123054114159675, ""r2"": null, ""regime"": ""range"", ""respect_bounces"": 2, ""respect_breaks"": 1, ""respect_rated"": true, ""respect_resolved"": 4, ""respect_score"": 0.625, ""respect_sweeps"": 1, ""sessions"": [""london_ny_overlap"", ""london"", ""newyork""], ""signal_bar_ts"": 1760958000, ""source_event_ts"": 1760958000, ""tide"": ""flat""}",EURUSD,sweep_reclaim_bounce_v2:long,base
sweep_reclaim_bounce_v2,sweep_reclaim_bounce_v2:EURUSD:long:1761040800:liquidity:1.161275,long,1761044400,1761044400,1761048000,market_next_open,1.161852281,1.160655,1.1640073868,1.160655,SL,1,0.05883713826377629,0.0010304933076083964,0.041666666666666664,-1.0,0.651667,0.9,constant_spread_bid_ask,0.063238,-1.063238,0.572466,-1.419458,1.161275,liquidity,bounded_sweep_reclaimed,"{""atr"": 0.000888571428571429, ""choch_override"": false, ""instrument"": ""EURUSD"", ""penetration_atr"": 0.6977491961415518, ""r2"": null, ""regime"": ""bear"", ""respect_bounces"": 1, ""respect_breaks"": 2, ""respect_rated"": true, ""respect_resolved"": 6, ""respect_score"": 0.4167, ""respect_sweeps"": 3, ""sessions"": [""london""], ""signal_bar_ts"": 1761040800, ""source_event_ts"": 1761040800, ""tide"": ""flat""}",EURUSD,sweep_reclaim_bounce_v2:long,base
sweep_reclaim_bounce_v2,sweep_reclaim_bounce_v2:GBPUSD:long:1761040800:liquidity:1.33722,long,1761044400,1761044400,1761051600,market_next_open,1.3383769522500002,1.33662,1.3415394663000006,1.33662,SL,1,0.07386720267008538,0.001312748435369118,0.08333333333333333,-1.0,0.653333,1.15,constant_spread_bid_ask,0.049768,-1.049768,0.57829,-1.336848,1.33722,liquidity,bounded_sweep_reclaimed,"{""atr"": 0.0011771428571428766, ""choch_override"": false, ""instrument"": ""GBPUSD"", ""penetration_atr"": 0.5097087378642018, ""r2"": null, ""regime"": ""bear"", ""respect_bounces"": 1, ""respect_breaks"": 2, ""respect_rated"": true, ""respect_resolved"": 4, ""respect_score"": 0.375, ""respect_sweeps"": 1, ""sessions"": [""london""], ""signal_bar_ts"": 1761040800, ""source_event_ts"": 1761040800, ""tide"": ""flat""}",GBPUSD,sweep_reclaim_bounce_v2:long,base
sweep_reclaim_bounce_v2,sweep_reclaim_bounce_v2:GBPUSD:long:1761120000:liquidity:1.331945,long,1761123600,1761123600,1761127200,market_next_open,1.3321415937375,1.331285,1.333683462465,1.331285,SL,1,0.056796364605691804,0.0006430200374546783,0.041666666666666664,-1.0,0.651667,1.15,constant_spread_bid_ask,0.101345,-1.101345,0.579943,-1.924018,1.331945,liquidity,bounded_sweep_reclaimed,"{""atr"": 0.0011725000000000366, ""choch_override"": false, ""instrument"": ""GBPUSD"", ""penetration_atr"": 0.5628997867802664, ""r2"": null, ""regime"": ""bear"", ""respect_bounces"": 2, ""respect_breaks"": 2, ""respect_rated"": true, ""respect_resolved"": 5, ""respect_score"": 0.5, ""respect_sweeps"": 1, ""sessions"": [""london""], ""signal_bar_ts"": 1761120000, ""source_event_ts"": 1761120000, ""tide"": ""flat""}",GBPUSD,sweep_reclaim_bounce_v2:long,base
sweep_reclaim_bounce_v2,sweep_reclaim_bounce_v2:EURUSD:long:1761724800:failed_break,long,1761732000,1761732000,1761760800,market_next_open,1.1641823858500002,1.16188,1.1683266803800005,1.16188,SL,1,0.060227135724395746,0.0019776848352839205,0.3333333333333333,-1.0,0.663333,0.9,constant_spread_bid_ask,0.033541,-1.033541,1.031589,-2.531945,1.162565,failed_break,bounded_sweep_reclaimed,"{""atr"": 0.0007867857142857458, ""choch_override"": false, ""instrument"": ""EURUSD"", ""penetration_atr"": 0.8706309577848633, ""r2"": null, ""regime"": ""range"", ""respect_bounces"": 3, ""respect_breaks"": 3, ""respect_rated"": true, ""respect_resolved"": 6, ""respect_score"": 0.5, ""respect_sweeps"": 0, ""sessions"": [""london""], ""signal_bar_ts"": 1761728400, ""source_event_ts"": 1761724800, ""tide"": ""flat""}",EURUSD,sweep_reclaim_bounce_v2:long,base
sweep_reclaim_bounce_v2,sweep_reclaim_bounce_v2:EURUSD:long:1762164000:liquidity:1.15096,long,1762167600,1762167600,1762174800,market_next_open,1.1515918193,1.1508,1.1530170940400002,1.1508,SL,1,0.04354557084420378,0.0006875867705289556,0.08333333333333333,-1.0,0.653333,0.9,constant_spread_bid_ask,0.095018,-1.095018,0.715228,-1.324287,1.15096,liquidity,bounded_sweep_reclaimed,"{""atr"": 0.0009603571428571536, ""choch_override"": false, ""instrument"": ""EURUSD"", ""penetration_atr"": 0.16660468575672044, ""r2"": null, ""regime"": ""bear"", ""respect_bounces"": 1, ""respect_breaks"": 0, ""respect_rated"": false, ""respect_resolved"": 1, ""respect_score"": 1.0, ""respect_sweeps"": 0, ""sessions"": [""london""], ""signal_bar_ts"": 1762164000, ""source_event_ts"": 1762164000, ""tide"": ""flat""}",EURUSD,sweep_reclaim_bounce_v2:long,base
sweep_reclaim_bounce_v2,sweep_reclaim_bounce_v2:EURUSD:long:1762351200:liquidity:1.1473,long,1762354800,1762354800,1762416000,market_next_open,1.1487916933000002,1.146885,1.1522237412400007,1.1522237412400007,TP,1,0.05163556082180494,0.001659738063149748,0.7083333333333334,1.8,0.678333,0.9,constant_spread_bid_ask,0.04087,1.75913,1.839022,-0.966757,1.1473,liquidity,bounded_sweep_reclaimed,"{""atr"": 0.0009042857142857067, ""choch_override"": false, ""instrument"": ""EURUSD"", ""penetration_atr"": 0.45892575039500855, ""r2"": null, ""regime"": ""bear"", ""respect_bounces"": 2, ""respect_breaks"": 0, ""respect_rated"": true, ""respect_resolved"": 2, ""respect_score"": 1.0, ""respect_sweeps"": 0, ""sessions"": [""london_ny_overlap"", ""london"", ""newyork""], ""signal_bar_ts"": 1762351200, ""source_event_ts"": 1762351200, ""tide"": ""flat""}",EURUSD,sweep_reclaim_bounce_v2:long,base
sweep_reclaim_bounce_v2,sweep_reclaim_bounce_v2:GBPUSD:long:1763470800:liquidity:1.3136,long,1763474400,1763474400,1763514000,market_next_open,1.3155056372250002,1.313395,1.3193047842300005,1.313395,SL,1,0.05400653247159989,0.001604430391839635,0.4583333333333333,-1.0,0.668333,1.15,constant_spread_bid_ask,0.041655,-1.041655,0.738463,-1.140009,1.3136,liquidity,bounded_sweep_reclaimed,"{""atr"": 0.0012153571428571114, ""choch_override"": false, ""instrument"": ""GBPUSD"", ""penetration_atr"": 0.16867469879519392, ""r2"": null, ""regime"": ""range"", ""respect_bounces"": 4, ""respect_breaks"": 3, ""respect_rated"": true, ""respect_resolved"": 11, ""respect_score"": 0.5455, ""respect_sweeps"": 4, ""sessions"": [""london_ny_overlap"", ""london"", ""newyork""], ""signal_bar_ts"": 1763470800, ""source_event_ts"": 1763470800, ""tide"": ""flat""}",GBPUSD,sweep_reclaim_bounce_v2:long,base
sweep_reclaim_bounce_v2,sweep_reclaim_bounce_v2:EURUSD:long:1763485200:failed_break,long,1763496000,1763496000,1763499600,market_next_open,1.1586121352,1.1578162428571428,1.160044741417143,1.1578162428571428,SL,1,0.05125875040056513,0.0006869359630174041,0.041666666666666664,-1.0,0.651667,0.9,constant_spread_bid_ask,0.094866,-1.094866,0.051167,-1.079589,1.15795,failed_break,bounded_sweep_reclaimed,"{""atr"": 0.0011146428571428477, ""choch_override"": false, ""instrument"": ""EURUSD"", ""penetration_atr"": 0.7177186799104114, ""r2"": null, ""regime"": ""bear"", ""respect_bounces"": 3, ""respect_breaks"": 2, ""respect_rated"": true, ""respect_resolved"": 6, ""respect_score"": 0.5833, ""respect_sweeps"": 1, ""sessions"": [""newyork""], ""signal_bar_ts"": 1763492400, ""source_event_ts"": 1763485200, ""tide"": ""flat""}",EURUSD,sweep_reclaim_bounce_v2:long,base
sweep_reclaim_bounce_v2,sweep_reclaim_bounce_v2:EURUSD:long:1763643600:liquidity:1.150715,long,1763647200,1763647200,1763726400,market_next_open,1.152816874425,1.15021,1.1575092483900002,1.15021,SL,1,0.044751293893045434,0.002261308350730314,0.9166666666666666,-1.0,0.686667,0.9,constant_spread_bid_ask,0.030366,-1.030366,0.917244,-1.22699,1.150715,liquidity,bounded_sweep_reclaimed,"{""atr"": 0.0009357142857142937, ""choch_override"": false, ""instrument"": ""EURUSD"", ""penetration_atr"": 0.5396946564885211, ""r2"": null, ""regime"": ""bear"", ""respect_bounces"": 0, ""respect_breaks"": 0, ""respect_rated"": false, ""respect_resolved"": 0, ""respect_score"": null, ""respect_sweeps"": 0, ""sessions"": [""london_ny_overlap"", ""london"", ""newyork""], ""signal_bar_ts"": 1763643600, ""source_event_ts"": 1763643600, ""tide"": ""flat""}",EURUSD,sweep_reclaim_bounce_v2:long,base
sweep_reclaim_bounce_v2,sweep_reclaim_bounce_v2:USDJPY:long:1763712000:liquidity:156.6135,long,1763715600,1763715600,1763719200,market_next_open,156.92256119750002,156.5675,157.56167135300007,156.5675,SL,1,0.03831738011521896,0.0022626523222059,0.041666666666666664,-1.0,0.651667,0.9,constant_spread_bid_ask,0.028801,-1.028801,0.06302,-1.046598,156.6135,liquidity,bounded_sweep_reclaimed,"{""atr"": 0.22342857142857447, ""choch_override"": false, ""instrument"": ""USDJPY"", ""penetration_atr"": 0.20588235294113907, ""r2"": null, ""regime"": ""bull"", ""respect_bounces"": 0, ""respect_breaks"": 0, ""respect_rated"": false, ""respect_resolved"": 0, ""respect_score"": null, ""respect_sweeps"": 0, ""sessions"": [""london""], ""signal_bar_ts"": 1763712000, ""source_event_ts"": 1763712000, ""tide"": ""flat""}",USDJPY,sweep_reclaim_bounce_v2:long,base
sweep_reclaim_bounce_v2,sweep_reclaim_bounce_v2:USDJPY:long:1764763200:liquidity:155.4145,long,1764766800,1764766800,1764766800,market_next_open,155.42299372000002,155.363,155.53098241600006,155.363,SL,1,0.05643468531478905,0.00038600285944886297,0.0,-1.0,0.65,0.9,constant_spread_bid_ask,0.168393,-1.168393,1.625296,-3.466675,155.4145,liquidity,bounded_sweep_reclaimed,"{""atr"": 0.13278571428571087, ""choch_override"": false, ""instrument"": ""USDJPY"", ""penetration_atr"": 0.3878429263045073, ""r2"": null, ""regime"": ""range"", ""respect_bounces"": 1, ""respect_breaks"": 0, ""respect_rated"": true, ""respect_resolved"": 2, ""respect_score"": 0.75, ""respect_sweeps"": 1, ""sessions"": [""london_ny_overlap"", ""london"", ""newyork""], ""signal_bar_ts"": 1764763200, ""source_event_ts"": 1764763200, ""tide"": ""down""}",USDJPY,sweep_reclaim_bounce_v2:long,base
sweep_reclaim_bounce_v2,sweep_reclaim_bounce_v2:GBPUSD:long:1765206000:failed_break,long,1765213200,1765213200,1765267200,market_next_open,1.3319515828125,1.33087,1.3338984318749998,1.3338984318749998,TP,1,0.06404033501527386,0.0008120286251066992,0.625,1.8,0.675,1.15,constant_spread_bid_ask,0.083125,1.716875,2.858448,-0.858114,1.331385,failed_break,bounded_sweep_reclaimed,"{""atr"": 0.001273928571428559, ""choch_override"": false, ""instrument"": ""GBPUSD"", ""penetration_atr"": 0.6397532940846793, ""r2"": null, ""regime"": ""range"", ""respect_bounces"": 2, ""respect_breaks"": 0, ""respect_rated"": true, ""respect_resolved"": 2, ""respect_score"": 1.0, ""respect_sweeps"": 0, ""sessions"": [""newyork""], ""signal_bar_ts"": 1765209600, ""source_event_ts"": 1765206000, ""tide"": ""flat""}",GBPUSD,sweep_reclaim_bounce_v2:long,base
sweep_reclaim_bounce_v2,sweep_reclaim_bounce_v2:GBPUSD:long:1765288800:liquidity:1.33057,long,1765292400,1765292400,1765292400,market_next_open,1.3316565658500001,1.330115,1.3344313843800004,1.330115,SL,1,0.058370049519470335,0.0011576301950016806,0.0,-1.0,0.65,1.15,constant_spread_bid_ask,0.056149,-1.056149,0.0,-1.938269,1.33057,liquidity,bounded_sweep_reclaimed,"{""atr"": 0.0012260714285714197, ""choch_override"": false, ""instrument"": ""GBPUSD"", ""penetration_atr"": 0.3711039906787862, ""r2"": null, ""regime"": ""range"", ""respect_bounces"": 1, ""respect_breaks"": 0, ""respect_rated"": false, ""respect_resolved"": 1, ""respect_score"": 1.0, ""respect_sweeps"": 0, ""sessions"": [""london_ny_overlap"", ""london"", ""newyork""], ""signal_bar_ts"": 1765288800, ""source_event_ts"": 1765288800, ""tide"": ""flat""}",GBPUSD,sweep_reclaim_bounce_v2:long,base
sweep_reclaim_bounce_v2,sweep_reclaim_bounce_v2:EURUSD:long:1765292400:liquidity:1.161645,long,1765296000,1765296000,1765353600,market_next_open,1.1629423300500001,1.16151,1.1655205241400004,1.1655205241400004,TP,1,0.06709886197640612,0.0012316432319894267,0.6666666666666666,1.8,0.676667,0.9,constant_spread_bid_ask,0.05494,1.74506,1.94104,-0.903847,1.161645,liquidity,bounded_sweep_reclaimed,"{""atr"": 0.0009289285714285667, ""choch_override"": false, ""instrument"": ""EURUSD"", ""penetration_atr"": 0.1453287197231801, ""r2"": null, ""regime"": ""range"", ""respect_bounces"": 1, ""respect_breaks"": 1, ""respect_rated"": true, ""respect_resolved"": 2, ""respect_score"": 0.5, ""respect_sweeps"": 0, ""sessions"": [""london_ny_overlap"", ""london"", ""newyork""], ""signal_bar_ts"": 1765292400, ""source_event_ts"": 1765292400, ""tide"": ""flat""}",EURUSD,sweep_reclaim_bounce_v2:long,base
sweep_reclaim_bounce_v2,sweep_reclaim_bounce_v2:GBPUSD:long:1765299600:failed_break,long,1765310400,1765310400,1765317600,market_next_open,1.3302464847750002,1.32958,1.3314461573700005,1.32958,SL,1,0.033779873985595066,0.0005010235190457415,0.08333333333333333,-1.0,0.653333,1.15,constant_spread_bid_ask,0.1304,-1.1304,0.558153,-1.069698,1.330115,failed_break,bounded_sweep_reclaimed,"{""atr"": 0.0016721428571428523, ""choch_override"": false, ""instrument"": ""GBPUSD"", ""penetration_atr"": 0.8193079880392249, ""r2"": null, ""regime"": ""high_vol"", ""respect_bounces"": 0, ""respect_breaks"": 1, ""respect_rated"": false, ""respect_resolved"": 1, ""respect_score"": 0.0, ""respect_sweeps"": 0, ""sessions"": [""newyork""], ""signal_bar_ts"": 1765306800, ""source_event_ts"": 1765299600, ""tide"": ""flat""}",GBPUSD,sweep_reclaim_bounce_v2:long,base
sweep_reclaim_bounce_v2,sweep_reclaim_bounce_v2:EURUSD:long:1765954800:liquidity:1.170655,long,1765958400,1765958400,1765976400,market_next_open,1.1713527085000002,1.17032,1.1732115838000003,1.1732115838000003,TP,1,0.04202069833292421,0.0008816375225892479,0.20833333333333334,1.8,0.658333,0.9,constant_spread_bid_ask,0.074672,1.725328,1.86838,-0.775035,1.170655,liquidity,bounded_sweep_reclaimed,"{""atr"": 0.001135357142857174, ""choch_override"": false, ""instrument"": ""EURUSD"", ""penetration_atr"": 0.2950613400440082, ""r2"": null, ""regime"": ""range"", ""respect_bounces"": 0, ""respect_breaks"": 0, ""respect_rated"": false, ""respect_resolved"": 0, ""respect_score"": null, ""respect_sweeps"": 0, ""sessions"": [""london""], ""signal_bar_ts"": 1765954800, ""source_event_ts"": 1765954800, ""tide"": ""flat""}",EURUSD,sweep_reclaim_bounce_v2:long,base
sweep_reclaim_bounce_v2,sweep_reclaim_bounce_v2:GBPUSD:long:1765958400:liquidity:1.331545,long,1765962000,1765962000,1765976400,market_next_open,1.3327616293875,1.331175,1.335617562285,1.335617562285,TP,1,0.03778460367855429,0.0011904824932791268,0.16666666666666666,1.8,0.656667,1.15,constant_spread_bid_ask,0.05516,1.74484,1.929598,-0.515697,1.331545,liquidity,bounded_sweep_reclaimed,"{""atr"": 0.0016310714285714084, ""choch_override"": false, ""instrument"": ""GBPUSD"", ""penetration_atr"": 0.22684475585722813, ""r2"": null, ""regime"": ""range"", ""respect_bounces"": 3, ""respect_breaks"": 1, ""respect_rated"": true, ""respect_resolved"": 5, ""respect_score"": 0.7, ""respect_sweeps"": 1, ""sessions"": [""london""], ""signal_bar_ts"": 1765958400, ""source_event_ts"": 1765958400, ""tide"": ""flat""}",GBPUSD,sweep_reclaim_bounce_v2:long,base
sweep_reclaim_bounce_v2,sweep_reclaim_bounce_v2:GBPUSD:long:1768989600:failed_break,long,1769004000,1769004000,1769079600,market_next_open,1.344267290925,1.3408714,1.35037989459,1.3408714,SL,1,0.05857005338078887,0.0025262021533405733,0.875,-1.0,0.685,1.15,constant_spread_bid_ask,0.027116,-1.027116,0.465362,-1.236597,1.34104,failed_break,bounded_sweep_reclaimed,"{""atr"": 0.001404999999999958, ""choch_override"": false, ""instrument"": ""GBPUSD"", ""penetration_atr"": 0.6405693950177422, ""r2"": null, ""regime"": ""range"", ""respect_bounces"": 1, ""respect_breaks"": 2, ""respect_rated"": true, ""respect_resolved"": 5, ""respect_score"": 0.4, ""respect_sweeps"": 2, ""sessions"": [""london_ny_overlap"", ""london"", ""newyork""], ""signal_bar_ts"": 1769000400, ""source_event_ts"": 1768989600, ""tide"": ""flat""}",GBPUSD,sweep_reclaim_bounce_v2:long,base
sweep_reclaim_bounce_v2,sweep_reclaim_bounce_v2:GBPUSD:long:1769785200:failed_break,long,1769792400,1769792400,1769792400,market_next_open,1.3727939311125,1.37126,1.375555007115,1.37126,SL,1,0.023214513681722664,0.0011173790018556636,0.0,-1.0,0.65,1.15,constant_spread_bid_ask,0.058172,-1.058172,0.0,-1.862996,1.372535,failed_break,bounded_sweep_reclaimed,"{""atr"": 0.002753928571428564, ""choch_override"": false, ""instrument"": ""GBPUSD"", ""penetration_atr"": 0.5592011412268555, ""r2"": null, ""regime"": ""high_vol"", ""respect_bounces"": 2, ""respect_breaks"": 0, ""respect_rated"": true, ""respect_resolved"": 2, ""respect_score"": 1.0, ""respect_sweeps"": 0, ""sessions"": [""newyork""], ""signal_bar_ts"": 1769788800, ""source_event_ts"": 1769785200, ""tide"": ""flat""}",GBPUSD,sweep_reclaim_bounce_v2:long,base
sweep_reclaim_bounce_v2,sweep_reclaim_bounce_v2:EURUSD:long:1769796000:liquidity:1.186665,long,1769799600,1769799600,1769803200,market_next_open,1.187878452125,1.18546,1.1922316659500003,1.18546,SL,1,0.01761487621258685,0.0020359424153824483,0.041666666666666664,-1.0,0.651667,0.9,constant_spread_bid_ask,0.032008,-1.032008,0.234888,-1.094415,1.186665,liquidity,bounded_sweep_reclaimed,"{""atr"": 0.002466785714285729, ""choch_override"": false, ""instrument"": ""EURUSD"", ""penetration_atr"": 0.48848993774436417, ""r2"": null, ""regime"": ""bear"", ""respect_bounces"": 2, ""respect_breaks"": 1, ""respect_rated"": true, ""respect_resolved"": 3, ""respect_score"": 0.6667, ""respect_sweeps"": 0, ""sessions"": [""newyork""], ""signal_bar_ts"": 1769796000, ""source_event_ts"": 1769796000, ""tide"": ""flat""}",EURUSD,sweep_reclaim_bounce_v2:long,base
sweep_reclaim_bounce_v2,sweep_reclaim_bounce_v2:EURUSD:long:1770040800:liquidity:1.1818,long,1770044400,1770044400,1770044400,market_next_open,1.1822331981,1.18055,1.1852629546800002,1.18055,SL,1,0.03488854100952209,0.0014237445731562735,0.0,-1.0,0.65,0.9,constant_spread_bid_ask,0.045654,-1.045654,0.0,-1.928623,1.1818,liquidity,bounded_sweep_reclaimed,"{""atr"": 0.001811428571428575, ""choch_override"": false, ""instrument"": ""EURUSD"", ""penetration_atr"": 0.6900630914826338, ""r2"": null, ""regime"": ""bear"", ""respect_bounces"": 0, ""respect_breaks"": 0, ""respect_rated"": false, ""respect_resolved"": 0, ""respect_score"": null, ""respect_sweeps"": 0, ""sessions"": [""london_ny_overlap"", ""london"", ""newyork""], ""signal_bar_ts"": 1770040800, ""source_event_ts"": 1770040800, ""tide"": ""flat""}",EURUSD,sweep_reclaim_bounce_v2:long,base
sweep_reclaim_bounce_v2,sweep_reclaim_bounce_v2:GBPUSD:long:1770040800:liquidity:1.36494,long,1770044400,1770044400,1770044400,market_next_open,1.366928593875,1.36311,1.3738020628499998,1.36311,SL,1,0.03943771693339834,0.0027935576826108427,0.0,-1.0,0.65,1.15,constant_spread_bid_ask,0.023268,-1.023268,0.0,-1.130507,1.36494,liquidity,bounded_sweep_reclaimed,"{""atr"": 0.002119642857142834, ""choch_override"": false, ""instrument"": ""GBPUSD"", ""penetration_atr"": 0.8633529907329489, ""r2"": null, ""regime"": ""bear"", ""respect_bounces"": 0, ""respect_breaks"": 0, ""respect_rated"": true, ""respect_resolved"": 2, ""respect_score"": 0.5, ""respect_sweeps"": 2, ""sessions"": [""london_ny_overlap"", ""london"", ""newyork""], ""signal_bar_ts"": 1770040800, ""source_event_ts"": 1770040800, ""tide"": ""flat""}",GBPUSD,sweep_reclaim_bounce_v2:long,base
sweep_reclaim_bounce_v2,sweep_reclaim_bounce_v2:GBPUSD:long:1770044400:failed_break,long,1770062400,1770062400,1770181200,market_next_open,1.3660085409750002,1.3628123571428572,1.3717616718728578,1.3717616718728578,TP,1,0.03368102663794378,0.0023397978389371834,1.375,1.8,0.705,1.15,constant_spread_bid_ask,0.030131,1.769869,1.842063,-0.321331,1.36311,failed_break,bounded_sweep_reclaimed,"{""atr"": 0.0024803571428571197, ""choch_override"": false, ""instrument"": ""GBPUSD"", ""penetration_atr"": 0.3205183585313613, ""r2"": null, ""regime"": ""bear"", ""respect_bounces"": 0, ""respect_breaks"": 0, ""respect_rated"": false, ""respect_resolved"": 1, ""respect_score"": 0.5, ""respect_sweeps"": 1, ""sessions"": [""newyork""], ""signal_bar_ts"": 1770058800, ""source_event_ts"": 1770044400, ""tide"": ""flat""}",GBPUSD,sweep_reclaim_bounce_v2:long,base
sweep_reclaim_bounce_v2,sweep_reclaim_bounce_v2:EURUSD:long:1770055200:failed_break,long,1770066000,1770066000,1770080400,market_next_open,1.17920306175,1.17804,1.1812965729,1.1812965729,TP,1,0.02935058674845702,0.0009863116775443086,0.16666666666666666,1.8,0.656667,0.9,constant_spread_bid_ask,0.066578,1.733422,1.924894,-0.448046,1.17904,failed_break,bounded_sweep_reclaimed,"{""atr"": 0.0019782142857142715, ""choch_override"": false, ""instrument"": ""EURUSD"", ""penetration_atr"": 0.7254016970572738, ""r2"": null, ""regime"": ""bear"", ""respect_bounces"": 0, ""respect_breaks"": 0, ""respect_rated"": false, ""respect_resolved"": 0, ""respect_score"": null, ""respect_sweeps"": 0, ""sessions"": [""newyork""], ""signal_bar_ts"": 1770062400, ""source_event_ts"": 1770055200, ""tide"": ""flat""}",EURUSD,sweep_reclaim_bounce_v2:long,base
sweep_reclaim_bounce_v2,sweep_reclaim_bounce_v2:GBPUSD:long:1770220800:liquidity:1.36506,long,1770224400,1770224400,1770228000,market_next_open,1.3658335309125,1.36432,1.368557886555,1.36432,SL,1,0.043774387984288385,0.001108137176489499,0.041666666666666664,-1.0,0.651667,1.15,constant_spread_bid_ask,0.058807,-1.058807,0.887231,-1.098078,1.36506,liquidity,bounded_sweep_reclaimed,"{""atr"": 0.001908214285714273, ""choch_override"": false, ""instrument"": ""GBPUSD"", ""penetration_atr"": 0.38779711772410813, ""r2"": null, ""regime"": ""range"", ""respect_bounces"": 1, ""respect_breaks"": 1, ""respect_rated"": true, ""respect_resolved"": 5, ""respect_score"": 0.5, ""respect_sweeps"": 3, ""sessions"": [""newyork""], ""signal_bar_ts"": 1770220800, ""source_event_ts"": 1770220800, ""tide"": ""flat""}",GBPUSD,sweep_reclaim_bounce_v2:long,base
sweep_reclaim_bounce_v2,sweep_reclaim_bounce_v2:EURUSD:long:1770282000:failed_break,long,1770300000,1770300000,1770303600,market_next_open,1.181238153325,1.1781543714285714,1.1867889607385715,1.1781543714285714,SL,1,0.04423533792658008,0.0026106351947304605,0.041666666666666664,-1.0,0.651667,0.9,constant_spread_bid_ask,0.024962,-1.024962,0.28979,-1.005639,1.178285,failed_break,bounded_sweep_reclaimed,"{""atr"": 0.0010885714285714387, ""choch_override"": false, ""instrument"": ""EURUSD"", ""penetration_atr"": 0.22047244094489635, ""r2"": null, ""regime"": ""bear"", ""respect_bounces"": 3, ""respect_breaks"": 0, ""respect_rated"": true, ""respect_resolved"": 4, ""respect_score"": 0.875, ""respect_sweeps"": 1, ""sessions"": [""london_ny_overlap"", ""london"", ""newyork""], ""signal_bar_ts"": 1770296400, ""source_event_ts"": 1770282000, ""tide"": ""flat""}",EURUSD,sweep_reclaim_bounce_v2:long,base
sweep_reclaim_bounce_v2,sweep_reclaim_bounce_v2:EURUSD:long:1770966000:liquidity:1.185245,long,1770969600,1770969600,1770987600,market_next_open,1.185918363925,1.184715,1.18808441899,1.18808441899,TP,1,0.04052884598681754,0.001014710591897101,0.20833333333333334,1.8,0.658333,0.9,constant_spread_bid_ask,0.064879,1.735121,2.080131,-0.562342,1.185245,liquidity,bounded_sweep_reclaimed,"{""atr"": 0.0008232142857143021, ""choch_override"": false, ""instrument"": ""EURUSD"", ""penetration_atr"": 0.6438177874188141, ""r2"": null, ""regime"": ""bear"", ""respect_bounces"": 3, ""respect_breaks"": 0, ""respect_rated"": true, ""respect_resolved"": 5, ""respect_score"": 0.8, ""respect_sweeps"": 2, ""sessions"": [""london""], ""signal_bar_ts"": 1770966000, ""source_event_ts"": 1770966000, ""tide"": ""flat""}",EURUSD,sweep_reclaim_bounce_v2:long,base
sweep_reclaim_bounce_v2,sweep_reclaim_bounce_v2:GBPUSD:long:1771477200:failed_break,long,1771488000,1771488000,1771495200,market_next_open,1.3510976836500002,1.3487221714285713,1.3553736056485721,1.3487221714285713,SL,1,0.0502220833334562,0.0017582090844914932,0.08333333333333333,-1.0,0.653333,1.15,constant_spread_bid_ask,0.037159,-1.037159,0.218729,-1.119852,1.34886,failed_break,bounded_sweep_reclaimed,"{""atr"": 0.0011485714285714035, ""choch_override"": true, ""instrument"": ""GBPUSD"", ""penetration_atr"": 0.687810945273513, ""r2"": null, ""regime"": ""bear"", ""respect_bounces"": 1, ""respect_breaks"": 0, ""respect_rated"": false, ""respect_resolved"": 1, ""respect_score"": 1.0, ""respect_sweeps"": 0, ""sessions"": [""london""], ""signal_bar_ts"": 1771484400, ""source_event_ts"": 1771477200, ""tide"": ""flat""}",GBPUSD,sweep_reclaim_bounce_v2:long,base
sweep_reclaim_bounce_v2,sweep_reclaim_bounce_v2:GBPUSD:long:1771920000:liquidity:1.34734,long,1771923600,1771923600,1771945200,market_next_open,1.3485525373125002,1.347015,1.3513201044750005,1.3513201044750005,TP,1,0.07131477352561531,0.0011401389786150219,0.25,1.8,0.66,1.15,constant_spread_bid_ask,0.057888,1.742112,2.497302,-0.624394,1.34734,liquidity,bounded_sweep_reclaimed,"{""atr"": 0.0010171428571428911, ""choch_override"": false, ""instrument"": ""GBPUSD"", ""penetration_atr"": 0.31952247191001193, ""r2"": null, ""regime"": ""range"", ""respect_bounces"": 2, ""respect_breaks"": 1, ""respect_rated"": true, ""respect_resolved"": 3, ""respect_score"": 0.6667, ""respect_sweeps"": 0, ""sessions"": [""london""], ""signal_bar_ts"": 1771920000, ""source_event_ts"": 1771920000, ""tide"": ""down""}",GBPUSD,sweep_reclaim_bounce_v2:long,base
sweep_reclaim_bounce_v2,sweep_reclaim_bounce_v2:USDJPY:long:1772164800:failed_break,long,1772182800,1772182800,1772438400,market_next_open,156.14652627750002,155.64604428571428,157.04739386271433,157.04739386271433,TP,1,0.040998758372022666,0.003205207337730256,2.9583333333333335,1.8,0.768333,0.9,constant_spread_bid_ask,0.023971,1.776029,2.190683,-0.632468,155.671,failed_break,bounded_sweep_reclaimed,"{""atr"": 0.207964285714287, ""choch_override"": false, ""instrument"": ""USDJPY"", ""penetration_atr"": 0.632320109908922, ""r2"": null, ""regime"": ""range"", ""respect_bounces"": 4, ""respect_breaks"": 0, ""respect_rated"": true, ""respect_resolved"": 6, ""respect_score"": 0.8333, ""respect_sweeps"": 2, ""sessions"": [""london""], ""signal_bar_ts"": 1772179200, ""source_event_ts"": 1772164800, ""tide"": ""flat""}",USDJPY,sweep_reclaim_bounce_v2:long,base
sweep_reclaim_bounce_v2,sweep_reclaim_bounce_v2:GBPUSD:long:1772726400:liquidity:1.33056,long,1772730000,1772730000,1772740800,market_next_open,1.3319915851125,1.32976,1.3360084383149997,1.3360084383149997,TP,1,0.03293582263030795,0.0016753747827253722,0.125,1.8,0.655,1.15,constant_spread_bid_ask,0.039096,1.760904,1.927587,-0.29044,1.33056,liquidity,bounded_sweep_reclaimed,"{""atr"": 0.0027807142857142475, ""choch_override"": false, ""instrument"": ""GBPUSD"", ""penetration_atr"": 0.2876958643719219, ""r2"": null, ""regime"": ""range"", ""respect_bounces"": 2, ""respect_breaks"": 1, ""respect_rated"": true, ""respect_resolved"": 4, ""respect_score"": 0.625, ""respect_sweeps"": 1, ""sessions"": [""newyork""], ""signal_bar_ts"": 1772726400, ""source_event_ts"": 1772726400, ""tide"": ""down""}",GBPUSD,sweep_reclaim_bounce_v2:long,base
sweep_reclaim_bounce_v2,sweep_reclaim_bounce_v2:GBPUSD:long:1773241200:failed_break,long,1773248400,1773248400,1773266400,market_next_open,1.3411021089375,1.339455,1.3440669050249996,1.339455,SL,1,0.03816980046942141,0.0012281756374276382,0.20833333333333334,-1.0,0.658333,1.15,constant_spread_bid_ask,0.053603,-1.053603,0.634878,-1.401907,1.340185,failed_break,bounded_sweep_reclaimed,"{""atr"": 0.0022821428571428515, ""choch_override"": false, ""instrument"": ""GBPUSD"", ""penetration_atr"": 0.36369327073547536, ""r2"": null, ""regime"": ""range"", ""respect_bounces"": 3, ""respect_breaks"": 2, ""respect_rated"": true, ""respect_resolved"": 5, ""respect_score"": 0.6, ""respect_sweeps"": 0, ""sessions"": [""newyork""], ""signal_bar_ts"": 1773244800, ""source_event_ts"": 1773241200, ""tide"": ""flat""}",GBPUSD,sweep_reclaim_bounce_v2:long,base
sweep_reclaim_bounce_v2,sweep_reclaim_bounce_v2:EURUSD:long:1773248400:liquidity:1.156305,long,1773252000,1773252000,1773266400,market_next_open,1.1571720704,1.15609,1.1591197971199996,1.15609,SL,1,0.023658790921831048,0.0009350989603696688,0.16666666666666666,-1.0,0.656667,0.9,constant_spread_bid_ask,0.070224,-1.070224,0.375055,-2.092326,1.156305,liquidity,bounded_sweep_reclaimed,"{""atr"": 0.0017782142857142777, ""choch_override"": false, ""instrument"": ""EURUSD"", ""penetration_atr"": 0.12090781281373658, ""r2"": null, ""regime"": ""range"", ""respect_bounces"": 1, ""respect_breaks"": 2, ""respect_rated"": true, ""respect_resolved"": 5, ""respect_score"": 0.4, ""respect_sweeps"": 2, ""sessions"": [""newyork""], ""signal_bar_ts"": 1773248400, ""source_event_ts"": 1773248400, ""tide"": ""down""}",EURUSD,sweep_reclaim_bounce_v2:long,base
sweep_reclaim_bounce_v2,sweep_reclaim_bounce_v2:EURUSD:long:1774512000:liquidity:1.155065,long,1774515600,1774515600,1774522800,market_next_open,1.1560320191000002,1.154755,1.1583306534800006,1.154755,SL,1,0.057782656532977546,0.0011046572057704872,0.08333333333333333,-1.0,0.653333,0.9,constant_spread_bid_ask,0.059144,-1.059144,0.333541,-2.931729,1.155065,liquidity,bounded_sweep_reclaimed,"{""atr"": 0.0009867857142857397, ""choch_override"": false, ""instrument"": ""EURUSD"", ""penetration_atr"": 0.3141512848353487, ""r2"": null, ""regime"": ""bear"", ""respect_bounces"": 3, ""respect_breaks"": 2, ""respect_rated"": true, ""respect_resolved"": 5, ""respect_score"": 0.6, ""respect_sweeps"": 0, ""sessions"": [""london""], ""signal_bar_ts"": 1774512000, ""source_event_ts"": 1774512000, ""tide"": ""flat""}",EURUSD,sweep_reclaim_bounce_v2:long,base
sweep_reclaim_bounce_v2,sweep_reclaim_bounce_v2:GBPUSD:long:1774512000:liquidity:1.334645,long,1774515600,1774515600,1774522800,market_next_open,1.3353467780250001,1.33367,1.3383649784700005,1.33367,SL,1,0.05188316436718609,0.0012556873260144428,0.08333333333333333,-1.0,0.653333,1.15,constant_spread_bid_ask,0.05203,-1.05203,0.448117,-1.677863,1.334645,liquidity,bounded_sweep_reclaimed,"{""atr"": 0.0011907142857142672, ""choch_override"": false, ""instrument"": ""GBPUSD"", ""penetration_atr"": 0.818836232753605, ""r2"": null, ""regime"": ""bear"", ""respect_bounces"": 3, ""respect_breaks"": 3, ""respect_rated"": true, ""respect_resolved"": 8, ""respect_score"": 0.5, ""respect_sweeps"": 2, ""sessions"": [""london""], ""signal_bar_ts"": 1774512000, ""source_event_ts"": 1774512000, ""tide"": ""flat""}",GBPUSD,sweep_reclaim_bounce_v2:long,base
sweep_reclaim_bounce_v2,sweep_reclaim_bounce_v2:EURUSD:long:1774861200:liquidity:1.148755,long,1774864800,1774864800,1774868400,market_next_open,1.1495017252500002,1.148395,1.1514938307000004,1.148395,SL,1,0.050956272056564764,0.0009627869412370041,0.041666666666666664,-1.0,0.651667,0.9,constant_spread_bid_ask,0.067685,-1.067685,0.448641,-1.037659,1.148755,liquidity,bounded_sweep_reclaimed,"{""atr"": 0.001113214285714283, ""choch_override"": false, ""instrument"": ""EURUSD"", ""penetration_atr"": 0.3233878729546895, ""r2"": null, ""regime"": ""bear"", ""respect_bounces"": 2, ""respect_breaks"": 2, ""respect_rated"": true, ""respect_resolved"": 6, ""respect_score"": 0.5, ""respect_sweeps"": 2, ""sessions"": [""london""], ""signal_bar_ts"": 1774861200, ""source_event_ts"": 1774861200, ""tide"": ""flat""}",EURUSD,sweep_reclaim_bounce_v2:long,base
sweep_reclaim_bounce_v2,sweep_reclaim_bounce_v2:GBPUSD:long:1774861200:liquidity:1.323255,long,1774864800,1774864800,1774872000,market_next_open,1.3236611061375,1.322405,1.325922097185,1.322405,SL,1,0.05315193672848815,0.0009489635463909773,0.08333333333333333,-1.0,0.653333,1.15,constant_spread_bid_ask,0.068847,-1.068847,1.3197,-1.343138,1.323255,liquidity,bounded_sweep_reclaimed,"{""atr"": 0.0016200000000000342, ""choch_override"": false, ""instrument"": ""GBPUSD"", ""penetration_atr"": 0.524691358024691, ""r2"": null, ""regime"": ""bear"", ""respect_bounces"": 1, ""respect_breaks"": 0, ""respect_rated"": true, ""respect_resolved"": 2, ""respect_score"": 0.75, ""respect_sweeps"": 1, ""sessions"": [""london""], ""signal_bar_ts"": 1774861200, ""source_event_ts"": 1774861200, ""tide"": ""flat""}",GBPUSD,sweep_reclaim_bounce_v2:long,base
sweep_reclaim_bounce_v2,sweep_reclaim_bounce_v2:USDJPY:long:1774872000:failed_break,long,1774879200,1774879200,1774915200,market_next_open,159.53367869250002,159.3285,159.90300033900007,159.90300033900007,TP,1,0.028087509274111487,0.0012861152214480528,0.4166666666666667,1.8,0.666667,0.9,constant_spread_bid_ask,0.051836,1.748164,1.954998,-0.752276,159.456,failed_break,bounded_sweep_reclaimed,"{""atr"": 0.20217857142857554, ""choch_override"": false, ""instrument"": ""USDJPY"", ""penetration_atr"": 0.6306306306306065, ""r2"": null, ""regime"": ""range"", ""respect_bounces"": 1, ""respect_breaks"": 4, ""respect_rated"": true, ""respect_resolved"": 10, ""respect_score"": 0.35, ""respect_sweeps"": 5, ""sessions"": [""london_ny_overlap"", ""london"", ""newyork""], ""signal_bar_ts"": 1774875600, ""source_event_ts"": 1774872000, ""tide"": ""flat""}",USDJPY,sweep_reclaim_bounce_v2:long,base
sweep_reclaim_bounce_v2,sweep_reclaim_bounce_v2:EURUSD:long:1775109600:liquidity:1.1525,long,1775113200,1775113200,1775124000,market_next_open,1.1535269063750002,1.15152,1.1571393378500003,1.15152,SL,1,0.04924259089878058,0.0017398002282468577,0.125,-1.0,0.655,0.9,constant_spread_bid_ask,0.037648,-1.037648,0.105223,-1.227614,1.1525,liquidity,bounded_sweep_reclaimed,"{""atr"": 0.0015617857142856842, ""choch_override"": false, ""instrument"": ""EURUSD"", ""penetration_atr"": 0.6274868511319459, ""r2"": null, ""regime"": ""bull"", ""respect_bounces"": 1, ""respect_breaks"": 2, ""respect_rated"": true, ""respect_resolved"": 5, ""respect_score"": 0.4, ""respect_sweeps"": 2, ""sessions"": [""london""], ""signal_bar_ts"": 1775109600, ""source_event_ts"": 1775109600, ""tide"": ""flat""}",EURUSD,sweep_reclaim_bounce_v2:long,base
sweep_reclaim_bounce_v2,sweep_reclaim_bounce_v2:GBPUSD:long:1775127600:liquidity:1.31857,long,1775131200,1775131200,1775138400,market_next_open,1.32025591035,1.31818,1.3239925489800002,1.3239925489800002,TP,1,0.03885250900355728,0.0015723545213668269,0.08333333333333333,1.8,0.653333,1.15,constant_spread_bid_ask,0.041551,1.758449,2.183577,-0.140571,1.31857,liquidity,bounded_sweep_reclaimed,"{""atr"": 0.002082499999999987, ""choch_override"": false, ""instrument"": ""GBPUSD"", ""penetration_atr"": 0.18727490996404075, ""r2"": null, ""regime"": ""range"", ""respect_bounces"": 0, ""respect_breaks"": 0, ""respect_rated"": false, ""respect_resolved"": 1, ""respect_score"": 0.5, ""respect_sweeps"": 1, ""sessions"": [""london_ny_overlap"", ""london"", ""newyork""], ""signal_bar_ts"": 1775127600, ""source_event_ts"": 1775127600, ""tide"": ""down""}",GBPUSD,sweep_reclaim_bounce_v2:long,base
sweep_reclaim_bounce_v2,sweep_reclaim_bounce_v2:USDJPY:long:1775462400:liquidity:159.3475,long,1775466000,1775466000,1775473200,market_next_open,159.3956724825,159.307,159.55528295100004,159.55528295100004,TP,1,0.04813567331390551,0.0005563042027364396,0.08333333333333333,1.8,0.653333,0.9,constant_spread_bid_ask,0.117442,1.682558,2.093615,-0.595937,159.3475,liquidity,bounded_sweep_reclaimed,"{""atr"": 0.15939285714285592, ""choch_override"": false, ""instrument"": ""USDJPY"", ""penetration_atr"": 0.2540891776832289, ""r2"": null, ""regime"": ""range"", ""respect_bounces"": 3, ""respect_breaks"": 2, ""respect_rated"": true, ""respect_resolved"": 8, ""respect_score"": 0.5625, ""respect_sweeps"": 3, ""sessions"": [""london""], ""signal_bar_ts"": 1775462400, ""source_event_ts"": 1775462400, ""tide"": ""flat""}",USDJPY,sweep_reclaim_bounce_v2:long,base
sweep_reclaim_bounce_v2,sweep_reclaim_bounce_v2:USDJPY:long:1776171600:liquidity:158.698,long,1776175200,1776175200,1776175200,market_next_open,158.868148745,158.6775,159.21131648600002,158.6775,SL,1,0.0435804180275765,0.001200043850866642,0.0,-1.0,0.65,0.9,constant_spread_bid_ask,0.054165,-1.054165,0.0,-1.425585,158.698,liquidity,bounded_sweep_reclaimed,"{""atr"": 0.16403571428571087, ""choch_override"": false, ""instrument"": ""USDJPY"", ""penetration_atr"": 0.12497278467232036, ""r2"": null, ""regime"": ""bear"", ""respect_bounces"": 1, ""respect_breaks"": 3, ""respect_rated"": true, ""respect_resolved"": 7, ""respect_score"": 0.3571, ""respect_sweeps"": 3, ""sessions"": [""london_ny_overlap"", ""london"", ""newyork""], ""signal_bar_ts"": 1776171600, ""source_event_ts"": 1776171600, ""tide"": ""flat""}",USDJPY,sweep_reclaim_bounce_v2:long,base
sweep_reclaim_bounce_v2,sweep_reclaim_bounce_v2:GBPUSD:long:1778572800:liquidity:1.351465,long,1778576400,1778576400,1778598000,market_next_open,1.3531228000875002,1.35023,1.3583298402450004,1.35023,SL,1,0.07764017822035348,0.0021378695912248934,0.25,-1.0,0.66,1.15,constant_spread_bid_ask,0.030872,-1.030872,0.730873,-1.095972,1.351465,liquidity,bounded_sweep_reclaimed,"{""atr"": 0.0014528571428571446, ""choch_override"": false, ""instrument"": ""GBPUSD"", ""penetration_atr"": 0.8500491642083692, ""r2"": null, ""regime"": ""bear"", ""respect_bounces"": 2, ""respect_breaks"": 1, ""respect_rated"": true, ""respect_resolved"": 5, ""respect_score"": 0.6, ""respect_sweeps"": 2, ""sessions"": [""london""], ""signal_bar_ts"": 1778572800, ""source_event_ts"": 1778572800, ""tide"": ""flat""}",GBPUSD,sweep_reclaim_bounce_v2:long,base
sweep_reclaim_bounce_v2,sweep_reclaim_bounce_v2:USDJPY:long:1779289200:liquidity:158.651,long,1779292800,1779292800,1779368400,market_next_open,158.8536480925,158.589,159.33001465900003,159.33001465900003,TP,1,0.06197951371926574,0.0016659868733131437,0.875,1.8,0.685,0.9,constant_spread_bid_ask,0.041117,1.758883,1.855978,-0.405414,158.651,liquidity,bounded_sweep_reclaimed,"{""atr"": 0.13146428571428714, ""choch_override"": false, ""instrument"": ""USDJPY"", ""penetration_atr"": 0.47161097527854173, ""r2"": null, ""regime"": ""range"", ""respect_bounces"": 1, ""respect_breaks"": 0, ""respect_rated"": true, ""respect_resolved"": 3, ""respect_score"": 0.6667, ""respect_sweeps"": 2, ""sessions"": [""newyork""], ""signal_bar_ts"": 1779289200, ""source_event_ts"": 1779289200, ""tide"": ""flat""}",USDJPY,sweep_reclaim_bounce_v2:long,base
sweep_reclaim_bounce_v2,sweep_reclaim_bounce_v2:USDJPY:long:1779984000:failed_break,long,1779994800,1779994800,1780063200,market_next_open,159.2671667,159.175,159.43306675999995,159.175,SL,1,0.0695249619945579,0.0005786924066627389,0.7916666666666666,-1.0,0.681667,0.9,constant_spread_bid_ask,0.117794,-1.117794,1.13014,-1.20791,159.1905,failed_break,bounded_sweep_reclaimed,"{""atr"": 0.11746428571428932, ""choch_override"": false, ""instrument"": ""USDJPY"", ""penetration_atr"": 0.6512617816963875, ""r2"": null, ""regime"": ""high_vol"", ""respect_bounces"": 1, ""respect_breaks"": 0, ""respect_rated"": true, ""respect_resolved"": 3, ""respect_score"": 0.6667, ""respect_sweeps"": 2, ""sessions"": [""newyork""], ""signal_bar_ts"": 1779991200, ""source_event_ts"": 1779984000, ""tide"": ""flat""}",USDJPY,sweep_reclaim_bounce_v2:long,base
sweep_reclaim_bounce_v2,sweep_reclaim_bounce_v2:EURUSD:long:1780495200:liquidity:1.159665,long,1780498800,1780498800,1780502400,market_next_open,1.161287255575,1.159485,1.16453131561,1.159485,SL,1,0.06719954124909874,0.0015519463994354628,0.041666666666666664,-1.0,0.651667,0.9,constant_spread_bid_ask,0.04199,-1.04199,0.0,-1.009532,1.159665,liquidity,bounded_sweep_reclaimed,"{""atr"": 0.000926428571428582, ""choch_override"": false, ""instrument"": ""EURUSD"", ""penetration_atr"": 0.19429452582866835, ""r2"": null, ""regime"": ""bear"", ""respect_bounces"": 2, ""respect_breaks"": 3, ""respect_rated"": true, ""respect_resolved"": 8, ""respect_score"": 0.4375, ""respect_sweeps"": 3, ""sessions"": [""london_ny_overlap"", ""london"", ""newyork""], ""signal_bar_ts"": 1780495200, ""source_event_ts"": 1780495200, ""tide"": ""flat""}",EURUSD,sweep_reclaim_bounce_v2:long,base
sweep_reclaim_bounce_v2,sweep_reclaim_bounce_v2:EURUSD:long:1780909200:liquidity:1.150795,long,1780912800,1780912800,1780916400,market_next_open,1.151306806475,1.149995,1.15366805813,1.15366805813,TP,1,0.04746586988954205,0.0011394065140780004,0.041666666666666664,1.8,0.651667,0.9,constant_spread_bid_ask,0.057194,1.742806,2.310742,-0.269553,1.150795,liquidity,bounded_sweep_reclaimed,"{""atr"": 0.0011967857142857197, ""choch_override"": false, ""instrument"": ""EURUSD"", ""penetration_atr"": 0.6684571769620242, ""r2"": null, ""regime"": ""high_vol"", ""respect_bounces"": 1, ""respect_breaks"": 0, ""respect_rated"": false, ""respect_resolved"": 1, ""respect_score"": 1.0, ""respect_sweeps"": 0, ""sessions"": [""london""], ""signal_bar_ts"": 1780909200, ""source_event_ts"": 1780909200, ""tide"": ""flat""}",EURUSD,sweep_reclaim_bounce_v2:long,base
sweep_reclaim_bounce_v2,sweep_reclaim_bounce_v2:EURUSD:long:1781172000:liquidity:1.152575,long,1781175600,1781175600,1781179200,market_next_open,1.153186891075,1.152315,1.15475629501,1.152315,SL,1,0.06428370056504348,0.0007560709211559793,0.041666666666666664,-1.0,0.651667,0.9,constant_spread_bid_ask,0.086191,-1.086191,1.274429,-1.822149,1.152575,liquidity,bounded_sweep_reclaimed,"{""atr"": 0.0008850000000000247, ""choch_override"": false, ""instrument"": ""EURUSD"", ""penetration_atr"": 0.29378531073437253, ""r2"": null, ""regime"": ""range"", ""respect_bounces"": 3, ""respect_breaks"": 2, ""respect_rated"": true, ""respect_resolved"": 5, ""respect_score"": 0.6, ""respect_sweeps"": 0, ""sessions"": [""london""], ""signal_bar_ts"": 1781172000, ""source_event_ts"": 1781172000, ""tide"": ""down""}",EURUSD,sweep_reclaim_bounce_v2:long,base
sweep_reclaim_bounce_v2,sweep_reclaim_bounce_v2:GBPUSD:long:1781179200:liquidity:1.33499,long,1781182800,1781182800,1781182800,market_next_open,1.3362018271875,1.33405,1.3400751161250002,1.33405,SL,1,0.05829452898549453,0.0016104058112458449,0.0,-1.0,0.65,1.15,constant_spread_bid_ask,0.040362,-1.040362,0.0,-1.098382,1.33499,liquidity,bounded_sweep_reclaimed,"{""atr"": 0.0012321428571428563, ""choch_override"": false, ""instrument"": ""GBPUSD"", ""penetration_atr"": 0.7628985507245902, ""r2"": null, ""regime"": ""range"", ""respect_bounces"": 2, ""respect_breaks"": 2, ""respect_rated"": true, ""respect_resolved"": 4, ""respect_score"": 0.5, ""respect_sweeps"": 0, ""sessions"": [""london_ny_overlap"", ""london"", ""newyork""], ""signal_bar_ts"": 1781179200, ""source_event_ts"": 1781179200, ""tide"": ""down""}",GBPUSD,sweep_reclaim_bounce_v2:long,base
sweep_reclaim_bounce_v2,sweep_reclaim_bounce_v2:GBPUSD:long:1781193600:failed_break,long,1781204400,1781204400,1781589600,market_next_open,1.3398270356250002,1.3336733285714286,1.350903708321429,1.34050291665,TIME,1,0.03080328959038647,0.004592911540033952,4.458333333333333,0.109833,0.828333,1.15,constant_spread_bid_ask,0.018035,0.091798,1.006802,-0.251717,1.333915,failed_break,bounded_sweep_reclaimed,"{""atr"": 0.0020139285714285693, ""choch_override"": true, ""instrument"": ""GBPUSD"", ""penetration_atr"": 0.7224685227877212, ""r2"": null, ""regime"": ""high_vol"", ""respect_bounces"": 2, ""respect_breaks"": 2, ""respect_rated"": true, ""respect_resolved"": 5, ""respect_score"": 0.5, ""respect_sweeps"": 1, ""sessions"": [""newyork""], ""signal_bar_ts"": 1781200800, ""source_event_ts"": 1781193600, ""tide"": ""flat""}",GBPUSD,sweep_reclaim_bounce_v2:long,base
sweep_reclaim_bounce_v2,sweep_reclaim_bounce_v2:GBPUSD:long:1781586000:failed_break,long,1781600400,1781600400,1781704800,market_next_open,1.3424871885750003,1.3396208,1.3476466880100006,1.3396208,SL,1,0.10356384058005332,0.0021351329080784567,1.2083333333333333,-1.0,0.698333,1.15,constant_spread_bid_ask,0.032707,-1.032707,0.619425,-1.414377,1.339745,failed_break,bounded_sweep_reclaimed,"{""atr"": 0.0010350000000000556, ""choch_override"": true, ""instrument"": ""GBPUSD"", ""penetration_atr"": 0.652173913043425, ""r2"": null, ""regime"": ""range"", ""respect_bounces"": 1, ""respect_breaks"": 2, ""respect_rated"": true, ""respect_resolved"": 5, ""respect_score"": 0.4, ""respect_sweeps"": 2, ""sessions"": [""london""], ""signal_bar_ts"": 1781596800, ""source_event_ts"": 1781586000, ""tide"": ""flat""}",GBPUSD,sweep_reclaim_bounce_v2:long,base
sweep_reclaim_bounce_v2,sweep_reclaim_bounce_v2:GBPUSD:long:1723111200:liquidity:1.26702,long,1723114800,1723114800,1723118400,market_next_open,1.269182698659375,1.266515,1.27398455624625,1.266515,SL,1,0.11333413161150699,0.0021019027931856137,0.041666666666666664,-1.0,1.2025,2.0124999999999997,constant_spread_bid_ask,0.05721,-1.05721,0.337177,-1.036528,1.26702,liquidity,bounded_sweep_reclaimed,"{""atr"": 0.0013032142857142906, ""choch_override"": false, ""instrument"": ""GBPUSD"", ""penetration_atr"": 0.3875034255960351, ""r2"": null, ""regime"": ""bear"", ""respect_bounces"": 1, ""respect_breaks"": 0, ""respect_rated"": false, ""respect_resolved"": 1, ""respect_score"": 1.0, ""respect_sweeps"": 0, ""sessions"": [""london""], ""signal_bar_ts"": 1723111200, ""source_event_ts"": 1723111200, ""tide"": ""flat""}",GBPUSD,sweep_reclaim_bounce_v2:long,stress
sweep_reclaim_bounce_v2,sweep_reclaim_bounce_v2:EURUSD:long:1723726800:liquidity:1.09519,long,1723730400,1723730400,1723827600,market_next_open,1.0969513781187499,1.094965,1.1005268587324997,1.1005268587324997,TP,1,0.0921681313039658,0.001810816922584581,1.125,1.8,1.2675,1.575,constant_spread_bid_ask,0.069996,1.730004,2.13801,-0.263157,1.09519,liquidity,bounded_sweep_reclaimed,"{""atr"": 0.0009914285714285479, ""choch_override"": false, ""instrument"": ""EURUSD"", ""penetration_atr"": 0.2269452449569207, ""r2"": null, ""regime"": ""bull"", ""respect_bounces"": 1, ""respect_breaks"": 1, ""respect_rated"": true, ""respect_resolved"": 2, ""respect_score"": 0.5, ""respect_sweeps"": 0, ""sessions"": [""london_ny_overlap"", ""london"", ""newyork""], ""signal_bar_ts"": 1723726800, ""source_event_ts"": 1723726800, ""tide"": ""flat""}",EURUSD,sweep_reclaim_bounce_v2:long,stress
sweep_reclaim_bounce_v2,sweep_reclaim_bounce_v2:GBPUSD:long:1723726800:liquidity:1.281005,long,1723730400,1723730400,1723802400,market_next_open,1.2837041597343748,1.27988,1.2905876472562496,1.2905876472562496,TP,1,0.106115044138179,0.002979003928106135,0.8333333333333334,1.8,1.25,2.0124999999999997,constant_spread_bid_ask,0.04196,1.75804,1.890854,-0.168215,1.281005,liquidity,bounded_sweep_reclaimed,"{""atr"": 0.0012642857142856861, ""choch_override"": false, ""instrument"": ""GBPUSD"", ""penetration_atr"": 0.8898305084746299, ""r2"": null, ""regime"": ""bull"", ""respect_bounces"": 0, ""respect_breaks"": 0, ""respect_rated"": false, ""respect_resolved"": 0, ""respect_score"": null, ""respect_sweeps"": 0, ""sessions"": [""london_ny_overlap"", ""london"", ""newyork""], ""signal_bar_ts"": 1723726800, ""source_event_ts"": 1723726800, ""tide"": ""flat""}",GBPUSD,sweep_reclaim_bounce_v2:long,stress
sweep_reclaim_bounce_v2,sweep_reclaim_bounce_v2:EURUSD:long:1726063200:liquidity:1.100345,long,1726066800,1726066800,1726142400,market_next_open,1.10112170650625,1.1001810285714284,1.1028149267889287,1.1028149267889287,TP,1,0.0671140139832817,0.0008542906104414491,0.875,1.8,1.2525,1.575,constant_spread_bid_ask,0.146613,1.653387,2.17015,-0.694579,1.100345,liquidity,bounded_sweep_reclaimed,"{""atr"": 0.0013664285714285462, ""choch_override"": false, ""instrument"": ""EURUSD"", ""penetration_atr"": 0.1024568740197247, ""r2"": null, ""regime"": ""range"", ""respect_bounces"": 1, ""respect_breaks"": 0, ""respect_rated"": false, ""respect_resolved"": 1, ""respect_score"": 1.0, ""respect_sweeps"": 0, ""sessions"": [""london_ny_overlap"", ""london"", ""newyork""], ""signal_bar_ts"": 1726063200, ""source_event_ts"": 1726063200, ""tide"": ""down""}",EURUSD,sweep_reclaim_bounce_v2:long,stress
sweep_reclaim_bounce_v2,sweep_reclaim_bounce_v2:EURUSD:long:1731394800:liquidity:1.062865,long,1731398400,1731398400,1731398400,market_next_open,1.06328872739375,1.062145,1.0653474367025,1.062145,SL,1,0.09719431327150972,0.0010756508220993097,0.0,-1.0,1.2,1.575,constant_spread_bid_ask,0.11156,-1.11156,0.045927,-1.449067,1.062865,liquidity,bounded_sweep_reclaimed,"{""atr"": 0.0008099999999999932, ""choch_override"": false, ""instrument"": ""EURUSD"", ""penetration_atr"": 0.8888888888889629, ""r2"": null, ""regime"": ""bear"", ""respect_bounces"": 1, ""respect_breaks"": 0, ""respect_rated"": false, ""respect_resolved"": 1, ""respect_score"": 1.0, ""respect_sweeps"": 0, ""sessions"": [""london""], ""signal_bar_ts"": 1731394800, ""source_event_ts"": 1731394800, ""tide"": ""flat""}",EURUSD,sweep_reclaim_bounce_v2:long,stress
sweep_reclaim_bounce_v2,sweep_reclaim_bounce_v2:EURUSD:long:1731427200:failed_break,long,1731445200,1731445200,1731484800,market_next_open,1.0623136506125,1.0600303,1.066423681715,1.0600303,SL,1,0.06459061020033746,0.0021494128510759903,0.4583333333333333,-1.0,1.2275,1.575,constant_spread_bid_ask,0.057109,-1.057109,0.242031,-1.338854,1.060195,failed_break,bounded_sweep_reclaimed,"{""atr"": 0.0013724999999999987, ""choch_override"": false, ""instrument"": ""EURUSD"", ""penetration_atr"": 0.4918032786885113, ""r2"": null, ""regime"": ""bear"", ""respect_bounces"": 0, ""respect_breaks"": 0, ""respect_rated"": false, ""respect_resolved"": 1, ""respect_score"": 0.5, ""respect_sweeps"": 1, ""sessions"": [""newyork""], ""signal_bar_ts"": 1731441600, ""source_event_ts"": 1731427200, ""tide"": ""flat""}",EURUSD,sweep_reclaim_bounce_v2:long,stress
sweep_reclaim_bounce_v2,sweep_reclaim_bounce_v2:EURUSD:long:1732118400:liquidity:1.051595,long,1732122000,1732122000,1732147200,market_next_open,1.0520928457874998,1.050685,1.0546269682049993,1.0546269682049993,TP,1,0.05125045967547044,0.0013381383526526757,0.2916666666666667,1.8,1.2175,1.575,constant_spread_bid_ask,0.090985,1.709015,1.821289,-0.394689,1.051595,liquidity,bounded_sweep_reclaimed,"{""atr"": 0.001518928571428562, ""choch_override"": false, ""instrument"": ""EURUSD"", ""penetration_atr"": 0.5991065130495936, ""r2"": null, ""regime"": ""range"", ""respect_bounces"": 1, ""respect_breaks"": 1, ""respect_rated"": true, ""respect_resolved"": 4, ""respect_score"": 0.5, ""respect_sweeps"": 2, ""sessions"": [""newyork""], ""signal_bar_ts"": 1732118400, ""source_event_ts"": 1732118400, ""tide"": ""down""}",EURUSD,sweep_reclaim_bounce_v2:long,stress
sweep_reclaim_bounce_v2,sweep_reclaim_bounce_v2:GBPUSD:long:1733302800:liquidity:1.26368,long,1733306400,1733306400,1733407200,market_next_open,1.26779755929375,1.263015,1.2764061660225001,1.2764061660225001,TP,1,0.08107602064220366,0.0037723367257579015,1.1666666666666667,1.8,1.27,2.0124999999999997,constant_spread_bid_ask,0.033666,1.766334,1.91716,-0.384723,1.26368,liquidity,bounded_sweep_reclaimed,"{""atr"": 0.0016349999999999737, ""choch_override"": false, ""instrument"": ""GBPUSD"", ""penetration_atr"": 0.40672782874613234, ""r2"": null, ""regime"": ""range"", ""respect_bounces"": 5, ""respect_breaks"": 3, ""respect_rated"": true, ""respect_resolved"": 8, ""respect_score"": 0.625, ""respect_sweeps"": 0, ""sessions"": [""london""], ""signal_bar_ts"": 1733302800, ""source_event_ts"": 1733302800, ""tide"": ""flat""}",GBPUSD,sweep_reclaim_bounce_v2:long,stress
sweep_reclaim_bounce_v2,sweep_reclaim_bounce_v2:EURUSD:long:1733320800:liquidity:1.04793,long,1733324400,1733324400,1733324400,market_next_open,1.0496576540312499,1.04724,1.0540094312874997,1.0540094312874997,TP,1,0.09346417266555379,0.0023032786184760783,0.0,1.8,1.2,1.575,constant_spread_bid_ask,0.0521,1.7479,1.93134,-0.068375,1.04793,liquidity,bounded_sweep_reclaimed,"{""atr"": 0.0016867857142856943, ""choch_override"": false, ""instrument"": ""EURUSD"", ""penetration_atr"": 0.40906203684104286, ""r2"": null, ""regime"": ""range"", ""respect_bounces"": 3, ""respect_breaks"": 3, ""respect_rated"": true, ""respect_resolved"": 10, ""respect_score"": 0.5, ""respect_sweeps"": 4, ""sessions"": [""london_ny_overlap"", ""london"", ""newyork""], ""signal_bar_ts"": 1733320800, ""source_event_ts"": 1733320800, ""tide"": ""down""}",EURUSD,sweep_reclaim_bounce_v2:long,stress
sweep_reclaim_bounce_v2,sweep_reclaim_bounce_v2:GBPUSD:long:1733720400:failed_break,long,1733731200,1733731200,1733911200,market_next_open,1.2764084256750001,1.2719915428571429,1.2843588147471432,1.2719915428571429,SL,1,0.1289633558125921,0.0034603992961903768,2.0833333333333335,-1.0,1.325,2.0124999999999997,constant_spread_bid_ask,0.03829,-1.03829,0.760216,-1.178739,1.272125,failed_break,bounded_sweep_reclaimed,"{""atr"": 0.0011121428571428155, ""choch_override"": true, ""instrument"": ""GBPUSD"", ""penetration_atr"": 0.37764932562609693, ""r2"": null, ""regime"": ""range"", ""respect_bounces"": 1, ""respect_breaks"": 1, ""respect_rated"": true, ""respect_resolved"": 4, ""respect_score"": 0.5, ""respect_sweeps"": 2, ""sessions"": [""london""], ""signal_bar_ts"": 1733727600, ""source_event_ts"": 1733720400, ""tide"": ""flat""}",GBPUSD,sweep_reclaim_bounce_v2:long,stress
sweep_reclaim_bounce_v2,sweep_reclaim_bounce_v2:EURUSD:long:1733716800:failed_break,long,1733734800,1733734800,1733821200,market_next_open,1.0568282186687499,1.0535342285714286,1.062757400843928,1.0535342285714286,SL,1,0.06913266177381168,0.003116864253937652,1.0,-1.0,1.26,1.575,constant_spread_bid_ask,0.040425,-1.040425,0.769082,-1.395295,1.05367,failed_break,bounded_sweep_reclaimed,"{""atr"": 0.0011314285714285452, ""choch_override"": false, ""instrument"": ""EURUSD"", ""penetration_atr"": 0.4065656565657782, ""r2"": null, ""regime"": ""range"", ""respect_bounces"": 0, ""respect_breaks"": 1, ""respect_rated"": true, ""respect_resolved"": 4, ""respect_score"": 0.375, ""respect_sweeps"": 3, ""sessions"": [""london""], ""signal_bar_ts"": 1733731200, ""source_event_ts"": 1733716800, ""tide"": ""flat""}",EURUSD,sweep_reclaim_bounce_v2:long,stress
sweep_reclaim_bounce_v2,sweep_reclaim_bounce_v2:EURUSD:long:1733832000:liquidity:1.052315,long,1733835600,1733835600,1733835600,market_next_open,1.0531629300499998,1.05204,1.0551842041399995,1.05204,SL,1,0.09491292983792482,0.0010662453244024042,0.0,-1.0,1.2,1.575,constant_spread_bid_ask,0.112544,-1.112544,0.0,-1.474484,1.052315,liquidity,bounded_sweep_reclaimed,"{""atr"": 0.0009264285714285979, ""choch_override"": false, ""instrument"": ""EURUSD"", ""penetration_atr"": 0.2968388589049448, ""r2"": null, ""regime"": ""bear"", ""respect_bounces"": 3, ""respect_breaks"": 2, ""respect_rated"": true, ""respect_resolved"": 6, ""respect_score"": 0.5833, ""respect_sweeps"": 1, ""sessions"": [""london_ny_overlap"", ""london"", ""newyork""], ""signal_bar_ts"": 1733832000, ""source_event_ts"": 1733832000, ""tide"": ""flat""}",EURUSD,sweep_reclaim_bounce_v2:long,stress
sweep_reclaim_bounce_v2,sweep_reclaim_bounce_v2:GBPUSD:long:1734102000:failed_break,long,1734109200,1734109200,1734112800,market_next_open,1.26277705415625,1.26123,1.2655617516374997,1.26123,SL,1,0.07801415684081313,0.0012251205794070986,0.041666666666666664,-1.0,1.2025,2.0124999999999997,constant_spread_bid_ask,0.098154,-1.098154,0.029644,-1.010938,1.261875,failed_break,bounded_sweep_reclaimed,"{""atr"": 0.0017567857142856771, ""choch_override"": false, ""instrument"": ""GBPUSD"", ""penetration_atr"": 0.5976824557837059, ""r2"": null, ""regime"": ""bear"", ""respect_bounces"": 1, ""respect_breaks"": 0, ""respect_rated"": true, ""respect_resolved"": 2, ""respect_score"": 0.75, ""respect_sweeps"": 1, ""sessions"": [""newyork""], ""signal_bar_ts"": 1734105600, ""source_event_ts"": 1734102000, ""tide"": ""flat""}",GBPUSD,sweep_reclaim_bounce_v2:long,stress
sweep_reclaim_bounce_v2,sweep_reclaim_bounce_v2:GBPUSD:long:1739984400:liquidity:1.25695,long,1739988000,1739988000,1740016800,market_next_open,1.257421515309375,1.256345,1.2593592428662501,1.2593592428662501,TP,1,0.09080187389340835,0.000856129226570583,0.3333333333333333,1.8,1.22,2.0124999999999997,constant_spread_bid_ask,0.142502,1.657498,1.817668,-0.838785,1.25695,liquidity,bounded_sweep_reclaimed,"{""atr"": 0.0016135714285714364, ""choch_override"": false, ""instrument"": ""GBPUSD"", ""penetration_atr"": 0.3749446657812967, ""r2"": null, ""regime"": ""range"", ""respect_bounces"": 1, ""respect_breaks"": 0, ""respect_rated"": false, ""respect_resolved"": 1, ""respect_score"": 1.0, ""respect_sweeps"": 0, ""sessions"": [""newyork""], ""signal_bar_ts"": 1739984400, ""source_event_ts"": 1739984400, ""tide"": ""flat""}",GBPUSD,sweep_reclaim_bounce_v2:long,stress
sweep_reclaim_bounce_v2,sweep_reclaim_bounce_v2:GBPUSD:long:1740409200:failed_break,long,1740416400,1740416400,1740430800,market_next_open,1.264032180440625,1.26177,1.2681041052337496,1.26177,SL,1,0.06971519846312584,0.0017896541525044927,0.16666666666666666,-1.0,1.21,2.0124999999999997,constant_spread_bid_ask,0.067611,-1.067611,0.406918,-1.038445,1.26251,failed_break,bounded_sweep_reclaimed,"{""atr"": 0.0018242857142857227, ""choch_override"": false, ""instrument"": ""GBPUSD"", ""penetration_atr"": 0.715348472983613, ""r2"": null, ""regime"": ""high_vol"", ""respect_bounces"": 2, ""respect_breaks"": 2, ""respect_rated"": true, ""respect_resolved"": 4, ""respect_score"": 0.5, ""respect_sweeps"": 0, ""sessions"": [""newyork""], ""signal_bar_ts"": 1740412800, ""source_event_ts"": 1740409200, ""tide"": ""flat""}",GBPUSD,sweep_reclaim_bounce_v2:long,stress
sweep_reclaim_bounce_v2,sweep_reclaim_bounce_v2:EURUSD:long:1740628800:failed_break,long,1740646800,1740646800,1740661200,market_next_open,1.0479375185812498,1.0463699714285715,1.0507591034560708,1.0463699714285715,SL,1,0.0913010534648632,0.0014958402813944442,0.16666666666666666,-1.0,1.21,1.575,constant_spread_bid_ask,0.080891,-1.080891,0.605963,-3.881587,1.046485,failed_break,bounded_sweep_reclaimed,"{""atr"": 0.0009585714285714277, ""choch_override"": false, ""instrument"": ""EURUSD"", ""penetration_atr"": 0.5894187779435238, ""r2"": null, ""regime"": ""range"", ""respect_bounces"": 1, ""respect_breaks"": 1, ""respect_rated"": true, ""respect_resolved"": 9, ""respect_score"": 0.5, ""respect_sweeps"": 7, ""sessions"": [""london""], ""signal_bar_ts"": 1740643200, ""source_event_ts"": 1740628800, ""tide"": ""flat""}",EURUSD,sweep_reclaim_bounce_v2:long,stress
sweep_reclaim_bounce_v2,sweep_reclaim_bounce_v2:EURUSD:long:1740672000:liquidity:1.04096,long,1740675600,1740675600,1740675600,market_next_open,1.041462008675,1.04033,1.0434996242899999,1.04033,SL,1,0.05461203541806866,0.0010869418812887476,0.0,-1.0,1.2,1.575,constant_spread_bid_ask,0.110401,-1.110401,0.243768,-1.328534,1.04096,liquidity,bounded_sweep_reclaimed,"{""atr"": 0.0015932142857142553, ""choch_override"": false, ""instrument"": ""EURUSD"", ""penetration_atr"": 0.39542703429733217, ""r2"": null, ""regime"": ""high_vol"", ""respect_bounces"": 0, ""respect_breaks"": 0, ""respect_rated"": true, ""respect_resolved"": 2, ""respect_score"": 0.5, ""respect_sweeps"": 2, ""sessions"": [""newyork""], ""signal_bar_ts"": 1740672000, ""source_event_ts"": 1740672000, ""tide"": ""flat""}",EURUSD,sweep_reclaim_bounce_v2:long,stress
sweep_reclaim_bounce_v2,sweep_reclaim_bounce_v2:GBPUSD:long:1740672000:liquidity:1.262215,long,1740675600,1740675600,1740675600,market_next_open,1.2628220586843748,1.26158,1.2650577643162495,1.26158,SL,1,0.08038354701069425,0.0009835579572223137,0.0,-1.0,1.2,2.0124999999999997,constant_spread_bid_ask,0.122006,-1.122006,0.020816,-1.637554,1.262215,liquidity,bounded_sweep_reclaimed,"{""atr"": 0.001642857142857168, ""choch_override"": false, ""instrument"": ""GBPUSD"", ""penetration_atr"": 0.3865217391305282, ""r2"": null, ""regime"": ""range"", ""respect_bounces"": 4, ""respect_breaks"": 2, ""respect_rated"": true, ""respect_resolved"": 8, ""respect_score"": 0.625, ""respect_sweeps"": 2, ""sessions"": [""newyork""], ""signal_bar_ts"": 1740672000, ""source_event_ts"": 1740672000, ""tide"": ""flat""}",GBPUSD,sweep_reclaim_bounce_v2:long,stress
sweep_reclaim_bounce_v2,sweep_reclaim_bounce_v2:GBPUSD:long:1740722400:failed_break,long,1740733200,1740733200,1740758400,market_next_open,1.260171792028125,1.2580527857142858,1.2639860033930357,1.2580527857142858,SL,1,0.14003425873362643,0.0016815217792082735,0.2916666666666667,-1.0,1.2175,2.0124999999999997,constant_spread_bid_ask,0.072405,-1.072405,0.887775,-1.051618,1.2582,failed_break,bounded_sweep_reclaimed,"{""atr"": 0.0012267857142857417, ""choch_override"": false, ""instrument"": ""GBPUSD"", ""penetration_atr"": 0.7295487627365929, ""r2"": null, ""regime"": ""bear"", ""respect_bounces"": 4, ""respect_breaks"": 1, ""respect_rated"": true, ""respect_resolved"": 6, ""respect_score"": 0.75, ""respect_sweeps"": 1, ""sessions"": [""london""], ""signal_bar_ts"": 1740729600, ""source_event_ts"": 1740722400, ""tide"": ""flat""}",GBPUSD,sweep_reclaim_bounce_v2:long,stress
sweep_reclaim_bounce_v2,sweep_reclaim_bounce_v2:EURUSD:long:1741870800:liquidity:1.082625,long,1741874400,1741874400,1741946400,market_next_open,1.0848104220937498,1.08226,1.0894011818624993,1.0894011818624993,TP,1,0.03367473377768736,0.002351030227776862,0.8333333333333334,1.8,1.25,1.575,constant_spread_bid_ask,0.053168,1.746832,2.501013,-0.715848,1.082625,liquidity,bounded_sweep_reclaimed,"{""atr"": 0.0017942857142857166, ""choch_override"": false, ""instrument"": ""EURUSD"", ""penetration_atr"": 0.20342356687895205, ""r2"": null, ""regime"": ""range"", ""respect_bounces"": 3, ""respect_breaks"": 1, ""respect_rated"": true, ""respect_resolved"": 4, ""respect_score"": 0.75, ""respect_sweeps"": 0, ""sessions"": [""london_ny_overlap"", ""london"", ""newyork""], ""signal_bar_ts"": 1741870800, ""source_event_ts"": 1741870800, ""tide"": ""flat""}",EURUSD,sweep_reclaim_bounce_v2:long,stress
sweep_reclaim_bounce_v2,sweep_reclaim_bounce_v2:EURUSD:long:1742403600:failed_break,long,1742410800,1742410800,1742454000,market_next_open,1.09084589735,1.086525,1.09862351258,1.086525,SL,1,0.03280498428002575,0.0039610520243938685,0.5,-1.0,1.23,1.575,constant_spread_bid_ask,0.031052,-1.031052,0.187028,-1.027902,1.087335,failed_break,bounded_sweep_reclaimed,"{""atr"": 0.0017039285714285526, ""choch_override"": false, ""instrument"": ""EURUSD"", ""penetration_atr"": 0.748270802766674, ""r2"": null, ""regime"": ""range"", ""respect_bounces"": 4, ""respect_breaks"": 3, ""respect_rated"": true, ""respect_resolved"": 7, ""respect_score"": 0.5714, ""respect_sweeps"": 0, ""sessions"": [""newyork""], ""signal_bar_ts"": 1742407200, ""source_event_ts"": 1742403600, ""tide"": ""flat""}",EURUSD,sweep_reclaim_bounce_v2:long,stress
sweep_reclaim_bounce_v2,sweep_reclaim_bounce_v2:EURUSD:long:1742464800:liquidity:1.08384,long,1742468400,1742468400,1742472000,market_next_open,1.0846704110687497,1.083345,1.0870561509924992,1.083345,SL,1,0.060950458175256045,0.0012219482113868764,0.041666666666666664,-1.0,1.2025,1.575,constant_spread_bid_ask,0.098408,-1.098408,0.636857,-1.245429,1.08384,liquidity,bounded_sweep_reclaimed,"{""atr"": 0.001319285714285745, ""choch_override"": false, ""instrument"": ""EURUSD"", ""penetration_atr"": 0.37520303194361715, ""r2"": null, ""regime"": ""bear"", ""respect_bounces"": 2, ""respect_breaks"": 1, ""respect_rated"": true, ""respect_resolved"": 8, ""respect_score"": 0.5625, ""respect_sweeps"": 5, ""sessions"": [""london""], ""signal_bar_ts"": 1742464800, ""source_event_ts"": 1742464800, ""tide"": ""flat""}",EURUSD,sweep_reclaim_bounce_v2:long,stress
sweep_reclaim_bounce_v2,sweep_reclaim_bounce_v2:EURUSD:long:1742889600:liquidity:1.07817,long,1742893200,1742893200,1742896800,market_next_open,1.07912997479375,1.0777,1.0817039294224997,1.0817039294224997,TP,1,0.08256984605445014,0.0013251182222263356,0.041666666666666664,1.8,1.2025,1.575,constant_spread_bid_ask,0.090747,1.709253,2.265622,-0.318136,1.07817,liquidity,bounded_sweep_reclaimed,"{""atr"": 0.0009685714285714297, ""choch_override"": false, ""instrument"": ""EURUSD"", ""penetration_atr"": 0.4852507374630957, ""r2"": null, ""regime"": ""bear"", ""respect_bounces"": 1, ""respect_breaks"": 0, ""respect_rated"": false, ""respect_resolved"": 1, ""respect_score"": 1.0, ""respect_sweeps"": 0, ""sessions"": [""london""], ""signal_bar_ts"": 1742889600, ""source_event_ts"": 1742889600, ""tide"": ""flat""}",EURUSD,sweep_reclaim_bounce_v2:long,stress
sweep_reclaim_bounce_v2,sweep_reclaim_bounce_v2:GBPUSD:long:1743415200:liquidity:1.292245,long,1743418800,1743418800,1743429600,market_next_open,1.29397019265,1.29183,1.29782253942,1.29183,SL,1,0.08101969856822681,0.0016539736866866717,0.125,-1.0,1.2075,2.0124999999999997,constant_spread_bid_ask,0.073006,-1.073006,0.868801,-1.777891,1.292245,liquidity,bounded_sweep_reclaimed,"{""atr"": 0.0014217857142857187, ""choch_override"": false, ""instrument"": ""GBPUSD"", ""penetration_atr"": 0.2918864606883065, ""r2"": null, ""regime"": ""range"", ""respect_bounces"": 4, ""respect_breaks"": 4, ""respect_rated"": true, ""respect_resolved"": 10, ""respect_score"": 0.5, ""respect_sweeps"": 2, ""sessions"": [""london""], ""signal_bar_ts"": 1743415200, ""source_event_ts"": 1743415200, ""tide"": ""flat""}",GBPUSD,sweep_reclaim_bounce_v2:long,stress
sweep_reclaim_bounce_v2,sweep_reclaim_bounce_v2:GBPUSD:long:1743757200:liquidity:1.2973,long,1743760800,1743760800,1743768000,market_next_open,1.2989556942656248,1.29623,1.3038619439437495,1.3038619439437495,TP,1,0.047976141929256554,0.002098373545500988,0.08333333333333333,1.8,1.205,2.0124999999999997,constant_spread_bid_ask,0.057425,1.742575,2.228047,-0.519601,1.2973,liquidity,bounded_sweep_reclaimed,"{""atr"": 0.002515714285714304, ""choch_override"": false, ""instrument"": ""GBPUSD"", ""penetration_atr"": 0.42532651902324115, ""r2"": null, ""regime"": ""bull"", ""respect_bounces"": 1, ""respect_breaks"": 0, ""respect_rated"": false, ""respect_resolved"": 1, ""respect_score"": 1.0, ""respect_sweeps"": 0, ""sessions"": [""london""], ""signal_bar_ts"": 1743757200, ""source_event_ts"": 1743757200, ""tide"": ""flat""}",GBPUSD,sweep_reclaim_bounce_v2:long,stress
sweep_reclaim_bounce_v2,sweep_reclaim_bounce_v2:GBPUSD:long:1746082800:liquidity:1.327895,long,1746086400,1746086400,1746111600,market_next_open,1.3307138896125001,1.32748,1.3365348909150003,1.32748,SL,1,0.09230732171383009,0.0024301915218167976,0.2916666666666667,-1.0,1.2175,2.0124999999999997,constant_spread_bid_ask,0.050099,-1.050099,1.144696,-1.347408,1.327895,liquidity,bounded_sweep_reclaimed,"{""atr"": 0.0013421428571428631, ""choch_override"": false, ""instrument"": ""GBPUSD"", ""penetration_atr"": 0.30920702501334396, ""r2"": null, ""regime"": ""bear"", ""respect_bounces"": 3, ""respect_breaks"": 3, ""respect_rated"": true, ""respect_resolved"": 8, ""respect_score"": 0.5, ""respect_sweeps"": 2, ""sessions"": [""london""], ""signal_bar_ts"": 1746082800, ""source_event_ts"": 1746082800, ""tide"": ""flat""}",GBPUSD,sweep_reclaim_bounce_v2:long,stress
sweep_reclaim_bounce_v2,sweep_reclaim_bounce_v2:EURUSD:long:1746687600:liquidity:1.127685,long,1746691200,1746691200,1746716400,market_next_open,1.129828967025,1.12704,1.1348491076699996,1.12704,SL,1,0.046313619081135175,0.0024684860331945753,0.2916666666666667,-1.0,1.2175,1.575,constant_spread_bid_ask,0.049322,-1.049322,0.757229,-2.317144,1.127685,liquidity,bounded_sweep_reclaimed,"{""atr"": 0.0020289285714285726, ""choch_override"": false, ""instrument"": ""EURUSD"", ""penetration_atr"": 0.31790177785601437, ""r2"": null, ""regime"": ""range"", ""respect_bounces"": 2, ""respect_breaks"": 0, ""respect_rated"": true, ""respect_resolved"": 3, ""respect_score"": 0.8333, ""respect_sweeps"": 1, ""sessions"": [""london""], ""signal_bar_ts"": 1746687600, ""source_event_ts"": 1746687600, ""tide"": ""flat""}",EURUSD,sweep_reclaim_bounce_v2:long,stress
sweep_reclaim_bounce_v2,sweep_reclaim_bounce_v2:EURUSD:long:1747411200:liquidity:1.114015,long,1747414800,1747414800,1747602000,market_next_open,1.114587766875,1.113115,1.1172387472499996,1.1172387472499996,TP_GAP,1,0.05952045142066872,0.0013213556785475057,2.1666666666666665,1.8,1.33,1.575,constant_spread_bid_ask,0.100654,1.699346,2.579603,-0.489209,1.114015,liquidity,bounded_sweep_reclaimed,"{""atr"": 0.001558571428571425, ""choch_override"": false, ""instrument"": ""EURUSD"", ""penetration_atr"": 0.5774518790100203, ""r2"": null, ""regime"": ""range"", ""respect_bounces"": 0, ""respect_breaks"": 1, ""respect_rated"": false, ""respect_resolved"": 1, ""respect_score"": 0.0, ""respect_sweeps"": 0, ""sessions"": [""newyork""], ""signal_bar_ts"": 1747411200, ""source_event_ts"": 1747411200, ""tide"": ""down""}",EURUSD,sweep_reclaim_bounce_v2:long,stress
sweep_reclaim_bounce_v2,sweep_reclaim_bounce_v2:EURUSD:long:1747926000:liquidity:1.127495,long,1747929600,1747929600,1747933200,market_next_open,1.1281238327562497,1.12659,1.1308847317174993,1.12659,SL,1,0.03428779887904929,0.0013596315508220922,0.041666666666666664,-1.0,1.2025,1.575,constant_spread_bid_ask,0.088443,-1.088443,0.379621,-1.703232,1.127495,liquidity,bounded_sweep_reclaimed,"{""atr"": 0.002007500000000035, ""choch_override"": false, ""instrument"": ""EURUSD"", ""penetration_atr"": 0.45080946450805376, ""r2"": null, ""regime"": ""high_vol"", ""respect_bounces"": 0, ""respect_breaks"": 1, ""respect_rated"": false, ""respect_resolved"": 1, ""respect_score"": 0.0, ""respect_sweeps"": 0, ""sessions"": [""newyork""], ""signal_bar_ts"": 1747926000, ""source_event_ts"": 1747926000, ""tide"": ""flat""}",EURUSD,sweep_reclaim_bounce_v2:long,stress
sweep_reclaim_bounce_v2,sweep_reclaim_bounce_v2:GBPUSD:long:1748437200:liquidity:1.346135,long,1748440800,1748440800,1748473200,market_next_open,1.346800508165625,1.344975,1.3500864228637497,1.344975,SL,1,0.07448488865667509,0.0013554406569917805,0.375,-1.0,1.2225,2.0124999999999997,constant_spread_bid_ask,0.090192,-1.090192,1.094903,-2.961093,1.346135,liquidity,bounded_sweep_reclaimed,"{""atr"": 0.0017521428571428846, ""choch_override"": false, ""instrument"": ""GBPUSD"", ""penetration_atr"": 0.6620464737056846, ""r2"": null, ""regime"": ""bear"", ""respect_bounces"": 1, ""respect_breaks"": 0, ""respect_rated"": false, ""respect_resolved"": 1, ""respect_score"": 1.0, ""respect_sweeps"": 0, ""sessions"": [""london_ny_overlap"", ""london"", ""newyork""], ""signal_bar_ts"": 1748437200, ""source_event_ts"": 1748437200, ""tide"": ""flat""}",GBPUSD,sweep_reclaim_bounce_v2:long,stress
sweep_reclaim_bounce_v2,sweep_reclaim_bounce_v2:EURUSD:long:1749013200:failed_break,long,1749020400,1749020400,1749045600,market_next_open,1.1378796009625,1.135745,1.1417218826950002,1.1417218826950002,TP,1,0.0721104094369877,0.0018759462430774467,0.2916666666666667,1.8,1.2175,1.575,constant_spread_bid_ask,0.064901,1.735099,2.56739,-0.222139,1.136415,failed_break,bounded_sweep_reclaimed,"{""atr"": 0.0011732142857142952, ""choch_override"": false, ""instrument"": ""EURUSD"", ""penetration_atr"": 0.5923896499237981, ""r2"": null, ""regime"": ""range"", ""respect_bounces"": 3, ""respect_breaks"": 2, ""respect_rated"": true, ""respect_resolved"": 6, ""respect_score"": 0.5833, ""respect_sweeps"": 1, ""sessions"": [""london""], ""signal_bar_ts"": 1749016800, ""source_event_ts"": 1749013200, ""tide"": ""flat""}",EURUSD,sweep_reclaim_bounce_v2:long,stress
sweep_reclaim_bounce_v2,sweep_reclaim_bounce_v2:GBPUSD:long:1752670800:failed_break,long,1752678000,1752678000,1752678000,market_next_open,1.3393697605218748,1.33666,1.3442473294612496,1.3442473294612496,TP,1,0.07376362983928869,0.0020231608938364007,0.0,1.8,1.2,2.0124999999999997,constant_spread_bid_ask,0.059313,1.740687,3.365439,-0.099463,1.337895,failed_break,bounded_sweep_reclaimed,"{""atr"": 0.0016235714285714545, ""choch_override"": false, ""instrument"": ""GBPUSD"", ""penetration_atr"": 0.8499780026397675, ""r2"": null, ""regime"": ""bear"", ""respect_bounces"": 1, ""respect_breaks"": 0, ""respect_rated"": false, ""respect_resolved"": 1, ""respect_score"": 1.0, ""respect_sweeps"": 0, ""sessions"": [""london_ny_overlap"", ""london"", ""newyork""], ""signal_bar_ts"": 1752674400, ""source_event_ts"": 1752670800, ""tide"": ""flat""}",GBPUSD,sweep_reclaim_bounce_v2:long,stress
sweep_reclaim_bounce_v2,sweep_reclaim_bounce_v2:EURUSD:long:1753794000:liquidity:1.152495,long,1753797600,1753797600,1753876800,market_next_open,1.15471592671875,1.15191,1.1597665948124998,1.15191,SL,1,0.04328801952133607,0.002429971436111781,0.9166666666666666,-1.0,1.255,1.575,constant_spread_bid_ask,0.051647,-1.051647,0.872417,-2.812349,1.152495,liquidity,bounded_sweep_reclaimed,"{""atr"": 0.001984999999999983, ""choch_override"": false, ""instrument"": ""EURUSD"", ""penetration_atr"": 0.294710327455951, ""r2"": null, ""regime"": ""high_vol"", ""respect_bounces"": 1, ""respect_breaks"": 0, ""respect_rated"": false, ""respect_resolved"": 1, ""respect_score"": 1.0, ""respect_sweeps"": 0, ""sessions"": [""london_ny_overlap"", ""london"", ""newyork""], ""signal_bar_ts"": 1753794000, ""source_event_ts"": 1753794000, ""tide"": ""flat""}",EURUSD,sweep_reclaim_bounce_v2:long,stress
sweep_reclaim_bounce_v2,sweep_reclaim_bounce_v2:USDJPY:long:1753855200:failed_break,long,1753862400,1753862400,1753876800,market_next_open,148.09816181187497,147.805,148.6258530732499,148.6258530732499,TP,1,0.07966829662325467,0.001979510132255134,0.16666666666666666,1.8,1.21,1.575,constant_spread_bid_ask,0.061126,1.738874,2.649095,-0.864047,147.9435,failed_break,bounded_sweep_reclaimed,"{""atr"": 0.18403571428571702, ""choch_override"": false, ""instrument"": ""USDJPY"", ""penetration_atr"": 0.7525713176789749, ""r2"": null, ""regime"": ""range"", ""respect_bounces"": 2, ""respect_breaks"": 2, ""respect_rated"": true, ""respect_resolved"": 6, ""respect_score"": 0.5, ""respect_sweeps"": 2, ""sessions"": [""london""], ""signal_bar_ts"": 1753858800, ""source_event_ts"": 1753855200, ""tide"": ""flat""}",USDJPY,sweep_reclaim_bounce_v2:long,stress
sweep_reclaim_bounce_v2,sweep_reclaim_bounce_v2:USDJPY:long:1754316000:liquidity:146.9575,long,1754319600,1754319600,1754348400,market_next_open,147.243094480625,146.8665,147.92096454574997,146.8665,SL,1,0.046341058862876865,0.0025576376396690163,0.3333333333333333,-1.0,1.22,1.575,constant_spread_bid_ask,0.0477,-1.0477,0.268993,-1.483417,146.9575,liquidity,bounded_sweep_reclaimed,"{""atr"": 0.29335714285714076, ""choch_override"": false, ""instrument"": ""USDJPY"", ""penetration_atr"": 0.31020209398590787, ""r2"": null, ""regime"": ""bear"", ""respect_bounces"": 3, ""respect_breaks"": 1, ""respect_rated"": true, ""respect_resolved"": 5, ""respect_score"": 0.7, ""respect_sweeps"": 1, ""sessions"": [""london_ny_overlap"", ""london"", ""newyork""], ""signal_bar_ts"": 1754316000, ""source_event_ts"": 1754316000, ""tide"": ""flat""}",USDJPY,sweep_reclaim_bounce_v2:long,stress
sweep_reclaim_bounce_v2,sweep_reclaim_bounce_v2:GBPUSD:long:1755529200:liquidity:1.351315,long,1755532800,1755532800,1755532800,market_next_open,1.352061037453125,1.35113,1.3537369048687502,1.35113,SL,1,0.08942080969663466,0.0006886060816299052,0.0,-1.0,1.2,2.0124999999999997,constant_spread_bid_ask,0.174265,-1.174265,0.0,-1.597092,1.351315,liquidity,bounded_sweep_reclaimed,"{""atr"": 0.0013535714285713826, ""choch_override"": false, ""instrument"": ""GBPUSD"", ""penetration_atr"": 0.1366754617415046, ""r2"": null, ""regime"": ""range"", ""respect_bounces"": 0, ""respect_breaks"": 0, ""respect_rated"": false, ""respect_resolved"": 0, ""respect_score"": null, ""respect_sweeps"": 0, ""sessions"": [""newyork""], ""signal_bar_ts"": 1755529200, ""source_event_ts"": 1755529200, ""tide"": ""flat""}",GBPUSD,sweep_reclaim_bounce_v2:long,stress
sweep_reclaim_bounce_v2,sweep_reclaim_bounce_v2:GBPUSD:long:1755626400:failed_break,long,1755633600,1755633600,1755648000,market_next_open,1.349100739603125,1.3482,1.3507220708887497,1.3482,SL,1,0.09400895961731011,0.0006676592612274784,0.16666666666666666,-1.0,1.21,2.0124999999999997,constant_spread_bid_ask,0.18123,-1.18123,0.164841,-1.927673,1.348705,failed_break,bounded_sweep_reclaimed,"{""atr"": 0.0013907142857142768, ""choch_override"": false, ""instrument"": ""GBPUSD"", ""penetration_atr"": 0.6651258346174108, ""r2"": null, ""regime"": ""bear"", ""respect_bounces"": 2, ""respect_breaks"": 1, ""respect_rated"": true, ""respect_resolved"": 3, ""respect_score"": 0.6667, ""respect_sweeps"": 0, ""sessions"": [""newyork""], ""signal_bar_ts"": 1755630000, ""source_event_ts"": 1755626400, ""tide"": ""flat""}",GBPUSD,sweep_reclaim_bounce_v2:long,stress
sweep_reclaim_bounce_v2,sweep_reclaim_bounce_v2:GBPUSD:long:1756191600:liquidity:1.34457,long,1756195200,1756195200,1756281600,market_next_open,1.3457003974781248,1.34348,1.3496971129387494,1.34348,SL,1,0.09055815221125577,0.001649993923079629,1.0,-1.0,1.26,2.0124999999999997,constant_spread_bid_ask,0.076364,-1.076364,1.571262,-1.238763,1.34457,liquidity,bounded_sweep_reclaimed,"{""atr"": 0.0015503571428571489, ""choch_override"": false, ""instrument"": ""GBPUSD"", ""penetration_atr"": 0.7030638101820058, ""r2"": null, ""regime"": ""range"", ""respect_bounces"": 4, ""respect_breaks"": 1, ""respect_rated"": true, ""respect_resolved"": 6, ""respect_score"": 0.75, ""respect_sweeps"": 1, ""sessions"": [""london""], ""signal_bar_ts"": 1756191600, ""source_event_ts"": 1756191600, ""tide"": ""down""}",GBPUSD,sweep_reclaim_bounce_v2:long,stress
sweep_reclaim_bounce_v2,sweep_reclaim_bounce_v2:USDJPY:long:1756360800:liquidity:147.0805,long,1756364400,1756364400,1756375200,market_next_open,147.318100386875,147.0,147.89068108324997,147.0,SL,1,0.061632130180448025,0.002159275649357537,0.125,-1.0,1.2075,1.575,constant_spread_bid_ask,0.055922,-1.055922,0.231976,-1.325586,147.0805,liquidity,bounded_sweep_reclaimed,"{""atr"": 0.18010714285714918, ""choch_override"": false, ""instrument"": ""USDJPY"", ""penetration_atr"": 0.44695617687883005, ""r2"": null, ""regime"": ""bear"", ""respect_bounces"": 5, ""respect_breaks"": 3, ""respect_rated"": true, ""respect_resolved"": 10, ""respect_score"": 0.6, ""respect_sweeps"": 2, ""sessions"": [""london""], ""signal_bar_ts"": 1756360800, ""source_event_ts"": 1756360800, ""tide"": ""flat""}",USDJPY,sweep_reclaim_bounce_v2:long,stress
sweep_reclaim_bounce_v2,sweep_reclaim_bounce_v2:GBPUSD:long:1756468800:liquidity:1.34507,long,1756472400,1756472400,1756472400,market_next_open,1.3461804457781248,1.34465,1.3489352481787495,1.34465,SL,1,0.1260410829325921,0.0011368801136018988,0.0,-1.0,1.2,2.0124999999999997,constant_spread_bid_ask,0.105552,-1.105552,0.440403,-1.072076,1.34507,liquidity,bounded_sweep_reclaimed,"{""atr"": 0.0011142857142857026, ""choch_override"": false, ""instrument"": ""GBPUSD"", ""penetration_atr"": 0.3769230769231589, ""r2"": null, ""regime"": ""range"", ""respect_bounces"": 2, ""respect_breaks"": 2, ""respect_rated"": true, ""respect_resolved"": 7, ""respect_score"": 0.5, ""respect_sweeps"": 3, ""sessions"": [""london_ny_overlap"", ""london"", ""newyork""], ""signal_bar_ts"": 1756468800, ""source_event_ts"": 1756468800, ""tide"": ""flat""}",GBPUSD,sweep_reclaim_bounce_v2:long,stress
sweep_reclaim_bounce_v2,sweep_reclaim_bounce_v2:GBPUSD:long:1756882800:liquidity:1.33402,long,1756886400,1756886400,1756904400,market_next_open,1.3367895009093749,1.33334,1.3429986025462497,1.3429986025462497,TP,1,0.11395428857628855,0.0025804368653616133,0.20833333333333334,1.8,1.2125,2.0124999999999997,constant_spread_bid_ask,0.046988,1.753012,1.948193,-0.077983,1.33402,liquidity,bounded_sweep_reclaimed,"{""atr"": 0.0011364285714285938, ""choch_override"": false, ""instrument"": ""GBPUSD"", ""penetration_atr"": 0.5983658076681337, ""r2"": null, ""regime"": ""bear"", ""respect_bounces"": 1, ""respect_breaks"": 0, ""respect_rated"": false, ""respect_resolved"": 1, ""respect_score"": 1.0, ""respect_sweeps"": 0, ""sessions"": [""london""], ""signal_bar_ts"": 1756882800, ""source_event_ts"": 1756882800, ""tide"": ""flat""}",GBPUSD,sweep_reclaim_bounce_v2:long,stress
sweep_reclaim_bounce_v2,sweep_reclaim_bounce_v2:GBPUSD:long:1757487600:liquidity:1.351485,long,1757491200,1757491200,1757570400,market_next_open,1.353481180340625,1.35131,1.35738930495375,1.35131,SL,1,0.14555652693820414,0.0016041452013973413,0.9166666666666666,-1.0,1.255,2.0124999999999997,constant_spread_bid_ask,0.078235,-1.078235,1.332142,-1.129405,1.351485,liquidity,bounded_sweep_reclaimed,"{""atr"": 0.0010042857142856956, ""choch_override"": true, ""instrument"": ""GBPUSD"", ""penetration_atr"": 0.17425320056902935, ""r2"": null, ""regime"": ""range"", ""respect_bounces"": 2, ""respect_breaks"": 3, ""respect_rated"": true, ""respect_resolved"": 5, ""respect_score"": 0.4, ""respect_sweeps"": 0, ""sessions"": [""london""], ""signal_bar_ts"": 1757487600, ""source_event_ts"": 1757487600, ""tide"": ""flat""}",GBPUSD,sweep_reclaim_bounce_v2:long,stress
sweep_reclaim_bounce_v2,sweep_reclaim_bounce_v2:EURUSD:long:1758722400:liquidity:1.173025,long,1758726000,1758726000,1758801600,market_next_open,1.17439747651875,1.17283,1.1772189342524997,1.17283,SL,1,0.08886406673242808,0.0013347069881283612,0.875,-1.0,1.2525,1.575,constant_spread_bid_ask,0.093841,-1.093841,0.583715,-3.64568,1.173025,liquidity,bounded_sweep_reclaimed,"{""atr"": 0.0012657142857143144, ""choch_override"": false, ""instrument"": ""EURUSD"", ""penetration_atr"": 0.15406320541756044, ""r2"": null, ""regime"": ""bear"", ""respect_bounces"": 1, ""respect_breaks"": 1, ""respect_rated"": true, ""respect_resolved"": 5, ""respect_score"": 0.5, ""respect_sweeps"": 3, ""sessions"": [""london_ny_overlap"", ""london"", ""newyork""], ""signal_bar_ts"": 1758722400, ""source_event_ts"": 1758722400, ""tide"": ""flat""}",EURUSD,sweep_reclaim_bounce_v2:long,stress
sweep_reclaim_bounce_v2,sweep_reclaim_bounce_v2:GBPUSD:long:1759417200:liquidity:1.341205,long,1759420800,1759420800,1759478400,market_next_open,1.342255050825,1.340095,1.3461431423099999,1.3461431423099999,TP,1,0.08523930477524523,0.001609270029322876,0.6666666666666666,1.8,1.24,2.0124999999999997,constant_spread_bid_ask,0.077054,1.722946,2.00895,-0.164391,1.341205,liquidity,bounded_sweep_reclaimed,"{""atr"": 0.0015257142857143366, ""choch_override"": false, ""instrument"": ""GBPUSD"", ""penetration_atr"": 0.7275280898875798, ""r2"": null, ""regime"": ""range"", ""respect_bounces"": 1, ""respect_breaks"": 1, ""respect_rated"": true, ""respect_resolved"": 2, ""respect_score"": 0.5, ""respect_sweeps"": 0, ""sessions"": [""newyork""], ""signal_bar_ts"": 1759417200, ""source_event_ts"": 1759417200, ""tide"": ""flat""}",GBPUSD,sweep_reclaim_bounce_v2:long,stress
sweep_reclaim_bounce_v2,sweep_reclaim_bounce_v2:GBPUSD:long:1759737600:liquidity:1.342335,long,1759741200,1759741200,1759748400,market_next_open,1.3437351997499998,1.341845,1.3471375592999995,1.341845,SL,1,0.08457535746193742,0.0014066757723928721,0.08333333333333333,-1.0,1.205,2.0124999999999997,constant_spread_bid_ask,0.085663,-1.085663,0.015644,-1.171942,1.342335,liquidity,bounded_sweep_reclaimed,"{""atr"": 0.0015985714285714492, ""choch_override"": false, ""instrument"": ""GBPUSD"", ""penetration_atr"": 0.30652368185886203, ""r2"": null, ""regime"": ""range"", ""respect_bounces"": 5, ""respect_breaks"": 2, ""respect_rated"": true, ""respect_resolved"": 8, ""respect_score"": 0.6875, ""respect_sweeps"": 1, ""sessions"": [""london""], ""signal_bar_ts"": 1759737600, ""source_event_ts"": 1759737600, ""tide"": ""flat""}",GBPUSD,sweep_reclaim_bounce_v2:long,stress
sweep_reclaim_bounce_v2,sweep_reclaim_bounce_v2:EURUSD:long:1759939200:liquidity:1.160305,long,1759942800,1759942800,1759946400,market_next_open,1.1606313925249998,1.15985,1.1620378990699993,1.1620378990699993,TP,1,0.06753070171248458,0.0006732477942887683,0.041666666666666664,1.8,1.2025,1.575,constant_spread_bid_ask,0.178612,1.621388,1.909518,-0.963332,1.160305,liquidity,bounded_sweep_reclaimed,"{""atr"": 0.0015014285714285583, ""choch_override"": false, ""instrument"": ""EURUSD"", ""penetration_atr"": 0.30304471931485566, ""r2"": null, ""regime"": ""high_vol"", ""respect_bounces"": 0, ""respect_breaks"": 0, ""respect_rated"": false, ""respect_resolved"": 0, ""respect_score"": null, ""respect_sweeps"": 0, ""sessions"": [""newyork""], ""signal_bar_ts"": 1759939200, ""source_event_ts"": 1759939200, ""tide"": ""flat""}",EURUSD,sweep_reclaim_bounce_v2:long,stress
sweep_reclaim_bounce_v2,sweep_reclaim_bounce_v2:GBPUSD:long:1759939200:liquidity:1.33843,long,1759942800,1759942800,1759946400,market_next_open,1.338894712725,1.337215,1.3419181956299997,1.337215,SL,1,0.09240521117741367,0.0012545517650011777,0.041666666666666664,-1.0,1.2025,2.0124999999999997,constant_spread_bid_ask,0.095851,-1.095851,0.0,-1.139635,1.33843,liquidity,bounded_sweep_reclaimed,"{""atr"": 0.0016742857142856757, ""choch_override"": false, ""instrument"": ""GBPUSD"", ""penetration_atr"": 0.7256825938566518, ""r2"": null, ""regime"": ""bear"", ""respect_bounces"": 1, ""respect_breaks"": 1, ""respect_rated"": true, ""respect_resolved"": 2, ""respect_score"": 0.5, ""respect_sweeps"": 0, ""sessions"": [""newyork""], ""signal_bar_ts"": 1759939200, ""source_event_ts"": 1759939200, ""tide"": ""flat""}",GBPUSD,sweep_reclaim_bounce_v2:long,stress
sweep_reclaim_bounce_v2,sweep_reclaim_bounce_v2:GBPUSD:long:1760709600:failed_break,long,1760727600,1760727600,1760958000,market_next_open,1.343535179625,1.3399297857142858,1.3500248886642854,1.3399297857142858,SL,1,0.07002728813560041,0.002683512843869444,2.6666666666666665,-1.0,1.36,2.0124999999999997,constant_spread_bid_ask,0.05068,-1.05068,0.178773,-1.015151,1.34017,failed_break,bounded_sweep_reclaimed,"{""atr"": 0.002001785714285712, ""choch_override"": false, ""instrument"": ""GBPUSD"", ""penetration_atr"": 0.539518287243629, ""r2"": null, ""regime"": ""high_vol"", ""respect_bounces"": 3, ""respect_breaks"": 2, ""respect_rated"": true, ""respect_resolved"": 8, ""respect_score"": 0.5625, ""respect_sweeps"": 3, ""sessions"": [""newyork""], ""signal_bar_ts"": 1760724000, ""source_event_ts"": 1760709600, ""tide"": ""flat""}",GBPUSD,sweep_reclaim_bounce_v2:long,stress
sweep_reclaim_bounce_v2,sweep_reclaim_bounce_v2:EURUSD:long:1760958000:liquidity:1.165045,long,1760961600,1760961600,1760979600,market_next_open,1.1657617965124998,1.164455,1.1681140302349993,1.164455,SL,1,0.1160230670864284,0.0011209807324353777,0.20833333333333334,-1.0,1.2125,1.575,constant_spread_bid_ask,0.108164,-1.108164,0.456342,-1.307375,1.165045,liquidity,bounded_sweep_reclaimed,"{""atr"": 0.0009635714285714128, ""choch_override"": false, ""instrument"": ""EURUSD"", ""penetration_atr"": 0.6123054114159675, ""r2"": null, ""regime"": ""range"", ""respect_bounces"": 2, ""respect_breaks"": 1, ""respect_rated"": true, ""respect_resolved"": 4, ""respect_score"": 0.625, ""respect_sweeps"": 1, ""sessions"": [""london_ny_overlap"", ""london"", ""newyork""], ""signal_bar_ts"": 1760958000, ""source_event_ts"": 1760958000, ""tide"": ""flat""}",EURUSD,sweep_reclaim_bounce_v2:long,stress
sweep_reclaim_bounce_v2,sweep_reclaim_bounce_v2:EURUSD:long:1761040800:liquidity:1.161275,long,1761044400,1761044400,1761048000,market_next_open,1.1618914917499998,1.160655,1.1641171768999996,1.160655,SL,1,0.10296499196129615,0.001064205873594518,0.041666666666666664,-1.0,1.2025,1.575,constant_spread_bid_ask,0.112995,-1.112995,0.490868,-1.437824,1.161275,liquidity,bounded_sweep_reclaimed,"{""atr"": 0.000888571428571429, ""choch_override"": false, ""instrument"": ""EURUSD"", ""penetration_atr"": 0.6977491961415518, ""r2"": null, ""regime"": ""bear"", ""respect_bounces"": 1, ""respect_breaks"": 2, ""respect_rated"": true, ""respect_resolved"": 6, ""respect_score"": 0.4167, ""respect_sweeps"": 3, ""sessions"": [""london""], ""signal_bar_ts"": 1761040800, ""source_event_ts"": 1761040800, ""tide"": ""flat""}",EURUSD,sweep_reclaim_bounce_v2:long,stress
sweep_reclaim_bounce_v2,sweep_reclaim_bounce_v2:GBPUSD:long:1761040800:liquidity:1.33722,long,1761044400,1761044400,1761051600,market_next_open,1.3384346664375,1.33662,1.3417010660250002,1.33662,SL,1,0.12289624544902386,0.0013558124897722042,0.08333333333333333,-1.0,1.205,2.0124999999999997,constant_spread_bid_ask,0.088877,-1.088877,0.496262,-1.357887,1.33722,liquidity,bounded_sweep_reclaimed,"{""atr"": 0.0011771428571428766, ""choch_override"": false, ""instrument"": ""GBPUSD"", ""penetration_atr"": 0.5097087378642018, ""r2"": null, ""regime"": ""bear"", ""respect_bounces"": 1, ""respect_breaks"": 2, ""respect_rated"": true, ""respect_resolved"": 4, ""respect_score"": 0.375, ""respect_sweeps"": 1, ""sessions"": [""london""], ""signal_bar_ts"": 1761040800, ""source_event_ts"": 1761040800, ""tide"": ""flat""}",GBPUSD,sweep_reclaim_bounce_v2:long,stress
sweep_reclaim_bounce_v2,sweep_reclaim_bounce_v2:GBPUSD:long:1761120000:liquidity:1.331945,long,1761123600,1761123600,1761127200,market_next_open,1.332199039040625,1.331285,1.3338443093137502,1.331285,SL,1,0.10579022654600106,0.000686112970989137,0.041666666666666664,-1.0,1.2025,2.0124999999999997,constant_spread_bid_ask,0.175263,-1.175263,0.417768,-1.928722,1.331945,liquidity,bounded_sweep_reclaimed,"{""atr"": 0.0011725000000000366, ""choch_override"": false, ""instrument"": ""GBPUSD"", ""penetration_atr"": 0.5628997867802664, ""r2"": null, ""regime"": ""bear"", ""respect_bounces"": 2, ""respect_breaks"": 2, ""respect_rated"": true, ""respect_resolved"": 5, ""respect_score"": 0.5, ""respect_sweeps"": 1, ""sessions"": [""london""], ""signal_bar_ts"": 1761120000, ""source_event_ts"": 1761120000, ""tide"": ""flat""}",GBPUSD,sweep_reclaim_bounce_v2:long,stress
sweep_reclaim_bounce_v2,sweep_reclaim_bounce_v2:EURUSD:long:1761724800:failed_break,long,1761732000,1761732000,1761760800,market_next_open,1.1642216752375,1.16188,1.168436690665,1.16188,SL,1,0.11016371538831458,0.0020113654360733005,0.3333333333333333,-1.0,1.22,1.575,constant_spread_bid_ask,0.060655,-1.060655,0.980689,-2.522937,1.162565,failed_break,bounded_sweep_reclaimed,"{""atr"": 0.0007867857142857458, ""choch_override"": false, ""instrument"": ""EURUSD"", ""penetration_atr"": 0.8706309577848633, ""r2"": null, ""regime"": ""range"", ""respect_bounces"": 3, ""respect_breaks"": 3, ""respect_rated"": true, ""respect_resolved"": 6, ""respect_score"": 0.5, ""respect_sweeps"": 0, ""sessions"": [""london""], ""signal_bar_ts"": 1761728400, ""source_event_ts"": 1761724800, ""tide"": ""flat""}",EURUSD,sweep_reclaim_bounce_v2:long,stress
sweep_reclaim_bounce_v2,sweep_reclaim_bounce_v2:EURUSD:long:1762164000:liquidity:1.15096,long,1762167600,1762167600,1762174800,market_next_open,1.1516306837749999,1.1508,1.1531259145699997,1.1508,SL,1,0.08401434362196807,0.0007213109086993863,0.08333333333333333,-1.0,1.205,1.575,constant_spread_bid_ask,0.167057,-1.167057,0.588166,-1.355863,1.15096,liquidity,bounded_sweep_reclaimed,"{""atr"": 0.0009603571428571536, ""choch_override"": false, ""instrument"": ""EURUSD"", ""penetration_atr"": 0.16660468575672044, ""r2"": null, ""regime"": ""bear"", ""respect_bounces"": 1, ""respect_breaks"": 0, ""respect_rated"": false, ""respect_resolved"": 1, ""respect_score"": 1.0, ""respect_sweeps"": 0, ""sessions"": [""london""], ""signal_bar_ts"": 1762164000, ""source_event_ts"": 1762164000, ""tide"": ""flat""}",EURUSD,sweep_reclaim_bounce_v2:long,stress
sweep_reclaim_bounce_v2,sweep_reclaim_bounce_v2:EURUSD:long:1762351200:liquidity:1.1473,long,1762354800,1762354800,1762430400,market_next_open,1.148830463275,1.146885,1.1523322971699999,1.1523322971699999,TP,1,0.09450915086891298,0.0016934293937976037,0.875,1.8,1.2525,1.575,constant_spread_bid_ask,0.073962,1.726038,2.237882,-0.987317,1.1473,liquidity,bounded_sweep_reclaimed,"{""atr"": 0.0009042857142857067, ""choch_override"": false, ""instrument"": ""EURUSD"", ""penetration_atr"": 0.45892575039500855, ""r2"": null, ""regime"": ""bear"", ""respect_bounces"": 2, ""respect_breaks"": 0, ""respect_rated"": true, ""respect_resolved"": 2, ""respect_score"": 1.0, ""respect_sweeps"": 0, ""sessions"": [""london_ny_overlap"", ""london"", ""newyork""], ""signal_bar_ts"": 1762351200, ""source_event_ts"": 1762351200, ""tide"": ""flat""}",EURUSD,sweep_reclaim_bounce_v2:long,stress
sweep_reclaim_bounce_v2,sweep_reclaim_bounce_v2:GBPUSD:long:1763470800:liquidity:1.3136,long,1763474400,1763474400,1763514000,market_next_open,1.31556236514375,1.313395,1.3194636224024998,1.313395,SL,1,0.10068245739060666,0.0016474818687239564,0.4583333333333333,-1.0,1.2275,2.0124999999999997,constant_spread_bid_ask,0.074508,-1.074508,0.666753,-1.162473,1.3136,liquidity,bounded_sweep_reclaimed,"{""atr"": 0.0012153571428571114, ""choch_override"": false, ""instrument"": ""GBPUSD"", ""penetration_atr"": 0.16867469879519392, ""r2"": null, ""regime"": ""range"", ""respect_bounces"": 4, ""respect_breaks"": 3, ""respect_rated"": true, ""respect_resolved"": 11, ""respect_score"": 0.5455, ""respect_sweeps"": 4, ""sessions"": [""london_ny_overlap"", ""london"", ""newyork""], ""signal_bar_ts"": 1763470800, ""source_event_ts"": 1763470800, ""tide"": ""flat""}",GBPUSD,sweep_reclaim_bounce_v2:long,stress
sweep_reclaim_bounce_v2,sweep_reclaim_bounce_v2:EURUSD:long:1763485200:failed_break,long,1763496000,1763496000,1763496000,market_next_open,1.1586512366,1.1578162428571428,1.1601542253371426,1.1578162428571428,SL,1,0.08633850688873804,0.0007206601231509144,0.0,-1.0,1.2,1.575,constant_spread_bid_ask,0.166514,-1.166514,0.0,-1.032846,1.15795,failed_break,bounded_sweep_reclaimed,"{""atr"": 0.0011146428571428477, ""choch_override"": false, ""instrument"": ""EURUSD"", ""penetration_atr"": 0.7177186799104114, ""r2"": null, ""regime"": ""bear"", ""respect_bounces"": 3, ""respect_breaks"": 2, ""respect_rated"": true, ""respect_resolved"": 6, ""respect_score"": 0.5833, ""respect_sweeps"": 1, ""sessions"": [""newyork""], ""signal_bar_ts"": 1763492400, ""source_event_ts"": 1763485200, ""tide"": ""flat""}",EURUSD,sweep_reclaim_bounce_v2:long,stress
sweep_reclaim_bounce_v2,sweep_reclaim_bounce_v2:EURUSD:long:1763643600:liquidity:1.150715,long,1763647200,1763647200,1763726400,market_next_open,1.15285578024375,1.15021,1.1576181846825002,1.15021,SL,1,0.08633003148845447,0.0022949793799799147,0.9166666666666666,-1.0,1.255,1.575,constant_spread_bid_ask,0.054685,-1.054685,0.874314,-1.238318,1.150715,liquidity,bounded_sweep_reclaimed,"{""atr"": 0.0009357142857142937, ""choch_override"": false, ""instrument"": ""EURUSD"", ""penetration_atr"": 0.5396946564885211, ""r2"": null, ""regime"": ""bear"", ""respect_bounces"": 0, ""respect_breaks"": 0, ""respect_rated"": false, ""respect_resolved"": 0, ""respect_score"": null, ""respect_sweeps"": 0, ""sessions"": [""london_ny_overlap"", ""london"", ""newyork""], ""signal_bar_ts"": 1763643600, ""source_event_ts"": 1763643600, ""tide"": ""flat""}",EURUSD,sweep_reclaim_bounce_v2:long,stress
sweep_reclaim_bounce_v2,sweep_reclaim_bounce_v2:USDJPY:long:1763712000:liquidity:156.6135,long,1763715600,1763715600,1763719200,market_next_open,156.927857095625,156.5675,157.57649986775002,156.5675,SL,1,0.062020248961056894,0.0022963233060999447,0.041666666666666664,-1.0,1.2025,1.575,constant_spread_bid_ask,0.052366,-1.052366,0.032698,-1.060576,156.6135,liquidity,bounded_sweep_reclaimed,"{""atr"": 0.22342857142857447, ""choch_override"": false, ""instrument"": ""USDJPY"", ""penetration_atr"": 0.20588235294113907, ""r2"": null, ""regime"": ""bull"", ""respect_bounces"": 0, ""respect_breaks"": 0, ""respect_rated"": false, ""respect_resolved"": 0, ""respect_score"": null, ""respect_sweeps"": 0, ""sessions"": [""london""], ""signal_bar_ts"": 1763712000, ""source_event_ts"": 1763712000, ""tide"": ""flat""}",USDJPY,sweep_reclaim_bounce_v2:long,stress
sweep_reclaim_bounce_v2,sweep_reclaim_bounce_v2:USDJPY:long:1764763200:liquidity:155.4145,long,1764766800,1764766800,1764766800,market_next_open,155.42823900999997,155.363,155.54566922799992,155.363,SL,1,0.09593660032246731,0.0004197371752746508,0.0,-1.0,1.2,1.575,constant_spread_bid_ask,0.285893,-1.285893,1.33376,-3.348652,155.4145,liquidity,bounded_sweep_reclaimed,"{""atr"": 0.13278571428571087, ""choch_override"": false, ""instrument"": ""USDJPY"", ""penetration_atr"": 0.3878429263045073, ""r2"": null, ""regime"": ""range"", ""respect_bounces"": 1, ""respect_breaks"": 0, ""respect_rated"": true, ""respect_resolved"": 2, ""respect_score"": 0.75, ""respect_sweeps"": 1, ""sessions"": [""london_ny_overlap"", ""london"", ""newyork""], ""signal_bar_ts"": 1764763200, ""source_event_ts"": 1764763200, ""tide"": ""down""}",USDJPY,sweep_reclaim_bounce_v2:long,stress
sweep_reclaim_bounce_v2,sweep_reclaim_bounce_v2:GBPUSD:long:1765206000:failed_break,long,1765213200,1765213200,1765267200,market_next_open,1.3320090199218748,1.33087,1.3340592557812494,1.3340592557812494,TP,1,0.10912693615059707,0.0008551142708790542,0.625,1.8,1.2375,2.0124999999999997,constant_spread_bid_ask,0.144718,1.655282,2.613329,-0.915666,1.331385,failed_break,bounded_sweep_reclaimed,"{""atr"": 0.001273928571428559, ""choch_override"": false, ""instrument"": ""GBPUSD"", ""penetration_atr"": 0.6397532940846793, ""r2"": null, ""regime"": ""range"", ""respect_bounces"": 2, ""respect_breaks"": 0, ""respect_rated"": true, ""respect_resolved"": 2, ""respect_score"": 1.0, ""respect_sweeps"": 0, ""sessions"": [""newyork""], ""signal_bar_ts"": 1765209600, ""source_event_ts"": 1765206000, ""tide"": ""flat""}",GBPUSD,sweep_reclaim_bounce_v2:long,stress
sweep_reclaim_bounce_v2,sweep_reclaim_bounce_v2:GBPUSD:long:1765288800:liquidity:1.33057,long,1765292400,1765292400,1765292400,market_next_open,1.3317139902375,1.330115,1.3345921726649999,1.330115,SL,1,0.1052061360325471,0.001200700938205823,0.0,-1.0,1.2,2.0124999999999997,constant_spread_bid_ask,0.099942,-1.099942,0.0,-1.940409,1.33057,liquidity,bounded_sweep_reclaimed,"{""atr"": 0.0012260714285714197, ""choch_override"": false, ""instrument"": ""GBPUSD"", ""penetration_atr"": 0.3711039906787862, ""r2"": null, ""regime"": ""range"", ""respect_bounces"": 1, ""respect_breaks"": 0, ""respect_rated"": false, ""respect_resolved"": 1, ""respect_score"": 1.0, ""respect_sweeps"": 0, ""sessions"": [""london_ny_overlap"", ""london"", ""newyork""], ""signal_bar_ts"": 1765288800, ""source_event_ts"": 1765288800, ""tide"": ""flat""}",GBPUSD,sweep_reclaim_bounce_v2:long,stress
sweep_reclaim_bounce_v2,sweep_reclaim_bounce_v2:EURUSD:long:1765292400:liquidity:1.161645,long,1765296000,1765296000,1765353600,market_next_open,1.1629815775874999,1.16151,1.1656304172449996,1.1656304172449996,TP,1,0.1093491906958404,0.0012653490097001218,0.6666666666666666,1.8,1.24,1.575,constant_spread_bid_ask,0.097997,1.702003,1.835865,-0.933054,1.161645,liquidity,bounded_sweep_reclaimed,"{""atr"": 0.0009289285714285667, ""choch_override"": false, ""instrument"": ""EURUSD"", ""penetration_atr"": 0.1453287197231801, ""r2"": null, ""regime"": ""range"", ""respect_bounces"": 1, ""respect_breaks"": 1, ""respect_rated"": true, ""respect_resolved"": 2, ""respect_score"": 0.5, ""respect_sweeps"": 0, ""sessions"": [""london_ny_overlap"", ""london"", ""newyork""], ""signal_bar_ts"": 1765292400, ""source_event_ts"": 1765292400, ""tide"": ""flat""}",EURUSD,sweep_reclaim_bounce_v2:long,stress
sweep_reclaim_bounce_v2,sweep_reclaim_bounce_v2:GBPUSD:long:1765299600:failed_break,long,1765310400,1765310400,1765314000,market_next_open,1.33030384835625,1.32958,1.3316067753974998,1.32958,SL,1,0.06808530489104006,0.0005441225755637308,0.041666666666666664,-1.0,1.2025,2.0124999999999997,constant_spread_bid_ask,0.220998,-1.220998,0.355393,-1.0536,1.330115,failed_break,bounded_sweep_reclaimed,"{""atr"": 0.0016721428571428523, ""choch_override"": false, ""instrument"": ""GBPUSD"", ""penetration_atr"": 0.8193079880392249, ""r2"": null, ""regime"": ""high_vol"", ""respect_bounces"": 0, ""respect_breaks"": 1, ""respect_rated"": false, ""respect_resolved"": 1, ""respect_score"": 0.0, ""respect_sweeps"": 0, ""sessions"": [""newyork""], ""signal_bar_ts"": 1765306800, ""source_event_ts"": 1765299600, ""tide"": ""flat""}",GBPUSD,sweep_reclaim_bounce_v2:long,stress
sweep_reclaim_bounce_v2,sweep_reclaim_bounce_v2:EURUSD:long:1765954800:liquidity:1.170655,long,1765958400,1765958400,1765980000,market_next_open,1.1713922398749999,1.17032,1.1733222716499996,1.1733222716499996,TP,1,0.07683914753050194,0.0009153551120624162,0.25,1.8,1.215,1.575,constant_spread_bid_ask,0.132735,1.667265,2.751505,-0.820176,1.170655,liquidity,bounded_sweep_reclaimed,"{""atr"": 0.001135357142857174, ""choch_override"": false, ""instrument"": ""EURUSD"", ""penetration_atr"": 0.2950613400440082, ""r2"": null, ""regime"": ""range"", ""respect_bounces"": 0, ""respect_breaks"": 0, ""respect_rated"": false, ""respect_resolved"": 0, ""respect_score"": null, ""respect_sweeps"": 0, ""sessions"": [""london""], ""signal_bar_ts"": 1765954800, ""source_event_ts"": 1765954800, ""tide"": ""flat""}",EURUSD,sweep_reclaim_bounce_v2:long,stress
sweep_reclaim_bounce_v2,sweep_reclaim_bounce_v2:GBPUSD:long:1765958400:liquidity:1.331545,long,1765962000,1765962000,1765980000,market_next_open,1.3328191014281248,1.331175,1.3357784839987494,1.3357784839987494,TP,1,0.0730203632032746,0.0012335518198704541,0.20833333333333334,1.8,1.2125,2.0124999999999997,constant_spread_bid_ask,0.098293,1.701707,2.242197,-0.567566,1.331545,liquidity,bounded_sweep_reclaimed,"{""atr"": 0.0016310714285714084, ""choch_override"": false, ""instrument"": ""GBPUSD"", ""penetration_atr"": 0.22684475585722813, ""r2"": null, ""regime"": ""range"", ""respect_bounces"": 3, ""respect_breaks"": 1, ""respect_rated"": true, ""respect_resolved"": 5, ""respect_score"": 0.7, ""respect_sweeps"": 1, ""sessions"": [""london""], ""signal_bar_ts"": 1765958400, ""source_event_ts"": 1765958400, ""tide"": ""flat""}",GBPUSD,sweep_reclaim_bounce_v2:long,stress
sweep_reclaim_bounce_v2,sweep_reclaim_bounce_v2:GBPUSD:long:1768989600:failed_break,long,1769004000,1769004000,1769022000,market_next_open,1.34432525911875,1.3408714,1.3505422055325,1.3408714,SL,1,0.09982855427049499,0.002569213882817458,0.20833333333333334,-1.0,1.2125,2.0124999999999997,constant_spread_bid_ask,0.047193,-1.047193,0.423963,-1.009073,1.34104,failed_break,bounded_sweep_reclaimed,"{""atr"": 0.001404999999999958, ""choch_override"": false, ""instrument"": ""GBPUSD"", ""penetration_atr"": 0.6405693950177422, ""r2"": null, ""regime"": ""range"", ""respect_bounces"": 1, ""respect_breaks"": 2, ""respect_rated"": true, ""respect_resolved"": 5, ""respect_score"": 0.4, ""respect_sweeps"": 2, ""sessions"": [""london_ny_overlap"", ""london"", ""newyork""], ""signal_bar_ts"": 1769000400, ""source_event_ts"": 1768989600, ""tide"": ""flat""}",GBPUSD,sweep_reclaim_bounce_v2:long,stress
sweep_reclaim_bounce_v2,sweep_reclaim_bounce_v2:GBPUSD:long:1769785200:failed_break,long,1769792400,1769792400,1769792400,market_next_open,1.3728531294468749,1.37126,1.3757207624512497,1.37126,SL,1,0.04471047221497044,0.00116045148071799,0.0,-1.0,1.2,2.0124999999999997,constant_spread_bid_ask,0.103408,-1.103408,0.0,-1.868013,1.372535,failed_break,bounded_sweep_reclaimed,"{""atr"": 0.002753928571428564, ""choch_override"": false, ""instrument"": ""GBPUSD"", ""penetration_atr"": 0.5592011412268555, ""r2"": null, ""regime"": ""high_vol"", ""respect_bounces"": 2, ""respect_breaks"": 0, ""respect_rated"": true, ""respect_resolved"": 2, ""respect_score"": 1.0, ""respect_sweeps"": 0, ""sessions"": [""newyork""], ""signal_bar_ts"": 1769788800, ""source_event_ts"": 1769785200, ""tide"": ""flat""}",GBPUSD,sweep_reclaim_bounce_v2:long,stress
sweep_reclaim_bounce_v2,sweep_reclaim_bounce_v2:EURUSD:long:1769796000:liquidity:1.186665,long,1769799600,1769799600,1769803200,market_next_open,1.1879185412187498,1.18546,1.1923439154124997,1.18546,SL,1,0.03386642717527723,0.0020696210501332333,0.041666666666666664,-1.0,1.2025,1.575,constant_spread_bid_ask,0.058102,-1.058102,0.198437,-1.109147,1.186665,liquidity,bounded_sweep_reclaimed,"{""atr"": 0.002466785714285729, ""choch_override"": false, ""instrument"": ""EURUSD"", ""penetration_atr"": 0.48848993774436417, ""r2"": null, ""regime"": ""bear"", ""respect_bounces"": 2, ""respect_breaks"": 1, ""respect_rated"": true, ""respect_resolved"": 3, ""respect_score"": 0.6667, ""respect_sweeps"": 0, ""sessions"": [""newyork""], ""signal_bar_ts"": 1769796000, ""source_event_ts"": 1769796000, ""tide"": ""flat""}",EURUSD,sweep_reclaim_bounce_v2:long,stress
sweep_reclaim_bounce_v2,sweep_reclaim_bounce_v2:EURUSD:long:1770040800:liquidity:1.1818,long,1770044400,1770044400,1770044400,market_next_open,1.182273096675,1.18055,1.1853746706899997,1.18055,SL,1,0.056914568217648696,0.0014574438679573487,0.0,-1.0,1.2,1.575,constant_spread_bid_ask,0.082336,-1.082336,0.0,-1.930214,1.1818,liquidity,bounded_sweep_reclaimed,"{""atr"": 0.001811428571428575, ""choch_override"": false, ""instrument"": ""EURUSD"", ""penetration_atr"": 0.6900630914826338, ""r2"": null, ""regime"": ""bear"", ""respect_bounces"": 0, ""respect_breaks"": 0, ""respect_rated"": false, ""respect_resolved"": 0, ""respect_score"": null, ""respect_sweeps"": 0, ""sessions"": [""london_ny_overlap"", ""london"", ""newyork""], ""signal_bar_ts"": 1770040800, ""source_event_ts"": 1770040800, ""tide"": ""flat""}",EURUSD,sweep_reclaim_bounce_v2:long,stress
sweep_reclaim_bounce_v2,sweep_reclaim_bounce_v2:GBPUSD:long:1770040800:liquidity:1.36494,long,1770044400,1770044400,1770044400,market_next_open,1.3669875392812498,1.36311,1.3739671099874995,1.36311,SL,1,0.06724683866879262,0.002836557883540448,0.0,-1.0,1.2,2.0124999999999997,constant_spread_bid_ask,0.042305,-1.042305,0.0,-1.143679,1.36494,liquidity,bounded_sweep_reclaimed,"{""atr"": 0.002119642857142834, ""choch_override"": false, ""instrument"": ""GBPUSD"", ""penetration_atr"": 0.8633529907329489, ""r2"": null, ""regime"": ""bear"", ""respect_bounces"": 0, ""respect_breaks"": 0, ""respect_rated"": true, ""respect_resolved"": 2, ""respect_score"": 0.5, ""respect_sweeps"": 2, ""sessions"": [""london_ny_overlap"", ""london"", ""newyork""], ""signal_bar_ts"": 1770040800, ""source_event_ts"": 1770040800, ""tide"": ""flat""}",GBPUSD,sweep_reclaim_bounce_v2:long,stress
sweep_reclaim_bounce_v2,sweep_reclaim_bounce_v2:GBPUSD:long:1770044400:failed_break,long,1770062400,1770062400,1770184800,market_next_open,1.3660674467062501,1.3628123571428572,1.3719266079203574,1.3719266079203574,TP,1,0.05742991756662614,0.00238281760629121,1.4166666666666667,1.8,1.285,2.0124999999999997,constant_spread_bid_ask,0.053928,1.746072,1.840034,-0.351697,1.36311,failed_break,bounded_sweep_reclaimed,"{""atr"": 0.0024803571428571197, ""choch_override"": false, ""instrument"": ""GBPUSD"", ""penetration_atr"": 0.3205183585313613, ""r2"": null, ""regime"": ""bear"", ""respect_bounces"": 0, ""respect_breaks"": 0, ""respect_rated"": false, ""respect_resolved"": 1, ""respect_score"": 0.5, ""respect_sweeps"": 1, ""sessions"": [""newyork""], ""signal_bar_ts"": 1770058800, ""source_event_ts"": 1770044400, ""tide"": ""flat""}",GBPUSD,sweep_reclaim_bounce_v2:long,stress
sweep_reclaim_bounce_v2,sweep_reclaim_bounce_v2:EURUSD:long:1770055200:failed_break,long,1770066000,1770066000,1770091200,market_next_open,1.1792428580624998,1.17804,1.1814080025749996,1.1814080025749996,TP,1,0.0494678777756376,0.0010200257345430674,0.2916666666666667,1.8,1.2175,1.575,constant_spread_bid_ask,0.11936,1.68064,1.932137,-0.49938,1.17904,failed_break,bounded_sweep_reclaimed,"{""atr"": 0.0019782142857142715, ""choch_override"": false, ""instrument"": ""EURUSD"", ""penetration_atr"": 0.7254016970572738, ""r2"": null, ""regime"": ""bear"", ""respect_bounces"": 0, ""respect_breaks"": 0, ""respect_rated"": false, ""respect_resolved"": 0, ""respect_score"": null, ""respect_sweeps"": 0, ""sessions"": [""newyork""], ""signal_bar_ts"": 1770062400, ""source_event_ts"": 1770055200, ""tide"": ""flat""}",EURUSD,sweep_reclaim_bounce_v2:long,stress
sweep_reclaim_bounce_v2,sweep_reclaim_bounce_v2:GBPUSD:long:1770220800:liquidity:1.36506,long,1770224400,1770224400,1770224400,market_next_open,1.365892429096875,1.36432,1.36872280147125,1.36432,SL,1,0.07463999087591683,0.0011512100538654691,0.0,-1.0,1.2,2.0124999999999997,constant_spread_bid_ask,0.104238,-1.104238,0.779044,-1.004641,1.36506,liquidity,bounded_sweep_reclaimed,"{""atr"": 0.001908214285714273, ""choch_override"": false, ""instrument"": ""GBPUSD"", ""penetration_atr"": 0.38779711772410813, ""r2"": null, ""regime"": ""range"", ""respect_bounces"": 1, ""respect_breaks"": 1, ""respect_rated"": true, ""respect_resolved"": 5, ""respect_score"": 0.5, ""respect_sweeps"": 3, ""sessions"": [""newyork""], ""signal_bar_ts"": 1770220800, ""source_event_ts"": 1770220800, ""tide"": ""flat""}",GBPUSD,sweep_reclaim_bounce_v2:long,stress
sweep_reclaim_bounce_v2,sweep_reclaim_bounce_v2:GBPUSD:long:1770224400:failed_break,long,1770235200,1770235200,1770246000,market_next_open,1.366432483434375,1.364415,1.3700639536162502,1.364415,SL,1,0.06346511826347197,0.0014764603877861677,0.125,-1.0,1.2075,2.0124999999999997,constant_spread_bid_ask,0.081783,-1.081783,0.0,-1.112658,1.36506,failed_break,bounded_sweep_reclaimed,"{""atr"": 0.0020874999999999882, ""choch_override"": false, ""instrument"": ""GBPUSD"", ""penetration_atr"": 0.38802395209579976, ""r2"": null, ""regime"": ""range"", ""respect_bounces"": 1, ""respect_breaks"": 1, ""respect_rated"": true, ""respect_resolved"": 5, ""respect_score"": 0.5, ""respect_sweeps"": 3, ""sessions"": [""newyork""], ""signal_bar_ts"": 1770231600, ""source_event_ts"": 1770224400, ""tide"": ""flat""}",GBPUSD,sweep_reclaim_bounce_v2:long,stress
sweep_reclaim_bounce_v2,sweep_reclaim_bounce_v2:EURUSD:long:1770282000:failed_break,long,1770300000,1770300000,1770303600,market_next_open,1.18127801831875,1.1781543714285714,1.1869005827210712,1.1781543714285714,SL,1,0.08085672326109748,0.0026442944351273397,0.041666666666666664,-1.0,1.2025,1.575,constant_spread_bid_ask,0.045475,-1.045475,0.260556,-1.018297,1.178285,failed_break,bounded_sweep_reclaimed,"{""atr"": 0.0010885714285714387, ""choch_override"": false, ""instrument"": ""EURUSD"", ""penetration_atr"": 0.22047244094489635, ""r2"": null, ""regime"": ""bear"", ""respect_bounces"": 3, ""respect_breaks"": 0, ""respect_rated"": true, ""respect_resolved"": 4, ""respect_score"": 0.875, ""respect_sweeps"": 1, ""sessions"": [""london_ny_overlap"", ""london"", ""newyork""], ""signal_bar_ts"": 1770296400, ""source_event_ts"": 1770282000, ""tide"": ""flat""}",EURUSD,sweep_reclaim_bounce_v2:long,stress
sweep_reclaim_bounce_v2,sweep_reclaim_bounce_v2:EURUSD:long:1770966000:liquidity:1.185245,long,1770969600,1770969600,1770987600,market_next_open,1.1859583868687498,1.184715,1.1881964832324994,1.1881964832324994,TP,1,0.08914673861133764,0.0010484236905079648,0.20833333333333334,1.8,1.2125,1.575,constant_spread_bid_ask,0.11565,1.68435,1.948726,-0.608603,1.185245,liquidity,bounded_sweep_reclaimed,"{""atr"": 0.0008232142857143021, ""choch_override"": false, ""instrument"": ""EURUSD"", ""penetration_atr"": 0.6438177874188141, ""r2"": null, ""regime"": ""bear"", ""respect_bounces"": 3, ""respect_breaks"": 0, ""respect_rated"": true, ""respect_resolved"": 5, ""respect_score"": 0.8, ""respect_sweeps"": 2, ""sessions"": [""london""], ""signal_bar_ts"": 1770966000, ""source_event_ts"": 1770966000, ""tide"": ""flat""}",EURUSD,sweep_reclaim_bounce_v2:long,stress
sweep_reclaim_bounce_v2,sweep_reclaim_bounce_v2:GBPUSD:long:1771477200:failed_break,long,1771488000,1771488000,1771495200,market_next_open,1.3511559463875,1.3487221714285713,1.3555367413135717,1.3487221714285713,SL,1,0.10094834732588152,0.0018012539303370152,0.08333333333333333,-1.0,1.205,2.0124999999999997,constant_spread_bid_ask,0.066898,-1.066898,0.165603,-1.140878,1.34886,failed_break,bounded_sweep_reclaimed,"{""atr"": 0.0011485714285714035, ""choch_override"": true, ""instrument"": ""GBPUSD"", ""penetration_atr"": 0.687810945273513, ""r2"": null, ""regime"": ""bear"", ""respect_bounces"": 1, ""respect_breaks"": 0, ""respect_rated"": false, ""respect_resolved"": 1, ""respect_score"": 1.0, ""respect_sweeps"": 0, ""sessions"": [""london""], ""signal_bar_ts"": 1771484400, ""source_event_ts"": 1771477200, ""tide"": ""flat""}",GBPUSD,sweep_reclaim_bounce_v2:long,stress
sweep_reclaim_bounce_v2,sweep_reclaim_bounce_v2:GBPUSD:long:1771920000:liquidity:1.34734,long,1771923600,1771923600,1771945200,market_next_open,1.348610690296875,1.347015,1.35148293283125,1.35148293283125,TP,1,0.1284876514222232,0.001183210476052019,0.25,1.8,1.215,2.0124999999999997,constant_spread_bid_ask,0.102687,1.697313,2.333296,-0.674504,1.34734,liquidity,bounded_sweep_reclaimed,"{""atr"": 0.0010171428571428911, ""choch_override"": false, ""instrument"": ""GBPUSD"", ""penetration_atr"": 0.31952247191001193, ""r2"": null, ""regime"": ""range"", ""respect_bounces"": 2, ""respect_breaks"": 1, ""respect_rated"": true, ""respect_resolved"": 3, ""respect_score"": 0.6667, ""respect_sweeps"": 0, ""sessions"": [""london""], ""signal_bar_ts"": 1771920000, ""source_event_ts"": 1771920000, ""tide"": ""down""}",GBPUSD,sweep_reclaim_bounce_v2:long,stress
sweep_reclaim_bounce_v2,sweep_reclaim_bounce_v2:USDJPY:long:1772164800:failed_break,long,1772182800,1772182800,1772438400,market_next_open,156.15179598562497,155.64604428571428,157.06214904546422,157.06214904546422,TP,1,0.06633824446145639,0.0032388465128972833,2.9583333333333335,1.8,1.3775,1.575,constant_spread_bid_ask,0.042531,1.757469,2.146944,-0.646697,155.671,failed_break,bounded_sweep_reclaimed,"{""atr"": 0.207964285714287, ""choch_override"": false, ""instrument"": ""USDJPY"", ""penetration_atr"": 0.632320109908922, ""r2"": null, ""regime"": ""range"", ""respect_bounces"": 4, ""respect_breaks"": 0, ""respect_rated"": true, ""respect_resolved"": 6, ""respect_score"": 0.8333, ""respect_sweeps"": 2, ""sessions"": [""london""], ""signal_bar_ts"": 1772179200, ""source_event_ts"": 1772164800, ""tide"": ""flat""}",USDJPY,sweep_reclaim_bounce_v2:long,stress
sweep_reclaim_bounce_v2,sweep_reclaim_bounce_v2:GBPUSD:long:1772726400:liquidity:1.33056,long,1772730000,1772730000,1772740800,market_next_open,1.332049023946875,1.32976,1.3361692670512497,1.3361692670512497,TP,1,0.053591966510361654,0.0017184232004408603,0.125,1.8,1.2075,2.0124999999999997,constant_spread_bid_ask,0.070268,1.729732,1.828947,-0.333329,1.33056,liquidity,bounded_sweep_reclaimed,"{""atr"": 0.0027807142857142475, ""choch_override"": false, ""instrument"": ""GBPUSD"", ""penetration_atr"": 0.2876958643719219, ""r2"": null, ""regime"": ""range"", ""respect_bounces"": 2, ""respect_breaks"": 1, ""respect_rated"": true, ""respect_resolved"": 4, ""respect_score"": 0.625, ""respect_sweeps"": 1, ""sessions"": [""newyork""], ""signal_bar_ts"": 1772726400, ""source_event_ts"": 1772726400, ""tide"": ""down""}",GBPUSD,sweep_reclaim_bounce_v2:long,stress
sweep_reclaim_bounce_v2,sweep_reclaim_bounce_v2:GBPUSD:long:1773241200:failed_break,long,1773248400,1773248400,1773266400,market_next_open,1.341159940640625,1.339455,1.3442288337937498,1.339455,SL,1,0.06351076584501308,0.001271243338665845,0.20833333333333334,-1.0,1.2125,2.0124999999999997,constant_spread_bid_ask,0.095379,-1.095379,0.545472,-1.42214,1.340185,failed_break,bounded_sweep_reclaimed,"{""atr"": 0.0022821428571428515, ""choch_override"": false, ""instrument"": ""GBPUSD"", ""penetration_atr"": 0.36369327073547536, ""r2"": null, ""regime"": ""range"", ""respect_bounces"": 3, ""respect_breaks"": 2, ""respect_rated"": true, ""respect_resolved"": 5, ""respect_score"": 0.6, ""respect_sweeps"": 0, ""sessions"": [""newyork""], ""signal_bar_ts"": 1773244800, ""source_event_ts"": 1773241200, ""tide"": ""flat""}",GBPUSD,sweep_reclaim_bounce_v2:long,stress
sweep_reclaim_bounce_v2,sweep_reclaim_bounce_v2:EURUSD:long:1773248400:liquidity:1.156305,long,1773252000,1773252000,1773266400,market_next_open,1.1572111231999997,1.15609,1.1592291449599992,1.15609,SL,1,0.04562059851362035,0.0009688147456615161,0.16666666666666666,-1.0,1.21,1.575,constant_spread_bid_ask,0.124895,-1.124895,0.292308,-2.089045,1.156305,liquidity,bounded_sweep_reclaimed,"{""atr"": 0.0017782142857142777, ""choch_override"": false, ""instrument"": ""EURUSD"", ""penetration_atr"": 0.12090781281373658, ""r2"": null, ""regime"": ""range"", ""respect_bounces"": 1, ""respect_breaks"": 2, ""respect_rated"": true, ""respect_resolved"": 5, ""respect_score"": 0.4, ""respect_sweeps"": 2, ""sessions"": [""newyork""], ""signal_bar_ts"": 1773248400, ""source_event_ts"": 1773248400, ""tide"": ""down""}",EURUSD,sweep_reclaim_bounce_v2:long,stress
sweep_reclaim_bounce_v2,sweep_reclaim_bounce_v2:EURUSD:long:1774512000:liquidity:1.155065,long,1774515600,1774515600,1774522800,market_next_open,1.156071033425,1.154755,1.15843989359,1.154755,SL,1,0.09731943177702611,0.0011383672689221059,0.08333333333333333,-1.0,1.205,1.575,constant_spread_bid_ask,0.105853,-1.105853,0.264348,-2.904015,1.155065,liquidity,bounded_sweep_reclaimed,"{""atr"": 0.0009867857142857397, ""choch_override"": false, ""instrument"": ""EURUSD"", ""penetration_atr"": 0.3141512848353487, ""r2"": null, ""regime"": ""bear"", ""respect_bounces"": 3, ""respect_breaks"": 2, ""respect_rated"": true, ""respect_resolved"": 5, ""respect_score"": 0.6, ""respect_sweeps"": 0, ""sessions"": [""london""], ""signal_bar_ts"": 1774512000, ""source_event_ts"": 1774512000, ""tide"": ""flat""}",EURUSD,sweep_reclaim_bounce_v2:long,stress
sweep_reclaim_bounce_v2,sweep_reclaim_bounce_v2:GBPUSD:long:1774512000:liquidity:1.334645,long,1774515600,1774515600,1774522800,market_next_open,1.3354043615437499,1.33367,1.3385262123224997,1.33367,SL,1,0.10024364802023578,0.0012987538409302485,0.08333333333333333,-1.0,1.205,2.0124999999999997,constant_spread_bid_ask,0.092781,-1.092781,0.366813,-1.688492,1.334645,liquidity,bounded_sweep_reclaimed,"{""atr"": 0.0011907142857142672, ""choch_override"": false, ""instrument"": ""GBPUSD"", ""penetration_atr"": 0.818836232753605, ""r2"": null, ""regime"": ""bear"", ""respect_bounces"": 3, ""respect_breaks"": 3, ""respect_rated"": true, ""respect_resolved"": 8, ""respect_score"": 0.5, ""respect_sweeps"": 2, ""sessions"": [""london""], ""signal_bar_ts"": 1774512000, ""source_event_ts"": 1774512000, ""tide"": ""flat""}",GBPUSD,sweep_reclaim_bounce_v2:long,stress
sweep_reclaim_bounce_v2,sweep_reclaim_bounce_v2:EURUSD:long:1774861200:liquidity:1.148755,long,1774864800,1774864800,1774868400,market_next_open,1.1495405191874999,1.148395,1.1516024537249996,1.148395,SL,1,0.08580485242205493,0.000996501792132991,0.041666666666666664,-1.0,1.2025,1.575,constant_spread_bid_ask,0.120672,-1.120672,0.365698,-1.070219,1.148755,liquidity,bounded_sweep_reclaimed,"{""atr"": 0.001113214285714283, ""choch_override"": false, ""instrument"": ""EURUSD"", ""penetration_atr"": 0.3233878729546895, ""r2"": null, ""regime"": ""bear"", ""respect_bounces"": 2, ""respect_breaks"": 2, ""respect_rated"": true, ""respect_resolved"": 6, ""respect_score"": 0.5, ""respect_sweeps"": 2, ""sessions"": [""london""], ""signal_bar_ts"": 1774861200, ""source_event_ts"": 1774861200, ""tide"": ""flat""}",EURUSD,sweep_reclaim_bounce_v2:long,stress
sweep_reclaim_bounce_v2,sweep_reclaim_bounce_v2:GBPUSD:long:1774861200:liquidity:1.323255,long,1774864800,1774864800,1774872000,market_next_open,1.323718185740625,1.322405,1.3260819200737501,1.322405,SL,1,0.08838625964512586,0.0009920432874390619,0.08333333333333333,-1.0,1.205,2.0124999999999997,constant_spread_bid_ask,0.121466,-1.121466,1.175345,-1.371639,1.323255,liquidity,bounded_sweep_reclaimed,"{""atr"": 0.0016200000000000342, ""choch_override"": false, ""instrument"": ""GBPUSD"", ""penetration_atr"": 0.524691358024691, ""r2"": null, ""regime"": ""bear"", ""respect_bounces"": 1, ""respect_breaks"": 0, ""respect_rated"": true, ""respect_resolved"": 2, ""respect_score"": 0.75, ""respect_sweeps"": 1, ""sessions"": [""london""], ""signal_bar_ts"": 1774861200, ""source_event_ts"": 1774861200, ""tide"": ""flat""}",GBPUSD,sweep_reclaim_bounce_v2:long,stress
sweep_reclaim_bounce_v2,sweep_reclaim_bounce_v2:USDJPY:long:1774872000:failed_break,long,1774879200,1774879200,1774915200,market_next_open,159.53906271187498,159.3285,159.91807559324994,159.91807559324994,TP,1,0.054717529146716785,0.0013198191608738358,0.4166666666666667,1.8,1.225,1.575,constant_spread_bid_ask,0.092816,1.707184,1.853803,-0.784158,159.456,failed_break,bounded_sweep_reclaimed,"{""atr"": 0.20217857142857554, ""choch_override"": false, ""instrument"": ""USDJPY"", ""penetration_atr"": 0.6306306306306065, ""r2"": null, ""regime"": ""range"", ""respect_bounces"": 1, ""respect_breaks"": 4, ""respect_rated"": true, ""respect_resolved"": 10, ""respect_score"": 0.35, ""respect_sweeps"": 5, ""sessions"": [""london_ny_overlap"", ""london"", ""newyork""], ""signal_bar_ts"": 1774875600, ""source_event_ts"": 1774872000, ""tide"": ""flat""}",USDJPY,sweep_reclaim_bounce_v2:long,stress
sweep_reclaim_bounce_v2,sweep_reclaim_bounce_v2:EURUSD:long:1775109600:liquidity:1.1525,long,1775113200,1775113200,1775124000,market_next_open,1.15356583615625,1.15152,1.1572483412374996,1.15152,SL,1,0.07416904584945722,0.0017734888570094252,0.125,-1.0,1.2075,1.575,constant_spread_bid_ask,0.068086,-1.068086,0.065158,-1.242273,1.1525,liquidity,bounded_sweep_reclaimed,"{""atr"": 0.0015617857142856842, ""choch_override"": false, ""instrument"": ""EURUSD"", ""penetration_atr"": 0.6274868511319459, ""r2"": null, ""regime"": ""bull"", ""respect_bounces"": 1, ""respect_breaks"": 2, ""respect_rated"": true, ""respect_resolved"": 5, ""respect_score"": 0.4, ""respect_sweeps"": 2, ""sessions"": [""london""], ""signal_bar_ts"": 1775109600, ""source_event_ts"": 1775109600, ""tide"": ""flat""}",EURUSD,sweep_reclaim_bounce_v2:long,stress
sweep_reclaim_bounce_v2,sweep_reclaim_bounce_v2:GBPUSD:long:1775127600:liquidity:1.31857,long,1775131200,1775131200,1775138400,market_next_open,1.3203128431125,1.31818,1.324151960715,1.324151960715,TP,1,0.06619117046812484,0.0016154073813840247,0.08333333333333333,1.8,1.205,2.0124999999999997,constant_spread_bid_ask,0.074594,1.725406,2.071808,-0.190203,1.31857,liquidity,bounded_sweep_reclaimed,"{""atr"": 0.002082499999999987, ""choch_override"": false, ""instrument"": ""GBPUSD"", ""penetration_atr"": 0.18727490996404075, ""r2"": null, ""regime"": ""range"", ""respect_bounces"": 0, ""respect_breaks"": 0, ""respect_rated"": false, ""respect_resolved"": 1, ""respect_score"": 0.5, ""respect_sweeps"": 1, ""sessions"": [""london_ny_overlap"", ""london"", ""newyork""], ""signal_bar_ts"": 1775127600, ""source_event_ts"": 1775127600, ""tide"": ""down""}",GBPUSD,sweep_reclaim_bounce_v2:long,stress
sweep_reclaim_bounce_v2,sweep_reclaim_bounce_v2:USDJPY:long:1775462400:liquidity:159.3475,long,1775466000,1775466000,1775473200,market_next_open,159.401051844375,159.307,159.57034516425,159.57034516425,TP,1,0.08188475072811603,0.0005900327713447343,0.08333333333333333,1.8,1.205,1.575,constant_spread_bid_ask,0.204226,1.595774,1.859406,-0.67623,159.3475,liquidity,bounded_sweep_reclaimed,"{""atr"": 0.15939285714285592, ""choch_override"": false, ""instrument"": ""USDJPY"", ""penetration_atr"": 0.2540891776832289, ""r2"": null, ""regime"": ""range"", ""respect_bounces"": 3, ""respect_breaks"": 2, ""respect_rated"": true, ""respect_resolved"": 8, ""respect_score"": 0.5625, ""respect_sweeps"": 3, ""sessions"": [""london""], ""signal_bar_ts"": 1775462400, ""source_event_ts"": 1775462400, ""tide"": ""flat""}",USDJPY,sweep_reclaim_bounce_v2:long,stress
sweep_reclaim_bounce_v2,sweep_reclaim_bounce_v2:USDJPY:long:1776171600:liquidity:158.698,long,1776175200,1776175200,1776175200,market_next_open,158.87351030374998,158.6775,159.22632885049993,158.6775,SL,1,0.07626573154795566,0.0012337506949724993,0.0,-1.0,1.2,1.575,constant_spread_bid_ask,0.097264,-1.097264,0.0,-1.441252,158.698,liquidity,bounded_sweep_reclaimed,"{""atr"": 0.16403571428571087, ""choch_override"": false, ""instrument"": ""USDJPY"", ""penetration_atr"": 0.12497278467232036, ""r2"": null, ""regime"": ""bear"", ""respect_bounces"": 1, ""respect_breaks"": 3, ""respect_rated"": true, ""respect_resolved"": 7, ""respect_score"": 0.3571, ""respect_sweeps"": 3, ""sessions"": [""london_ny_overlap"", ""london"", ""newyork""], ""signal_bar_ts"": 1776171600, ""source_event_ts"": 1776171600, ""tide"": ""flat""}",USDJPY,sweep_reclaim_bounce_v2:long,stress
sweep_reclaim_bounce_v2,sweep_reclaim_bounce_v2:GBPUSD:long:1778572800:liquidity:1.351465,long,1778576400,1778576400,1778598000,market_next_open,1.353181150153125,1.35023,1.3584932204287499,1.35023,SL,1,0.1178024652777542,0.002180898065858382,0.25,-1.0,1.215,2.0124999999999997,constant_spread_bid_ask,0.055711,-1.055711,0.676845,-1.113802,1.351465,liquidity,bounded_sweep_reclaimed,"{""atr"": 0.0014528571428571446, ""choch_override"": false, ""instrument"": ""GBPUSD"", ""penetration_atr"": 0.8500491642083692, ""r2"": null, ""regime"": ""bear"", ""respect_bounces"": 2, ""respect_breaks"": 1, ""respect_rated"": true, ""respect_resolved"": 5, ""respect_score"": 0.6, ""respect_sweeps"": 2, ""sessions"": [""london""], ""signal_bar_ts"": 1778572800, ""source_event_ts"": 1778572800, ""tide"": ""flat""}",GBPUSD,sweep_reclaim_bounce_v2:long,stress
sweep_reclaim_bounce_v2,sweep_reclaim_bounce_v2:USDJPY:long:1779289200:liquidity:158.651,long,1779292800,1779292800,1779678000,market_next_open,158.85900916187498,158.589,159.34502565324993,158.8734877275,TIME,1,0.10275917753322095,0.0016996779930803017,4.458333333333333,0.053622,1.4675,1.575,constant_spread_bid_ask,0.08634,-0.032717,1.779354,-0.437063,158.651,liquidity,bounded_sweep_reclaimed,"{""atr"": 0.13146428571428714, ""choch_override"": false, ""instrument"": ""USDJPY"", ""penetration_atr"": 0.47161097527854173, ""r2"": null, ""regime"": ""range"", ""respect_bounces"": 1, ""respect_breaks"": 0, ""respect_rated"": true, ""respect_resolved"": 3, ""respect_score"": 0.6667, ""respect_sweeps"": 2, ""sessions"": [""newyork""], ""signal_bar_ts"": 1779289200, ""source_event_ts"": 1779289200, ""tide"": ""flat""}",USDJPY,sweep_reclaim_bounce_v2:long,stress
sweep_reclaim_bounce_v2,sweep_reclaim_bounce_v2:USDJPY:long:1779984000:failed_break,long,1779994800,1779994800,1780063200,market_next_open,159.27254172499997,159.175,159.4481168299999,159.175,SL,1,0.1152837640618669,0.000612420219728597,0.7916666666666666,-1.0,1.2475,1.575,constant_spread_bid_ask,0.2037,-1.2037,0.957613,-1.251524,159.1905,failed_break,bounded_sweep_reclaimed,"{""atr"": 0.11746428571428932, ""choch_override"": false, ""instrument"": ""USDJPY"", ""penetration_atr"": 0.6512617816963875, ""r2"": null, ""regime"": ""high_vol"", ""respect_bounces"": 1, ""respect_breaks"": 0, ""respect_rated"": true, ""respect_resolved"": 3, ""respect_score"": 0.6667, ""respect_sweeps"": 2, ""sessions"": [""newyork""], ""signal_bar_ts"": 1779991200, ""source_event_ts"": 1779984000, ""tide"": ""flat""}",USDJPY,sweep_reclaim_bounce_v2:long,stress
sweep_reclaim_bounce_v2,sweep_reclaim_bounce_v2:EURUSD:long:1780495200:liquidity:1.159665,long,1780498800,1780498800,1780502400,market_next_open,1.16132644725625,1.159485,1.1646410523174995,1.159485,SL,1,0.10950359194288187,0.001585641367765626,0.041666666666666664,-1.0,1.2025,1.575,constant_spread_bid_ask,0.075837,-1.075837,0.0,-1.03058,1.159665,liquidity,bounded_sweep_reclaimed,"{""atr"": 0.000926428571428582, ""choch_override"": false, ""instrument"": ""EURUSD"", ""penetration_atr"": 0.19429452582866835, ""r2"": null, ""regime"": ""bear"", ""respect_bounces"": 2, ""respect_breaks"": 3, ""respect_rated"": true, ""respect_resolved"": 8, ""respect_score"": 0.4375, ""respect_sweeps"": 3, ""sessions"": [""london_ny_overlap"", ""london"", ""newyork""], ""signal_bar_ts"": 1780495200, ""source_event_ts"": 1780495200, ""tide"": ""flat""}",EURUSD,sweep_reclaim_bounce_v2:long,stress
sweep_reclaim_bounce_v2,sweep_reclaim_bounce_v2:EURUSD:long:1780909200:liquidity:1.150795,long,1780912800,1780912800,1780916400,market_next_open,1.1513456613312498,1.149995,1.1537768517274993,1.1537768517274993,TP,1,0.07993187928952908,0.0011731154045328276,0.041666666666666664,1.8,1.2025,1.575,constant_spread_bid_ask,0.102505,1.697495,2.186655,-0.319327,1.150795,liquidity,bounded_sweep_reclaimed,"{""atr"": 0.0011967857142857197, ""choch_override"": false, ""instrument"": ""EURUSD"", ""penetration_atr"": 0.6684571769620242, ""r2"": null, ""regime"": ""high_vol"", ""respect_bounces"": 1, ""respect_breaks"": 0, ""respect_rated"": false, ""respect_resolved"": 1, ""respect_score"": 1.0, ""respect_sweeps"": 0, ""sessions"": [""london""], ""signal_bar_ts"": 1780909200, ""source_event_ts"": 1780909200, ""tide"": ""flat""}",EURUSD,sweep_reclaim_bounce_v2:long,stress
sweep_reclaim_bounce_v2,sweep_reclaim_bounce_v2:EURUSD:long:1781172000:liquidity:1.152575,long,1781175600,1781175600,1781179200,market_next_open,1.15322580938125,1.152315,1.1548652662674999,1.152315,SL,1,0.1082591878530798,0.0007897927481684378,0.041666666666666664,-1.0,1.2025,1.575,constant_spread_bid_ask,0.152255,-1.152255,1.13447,-1.829693,1.152575,liquidity,bounded_sweep_reclaimed,"{""atr"": 0.0008850000000000247, ""choch_override"": false, ""instrument"": ""EURUSD"", ""penetration_atr"": 0.29378531073437253, ""r2"": null, ""regime"": ""range"", ""respect_bounces"": 3, ""respect_breaks"": 2, ""respect_rated"": true, ""respect_resolved"": 5, ""respect_score"": 0.6, ""respect_sweeps"": 0, ""sessions"": [""london""], ""signal_bar_ts"": 1781172000, ""source_event_ts"": 1781172000, ""tide"": ""down""}",EURUSD,sweep_reclaim_bounce_v2:long,stress
sweep_reclaim_bounce_v2,sweep_reclaim_bounce_v2:GBPUSD:long:1781179200:liquidity:1.33499,long,1781182800,1781182800,1781182800,market_next_open,1.3362594475781249,1.33405,1.3402364532187496,1.33405,SL,1,0.10505890398536978,0.0016534570304661859,0.0,-1.0,1.2,2.0124999999999997,constant_spread_bid_ask,0.072575,-1.072575,0.0,-1.121852,1.33499,liquidity,bounded_sweep_reclaimed,"{""atr"": 0.0012321428571428563, ""choch_override"": false, ""instrument"": ""GBPUSD"", ""penetration_atr"": 0.7628985507245902, ""r2"": null, ""regime"": ""range"", ""respect_bounces"": 2, ""respect_breaks"": 2, ""respect_rated"": true, ""respect_resolved"": 4, ""respect_score"": 0.5, ""respect_sweeps"": 0, ""sessions"": [""london_ny_overlap"", ""london"", ""newyork""], ""signal_bar_ts"": 1781179200, ""source_event_ts"": 1781179200, ""tide"": ""down""}",GBPUSD,sweep_reclaim_bounce_v2:long,stress
sweep_reclaim_bounce_v2,sweep_reclaim_bounce_v2:GBPUSD:long:1781193600:failed_break,long,1781204400,1781204400,1781589600,market_next_open,1.33988481234375,1.3336733285714286,1.3510654831339282,1.3404451041375,TIME,1,0.05949185360869829,0.0046358341516357995,4.458333333333333,0.090203,1.4675,2.0124999999999997,constant_spread_bid_ask,0.031656,0.058547,0.97879,-0.267969,1.333915,failed_break,bounded_sweep_reclaimed,"{""atr"": 0.0020139285714285693, ""choch_override"": true, ""instrument"": ""GBPUSD"", ""penetration_atr"": 0.7224685227877212, ""r2"": null, ""regime"": ""high_vol"", ""respect_bounces"": 2, ""respect_breaks"": 2, ""respect_rated"": true, ""respect_resolved"": 5, ""respect_score"": 0.5, ""respect_sweeps"": 1, ""sessions"": [""newyork""], ""signal_bar_ts"": 1781200800, ""source_event_ts"": 1781193600, ""tide"": ""flat""}",GBPUSD,sweep_reclaim_bounce_v2:long,stress
sweep_reclaim_bounce_v2,sweep_reclaim_bounce_v2:GBPUSD:long:1781586000:failed_break,long,1781600400,1781600400,1781704800,market_next_open,1.34254508000625,1.3396208,1.3478087840174997,1.3396208,SL,1,0.15949759057974036,0.0021781615007194226,1.2083333333333333,-1.0,1.2725,2.0124999999999997,constant_spread_bid_ask,0.058421,-1.058421,0.56754,-1.425913,1.339745,failed_break,bounded_sweep_reclaimed,"{""atr"": 0.0010350000000000556, ""choch_override"": true, ""instrument"": ""GBPUSD"", ""penetration_atr"": 0.652173913043425, ""r2"": null, ""regime"": ""range"", ""respect_bounces"": 1, ""respect_breaks"": 2, ""respect_rated"": true, ""respect_resolved"": 5, ""respect_score"": 0.4, ""respect_sweeps"": 2, ""sessions"": [""london""], ""signal_bar_ts"": 1781596800, ""source_event_ts"": 1781586000, ""tide"": ""flat""}",GBPUSD,sweep_reclaim_bounce_v2:long,stress
sweep_reclaim_bounce_v2,sweep_reclaim_bounce_v2:EURUSD:short:1722423600:liquidity:1.083575,short,1722427200,1722427200,1722427200,market_next_open,1.082766273325,1.08402,1.0805095653100003,1.08402,SL,1,0.06638777140312008,0.0011578922486659175,0.0,-1.0,0.65,0.9,constant_spread_bid_ask,0.056136,-1.056136,0.157578,-1.66507,1.083575,liquidity,bounded_sweep_reclaimed,"{""atr"": 0.0008092857142857028, ""choch_override"": false, ""instrument"": ""EURUSD"", ""penetration_atr"": 0.5498676081200785, ""r2"": null, ""regime"": ""range"", ""respect_bounces"": 1, ""respect_breaks"": 0, ""respect_rated"": false, ""respect_resolved"": 1, ""respect_score"": 1.0, ""respect_sweeps"": 0, ""sessions"": [""london_ny_overlap"", ""london"", ""newyork""], ""signal_bar_ts"": 1722423600, ""source_event_ts"": 1722423600, ""tide"": ""flat""}",EURUSD,sweep_reclaim_bounce_v2:short,base
sweep_reclaim_bounce_v2,sweep_reclaim_bounce_v2:EURUSD:short:1722844800:liquidity:1.09671,short,1722848400,1722848400,1722859200,market_next_open,1.095065719825,1.097495,1.0906930155099999,1.097495,SL,1,0.014532811030289796,0.0022183875643448335,0.125,-1.0,0.655,0.9,constant_spread_bid_ask,0.029526,-1.029526,0.70248,-2.415868,1.09671,liquidity,bounded_sweep_reclaimed,"{""atr"": 0.0016707142857142715, ""choch_override"": false, ""instrument"": ""EURUSD"", ""penetration_atr"": 0.46985891406586544, ""r2"": null, ""regime"": ""high_vol"", ""respect_bounces"": 0, ""respect_breaks"": 0, ""respect_rated"": false, ""respect_resolved"": 0, ""respect_score"": null, ""respect_sweeps"": 0, ""sessions"": [""london""], ""signal_bar_ts"": 1722844800, ""source_event_ts"": 1722844800, ""tide"": ""flat""}",EURUSD,sweep_reclaim_bounce_v2:short,base
sweep_reclaim_bounce_v2,sweep_reclaim_bounce_v2:EURUSD:short:1723467600:liquidity:1.09314,short,1723471200,1723471200,1723471200,market_next_open,1.092485835925,1.093345,1.09093934059,1.093345,SL,1,0.05359697458446002,0.0007864304018848225,0.0,-1.0,0.65,0.9,constant_spread_bid_ask,0.082652,-1.082652,1.061168,-1.045626,1.09314,liquidity,bounded_sweep_reclaimed,"{""atr"": 0.0007307142857142988, ""choch_override"": false, ""instrument"": ""EURUSD"", ""penetration_atr"": 0.2805474095796773, ""r2"": null, ""regime"": ""range"", ""respect_bounces"": 4, ""respect_breaks"": 1, ""respect_rated"": true, ""respect_resolved"": 7, ""respect_score"": 0.7143, ""respect_sweeps"": 2, ""sessions"": [""london_ny_overlap"", ""london"", ""newyork""], ""signal_bar_ts"": 1723467600, ""source_event_ts"": 1723467600, ""tide"": ""flat""}",EURUSD,sweep_reclaim_bounce_v2:short,base
sweep_reclaim_bounce_v2,sweep_reclaim_bounce_v2:GBPUSD:short:1723723200:liquidity:1.286845,short,1723726800,1723726800,1723734000,market_next_open,1.281716297075,1.28697,1.2722596318100001,1.28697,SL,1,0.07838964547670876,0.0040989592915291724,0.08333333333333333,-1.0,0.653333,1.15,constant_spread_bid_ask,0.015939,-1.015939,0.335516,-1.055011,1.286845,liquidity,bounded_sweep_reclaimed,"{""atr"": 0.00087642857142854, ""choch_override"": true, ""instrument"": ""GBPUSD"", ""penetration_atr"": 0.14262428687849169, ""r2"": null, ""regime"": ""bull"", ""respect_bounces"": 1, ""respect_breaks"": 0, ""respect_rated"": false, ""respect_resolved"": 1, ""respect_score"": 1.0, ""respect_sweeps"": 0, ""sessions"": [""london_ny_overlap"", ""london"", ""newyork""], ""signal_bar_ts"": 1723723200, ""source_event_ts"": 1723723200, ""tide"": ""up""}",GBPUSD,sweep_reclaim_bounce_v2:short,base
sweep_reclaim_bounce_v2,sweep_reclaim_bounce_v2:EURUSD:short:1724140800:liquidity:1.10876,short,1724144400,1724144400,1724155200,market_next_open,1.107935140675,1.10889,1.10621639389,1.10889,SL,1,0.05993883458638522,0.0008618368440035273,0.125,-1.0,0.655,0.9,constant_spread_bid_ask,0.076,-1.076,0.403518,-2.078634,1.10876,liquidity,bounded_sweep_reclaimed,"{""atr"": 0.0006650000000000109, ""choch_override"": false, ""instrument"": ""EURUSD"", ""penetration_atr"": 0.19548872180445317, ""r2"": null, ""regime"": ""bull"", ""respect_bounces"": 1, ""respect_breaks"": 0, ""respect_rated"": false, ""respect_resolved"": 1, ""respect_score"": 1.0, ""respect_sweeps"": 0, ""sessions"": [""london""], ""signal_bar_ts"": 1724140800, ""source_event_ts"": 1724140800, ""tide"": ""flat""}",EURUSD,sweep_reclaim_bounce_v2:short,base
sweep_reclaim_bounce_v2,sweep_reclaim_bounce_v2:EURUSD:short:1726052400:liquidity:1.105205,short,1726056000,1726056000,1726056000,market_next_open,1.104305304025,1.105495,1.10216385127,1.10216385127,TP,1,0.06707412921360374,0.0010773252384677736,0.0,1.8,0.65,0.9,constant_spread_bid_ask,0.060335,1.739665,3.287217,-0.533259,1.105205,liquidity,bounded_sweep_reclaimed,"{""atr"": 0.000889999999999994, ""choch_override"": false, ""instrument"": ""EURUSD"", ""penetration_atr"": 0.325842696629105, ""r2"": null, ""regime"": ""bear"", ""respect_bounces"": 3, ""respect_breaks"": 4, ""respect_rated"": true, ""respect_resolved"": 7, ""respect_score"": 0.4286, ""respect_sweeps"": 0, ""sessions"": [""london_ny_overlap"", ""london"", ""newyork""], ""signal_bar_ts"": 1726052400, ""source_event_ts"": 1726052400, ""tide"": ""flat""}",EURUSD,sweep_reclaim_bounce_v2:short,base
sweep_reclaim_bounce_v2,sweep_reclaim_bounce_v2:EURUSD:short:1726218000:liquidity:1.10941,short,1726221600,1726221600,1726232400,market_next_open,1.1091400864499998,1.110075,1.1074572420599997,1.110075,SL,1,0.07246563282952377,0.0008429174649997908,0.125,-1.0,0.655,0.9,constant_spread_bid_ask,0.077706,-1.077706,1.251699,-1.171094,1.10941,liquidity,bounded_sweep_reclaimed,"{""atr"": 0.0008267857142857064, ""choch_override"": false, ""instrument"": ""EURUSD"", ""penetration_atr"": 0.8043196544275514, ""r2"": null, ""regime"": ""bull"", ""respect_bounces"": 2, ""respect_breaks"": 1, ""respect_rated"": true, ""respect_resolved"": 5, ""respect_score"": 0.6, ""respect_sweeps"": 2, ""sessions"": [""london""], ""signal_bar_ts"": 1726218000, ""source_event_ts"": 1726218000, ""tide"": ""flat""}",EURUSD,sweep_reclaim_bounce_v2:short,base
sweep_reclaim_bounce_v2,sweep_reclaim_bounce_v2:EURUSD:short:1727269200:liquidity:1.12079,short,1727272800,1727272800,1727276400,market_next_open,1.11947962115,1.12141,1.11600493922,1.11600493922,TP,1,0.049984571203900194,0.0017243537207198272,0.041666666666666664,1.8,0.651667,0.9,constant_spread_bid_ask,0.037792,1.762208,2.714225,-0.062557,1.12079,liquidity,bounded_sweep_reclaimed,"{""atr"": 0.0009078571428571111, ""choch_override"": false, ""instrument"": ""EURUSD"", ""penetration_atr"": 0.6829268292683881, ""r2"": null, ""regime"": ""bull"", ""respect_bounces"": 0, ""respect_breaks"": 0, ""respect_rated"": false, ""respect_resolved"": 0, ""respect_score"": null, ""respect_sweeps"": 0, ""sessions"": [""london_ny_overlap"", ""london"", ""newyork""], ""signal_bar_ts"": 1727269200, ""source_event_ts"": 1727269200, ""tide"": ""flat""}",EURUSD,sweep_reclaim_bounce_v2:short,base
sweep_reclaim_bounce_v2,sweep_reclaim_bounce_v2:EURUSD:short:1728367200:liquidity:1.098695,short,1728370800,1728370800,1728370800,market_next_open,1.09832057335,1.098895,1.0972866053800003,1.098895,SL,1,0.08140738247862407,0.0005230045434255896,0.0,-1.0,0.65,0.9,constant_spread_bid_ask,0.124282,-1.124282,0.715791,-2.261224,1.098695,liquidity,bounded_sweep_reclaimed,"{""atr"": 0.000668571428571431, ""choch_override"": false, ""instrument"": ""EURUSD"", ""penetration_atr"": 0.2991452991452651, ""r2"": null, ""regime"": ""bear"", ""respect_bounces"": 2, ""respect_breaks"": 0, ""respect_rated"": true, ""respect_resolved"": 2, ""respect_score"": 1.0, ""respect_sweeps"": 0, ""sessions"": [""london""], ""signal_bar_ts"": 1728367200, ""source_event_ts"": 1728367200, ""tide"": ""flat""}",EURUSD,sweep_reclaim_bounce_v2:short,base
sweep_reclaim_bounce_v2,sweep_reclaim_bounce_v2:GBPUSD:short:1730214000:failed_break,short,1730224800,1730224800,1730224800,market_next_open,1.2997902577625,1.30096,1.2976847217350003,1.30096,SL,1,0.04694189062500245,0.0008999469187540407,0.0,-1.0,0.65,1.15,constant_spread_bid_ask,0.072226,-1.072226,0.380896,-1.059675,1.30015,failed_break,bounded_sweep_reclaimed,"{""atr"": 0.0014857142857142808, ""choch_override"": false, ""instrument"": ""GBPUSD"", ""penetration_atr"": 0.696634615384698, ""r2"": null, ""regime"": ""high_vol"", ""respect_bounces"": 2, ""respect_breaks"": 3, ""respect_rated"": true, ""respect_resolved"": 6, ""respect_score"": 0.4167, ""respect_sweeps"": 1, ""sessions"": [""newyork""], ""signal_bar_ts"": 1730221200, ""source_event_ts"": 1730214000, ""tide"": ""flat""}",GBPUSD,sweep_reclaim_bounce_v2:short,base
sweep_reclaim_bounce_v2,sweep_reclaim_bounce_v2:GBPUSD:short:1730278800:liquidity:1.302475,short,1730282400,1730282400,1730289600,market_next_open,1.3000302439625,1.30272,1.295188683095,1.295188683095,TP,1,0.06386141412210859,0.0020689949714567477,0.08333333333333333,1.8,0.653333,1.15,constant_spread_bid_ask,0.031577,1.768423,2.32209,-0.098343,1.302475,liquidity,bounded_sweep_reclaimed,"{""atr"": 0.0009357142857142302, ""choch_override"": false, ""instrument"": ""GBPUSD"", ""penetration_atr"": 0.26183206106877205, ""r2"": null, ""regime"": ""bull"", ""respect_bounces"": 1, ""respect_breaks"": 2, ""respect_rated"": true, ""respect_resolved"": 4, ""respect_score"": 0.375, ""respect_sweeps"": 1, ""sessions"": [""london""], ""signal_bar_ts"": 1730278800, ""source_event_ts"": 1730278800, ""tide"": ""flat""}",GBPUSD,sweep_reclaim_bounce_v2:short,base
sweep_reclaim_bounce_v2,sweep_reclaim_bounce_v2:EURUSD:short:1731675600:liquidity:1.058255,short,1731679200,1731679200,1731952800,market_next_open,1.0557924872,1.059305,1.04946996416,1.059305,SL,1,0.048459534883740586,0.003326896944791954,3.1666666666666665,-1.0,0.776667,0.9,constant_spread_bid_ask,0.023345,-1.023345,1.167302,-1.151655,1.058255,liquidity,bounded_sweep_reclaimed,"{""atr"": 0.0012899999999999975, ""choch_override"": false, ""instrument"": ""EURUSD"", ""penetration_atr"": 0.813953488372091, ""r2"": null, ""regime"": ""bear"", ""respect_bounces"": 2, ""respect_breaks"": 0, ""respect_rated"": true, ""respect_resolved"": 2, ""respect_score"": 1.0, ""respect_sweeps"": 0, ""sessions"": [""london_ny_overlap"", ""london"", ""newyork""], ""signal_bar_ts"": 1731675600, ""source_event_ts"": 1731675600, ""tide"": ""flat""}",EURUSD,sweep_reclaim_bounce_v2:short,base
sweep_reclaim_bounce_v2,sweep_reclaim_bounce_v2:EURUSD:short:1732716000:liquidity:1.05738,short,1732719600,1732719600,1732719600,market_next_open,1.05568249215,1.057875,1.0517359780200004,1.057875,SL,1,0.025287570669610026,0.002076862945348793,0.0,-1.0,0.65,0.9,constant_spread_bid_ask,0.031297,-1.031297,1.058191,-1.071885,1.05738,liquidity,bounded_sweep_reclaimed,"{""atr"": 0.0016803571428571442, ""choch_override"": false, ""instrument"": ""EURUSD"", ""penetration_atr"": 0.29458023379378384, ""r2"": null, ""regime"": ""bull"", ""respect_bounces"": 2, ""respect_breaks"": 2, ""respect_rated"": true, ""respect_resolved"": 6, ""respect_score"": 0.5, ""respect_sweeps"": 2, ""sessions"": [""london_ny_overlap"", ""london"", ""newyork""], ""signal_bar_ts"": 1732716000, ""source_event_ts"": 1732716000, ""tide"": ""flat""}",EURUSD,sweep_reclaim_bounce_v2:short,base
sweep_reclaim_bounce_v2,sweep_reclaim_bounce_v2:GBPUSD:short:1732716000:liquidity:1.26627,short,1732719600,1732719600,1732719600,market_next_open,1.2651122518625,1.266785,1.2621013052149999,1.266785,SL,1,0.04147240599037357,0.001322213214706795,0.0,-1.0,0.65,1.15,constant_spread_bid_ask,0.04916,-1.04916,1.016058,-2.24523,1.26627,liquidity,bounded_sweep_reclaimed,"{""atr"": 0.0016335714285714564, ""choch_override"": false, ""instrument"": ""GBPUSD"", ""penetration_atr"": 0.315260166156558, ""r2"": null, ""regime"": ""bull"", ""respect_bounces"": 2, ""respect_breaks"": 2, ""respect_rated"": true, ""respect_resolved"": 4, ""respect_score"": 0.5, ""respect_sweeps"": 0, ""sessions"": [""london_ny_overlap"", ""london"", ""newyork""], ""signal_bar_ts"": 1732716000, ""source_event_ts"": 1732716000, ""tide"": ""flat""}",GBPUSD,sweep_reclaim_bounce_v2:short,base
sweep_reclaim_bounce_v2,sweep_reclaim_bounce_v2:EURUSD:short:1732726800:liquidity:1.058475,short,1732730400,1732730400,1732752000,market_next_open,1.057597405975,1.05877,1.0554867367299998,1.0554867367299998,TP,1,0.023056719899804904,0.0011087338323404958,0.25,1.8,0.66,0.9,constant_spread_bid_ask,0.059527,1.740473,2.076529,-0.277332,1.058475,liquidity,bounded_sweep_reclaimed,"{""atr"": 0.002281071428571416, ""choch_override"": false, ""instrument"": ""EURUSD"", ""penetration_atr"": 0.12932519179580715, ""r2"": null, ""regime"": ""bull"", ""respect_bounces"": 2, ""respect_breaks"": 3, ""respect_rated"": true, ""respect_resolved"": 7, ""respect_score"": 0.4286, ""respect_sweeps"": 2, ""sessions"": [""newyork""], ""signal_bar_ts"": 1732726800, ""source_event_ts"": 1732726800, ""tide"": ""flat""}",EURUSD,sweep_reclaim_bounce_v2:short,base
sweep_reclaim_bounce_v2,sweep_reclaim_bounce_v2:EURUSD:short:1733331600:failed_break,short,1733342400,1733342400,1733382000,market_next_open,1.05134268745,1.0537612714285713,1.0469892362885718,1.0537612714285713,SL,1,0.02498296776396493,0.0023004715849952897,0.4583333333333333,-1.0,0.668333,0.9,constant_spread_bid_ask,0.029052,-1.029052,0.328876,-1.066631,1.05351,failed_break,bounded_sweep_reclaimed,"{""atr"": 0.0020939285714285383, ""choch_override"": false, ""instrument"": ""EURUSD"", ""penetration_atr"": 0.42981408835073925, ""r2"": null, ""regime"": ""high_vol"", ""respect_bounces"": 2, ""respect_breaks"": 2, ""respect_rated"": true, ""respect_resolved"": 10, ""respect_score"": 0.5, ""respect_sweeps"": 6, ""sessions"": [""newyork""], ""signal_bar_ts"": 1733338800, ""source_event_ts"": 1733331600, ""tide"": ""flat""}",EURUSD,sweep_reclaim_bounce_v2:short,base
sweep_reclaim_bounce_v2,sweep_reclaim_bounce_v2:EURUSD:short:1733472000:liquidity:1.058965,short,1733475600,1733475600,1733490000,market_next_open,1.0581573807750002,1.059405,1.0559116661700008,1.059405,SL,1,0.05610579969523155,0.0011790488330629565,0.16666666666666666,-1.0,0.656667,0.9,constant_spread_bid_ask,0.055695,-1.055695,0.77332,-3.907806,1.058965,liquidity,bounded_sweep_reclaimed,"{""atr"": 0.0009378571428571173, ""choch_override"": false, ""instrument"": ""EURUSD"", ""penetration_atr"": 0.46915460776847767, ""r2"": null, ""regime"": ""bull"", ""respect_bounces"": 3, ""respect_breaks"": 0, ""respect_rated"": true, ""respect_resolved"": 4, ""respect_score"": 0.875, ""respect_sweeps"": 1, ""sessions"": [""london""], ""signal_bar_ts"": 1733472000, ""source_event_ts"": 1733472000, ""tide"": ""flat""}",EURUSD,sweep_reclaim_bounce_v2:short,base
sweep_reclaim_bounce_v2,sweep_reclaim_bounce_v2:GBPUSD:short:1733472000:liquidity:1.277095,short,1733475600,1733475600,1733486400,market_next_open,1.2760516228124998,1.27744,1.2735525438749997,1.27744,SL,1,0.06581509969068958,0.001088025878169407,0.125,-1.0,0.655,1.15,constant_spread_bid_ask,0.060201,-1.060201,0.726252,-1.341028,1.277095,liquidity,bounded_sweep_reclaimed,"{""atr"": 0.0010389285714286053, ""choch_override"": false, ""instrument"": ""GBPUSD"", ""penetration_atr"": 0.33207287727722856, ""r2"": null, ""regime"": ""bull"", ""respect_bounces"": 1, ""respect_breaks"": 0, ""respect_rated"": false, ""respect_resolved"": 1, ""respect_score"": 1.0, ""respect_sweeps"": 0, ""sessions"": [""london""], ""signal_bar_ts"": 1733472000, ""source_event_ts"": 1733472000, ""tide"": ""flat""}",GBPUSD,sweep_reclaim_bounce_v2:short,base
sweep_reclaim_bounce_v2,sweep_reclaim_bounce_v2:GBPUSD:short:1733986800:liquidity:1.278175,short,1733990400,1733990400,1734012000,market_next_open,1.2761966144749999,1.2788,1.2715105205299997,1.2715105205299997,TP,1,0.0787717510123333,0.0020399564577054095,0.25,1.8,0.66,1.15,constant_spread_bid_ask,0.032354,1.767646,2.363688,-0.265732,1.278175,liquidity,bounded_sweep_reclaimed,"{""atr"": 0.0010585714285714642, ""choch_override"": false, ""instrument"": ""GBPUSD"", ""penetration_atr"": 0.5904183535761109, ""r2"": null, ""regime"": ""range"", ""respect_bounces"": 2, ""respect_breaks"": 2, ""respect_rated"": true, ""respect_resolved"": 5, ""respect_score"": 0.5, ""respect_sweeps"": 1, ""sessions"": [""london""], ""signal_bar_ts"": 1733986800, ""source_event_ts"": 1733986800, ""tide"": ""up""}",GBPUSD,sweep_reclaim_bounce_v2:short,base
sweep_reclaim_bounce_v2,sweep_reclaim_bounce_v2:GBPUSD:short:1734364800:liquidity:1.269235,short,1734368400,1734368400,1734372000,market_next_open,1.2687120448625,1.26984,1.2666817256149998,1.26984,SL,1,0.05049141452700532,0.0008890552762288355,0.041666666666666664,-1.0,0.651667,1.15,constant_spread_bid_ask,0.073299,-1.073299,0.668592,-1.109063,1.269235,liquidity,bounded_sweep_reclaimed,"{""atr"": 0.0015439285714285353, ""choch_override"": false, ""instrument"": ""GBPUSD"", ""penetration_atr"": 0.39185750636145456, ""r2"": null, ""regime"": ""bear"", ""respect_bounces"": 2, ""respect_breaks"": 1, ""respect_rated"": true, ""respect_resolved"": 6, ""respect_score"": 0.5833, ""respect_sweeps"": 3, ""sessions"": [""newyork""], ""signal_bar_ts"": 1734364800, ""source_event_ts"": 1734364800, ""tide"": ""flat""}",GBPUSD,sweep_reclaim_bounce_v2:short,base
sweep_reclaim_bounce_v2,sweep_reclaim_bounce_v2:EURUSD:short:1734714000:liquidity:1.04355,short,1734717600,1734717600,1734721200,market_next_open,1.0428130713,1.044495,1.0397855996399998,1.044495,SL,1,0.02835973473768361,0.0016128765032675683,0.041666666666666664,-1.0,0.651667,0.9,constant_spread_bid_ask,0.040404,-1.040404,0.318783,-1.182537,1.04355,liquidity,bounded_sweep_reclaimed,"{""atr"": 0.001831071428571418, ""choch_override"": false, ""instrument"": ""EURUSD"", ""penetration_atr"": 0.5160912814511296, ""r2"": null, ""regime"": ""high_vol"", ""respect_bounces"": 0, ""respect_breaks"": 0, ""respect_rated"": false, ""respect_resolved"": 0, ""respect_score"": null, ""respect_sweeps"": 0, ""sessions"": [""newyork""], ""signal_bar_ts"": 1734714000, ""source_event_ts"": 1734714000, ""tide"": ""flat""}",EURUSD,sweep_reclaim_bounce_v2:short,base
sweep_reclaim_bounce_v2,sweep_reclaim_bounce_v2:USDJPY:short:1738328400:liquidity:154.937,short,1738332000,1738332000,1738346400,market_next_open,154.7925340225,155.0215,154.38039526300003,155.0215,SL,1,0.027765622260608275,0.0014791797223677118,0.16666666666666666,-1.0,0.656667,0.9,constant_spread_bid_ask,0.044394,-1.044394,1.11842,-1.903999,154.937,liquidity,bounded_sweep_reclaimed,"{""atr"": 0.26889285714285904, ""choch_override"": false, ""instrument"": ""USDJPY"", ""penetration_atr"": 0.31425156063218773, ""r2"": null, ""regime"": ""range"", ""respect_bounces"": 1, ""respect_breaks"": 1, ""respect_rated"": true, ""respect_resolved"": 2, ""respect_score"": 0.5, ""respect_sweeps"": 0, ""sessions"": [""london_ny_overlap"", ""london"", ""newyork""], ""signal_bar_ts"": 1738328400, ""source_event_ts"": 1738328400, ""tide"": ""flat""}",USDJPY,sweep_reclaim_bounce_v2:short,base
sweep_reclaim_bounce_v2,sweep_reclaim_bounce_v2:GBPUSD:short:1740585600:liquidity:1.269875,short,1740589200,1740589200,1740589200,market_next_open,1.2693120103625,1.27086,1.2665256290149998,1.27086,SL,1,0.049127330708695606,0.0012195501380768065,0.0,-1.0,0.65,1.15,constant_spread_bid_ask,0.053298,-1.053298,0.936125,-1.515582,1.269875,liquidity,bounded_sweep_reclaimed,"{""atr"": 0.0015874999999999798, ""choch_override"": false, ""instrument"": ""GBPUSD"", ""penetration_atr"": 0.6204724409448984, ""r2"": null, ""regime"": ""range"", ""respect_bounces"": 0, ""respect_breaks"": 0, ""respect_rated"": false, ""respect_resolved"": 0, ""respect_score"": null, ""respect_sweeps"": 0, ""sessions"": [""newyork""], ""signal_bar_ts"": 1740585600, ""source_event_ts"": 1740585600, ""tide"": ""up""}",GBPUSD,sweep_reclaim_bounce_v2:short,base
sweep_reclaim_bounce_v2,sweep_reclaim_bounce_v2:EURUSD:short:1740589200:liquidity:1.052505,short,1740592800,1740592800,1740661200,market_next_open,1.049197783975,1.052885,1.0425607951299998,1.0425607951299998,TP,1,0.031664845968381074,0.003514319303106691,0.7916666666666666,1.8,0.681667,0.9,constant_spread_bid_ask,0.019397,1.780603,1.957004,-0.242586,1.052505,liquidity,bounded_sweep_reclaimed,"{""atr"": 0.0013332142857142174, ""choch_override"": false, ""instrument"": ""EURUSD"", ""penetration_atr"": 0.2850254487008267, ""r2"": null, ""regime"": ""range"", ""respect_bounces"": 1, ""respect_breaks"": 0, ""respect_rated"": true, ""respect_resolved"": 2, ""respect_score"": 0.75, ""respect_sweeps"": 1, ""sessions"": [""newyork""], ""signal_bar_ts"": 1740589200, ""source_event_ts"": 1740589200, ""tide"": ""flat""}",EURUSD,sweep_reclaim_bounce_v2:short,base
sweep_reclaim_bounce_v2,sweep_reclaim_bounce_v2:EURUSD:short:1741078800:liquidity:1.0524,short,1741082400,1741082400,1741086000,market_next_open,1.051157695775,1.052725,1.04833654817,1.052725,SL,1,0.02819610330870685,0.001491026733000712,0.041666666666666664,-1.0,0.651667,0.9,constant_spread_bid_ask,0.043706,-1.043706,0.539419,-2.137272,1.0524,liquidity,bounded_sweep_reclaimed,"{""atr"": 0.0015003571428571386, ""choch_override"": false, ""instrument"": ""EURUSD"", ""penetration_atr"": 0.21661509164478623, ""r2"": null, ""regime"": ""bull"", ""respect_bounces"": 0, ""respect_breaks"": 0, ""respect_rated"": true, ""respect_resolved"": 3, ""respect_score"": 0.5, ""respect_sweeps"": 3, ""sessions"": [""london""], ""signal_bar_ts"": 1741078800, ""source_event_ts"": 1741078800, ""tide"": ""flat""}",EURUSD,sweep_reclaim_bounce_v2:short,base
sweep_reclaim_bounce_v2,sweep_reclaim_bounce_v2:EURUSD:short:1741244400:liquidity:1.08201,short,1741248000,1741248000,1741266000,market_next_open,1.0798714036000001,1.082235,1.0756169300800003,1.082235,SL,1,0.02282363674751333,0.0021887758043414728,0.20833333333333334,-1.0,0.658333,0.9,constant_spread_bid_ask,0.030078,-1.030078,0.747967,-1.989511,1.08201,liquidity,bounded_sweep_reclaimed,"{""atr"": 0.0016910714285714365, ""choch_override"": false, ""instrument"": ""EURUSD"", ""penetration_atr"": 0.13305174234432818, ""r2"": null, ""regime"": ""bull"", ""respect_bounces"": 1, ""respect_breaks"": 0, ""respect_rated"": false, ""respect_resolved"": 1, ""respect_score"": 1.0, ""respect_sweeps"": 0, ""sessions"": [""london""], ""signal_bar_ts"": 1741244400, ""source_event_ts"": 1741244400, ""tide"": ""flat""}",EURUSD,sweep_reclaim_bounce_v2:short,base
sweep_reclaim_bounce_v2,sweep_reclaim_bounce_v2:EURUSD:short:1741273200:liquidity:1.084525,short,1741276800,1741276800,1741334400,market_next_open,1.081686321925,1.085375,1.0750467013899998,1.085375,SL,1,0.013766220437996315,0.003410118072340589,0.6666666666666666,-1.0,0.676667,0.9,constant_spread_bid_ask,0.019843,-1.019843,1.371189,-1.049841,1.084525,liquidity,bounded_sweep_reclaimed,"{""atr"": 0.002446428571428611, ""choch_override"": false, ""instrument"": ""EURUSD"", ""penetration_atr"": 0.34744525547445404, ""r2"": null, ""regime"": ""high_vol"", ""respect_bounces"": 1, ""respect_breaks"": 0, ""respect_rated"": false, ""respect_resolved"": 1, ""respect_score"": 1.0, ""respect_sweeps"": 0, ""sessions"": [""london_ny_overlap"", ""london"", ""newyork""], ""signal_bar_ts"": 1741273200, ""source_event_ts"": 1741273200, ""tide"": ""flat""}",EURUSD,sweep_reclaim_bounce_v2:short,base
sweep_reclaim_bounce_v2,sweep_reclaim_bounce_v2:EURUSD:short:1743404400:liquidity:1.084595,short,1743408000,1743408000,1743429600,market_next_open,1.083126257125,1.08494,1.07986151995,1.07986151995,TP,1,0.031895846354148,0.0016745442768734448,0.25,1.8,0.66,0.9,constant_spread_bid_ask,0.039414,1.760586,2.570777,-0.191591,1.084595,liquidity,bounded_sweep_reclaimed,"{""atr"": 0.001371428571428579, ""choch_override"": false, ""instrument"": ""EURUSD"", ""penetration_atr"": 0.25156250000002756, ""r2"": null, ""regime"": ""bull"", ""respect_bounces"": 3, ""respect_breaks"": 1, ""respect_rated"": true, ""respect_resolved"": 5, ""respect_score"": 0.7, ""respect_sweeps"": 1, ""sessions"": [""london""], ""signal_bar_ts"": 1743404400, ""source_event_ts"": 1743404400, ""tide"": ""flat""}",EURUSD,sweep_reclaim_bounce_v2:short,base
sweep_reclaim_bounce_v2,sweep_reclaim_bounce_v2:GBPUSD:short:1743613200:liquidity:1.297905,short,1743616800,1743616800,1743616800,market_next_open,1.29698541905,1.298145,1.29489817334,1.298145,SL,1,0.05343564987997747,0.000894058586139983,0.0,-1.0,0.65,1.15,constant_spread_bid_ask,0.072702,-1.072702,0.074037,-1.241169,1.297905,liquidity,bounded_sweep_reclaimed,"{""atr"": 0.0014892857142857327, ""choch_override"": false, ""instrument"": ""GBPUSD"", ""penetration_atr"": 0.16115107913670074, ""r2"": null, ""regime"": ""range"", ""respect_bounces"": 3, ""respect_breaks"": 0, ""respect_rated"": true, ""respect_resolved"": 4, ""respect_score"": 0.875, ""respect_sweeps"": 1, ""sessions"": [""newyork""], ""signal_bar_ts"": 1743613200, ""source_event_ts"": 1743613200, ""tide"": ""flat""}",GBPUSD,sweep_reclaim_bounce_v2:short,base
sweep_reclaim_bounce_v2,sweep_reclaim_bounce_v2:EURUSD:short:1743606000:failed_break,short,1743624000,1743624000,1743624000,market_next_open,1.0849311759,1.0863651,1.08235011252,1.0863651,SL,1,0.03227832083963928,0.0013216728690744728,0.0,-1.0,0.65,0.9,constant_spread_bid_ask,0.04918,-1.04918,2.648346,-5.291762,1.086165,failed_break,bounded_sweep_reclaimed,"{""atr"": 0.0016675000000000281, ""choch_override"": false, ""instrument"": ""EURUSD"", ""penetration_atr"": 0.6866566716641274, ""r2"": null, ""regime"": ""bull"", ""respect_bounces"": 2, ""respect_breaks"": 1, ""respect_rated"": true, ""respect_resolved"": 3, ""respect_score"": 0.6667, ""respect_sweeps"": 0, ""sessions"": [""newyork""], ""signal_bar_ts"": 1743620400, ""source_event_ts"": 1743606000, ""tide"": ""flat""}",EURUSD,sweep_reclaim_bounce_v2:short,base
sweep_reclaim_bounce_v2,sweep_reclaim_bounce_v2:EURUSD:short:1746540000:liquidity:1.13649,short,1746543600,1746543600,1746550800,market_next_open,1.13405896505,1.136965,1.1288281021399997,1.136965,SL,1,0.026619928741121412,0.0025625078056430296,0.08333333333333333,-1.0,0.653333,0.9,constant_spread_bid_ask,0.025496,-1.025496,0.315886,-1.043415,1.13649,liquidity,bounded_sweep_reclaimed,"{""atr"": 0.0021050000000000235, ""choch_override"": false, ""instrument"": ""EURUSD"", ""penetration_atr"": 0.22565320665083036, ""r2"": null, ""regime"": ""range"", ""respect_bounces"": 3, ""respect_breaks"": 3, ""respect_rated"": true, ""respect_resolved"": 7, ""respect_score"": 0.5, ""respect_sweeps"": 1, ""sessions"": [""london_ny_overlap"", ""london"", ""newyork""], ""signal_bar_ts"": 1746540000, ""source_event_ts"": 1746540000, ""tide"": ""flat""}",EURUSD,sweep_reclaim_bounce_v2:short,base
sweep_reclaim_bounce_v2,sweep_reclaim_bounce_v2:USDJPY:short:1748444400:failed_break,short,1748458800,1748458800,1748473200,market_next_open,144.83448215500002,145.011,144.51675003400007,145.011,SL,1,0.013892277105433231,0.0012187556607622684,0.16666666666666666,-1.0,0.656667,0.9,constant_spread_bid_ask,0.05388,-1.05388,0.402045,-6.798684,144.9735,failed_break,bounded_sweep_reclaimed,"{""atr"": 0.2892142857142862, ""choch_override"": false, ""instrument"": ""USDJPY"", ""penetration_atr"": 0.3647814275129876, ""r2"": null, ""regime"": ""bull"", ""respect_bounces"": 1, ""respect_breaks"": 1, ""respect_rated"": true, ""respect_resolved"": 4, ""respect_score"": 0.5, ""respect_sweeps"": 2, ""sessions"": [""newyork""], ""signal_bar_ts"": 1748455200, ""source_event_ts"": 1748444400, ""tide"": ""flat""}",USDJPY,sweep_reclaim_bounce_v2:short,base
sweep_reclaim_bounce_v2,sweep_reclaim_bounce_v2:EURUSD:short:1748527200:liquidity:1.13601,short,1748530800,1748530800,1748530800,market_next_open,1.134963924325,1.13695,1.1313889881100003,1.13695,SL,1,0.017631747662119668,0.0017499020298650013,0.0,-1.0,0.65,0.9,constant_spread_bid_ask,0.037145,-1.037145,0.014025,-1.078631,1.13601,liquidity,bounded_sweep_reclaimed,"{""atr"": 0.0023296428571428296, ""choch_override"": false, ""instrument"": ""EURUSD"", ""penetration_atr"": 0.4034953242372935, ""r2"": null, ""regime"": ""high_vol"", ""respect_bounces"": 0, ""respect_breaks"": 1, ""respect_rated"": true, ""respect_resolved"": 5, ""respect_score"": 0.4, ""respect_sweeps"": 4, ""sessions"": [""london_ny_overlap"", ""london"", ""newyork""], ""signal_bar_ts"": 1748527200, ""source_event_ts"": 1748527200, ""tide"": ""flat""}",EURUSD,sweep_reclaim_bounce_v2:short,base
sweep_reclaim_bounce_v2,sweep_reclaim_bounce_v2:EURUSD:short:1754478000:liquidity:1.16108,short,1754481600,1754481600,1754481600,market_next_open,1.160362781325,1.161505,1.1583067877099997,1.161505,SL,1,0.05239120013087887,0.0009843634192539359,0.0,-1.0,0.65,0.9,constant_spread_bid_ask,0.066033,-1.066033,0.236889,-2.232101,1.16108,liquidity,bounded_sweep_reclaimed,"{""atr"": 0.001092142857142859, ""choch_override"": false, ""instrument"": ""EURUSD"", ""penetration_atr"": 0.38914323086995856, ""r2"": null, ""regime"": ""bull"", ""respect_bounces"": 0, ""respect_breaks"": 0, ""respect_rated"": false, ""respect_resolved"": 0, ""respect_score"": null, ""respect_sweeps"": 0, ""sessions"": [""london_ny_overlap"", ""london"", ""newyork""], ""signal_bar_ts"": 1754478000, ""source_event_ts"": 1754478000, ""tide"": ""flat""}",EURUSD,sweep_reclaim_bounce_v2:short,base
sweep_reclaim_bounce_v2,sweep_reclaim_bounce_v2:EURUSD:short:1754488800:liquidity:1.1636,short,1754492400,1754492400,1754492400,market_next_open,1.16267767715,1.1637702285714286,1.1607110845914286,1.1637702285714286,SL,1,0.04393352970800779,0.0009396855576574887,0.0,-1.0,0.65,0.9,constant_spread_bid_ask,0.069172,-1.069172,0.325271,-1.903558,1.1636,liquidity,bounded_sweep_reclaimed,"{""atr"": 0.0014185714285714277, ""choch_override"": false, ""instrument"": ""EURUSD"", ""penetration_atr"": 0.11983887210473566, ""r2"": null, ""regime"": ""bull"", ""respect_bounces"": 0, ""respect_breaks"": 0, ""respect_rated"": false, ""respect_resolved"": 0, ""respect_score"": null, ""respect_sweeps"": 0, ""sessions"": [""london_ny_overlap"", ""london"", ""newyork""], ""signal_bar_ts"": 1754488800, ""source_event_ts"": 1754488800, ""tide"": ""flat""}",EURUSD,sweep_reclaim_bounce_v2:short,base
sweep_reclaim_bounce_v2,sweep_reclaim_bounce_v2:GBPUSD:short:1755165600:liquidity:1.35923,short,1755169200,1755169200,1755172800,market_next_open,1.357991910975,1.359495,1.3552863507300004,1.3552863507300004,TP,1,0.0778318933416654,0.0011068468176078257,0.041666666666666664,1.8,0.651667,1.15,constant_spread_bid_ask,0.058876,1.741124,2.1915,-0.320139,1.35923,liquidity,bounded_sweep_reclaimed,"{""atr"": 0.0011317857142856904, ""choch_override"": false, ""instrument"": ""GBPUSD"", ""penetration_atr"": 0.23414326285891537, ""r2"": null, ""regime"": ""bull"", ""respect_bounces"": 2, ""respect_breaks"": 0, ""respect_rated"": true, ""respect_resolved"": 2, ""respect_score"": 1.0, ""respect_sweeps"": 0, ""sessions"": [""london""], ""signal_bar_ts"": 1755165600, ""source_event_ts"": 1755165600, ""tide"": ""flat""}",GBPUSD,sweep_reclaim_bounce_v2:short,base
sweep_reclaim_bounce_v2,sweep_reclaim_bounce_v2:GBPUSD:short:1756346400:failed_break,short,1756364400,1756364400,1756368000,market_next_open,1.350332351425,1.3513397,1.34851912399,1.34851912399,TP,1,0.08786824561390731,0.0007460004745771697,0.041666666666666664,1.8,0.651667,1.15,constant_spread_bid_ask,0.087355,1.712645,1.930636,-0.451993,1.35122,failed_break,bounded_sweep_reclaimed,"{""atr"": 0.000997500000000048, ""choch_override"": false, ""instrument"": ""GBPUSD"", ""penetration_atr"": 0.6315789473682988, ""r2"": null, ""regime"": ""bull"", ""respect_bounces"": 2, ""respect_breaks"": 3, ""respect_rated"": true, ""respect_resolved"": 7, ""respect_score"": 0.4286, ""respect_sweeps"": 2, ""sessions"": [""london""], ""signal_bar_ts"": 1756360800, ""source_event_ts"": 1756346400, ""tide"": ""flat""}",GBPUSD,sweep_reclaim_bounce_v2:short,base
sweep_reclaim_bounce_v2,sweep_reclaim_bounce_v2:GBPUSD:short:1756375200:failed_break,short,1756382400,1756382400,1756386000,market_next_open,1.3514022899,1.352465,1.34948941172,1.34948941172,TP,1,0.050512122538387015,0.0007863758319357799,0.041666666666666664,1.8,0.651667,1.15,constant_spread_bid_ask,0.08287,1.71713,2.272235,-0.574424,1.35185,failed_break,bounded_sweep_reclaimed,"{""atr"": 0.0011425000000000146, ""choch_override"": false, ""instrument"": ""GBPUSD"", ""penetration_atr"": 0.7089715536104745, ""r2"": null, ""regime"": ""bull"", ""respect_bounces"": 2, ""respect_breaks"": 2, ""respect_rated"": true, ""respect_resolved"": 7, ""respect_score"": 0.5, ""respect_sweeps"": 3, ""sessions"": [""london_ny_overlap"", ""london"", ""newyork""], ""signal_bar_ts"": 1756378800, ""source_event_ts"": 1756375200, ""tide"": ""flat""}",GBPUSD,sweep_reclaim_bounce_v2:short,base
sweep_reclaim_bounce_v2,sweep_reclaim_bounce_v2:GBPUSD:short:1756400400:liquidity:1.35273,short,1756404000,1756404000,1756429200,market_next_open,1.3520672516624999,1.353075,1.3502533046549996,1.3502533046549996,TP,1,0.04136928302343945,0.0007453389143632046,0.2916666666666667,1.8,0.661667,1.15,constant_spread_bid_ask,0.088774,1.711226,2.401047,-0.298195,1.35273,liquidity,bounded_sweep_reclaimed,"{""atr"": 0.0015167857142857225, ""choch_override"": false, ""instrument"": ""GBPUSD"", ""penetration_atr"": 0.22745467388747492, ""r2"": null, ""regime"": ""bull"", ""respect_bounces"": 3, ""respect_breaks"": 1, ""respect_rated"": true, ""respect_resolved"": 6, ""respect_score"": 0.6667, ""respect_sweeps"": 2, ""sessions"": [""newyork""], ""signal_bar_ts"": 1756400400, ""source_event_ts"": 1756400400, ""tide"": ""flat""}",GBPUSD,sweep_reclaim_bounce_v2:short,base
sweep_reclaim_bounce_v2,sweep_reclaim_bounce_v2:GBPUSD:short:1757080800:liquidity:1.354965,short,1757084400,1757084400,1757336400,market_next_open,1.3519622577,1.355465,1.3456573215599998,1.355465,SL,1,0.03886853278698496,0.00259085805099249,2.9166666666666665,-1.0,0.766667,1.15,constant_spread_bid_ask,0.029591,-1.029591,1.041965,-1.07507,1.354965,liquidity,bounded_sweep_reclaimed,"{""atr"": 0.0017428571428571254, ""choch_override"": false, ""instrument"": ""GBPUSD"", ""penetration_atr"": 0.28688524590161063, ""r2"": null, ""regime"": ""bull"", ""respect_bounces"": 2, ""respect_breaks"": 0, ""respect_rated"": true, ""respect_resolved"": 2, ""respect_score"": 1.0, ""respect_sweeps"": 0, ""sessions"": [""london_ny_overlap"", ""london"", ""newyork""], ""signal_bar_ts"": 1757080800, ""source_event_ts"": 1757080800, ""tide"": ""flat""}",GBPUSD,sweep_reclaim_bounce_v2:short,base
sweep_reclaim_bounce_v2,sweep_reclaim_bounce_v2:GBPUSD:short:1757408400:failed_break,short,1757426400,1757426400,1757581200,market_next_open,1.3553520627749998,1.3584275142857143,1.3498162500557136,1.3498162500557136,TP,1,0.04592569531648463,0.002269116338981132,1.7916666666666667,1.8,0.721667,1.15,constant_spread_bid_ask,0.031804,1.768196,1.906865,-0.701032,1.35825,failed_break,bounded_sweep_reclaimed,"{""atr"": 0.0014792857142857147, ""choch_override"": true, ""instrument"": ""GBPUSD"", ""penetration_atr"": 0.5374215354901697, ""r2"": null, ""regime"": ""bull"", ""respect_bounces"": 1, ""respect_breaks"": 0, ""respect_rated"": true, ""respect_resolved"": 2, ""respect_score"": 0.75, ""respect_sweeps"": 1, ""sessions"": [""london_ny_overlap"", ""london"", ""newyork""], ""signal_bar_ts"": 1757422800, ""source_event_ts"": 1757408400, ""tide"": ""flat""}",GBPUSD,sweep_reclaim_bounce_v2:short,base
sweep_reclaim_bounce_v2,sweep_reclaim_bounce_v2:EURUSD:short:1759219200:failed_break,short,1759226400,1759226400,1759237200,market_next_open,1.17477713265,1.17584,1.1728639714200002,1.1728639714200002,TP,1,0.04951185075724749,0.000904739563326689,0.125,1.8,0.655,0.9,constant_spread_bid_ask,0.072397,1.727603,2.883152,-0.400567,1.17546,failed_break,bounded_sweep_reclaimed,"{""atr"": 0.0009667857142857038, ""choch_override"": false, ""instrument"": ""EURUSD"", ""penetration_atr"": 0.7240487624678342, ""r2"": null, ""regime"": ""bull"", ""respect_bounces"": 4, ""respect_breaks"": 2, ""respect_rated"": true, ""respect_resolved"": 6, ""respect_score"": 0.6667, ""respect_sweeps"": 0, ""sessions"": [""london""], ""signal_bar_ts"": 1759222800, ""source_event_ts"": 1759219200, ""tide"": ""flat""}",EURUSD,sweep_reclaim_bounce_v2:short,base
sweep_reclaim_bounce_v2,sweep_reclaim_bounce_v2:GBPUSD:short:1759777200:liquidity:1.348715,short,1759780800,1759780800,1759813200,market_next_open,1.3481024796499999,1.349015,1.3464599430199995,1.3464599430199995,TP,1,0.036146392731897015,0.0006768924201052843,0.375,1.8,0.665,1.15,constant_spread_bid_ask,0.098243,1.701757,2.794584,-0.772665,1.348715,liquidity,bounded_sweep_reclaimed,"{""atr"": 0.0017296428571428482, ""choch_override"": false, ""instrument"": ""GBPUSD"", ""penetration_atr"": 0.17344621102620522, ""r2"": null, ""regime"": ""range"", ""respect_bounces"": 4, ""respect_breaks"": 2, ""respect_rated"": true, ""respect_resolved"": 6, ""respect_score"": 0.6667, ""respect_sweeps"": 0, ""sessions"": [""newyork""], ""signal_bar_ts"": 1759777200, ""source_event_ts"": 1759777200, ""tide"": ""flat""}",GBPUSD,sweep_reclaim_bounce_v2:short,base
sweep_reclaim_bounce_v2,sweep_reclaim_bounce_v2:GBPUSD:short:1760608800:liquidity:1.344305,short,1760612400,1760612400,1760616000,market_next_open,1.3433227545,1.34484,1.3405917125999998,1.34484,SL,1,0.048291202872636683,0.0011294720460272656,0.041666666666666664,-1.0,0.651667,1.15,constant_spread_bid_ask,0.057697,-1.057697,0.715494,-1.077331,1.344305,liquidity,bounded_sweep_reclaimed,"{""atr"": 0.001392499999999987, ""choch_override"": false, ""instrument"": ""GBPUSD"", ""penetration_atr"": 0.3842010771992511, ""r2"": null, ""regime"": ""bull"", ""respect_bounces"": 3, ""respect_breaks"": 3, ""respect_rated"": true, ""respect_resolved"": 8, ""respect_score"": 0.5, ""respect_sweeps"": 2, ""sessions"": [""london""], ""signal_bar_ts"": 1760608800, ""source_event_ts"": 1760608800, ""tide"": ""flat""}",GBPUSD,sweep_reclaim_bounce_v2:short,base
sweep_reclaim_bounce_v2,sweep_reclaim_bounce_v2:EURUSD:short:1761566400:liquidity:1.164945,short,1761570000,1761570000,1761588000,market_next_open,1.164082613925,1.16516,1.1621433189900001,1.16516,SL,1,0.06027044636153057,0.000925523723240985,0.20833333333333334,-1.0,0.658333,0.9,constant_spread_bid_ask,0.071131,-1.071131,0.812403,-1.090436,1.164945,liquidity,bounded_sweep_reclaimed,"{""atr"": 0.0009521428571428617, ""choch_override"": false, ""instrument"": ""EURUSD"", ""penetration_atr"": 0.2258064516129822, ""r2"": null, ""regime"": ""bull"", ""respect_bounces"": 3, ""respect_breaks"": 3, ""respect_rated"": true, ""respect_resolved"": 6, ""respect_score"": 0.5, ""respect_sweeps"": 0, ""sessions"": [""london_ny_overlap"", ""london"", ""newyork""], ""signal_bar_ts"": 1761566400, ""source_event_ts"": 1761566400, ""tide"": ""flat""}",EURUSD,sweep_reclaim_bounce_v2:short,base
sweep_reclaim_bounce_v2,sweep_reclaim_bounce_v2:USDJPY:short:1762358400:liquidity:154.312,short,1762362000,1762362000,1762416000,market_next_open,154.1130646,154.3575,153.67308088000001,153.67308088000001,TP,1,0.037460935765248775,0.0015860783810536605,0.625,1.8,0.675,0.9,constant_spread_bid_ask,0.042558,1.757442,2.34686,-0.156982,154.312,liquidity,bounded_sweep_reclaimed,"{""atr"": 0.22517857142857167, ""choch_override"": false, ""instrument"": ""USDJPY"", ""penetration_atr"": 0.20206185566999482, ""r2"": null, ""regime"": ""range"", ""respect_bounces"": 3, ""respect_breaks"": 1, ""respect_rated"": true, ""respect_resolved"": 5, ""respect_score"": 0.7, ""respect_sweeps"": 1, ""sessions"": [""newyork""], ""signal_bar_ts"": 1762358400, ""source_event_ts"": 1762358400, ""tide"": ""up""}",USDJPY,sweep_reclaim_bounce_v2:short,base
sweep_reclaim_bounce_v2,sweep_reclaim_bounce_v2:EURUSD:short:1762405200:failed_break,short,1762416000,1762416000,1762416000,market_next_open,1.15079821175,1.15134,1.1498229929,1.15134,SL,1,0.049947867564618054,0.0004707934409944687,0.0,-1.0,0.65,0.9,constant_spread_bid_ask,0.138065,-1.138065,0.261051,-2.959909,1.150895,failed_break,bounded_sweep_reclaimed,"{""atr"": 0.0006364285714285696, ""choch_override"": false, ""instrument"": ""EURUSD"", ""penetration_atr"": 0.769921436588265, ""r2"": null, ""regime"": ""range"", ""respect_bounces"": 0, ""respect_breaks"": 0, ""respect_rated"": false, ""respect_resolved"": 1, ""respect_score"": 0.5, ""respect_sweeps"": 1, ""sessions"": [""london""], ""signal_bar_ts"": 1762412400, ""source_event_ts"": 1762405200, ""tide"": ""flat""}",EURUSD,sweep_reclaim_bounce_v2:short,base
sweep_reclaim_bounce_v2,sweep_reclaim_bounce_v2:EURUSD:short:1762455600:liquidity:1.155015,short,1762459200,1762459200,1762509600,market_next_open,1.154393049975,1.155235,1.1528775399299998,1.155235,SL,1,0.03667970703124307,0.0007293443294884069,0.5833333333333334,-1.0,0.673333,0.9,constant_spread_bid_ask,0.09232,-1.09232,1.634499,-1.008294,1.155015,liquidity,bounded_sweep_reclaimed,"{""atr"": 0.0012800000000000272, ""choch_override"": false, ""instrument"": ""EURUSD"", ""penetration_atr"": 0.1718750000000815, ""r2"": null, ""regime"": ""high_vol"", ""respect_bounces"": 0, ""respect_breaks"": 0, ""respect_rated"": false, ""respect_resolved"": 0, ""respect_score"": null, ""respect_sweeps"": 0, ""sessions"": [""newyork""], ""signal_bar_ts"": 1762455600, ""source_event_ts"": 1762455600, ""tide"": ""flat""}",EURUSD,sweep_reclaim_bounce_v2:short,base
sweep_reclaim_bounce_v2,sweep_reclaim_bounce_v2:EURUSD:short:1762516800:liquidity:1.15611,short,1762520400,1762520400,1762520400,market_next_open,1.155552997775,1.15652,1.1538123937700002,1.15652,SL,1,0.04218749058379778,0.0008368307008521898,0.0,-1.0,0.65,0.9,constant_spread_bid_ask,0.077674,-1.077674,0.0,-1.529538,1.15611,liquidity,bounded_sweep_reclaimed,"{""atr"": 0.0007585714285714021, ""choch_override"": false, ""instrument"": ""EURUSD"", ""penetration_atr"": 0.5404896421846046, ""r2"": null, ""regime"": ""bull"", ""respect_bounces"": 0, ""respect_breaks"": 0, ""respect_rated"": false, ""respect_resolved"": 0, ""respect_score"": null, ""respect_sweeps"": 0, ""sessions"": [""london_ny_overlap"", ""london"", ""newyork""], ""signal_bar_ts"": 1762516800, ""source_event_ts"": 1762516800, ""tide"": ""flat""}",EURUSD,sweep_reclaim_bounce_v2:short,base
sweep_reclaim_bounce_v2,sweep_reclaim_bounce_v2:USDJPY:short:1762952400:failed_break,short,1762966800,1762966800,1762992000,market_next_open,154.640040885,154.93024571428572,154.11767219228568,154.93024571428572,SL,1,0.05219850610956994,0.0018766473910954394,0.2916666666666667,-1.0,0.661667,0.9,constant_spread_bid_ask,0.035258,-1.035258,0.465494,-1.123111,154.9085,failed_break,bounded_sweep_reclaimed,"{""atr"": 0.18121428571428616, ""choch_override"": true, ""instrument"": ""USDJPY"", ""penetration_atr"": 0.7642885297595202, ""r2"": null, ""regime"": ""bull"", ""respect_bounces"": 0, ""respect_breaks"": 0, ""respect_rated"": false, ""respect_resolved"": 1, ""respect_score"": 0.5, ""respect_sweeps"": 1, ""sessions"": [""newyork""], ""signal_bar_ts"": 1762963200, ""source_event_ts"": 1762952400, ""tide"": ""up""}",USDJPY,sweep_reclaim_bounce_v2:short,base
sweep_reclaim_bounce_v2,sweep_reclaim_bounce_v2:USDJPY:short:1763366400:liquidity:154.814,short,1763370000,1763370000,1763373600,market_next_open,154.7075378475,154.833,154.48170597299998,154.833,SL,1,0.04300907480316168,0.0008109634103522355,0.041666666666666664,-1.0,0.651667,0.9,constant_spread_bid_ask,0.080357,-1.080357,0.343357,-1.155171,154.814,liquidity,bounded_sweep_reclaimed,"{""atr"": 0.12700000000000142, ""choch_override"": false, ""instrument"": ""USDJPY"", ""penetration_atr"": 0.14960629921263974, ""r2"": null, ""regime"": ""range"", ""respect_bounces"": 4, ""respect_breaks"": 3, ""respect_rated"": true, ""respect_resolved"": 7, ""respect_score"": 0.5714, ""respect_sweeps"": 0, ""sessions"": [""london""], ""signal_bar_ts"": 1763366400, ""source_event_ts"": 1763366400, ""tide"": ""up""}",USDJPY,sweep_reclaim_bounce_v2:short,base
sweep_reclaim_bounce_v2,sweep_reclaim_bounce_v2:USDJPY:short:1763463600:failed_break,short,1763478000,1763478000,1763481600,market_next_open,155.2275144475,155.4065442857143,154.90526073871428,155.4065442857143,SL,1,0.03448995721579933,0.0011533383037891842,0.041666666666666664,-1.0,0.651667,0.9,constant_spread_bid_ask,0.056503,-1.056503,0.938598,-1.597406,155.3805,failed_break,bounded_sweep_reclaimed,"{""atr"": 0.21703571428571017, ""choch_override"": false, ""instrument"": ""USDJPY"", ""penetration_atr"": 0.2833635017278096, ""r2"": null, ""regime"": ""bull"", ""respect_bounces"": 1, ""respect_breaks"": 0, ""respect_rated"": true, ""respect_resolved"": 2, ""respect_score"": 0.75, ""respect_sweeps"": 1, ""sessions"": [""london_ny_overlap"", ""london"", ""newyork""], ""signal_bar_ts"": 1763474400, ""source_event_ts"": 1763463600, ""tide"": ""flat""}",USDJPY,sweep_reclaim_bounce_v2:short,base
sweep_reclaim_bounce_v2,sweep_reclaim_bounce_v2:EURUSD:short:1763712000:liquidity:1.155005,short,1763715600,1763715600,1763719200,market_next_open,1.154063064825,1.15526,1.1519085815100003,1.1519085815100003,TP,1,0.04859891447343489,0.0010371488452248136,0.041666666666666664,1.8,0.651667,0.9,constant_spread_bid_ask,0.062833,1.737167,2.306941,-0.224639,1.155005,liquidity,bounded_sweep_reclaimed,"{""atr"": 0.0007599999999999511, ""choch_override"": false, ""instrument"": ""EURUSD"", ""penetration_atr"": 0.33552631578935604, ""r2"": null, ""regime"": ""bear"", ""respect_bounces"": 1, ""respect_breaks"": 1, ""respect_rated"": true, ""respect_resolved"": 2, ""respect_score"": 0.5, ""respect_sweeps"": 0, ""sessions"": [""london""], ""signal_bar_ts"": 1763712000, ""source_event_ts"": 1763712000, ""tide"": ""flat""}",EURUSD,sweep_reclaim_bounce_v2:short,base
sweep_reclaim_bounce_v2,sweep_reclaim_bounce_v2:GBPUSD:short:1763989200:liquidity:1.31161,short,1763992800,1763992800,1764054000,market_next_open,1.31046464395,1.3118,1.30806100306,1.3118,SL,1,0.0850579611340144,0.001018994336218783,0.7083333333333334,-1.0,0.678333,1.15,constant_spread_bid_ask,0.066569,-1.066569,1.748171,-1.857816,1.31161,liquidity,bounded_sweep_reclaimed,"{""atr"": 0.0011210714285714454, ""choch_override"": false, ""instrument"": ""GBPUSD"", ""penetration_atr"": 0.1694807263460875, ""r2"": null, ""regime"": ""range"", ""respect_bounces"": 0, ""respect_breaks"": 0, ""respect_rated"": false, ""respect_resolved"": 1, ""respect_score"": 0.5, ""respect_sweeps"": 1, ""sessions"": [""london_ny_overlap"", ""london"", ""newyork""], ""signal_bar_ts"": 1763989200, ""source_event_ts"": 1763989200, ""tide"": ""flat""}",GBPUSD,sweep_reclaim_bounce_v2:short,base
sweep_reclaim_bounce_v2,sweep_reclaim_bounce_v2:GBPUSD:short:1764082800:liquidity:1.31832,short,1764086400,1764086400,1764090000,market_next_open,1.3175942339749998,1.31958,1.3140198551299993,1.31958,SL,1,0.04776150954665628,0.0015071149932171775,0.041666666666666664,-1.0,0.651667,1.15,constant_spread_bid_ask,0.043239,-1.043239,0.21075,-1.461245,1.31832,liquidity,bounded_sweep_reclaimed,"{""atr"": 0.0017957142857143132, ""choch_override"": false, ""instrument"": ""GBPUSD"", ""penetration_atr"": 0.701670644391419, ""r2"": null, ""regime"": ""bull"", ""respect_bounces"": 3, ""respect_breaks"": 1, ""respect_rated"": true, ""respect_resolved"": 7, ""respect_score"": 0.6429, ""respect_sweeps"": 3, ""sessions"": [""london_ny_overlap"", ""london"", ""newyork""], ""signal_bar_ts"": 1764082800, ""source_event_ts"": 1764082800, ""tide"": ""flat""}",GBPUSD,sweep_reclaim_bounce_v2:short,base
sweep_reclaim_bounce_v2,sweep_reclaim_bounce_v2:EURUSD:short:1764133200:failed_break,short,1764144000,1764144000,1764162000,market_next_open,1.1578878927,1.15922,1.1554900995600002,1.1554900995600002,TP,1,0.032997604254028444,0.0011504631047601981,0.20833333333333334,1.8,0.658333,0.9,constant_spread_bid_ask,0.057223,1.742777,2.241504,-0.419812,1.158675,failed_break,bounded_sweep_reclaimed,"{""atr"": 0.0012760714285713984, ""choch_override"": false, ""instrument"": ""EURUSD"", ""penetration_atr"": 0.7131262244614016, ""r2"": null, ""regime"": ""bull"", ""respect_bounces"": 3, ""respect_breaks"": 1, ""respect_rated"": true, ""respect_resolved"": 8, ""respect_score"": 0.625, ""respect_sweeps"": 4, ""sessions"": [""london""], ""signal_bar_ts"": 1764140400, ""source_event_ts"": 1764133200, ""tide"": ""flat""}",EURUSD,sweep_reclaim_bounce_v2:short,base
sweep_reclaim_bounce_v2,sweep_reclaim_bounce_v2:GBPUSD:short:1764162000:liquidity:1.32141,short,1764165600,1764165600,1764169200,market_next_open,1.3192041414,1.322485,1.31329859592,1.322485,SL,1,0.04647096922822655,0.002486998408387453,0.041666666666666664,-1.0,0.651667,1.15,constant_spread_bid_ask,0.026203,-1.026203,0.191513,-1.329518,1.32141,liquidity,bounded_sweep_reclaimed,"{""atr"": 0.0021703571428571345, ""choch_override"": false, ""instrument"": ""GBPUSD"", ""penetration_atr"": 0.4953101859469863, ""r2"": null, ""regime"": ""high_vol"", ""respect_bounces"": 1, ""respect_breaks"": 0, ""respect_rated"": true, ""respect_resolved"": 2, ""respect_score"": 0.75, ""respect_sweeps"": 1, ""sessions"": [""london_ny_overlap"", ""london"", ""newyork""], ""signal_bar_ts"": 1764162000, ""source_event_ts"": 1764162000, ""tide"": ""flat""}",GBPUSD,sweep_reclaim_bounce_v2:short,base
sweep_reclaim_bounce_v2,sweep_reclaim_bounce_v2:EURUSD:short:1764172800:liquidity:1.159585,short,1764176400,1764176400,1764198000,market_next_open,1.158982843425,1.16009,1.15698996159,1.16009,SL,1,0.03694330794093734,0.0009552829718584974,0.25,-1.0,0.66,0.9,constant_spread_bid_ask,0.069089,-1.069089,0.370959,-1.169091,1.159585,liquidity,bounded_sweep_reclaimed,"{""atr"": 0.001547142857142858, ""choch_override"": false, ""instrument"": ""EURUSD"", ""penetration_atr"": 0.32640812557708604, ""r2"": null, ""regime"": ""high_vol"", ""respect_bounces"": 2, ""respect_breaks"": 2, ""respect_rated"": true, ""respect_resolved"": 7, ""respect_score"": 0.5, ""respect_sweeps"": 3, ""sessions"": [""newyork""], ""signal_bar_ts"": 1764172800, ""source_event_ts"": 1764172800, ""tide"": ""flat""}",EURUSD,sweep_reclaim_bounce_v2:short,base
sweep_reclaim_bounce_v2,sweep_reclaim_bounce_v2:GBPUSD:short:1764594000:liquidity:1.327,short,1764597600,1764597600,1764597600,market_next_open,1.3265287202125,1.32758,1.324636416595,1.324636416595,TP,1,0.05072084925472403,0.0007925043547730825,0.0,1.8,0.65,1.15,constant_spread_bid_ask,0.082018,1.717982,1.961959,-0.1689,1.327,liquidity,bounded_sweep_reclaimed,"{""atr"": 0.001701071428571391, ""choch_override"": false, ""instrument"": ""GBPUSD"", ""penetration_atr"": 0.3409615788368897, ""r2"": null, ""regime"": ""range"", ""respect_bounces"": 1, ""respect_breaks"": 0, ""respect_rated"": false, ""respect_resolved"": 1, ""respect_score"": 1.0, ""respect_sweeps"": 0, ""sessions"": [""london_ny_overlap"", ""london"", ""newyork""], ""signal_bar_ts"": 1764594000, ""source_event_ts"": 1764594000, ""tide"": ""up""}",GBPUSD,sweep_reclaim_bounce_v2:short,base
sweep_reclaim_bounce_v2,sweep_reclaim_bounce_v2:GBPUSD:short:1764835200:liquidity:1.335415,short,1764838800,1764838800,1764846000,market_next_open,1.33422327775,1.3359,1.3312051777,1.3359,SL,1,0.09108839590433841,0.0012567028907092834,0.08333333333333333,-1.0,0.653333,1.15,constant_spread_bid_ask,0.051988,-1.051988,0.299151,-1.326137,1.335415,liquidity,bounded_sweep_reclaimed,"{""atr"": 0.000732500000000009, ""choch_override"": false, ""instrument"": ""GBPUSD"", ""penetration_atr"": 0.6621160409557171, ""r2"": null, ""regime"": ""bull"", ""respect_bounces"": 1, ""respect_breaks"": 0, ""respect_rated"": false, ""respect_resolved"": 1, ""respect_score"": 1.0, ""respect_sweeps"": 0, ""sessions"": [""london""], ""signal_bar_ts"": 1764835200, ""source_event_ts"": 1764835200, ""tide"": ""flat""}",GBPUSD,sweep_reclaim_bounce_v2:short,base
sweep_reclaim_bounce_v2,sweep_reclaim_bounce_v2:GBPUSD:short:1765270800:liquidity:1.33512,short,1765274400,1765274400,1765278000,market_next_open,1.3346132553249999,1.33562,1.3328011149099996,1.3328011149099996,TP,1,0.08919917770861062,0.0007543343893696096,0.041666666666666664,1.8,0.651667,1.15,constant_spread_bid_ask,0.08639,1.71361,2.097494,-0.336232,1.33512,liquidity,bounded_sweep_reclaimed,"{""atr"": 0.00091642857142858, ""choch_override"": false, ""instrument"": ""GBPUSD"", ""penetration_atr"": 0.5455962587684461, ""r2"": null, ""regime"": ""range"", ""respect_bounces"": 2, ""respect_breaks"": 3, ""respect_rated"": true, ""respect_resolved"": 6, ""respect_score"": 0.4167, ""respect_sweeps"": 1, ""sessions"": [""london""], ""signal_bar_ts"": 1765270800, ""source_event_ts"": 1765270800, ""tide"": ""up""}",GBPUSD,sweep_reclaim_bounce_v2:short,base
sweep_reclaim_bounce_v2,sweep_reclaim_bounce_v2:USDJPY:short:1765285200:liquidity:156.4315,short,1765288800,1765288800,1765288800,market_next_open,156.3374644975,156.5165,156.015200593,156.5165,SL,1,0.03799641094899017,0.001145186171948328,0.0,-1.0,0.65,0.9,constant_spread_bid_ask,0.056759,-1.056759,0.088979,-1.13709,156.4315,liquidity,bounded_sweep_reclaimed,"{""atr"": 0.19832142857142848, ""choch_override"": false, ""instrument"": ""USDJPY"", ""penetration_atr"": 0.42859715469119825, ""r2"": null, ""regime"": ""bull"", ""respect_bounces"": 4, ""respect_breaks"": 2, ""respect_rated"": true, ""respect_resolved"": 9, ""respect_score"": 0.6111, ""respect_sweeps"": 3, ""sessions"": [""london_ny_overlap"", ""london"", ""newyork""], ""signal_bar_ts"": 1765285200, ""source_event_ts"": 1765285200, ""tide"": ""flat""}",USDJPY,sweep_reclaim_bounce_v2:short,base
sweep_reclaim_bounce_v2,sweep_reclaim_bounce_v2:USDJPY:short:1765976400:liquidity:155.598,short,1765980000,1765980000,1765980000,market_next_open,155.4295053575,155.6385,155.05331500100002,155.6385,SL,1,0.034156647257708464,0.0013446265689341544,0.0,-1.0,0.65,0.9,constant_spread_bid_ask,0.048341,-1.048341,0.330221,-1.004801,155.598,liquidity,bounded_sweep_reclaimed,"{""atr"": 0.19014285714286366, ""choch_override"": false, ""instrument"": ""USDJPY"", ""penetration_atr"": 0.21299774605548596, ""r2"": null, ""regime"": ""range"", ""respect_bounces"": 2, ""respect_breaks"": 2, ""respect_rated"": true, ""respect_resolved"": 4, ""respect_score"": 0.5, ""respect_sweeps"": 0, ""sessions"": [""london_ny_overlap"", ""london"", ""newyork""], ""signal_bar_ts"": 1765976400, ""source_event_ts"": 1765976400, ""tide"": ""flat""}",USDJPY,sweep_reclaim_bounce_v2:short,base
sweep_reclaim_bounce_v2,sweep_reclaim_bounce_v2:USDJPY:short:1766052000:liquidity:155.9565,short,1766055600,1766055600,1766062800,market_next_open,155.8534862775,155.9745,155.63566157699998,155.63566157699998,TP,1,0.052036663368740396,0.0007764582326027824,0.08333333333333333,1.8,0.653333,0.9,constant_spread_bid_ask,0.084143,1.715857,3.974713,-0.215083,155.9565,liquidity,bounded_sweep_reclaimed,"{""atr"": 0.14439285714285738, ""choch_override"": false, ""instrument"": ""USDJPY"", ""penetration_atr"": 0.12465990601039284, ""r2"": null, ""regime"": ""bull"", ""respect_bounces"": 1, ""respect_breaks"": 2, ""respect_rated"": true, ""respect_resolved"": 8, ""respect_score"": 0.4375, ""respect_sweeps"": 5, ""sessions"": [""london""], ""signal_bar_ts"": 1766052000, ""source_event_ts"": 1766052000, ""tide"": ""flat""}",USDJPY,sweep_reclaim_bounce_v2:short,base
sweep_reclaim_bounce_v2,sweep_reclaim_bounce_v2:EURUSD:short:1769097600:liquidity:1.174315,short,1769101200,1769101200,1769112000,market_next_open,1.173822175625,1.17507,1.17157609175,1.17507,SL,1,0.054496213396177766,0.0010630437905431776,0.125,-1.0,0.655,0.9,constant_spread_bid_ask,0.061616,-1.061616,0.820951,-1.214684,1.174315,liquidity,bounded_sweep_reclaimed,"{""atr"": 0.001061071428571417, ""choch_override"": false, ""instrument"": ""EURUSD"", ""penetration_atr"": 0.7115449343655988, ""r2"": null, ""regime"": ""range"", ""respect_bounces"": 2, ""respect_breaks"": 0, ""respect_rated"": true, ""respect_resolved"": 3, ""respect_score"": 0.8333, ""respect_sweeps"": 1, ""sessions"": [""newyork""], ""signal_bar_ts"": 1769097600, ""source_event_ts"": 1769097600, ""tide"": ""up""}",EURUSD,sweep_reclaim_bounce_v2:short,base
sweep_reclaim_bounce_v2,sweep_reclaim_bounce_v2:GBPUSD:short:1769151600:liquidity:1.350855,short,1769155200,1769155200,1769158800,market_next_open,1.3491574189875,1.35122,1.3454447731649997,1.35122,SL,1,0.07679403354369926,0.0015287919582045672,0.041666666666666664,-1.0,0.651667,1.15,constant_spread_bid_ask,0.042626,-1.042626,0.404782,-2.123749,1.350855,liquidity,bounded_sweep_reclaimed,"{""atr"": 0.0010753571428571299, ""choch_override"": false, ""instrument"": ""GBPUSD"", ""penetration_atr"": 0.33942211889753915, ""r2"": null, ""regime"": ""bull"", ""respect_bounces"": 1, ""respect_breaks"": 0, ""respect_rated"": false, ""respect_resolved"": 1, ""respect_score"": 1.0, ""respect_sweeps"": 0, ""sessions"": [""london""], ""signal_bar_ts"": 1769151600, ""source_event_ts"": 1769151600, ""tide"": ""flat""}",GBPUSD,sweep_reclaim_bounce_v2:short,base
sweep_reclaim_bounce_v2,sweep_reclaim_bounce_v2:EURUSD:short:1769443200:liquidity:1.18978,short,1769446800,1769446800,1769515200,market_next_open,1.18853651345,1.190705,1.1846332376600004,1.190705,SL,1,0.0314988151567387,0.001824501414521345,0.7916666666666666,-1.0,0.681667,0.9,constant_spread_bid_ask,0.037362,-1.037362,1.590135,-2.286014,1.18978,liquidity,bounded_sweep_reclaimed,"{""atr"": 0.0018567857142857136, ""choch_override"": false, ""instrument"": ""EURUSD"", ""penetration_atr"": 0.49817272552405467, ""r2"": null, ""regime"": ""bull"", ""respect_bounces"": 1, ""respect_breaks"": 0, ""respect_rated"": false, ""respect_resolved"": 1, ""respect_score"": 1.0, ""respect_sweeps"": 0, ""sessions"": [""newyork""], ""signal_bar_ts"": 1769443200, ""source_event_ts"": 1769443200, ""tide"": ""flat""}",EURUSD,sweep_reclaim_bounce_v2:short,base
sweep_reclaim_bounce_v2,sweep_reclaim_bounce_v2:USDJPY:short:1769785200:liquidity:154.522,short,1769788800,1769788800,1769803200,market_next_open,154.2155599875,154.762,153.231967965,154.762,SL,1,0.025457698887981106,0.0035433519973230433,0.16666666666666666,-1.0,0.656667,0.9,constant_spread_bid_ask,0.018532,-1.018532,0.07983,-1.042942,154.522,liquidity,bounded_sweep_reclaimed,"{""atr"": 0.29224999999999973, ""choch_override"": false, ""instrument"": ""USDJPY"", ""penetration_atr"": 0.8212147134303142, ""r2"": null, ""regime"": ""bull"", ""respect_bounces"": 1, ""respect_breaks"": 0, ""respect_rated"": true, ""respect_resolved"": 2, ""respect_score"": 0.75, ""respect_sweeps"": 1, ""sessions"": [""london_ny_overlap"", ""london"", ""newyork""], ""signal_bar_ts"": 1769785200, ""source_event_ts"": 1769785200, ""tide"": ""flat""}",USDJPY,sweep_reclaim_bounce_v2:short,base
sweep_reclaim_bounce_v2,sweep_reclaim_bounce_v2:USDJPY:short:1770058800:liquidity:155.7385,short,1770062400,1770062400,1770091200,market_next_open,155.62099673999998,155.7885,155.31949087199996,155.31949087199996,TP,1,0.031826130196595755,0.0010763538565420573,0.3333333333333333,1.8,0.663333,0.9,constant_spread_bid_ask,0.061628,1.738372,1.862699,-0.328402,155.7385,liquidity,bounded_sweep_reclaimed,"{""atr"": 0.2671785714285692, ""choch_override"": false, ""instrument"": ""USDJPY"", ""penetration_atr"": 0.18714075658338858, ""r2"": null, ""regime"": ""bull"", ""respect_bounces"": 1, ""respect_breaks"": 0, ""respect_rated"": false, ""respect_resolved"": 1, ""respect_score"": 1.0, ""respect_sweeps"": 0, ""sessions"": [""newyork""], ""signal_bar_ts"": 1770058800, ""source_event_ts"": 1770058800, ""tide"": ""flat""}",USDJPY,sweep_reclaim_bounce_v2:short,base
sweep_reclaim_bounce_v2,sweep_reclaim_bounce_v2:USDJPY:short:1770127200:liquidity:155.9855,short,1770130800,1770130800,1770166800,market_next_open,155.85898603,156.0845,155.45306088400005,156.0845,SL,1,0.04627575995038603,0.0014469102856640738,0.4166666666666667,-1.0,0.666667,0.9,constant_spread_bid_ask,0.046075,-1.046075,1.438879,-1.494553,155.9855,liquidity,bounded_sweep_reclaimed,"{""atr"": 0.17317857142856496, ""choch_override"": false, ""instrument"": ""USDJPY"", ""penetration_atr"": 0.5716642606722645, ""r2"": null, ""regime"": ""bull"", ""respect_bounces"": 1, ""respect_breaks"": 0, ""respect_rated"": false, ""respect_resolved"": 1, ""respect_score"": 1.0, ""respect_sweeps"": 0, ""sessions"": [""london_ny_overlap"", ""london"", ""newyork""], ""signal_bar_ts"": 1770127200, ""source_event_ts"": 1770127200, ""tide"": ""flat""}",USDJPY,sweep_reclaim_bounce_v2:short,base
sweep_reclaim_bounce_v2,sweep_reclaim_bounce_v2:EURUSD:short:1770181200:failed_break,short,1770195600,1770195600,1770199200,market_next_open,1.182821770625,1.183805,1.1810519577499998,1.1810519577499998,TP,1,0.04347781968402759,0.0008312574213784762,0.041666666666666664,1.8,0.651667,0.9,constant_spread_bid_ask,0.078395,1.721605,2.327686,-0.51003,1.1832,failed_break,bounded_sweep_reclaimed,"{""atr"": 0.0009942857142857411, ""choch_override"": false, ""instrument"": ""EURUSD"", ""penetration_atr"": 0.608477011494203, ""r2"": null, ""regime"": ""bear"", ""respect_bounces"": 1, ""respect_breaks"": 1, ""respect_rated"": true, ""respect_resolved"": 3, ""respect_score"": 0.5, ""respect_sweeps"": 1, ""sessions"": [""london""], ""signal_bar_ts"": 1770192000, ""source_event_ts"": 1770181200, ""tide"": ""flat""}",EURUSD,sweep_reclaim_bounce_v2:short,base
sweep_reclaim_bounce_v2,sweep_reclaim_bounce_v2:EURUSD:short:1770627600:liquidity:1.18649,short,1770631200,1770631200,1770631200,market_next_open,1.1861666201,1.18699,1.1846845362800003,1.18699,SL,1,0.060567822525434446,0.0006941519732957125,0.0,-1.0,0.65,0.9,constant_spread_bid_ask,0.093639,-1.093639,0.732678,-1.040581,1.18649,liquidity,bounded_sweep_reclaimed,"{""atr"": 0.0010464285714285276, ""choch_override"": false, ""instrument"": ""EURUSD"", ""penetration_atr"": 0.47781569965867043, ""r2"": null, ""regime"": ""bull"", ""respect_bounces"": 1, ""respect_breaks"": 0, ""respect_rated"": true, ""respect_resolved"": 3, ""respect_score"": 0.6667, ""respect_sweeps"": 2, ""sessions"": [""london""], ""signal_bar_ts"": 1770627600, ""source_event_ts"": 1770627600, ""tide"": ""flat""}",EURUSD,sweep_reclaim_bounce_v2:short,base
sweep_reclaim_bounce_v2,sweep_reclaim_bounce_v2:EURUSD:short:1770649200:liquidity:1.19185,short,1770652800,1770652800,1770732000,market_next_open,1.191171394875,1.19267,1.1884739056500002,1.19267,SL,1,0.032248903856240775,0.0012580936139397027,0.9166666666666666,-1.0,0.686667,0.9,constant_spread_bid_ask,0.05458,-1.05458,1.510002,-1.169277,1.19185,liquidity,bounded_sweep_reclaimed,"{""atr"": 0.0013521428571428176, ""choch_override"": false, ""instrument"": ""EURUSD"", ""penetration_atr"": 0.6064447966190083, ""r2"": null, ""regime"": ""bull"", ""respect_bounces"": 0, ""respect_breaks"": 1, ""respect_rated"": false, ""respect_resolved"": 1, ""respect_score"": 0.0, ""respect_sweeps"": 0, ""sessions"": [""london_ny_overlap"", ""london"", ""newyork""], ""signal_bar_ts"": 1770649200, ""source_event_ts"": 1770649200, ""tide"": ""flat""}",EURUSD,sweep_reclaim_bounce_v2:short,base
sweep_reclaim_bounce_v2,sweep_reclaim_bounce_v2:GBPUSD:short:1770804000:failed_break,short,1770818400,1770818400,1771203600,market_next_open,1.3640765610874999,1.3703041714285715,1.352866862473571,1.364428450125,TIME,1,0.07126696727368374,0.004565440473595374,4.458333333333333,-0.056505,0.828333,1.15,constant_spread_bid_ask,0.018144,-0.074648,0.79379,-0.506944,1.37013,failed_break,bounded_sweep_reclaimed,"{""atr"": 0.0014514285714285321, ""choch_override"": false, ""instrument"": ""GBPUSD"", ""penetration_atr"": 0.7647637795275414, ""r2"": null, ""regime"": ""bull"", ""respect_bounces"": 2, ""respect_breaks"": 1, ""respect_rated"": true, ""respect_resolved"": 7, ""respect_score"": 0.5714, ""respect_sweeps"": 4, ""sessions"": [""london_ny_overlap"", ""london"", ""newyork""], ""signal_bar_ts"": 1770814800, ""source_event_ts"": 1770804000, ""tide"": ""flat""}",GBPUSD,sweep_reclaim_bounce_v2:short,base
sweep_reclaim_bounce_v2,sweep_reclaim_bounce_v2:GBPUSD:short:1771232400:liquidity:1.366025,short,1771236000,1771236000,1771297200,market_next_open,1.36438154355,1.36621,1.3610903219400001,1.3610903219400001,TP,1,0.0994090803019717,0.0013401357257021216,0.7083333333333334,1.8,0.678333,1.15,constant_spread_bid_ask,0.050617,1.749383,2.01717,-0.482349,1.366025,liquidity,bounded_sweep_reclaimed,"{""atr"": 0.0010407142857143154, ""choch_override"": false, ""instrument"": ""GBPUSD"", ""penetration_atr"": 0.17776252573769677, ""r2"": null, ""regime"": ""range"", ""respect_bounces"": 2, ""respect_breaks"": 3, ""respect_rated"": true, ""respect_resolved"": 8, ""respect_score"": 0.4375, ""respect_sweeps"": 3, ""sessions"": [""london""], ""signal_bar_ts"": 1771232400, ""source_event_ts"": 1771232400, ""tide"": ""flat""}",GBPUSD,sweep_reclaim_bounce_v2:short,base
sweep_reclaim_bounce_v2,sweep_reclaim_bounce_v2:USDJPY:short:1771340400:failed_break,short,1771347600,1771347600,1771408800,market_next_open,153.562089395,153.8475,153.04835030599997,153.8475,SL,1,0.024554984952171694,0.0018586006879983416,0.7083333333333334,-1.0,0.678333,0.9,constant_spread_bid_ask,0.036497,-1.036497,1.696507,-1.066303,153.7595,failed_break,bounded_sweep_reclaimed,"{""atr"": 0.2610714285714307, ""choch_override"": false, ""instrument"": ""USDJPY"", ""penetration_atr"": 0.6300957592339359, ""r2"": null, ""regime"": ""range"", ""respect_bounces"": 2, ""respect_breaks"": 1, ""respect_rated"": true, ""respect_resolved"": 3, ""respect_score"": 0.6667, ""respect_sweeps"": 0, ""sessions"": [""newyork""], ""signal_bar_ts"": 1771344000, ""source_event_ts"": 1771340400, ""tide"": ""flat""}",USDJPY,sweep_reclaim_bounce_v2:short,base
sweep_reclaim_bounce_v2,sweep_reclaim_bounce_v2:USDJPY:short:1771477200:failed_break,short,1771491600,1771491600,1771509600,market_next_open,154.8085333025,155.28553571428571,153.9499289612857,155.28553571428571,SL,1,0.026725834686356163,0.00308124107637945,0.20833333333333334,-1.0,0.658333,0.9,constant_spread_bid_ask,0.021366,-1.021366,0.541043,-1.013526,155.2565,failed_break,bounded_sweep_reclaimed,"{""atr"": 0.24196428571428694, ""choch_override"": false, ""instrument"": ""USDJPY"", ""penetration_atr"": 0.35542435424359325, ""r2"": null, ""regime"": ""bull"", ""respect_bounces"": 0, ""respect_breaks"": 0, ""respect_rated"": true, ""respect_resolved"": 2, ""respect_score"": 0.5, ""respect_sweeps"": 2, ""sessions"": [""london""], ""signal_bar_ts"": 1771488000, ""source_event_ts"": 1771477200, ""tide"": ""flat""}",USDJPY,sweep_reclaim_bounce_v2:short,base
sweep_reclaim_bounce_v2,sweep_reclaim_bounce_v2:EURUSD:short:1772002800:liquidity:1.180645,short,1772006400,1772006400,1772017200,market_next_open,1.179661912825,1.180805,1.17760435591,1.17760435591,TP,1,0.07254419714540924,0.0009689955762516643,0.125,1.8,0.655,0.9,constant_spread_bid_ask,0.067596,1.732404,2.190509,-0.34222,1.180645,liquidity,bounded_sweep_reclaimed,"{""atr"": 0.000800714285714234, ""choch_override"": false, ""instrument"": ""EURUSD"", ""penetration_atr"": 0.19982158786818777, ""r2"": null, ""regime"": ""range"", ""respect_bounces"": 1, ""respect_breaks"": 1, ""respect_rated"": true, ""respect_resolved"": 5, ""respect_score"": 0.5, ""respect_sweeps"": 3, ""sessions"": [""london""], ""signal_bar_ts"": 1772002800, ""source_event_ts"": 1772002800, ""tide"": ""flat""}",EURUSD,sweep_reclaim_bounce_v2:short,base
sweep_reclaim_bounce_v2,sweep_reclaim_bounce_v2:EURUSD:short:1772038800:liquidity:1.180805,short,1772042400,1772042400,1772060400,market_next_open,1.18069686625,1.181435,1.1793682254999998,1.181435,SL,1,0.033778709269368955,0.0006251678742440228,0.20833333333333334,-1.0,0.658333,0.9,constant_spread_bid_ask,0.105305,-1.105305,0.479254,-1.349766,1.180805,liquidity,bounded_sweep_reclaimed,"{""atr"": 0.0011289285714285446, ""choch_override"": false, ""instrument"": ""EURUSD"", ""penetration_atr"": 0.5580512496044876, ""r2"": null, ""regime"": ""range"", ""respect_bounces"": 3, ""respect_breaks"": 1, ""respect_rated"": true, ""respect_resolved"": 5, ""respect_score"": 0.7, ""respect_sweeps"": 1, ""sessions"": [""newyork""], ""signal_bar_ts"": 1772038800, ""source_event_ts"": 1772038800, ""tide"": ""flat""}",EURUSD,sweep_reclaim_bounce_v2:short,base
sweep_reclaim_bounce_v2,sweep_reclaim_bounce_v2:EURUSD:short:1772211600:liquidity:1.182505,short,1772215200,1772215200,1772402400,market_next_open,1.18161682485,1.18269,1.1796851095800003,1.1796851095800003,TP_GAP,1,0.031326877429278206,0.0009082260233863652,2.1666666666666665,1.8,0.736667,0.9,constant_spread_bid_ask,0.08111,1.71889,5.324305,-0.965725,1.182505,liquidity,bounded_sweep_reclaimed,"{""atr"": 0.001378214285714306, ""choch_override"": false, ""instrument"": ""EURUSD"", ""penetration_atr"": 0.1342316662348477, ""r2"": null, ""regime"": ""high_vol"", ""respect_bounces"": 1, ""respect_breaks"": 1, ""respect_rated"": true, ""respect_resolved"": 4, ""respect_score"": 0.5, ""respect_sweeps"": 2, ""sessions"": [""newyork""], ""signal_bar_ts"": 1772211600, ""source_event_ts"": 1772211600, ""tide"": ""flat""}",EURUSD,sweep_reclaim_bounce_v2:short,base
sweep_reclaim_bounce_v2,sweep_reclaim_bounce_v2:GBPUSD:short:1772802000:liquidity:1.338705,short,1772805600,1772805600,1772812800,market_next_open,1.333773303625,1.338945,1.3244642501499997,1.338945,SL,1,0.04297575545331285,0.003877492795023138,0.08333333333333333,-1.0,0.653333,1.15,constant_spread_bid_ask,0.016849,-1.016849,0.226557,-1.405497,1.338705,liquidity,bounded_sweep_reclaimed,"{""atr"": 0.0017846428571428755, ""choch_override"": true, ""instrument"": ""GBPUSD"", ""penetration_atr"": 0.13448068841305652, ""r2"": null, ""regime"": ""range"", ""respect_bounces"": 2, ""respect_breaks"": 2, ""respect_rated"": true, ""respect_resolved"": 5, ""respect_score"": 0.5, ""respect_sweeps"": 1, ""sessions"": [""london_ny_overlap"", ""london"", ""newyork""], ""signal_bar_ts"": 1772802000, ""source_event_ts"": 1772802000, ""tide"": ""down""}",GBPUSD,sweep_reclaim_bounce_v2:short,base
sweep_reclaim_bounce_v2,sweep_reclaim_bounce_v2:GBPUSD:short:1772812800:failed_break,short,1772823600,1772823600,1772830800,market_next_open,1.3386430235999998,1.340665,1.3350034660799994,1.340665,SL,1,0.01637623505982205,0.0015104672151971886,0.08333333333333333,-1.0,0.653333,1.15,constant_spread_bid_ask,0.043254,-1.043254,0.341792,-1.599489,1.338945,failed_break,bounded_sweep_reclaimed,"{""atr"": 0.002868571428571474, ""choch_override"": false, ""instrument"": ""GBPUSD"", ""penetration_atr"": 0.7041832669322287, ""r2"": null, ""regime"": ""range"", ""respect_bounces"": 2, ""respect_breaks"": 2, ""respect_rated"": true, ""respect_resolved"": 5, ""respect_score"": 0.5, ""respect_sweeps"": 1, ""sessions"": [""newyork""], ""signal_bar_ts"": 1772820000, ""source_event_ts"": 1772812800, ""tide"": ""flat""}",GBPUSD,sweep_reclaim_bounce_v2:short,base
sweep_reclaim_bounce_v2,sweep_reclaim_bounce_v2:GBPUSD:short:1773129600:liquidity:1.34803,short,1773133200,1773133200,1773169200,market_next_open,1.345892606725,1.348345,1.3414782988300005,1.3414782988300005,TP,1,0.02205437427280341,0.0018221314707770617,0.4166666666666667,1.8,0.666667,1.15,constant_spread_bid_ask,0.036587,1.763413,1.877956,-0.933745,1.34803,liquidity,bounded_sweep_reclaimed,"{""atr"": 0.0021489285714286132, ""choch_override"": false, ""instrument"": ""GBPUSD"", ""penetration_atr"": 0.14658467674913475, ""r2"": null, ""regime"": ""bull"", ""respect_bounces"": 1, ""respect_breaks"": 0, ""respect_rated"": true, ""respect_resolved"": 2, ""respect_score"": 0.75, ""respect_sweeps"": 1, ""sessions"": [""london""], ""signal_bar_ts"": 1773129600, ""source_event_ts"": 1773129600, ""tide"": ""flat""}",GBPUSD,sweep_reclaim_bounce_v2:short,base
sweep_reclaim_bounce_v2,sweep_reclaim_bounce_v2:EURUSD:short:1773162000:liquidity:1.166365,short,1773165600,1773165600,1773180000,market_next_open,1.1644825959250003,1.16673,1.1604372685900006,1.1604372685900006,TP,1,0.017998692719539654,0.001929959350929225,0.16666666666666666,1.8,0.656667,0.9,constant_spread_bid_ask,0.034025,1.765975,1.837846,-0.073334,1.166365,liquidity,bounded_sweep_reclaimed,"{""atr"": 0.001800357142857169, ""choch_override"": false, ""instrument"": ""EURUSD"", ""penetration_atr"": 0.20273755207296995, ""r2"": null, ""regime"": ""bull"", ""respect_bounces"": 1, ""respect_breaks"": 0, ""respect_rated"": false, ""respect_resolved"": 1, ""respect_score"": 1.0, ""respect_sweeps"": 0, ""sessions"": [""newyork""], ""signal_bar_ts"": 1773162000, ""source_event_ts"": 1773162000, ""tide"": ""flat""}",EURUSD,sweep_reclaim_bounce_v2:short,base
sweep_reclaim_bounce_v2,sweep_reclaim_bounce_v2:EURUSD:short:1773684000:failed_break,short,1773691200,1773691200,1773727200,market_next_open,1.1507232151250002,1.152495,1.1475340023500005,1.1475340023500005,TP,1,0.04214163599552107,0.0015397142003495464,0.4166666666666667,1.8,0.666667,0.9,constant_spread_bid_ask,0.043298,1.756702,2.29521,-0.216495,1.15157,failed_break,bounded_sweep_reclaimed,"{""atr"": 0.0019407142857142956, ""choch_override"": false, ""instrument"": ""EURUSD"", ""penetration_atr"": 0.47662863452340226, ""r2"": null, ""regime"": ""high_vol"", ""respect_bounces"": 1, ""respect_breaks"": 1, ""respect_rated"": true, ""respect_resolved"": 2, ""respect_score"": 0.5, ""respect_sweeps"": 0, ""sessions"": [""newyork""], ""signal_bar_ts"": 1773687600, ""source_event_ts"": 1773684000, ""tide"": ""flat""}",EURUSD,sweep_reclaim_bounce_v2:short,base
sweep_reclaim_bounce_v2,sweep_reclaim_bounce_v2:GBPUSD:short:1773770400:liquidity:1.33601,short,1773774000,1773774000,1773774000,market_next_open,1.33558319955,1.336455,1.3340139587400002,1.336455,SL,1,0.014977503784670628,0.0006527488892445198,0.0,-1.0,0.65,1.15,constant_spread_bid_ask,0.099579,-1.099579,0.368693,-1.07094,1.33601,liquidity,bounded_sweep_reclaimed,"{""atr"": 0.002123214285714286, ""choch_override"": false, ""instrument"": ""GBPUSD"", ""penetration_atr"": 0.2095878889823516, ""r2"": null, ""regime"": ""bull"", ""respect_bounces"": 4, ""respect_breaks"": 4, ""respect_rated"": true, ""respect_resolved"": 11, ""respect_score"": 0.5, ""respect_sweeps"": 3, ""sessions"": [""newyork""], ""signal_bar_ts"": 1773770400, ""source_event_ts"": 1773770400, ""tide"": ""flat""}",GBPUSD,sweep_reclaim_bounce_v2:short,base
sweep_reclaim_bounce_v2,sweep_reclaim_bounce_v2:GBPUSD:short:1773932400:liquidity:1.337465,short,1773936000,1773936000,1773939600,market_next_open,1.3357981871874998,1.33898,1.3300709241249993,1.33898,SL,1,0.03709608585869034,0.0023819562288818104,0.041666666666666664,-1.0,0.651667,1.15,constant_spread_bid_ask,0.027358,-1.027358,0.112013,-1.670093,1.337465,liquidity,bounded_sweep_reclaimed,"{""atr"": 0.002474999999999989, ""choch_override"": false, ""instrument"": ""GBPUSD"", ""penetration_atr"": 0.6121212121212776, ""r2"": null, ""regime"": ""high_vol"", ""respect_bounces"": 3, ""respect_breaks"": 2, ""respect_rated"": true, ""respect_resolved"": 6, ""respect_score"": 0.5833, ""respect_sweeps"": 1, ""sessions"": [""london_ny_overlap"", ""london"", ""newyork""], ""signal_bar_ts"": 1773932400, ""source_event_ts"": 1773932400, ""tide"": ""flat""}",GBPUSD,sweep_reclaim_bounce_v2:short,base
sweep_reclaim_bounce_v2,sweep_reclaim_bounce_v2:EURUSD:short:1774965600:liquidity:1.15326,short,1774969200,1774969200,1774972800,market_next_open,1.151983158425,1.154055,1.1482538435899998,1.154055,SL,1,0.019923220111747336,0.0017984998824398645,0.041666666666666664,-1.0,0.651667,0.9,constant_spread_bid_ask,0.036234,-1.036234,0.362651,-1.946992,1.15326,liquidity,bounded_sweep_reclaimed,"{""atr"": 0.0015982142857142723, ""choch_override"": false, ""instrument"": ""EURUSD"", ""penetration_atr"": 0.4974301675978329, ""r2"": null, ""regime"": ""high_vol"", ""respect_bounces"": 1, ""respect_breaks"": 2, ""respect_rated"": true, ""respect_resolved"": 5, ""respect_score"": 0.4, ""respect_sweeps"": 2, ""sessions"": [""london_ny_overlap"", ""london"", ""newyork""], ""signal_bar_ts"": 1774965600, ""source_event_ts"": 1774965600, ""tide"": ""flat""}",EURUSD,sweep_reclaim_bounce_v2:short,base
sweep_reclaim_bounce_v2,sweep_reclaim_bounce_v2:EURUSD:short:1775484000:liquidity:1.15688,short,1775487600,1775487600,1775548800,market_next_open,1.15425805605,1.157145,1.1490615569399998,1.157145,SL,1,0.040914308442390974,0.0025011252335370776,0.7083333333333334,-1.0,0.678333,0.9,constant_spread_bid_ask,0.027121,-1.027121,0.620448,-1.16699,1.15688,liquidity,bounded_sweep_reclaimed,"{""atr"": 0.0013917857142857124, ""choch_override"": false, ""instrument"": ""EURUSD"", ""penetration_atr"": 0.1904028740057762, ""r2"": null, ""regime"": ""range"", ""respect_bounces"": 1, ""respect_breaks"": 2, ""respect_rated"": true, ""respect_resolved"": 5, ""respect_score"": 0.4, ""respect_sweeps"": 2, ""sessions"": [""london_ny_overlap"", ""london"", ""newyork""], ""signal_bar_ts"": 1775484000, ""source_event_ts"": 1775484000, ""tide"": ""flat""}",EURUSD,sweep_reclaim_bounce_v2:short,base
sweep_reclaim_bounce_v2,sweep_reclaim_bounce_v2:GBPUSD:short:1775484000:liquidity:1.326085,short,1775487600,1775487600,1775548800,market_next_open,1.3237788783375,1.326855,1.318241859345,1.326855,SL,1,0.02217024441034639,0.0023237428190145725,0.7083333333333334,-1.0,0.678333,1.15,constant_spread_bid_ask,0.029191,-1.029191,0.823411,-1.566099,1.326085,liquidity,bounded_sweep_reclaimed,"{""atr"": 0.0016292857142856823, ""choch_override"": false, ""instrument"": ""GBPUSD"", ""penetration_atr"": 0.47259973695744567, ""r2"": null, ""regime"": ""range"", ""respect_bounces"": 1, ""respect_breaks"": 2, ""respect_rated"": true, ""respect_resolved"": 5, ""respect_score"": 0.4, ""respect_sweeps"": 2, ""sessions"": [""london_ny_overlap"", ""london"", ""newyork""], ""signal_bar_ts"": 1775484000, ""source_event_ts"": 1775484000, ""tide"": ""flat""}",GBPUSD,sweep_reclaim_bounce_v2:short,base
sweep_reclaim_bounce_v2,sweep_reclaim_bounce_v2:EURUSD:short:1775548800:failed_break,short,1775566800,1775566800,1775570400,market_next_open,1.15599797775,1.1572825285714288,1.1536857862714283,1.1572825285714288,SL,1,0.04102907447800605,0.001111205076611782,0.041666666666666664,-1.0,0.651667,0.9,constant_spread_bid_ask,0.058645,-1.058645,0.273229,-1.883264,1.157145,failed_break,bounded_sweep_reclaimed,"{""atr"": 0.0011460714285714507, ""choch_override"": false, ""instrument"": ""EURUSD"", ""penetration_atr"": 0.3751947647241452, ""r2"": null, ""regime"": ""range"", ""respect_bounces"": 2, ""respect_breaks"": 0, ""respect_rated"": true, ""respect_resolved"": 6, ""respect_score"": 0.6667, ""respect_sweeps"": 4, ""sessions"": [""london_ny_overlap"", ""london"", ""newyork""], ""signal_bar_ts"": 1775563200, ""source_event_ts"": 1775548800, ""tide"": ""flat""}",EURUSD,sweep_reclaim_bounce_v2:short,base
sweep_reclaim_bounce_v2,sweep_reclaim_bounce_v2:EURUSD:short:1775581200:failed_break,short,1775588400,1775588400,1775588400,market_next_open,1.15741791385,1.15832,1.15579415878,1.15832,SL,1,0.04308332589840731,0.0007793953585868642,0.0,-1.0,0.65,0.9,constant_spread_bid_ask,0.083398,-1.083398,0.067438,-3.108676,1.157575,failed_break,bounded_sweep_reclaimed,"{""atr"": 0.001441071428571496, ""choch_override"": false, ""instrument"": ""EURUSD"", ""penetration_atr"": 0.5482032218091917, ""r2"": null, ""regime"": ""bull"", ""respect_bounces"": 2, ""respect_breaks"": 1, ""respect_rated"": true, ""respect_resolved"": 4, ""respect_score"": 0.625, ""respect_sweeps"": 1, ""sessions"": [""newyork""], ""signal_bar_ts"": 1775584800, ""source_event_ts"": 1775581200, ""tide"": ""flat""}",EURUSD,sweep_reclaim_bounce_v2:short,base
sweep_reclaim_bounce_v2,sweep_reclaim_bounce_v2:EURUSD:short:1775649600:failed_break,short,1775660400,1775660400,1775671200,market_next_open,1.16937737565,1.1711297714285716,1.1662230632485715,1.1662230632485715,TP,1,0.021584360634432646,0.0014985716459559306,0.125,1.8,0.655,0.9,constant_spread_bid_ask,0.043708,1.756292,2.468022,-0.185608,1.170865,failed_break,bounded_sweep_reclaimed,"{""atr"": 0.002206428571428593, ""choch_override"": false, ""instrument"": ""EURUSD"", ""penetration_atr"": 0.5937196503722477, ""r2"": null, ""regime"": ""high_vol"", ""respect_bounces"": 1, ""respect_breaks"": 0, ""respect_rated"": true, ""respect_resolved"": 2, ""respect_score"": 0.75, ""respect_sweeps"": 1, ""sessions"": [""london_ny_overlap"", ""london"", ""newyork""], ""signal_bar_ts"": 1775656800, ""source_event_ts"": 1775649600, ""tide"": ""flat""}",EURUSD,sweep_reclaim_bounce_v2:short,base
sweep_reclaim_bounce_v2,sweep_reclaim_bounce_v2:USDJPY:short:1775746800:liquidity:159.2435,short,1775750400,1775750400,1775800800,market_next_open,158.86485076000002,159.298,158.08518212800007,159.298,SL,1,0.043479236703082506,0.0027265265911736746,0.5833333333333334,-1.0,0.673333,0.9,constant_spread_bid_ask,0.024696,-1.024696,0.518787,-1.194325,159.2435,liquidity,bounded_sweep_reclaimed,"{""atr"": 0.17592857142856896, ""choch_override"": false, ""instrument"": ""USDJPY"", ""penetration_atr"": 0.30978481526588464, ""r2"": null, ""regime"": ""range"", ""respect_bounces"": 0, ""respect_breaks"": 1, ""respect_rated"": false, ""respect_resolved"": 1, ""respect_score"": 0.0, ""respect_sweeps"": 0, ""sessions"": [""newyork""], ""signal_bar_ts"": 1775746800, ""source_event_ts"": 1775746800, ""tide"": ""flat""}",USDJPY,sweep_reclaim_bounce_v2:short,base
sweep_reclaim_bounce_v2,sweep_reclaim_bounce_v2:USDJPY:short:1775808000:failed_break,short,1775818800,1775818800,1775822400,market_next_open,159.1953358875,159.31317142857142,158.98323191357142,158.98323191357142,TP,1,0.04480088983050938,0.0007401946823033861,0.041666666666666664,1.8,0.651667,0.9,constant_spread_bid_ask,0.08804,1.71196,2.326843,-0.456823,159.298,failed_break,bounded_sweep_reclaimed,"{""atr"": 0.12642857142856606, ""choch_override"": false, ""instrument"": ""USDJPY"", ""penetration_atr"": 0.6090395480226103, ""r2"": null, ""regime"": ""bull"", ""respect_bounces"": 1, ""respect_breaks"": 1, ""respect_rated"": true, ""respect_resolved"": 3, ""respect_score"": 0.5, ""respect_sweeps"": 1, ""sessions"": [""london""], ""signal_bar_ts"": 1775815200, ""source_event_ts"": 1775808000, ""tide"": ""flat""}",USDJPY,sweep_reclaim_bounce_v2:short,base
sweep_reclaim_bounce_v2,sweep_reclaim_bounce_v2:USDJPY:short:1779937200:failed_break,short,1779951600,1779951600,1779976800,market_next_open,159.4823229725,159.60952285714285,159.25336318014283,159.25336318014283,TP,1,0.13726323183784228,0.0007975798337524622,0.2916666666666667,1.8,0.661667,0.9,constant_spread_bid_ask,0.082959,1.717041,2.285062,-0.399809,159.6015,failed_break,bounded_sweep_reclaimed,"{""atr"": 0.06685714285714336, ""choch_override"": true, ""instrument"": ""USDJPY"", ""penetration_atr"": 0.7702991452992041, ""r2"": null, ""regime"": ""bull"", ""respect_bounces"": 1, ""respect_breaks"": 0, ""respect_rated"": true, ""respect_resolved"": 2, ""respect_score"": 0.75, ""respect_sweeps"": 1, ""sessions"": [""london""], ""signal_bar_ts"": 1779948000, ""source_event_ts"": 1779937200, ""tide"": ""flat""}",USDJPY,sweep_reclaim_bounce_v2:short,base
sweep_reclaim_bounce_v2,sweep_reclaim_bounce_v2:USDJPY:short:1780884000:failed_break,short,1780902000,1780902000,1780905600,market_next_open,160.2562881425,160.37042428571428,160.05084308471433,160.05084308471433,TP,1,0.07448499827525658,0.0007122100763545541,0.041666666666666664,1.8,0.651667,0.9,constant_spread_bid_ask,0.091499,1.708501,3.474752,-0.139516,160.358,failed_break,bounded_sweep_reclaimed,"{""atr"": 0.10353571428571026, ""choch_override"": false, ""instrument"": ""USDJPY"", ""penetration_atr"": 0.3477061055536659, ""r2"": null, ""regime"": ""bull"", ""respect_bounces"": 1, ""respect_breaks"": 0, ""respect_rated"": true, ""respect_resolved"": 2, ""respect_score"": 0.75, ""respect_sweeps"": 1, ""sessions"": [""london""], ""signal_bar_ts"": 1780898400, ""source_event_ts"": 1780884000, ""tide"": ""flat""}",USDJPY,sweep_reclaim_bounce_v2:short,base
sweep_reclaim_bounce_v2,sweep_reclaim_bounce_v2:EURUSD:short:1781010000:liquidity:1.157505,short,1781013600,1781013600,1781020800,market_next_open,1.15657795165,1.15781,1.1543602646200002,1.1543602646200002,TP,1,0.06600635537187592,0.0010652531878566729,0.08333333333333333,1.8,0.653333,0.9,constant_spread_bid_ask,0.061331,1.738669,2.971533,-0.66891,1.157505,liquidity,bounded_sweep_reclaimed,"{""atr"": 0.0008642857142856984, ""choch_override"": false, ""instrument"": ""EURUSD"", ""penetration_atr"": 0.35289256198347724, ""r2"": null, ""regime"": ""range"", ""respect_bounces"": 1, ""respect_breaks"": 0, ""respect_rated"": false, ""respect_resolved"": 1, ""respect_score"": 1.0, ""respect_sweeps"": 0, ""sessions"": [""london_ny_overlap"", ""london"", ""newyork""], ""signal_bar_ts"": 1781010000, ""source_event_ts"": 1781010000, ""tide"": ""flat""}",EURUSD,sweep_reclaim_bounce_v2:short,base
sweep_reclaim_bounce_v2,sweep_reclaim_bounce_v2:USDJPY:short:1781089200:failed_break,short,1781107200,1781107200,1781110800,market_next_open,160.46677867,160.53,160.35298027599998,160.53,SL,1,0.10884030260044039,0.0003939839169453219,0.041666666666666664,-1.0,0.651667,0.9,constant_spread_bid_ask,0.165404,-1.165404,0.254008,-1.296172,160.4775,failed_break,bounded_sweep_reclaimed,"{""atr"": 0.07553571428571663, ""choch_override"": false, ""instrument"": ""USDJPY"", ""penetration_atr"": 0.6950354609930066, ""r2"": null, ""regime"": ""bull"", ""respect_bounces"": 0, ""respect_breaks"": 1, ""respect_rated"": false, ""respect_resolved"": 1, ""respect_score"": 0.0, ""respect_sweeps"": 0, ""sessions"": [""newyork""], ""signal_bar_ts"": 1781103600, ""source_event_ts"": 1781089200, ""tide"": ""flat""}",USDJPY,sweep_reclaim_bounce_v2:short,base
sweep_reclaim_bounce_v2,sweep_reclaim_bounce_v2:USDJPY:short:1781179200:liquidity:160.589,short,1781182800,1781182800,1781197200,market_next_open,160.52627599250002,160.595,160.40257277900005,160.40257277900005,TP,1,0.13515592964762269,0.0004281168741695068,0.16666666666666666,1.8,0.656667,0.9,constant_spread_bid_ask,0.153385,1.646615,7.0874,-0.588574,160.589,liquidity,bounded_sweep_reclaimed,"{""atr"": 0.04974999999999698, ""choch_override"": false, ""instrument"": ""USDJPY"", ""penetration_atr"": 0.12060301507538879, ""r2"": null, ""regime"": ""bull"", ""respect_bounces"": 2, ""respect_breaks"": 0, ""respect_rated"": true, ""respect_resolved"": 2, ""respect_score"": 1.0, ""respect_sweeps"": 0, ""sessions"": [""london_ny_overlap"", ""london"", ""newyork""], ""signal_bar_ts"": 1781179200, ""source_event_ts"": 1781179200, ""tide"": ""flat""}",USDJPY,sweep_reclaim_bounce_v2:short,base
sweep_reclaim_bounce_v2,sweep_reclaim_bounce_v2:EURUSD:short:1722423600:liquidity:1.083575,short,1722427200,1722427200,1722427200,market_next_open,1.08272972831875,1.08402,1.0804072392925002,1.08402,SL,1,0.11154488415693974,0.001191683988628883,0.0,-1.0,1.2,1.575,constant_spread_bid_ask,0.100698,-1.100698,0.096476,-1.674609,1.083575,liquidity,bounded_sweep_reclaimed,"{""atr"": 0.0008092857142857028, ""choch_override"": false, ""instrument"": ""EURUSD"", ""penetration_atr"": 0.5498676081200785, ""r2"": null, ""regime"": ""range"", ""respect_bounces"": 1, ""respect_breaks"": 0, ""respect_rated"": false, ""respect_resolved"": 1, ""respect_score"": 1.0, ""respect_sweeps"": 0, ""sessions"": [""london_ny_overlap"", ""london"", ""newyork""], ""signal_bar_ts"": 1722423600, ""source_event_ts"": 1722423600, ""tide"": ""flat""}",EURUSD,sweep_reclaim_bounce_v2:short,stress
sweep_reclaim_bounce_v2,sweep_reclaim_bounce_v2:EURUSD:short:1722844800:liquidity:1.09671,short,1722848400,1722848400,1722859200,market_next_open,1.09502875969375,1.097495,1.0905895271425,1.097495,SL,1,0.036655164065766646,0.0022522150988434587,0.125,-1.0,1.2075,1.575,constant_spread_bid_ask,0.053614,-1.053614,0.662004,-2.409714,1.09671,liquidity,bounded_sweep_reclaimed,"{""atr"": 0.0016707142857142715, ""choch_override"": false, ""instrument"": ""EURUSD"", ""penetration_atr"": 0.46985891406586544, ""r2"": null, ""regime"": ""high_vol"", ""respect_bounces"": 0, ""respect_breaks"": 0, ""respect_rated"": false, ""respect_resolved"": 0, ""respect_score"": null, ""respect_sweeps"": 0, ""sessions"": [""london""], ""signal_bar_ts"": 1722844800, ""source_event_ts"": 1722844800, ""tide"": ""flat""}",EURUSD,sweep_reclaim_bounce_v2:short,stress
sweep_reclaim_bounce_v2,sweep_reclaim_bounce_v2:EURUSD:short:1723467600:liquidity:1.09314,short,1723471200,1723471200,1723471200,market_next_open,1.09244896286875,1.093345,1.0908360960324999,1.093345,SL,1,0.10405863514179235,0.0008202096040231539,0.0,-1.0,1.2,1.575,constant_spread_bid_ask,0.146304,-1.146304,0.935235,-1.08493,1.09314,liquidity,bounded_sweep_reclaimed,"{""atr"": 0.0007307142857142988, ""choch_override"": false, ""instrument"": ""EURUSD"", ""penetration_atr"": 0.2805474095796773, ""r2"": null, ""regime"": ""range"", ""respect_bounces"": 4, ""respect_breaks"": 1, ""respect_rated"": true, ""respect_resolved"": 7, ""respect_score"": 0.7143, ""respect_sweeps"": 2, ""sessions"": [""london_ny_overlap"", ""london"", ""newyork""], ""signal_bar_ts"": 1723467600, ""source_event_ts"": 1723467600, ""tide"": ""flat""}",EURUSD,sweep_reclaim_bounce_v2:short,stress
sweep_reclaim_bounce_v2,sweep_reclaim_bounce_v2:GBPUSD:short:1723723200:liquidity:1.286845,short,1723726800,1723726800,1723734000,market_next_open,1.28166101988125,1.28697,1.2721048556674999,1.28697,SL,1,0.14146060819075218,0.00414226541682755,0.08333333333333333,-1.0,1.205,2.0124999999999997,constant_spread_bid_ask,0.02909,-1.02909,0.311215,-1.064894,1.286845,liquidity,bounded_sweep_reclaimed,"{""atr"": 0.00087642857142854, ""choch_override"": true, ""instrument"": ""GBPUSD"", ""penetration_atr"": 0.14262428687849169, ""r2"": null, ""regime"": ""bull"", ""respect_bounces"": 1, ""respect_breaks"": 0, ""respect_rated"": false, ""respect_resolved"": 1, ""respect_score"": 1.0, ""respect_sweeps"": 0, ""sessions"": [""london_ny_overlap"", ""london"", ""newyork""], ""signal_bar_ts"": 1723723200, ""source_event_ts"": 1723723200, ""tide"": ""up""}",GBPUSD,sweep_reclaim_bounce_v2:short,stress
sweep_reclaim_bounce_v2,sweep_reclaim_bounce_v2:EURUSD:short:1724140800:liquidity:1.10876,short,1724144400,1724144400,1724155200,market_next_open,1.10789774618125,1.10889,1.1061116893075003,1.10889,SL,1,0.11617115601488616,0.0008956185913095709,0.125,-1.0,1.2075,1.575,constant_spread_bid_ask,0.134823,-1.134823,0.312955,-2.075735,1.10876,liquidity,bounded_sweep_reclaimed,"{""atr"": 0.0006650000000000109, ""choch_override"": false, ""instrument"": ""EURUSD"", ""penetration_atr"": 0.19548872180445317, ""r2"": null, ""regime"": ""bull"", ""respect_bounces"": 1, ""respect_breaks"": 0, ""respect_rated"": false, ""respect_resolved"": 1, ""respect_score"": 1.0, ""respect_sweeps"": 0, ""sessions"": [""london""], ""signal_bar_ts"": 1724140800, ""source_event_ts"": 1724140800, ""tide"": ""flat""}",EURUSD,sweep_reclaim_bounce_v2:short,stress
sweep_reclaim_bounce_v2,sweep_reclaim_bounce_v2:EURUSD:short:1726052400:liquidity:1.105205,short,1726056000,1726056000,1726056000,market_next_open,1.10426803204375,1.105495,1.1020594897225,1.1020594897225,TP,1,0.10895275983161645,0.0011111142590799733,0.0,1.8,1.2,1.575,constant_spread_bid_ask,0.108,1.692,3.126716,-0.577829,1.105205,liquidity,bounded_sweep_reclaimed,"{""atr"": 0.000889999999999994, ""choch_override"": false, ""instrument"": ""EURUSD"", ""penetration_atr"": 0.325842696629105, ""r2"": null, ""regime"": ""bear"", ""respect_bounces"": 3, ""respect_breaks"": 4, ""respect_rated"": true, ""respect_resolved"": 7, ""respect_score"": 0.4286, ""respect_sweeps"": 0, ""sessions"": [""london_ny_overlap"", ""london"", ""newyork""], ""signal_bar_ts"": 1726052400, ""source_event_ts"": 1726052400, ""tide"": ""flat""}",EURUSD,sweep_reclaim_bounce_v2:short,stress
sweep_reclaim_bounce_v2,sweep_reclaim_bounce_v2:EURUSD:short:1726218000:liquidity:1.10941,short,1726221600,1726221600,1726232400,market_next_open,1.1091026512875,1.110075,1.107352423605,1.110075,SL,1,0.11774358315334951,0.0008766985737264358,0.125,-1.0,1.2075,1.575,constant_spread_bid_ask,0.137733,-1.137733,1.126553,-1.203041,1.10941,liquidity,bounded_sweep_reclaimed,"{""atr"": 0.0008267857142857064, ""choch_override"": false, ""instrument"": ""EURUSD"", ""penetration_atr"": 0.8043196544275514, ""r2"": null, ""regime"": ""bull"", ""respect_bounces"": 2, ""respect_breaks"": 1, ""respect_rated"": true, ""respect_resolved"": 5, ""respect_score"": 0.6, ""respect_sweeps"": 2, ""sessions"": [""london""], ""signal_bar_ts"": 1726218000, ""source_event_ts"": 1726218000, ""tide"": ""flat""}",EURUSD,sweep_reclaim_bounce_v2:short,stress
sweep_reclaim_bounce_v2,sweep_reclaim_bounce_v2:EURUSD:short:1727269200:liquidity:1.12079,short,1727272800,1727272800,1727276400,market_next_open,1.1194418370124999,1.12141,1.1158991436349996,1.1158991436349996,TP,1,0.0916036054290398,0.0017581645802631869,0.041666666666666664,1.8,1.2025,1.575,constant_spread_bid_ask,0.068395,1.731605,2.623814,-0.099752,1.12079,liquidity,bounded_sweep_reclaimed,"{""atr"": 0.0009078571428571111, ""choch_override"": false, ""instrument"": ""EURUSD"", ""penetration_atr"": 0.6829268292683881, ""r2"": null, ""regime"": ""bull"", ""respect_bounces"": 0, ""respect_breaks"": 0, ""respect_rated"": false, ""respect_resolved"": 0, ""respect_score"": null, ""respect_sweeps"": 0, ""sessions"": [""london_ny_overlap"", ""london"", ""newyork""], ""signal_bar_ts"": 1727269200, ""source_event_ts"": 1727269200, ""tide"": ""flat""}",EURUSD,sweep_reclaim_bounce_v2:short,stress
sweep_reclaim_bounce_v2,sweep_reclaim_bounce_v2:EURUSD:short:1728367200:liquidity:1.098695,short,1728370800,1728370800,1728370800,market_next_open,1.0982835033625,1.098895,1.0971828094150002,1.098895,SL,1,0.13685394497874712,0.0005567748542409819,0.0,-1.0,1.2,1.575,constant_spread_bid_ask,0.215527,-1.215527,0.551184,-2.245454,1.098695,liquidity,bounded_sweep_reclaimed,"{""atr"": 0.000668571428571431, ""choch_override"": false, ""instrument"": ""EURUSD"", ""penetration_atr"": 0.2991452991452651, ""r2"": null, ""regime"": ""bear"", ""respect_bounces"": 2, ""respect_breaks"": 0, ""respect_rated"": true, ""respect_resolved"": 2, ""respect_score"": 1.0, ""respect_sweeps"": 0, ""sessions"": [""london""], ""signal_bar_ts"": 1728367200, ""source_event_ts"": 1728367200, ""tide"": ""flat""}",EURUSD,sweep_reclaim_bounce_v2:short,stress
sweep_reclaim_bounce_v2,sweep_reclaim_bounce_v2:GBPUSD:short:1730214000:failed_break,short,1730224800,1730224800,1730224800,market_next_open,1.299734201084375,1.30096,1.2975277630362505,1.30096,SL,1,0.08467234705523458,0.0009431150727603443,0.0,-1.0,1.2,2.0124999999999997,constant_spread_bid_ask,0.127238,-1.127238,0.272036,-1.102716,1.30015,failed_break,bounded_sweep_reclaimed,"{""atr"": 0.0014857142857142808, ""choch_override"": false, ""instrument"": ""GBPUSD"", ""penetration_atr"": 0.696634615384698, ""r2"": null, ""regime"": ""high_vol"", ""respect_bounces"": 2, ""respect_breaks"": 3, ""respect_rated"": true, ""respect_resolved"": 6, ""respect_score"": 0.4167, ""respect_sweeps"": 1, ""sessions"": [""newyork""], ""signal_bar_ts"": 1730221200, ""source_event_ts"": 1730214000, ""tide"": ""flat""}",GBPUSD,sweep_reclaim_bounce_v2:short,stress
sweep_reclaim_bounce_v2,sweep_reclaim_bounce_v2:GBPUSD:short:1730278800:liquidity:1.302475,short,1730282400,1730282400,1730289600,market_next_open,1.2999741769343751,1.30272,1.2950316954162502,1.2950316954162502,TP,1,0.12378037547695032,0.0021122135457338396,0.08333333333333333,1.8,1.205,2.0124999999999997,constant_spread_bid_ask,0.057049,1.742951,2.233938,-0.137175,1.302475,liquidity,bounded_sweep_reclaimed,"{""atr"": 0.0009357142857142302, ""choch_override"": false, ""instrument"": ""GBPUSD"", ""penetration_atr"": 0.26183206106877205, ""r2"": null, ""regime"": ""bull"", ""respect_bounces"": 1, ""respect_breaks"": 2, ""respect_rated"": true, ""respect_resolved"": 4, ""respect_score"": 0.375, ""respect_sweeps"": 1, ""sessions"": [""london""], ""signal_bar_ts"": 1730278800, ""source_event_ts"": 1730278800, ""tide"": ""flat""}",GBPUSD,sweep_reclaim_bounce_v2:short,stress
sweep_reclaim_bounce_v2,sweep_reclaim_bounce_v2:EURUSD:short:1731675600:liquidity:1.058255,short,1731679200,1731679200,1731949200,market_next_open,1.0557568525999999,1.059305,1.0493701872799996,1.059305,SL,1,0.07608325581405984,0.003360761894428731,3.125,-1.0,1.3875,1.575,constant_spread_bid_ask,0.041285,-1.041285,1.135532,-1.009418,1.058255,liquidity,bounded_sweep_reclaimed,"{""atr"": 0.0012899999999999975, ""choch_override"": false, ""instrument"": ""EURUSD"", ""penetration_atr"": 0.813953488372091, ""r2"": null, ""regime"": ""bear"", ""respect_bounces"": 2, ""respect_breaks"": 0, ""respect_rated"": true, ""respect_resolved"": 2, ""respect_score"": 1.0, ""respect_sweeps"": 0, ""sessions"": [""london_ny_overlap"", ""london"", ""newyork""], ""signal_bar_ts"": 1731675600, ""source_event_ts"": 1731675600, ""tide"": ""flat""}",EURUSD,sweep_reclaim_bounce_v2:short,stress
sweep_reclaim_bounce_v2,sweep_reclaim_bounce_v2:EURUSD:short:1731956400:liquidity:1.05979,short,1731960000,1731960000,1732006800,market_next_open,1.05899659745,1.06072,1.0558944728599997,1.0558944728599997,TP,1,0.05958695374808342,0.001627391961551143,0.5416666666666666,1.8,1.2325,1.575,constant_spread_bid_ask,0.075735,1.724265,3.808585,-0.679983,1.05979,liquidity,bounded_sweep_reclaimed,"{""atr"": 0.0015675000000000075, ""choch_override"": false, ""instrument"": ""EURUSD"", ""penetration_atr"": 0.5933014354067578, ""r2"": null, ""regime"": ""range"", ""respect_bounces"": 0, ""respect_breaks"": 0, ""respect_rated"": false, ""respect_resolved"": 0, ""respect_score"": null, ""respect_sweeps"": 0, ""sessions"": [""newyork""], ""signal_bar_ts"": 1731956400, ""source_event_ts"": 1731956400, ""tide"": ""flat""}",EURUSD,sweep_reclaim_bounce_v2:short,stress
sweep_reclaim_bounce_v2,sweep_reclaim_bounce_v2:EURUSD:short:1732716000:liquidity:1.05738,short,1732719600,1732719600,1732719600,market_next_open,1.0556468612625,1.057875,1.0516362115350004,1.057875,SL,1,0.004083216790741911,0.00211068570301539,0.0,-1.0,1.2,1.575,constant_spread_bid_ask,0.056854,-1.056854,1.009323,-1.086761,1.05738,liquidity,bounded_sweep_reclaimed,"{""atr"": 0.0016803571428571442, ""choch_override"": false, ""instrument"": ""EURUSD"", ""penetration_atr"": 0.29458023379378384, ""r2"": null, ""regime"": ""bull"", ""respect_bounces"": 2, ""respect_breaks"": 2, ""respect_rated"": true, ""respect_resolved"": 6, ""respect_score"": 0.5, ""respect_sweeps"": 2, ""sessions"": [""london_ny_overlap"", ""london"", ""newyork""], ""signal_bar_ts"": 1732716000, ""source_event_ts"": 1732716000, ""tide"": ""flat""}",EURUSD,sweep_reclaim_bounce_v2:short,stress
sweep_reclaim_bounce_v2,sweep_reclaim_bounce_v2:GBPUSD:short:1732716000:liquidity:1.26627,short,1732719600,1732719600,1732719600,market_next_open,1.2650576907593751,1.266785,1.2619485341262502,1.266785,SL,1,0.07487229421721635,0.001365399580779647,0.0,-1.0,1.2,2.0124999999999997,constant_spread_bid_ask,0.087886,-1.087886,0.920835,-2.237574,1.26627,liquidity,bounded_sweep_reclaimed,"{""atr"": 0.0016335714285714564, ""choch_override"": false, ""instrument"": ""GBPUSD"", ""penetration_atr"": 0.315260166156558, ""r2"": null, ""regime"": ""bull"", ""respect_bounces"": 2, ""respect_breaks"": 2, ""respect_rated"": true, ""respect_resolved"": 4, ""respect_score"": 0.5, ""respect_sweeps"": 0, ""sessions"": [""london_ny_overlap"", ""london"", ""newyork""], ""signal_bar_ts"": 1732716000, ""source_event_ts"": 1732716000, ""tide"": ""flat""}",GBPUSD,sweep_reclaim_bounce_v2:short,stress
sweep_reclaim_bounce_v2,sweep_reclaim_bounce_v2:EURUSD:short:1732726800:liquidity:1.058475,short,1732730400,1732730400,1732752000,market_next_open,1.05756171045625,1.05877,1.0553867892775002,1.0553867892775002,TP,1,0.03870529552213404,0.0011425239130761328,0.25,1.8,1.215,1.575,constant_spread_bid_ask,0.106344,1.693656,1.95617,-0.32823,1.058475,liquidity,bounded_sweep_reclaimed,"{""atr"": 0.002281071428571416, ""choch_override"": false, ""instrument"": ""EURUSD"", ""penetration_atr"": 0.12932519179580715, ""r2"": null, ""regime"": ""bull"", ""respect_bounces"": 2, ""respect_breaks"": 3, ""respect_rated"": true, ""respect_resolved"": 7, ""respect_score"": 0.4286, ""respect_sweeps"": 2, ""sessions"": [""newyork""], ""signal_bar_ts"": 1732726800, ""source_event_ts"": 1732726800, ""tide"": ""flat""}",EURUSD,sweep_reclaim_bounce_v2:short,stress
sweep_reclaim_bounce_v2,sweep_reclaim_bounce_v2:EURUSD:short:1733331600:failed_break,short,1733342400,1733342400,1733382000,market_next_open,1.0513072030375001,1.0537612714285713,1.046889879933572,1.0537612714285713,SL,1,0.04192930155207937,0.0023343018900477087,0.4583333333333333,-1.0,1.2275,1.575,constant_spread_bid_ask,0.052585,-1.052585,0.295214,-1.080161,1.05351,failed_break,bounded_sweep_reclaimed,"{""atr"": 0.0020939285714285383, ""choch_override"": false, ""instrument"": ""EURUSD"", ""penetration_atr"": 0.42981408835073925, ""r2"": null, ""regime"": ""high_vol"", ""respect_bounces"": 2, ""respect_breaks"": 2, ""respect_rated"": true, ""respect_resolved"": 10, ""respect_score"": 0.5, ""respect_sweeps"": 6, ""sessions"": [""newyork""], ""signal_bar_ts"": 1733338800, ""source_event_ts"": 1733331600, ""tide"": ""flat""}",EURUSD,sweep_reclaim_bounce_v2:short,stress
sweep_reclaim_bounce_v2,sweep_reclaim_bounce_v2:EURUSD:short:1733472000:liquidity:1.058965,short,1733475600,1733475600,1733490000,market_next_open,1.05812166635625,1.059405,1.0558116657975003,1.059405,SL,1,0.09418667269617087,0.001212841287116986,0.16666666666666666,-1.0,1.21,1.575,constant_spread_bid_ask,0.099766,-1.099766,0.696168,-3.854838,1.058965,liquidity,bounded_sweep_reclaimed,"{""atr"": 0.0009378571428571173, ""choch_override"": false, ""instrument"": ""EURUSD"", ""penetration_atr"": 0.46915460776847767, ""r2"": null, ""regime"": ""bull"", ""respect_bounces"": 3, ""respect_breaks"": 0, ""respect_rated"": true, ""respect_resolved"": 4, ""respect_score"": 0.875, ""respect_sweeps"": 1, ""sessions"": [""london""], ""signal_bar_ts"": 1733472000, ""source_event_ts"": 1733472000, ""tide"": ""flat""}",EURUSD,sweep_reclaim_bounce_v2:short,stress
sweep_reclaim_bounce_v2,sweep_reclaim_bounce_v2:GBPUSD:short:1733472000:liquidity:1.277095,short,1733475600,1733475600,1733486400,market_next_open,1.275996589921875,1.27744,1.2733984517812502,1.27744,SL,1,0.11878591225495679,0.0011312021438969902,0.125,-1.0,1.2075,2.0124999999999997,constant_spread_bid_ask,0.106745,-1.106745,0.622343,-1.366204,1.277095,liquidity,bounded_sweep_reclaimed,"{""atr"": 0.0010389285714286053, ""choch_override"": false, ""instrument"": ""GBPUSD"", ""penetration_atr"": 0.33207287727722856, ""r2"": null, ""regime"": ""bull"", ""respect_bounces"": 1, ""respect_breaks"": 0, ""respect_rated"": false, ""respect_resolved"": 1, ""respect_score"": 1.0, ""respect_sweeps"": 0, ""sessions"": [""london""], ""signal_bar_ts"": 1733472000, ""source_event_ts"": 1733472000, ""tide"": ""flat""}",GBPUSD,sweep_reclaim_bounce_v2:short,stress
sweep_reclaim_bounce_v2,sweep_reclaim_bounce_v2:GBPUSD:short:1733986800:liquidity:1.278175,short,1733990400,1733990400,1734012000,market_next_open,1.2761415753312502,1.2788,1.2713564109275006,1.2713564109275006,TP,1,0.13076554402825505,0.0020831737795704358,0.25,1.8,1.215,2.0124999999999997,constant_spread_bid_ask,0.058324,1.741676,2.273446,-0.301646,1.278175,liquidity,bounded_sweep_reclaimed,"{""atr"": 0.0010585714285714642, ""choch_override"": false, ""instrument"": ""GBPUSD"", ""penetration_atr"": 0.5904183535761109, ""r2"": null, ""regime"": ""range"", ""respect_bounces"": 2, ""respect_breaks"": 2, ""respect_rated"": true, ""respect_resolved"": 5, ""respect_score"": 0.5, ""respect_sweeps"": 1, ""sessions"": [""london""], ""signal_bar_ts"": 1733986800, ""source_event_ts"": 1733986800, ""tide"": ""up""}",GBPUSD,sweep_reclaim_bounce_v2:short,stress
sweep_reclaim_bounce_v2,sweep_reclaim_bounce_v2:GBPUSD:short:1734364800:liquidity:1.269235,short,1734368400,1734368400,1734372000,market_next_open,1.2686573285093752,1.26984,1.2665285198262504,1.26984,SL,1,0.08593110658101694,0.0009322229604857072,0.041666666666666664,-1.0,1.2025,2.0124999999999997,constant_spread_bid_ask,0.128993,-1.128993,0.545162,-1.150323,1.269235,liquidity,bounded_sweep_reclaimed,"{""atr"": 0.0015439285714285353, ""choch_override"": false, ""instrument"": ""GBPUSD"", ""penetration_atr"": 0.39185750636145456, ""r2"": null, ""regime"": ""bear"", ""respect_bounces"": 2, ""respect_breaks"": 1, ""respect_rated"": true, ""respect_resolved"": 6, ""respect_score"": 0.5833, ""respect_sweeps"": 3, ""sessions"": [""newyork""], ""signal_bar_ts"": 1734364800, ""source_event_ts"": 1734364800, ""tide"": ""flat""}",GBPUSD,sweep_reclaim_bounce_v2:short,stress
sweep_reclaim_bounce_v2,sweep_reclaim_bounce_v2:EURUSD:short:1734714000:liquidity:1.04355,short,1734717600,1734717600,1734721200,market_next_open,1.0427778747749998,1.044495,1.0396870493699997,1.044495,SL,1,0.04758155451536344,0.0016466836001584899,0.041666666666666664,-1.0,1.2025,1.575,constant_spread_bid_ask,0.073026,-1.073026,0.271267,-1.19933,1.04355,liquidity,bounded_sweep_reclaimed,"{""atr"": 0.001831071428571418, ""choch_override"": false, ""instrument"": ""EURUSD"", ""penetration_atr"": 0.5160912814511296, ""r2"": null, ""regime"": ""high_vol"", ""respect_bounces"": 0, ""respect_breaks"": 0, ""respect_rated"": false, ""respect_resolved"": 0, ""respect_score"": null, ""respect_sweeps"": 0, ""sessions"": [""newyork""], ""signal_bar_ts"": 1734714000, ""source_event_ts"": 1734714000, ""tide"": ""flat""}",EURUSD,sweep_reclaim_bounce_v2:short,stress
sweep_reclaim_bounce_v2,sweep_reclaim_bounce_v2:USDJPY:short:1738328400:liquidity:154.937,short,1738332000,1738332000,1738346400,market_next_open,154.787309539375,155.0215,154.36576671025,155.0215,SL,1,0.04719523143847243,0.0015129823066368853,0.16666666666666666,-1.0,1.21,1.575,constant_spread_bid_ask,0.079974,-1.079974,1.048891,-1.906201,154.937,liquidity,bounded_sweep_reclaimed,"{""atr"": 0.26889285714285904, ""choch_override"": false, ""instrument"": ""USDJPY"", ""penetration_atr"": 0.31425156063218773, ""r2"": null, ""regime"": ""range"", ""respect_bounces"": 1, ""respect_breaks"": 1, ""respect_rated"": true, ""respect_resolved"": 2, ""respect_score"": 0.5, ""respect_sweeps"": 0, ""sessions"": [""london_ny_overlap"", ""london"", ""newyork""], ""signal_bar_ts"": 1738328400, ""source_event_ts"": 1738328400, ""tide"": ""flat""}",USDJPY,sweep_reclaim_bounce_v2:short,stress
sweep_reclaim_bounce_v2,sweep_reclaim_bounce_v2:GBPUSD:short:1740585600:liquidity:1.269875,short,1740589200,1740589200,1740589200,market_next_open,1.269257268134375,1.27086,1.2663723507762499,1.27086,SL,1,0.08361062401575739,0.001262732076359019,0.0,-1.0,1.2,2.0124999999999997,constant_spread_bid_ask,0.095032,-1.095032,0.835883,-1.532187,1.269875,liquidity,bounded_sweep_reclaimed,"{""atr"": 0.0015874999999999798, ""choch_override"": false, ""instrument"": ""GBPUSD"", ""penetration_atr"": 0.6204724409448984, ""r2"": null, ""regime"": ""range"", ""respect_bounces"": 0, ""respect_breaks"": 0, ""respect_rated"": false, ""respect_resolved"": 0, ""respect_score"": null, ""respect_sweeps"": 0, ""sessions"": [""newyork""], ""signal_bar_ts"": 1740585600, ""source_event_ts"": 1740585600, ""tide"": ""up""}",GBPUSD,sweep_reclaim_bounce_v2:short,stress
sweep_reclaim_bounce_v2,sweep_reclaim_bounce_v2:EURUSD:short:1740589200:liquidity:1.052505,short,1740592800,1740592800,1740661200,market_next_open,1.04916237195625,1.052885,1.0424616414774996,1.0424616414774996,TP,1,0.05822623158317996,0.0035481905787461405,0.7916666666666666,1.8,1.2475,1.575,constant_spread_bid_ask,0.035159,1.764841,1.919429,-0.259311,1.052505,liquidity,bounded_sweep_reclaimed,"{""atr"": 0.0013332142857142174, ""choch_override"": false, ""instrument"": ""EURUSD"", ""penetration_atr"": 0.2850254487008267, ""r2"": null, ""regime"": ""range"", ""respect_bounces"": 1, ""respect_breaks"": 0, ""respect_rated"": true, ""respect_resolved"": 2, ""respect_score"": 0.75, ""respect_sweeps"": 1, ""sessions"": [""newyork""], ""signal_bar_ts"": 1740589200, ""source_event_ts"": 1740589200, ""tide"": ""flat""}",EURUSD,sweep_reclaim_bounce_v2:short,stress
sweep_reclaim_bounce_v2,sweep_reclaim_bounce_v2:EURUSD:short:1741078800:liquidity:1.0524,short,1741082400,1741082400,1741086000,market_next_open,1.05112221760625,1.052725,1.0482372092975003,1.052725,SL,1,0.05184258569381075,0.0015248297171378909,0.041666666666666664,-1.0,1.2025,1.575,constant_spread_bid_ask,0.078861,-1.078861,0.483228,-2.134302,1.0524,liquidity,bounded_sweep_reclaimed,"{""atr"": 0.0015003571428571386, ""choch_override"": false, ""instrument"": ""EURUSD"", ""penetration_atr"": 0.21661509164478623, ""r2"": null, ""regime"": ""bull"", ""respect_bounces"": 0, ""respect_breaks"": 0, ""respect_rated"": true, ""respect_resolved"": 3, ""respect_score"": 0.5, ""respect_sweeps"": 3, ""sessions"": [""london""], ""signal_bar_ts"": 1741078800, ""source_event_ts"": 1741078800, ""tide"": ""flat""}",EURUSD,sweep_reclaim_bounce_v2:short,stress
sweep_reclaim_bounce_v2,sweep_reclaim_bounce_v2:EURUSD:short:1741244400:liquidity:1.08201,short,1741248000,1741248000,1741266000,market_next_open,1.0798349563,1.082235,1.07551487764,1.082235,SL,1,0.04437642238641734,0.002222602339364572,0.20833333333333334,-1.0,1.2125,1.575,constant_spread_bid_ask,0.054553,-1.054553,0.706262,-1.989735,1.08201,liquidity,bounded_sweep_reclaimed,"{""atr"": 0.0016910714285714365, ""choch_override"": false, ""instrument"": ""EURUSD"", ""penetration_atr"": 0.13305174234432818, ""r2"": null, ""regime"": ""bull"", ""respect_bounces"": 1, ""respect_breaks"": 0, ""respect_rated"": false, ""respect_resolved"": 1, ""respect_score"": 1.0, ""respect_sweeps"": 0, ""sessions"": [""london""], ""signal_bar_ts"": 1741244400, ""source_event_ts"": 1741244400, ""tide"": ""flat""}",EURUSD,sweep_reclaim_bounce_v2:short,stress
sweep_reclaim_bounce_v2,sweep_reclaim_bounce_v2:EURUSD:short:1741273200:liquidity:1.084525,short,1741276800,1741276800,1741334400,market_next_open,1.0816498133687498,1.085375,1.0749444774324994,1.085375,SL,1,0.028689425912509003,0.003443985830911655,0.6666666666666666,-1.0,1.24,1.575,constant_spread_bid_ask,0.036005,-1.036005,1.338197,-1.059187,1.084525,liquidity,bounded_sweep_reclaimed,"{""atr"": 0.002446428571428611, ""choch_override"": false, ""instrument"": ""EURUSD"", ""penetration_atr"": 0.34744525547445404, ""r2"": null, ""regime"": ""high_vol"", ""respect_bounces"": 1, ""respect_breaks"": 0, ""respect_rated"": false, ""respect_resolved"": 1, ""respect_score"": 1.0, ""respect_sweeps"": 0, ""sessions"": [""london_ny_overlap"", ""london"", ""newyork""], ""signal_bar_ts"": 1741273200, ""source_event_ts"": 1741273200, ""tide"": ""flat""}",EURUSD,sweep_reclaim_bounce_v2:short,stress
sweep_reclaim_bounce_v2,sweep_reclaim_bounce_v2:EURUSD:short:1743404400:liquidity:1.084595,short,1743408000,1743408000,1743429600,market_next_open,1.08308969996875,1.08494,1.0797591599125,1.0797591599125,TP,1,0.05855210611973643,0.0017083534552155375,0.25,1.8,1.215,1.575,constant_spread_bid_ask,0.071121,1.728879,2.480557,-0.227325,1.084595,liquidity,bounded_sweep_reclaimed,"{""atr"": 0.001371428571428579, ""choch_override"": false, ""instrument"": ""EURUSD"", ""penetration_atr"": 0.25156250000002756, ""r2"": null, ""regime"": ""bull"", ""respect_bounces"": 3, ""respect_breaks"": 1, ""respect_rated"": true, ""respect_resolved"": 5, ""respect_score"": 0.7, ""respect_sweeps"": 1, ""sessions"": [""london""], ""signal_bar_ts"": 1743404400, ""source_event_ts"": 1743404400, ""tide"": ""flat""}",EURUSD,sweep_reclaim_bounce_v2:short,stress
sweep_reclaim_bounce_v2,sweep_reclaim_bounce_v2:GBPUSD:short:1743613200:liquidity:1.297905,short,1743616800,1743616800,1743616800,market_next_open,1.2969294833375002,1.298145,1.2947415533450004,1.298145,SL,1,0.09099440167843331,0.000937226486186332,0.0,-1.0,1.2,2.0124999999999997,constant_spread_bid_ask,0.128037,-1.128037,0.0,-1.276135,1.297905,liquidity,bounded_sweep_reclaimed,"{""atr"": 0.0014892857142857327, ""choch_override"": false, ""instrument"": ""GBPUSD"", ""penetration_atr"": 0.16115107913670074, ""r2"": null, ""regime"": ""range"", ""respect_bounces"": 3, ""respect_breaks"": 0, ""respect_rated"": true, ""respect_resolved"": 4, ""respect_score"": 0.875, ""respect_sweeps"": 1, ""sessions"": [""newyork""], ""signal_bar_ts"": 1743613200, ""source_event_ts"": 1743613200, ""tide"": ""flat""}",GBPUSD,sweep_reclaim_bounce_v2:short,stress
sweep_reclaim_bounce_v2,sweep_reclaim_bounce_v2:EURUSD:short:1743606000:failed_break,short,1743624000,1743624000,1743624000,market_next_open,1.084894557825,1.0863651,1.08224758191,1.0863651,SL,1,0.05423818590710187,0.0013554701370686536,0.0,-1.0,1.2,1.575,constant_spread_bid_ask,0.08853,-1.08853,2.532687,-5.209966,1.086165,failed_break,bounded_sweep_reclaimed,"{""atr"": 0.0016675000000000281, ""choch_override"": false, ""instrument"": ""EURUSD"", ""penetration_atr"": 0.6866566716641274, ""r2"": null, ""regime"": ""bull"", ""respect_bounces"": 2, ""respect_breaks"": 1, ""respect_rated"": true, ""respect_resolved"": 3, ""respect_score"": 0.6667, ""respect_sweeps"": 0, ""sessions"": [""newyork""], ""signal_bar_ts"": 1743620400, ""source_event_ts"": 1743606000, ""tide"": ""flat""}",EURUSD,sweep_reclaim_bounce_v2:short,stress
sweep_reclaim_bounce_v2,sweep_reclaim_bounce_v2:EURUSD:short:1746540000:liquidity:1.13649,short,1746543600,1746543600,1746550800,market_next_open,1.1340206888375,1.136965,1.128720928745,1.136965,SL,1,0.04480340261283894,0.0025963469551144604,0.08333333333333333,-1.0,1.205,1.575,constant_spread_bid_ask,0.046411,-1.046411,0.285791,-1.055885,1.13649,liquidity,bounded_sweep_reclaimed,"{""atr"": 0.0021050000000000235, ""choch_override"": false, ""instrument"": ""EURUSD"", ""penetration_atr"": 0.22565320665083036, ""r2"": null, ""regime"": ""range"", ""respect_bounces"": 3, ""respect_breaks"": 3, ""respect_rated"": true, ""respect_resolved"": 7, ""respect_score"": 0.5, ""respect_sweeps"": 1, ""sessions"": [""london_ny_overlap"", ""london"", ""newyork""], ""signal_bar_ts"": 1746540000, ""source_event_ts"": 1746540000, ""tide"": ""flat""}",EURUSD,sweep_reclaim_bounce_v2:short,stress
sweep_reclaim_bounce_v2,sweep_reclaim_bounce_v2:USDJPY:short:1748444400:failed_break,short,1748458800,1748458800,1748473200,market_next_open,144.82959377125002,145.011,144.50306255950005,145.011,SL,1,0.030794567177055834,0.0012525494550271175,0.16666666666666666,-1.0,1.21,1.575,constant_spread_bid_ask,0.096603,-1.096603,0.337332,-6.669594,144.9735,failed_break,bounded_sweep_reclaimed,"{""atr"": 0.2892142857142862, ""choch_override"": false, ""instrument"": ""USDJPY"", ""penetration_atr"": 0.3647814275129876, ""r2"": null, ""regime"": ""bull"", ""respect_bounces"": 1, ""respect_breaks"": 1, ""respect_rated"": true, ""respect_resolved"": 4, ""respect_score"": 0.5, ""respect_sweeps"": 2, ""sessions"": [""newyork""], ""signal_bar_ts"": 1748455200, ""source_event_ts"": 1748444400, ""tide"": ""flat""}",USDJPY,sweep_reclaim_bounce_v2:short,stress
sweep_reclaim_bounce_v2,sweep_reclaim_bounce_v2:EURUSD:short:1748527200:liquidity:1.13601,short,1748530800,1748530800,1748530800,market_next_open,1.13492561756875,1.13695,1.1312817291925004,1.13695,SL,1,0.03407493599568274,0.001783713751731553,0.0,-1.0,1.2,1.575,constant_spread_bid_ask,0.067275,-1.067275,0.0,-1.0961,1.13601,liquidity,bounded_sweep_reclaimed,"{""atr"": 0.0023296428571428296, ""choch_override"": false, ""instrument"": ""EURUSD"", ""penetration_atr"": 0.4034953242372935, ""r2"": null, ""regime"": ""high_vol"", ""respect_bounces"": 0, ""respect_breaks"": 1, ""respect_rated"": true, ""respect_resolved"": 5, ""respect_score"": 0.4, ""respect_sweeps"": 4, ""sessions"": [""london_ny_overlap"", ""london"", ""newyork""], ""signal_bar_ts"": 1748527200, ""source_event_ts"": 1748527200, ""tide"": ""flat""}",EURUSD,sweep_reclaim_bounce_v2:short,stress
sweep_reclaim_bounce_v2,sweep_reclaim_bounce_v2:EURUSD:short:1754478000:liquidity:1.16108,short,1754481600,1754481600,1754481600,market_next_open,1.16032361731875,1.161505,1.1581971284924997,1.161505,SL,1,0.08825098348604626,0.0010181493021576458,0.0,-1.0,1.2,1.575,constant_spread_bid_ask,0.117861,-1.117861,0.162745,-2.224476,1.16108,liquidity,bounded_sweep_reclaimed,"{""atr"": 0.001092142857142859, ""choch_override"": false, ""instrument"": ""EURUSD"", ""penetration_atr"": 0.38914323086995856, ""r2"": null, ""regime"": ""bull"", ""respect_bounces"": 0, ""respect_breaks"": 0, ""respect_rated"": false, ""respect_resolved"": 0, ""respect_score"": null, ""respect_sweeps"": 0, ""sessions"": [""london_ny_overlap"", ""london"", ""newyork""], ""signal_bar_ts"": 1754478000, ""source_event_ts"": 1754478000, ""tide"": ""flat""}",EURUSD,sweep_reclaim_bounce_v2:short,stress
sweep_reclaim_bounce_v2,sweep_reclaim_bounce_v2:EURUSD:short:1754488800:liquidity:1.1636,short,1754492400,1754492400,1754492400,market_next_open,1.1626384350125,1.1637702285714286,1.1606012066064286,1.1637702285714286,SL,1,0.07159666792549575,0.0009734699325645411,0.0,-1.0,1.2,1.575,constant_spread_bid_ask,0.12327,-1.12327,0.244661,-1.90696,1.1636,liquidity,bounded_sweep_reclaimed,"{""atr"": 0.0014185714285714277, ""choch_override"": false, ""instrument"": ""EURUSD"", ""penetration_atr"": 0.11983887210473566, ""r2"": null, ""regime"": ""bull"", ""respect_bounces"": 0, ""respect_breaks"": 0, ""respect_rated"": false, ""respect_resolved"": 0, ""respect_score"": null, ""respect_sweeps"": 0, ""sessions"": [""london_ny_overlap"", ""london"", ""newyork""], ""signal_bar_ts"": 1754488800, ""source_event_ts"": 1754488800, ""tide"": ""flat""}",EURUSD,sweep_reclaim_bounce_v2:short,stress
sweep_reclaim_bounce_v2,sweep_reclaim_bounce_v2:GBPUSD:short:1755165600:liquidity:1.35923,short,1755169200,1755169200,1755172800,market_next_open,1.3579333442062502,1.359495,1.3551223637775007,1.3551223637775007,TP,1,0.12957911722917245,0.0011500238950701246,0.041666666666666664,1.8,1.2025,2.0124999999999997,constant_spread_bid_ask,0.104563,1.695437,2.034402,-0.383147,1.35923,liquidity,bounded_sweep_reclaimed,"{""atr"": 0.0011317857142856904, ""choch_override"": false, ""instrument"": ""GBPUSD"", ""penetration_atr"": 0.23414326285891537, ""r2"": null, ""regime"": ""bull"", ""respect_bounces"": 2, ""respect_breaks"": 0, ""respect_rated"": true, ""respect_resolved"": 2, ""respect_score"": 1.0, ""respect_sweeps"": 0, ""sessions"": [""london""], ""signal_bar_ts"": 1755165600, ""source_event_ts"": 1755165600, ""tide"": ""flat""}",GBPUSD,sweep_reclaim_bounce_v2:short,stress
sweep_reclaim_bounce_v2,sweep_reclaim_bounce_v2:GBPUSD:short:1756346400:failed_break,short,1756364400,1756364400,1756375200,market_next_open,1.35027411499375,1.3513397,1.3483560619825001,1.3513397,SL,1,0.14625063283197465,0.0007891619889750407,0.125,-1.0,1.2075,2.0124999999999997,constant_spread_bid_ask,0.15301,-1.15301,1.715904,-2.366772,1.35122,failed_break,bounded_sweep_reclaimed,"{""atr"": 0.000997500000000048, ""choch_override"": false, ""instrument"": ""GBPUSD"", ""penetration_atr"": 0.6315789473682988, ""r2"": null, ""regime"": ""bull"", ""respect_bounces"": 2, ""respect_breaks"": 3, ""respect_rated"": true, ""respect_resolved"": 7, ""respect_score"": 0.4286, ""respect_sweeps"": 2, ""sessions"": [""london""], ""signal_bar_ts"": 1756360800, ""source_event_ts"": 1756346400, ""tide"": ""flat""}",GBPUSD,sweep_reclaim_bounce_v2:short,stress
sweep_reclaim_bounce_v2,sweep_reclaim_bounce_v2:GBPUSD:short:1756375200:failed_break,short,1756386000,1756386000,1756389600,market_next_open,1.350189123546875,1.3519908714285713,1.3469459773598218,1.3519908714285713,SL,1,0.12426348303926676,0.0013344411166364574,0.041666666666666664,-1.0,1.2025,2.0124999999999997,constant_spread_bid_ask,0.090113,-1.090113,0.6346,-1.485777,1.35185,failed_break,bounded_sweep_reclaimed,"{""atr"": 0.0011739285714285857, ""choch_override"": false, ""instrument"": ""GBPUSD"", ""penetration_atr"": 0.689990873136571, ""r2"": null, ""regime"": ""bull"", ""respect_bounces"": 2, ""respect_breaks"": 2, ""respect_rated"": true, ""respect_resolved"": 8, ""respect_score"": 0.5, ""respect_sweeps"": 4, ""sessions"": [""london_ny_overlap"", ""london"", ""newyork""], ""signal_bar_ts"": 1756382400, ""source_event_ts"": 1756375200, ""tide"": ""flat""}",GBPUSD,sweep_reclaim_bounce_v2:short,stress
sweep_reclaim_bounce_v2,sweep_reclaim_bounce_v2:GBPUSD:short:1756400400:liquidity:1.35273,short,1756404000,1756404000,1756429200,market_next_open,1.352008940409375,1.353075,1.3500900331462498,1.3500900331462498,TP,1,0.07981324552634492,0.0007885004002283596,0.2916666666666667,1.8,1.2175,2.0124999999999997,constant_spread_bid_ask,0.154407,1.645593,2.160423,-0.391286,1.35273,liquidity,bounded_sweep_reclaimed,"{""atr"": 0.0015167857142857225, ""choch_override"": false, ""instrument"": ""GBPUSD"", ""penetration_atr"": 0.22745467388747492, ""r2"": null, ""regime"": ""bull"", ""respect_bounces"": 3, ""respect_breaks"": 1, ""respect_rated"": true, ""respect_resolved"": 6, ""respect_score"": 0.6667, ""respect_sweeps"": 2, ""sessions"": [""newyork""], ""signal_bar_ts"": 1756400400, ""source_event_ts"": 1756400400, ""tide"": ""flat""}",GBPUSD,sweep_reclaim_bounce_v2:short,stress
sweep_reclaim_bounce_v2,sweep_reclaim_bounce_v2:GBPUSD:short:1757080800:liquidity:1.354965,short,1757084400,1757084400,1757336400,market_next_open,1.351903950975,1.355465,1.34549406273,1.355465,SL,1,0.07232321106564911,0.002634099132879772,2.9166666666666665,-1.0,1.375,2.0124999999999997,constant_spread_bid_ask,0.0522,-1.0522,0.992203,-1.090258,1.354965,liquidity,bounded_sweep_reclaimed,"{""atr"": 0.0017428571428571254, ""choch_override"": false, ""instrument"": ""GBPUSD"", ""penetration_atr"": 0.28688524590161063, ""r2"": null, ""regime"": ""bull"", ""respect_bounces"": 2, ""respect_breaks"": 0, ""respect_rated"": true, ""respect_resolved"": 2, ""respect_score"": 1.0, ""respect_sweeps"": 0, ""sessions"": [""london_ny_overlap"", ""london"", ""newyork""], ""signal_bar_ts"": 1757080800, ""source_event_ts"": 1757080800, ""tide"": ""flat""}",GBPUSD,sweep_reclaim_bounce_v2:short,stress
sweep_reclaim_bounce_v2,sweep_reclaim_bounce_v2:GBPUSD:short:1757408400:failed_break,short,1757426400,1757426400,1757581200,market_next_open,1.35529360985625,1.3584275142857143,1.3496525818832144,1.3496525818832144,TP,1,0.08543998128926174,0.002312343544360592,1.7916666666666667,1.8,1.3075,2.0124999999999997,constant_spread_bid_ask,0.056544,1.743456,1.834078,-0.725287,1.35825,failed_break,bounded_sweep_reclaimed,"{""atr"": 0.0014792857142857147, ""choch_override"": true, ""instrument"": ""GBPUSD"", ""penetration_atr"": 0.5374215354901697, ""r2"": null, ""regime"": ""bull"", ""respect_bounces"": 1, ""respect_breaks"": 0, ""respect_rated"": true, ""respect_resolved"": 2, ""respect_score"": 0.75, ""respect_sweeps"": 1, ""sessions"": [""london_ny_overlap"", ""london"", ""newyork""], ""signal_bar_ts"": 1757422800, ""source_event_ts"": 1757408400, ""tide"": ""flat""}",GBPUSD,sweep_reclaim_bounce_v2:short,stress
sweep_reclaim_bounce_v2,sweep_reclaim_bounce_v2:EURUSD:short:1759219200:failed_break,short,1759226400,1759226400,1759237200,market_next_open,1.1747374821375,1.17584,1.1727529499850002,1.1727529499850002,TP,1,0.0905245714812854,0.0009385227587135786,0.125,1.8,1.2075,1.575,constant_spread_bid_ask,0.12866,1.67134,2.707633,-0.458098,1.17546,failed_break,bounded_sweep_reclaimed,"{""atr"": 0.0009667857142857038, ""choch_override"": false, ""instrument"": ""EURUSD"", ""penetration_atr"": 0.7240487624678342, ""r2"": null, ""regime"": ""bull"", ""respect_bounces"": 4, ""respect_breaks"": 2, ""respect_rated"": true, ""respect_resolved"": 6, ""respect_score"": 0.6667, ""respect_sweeps"": 0, ""sessions"": [""london""], ""signal_bar_ts"": 1759222800, ""source_event_ts"": 1759219200, ""tide"": ""flat""}",EURUSD,sweep_reclaim_bounce_v2:short,stress
sweep_reclaim_bounce_v2,sweep_reclaim_bounce_v2:GBPUSD:short:1759777200:liquidity:1.348715,short,1759780800,1759780800,1759813200,market_next_open,1.3480443393875,1.349015,1.3462971502849996,1.3462971502849996,TP,1,0.06976042019418532,0.0007200509539183296,0.375,1.8,1.2225,2.0124999999999997,constant_spread_bid_ask,0.16978,1.63022,2.50752,-0.846204,1.348715,liquidity,bounded_sweep_reclaimed,"{""atr"": 0.0017296428571428482, ""choch_override"": false, ""instrument"": ""GBPUSD"", ""penetration_atr"": 0.17344621102620522, ""r2"": null, ""regime"": ""range"", ""respect_bounces"": 4, ""respect_breaks"": 2, ""respect_rated"": true, ""respect_resolved"": 6, ""respect_score"": 0.6667, ""respect_sweeps"": 0, ""sessions"": [""newyork""], ""signal_bar_ts"": 1759777200, ""source_event_ts"": 1759777200, ""tide"": ""flat""}",GBPUSD,sweep_reclaim_bounce_v2:short,stress
sweep_reclaim_bounce_v2,sweep_reclaim_bounce_v2:GBPUSD:short:1760608800:liquidity:1.344305,short,1760612400,1760612400,1760616000,market_next_open,1.343264820375,1.34484,1.3404294970499997,1.34484,SL,1,0.08989560143636566,0.0011726500993008554,0.041666666666666664,-1.0,1.2025,2.0124999999999997,constant_spread_bid_ask,0.102546,-1.102546,0.615654,-1.111307,1.344305,liquidity,bounded_sweep_reclaimed,"{""atr"": 0.001392499999999987, ""choch_override"": false, ""instrument"": ""GBPUSD"", ""penetration_atr"": 0.3842010771992511, ""r2"": null, ""regime"": ""bull"", ""respect_bounces"": 3, ""respect_breaks"": 3, ""respect_rated"": true, ""respect_resolved"": 8, ""respect_score"": 0.5, ""respect_sweeps"": 2, ""sessions"": [""london""], ""signal_bar_ts"": 1760608800, ""source_event_ts"": 1760608800, ""tide"": ""flat""}",GBPUSD,sweep_reclaim_bounce_v2:short,stress
sweep_reclaim_bounce_v2,sweep_reclaim_bounce_v2:EURUSD:short:1761566400:liquidity:1.164945,short,1761570000,1761570000,1761588000,market_next_open,1.1640433243687498,1.16516,1.1620333082324994,1.16516,SL,1,0.10153479651178893,0.0009593076201487069,0.20833333333333334,-1.0,1.2125,1.575,constant_spread_bid_ask,0.126393,-1.126393,0.71348,-1.122471,1.164945,liquidity,bounded_sweep_reclaimed,"{""atr"": 0.0009521428571428617, ""choch_override"": false, ""instrument"": ""EURUSD"", ""penetration_atr"": 0.2258064516129822, ""r2"": null, ""regime"": ""bull"", ""respect_bounces"": 3, ""respect_breaks"": 3, ""respect_rated"": true, ""respect_resolved"": 6, ""respect_score"": 0.5, ""respect_sweeps"": 0, ""sessions"": [""london_ny_overlap"", ""london"", ""newyork""], ""signal_bar_ts"": 1761566400, ""source_event_ts"": 1761566400, ""tide"": ""flat""}",EURUSD,sweep_reclaim_bounce_v2:short,stress
sweep_reclaim_bounce_v2,sweep_reclaim_bounce_v2:USDJPY:short:1762358400:liquidity:154.312,short,1762362000,1762362000,1762416000,market_next_open,154.10786305,154.3575,153.65851654,153.65851654,TP,1,0.06056060269629829,0.0016198845734367332,0.625,1.8,1.2375,1.575,constant_spread_bid_ask,0.076394,1.723606,2.256366,-0.195387,154.312,liquidity,bounded_sweep_reclaimed,"{""atr"": 0.22517857142857167, ""choch_override"": false, ""instrument"": ""USDJPY"", ""penetration_atr"": 0.20206185566999482, ""r2"": null, ""regime"": ""range"", ""respect_bounces"": 3, ""respect_breaks"": 1, ""respect_rated"": true, ""respect_resolved"": 5, ""respect_score"": 0.7, ""respect_sweeps"": 1, ""sessions"": [""newyork""], ""signal_bar_ts"": 1762358400, ""source_event_ts"": 1762358400, ""tide"": ""up""}",USDJPY,sweep_reclaim_bounce_v2:short,stress
sweep_reclaim_bounce_v2,sweep_reclaim_bounce_v2:EURUSD:short:1762405200:failed_break,short,1762416000,1762416000,1762416000,market_next_open,1.1507593705624999,1.15134,1.1497142375749996,1.15134,SL,1,0.1109777918071724,0.0005045619895463726,0.0,-1.0,1.2,1.575,constant_spread_bid_ask,0.23783,-1.23783,0.109813,-2.895783,1.150895,failed_break,bounded_sweep_reclaimed,"{""atr"": 0.0006364285714285696, ""choch_override"": false, ""instrument"": ""EURUSD"", ""penetration_atr"": 0.769921436588265, ""r2"": null, ""regime"": ""range"", ""respect_bounces"": 0, ""respect_breaks"": 0, ""respect_rated"": false, ""respect_resolved"": 1, ""respect_score"": 0.5, ""respect_sweeps"": 1, ""sessions"": [""london""], ""signal_bar_ts"": 1762412400, ""source_event_ts"": 1762405200, ""tide"": ""flat""}",EURUSD,sweep_reclaim_bounce_v2:short,stress
sweep_reclaim_bounce_v2,sweep_reclaim_bounce_v2:EURUSD:short:1762455600:liquidity:1.155015,short,1762459200,1762459200,1762470000,market_next_open,1.15435408745625,1.155235,1.1527684448774997,1.155235,SL,1,0.0671191748046945,0.0007631216048199756,0.125,-1.0,1.2075,1.575,constant_spread_bid_ask,0.158232,-1.158232,0.0,-1.018128,1.155015,liquidity,bounded_sweep_reclaimed,"{""atr"": 0.0012800000000000272, ""choch_override"": false, ""instrument"": ""EURUSD"", ""penetration_atr"": 0.1718750000000815, ""r2"": null, ""regime"": ""high_vol"", ""respect_bounces"": 0, ""respect_breaks"": 0, ""respect_rated"": false, ""respect_resolved"": 0, ""respect_score"": null, ""respect_sweeps"": 0, ""sessions"": [""newyork""], ""signal_bar_ts"": 1762455600, ""source_event_ts"": 1762455600, ""tide"": ""flat""}",EURUSD,sweep_reclaim_bounce_v2:short,stress
sweep_reclaim_bounce_v2,sweep_reclaim_bounce_v2:EURUSD:short:1762516800:liquidity:1.15611,short,1762520400,1762520400,1762520400,market_next_open,1.15551399610625,1.15652,1.1537031890974998,1.15652,SL,1,0.09360211982128455,0.0008706116041346064,0.0,-1.0,1.2,1.575,constant_spread_bid_ask,0.137834,-1.137834,0.0,-1.547823,1.15611,liquidity,bounded_sweep_reclaimed,"{""atr"": 0.0007585714285714021, ""choch_override"": false, ""instrument"": ""EURUSD"", ""penetration_atr"": 0.5404896421846046, ""r2"": null, ""regime"": ""bull"", ""respect_bounces"": 0, ""respect_breaks"": 0, ""respect_rated"": false, ""respect_resolved"": 0, ""respect_score"": null, ""respect_sweeps"": 0, ""sessions"": [""london_ny_overlap"", ""london"", ""newyork""], ""signal_bar_ts"": 1762516800, ""source_event_ts"": 1762516800, ""tide"": ""flat""}",EURUSD,sweep_reclaim_bounce_v2:short,stress
sweep_reclaim_bounce_v2,sweep_reclaim_bounce_v2:USDJPY:short:1762952400:failed_break,short,1762966800,1762966800,1762992000,market_next_open,154.63482154874998,154.93024571428572,154.10305805078565,154.93024571428572,SL,1,0.08100051931418469,0.0019104633909549278,0.2916666666666667,-1.0,1.2175,1.575,constant_spread_bid_ask,0.063728,-1.063728,0.421952,-1.138639,154.9085,failed_break,bounded_sweep_reclaimed,"{""atr"": 0.18121428571428616, ""choch_override"": true, ""instrument"": ""USDJPY"", ""penetration_atr"": 0.7642885297595202, ""r2"": null, ""regime"": ""bull"", ""respect_bounces"": 0, ""respect_breaks"": 0, ""respect_rated"": false, ""respect_resolved"": 1, ""respect_score"": 0.5, ""respect_sweeps"": 1, ""sessions"": [""newyork""], ""signal_bar_ts"": 1762963200, ""source_event_ts"": 1762952400, ""tide"": ""up""}",USDJPY,sweep_reclaim_bounce_v2:short,stress
sweep_reclaim_bounce_v2,sweep_reclaim_bounce_v2:USDJPY:short:1763366400:liquidity:154.814,short,1763370000,1763370000,1763373600,market_next_open,154.70231623312498,154.833,154.46708545274993,154.833,SL,1,0.08412414862219449,0.0008447434405448239,0.041666666666666664,-1.0,1.2025,1.575,constant_spread_bid_ask,0.142351,-1.142351,0.24974,-1.188961,154.814,liquidity,bounded_sweep_reclaimed,"{""atr"": 0.12700000000000142, ""choch_override"": false, ""instrument"": ""USDJPY"", ""penetration_atr"": 0.14960629921263974, ""r2"": null, ""regime"": ""range"", ""respect_bounces"": 4, ""respect_breaks"": 3, ""respect_rated"": true, ""respect_resolved"": 7, ""respect_score"": 0.5714, ""respect_sweeps"": 0, ""sessions"": [""london""], ""signal_bar_ts"": 1763366400, ""source_event_ts"": 1763366400, ""tide"": ""up""}",USDJPY,sweep_reclaim_bounce_v2:short,stress
sweep_reclaim_bounce_v2,sweep_reclaim_bounce_v2:USDJPY:short:1763463600:failed_break,short,1763478000,1763478000,1763481600,market_next_open,155.222275283125,155.4065442857143,154.89059107846424,155.4065442857143,SL,1,0.0586295988976092,0.0011871298900444367,0.041666666666666664,-1.0,1.2025,1.575,constant_spread_bid_ask,0.101295,-1.101295,0.855081,-1.608902,155.3805,failed_break,bounded_sweep_reclaimed,"{""atr"": 0.21703571428571017, ""choch_override"": false, ""instrument"": ""USDJPY"", ""penetration_atr"": 0.2833635017278096, ""r2"": null, ""regime"": ""bull"", ""respect_bounces"": 1, ""respect_breaks"": 0, ""respect_rated"": true, ""respect_resolved"": 2, ""respect_score"": 0.75, ""respect_sweeps"": 1, ""sessions"": [""london_ny_overlap"", ""london"", ""newyork""], ""signal_bar_ts"": 1763474400, ""source_event_ts"": 1763463600, ""tide"": ""flat""}",USDJPY,sweep_reclaim_bounce_v2:short,stress
sweep_reclaim_bounce_v2,sweep_reclaim_bounce_v2:EURUSD:short:1763712000:liquidity:1.155005,short,1763715600,1763715600,1763719200,market_next_open,1.1540241134437499,1.15526,1.1517995176424998,1.1517995176424998,TP,1,0.09985073190792156,0.0010709365097771033,0.041666666666666664,1.8,1.2025,1.575,constant_spread_bid_ask,0.112285,1.687715,2.171277,-0.280597,1.155005,liquidity,bounded_sweep_reclaimed,"{""atr"": 0.0007599999999999511, ""choch_override"": false, ""instrument"": ""EURUSD"", ""penetration_atr"": 0.33552631578935604, ""r2"": null, ""regime"": ""bear"", ""respect_bounces"": 1, ""respect_breaks"": 1, ""respect_rated"": true, ""respect_resolved"": 2, ""respect_score"": 0.5, ""respect_sweeps"": 0, ""sessions"": [""london""], ""signal_bar_ts"": 1763712000, ""source_event_ts"": 1763712000, ""tide"": ""flat""}",EURUSD,sweep_reclaim_bounce_v2:short,stress
sweep_reclaim_bounce_v2,sweep_reclaim_bounce_v2:GBPUSD:short:1763989200:liquidity:1.31161,short,1763992800,1763992800,1764054000,market_next_open,1.3104081269125,1.3118,1.307902755355,1.3118,SL,1,0.1354713746414834,0.0010621676246616676,0.7083333333333334,-1.0,1.2425,2.0124999999999997,constant_spread_bid_ask,0.116978,-1.116978,1.596053,-1.863662,1.31161,liquidity,bounded_sweep_reclaimed,"{""atr"": 0.0011210714285714454, ""choch_override"": false, ""instrument"": ""GBPUSD"", ""penetration_atr"": 0.1694807263460875, ""r2"": null, ""regime"": ""range"", ""respect_bounces"": 0, ""respect_breaks"": 0, ""respect_rated"": false, ""respect_resolved"": 1, ""respect_score"": 0.5, ""respect_sweeps"": 1, ""sessions"": [""london_ny_overlap"", ""london"", ""newyork""], ""signal_bar_ts"": 1763989200, ""source_event_ts"": 1763989200, ""tide"": ""flat""}",GBPUSD,sweep_reclaim_bounce_v2:short,stress
sweep_reclaim_bounce_v2,sweep_reclaim_bounce_v2:GBPUSD:short:1764082800:liquidity:1.31832,short,1764086400,1764086400,1764090000,market_next_open,1.31753740945625,1.31958,1.3138607464775,1.31958,SL,1,0.07940603072791544,0.0015503093339816294,0.041666666666666664,-1.0,1.2025,2.0124999999999997,constant_spread_bid_ask,0.077565,-1.077565,0.14926,-1.476291,1.31832,liquidity,bounded_sweep_reclaimed,"{""atr"": 0.0017957142857143132, ""choch_override"": false, ""instrument"": ""GBPUSD"", ""penetration_atr"": 0.701670644391419, ""r2"": null, ""regime"": ""bull"", ""respect_bounces"": 3, ""respect_breaks"": 1, ""respect_rated"": true, ""respect_resolved"": 7, ""respect_score"": 0.6429, ""respect_sweeps"": 3, ""sessions"": [""london_ny_overlap"", ""london"", ""newyork""], ""signal_bar_ts"": 1764082800, ""source_event_ts"": 1764082800, ""tide"": ""flat""}",GBPUSD,sweep_reclaim_bounce_v2:short,stress
sweep_reclaim_bounce_v2,sweep_reclaim_bounce_v2:EURUSD:short:1764133200:failed_break,short,1764144000,1764144000,1764162000,market_next_open,1.157848812225,1.15922,1.15538067423,1.15538067423,TP,1,0.06362322138258626,0.0011842545939698623,0.20833333333333334,1.8,1.2125,1.575,constant_spread_bid_ask,0.102385,1.697615,2.120693,-0.464861,1.158675,failed_break,bounded_sweep_reclaimed,"{""atr"": 0.0012760714285713984, ""choch_override"": false, ""instrument"": ""EURUSD"", ""penetration_atr"": 0.7131262244614016, ""r2"": null, ""regime"": ""bull"", ""respect_bounces"": 3, ""respect_breaks"": 1, ""respect_rated"": true, ""respect_resolved"": 8, ""respect_score"": 0.625, ""respect_sweeps"": 4, ""sessions"": [""london""], ""signal_bar_ts"": 1764140400, ""source_event_ts"": 1764133200, ""tide"": ""flat""}",EURUSD,sweep_reclaim_bounce_v2:short,stress
sweep_reclaim_bounce_v2,sweep_reclaim_bounce_v2:GBPUSD:short:1764162000:liquidity:1.32141,short,1764165600,1764165600,1764169200,market_next_open,1.3191472474500001,1.322485,1.3131392928600005,1.322485,SL,1,0.07268506499910123,0.002530235010876833,0.041666666666666664,-1.0,1.2025,2.0124999999999997,constant_spread_bid_ask,0.047525,-1.047525,0.154168,-1.341001,1.32141,liquidity,bounded_sweep_reclaimed,"{""atr"": 0.0021703571428571345, ""choch_override"": false, ""instrument"": ""GBPUSD"", ""penetration_atr"": 0.4953101859469863, ""r2"": null, ""regime"": ""high_vol"", ""respect_bounces"": 1, ""respect_breaks"": 0, ""respect_rated"": true, ""respect_resolved"": 2, ""respect_score"": 0.75, ""respect_sweeps"": 1, ""sessions"": [""london_ny_overlap"", ""london"", ""newyork""], ""signal_bar_ts"": 1764162000, ""source_event_ts"": 1764162000, ""tide"": ""flat""}",GBPUSD,sweep_reclaim_bounce_v2:short,stress
sweep_reclaim_bounce_v2,sweep_reclaim_bounce_v2:EURUSD:short:1764172800:liquidity:1.159585,short,1764176400,1764176400,1764198000,market_next_open,1.15894372599375,1.16009,1.1568804327825,1.16009,SL,1,0.06222696618190714,0.0009890678732197432,0.25,-1.0,1.215,1.575,constant_spread_bid_ask,0.122843,-1.122843,0.290064,-1.197481,1.159585,liquidity,bounded_sweep_reclaimed,"{""atr"": 0.001547142857142858, ""choch_override"": false, ""instrument"": ""EURUSD"", ""penetration_atr"": 0.32640812557708604, ""r2"": null, ""regime"": ""high_vol"", ""respect_bounces"": 2, ""respect_breaks"": 2, ""respect_rated"": true, ""respect_resolved"": 7, ""respect_score"": 0.5, ""respect_sweeps"": 3, ""sessions"": [""newyork""], ""signal_bar_ts"": 1764172800, ""source_event_ts"": 1764172800, ""tide"": ""flat""}",EURUSD,sweep_reclaim_bounce_v2:short,stress
sweep_reclaim_bounce_v2,sweep_reclaim_bounce_v2:GBPUSD:short:1764594000:liquidity:1.327,short,1764597600,1764597600,1764601200,market_next_open,1.3264715103718752,1.32758,1.3244762290412504,1.3244762290412504,TP,1,0.08435250026240482,0.0008356678748524769,0.041666666666666664,1.8,1.2025,2.0124999999999997,constant_spread_bid_ask,0.143897,1.656103,2.993606,-0.263405,1.327,liquidity,bounded_sweep_reclaimed,"{""atr"": 0.001701071428571391, ""choch_override"": false, ""instrument"": ""GBPUSD"", ""penetration_atr"": 0.3409615788368897, ""r2"": null, ""regime"": ""range"", ""respect_bounces"": 1, ""respect_breaks"": 0, ""respect_rated"": false, ""respect_resolved"": 1, ""respect_score"": 1.0, ""respect_sweeps"": 0, ""sessions"": [""london_ny_overlap"", ""london"", ""newyork""], ""signal_bar_ts"": 1764594000, ""source_event_ts"": 1764594000, ""tide"": ""up""}",GBPUSD,sweep_reclaim_bounce_v2:short,stress
sweep_reclaim_bounce_v2,sweep_reclaim_bounce_v2:GBPUSD:short:1764835200:liquidity:1.335415,short,1764838800,1764838800,1764846000,market_next_open,1.3341657360625,1.3359,1.331044060975,1.3359,SL,1,0.16964360068241274,0.0012998864313651787,0.08333333333333333,-1.0,1.205,2.0124999999999997,constant_spread_bid_ask,0.0927,-1.0927,0.222883,-1.348547,1.335415,liquidity,bounded_sweep_reclaimed,"{""atr"": 0.000732500000000009, ""choch_override"": false, ""instrument"": ""GBPUSD"", ""penetration_atr"": 0.6621160409557171, ""r2"": null, ""regime"": ""bull"", ""respect_bounces"": 1, ""respect_breaks"": 0, ""respect_rated"": false, ""respect_resolved"": 1, ""respect_score"": 1.0, ""respect_sweeps"": 0, ""sessions"": [""london""], ""signal_bar_ts"": 1764835200, ""source_event_ts"": 1764835200, ""tide"": ""flat""}",GBPUSD,sweep_reclaim_bounce_v2:short,stress
sweep_reclaim_bounce_v2,sweep_reclaim_bounce_v2:GBPUSD:short:1765270800:liquidity:1.33512,short,1765274400,1765274400,1765278000,market_next_open,1.33455569681875,1.33562,1.3326399510924998,1.3326399510924998,TP,1,0.15200658904909628,0.0007974962632036222,0.041666666666666664,1.8,1.2025,2.0124999999999997,constant_spread_bid_ask,0.150784,1.649216,1.875989,-0.426218,1.33512,liquidity,bounded_sweep_reclaimed,"{""atr"": 0.00091642857142858, ""choch_override"": false, ""instrument"": ""GBPUSD"", ""penetration_atr"": 0.5455962587684461, ""r2"": null, ""regime"": ""range"", ""respect_bounces"": 2, ""respect_breaks"": 3, ""respect_rated"": true, ""respect_resolved"": 6, ""respect_score"": 0.4167, ""respect_sweeps"": 1, ""sessions"": [""london""], ""signal_bar_ts"": 1765270800, ""source_event_ts"": 1765270800, ""tide"": ""up""}",GBPUSD,sweep_reclaim_bounce_v2:short,stress
sweep_reclaim_bounce_v2,sweep_reclaim_bounce_v2:USDJPY:short:1765285200:liquidity:156.4315,short,1765288800,1765288800,1765288800,market_next_open,156.332187870625,156.5165,156.00042603775,156.5165,SL,1,0.06460284936066947,0.0011789774830473928,0.0,-1.0,1.2,1.575,constant_spread_bid_ask,0.101783,-1.101783,0.029179,-1.161829,156.4315,liquidity,bounded_sweep_reclaimed,"{""atr"": 0.19832142857142848, ""choch_override"": false, ""instrument"": ""USDJPY"", ""penetration_atr"": 0.42859715469119825, ""r2"": null, ""regime"": ""bull"", ""respect_bounces"": 4, ""respect_breaks"": 2, ""respect_rated"": true, ""respect_resolved"": 9, ""respect_score"": 0.6111, ""respect_sweeps"": 3, ""sessions"": [""london_ny_overlap"", ""london"", ""newyork""], ""signal_bar_ts"": 1765285200, ""source_event_ts"": 1765285200, ""tide"": ""flat""}",USDJPY,sweep_reclaim_bounce_v2:short,stress
sweep_reclaim_bounce_v2,sweep_reclaim_bounce_v2:USDJPY:short:1765976400:liquidity:155.598,short,1765980000,1765980000,1765980000,market_next_open,155.42425937562498,155.6385,155.03862625174997,155.6385,SL,1,0.06174633405345922,0.001378424611676856,0.0,-1.0,1.2,1.575,constant_spread_bid_ask,0.087056,-1.087056,0.273175,-1.029201,155.598,liquidity,bounded_sweep_reclaimed,"{""atr"": 0.19014285714286366, ""choch_override"": false, ""instrument"": ""USDJPY"", ""penetration_atr"": 0.21299774605548596, ""r2"": null, ""regime"": ""range"", ""respect_bounces"": 2, ""respect_breaks"": 2, ""respect_rated"": true, ""respect_resolved"": 4, ""respect_score"": 0.5, ""respect_sweeps"": 0, ""sessions"": [""london_ny_overlap"", ""london"", ""newyork""], ""signal_bar_ts"": 1765976400, ""source_event_ts"": 1765976400, ""tide"": ""flat""}",USDJPY,sweep_reclaim_bounce_v2:short,stress
sweep_reclaim_bounce_v2,sweep_reclaim_bounce_v2:USDJPY:short:1766052000:liquidity:155.9565,short,1766055600,1766055600,1766062800,market_next_open,155.848225985625,155.9745,155.62093275974996,155.62093275974996,TP,1,0.08846707952014068,0.0008102370981538204,0.08333333333333333,1.8,1.205,1.575,constant_spread_bid_ask,0.148722,1.651278,3.725952,-0.289442,155.9565,liquidity,bounded_sweep_reclaimed,"{""atr"": 0.14439285714285738, ""choch_override"": false, ""instrument"": ""USDJPY"", ""penetration_atr"": 0.12465990601039284, ""r2"": null, ""regime"": ""bull"", ""respect_bounces"": 1, ""respect_breaks"": 2, ""respect_rated"": true, ""respect_resolved"": 8, ""respect_score"": 0.4375, ""respect_sweeps"": 5, ""sessions"": [""london""], ""signal_bar_ts"": 1766052000, ""source_event_ts"": 1766052000, ""tide"": ""flat""}",USDJPY,sweep_reclaim_bounce_v2:short,stress
sweep_reclaim_bounce_v2,sweep_reclaim_bounce_v2:EURUSD:short:1769097600:liquidity:1.174315,short,1769101200,1769101200,1769112000,market_next_open,1.17378255734375,1.17507,1.1714651605624997,1.17507,SL,1,0.09183420986210676,0.0010968323291186046,0.125,-1.0,1.2075,1.575,constant_spread_bid_ask,0.11009,-1.11009,0.734171,-1.238887,1.174315,liquidity,bounded_sweep_reclaimed,"{""atr"": 0.001061071428571417, ""choch_override"": false, ""instrument"": ""EURUSD"", ""penetration_atr"": 0.7115449343655988, ""r2"": null, ""regime"": ""range"", ""respect_bounces"": 2, ""respect_breaks"": 0, ""respect_rated"": true, ""respect_resolved"": 3, ""respect_score"": 0.8333, ""respect_sweeps"": 1, ""sessions"": [""newyork""], ""signal_bar_ts"": 1769097600, ""source_event_ts"": 1769097600, ""tide"": ""up""}",EURUSD,sweep_reclaim_bounce_v2:short,stress
sweep_reclaim_bounce_v2,sweep_reclaim_bounce_v2:GBPUSD:short:1769151600:liquidity:1.350855,short,1769155200,1769155200,1769158800,market_next_open,1.349099233228125,1.35122,1.34528185303875,1.35122,SL,1,0.13090234515103208,0.0015719872338822943,0.041666666666666664,-1.0,1.2025,2.0124999999999997,constant_spread_bid_ask,0.076496,-1.076496,0.338824,-2.12044,1.350855,liquidity,bounded_sweep_reclaimed,"{""atr"": 0.0010753571428571299, ""choch_override"": false, ""instrument"": ""GBPUSD"", ""penetration_atr"": 0.33942211889753915, ""r2"": null, ""regime"": ""bull"", ""respect_bounces"": 1, ""respect_breaks"": 0, ""respect_rated"": false, ""respect_resolved"": 1, ""respect_score"": 1.0, ""respect_sweeps"": 0, ""sessions"": [""london""], ""signal_bar_ts"": 1769151600, ""source_event_ts"": 1769151600, ""tide"": ""flat""}",GBPUSD,sweep_reclaim_bounce_v2:short,stress
sweep_reclaim_bounce_v2,sweep_reclaim_bounce_v2:EURUSD:short:1769443200:liquidity:1.18978,short,1769446800,1769446800,1769515200,market_next_open,1.1884963985375,1.190705,1.1845209159050005,1.190705,SL,1,0.053103307366779096,0.001858315654315469,0.7916666666666666,-1.0,1.2475,1.575,constant_spread_bid_ask,0.067131,-1.067131,1.524982,-2.280894,1.18978,liquidity,bounded_sweep_reclaimed,"{""atr"": 0.0018567857142857136, ""choch_override"": false, ""instrument"": ""EURUSD"", ""penetration_atr"": 0.49817272552405467, ""r2"": null, ""regime"": ""bull"", ""respect_bounces"": 1, ""respect_breaks"": 0, ""respect_rated"": false, ""respect_resolved"": 1, ""respect_score"": 1.0, ""respect_sweeps"": 0, ""sessions"": [""newyork""], ""signal_bar_ts"": 1769443200, ""source_event_ts"": 1769443200, ""tide"": ""flat""}",EURUSD,sweep_reclaim_bounce_v2:short,stress
sweep_reclaim_bounce_v2,sweep_reclaim_bounce_v2:USDJPY:short:1769785200:liquidity:154.522,short,1769788800,1769788800,1769803200,market_next_open,154.210354978125,154.762,153.21739393874998,154.762,SL,1,0.04326782506421384,0.0035772242528931053,0.16666666666666666,-1.0,1.21,1.575,constant_spread_bid_ask,0.033825,-1.033825,0.06021,-1.052006,154.522,liquidity,bounded_sweep_reclaimed,"{""atr"": 0.29224999999999973, ""choch_override"": false, ""instrument"": ""USDJPY"", ""penetration_atr"": 0.8212147134303142, ""r2"": null, ""regime"": ""bull"", ""respect_bounces"": 1, ""respect_breaks"": 0, ""respect_rated"": true, ""respect_resolved"": 2, ""respect_score"": 0.75, ""respect_sweeps"": 1, ""sessions"": [""london_ny_overlap"", ""london"", ""newyork""], ""signal_bar_ts"": 1769785200, ""source_event_ts"": 1769785200, ""tide"": ""flat""}",USDJPY,sweep_reclaim_bounce_v2:short,stress
sweep_reclaim_bounce_v2,sweep_reclaim_bounce_v2:USDJPY:short:1770058800:liquidity:155.7385,short,1770062400,1770062400,1770109200,market_next_open,155.61574429499998,155.7885,155.30478402599996,155.7885,SL,1,0.051485060820830694,0.001110142844367484,0.5416666666666666,-1.0,1.2325,1.575,constant_spread_bid_ask,0.111022,-1.111022,1.745322,-1.589129,155.7385,liquidity,bounded_sweep_reclaimed,"{""atr"": 0.2671785714285692, ""choch_override"": false, ""instrument"": ""USDJPY"", ""penetration_atr"": 0.18714075658338858, ""r2"": null, ""regime"": ""bull"", ""respect_bounces"": 1, ""respect_breaks"": 0, ""respect_rated"": false, ""respect_resolved"": 1, ""respect_score"": 1.0, ""respect_sweeps"": 0, ""sessions"": [""newyork""], ""signal_bar_ts"": 1770058800, ""source_event_ts"": 1770058800, ""tide"": ""flat""}",USDJPY,sweep_reclaim_bounce_v2:short,stress
sweep_reclaim_bounce_v2,sweep_reclaim_bounce_v2:USDJPY:short:1770127200:liquidity:155.9855,short,1770130800,1770130800,1770166800,market_next_open,155.8537255525,156.0845,155.43833154700005,156.0845,SL,1,0.07665179005969976,0.0014807117807539663,0.4166666666666667,-1.0,1.225,1.575,constant_spread_bid_ask,0.08273,-1.08273,1.36054,-1.506121,155.9855,liquidity,bounded_sweep_reclaimed,"{""atr"": 0.17317857142856496, ""choch_override"": false, ""instrument"": ""USDJPY"", ""penetration_atr"": 0.5716642606722645, ""r2"": null, ""regime"": ""bull"", ""respect_bounces"": 1, ""respect_breaks"": 0, ""respect_rated"": false, ""respect_resolved"": 1, ""respect_score"": 1.0, ""respect_sweeps"": 0, ""sessions"": [""london_ny_overlap"", ""london"", ""newyork""], ""signal_bar_ts"": 1770127200, ""source_event_ts"": 1770127200, ""tide"": ""flat""}",USDJPY,sweep_reclaim_bounce_v2:short,stress
sweep_reclaim_bounce_v2,sweep_reclaim_bounce_v2:EURUSD:short:1770181200:failed_break,short,1770195600,1770195600,1770199200,market_next_open,1.1827818485937498,1.183805,1.1809401760624993,1.1809401760624993,TP,1,0.08362928789537336,0.000865038136547885,0.041666666666666664,1.8,1.2025,1.575,constant_spread_bid_ask,0.139011,1.660989,2.158904,-0.56818,1.1832,failed_break,bounded_sweep_reclaimed,"{""atr"": 0.0009942857142857411, ""choch_override"": false, ""instrument"": ""EURUSD"", ""penetration_atr"": 0.608477011494203, ""r2"": null, ""regime"": ""bear"", ""respect_bounces"": 1, ""respect_breaks"": 1, ""respect_rated"": true, ""respect_resolved"": 3, ""respect_score"": 0.5, ""respect_sweeps"": 1, ""sessions"": [""london""], ""signal_bar_ts"": 1770192000, ""source_event_ts"": 1770181200, ""tide"": ""flat""}",EURUSD,sweep_reclaim_bounce_v2:short,stress
sweep_reclaim_bounce_v2,sweep_reclaim_bounce_v2:EURUSD:short:1770627600:liquidity:1.18649,short,1770631200,1770631200,1770631200,market_next_open,1.186126585175,1.18699,1.18457243849,1.18699,SL,1,0.09882645392479467,0.000727928060791738,0.0,-1.0,1.2,1.575,constant_spread_bid_ask,0.164851,-1.164851,0.605996,-1.085097,1.18649,liquidity,bounded_sweep_reclaimed,"{""atr"": 0.0010464285714285276, ""choch_override"": false, ""instrument"": ""EURUSD"", ""penetration_atr"": 0.47781569965867043, ""r2"": null, ""regime"": ""bull"", ""respect_bounces"": 1, ""respect_breaks"": 0, ""respect_rated"": true, ""respect_resolved"": 3, ""respect_score"": 0.6667, ""respect_sweeps"": 2, ""sessions"": [""london""], ""signal_bar_ts"": 1770627600, ""source_event_ts"": 1770627600, ""tide"": ""flat""}",EURUSD,sweep_reclaim_bounce_v2:short,stress
sweep_reclaim_bounce_v2,sweep_reclaim_bounce_v2:EURUSD:short:1770649200:liquidity:1.19185,short,1770652800,1770652800,1770732000,market_next_open,1.1911311910312499,1.19267,1.1883613348874997,1.19267,SL,1,0.061982332937170564,0.0012918887359651518,0.9166666666666666,-1.0,1.255,1.575,constant_spread_bid_ask,0.097145,-1.097145,1.418349,-1.191017,1.19185,liquidity,bounded_sweep_reclaimed,"{""atr"": 0.0013521428571428176, ""choch_override"": false, ""instrument"": ""EURUSD"", ""penetration_atr"": 0.6064447966190083, ""r2"": null, ""regime"": ""bull"", ""respect_bounces"": 0, ""respect_breaks"": 1, ""respect_rated"": false, ""respect_resolved"": 1, ""respect_score"": 0.0, ""respect_sweeps"": 0, ""sessions"": [""london_ny_overlap"", ""london"", ""newyork""], ""signal_bar_ts"": 1770649200, ""source_event_ts"": 1770649200, ""tide"": ""flat""}",EURUSD,sweep_reclaim_bounce_v2:short,stress
sweep_reclaim_bounce_v2,sweep_reclaim_bounce_v2:GBPUSD:short:1770804000:failed_break,short,1770818400,1770818400,1771203600,market_next_open,1.364017731903125,1.3703041714285715,1.3527021407573214,1.36448728771875,TIME,1,0.1117988856421709,0.004608766717919009,4.458333333333333,-0.074693,1.4675,2.0124999999999997,constant_spread_bid_ask,0.031841,-0.106535,0.76768,-0.520937,1.37013,failed_break,bounded_sweep_reclaimed,"{""atr"": 0.0014514285714285321, ""choch_override"": false, ""instrument"": ""GBPUSD"", ""penetration_atr"": 0.7647637795275414, ""r2"": null, ""regime"": ""bull"", ""respect_bounces"": 2, ""respect_breaks"": 1, ""respect_rated"": true, ""respect_resolved"": 7, ""respect_score"": 0.5714, ""respect_sweeps"": 4, ""sessions"": [""london_ny_overlap"", ""london"", ""newyork""], ""signal_bar_ts"": 1770814800, ""source_event_ts"": 1770804000, ""tide"": ""flat""}",GBPUSD,sweep_reclaim_bounce_v2:short,stress
sweep_reclaim_bounce_v2,sweep_reclaim_bounce_v2:GBPUSD:short:1771232400:liquidity:1.366025,short,1771236000,1771236000,1771297200,market_next_open,1.3643227012125,1.36621,1.3609255633950004,1.3609255633950004,TP,1,0.15594941832517578,0.0013833228647610611,0.7083333333333334,1.8,1.2425,2.0124999999999997,constant_spread_bid_ask,0.08982,1.71018,1.892011,-0.529683,1.366025,liquidity,bounded_sweep_reclaimed,"{""atr"": 0.0010407142857143154, ""choch_override"": false, ""instrument"": ""GBPUSD"", ""penetration_atr"": 0.17776252573769677, ""r2"": null, ""regime"": ""range"", ""respect_bounces"": 2, ""respect_breaks"": 3, ""respect_rated"": true, ""respect_resolved"": 8, ""respect_score"": 0.4375, ""respect_sweeps"": 3, ""sessions"": [""london""], ""signal_bar_ts"": 1771232400, ""source_event_ts"": 1771232400, ""tide"": ""flat""}",GBPUSD,sweep_reclaim_bounce_v2:short,stress
sweep_reclaim_bounce_v2,sweep_reclaim_bounce_v2:USDJPY:short:1771340400:failed_break,short,1771347600,1771347600,1771408800,market_next_open,153.55690644125,153.8475,153.0338380355,153.8475,SL,1,0.0444076121751312,0.0018924160787335436,0.7083333333333334,-1.0,1.2425,1.575,constant_spread_bid_ask,0.065657,-1.065657,1.630635,-1.08299,153.7595,failed_break,bounded_sweep_reclaimed,"{""atr"": 0.2610714285714307, ""choch_override"": false, ""instrument"": ""USDJPY"", ""penetration_atr"": 0.6300957592339359, ""r2"": null, ""regime"": ""range"", ""respect_bounces"": 2, ""respect_breaks"": 1, ""respect_rated"": true, ""respect_resolved"": 3, ""respect_score"": 0.6667, ""respect_sweeps"": 0, ""sessions"": [""newyork""], ""signal_bar_ts"": 1771344000, ""source_event_ts"": 1771340400, ""tide"": ""flat""}",USDJPY,sweep_reclaim_bounce_v2:short,stress
sweep_reclaim_bounce_v2,sweep_reclaim_bounce_v2:USDJPY:short:1771477200:failed_break,short,1771491600,1771491600,1771509600,market_next_open,154.803308279375,155.28553571428571,153.93529889653567,155.28553571428571,SL,1,0.04832002619930034,0.0031150977344776487,0.20833333333333334,-1.0,1.2125,1.575,constant_spread_bid_ask,0.038923,-1.038923,0.513529,-1.024248,155.2565,failed_break,bounded_sweep_reclaimed,"{""atr"": 0.24196428571428694, ""choch_override"": false, ""instrument"": ""USDJPY"", ""penetration_atr"": 0.35542435424359325, ""r2"": null, ""regime"": ""bull"", ""respect_bounces"": 0, ""respect_breaks"": 0, ""respect_rated"": true, ""respect_resolved"": 2, ""respect_score"": 0.5, ""respect_sweeps"": 2, ""sessions"": [""london""], ""signal_bar_ts"": 1771488000, ""source_event_ts"": 1771477200, ""tide"": ""flat""}",USDJPY,sweep_reclaim_bounce_v2:short,stress
sweep_reclaim_bounce_v2,sweep_reclaim_bounce_v2:EURUSD:short:1772002800:liquidity:1.180645,short,1772006400,1772006400,1772017200,market_next_open,1.1796220974437501,1.180805,1.1774928728425003,1.1774928728425003,TP,1,0.12226902653877954,0.0010027809404497719,0.125,1.8,1.2075,1.575,constant_spread_bid_ask,0.120415,1.679585,2.049535,-0.398027,1.180645,liquidity,bounded_sweep_reclaimed,"{""atr"": 0.000800714285714234, ""choch_override"": false, ""instrument"": ""EURUSD"", ""penetration_atr"": 0.19982158786818777, ""r2"": null, ""regime"": ""range"", ""respect_bounces"": 1, ""respect_breaks"": 1, ""respect_rated"": true, ""respect_resolved"": 5, ""respect_score"": 0.5, ""respect_sweeps"": 3, ""sessions"": [""london""], ""signal_bar_ts"": 1772002800, ""source_event_ts"": 1772002800, ""tide"": ""flat""}",EURUSD,sweep_reclaim_bounce_v2:short,stress
sweep_reclaim_bounce_v2,sweep_reclaim_bounce_v2:EURUSD:short:1772038800:liquidity:1.180805,short,1772042400,1772042400,1772060400,market_next_open,1.1806570159375,1.181435,1.1792566446250001,1.181435,SL,1,0.06907794210696179,0.0006589416333431951,0.20833333333333334,-1.0,1.2125,1.575,constant_spread_bid_ask,0.184007,-1.184007,0.35228,-1.383111,1.180805,liquidity,bounded_sweep_reclaimed,"{""atr"": 0.0011289285714285446, ""choch_override"": false, ""instrument"": ""EURUSD"", ""penetration_atr"": 0.5580512496044876, ""r2"": null, ""regime"": ""range"", ""respect_bounces"": 3, ""respect_breaks"": 1, ""respect_rated"": true, ""respect_resolved"": 5, ""respect_score"": 0.7, ""respect_sweeps"": 1, ""sessions"": [""newyork""], ""signal_bar_ts"": 1772038800, ""source_event_ts"": 1772038800, ""tide"": ""flat""}",EURUSD,sweep_reclaim_bounce_v2:short,stress
sweep_reclaim_bounce_v2,sweep_reclaim_bounce_v2:EURUSD:short:1772211600:liquidity:1.182505,short,1772215200,1772215200,1772222400,market_next_open,1.1815769434875,1.18269,1.1795734417650001,1.18269,SL,1,0.06026385980812795,0.000942009336450553,0.08333333333333333,-1.0,1.205,1.575,constant_spread_bid_ask,0.127918,-1.127918,0.31798,-1.002812,1.182505,liquidity,bounded_sweep_reclaimed,"{""atr"": 0.001378214285714306, ""choch_override"": false, ""instrument"": ""EURUSD"", ""penetration_atr"": 0.1342316662348477, ""r2"": null, ""regime"": ""high_vol"", ""respect_bounces"": 1, ""respect_breaks"": 1, ""respect_rated"": true, ""respect_resolved"": 4, ""respect_score"": 0.5, ""respect_sweeps"": 2, ""sessions"": [""newyork""], ""signal_bar_ts"": 1772211600, ""source_event_ts"": 1772211600, ""tide"": ""flat""}",EURUSD,sweep_reclaim_bounce_v2:short,stress
sweep_reclaim_bounce_v2,sweep_reclaim_bounce_v2:GBPUSD:short:1772802000:liquidity:1.338705,short,1772805600,1772805600,1772812800,market_next_open,1.3337157813437501,1.338945,1.3243031877625002,1.338945,SL,1,0.07520757204314196,0.003920789368617474,0.08333333333333333,-1.0,1.205,2.0124999999999997,constant_spread_bid_ask,0.030734,-1.030734,0.202075,-1.412095,1.338705,liquidity,bounded_sweep_reclaimed,"{""atr"": 0.0017846428571428755, ""choch_override"": true, ""instrument"": ""GBPUSD"", ""penetration_atr"": 0.13448068841305652, ""r2"": null, ""regime"": ""range"", ""respect_bounces"": 2, ""respect_breaks"": 2, ""respect_rated"": true, ""respect_resolved"": 5, ""respect_score"": 0.5, ""respect_sweeps"": 1, ""sessions"": [""london_ny_overlap"", ""london"", ""newyork""], ""signal_bar_ts"": 1772802000, ""source_event_ts"": 1772802000, ""tide"": ""down""}",GBPUSD,sweep_reclaim_bounce_v2:short,stress
sweep_reclaim_bounce_v2,sweep_reclaim_bounce_v2:GBPUSD:short:1772812800:failed_break,short,1772823600,1772823600,1772830800,market_next_open,1.3385852913,1.340665,1.3348418156400002,1.340665,SL,1,0.0365020368525543,0.0015536617005407255,0.08333333333333333,-1.0,1.205,2.0124999999999997,constant_spread_bid_ask,0.077559,-1.077559,0.276802,-1.610671,1.338945,failed_break,bounded_sweep_reclaimed,"{""atr"": 0.002868571428571474, ""choch_override"": false, ""instrument"": ""GBPUSD"", ""penetration_atr"": 0.7041832669322287, ""r2"": null, ""regime"": ""range"", ""respect_bounces"": 2, ""respect_breaks"": 2, ""respect_rated"": true, ""respect_resolved"": 5, ""respect_score"": 0.5, ""respect_sweeps"": 1, ""sessions"": [""newyork""], ""signal_bar_ts"": 1772820000, ""source_event_ts"": 1772812800, ""tide"": ""flat""}",GBPUSD,sweep_reclaim_bounce_v2:short,stress
sweep_reclaim_bounce_v2,sweep_reclaim_bounce_v2:GBPUSD:short:1773129600:liquidity:1.34803,short,1773133200,1773133200,1773180000,market_next_open,1.3458345617687502,1.348345,1.3413157729525007,1.3413157729525007,TP,1,0.04906548903096356,0.001865339397994376,0.5416666666666666,1.8,1.2325,2.0124999999999997,constant_spread_bid_ask,0.066074,1.733926,1.856098,-0.958435,1.34803,liquidity,bounded_sweep_reclaimed,"{""atr"": 0.0021489285714286132, ""choch_override"": false, ""instrument"": ""GBPUSD"", ""penetration_atr"": 0.14658467674913475, ""r2"": null, ""regime"": ""bull"", ""respect_bounces"": 1, ""respect_breaks"": 0, ""respect_rated"": true, ""respect_resolved"": 2, ""respect_score"": 0.75, ""respect_sweeps"": 1, ""sessions"": [""london""], ""signal_bar_ts"": 1773129600, ""source_event_ts"": 1773129600, ""tide"": ""flat""}",GBPUSD,sweep_reclaim_bounce_v2:short,stress
sweep_reclaim_bounce_v2,sweep_reclaim_bounce_v2:EURUSD:short:1773162000:liquidity:1.166365,short,1773165600,1773165600,1773219600,market_next_open,1.16444329286875,1.16673,1.1603272200325,1.1603272200325,TP,1,0.03982939248161199,0.001963777150209199,0.625,1.8,1.2375,1.575,constant_spread_bid_ask,0.063016,1.736984,2.331746,-0.10645,1.166365,liquidity,bounded_sweep_reclaimed,"{""atr"": 0.001800357142857169, ""choch_override"": false, ""instrument"": ""EURUSD"", ""penetration_atr"": 0.20273755207296995, ""r2"": null, ""regime"": ""bull"", ""respect_bounces"": 1, ""respect_breaks"": 0, ""respect_rated"": false, ""respect_resolved"": 1, ""respect_score"": 1.0, ""respect_sweeps"": 0, ""sessions"": [""newyork""], ""signal_bar_ts"": 1773162000, ""source_event_ts"": 1773162000, ""tide"": ""flat""}",EURUSD,sweep_reclaim_bounce_v2:short,stress
sweep_reclaim_bounce_v2,sweep_reclaim_bounce_v2:EURUSD:short:1773684000:failed_break,short,1773691200,1773691200,1773727200,market_next_open,1.15068437646875,1.152495,1.1474252541124998,1.1474252541124998,TP,1,0.062154193503908474,0.001573518827818401,0.4166666666666667,1.8,1.225,1.575,constant_spread_bid_ask,0.077851,1.722149,2.203153,-0.254757,1.15157,failed_break,bounded_sweep_reclaimed,"{""atr"": 0.0019407142857142956, ""choch_override"": false, ""instrument"": ""EURUSD"", ""penetration_atr"": 0.47662863452340226, ""r2"": null, ""regime"": ""high_vol"", ""respect_bounces"": 1, ""respect_breaks"": 1, ""respect_rated"": true, ""respect_resolved"": 2, ""respect_score"": 0.5, ""respect_sweeps"": 0, ""sessions"": [""newyork""], ""signal_bar_ts"": 1773687600, ""source_event_ts"": 1773684000, ""tide"": ""flat""}",EURUSD,sweep_reclaim_bounce_v2:short,stress
sweep_reclaim_bounce_v2,sweep_reclaim_bounce_v2:GBPUSD:short:1773770400:liquidity:1.33601,short,1773774000,1773774000,1773774000,market_next_open,1.3355255992125001,1.336455,1.3338526777950004,1.336455,SL,1,0.04210634230439175,0.0006959063817629841,0.0,-1.0,1.2,2.0124999999999997,constant_spread_bid_ask,0.172437,-1.172437,0.221913,-1.128555,1.33601,liquidity,bounded_sweep_reclaimed,"{""atr"": 0.002123214285714286, ""choch_override"": false, ""instrument"": ""GBPUSD"", ""penetration_atr"": 0.2095878889823516, ""r2"": null, ""regime"": ""bull"", ""respect_bounces"": 4, ""respect_breaks"": 4, ""respect_rated"": true, ""respect_resolved"": 11, ""respect_score"": 0.5, ""respect_sweeps"": 3, ""sessions"": [""newyork""], ""signal_bar_ts"": 1773770400, ""source_event_ts"": 1773770400, ""tide"": ""flat""}",GBPUSD,sweep_reclaim_bounce_v2:short,stress
sweep_reclaim_bounce_v2,sweep_reclaim_bounce_v2:GBPUSD:short:1773932400:liquidity:1.337465,short,1773936000,1773936000,1773939600,market_next_open,1.335740577578125,1.33898,1.32990961721875,1.33898,SL,1,0.060372695707066756,0.002425188300971233,0.041666666666666664,-1.0,1.2025,2.0124999999999997,constant_spread_bid_ask,0.049584,-1.049584,0.07446,-1.676028,1.337465,liquidity,bounded_sweep_reclaimed,"{""atr"": 0.002474999999999989, ""choch_override"": false, ""instrument"": ""GBPUSD"", ""penetration_atr"": 0.6121212121212776, ""r2"": null, ""regime"": ""high_vol"", ""respect_bounces"": 3, ""respect_breaks"": 2, ""respect_rated"": true, ""respect_resolved"": 6, ""respect_score"": 0.5833, ""respect_sweeps"": 1, ""sessions"": [""london_ny_overlap"", ""london"", ""newyork""], ""signal_bar_ts"": 1773932400, ""source_event_ts"": 1773932400, ""tide"": ""flat""}",GBPUSD,sweep_reclaim_bounce_v2:short,stress
sweep_reclaim_bounce_v2,sweep_reclaim_bounce_v2:EURUSD:short:1774965600:liquidity:1.15326,short,1774969200,1774969200,1774972800,market_next_open,1.1519442772437498,1.154055,1.1481449762824993,1.154055,SL,1,0.04425111005598933,0.0018323132446133178,0.041666666666666664,-1.0,1.2025,1.575,constant_spread_bid_ask,0.065627,-1.065627,0.319143,-1.948032,1.15326,liquidity,bounded_sweep_reclaimed,"{""atr"": 0.0015982142857142723, ""choch_override"": false, ""instrument"": ""EURUSD"", ""penetration_atr"": 0.4974301675978329, ""r2"": null, ""regime"": ""high_vol"", ""respect_bounces"": 1, ""respect_breaks"": 2, ""respect_rated"": true, ""respect_resolved"": 5, ""respect_score"": 0.4, ""respect_sweeps"": 2, ""sessions"": [""london_ny_overlap"", ""london"", ""newyork""], ""signal_bar_ts"": 1774965600, ""source_event_ts"": 1774965600, ""tide"": ""flat""}",EURUSD,sweep_reclaim_bounce_v2:short,stress
sweep_reclaim_bounce_v2,sweep_reclaim_bounce_v2:EURUSD:short:1775484000:liquidity:1.15688,short,1775487600,1775487600,1775548800,market_next_open,1.1542190980875,1.157145,1.148952474645,1.157145,SL,1,0.06890565948163384,0.002534962311183552,0.7083333333333334,-1.0,1.2425,1.575,constant_spread_bid_ask,0.049015,-1.049015,0.585579,-1.178119,1.15688,liquidity,bounded_sweep_reclaimed,"{""atr"": 0.0013917857142857124, ""choch_override"": false, ""instrument"": ""EURUSD"", ""penetration_atr"": 0.1904028740057762, ""r2"": null, ""regime"": ""range"", ""respect_bounces"": 1, ""respect_breaks"": 2, ""respect_rated"": true, ""respect_resolved"": 5, ""respect_score"": 0.4, ""respect_sweeps"": 2, ""sessions"": [""london_ny_overlap"", ""london"", ""newyork""], ""signal_bar_ts"": 1775484000, ""source_event_ts"": 1775484000, ""tide"": ""flat""}",EURUSD,sweep_reclaim_bounce_v2:short,stress
sweep_reclaim_bounce_v2,sweep_reclaim_bounce_v2:GBPUSD:short:1775484000:liquidity:1.326085,short,1775487600,1775487600,1775548800,market_next_open,1.323721787090625,1.326855,1.3180820038537504,1.326855,SL,1,0.05721090448263376,0.002366972380398195,0.7083333333333334,-1.0,1.2425,2.0124999999999997,constant_spread_bid_ask,0.052493,-1.052493,0.772001,-1.57407,1.326085,liquidity,bounded_sweep_reclaimed,"{""atr"": 0.0016292857142856823, ""choch_override"": false, ""instrument"": ""GBPUSD"", ""penetration_atr"": 0.47259973695744567, ""r2"": null, ""regime"": ""range"", ""respect_bounces"": 1, ""respect_breaks"": 2, ""respect_rated"": true, ""respect_resolved"": 5, ""respect_score"": 0.4, ""respect_sweeps"": 2, ""sessions"": [""london_ny_overlap"", ""london"", ""newyork""], ""signal_bar_ts"": 1775484000, ""source_event_ts"": 1775484000, ""tide"": ""flat""}",GBPUSD,sweep_reclaim_bounce_v2:short,stress
sweep_reclaim_bounce_v2,sweep_reclaim_bounce_v2:EURUSD:short:1775548800:failed_break,short,1775566800,1775566800,1775570400,market_next_open,1.1559589610625,1.1572825285714288,1.1535765395464284,1.1572825285714288,SL,1,0.07507292770326446,0.0011449952407584997,0.041666666666666664,-1.0,1.2025,1.575,constant_spread_bid_ask,0.105022,-1.105022,0.206229,-1.886764,1.157145,failed_break,bounded_sweep_reclaimed,"{""atr"": 0.0011460714285714507, ""choch_override"": false, ""instrument"": ""EURUSD"", ""penetration_atr"": 0.3751947647241452, ""r2"": null, ""regime"": ""range"", ""respect_bounces"": 2, ""respect_breaks"": 0, ""respect_rated"": true, ""respect_resolved"": 6, ""respect_score"": 0.6667, ""respect_sweeps"": 4, ""sessions"": [""london_ny_overlap"", ""london"", ""newyork""], ""signal_bar_ts"": 1775563200, ""source_event_ts"": 1775548800, ""tide"": ""flat""}",EURUSD,sweep_reclaim_bounce_v2:short,stress
sweep_reclaim_bounce_v2,sweep_reclaim_bounce_v2:EURUSD:short:1775581200:failed_break,short,1775588400,1775588400,1775588400,market_next_open,1.1573788492375,1.15832,1.1556847778649997,1.15832,SL,1,0.07019135935575176,0.000813174323273806,0.0,-1.0,1.2,1.575,constant_spread_bid_ask,0.14757,-1.14757,0.0,-3.062755,1.157575,failed_break,bounded_sweep_reclaimed,"{""atr"": 0.001441071428571496, ""choch_override"": false, ""instrument"": ""EURUSD"", ""penetration_atr"": 0.5482032218091917, ""r2"": null, ""regime"": ""bull"", ""respect_bounces"": 2, ""respect_breaks"": 1, ""respect_rated"": true, ""respect_resolved"": 4, ""respect_score"": 0.625, ""respect_sweeps"": 1, ""sessions"": [""newyork""], ""signal_bar_ts"": 1775584800, ""source_event_ts"": 1775581200, ""tide"": ""flat""}",EURUSD,sweep_reclaim_bounce_v2:short,stress
sweep_reclaim_bounce_v2,sweep_reclaim_bounce_v2:EURUSD:short:1775649600:failed_break,short,1775660400,1775660400,1775671200,market_next_open,1.1693379073874999,1.1711297714285716,1.166112552113571,1.166112552113571,TP,1,0.03947221026224827,0.0015323748847542347,0.125,1.8,1.2075,1.575,constant_spread_bid_ask,0.078799,1.721201,2.369691,-0.225577,1.170865,failed_break,bounded_sweep_reclaimed,"{""atr"": 0.002206428571428593, ""choch_override"": false, ""instrument"": ""EURUSD"", ""penetration_atr"": 0.5937196503722477, ""r2"": null, ""regime"": ""high_vol"", ""respect_bounces"": 1, ""respect_breaks"": 0, ""respect_rated"": true, ""respect_resolved"": 2, ""respect_score"": 0.75, ""respect_sweeps"": 1, ""sessions"": [""london_ny_overlap"", ""london"", ""newyork""], ""signal_bar_ts"": 1775656800, ""source_event_ts"": 1775649600, ""tide"": ""flat""}",EURUSD,sweep_reclaim_bounce_v2:short,stress
sweep_reclaim_bounce_v2,sweep_reclaim_bounce_v2:USDJPY:short:1775746800:liquidity:159.2435,short,1775750400,1775750400,1775800800,market_next_open,158.85948883,159.298,158.070168724,159.298,SL,1,0.07395711733657465,0.002760371276715244,0.5833333333333334,-1.0,1.235,1.575,constant_spread_bid_ask,0.04474,-1.04474,0.488007,-1.204216,159.2435,liquidity,bounded_sweep_reclaimed,"{""atr"": 0.17592857142856896, ""choch_override"": false, ""instrument"": ""USDJPY"", ""penetration_atr"": 0.30978481526588464, ""r2"": null, ""regime"": ""range"", ""respect_bounces"": 0, ""respect_breaks"": 1, ""respect_rated"": false, ""respect_resolved"": 1, ""respect_score"": 0.0, ""respect_sweeps"": 0, ""sessions"": [""newyork""], ""signal_bar_ts"": 1775746800, ""source_event_ts"": 1775746800, ""tide"": ""flat""}",USDJPY,sweep_reclaim_bounce_v2:short,stress
sweep_reclaim_bounce_v2,sweep_reclaim_bounce_v2:USDJPY:short:1775808000:failed_break,short,1775818800,1775818800,1775822400,market_next_open,159.18996280312498,159.31317142857142,158.9681872773214,158.9681872773214,TP,1,0.08729986228820814,0.0007739723238632423,0.041666666666666664,1.8,1.2025,1.575,constant_spread_bid_ask,0.155367,1.644633,2.13823,-0.524131,159.298,failed_break,bounded_sweep_reclaimed,"{""atr"": 0.12642857142856606, ""choch_override"": false, ""instrument"": ""USDJPY"", ""penetration_atr"": 0.6090395480226103, ""r2"": null, ""regime"": ""bull"", ""respect_bounces"": 1, ""respect_breaks"": 1, ""respect_rated"": true, ""respect_resolved"": 3, ""respect_score"": 0.5, ""respect_sweeps"": 1, ""sessions"": [""london""], ""signal_bar_ts"": 1775815200, ""source_event_ts"": 1775808000, ""tide"": ""flat""}",USDJPY,sweep_reclaim_bounce_v2:short,stress
sweep_reclaim_bounce_v2,sweep_reclaim_bounce_v2:USDJPY:short:1779937200:failed_break,short,1779951600,1779951600,1779976800,market_next_open,159.47694020187498,159.60952285714285,159.23829142239282,159.23829142239282,TP,1,0.2177747582802196,0.0008313594122136847,0.2916666666666667,1.8,1.2175,1.575,constant_spread_bid_ask,0.146447,1.653553,2.111169,-0.464785,159.6015,failed_break,bounded_sweep_reclaimed,"{""atr"": 0.06685714285714336, ""choch_override"": true, ""instrument"": ""USDJPY"", ""penetration_atr"": 0.7702991452992041, ""r2"": null, ""regime"": ""bull"", ""respect_bounces"": 1, ""respect_breaks"": 0, ""respect_rated"": true, ""respect_resolved"": 2, ""respect_score"": 0.75, ""respect_sweeps"": 1, ""sessions"": [""london""], ""signal_bar_ts"": 1779948000, ""source_event_ts"": 1779937200, ""tide"": ""flat""}",USDJPY,sweep_reclaim_bounce_v2:short,stress
sweep_reclaim_bounce_v2,sweep_reclaim_bounce_v2:USDJPY:short:1780884000:failed_break,short,1780902000,1780902000,1780905600,market_next_open,160.250879249375,160.37042428571428,160.0356981839643,160.0356981839643,TP,1,0.12672680838226744,0.0007459867733595689,0.041666666666666664,1.8,1.2025,1.575,constant_spread_bid_ask,0.161196,1.638804,3.227159,-0.223695,160.358,failed_break,bounded_sweep_reclaimed,"{""atr"": 0.10353571428571026, ""choch_override"": false, ""instrument"": ""USDJPY"", ""penetration_atr"": 0.3477061055536659, ""r2"": null, ""regime"": ""bull"", ""respect_bounces"": 1, ""respect_breaks"": 0, ""respect_rated"": true, ""respect_resolved"": 2, ""respect_score"": 0.75, ""respect_sweeps"": 1, ""sessions"": [""london""], ""signal_bar_ts"": 1780898400, ""source_event_ts"": 1780884000, ""tide"": ""flat""}",USDJPY,sweep_reclaim_bounce_v2:short,stress
sweep_reclaim_bounce_v2,sweep_reclaim_bounce_v2:EURUSD:short:1781010000:liquidity:1.157505,short,1781013600,1781013600,1781020800,market_next_open,1.1565389153875,1.15781,1.1542509630850002,1.1542509630850002,TP,1,0.11117227892561199,0.0010990418010050607,0.08333333333333333,1.8,1.205,1.575,constant_spread_bid_ask,0.109641,1.690359,2.818953,-0.709808,1.157505,liquidity,bounded_sweep_reclaimed,"{""atr"": 0.0008642857142856984, ""choch_override"": false, ""instrument"": ""EURUSD"", ""penetration_atr"": 0.35289256198347724, ""r2"": null, ""regime"": ""range"", ""respect_bounces"": 1, ""respect_breaks"": 0, ""respect_rated"": false, ""respect_resolved"": 1, ""respect_score"": 1.0, ""respect_sweeps"": 0, ""sessions"": [""london_ny_overlap"", ""london"", ""newyork""], ""signal_bar_ts"": 1781010000, ""source_event_ts"": 1781010000, ""tide"": ""flat""}",EURUSD,sweep_reclaim_bounce_v2:short,stress
sweep_reclaim_bounce_v2,sweep_reclaim_bounce_v2:USDJPY:short:1781089200:failed_break,short,1781107200,1781107200,1781110800,market_next_open,160.46136267249997,160.53,160.33781548299993,160.53,SL,1,0.18054145153691545,0.00042774987297170046,0.041666666666666664,-1.0,1.2025,1.575,constant_spread_bid_ask,0.281122,-1.281122,0.076165,-1.351742,160.4775,failed_break,bounded_sweep_reclaimed,"{""atr"": 0.07553571428571663, ""choch_override"": false, ""instrument"": ""USDJPY"", ""penetration_atr"": 0.6950354609930066, ""r2"": null, ""regime"": ""bull"", ""respect_bounces"": 0, ""respect_breaks"": 1, ""respect_rated"": false, ""respect_resolved"": 1, ""respect_score"": 0.0, ""respect_sweeps"": 0, ""sessions"": [""newyork""], ""signal_bar_ts"": 1781103600, ""source_event_ts"": 1781089200, ""tide"": ""flat""}",USDJPY,sweep_reclaim_bounce_v2:short,stress
sweep_reclaim_bounce_v2,sweep_reclaim_bounce_v2:USDJPY:short:1781179200:liquidity:160.589,short,1781182800,1781182800,1781197200,market_next_open,160.520857986875,160.595,160.38740236325,160.38740236325,TP,1,0.24406056532637274,0.00046188398227388214,0.16666666666666666,1.8,1.21,1.575,constant_spread_bid_ask,0.261971,1.538029,6.423557,-0.691728,160.589,liquidity,bounded_sweep_reclaimed,"{""atr"": 0.04974999999999698, ""choch_override"": false, ""instrument"": ""USDJPY"", ""penetration_atr"": 0.12060301507538879, ""r2"": null, ""regime"": ""bull"", ""respect_bounces"": 2, ""respect_breaks"": 0, ""respect_rated"": true, ""respect_resolved"": 2, ""respect_score"": 1.0, ""respect_sweeps"": 0, ""sessions"": [""london_ny_overlap"", ""london"", ""newyork""], ""signal_bar_ts"": 1781179200, ""source_event_ts"": 1781179200, ""tide"": ""flat""}",USDJPY,sweep_reclaim_bounce_v2:short,stress
regime_range_reversion_v2,regime_range_reversion_v2:EURUSD:long:1731312000:horizontal:1.0684725,long,1731315600,1731315600,1731315600,limit,1.0685188714285714,1.0680667499999998,1.0718781862954119,1.0680667499999998,SL,1,0.1821195317313635,0.0004231291001599897,0.0,-1.0,0.5,0.9,constant_spread_bid_ask,0.118167,-1.118167,0.0,-3.896913,1.0684725,horizontal,frozen_range_edge_reclaim,"{""adx"": 20.798454603989427, ""atr"": 0.0011592857142857277, ""ci"": 51.2219587300217, ""instrument"": ""EURUSD"", ""range_regime"": ""flat"", ""range_votes"": 2, ""respect_bounces"": 2, ""respect_breaks"": 0, ""respect_rated"": true, ""respect_resolved"": 2, ""respect_score"": 1.0, ""respect_sweeps"": 0, ""sessions"": [""london""], ""signal_bar_ts"": 1731312000, ""structural_rr"": 7.43011645666546, ""vp"": 30.0, ""width_atr"": 2.666}",EURUSD,regime_range_reversion_v2:long,base
regime_range_reversion_v2,regime_range_reversion_v2:GBPUSD:long:1733842800:sloped:1.2737544,long,1733846400,1733846400,1733850000,limit,1.273808612183894,1.2732798836124655,1.2744971918062327,1.2744971918062327,TP_GAP,1,0.02315223527313667,0.0004150769325716215,0.041666666666666664,1.302331,0.501667,1.15,constant_spread_bid_ask,0.120861,1.18147,4.327377,-0.466868,1.2737543836124654,sloped,frozen_range_edge_reclaim,"{""adx"": 15.15957446808999, ""atr"": 0.0013557142857143014, ""ci"": 69.27641101411803, ""instrument"": ""GBPUSD"", ""range_regime"": ""flat"", ""range_votes"": 3, ""respect_rated"": false, ""sessions"": [""london_ny_overlap"", ""london"", ""newyork""], ""signal_bar_ts"": 1733842800, ""structural_rr"": 1.3023310249303826, ""vp"": 35.0, ""width_atr"": 2.425}",GBPUSD,regime_range_reversion_v2:long,base
regime_range_reversion_v2,regime_range_reversion_v2:EURUSD:long:1734526800:sloped:1.0488571,long,1734530400,1734530400,1734534000,limit,1.0488943654542158,1.0485313868827872,1.0500120684413936,1.0485313868827872,SL,1,0.3337592970819935,0.00034605827181781484,0.041666666666666664,-1.0,0.501667,0.9,constant_spread_bid_ask,0.144966,-1.144966,2.585249,-5.321198,1.0488571368827873,sloped,frozen_range_edge_reclaim,"{""adx"": 6.68080593849175, ""atr"": 0.0009307142857142926, ""ci"": 59.64260800488088, ""instrument"": ""EURUSD"", ""range_regime"": ""flat"", ""range_votes"": 3, ""respect_rated"": false, ""sessions"": [""london_ny_overlap"", ""london"", ""newyork""], ""signal_bar_ts"": 1734526800, ""structural_rr"": 3.0792533641284487, ""vp"": 5.0, ""width_atr"": 2.577}",EURUSD,regime_range_reversion_v2:long,base
regime_range_reversion_v2,regime_range_reversion_v2:EURUSD:long:1743429600:horizontal:1.0793392,long,1743433200,1743433200,1743436800,limit,1.0794048095238093,1.0787647916666665,1.0801829166666665,1.0787647916666665,SL,1,0.49064925643817964,0.0005929358953154933,0.041666666666666664,-1.0,0.501667,0.9,constant_spread_bid_ask,0.084607,-1.084607,3.361653,-1.450496,1.0793391666666665,horizontal,frozen_range_edge_reclaim,"{""adx"": 7.614213197963393, ""atr"": 0.0016410714285714897, ""ci"": 59.056145611045125, ""instrument"": ""EURUSD"", ""range_regime"": ""ascending"", ""range_votes"": 2, ""respect_bounces"": 2, ""respect_breaks"": 4, ""respect_rated"": true, ""respect_resolved"": 7, ""respect_score"": 0.3571, ""respect_sweeps"": 1, ""sessions"": [""london_ny_overlap"", ""london"", ""newyork""], ""signal_bar_ts"": 1743429600, ""structural_rr"": 1.21575848888155, ""vp"": 85.0, ""width_atr"": 2.072}",EURUSD,regime_range_reversion_v2:long,base
regime_range_reversion_v2,regime_range_reversion_v2:USDJPY:long:1743588000:sloped:149.35297,long,1743591600,1743591600,1743591600,limit,149.35993049645728,149.29211228217156,149.50411239108578,149.29211228217156,SL,1,0.27355639745247373,0.0004540589571801591,0.0,-1.0,0.5,0.9,constant_spread_bid_ask,0.110118,-1.110118,0.0,-2.553063,149.35297478217157,sloped,frozen_range_edge_reclaim,"{""adx"": 9.345794392527006, ""atr"": 0.17389285714285815, ""ci"": 52.50656711254208, ""instrument"": ""USDJPY"", ""range_regime"": ""flat"", ""range_votes"": 2, ""respect_rated"": false, ""sessions"": [""london""], ""signal_bar_ts"": 1743588000, ""structural_rr"": 2.126005471348081, ""vp"": 5.0, ""width_atr"": 2.08}",USDJPY,regime_range_reversion_v2:long,base
regime_range_reversion_v2,regime_range_reversion_v2:EURUSD:long:1748930400:sloped:1.1424466,long,1748934000,1748934000,1748934000,limit,1.1424962705222006,1.1420123919507719,1.1436345709753861,1.1420123919507719,SL,1,0.30928109897468997,0.00042352748443333165,0.0,-1.0,0.5,0.9,constant_spread_bid_ask,0.118056,-1.118056,0.0,-2.29941,1.142446641950772,sloped,frozen_range_edge_reclaim,"{""adx"": 20.984615384616376, ""atr"": 0.0012407142857142458, ""ci"": 53.03499899364687, ""instrument"": ""EURUSD"", ""range_regime"": ""ascending"", ""range_votes"": 2, ""respect_rated"": false, ""sessions"": [""london""], ""signal_bar_ts"": 1748930400, ""structural_rr"": 2.352450636167886, ""vp"": 5.0, ""width_atr"": 2.55}",EURUSD,regime_range_reversion_v2:long,base
regime_range_reversion_v2,regime_range_reversion_v2:EURUSD:long:1749189600:horizontal:1.143225,long,1749193200,1749193200,1749193200,limit,1.1432660000000001,1.1428662500000002,1.1440237500000001,1.1428662500000002,SL,1,0.28195121951218194,0.00034965616050850894,0.0,-1.0,0.5,0.9,constant_spread_bid_ask,0.142998,-1.142998,0.0,-2.90781,1.1432250000000002,horizontal,frozen_range_edge_reclaim,"{""adx"": 24.515393386550688, ""atr"": 0.0010249999999999901, ""ci"": 61.65129643064098, ""instrument"": ""EURUSD"", ""range_regime"": ""ascending"", ""range_votes"": 3, ""respect_bounces"": 2, ""respect_breaks"": 1, ""respect_rated"": true, ""respect_resolved"": 3, ""respect_score"": 0.6667, ""respect_sweeps"": 0, ""sessions"": [""london""], ""signal_bar_ts"": 1749189600, ""structural_rr"": 1.8955597248283957, ""vp"": 5.0, ""width_atr"": 4.294}",EURUSD,regime_range_reversion_v2:long,base
regime_range_reversion_v2,regime_range_reversion_v2:GBPUSD:long:1750410000:horizontal:1.3487675,long,1750413600,1750417200,1750420800,limit,1.3488258000000002,1.3482573750000002,1.3497000000000001,1.3497000000000001,TP,2,0.41111492281297923,0.00042142209913243313,0.041666666666666664,1.537934,0.501667,1.15,constant_spread_bid_ask,0.119041,1.418892,3.908185,-0.612819,1.3487675000000001,horizontal,frozen_range_edge_reclaim,"{""adx"": 12.042389210018689, ""atr"": 0.0014574999999999846, ""ci"": 53.47949748605764, ""instrument"": ""GBPUSD"", ""range_regime"": ""flat"", ""range_votes"": 2, ""respect_bounces"": 3, ""respect_breaks"": 3, ""respect_rated"": true, ""respect_resolved"": 6, ""respect_score"": 0.5, ""respect_sweeps"": 0, ""sessions"": [""london""], ""signal_bar_ts"": 1750410000, ""structural_rr"": 1.537933764348791, ""vp"": 10.0, ""width_atr"": 2.701}",GBPUSD,regime_range_reversion_v2:long,base
regime_range_reversion_v2,regime_range_reversion_v2:EURUSD:long:1754643600:horizontal:1.16366,long,1754647200,1754647200,1754647200,limit,1.1637197,1.1631376249999998,1.16519625,1.1631376249999998,SL,1,0.29500837520949647,0.0005001848812906328,0.0,-1.0,0.5,0.9,constant_spread_bid_ask,0.099963,-1.099963,0.0,-1.506731,1.16366,horizontal,frozen_range_edge_reclaim,"{""adx"": 4.573314474302946, ""atr"": 0.0014924999999999919, ""ci"": 47.28015616294792, ""instrument"": ""EURUSD"", ""range_regime"": ""ascending"", ""range_votes"": 2, ""respect_bounces"": 1, ""respect_breaks"": 1, ""respect_rated"": true, ""respect_resolved"": 3, ""respect_score"": 0.5, ""respect_sweeps"": 1, ""sessions"": [""london""], ""signal_bar_ts"": 1754643600, ""structural_rr"": 2.536700597001832, ""vp"": 35.0, ""width_atr"": 5.02}",EURUSD,regime_range_reversion_v2:long,base
regime_range_reversion_v2,regime_range_reversion_v2:GBPUSD:long:1754647200:sloped:1.3438421,long,1754650800,1754650800,1754654400,limit,1.3438877366365367,1.343442858065108,1.344577304032554,1.343442858065108,SL,1,0.26497727542179267,0.00033103849324650015,0.041666666666666664,-1.0,0.501667,1.15,constant_spread_bid_ask,0.151543,-1.151543,0.460741,-4.86625,1.3438421080651082,sloped,frozen_range_edge_reclaim,"{""adx"": 11.056511056507464, ""atr"": 0.0011407142857142727, ""ci"": 47.039527347178435, ""instrument"": ""GBPUSD"", ""range_regime"": ""ascending"", ""range_votes"": 2, ""respect_rated"": false, ""sessions"": [""london""], ""signal_bar_ts"": 1754647200, ""structural_rr"": 1.5500126108633638, ""vp"": 25.0, ""width_atr"": 3.219}",GBPUSD,regime_range_reversion_v2:long,base
regime_range_reversion_v2,regime_range_reversion_v2:GBPUSD:long:1754676000:sloped:1.3452465,long,1754679600,1754679600,1754679600,limit,1.345310590575365,1.3446854762896507,1.3474355120615258,1.3446854762896507,SL,1,0.006607310833854782,0.0004646616848879285,0.0,-1.0,0.5,1.15,constant_spread_bid_ask,0.107605,-1.107605,0.0,-1.7483,1.3452464762896508,sloped,frozen_range_edge_reclaim,"{""adx"": 23.6612702366191, ""atr"": 0.001602857142857128, ""ci"": 64.45780257443135, ""instrument"": ""GBPUSD"", ""range_regime"": ""ascending"", ""range_votes"": 2, ""respect_rated"": false, ""sessions"": [""newyork""], ""signal_bar_ts"": 1754676000, ""structural_rr"": 3.399252800202061, ""vp"": 55.0, ""width_atr"": 2.731}",GBPUSD,regime_range_reversion_v2:long,base
regime_range_reversion_v2,regime_range_reversion_v2:GBPUSD:long:1754899200:sloped:1.3461997,long,1754902800,1754902800,1754902800,limit,1.3462401612428112,1.3458452862428112,1.3488392403138847,1.3458452862428112,SL,1,0.21218642685309014,0.0002933169068700782,0.0,-1.0,0.5,1.15,constant_spread_bid_ask,0.170464,-1.170464,0.0,-3.982233,1.346199661242811,sloped,frozen_range_edge_reclaim,"{""adx"": 0.46583850931985404, ""atr"": 0.0010124999999999876, ""ci"": 47.75182156299032, ""instrument"": ""GBPUSD"", ""range_regime"": ""ascending"", ""range_votes"": 2, ""respect_rated"": false, ""sessions"": [""london""], ""signal_bar_ts"": 1754899200, ""structural_rr"": 6.582029936241531, ""vp"": 10.0, ""width_atr"": 5.214}",GBPUSD,regime_range_reversion_v2:long,base
regime_range_reversion_v2,regime_range_reversion_v2:USDJPY:long:1756371600:horizontal:147.1087,long,1756375200,1756375200,1756375200,limit,147.1163342857143,147.0419,147.206475,147.0419,SL,1,0.1239970059879383,0.0005059552773367165,0.0,-1.0,0.5,0.9,constant_spread_bid_ask,0.098823,-1.098823,0.0,-2.887717,147.1087,horizontal,frozen_range_edge_reclaim,"{""adx"": 11.492890995264334, ""atr"": 0.1908571428571467, ""ci"": 61.911245423907545, ""instrument"": ""USDJPY"", ""range_regime"": ""flat"", ""range_votes"": 2, ""respect_bounces"": 3, ""respect_breaks"": 3, ""respect_rated"": true, ""respect_resolved"": 11, ""respect_score"": 0.5, ""respect_sweeps"": 5, ""sessions"": [""london""], ""signal_bar_ts"": 1756371600, ""structural_rr"": 1.2110106709658242, ""vp"": 45.0, ""width_atr"": 2.324}",USDJPY,regime_range_reversion_v2:long,base
regime_range_reversion_v2,regime_range_reversion_v2:GBPUSD:long:1757491200:horizontal:1.35242,long,1757494800,1757505600,1757509200,limit,1.3524634714285717,1.3520396250000002,1.3536925000000002,1.3536925000000002,TP,4,0.2544462701279607,0.0003133884482098576,0.041666666666666664,2.899703,0.501667,1.15,constant_spread_bid_ask,0.160078,2.739624,7.640907,-0.474773,1.3524200000000002,horizontal,frozen_range_edge_reclaim,"{""adx"": 15.371329879106828, ""atr"": 0.0010867857142856968, ""ci"": 60.96043705202909, ""instrument"": ""GBPUSD"", ""range_regime"": ""ascending"", ""range_votes"": 3, ""respect_bounces"": 1, ""respect_breaks"": 2, ""respect_rated"": true, ""respect_resolved"": 5, ""respect_score"": 0.4, ""respect_sweeps"": 2, ""sessions"": [""london""], ""signal_bar_ts"": 1757491200, ""structural_rr"": 2.899702553990266, ""vp"": 15.0, ""width_atr"": 2.619}",GBPUSD,regime_range_reversion_v2:long,base
regime_range_reversion_v2,regime_range_reversion_v2:EURUSD:long:1758639600:horizontal:1.17937,long,1758643200,1758643200,1758646800,limit,1.1794273285714285,1.178868375,1.1802435343886462,1.1802435343886462,TP_GAP,1,0.280956890107147,0.0004739194674296484,0.041666666666666664,1.460239,0.501667,0.9,constant_spread_bid_ask,0.105855,1.354384,4.113922,-0.564253,1.17937,horizontal,frozen_range_edge_reclaim,"{""adx"": 12.121212121207067, ""atr"": 0.0014332142857142857, ""ci"": 60.35791634488916, ""instrument"": ""EURUSD"", ""range_regime"": ""flat"", ""range_votes"": 2, ""respect_bounces"": 1, ""respect_breaks"": 2, ""respect_rated"": true, ""respect_resolved"": 6, ""respect_score"": 0.4167, ""respect_sweeps"": 3, ""sessions"": [""newyork""], ""signal_bar_ts"": 1758639600, ""structural_rr"": 1.460239023308546, ""vp"": 65.0, ""width_atr"": 2.629}",EURUSD,regime_range_reversion_v2:long,base
regime_range_reversion_v2,regime_range_reversion_v2:EURUSD:long:1762844400:sloped:1.155766,long,1762848000,1762848000,1762848000,limit,1.1557949128245344,1.15551299853882,1.15652549926941,1.15551299853882,SL,1,0.2837174364147587,0.00024391376236940126,0.0,-1.0,0.5,0.9,constant_spread_bid_ask,0.20499,-1.20499,0.0,-1.372433,1.15576599853882,sloped,frozen_range_edge_reclaim,"{""adx"": 0.3374578177649454, ""atr"": 0.0007228571428571362, ""ci"": 54.52874821462188, ""instrument"": ""EURUSD"", ""range_regime"": ""ascending"", ""range_votes"": 2, ""respect_rated"": false, ""sessions"": [""london""], ""signal_bar_ts"": 1762844400, ""structural_rr"": 2.591519770004445, ""vp"": 15.0, ""width_atr"": 5.277}",EURUSD,regime_range_reversion_v2:long,base
regime_range_reversion_v2,regime_range_reversion_v2:USDJPY:long:1763024400:horizontal:154.49575,long,1763028000,1763028000,1763031600,limit,154.50255285714283,154.43622499999998,154.69225,154.69225,TP,1,0.14962620747595268,0.00042929942526050396,0.041666666666666664,2.859992,0.501667,0.9,constant_spread_bid_ask,0.116857,2.743135,3.866892,-0.36191,154.49575,horizontal,frozen_range_edge_reclaim,"{""adx"": 15.497690046200443, ""atr"": 0.17007142857143062, ""ci"": 58.87299669063126, ""instrument"": ""USDJPY"", ""range_regime"": ""ascending"", ""range_votes"": 2, ""respect_bounces"": 1, ""respect_breaks"": 0, ""respect_rated"": false, ""respect_resolved"": 1, ""respect_score"": 1.0, ""respect_sweeps"": 0, ""sessions"": [""london""], ""signal_bar_ts"": 1763024400, ""structural_rr"": 2.8599920309292455, ""vp"": 55.0, ""width_atr"": 2.138}",USDJPY,regime_range_reversion_v2:long,base
regime_range_reversion_v2,regime_range_reversion_v2:GBPUSD:long:1764241200:sloped:1.3227887,long,1764244800,1764244800,1764309600,limit,1.3228417132228822,1.3223252417943108,1.325515602018677,1.3223252417943108,SL,1,0.10442367204149144,0.0003904257201817278,0.75,-1.0,0.53,1.15,constant_spread_bid_ask,0.135749,-1.135749,4.999445,-2.609444,1.3227887417943107,sloped,frozen_range_edge_reclaim,"{""adx"": 12.359550561800113, ""atr"": 0.0013242857142856984, ""ci"": 43.64365046653591, ""instrument"": ""GBPUSD"", ""range_regime"": ""ascending"", ""range_votes"": 2, ""respect_rated"": false, ""sessions"": [""london""], ""signal_bar_ts"": 1764241200, ""structural_rr"": 5.177225007761734, ""vp"": 30.0, ""width_atr"": 4.118}",GBPUSD,regime_range_reversion_v2:long,base
regime_range_reversion_v2,regime_range_reversion_v2:EURUSD:long:1764669600:sloped:1.1606349,long,1764673200,1764673200,1764673200,limit,1.1606561905362207,1.160448654821935,1.1610407857443008,1.160448654821935,SL,1,0.025950670189439737,0.00017880894960788175,0.0,-1.0,0.5,0.9,constant_spread_bid_ask,0.279628,-1.279628,0.0,-1.67878,1.160634904821935,sloped,frozen_range_edge_reclaim,"{""adx"": 16.858237547902498, ""atr"": 0.0005321428571428223, ""ci"": 64.02893496517122, ""instrument"": ""EURUSD"", ""range_regime"": ""ascending"", ""range_votes"": 3, ""respect_rated"": false, ""sessions"": [""london""], ""signal_bar_ts"": 1764669600, ""structural_rr"": 1.8531519232911968, ""vp"": 0.0, ""width_atr"": 5.379}",EURUSD,regime_range_reversion_v2:long,base
regime_range_reversion_v2,regime_range_reversion_v2:GBPUSD:long:1764694800:sloped:1.3191872,long,1764698400,1764698400,1764702000,limit,1.3192445880522508,1.318685495195108,1.3205229975975539,1.3205229975975539,TP,1,0.11538451761280535,0.0004237977265218815,0.041666666666666664,2.286578,0.501667,1.15,constant_spread_bid_ask,0.118374,2.168204,3.603042,-0.44793,1.3191872451951079,sloped,frozen_range_edge_reclaim,"{""adx"": 46.497665110072674, ""atr"": 0.0014335714285714468, ""ci"": 60.08975691828917, ""instrument"": ""GBPUSD"", ""range_regime"": ""flat"", ""range_votes"": 2, ""respect_rated"": false, ""sessions"": [""newyork""], ""signal_bar_ts"": 1764694800, ""structural_rr"": 2.286578211419542, ""vp"": 30.0, ""width_atr"": 2.51}",GBPUSD,regime_range_reversion_v2:long,base
regime_range_reversion_v2,regime_range_reversion_v2:EURUSD:long:1764925200:horizontal:1.1653362,long,1764928800,1764928800,1764928800,limit,1.16536255,1.1651061249999999,1.166463125,1.1651061249999999,SL,1,0.13300380228151576,0.00022003881967900513,0.0,-1.0,0.5,0.9,constant_spread_bid_ask,0.227233,-1.227233,0.0,-2.437226,1.16533625,horizontal,frozen_range_edge_reclaim,"{""adx"": 10.196445275963029, ""atr"": 0.0006575000000000251, ""ci"": 41.54672583738047, ""instrument"": ""EURUSD"", ""range_regime"": ""ascending"", ""range_votes"": 2, ""respect_bounces"": 4, ""respect_breaks"": 1, ""respect_rated"": true, ""respect_resolved"": 6, ""respect_score"": 0.75, ""respect_sweeps"": 1, ""sessions"": [""london""], ""signal_bar_ts"": 1764925200, ""structural_rr"": 4.29199571024448, ""vp"": 5.0, ""width_atr"": 3.622}",EURUSD,regime_range_reversion_v2:long,base
regime_range_reversion_v2,regime_range_reversion_v2:EURUSD:long:1765278000:horizontal:1.1640633,long,1765281600,1765281600,1765281600,limit,1.1640939476190475,1.1637954583333332,1.1644715673400672,1.1637954583333332,SL,1,0.3476186032044545,0.0002564133988711191,0.0,-1.0,0.5,0.9,constant_spread_bid_ask,0.194998,-1.194998,0.0,-2.366257,1.1640633333333332,horizontal,frozen_range_edge_reclaim,"{""adx"": 13.42105263157329, ""atr"": 0.0007653571428571768, ""ci"": 57.25023818266102, ""instrument"": ""EURUSD"", ""range_regime"": ""flat"", ""range_votes"": 2, ""respect_bounces"": 2, ""respect_breaks"": 2, ""respect_rated"": true, ""respect_resolved"": 7, ""respect_score"": 0.5, ""respect_sweeps"": 3, ""sessions"": [""london""], ""signal_bar_ts"": 1765278000, ""structural_rr"": 1.2651031011582976, ""vp"": 20.0, ""width_atr"": 3.07}",EURUSD,regime_range_reversion_v2:long,base
regime_range_reversion_v2,regime_range_reversion_v2:GBPJPY:long:1766048400:horizontal:208.075,long,1766052000,1766055600,1766055600,limit,208.0828214285714,208.0065625,208.23503639378308,208.0065625,SL,2,0.35890410958910773,0.00036648353789062356,0.0,-1.0,0.5,1.55,constant_spread_bid_ask,0.136432,-1.136432,0.0,-1.526904,208.075,horizontal,frozen_range_edge_reclaim,"{""adx"": 15.715402658325997, ""atr"": 0.1955357142857151, ""ci"": 52.357276557742466, ""instrument"": ""GBPJPY"", ""range_regime"": ""ascending"", ""range_votes"": 2, ""respect_bounces"": 1, ""respect_breaks"": 3, ""respect_rated"": true, ""respect_resolved"": 7, ""respect_score"": 0.3571, ""respect_sweeps"": 3, ""sessions"": [""london""], ""signal_bar_ts"": 1766048400, ""structural_rr"": 1.9960281118969794, ""vp"": 5.0, ""width_atr"": 2.547}",GBPJPY,regime_range_reversion_v2:long,base
regime_range_reversion_v2,regime_range_reversion_v2:EURUSD:long:1769000400:sloped:1.1734241,long,1769004000,1769004000,1769004000,limit,1.1734711532883881,1.1730123461455308,1.1748104408217608,1.1730123461455308,SL,1,0.41553454538946616,0.0003909828900110442,0.0,-1.0,0.5,0.9,constant_spread_bid_ask,0.127883,-1.127883,0.0,-4.356671,1.173424096145531,sloped,frozen_range_edge_reclaim,"{""adx"": 11.88251001335226, ""atr"": 0.0011764285714285863, ""ci"": 59.28695152492196, ""instrument"": ""EURUSD"", ""range_regime"": ""ascending"", ""range_votes"": 2, ""respect_rated"": false, ""sessions"": [""london_ny_overlap"", ""london"", ""newyork""], ""signal_bar_ts"": 1769000400, ""structural_rr"": 2.919064260926806, ""vp"": 65.0, ""width_atr"": 2.357}",EURUSD,regime_range_reversion_v2:long,base
regime_range_reversion_v2,regime_range_reversion_v2:GBPUSD:long:1770793200:sloped:1.3670647,long,1770796800,1770796800,1770800400,limit,1.3671155713597507,1.3666191570740365,1.3685143285370183,1.3685143285370183,TP_GAP,1,0.24309769716547394,0.0003631106953309665,0.041666666666666664,2.817721,0.501667,1.15,constant_spread_bid_ask,0.138158,2.679563,5.470549,-0.572443,1.3670646570740363,sloped,frozen_range_edge_reclaim,"{""adx"": 14.975159687725407, ""atr"": 0.0012728571428571073, ""ci"": 51.151852663457504, ""instrument"": ""GBPUSD"", ""range_regime"": ""ascending"", ""range_votes"": 2, ""respect_rated"": false, ""sessions"": [""london""], ""signal_bar_ts"": 1770793200, ""structural_rr"": 2.817721442595189, ""vp"": 5.0, ""width_atr"": 3.63}",GBPUSD,regime_range_reversion_v2:long,base
regime_range_reversion_v2,regime_range_reversion_v2:EURUSD:long:1771257600:sloped:1.1851341,long,1771261200,1771261200,1771261200,limit,1.1851646199660628,1.1848673842517772,1.186034651306982,1.1848673842517772,SL,1,0.04642178773393083,0.00025079698573363487,0.0,-1.0,0.5,0.9,constant_spread_bid_ask,0.199364,-1.199364,0.0,-1.961166,1.1851341342517772,sloped,frozen_range_edge_reclaim,"{""adx"": 14.545454545451294, ""atr"": 0.0007621428571428224, ""ci"": 60.79051390548962, ""instrument"": ""EURUSD"", ""range_regime"": ""flat"", ""range_votes"": 3, ""respect_rated"": false, ""sessions"": [""newyork""], ""signal_bar_ts"": 1771257600, ""structural_rr"": 2.927075378576604, ""vp"": 10.0, ""width_atr"": 2.363}",EURUSD,regime_range_reversion_v2:long,base
regime_range_reversion_v2,regime_range_reversion_v2:GBPUSD:long:1773918000:sloped:1.3286344,long,1773921600,1773921600,1773921600,limit,1.3287049187065005,1.3280175437065005,1.3316350435935638,1.3280175437065005,SL,1,0.32061349985782656,0.000517327053074514,0.0,-1.0,0.5,1.15,constant_spread_bid_ask,0.096651,-1.096651,0.0,-1.180254,1.3286344187065005,sloped,frozen_range_edge_reclaim,"{""adx"": 17.169614984393018, ""atr"": 0.0017624999999999843, ""ci"": 58.96692223353453, ""instrument"": ""GBPUSD"", ""range_regime"": ""flat"", ""range_votes"": 2, ""respect_rated"": false, ""sessions"": [""london_ny_overlap"", ""london"", ""newyork""], ""signal_bar_ts"": 1773918000, ""structural_rr"": 4.2627748857072785, ""vp"": 50.0, ""width_atr"": 3.405}",GBPUSD,regime_range_reversion_v2:long,base
regime_range_reversion_v2,regime_range_reversion_v2:EURUSD:long:1775732400:sloped:1.1687007,long,1775736000,1775736000,1775736000,limit,1.1687388573400959,1.1683668251972388,1.1716803335339698,1.1683668251972388,SL,1,0.11126898080544896,0.0003183193067643703,0.0,-1.0,0.5,0.9,constant_spread_bid_ask,0.157075,-1.157075,0.0,-2.355747,1.1687007001972387,sloped,frozen_range_edge_reclaim,"{""adx"": 22.491349480960352, ""atr"": 0.0009539285714285402, ""ci"": 57.7379562118358, ""instrument"": ""EURUSD"", ""range_regime"": ""ascending"", ""range_votes"": 2, ""respect_rated"": false, ""sessions"": [""london_ny_overlap"", ""london"", ""newyork""], ""signal_bar_ts"": 1775732400, ""structural_rr"": 7.906510903290301, ""vp"": 25.0, ""width_atr"": 6.247}",EURUSD,regime_range_reversion_v2:long,base
regime_range_reversion_v2,regime_range_reversion_v2:GBPUSD:long:1781532000:sloped:1.3433941,long,1781535600,1781535600,1781535600,limit,1.3434446077170417,1.3429522327170418,1.3447795538585208,1.3429522327170418,SL,1,0.45971665976898113,0.0003665018990523077,0.0,-1.0,0.5,1.15,constant_spread_bid_ask,0.136425,-1.136425,0.0,-2.278336,1.3433941077170417,sloped,frozen_range_edge_reclaim,"{""adx"": 16.253776435041285, ""atr"": 0.0012625000000000552, ""ci"": 52.734120817617715, ""instrument"": ""GBPUSD"", ""range_regime"": ""ascending"", ""range_votes"": 2, ""respect_rated"": false, ""sessions"": [""london_ny_overlap"", ""london"", ""newyork""], ""signal_bar_ts"": 1781532000, ""structural_rr"": 2.711238672717826, ""vp"": 20.0, ""width_atr"": 2.689}",GBPUSD,regime_range_reversion_v2:long,base
regime_range_reversion_v2,regime_range_reversion_v2:EURUSD:long:1731312000:horizontal:1.0684725,long,1731315600,1731315600,1731315600,limit,1.0685188714285714,1.0680667499999998,1.0718781862954119,1.0680667499999998,SL,1,0.1821195317313635,0.0004231291001599897,0.0,-1.0,0.9,1.575,constant_spread_bid_ask,0.212701,-1.212701,0.0,-3.976547,1.0684725,horizontal,frozen_range_edge_reclaim,"{""adx"": 20.798454603989427, ""atr"": 0.0011592857142857277, ""ci"": 51.2219587300217, ""instrument"": ""EURUSD"", ""range_regime"": ""flat"", ""range_votes"": 2, ""respect_bounces"": 2, ""respect_breaks"": 0, ""respect_rated"": true, ""respect_resolved"": 2, ""respect_score"": 1.0, ""respect_sweeps"": 0, ""sessions"": [""london""], ""signal_bar_ts"": 1731312000, ""structural_rr"": 7.43011645666546, ""vp"": 30.0, ""width_atr"": 2.666}",EURUSD,regime_range_reversion_v2:long,stress
regime_range_reversion_v2,regime_range_reversion_v2:GBPUSD:long:1733842800:sloped:1.2737544,long,1733846400,1733846400,1733850000,limit,1.273808612183894,1.2732798836124655,1.2744971918062327,1.2744971918062327,TP_GAP,1,0.02315223527313667,0.0004150769325716215,0.041666666666666664,1.302331,0.9025,2.0124999999999997,constant_spread_bid_ask,0.21743,1.084901,4.223288,-0.57075,1.2737543836124654,sloped,frozen_range_edge_reclaim,"{""adx"": 15.15957446808999, ""atr"": 0.0013557142857143014, ""ci"": 69.27641101411803, ""instrument"": ""GBPUSD"", ""range_regime"": ""flat"", ""range_votes"": 3, ""respect_rated"": false, ""sessions"": [""london_ny_overlap"", ""london"", ""newyork""], ""signal_bar_ts"": 1733842800, ""structural_rr"": 1.3023310249303826, ""vp"": 35.0, ""width_atr"": 2.425}",GBPUSD,regime_range_reversion_v2:long,stress
regime_range_reversion_v2,regime_range_reversion_v2:EURUSD:long:1734526800:sloped:1.0488571,long,1734530400,1734530400,1734534000,limit,1.0488943654542158,1.0485313868827872,1.0500120684413936,1.0485313868827872,SL,1,0.3337592970819935,0.00034605827181781484,0.041666666666666664,-1.0,0.9025,1.575,constant_spread_bid_ask,0.260794,-1.260794,2.48763,-5.41855,1.0488571368827873,sloped,frozen_range_edge_reclaim,"{""adx"": 6.68080593849175, ""atr"": 0.0009307142857142926, ""ci"": 59.64260800488088, ""instrument"": ""EURUSD"", ""range_regime"": ""flat"", ""range_votes"": 3, ""respect_rated"": false, ""sessions"": [""london_ny_overlap"", ""london"", ""newyork""], ""signal_bar_ts"": 1734526800, ""structural_rr"": 3.0792533641284487, ""vp"": 5.0, ""width_atr"": 2.577}",EURUSD,regime_range_reversion_v2:long,stress
regime_range_reversion_v2,regime_range_reversion_v2:EURUSD:long:1743429600:horizontal:1.0793392,long,1743433200,1743433200,1743436800,limit,1.0794048095238093,1.0787647916666665,1.0801829166666665,1.0787647916666665,SL,1,0.49064925643817964,0.0005929358953154933,0.041666666666666664,-1.0,0.9025,1.575,constant_spread_bid_ask,0.152209,-1.152209,3.304617,-1.507369,1.0793391666666665,horizontal,frozen_range_edge_reclaim,"{""adx"": 7.614213197963393, ""atr"": 0.0016410714285714897, ""ci"": 59.056145611045125, ""instrument"": ""EURUSD"", ""range_regime"": ""ascending"", ""range_votes"": 2, ""respect_bounces"": 2, ""respect_breaks"": 4, ""respect_rated"": true, ""respect_resolved"": 7, ""respect_score"": 0.3571, ""respect_sweeps"": 1, ""sessions"": [""london_ny_overlap"", ""london"", ""newyork""], ""signal_bar_ts"": 1743429600, ""structural_rr"": 1.21575848888155, ""vp"": 85.0, ""width_atr"": 2.072}",EURUSD,regime_range_reversion_v2:long,stress
regime_range_reversion_v2,regime_range_reversion_v2:USDJPY:long:1743588000:sloped:149.35297,long,1743591600,1743591600,1743591600,limit,149.35993049645728,149.29211228217156,149.50411239108578,149.29211228217156,SL,1,0.27355639745247373,0.0004540589571801591,0.0,-1.0,0.9,1.575,constant_spread_bid_ask,0.198212,-1.198212,0.0,-2.62731,149.35297478217157,sloped,frozen_range_edge_reclaim,"{""adx"": 9.345794392527006, ""atr"": 0.17389285714285815, ""ci"": 52.50656711254208, ""instrument"": ""USDJPY"", ""range_regime"": ""flat"", ""range_votes"": 2, ""respect_rated"": false, ""sessions"": [""london""], ""signal_bar_ts"": 1743588000, ""structural_rr"": 2.126005471348081, ""vp"": 5.0, ""width_atr"": 2.08}",USDJPY,regime_range_reversion_v2:long,stress
regime_range_reversion_v2,regime_range_reversion_v2:EURUSD:long:1748930400:sloped:1.1424466,long,1748934000,1748934000,1748934000,limit,1.1424962705222006,1.1420123919507719,1.1436345709753861,1.1420123919507719,SL,1,0.30928109897468997,0.00042352748443333165,0.0,-1.0,0.9,1.575,constant_spread_bid_ask,0.212501,-1.212501,0.0,-2.379024,1.142446641950772,sloped,frozen_range_edge_reclaim,"{""adx"": 20.984615384616376, ""atr"": 0.0012407142857142458, ""ci"": 53.03499899364687, ""instrument"": ""EURUSD"", ""range_regime"": ""ascending"", ""range_votes"": 2, ""respect_rated"": false, ""sessions"": [""london""], ""signal_bar_ts"": 1748930400, ""structural_rr"": 2.352450636167886, ""vp"": 5.0, ""width_atr"": 2.55}",EURUSD,regime_range_reversion_v2:long,stress
regime_range_reversion_v2,regime_range_reversion_v2:EURUSD:long:1749189600:horizontal:1.143225,long,1749193200,1749193200,1749193200,limit,1.1432660000000001,1.1428662500000002,1.1440237500000001,1.1428662500000002,SL,1,0.28195121951218194,0.00034965616050850894,0.0,-1.0,0.9,1.575,constant_spread_bid_ask,0.257396,-1.257396,0.0,-3.004239,1.1432250000000002,horizontal,frozen_range_edge_reclaim,"{""adx"": 24.515393386550688, ""atr"": 0.0010249999999999901, ""ci"": 61.65129643064098, ""instrument"": ""EURUSD"", ""range_regime"": ""ascending"", ""range_votes"": 3, ""respect_bounces"": 2, ""respect_breaks"": 1, ""respect_rated"": true, ""respect_resolved"": 3, ""respect_score"": 0.6667, ""respect_sweeps"": 0, ""sessions"": [""london""], ""signal_bar_ts"": 1749189600, ""structural_rr"": 1.8955597248283957, ""vp"": 5.0, ""width_atr"": 4.294}",EURUSD,regime_range_reversion_v2:long,stress
regime_range_reversion_v2,regime_range_reversion_v2:GBPUSD:long:1750410000:horizontal:1.3487675,long,1750413600,1750417200,1750420800,limit,1.3488258000000002,1.3482573750000002,1.3497000000000001,1.3497000000000001,TP,2,0.41111492281297923,0.00042142209913243313,0.041666666666666664,1.537934,0.9025,2.0124999999999997,constant_spread_bid_ask,0.214156,1.323778,3.805679,-0.715131,1.3487675000000001,horizontal,frozen_range_edge_reclaim,"{""adx"": 12.042389210018689, ""atr"": 0.0014574999999999846, ""ci"": 53.47949748605764, ""instrument"": ""GBPUSD"", ""range_regime"": ""flat"", ""range_votes"": 2, ""respect_bounces"": 3, ""respect_breaks"": 3, ""respect_rated"": true, ""respect_resolved"": 6, ""respect_score"": 0.5, ""respect_sweeps"": 0, ""sessions"": [""london""], ""signal_bar_ts"": 1750410000, ""structural_rr"": 1.537933764348791, ""vp"": 10.0, ""width_atr"": 2.701}",GBPUSD,regime_range_reversion_v2:long,stress
regime_range_reversion_v2,regime_range_reversion_v2:EURUSD:long:1754643600:horizontal:1.16366,long,1754647200,1754647200,1754647200,limit,1.1637197,1.1631376249999998,1.16519625,1.1631376249999998,SL,1,0.29500837520949647,0.0005001848812906328,0.0,-1.0,0.9,1.575,constant_spread_bid_ask,0.179933,-1.179933,0.0,-1.574158,1.16366,horizontal,frozen_range_edge_reclaim,"{""adx"": 4.573314474302946, ""atr"": 0.0014924999999999919, ""ci"": 47.28015616294792, ""instrument"": ""EURUSD"", ""range_regime"": ""ascending"", ""range_votes"": 2, ""respect_bounces"": 1, ""respect_breaks"": 1, ""respect_rated"": true, ""respect_resolved"": 3, ""respect_score"": 0.5, ""respect_sweeps"": 1, ""sessions"": [""london""], ""signal_bar_ts"": 1754643600, ""structural_rr"": 2.536700597001832, ""vp"": 35.0, ""width_atr"": 5.02}",EURUSD,regime_range_reversion_v2:long,stress
regime_range_reversion_v2,regime_range_reversion_v2:GBPUSD:long:1754647200:sloped:1.3438421,long,1754650800,1754650800,1754654400,limit,1.3438877366365367,1.343442858065108,1.344577304032554,1.343442858065108,SL,1,0.26497727542179267,0.00033103849324650015,0.041666666666666664,-1.0,0.9025,2.0124999999999997,constant_spread_bid_ask,0.272627,-1.272627,0.330441,-4.996319,1.3438421080651082,sloped,frozen_range_edge_reclaim,"{""adx"": 11.056511056507464, ""atr"": 0.0011407142857142727, ""ci"": 47.039527347178435, ""instrument"": ""GBPUSD"", ""range_regime"": ""ascending"", ""range_votes"": 2, ""respect_rated"": false, ""sessions"": [""london""], ""signal_bar_ts"": 1754647200, ""structural_rr"": 1.5500126108633638, ""vp"": 25.0, ""width_atr"": 3.219}",GBPUSD,regime_range_reversion_v2:long,stress
regime_range_reversion_v2,regime_range_reversion_v2:GBPUSD:long:1754676000:sloped:1.3452465,long,1754679600,1754679600,1754679600,limit,1.345310590575365,1.3446854762896507,1.3474355120615258,1.3446854762896507,SL,1,0.006607310833854782,0.0004646616848879285,0.0,-1.0,0.9,2.0124999999999997,constant_spread_bid_ask,0.193689,-1.193689,0.0,-1.84104,1.3452464762896508,sloped,frozen_range_edge_reclaim,"{""adx"": 23.6612702366191, ""atr"": 0.001602857142857128, ""ci"": 64.45780257443135, ""instrument"": ""GBPUSD"", ""range_regime"": ""ascending"", ""range_votes"": 2, ""respect_rated"": false, ""sessions"": [""newyork""], ""signal_bar_ts"": 1754676000, ""structural_rr"": 3.399252800202061, ""vp"": 55.0, ""width_atr"": 2.731}",GBPUSD,regime_range_reversion_v2:long,stress
regime_range_reversion_v2,regime_range_reversion_v2:GBPUSD:long:1754899200:sloped:1.3461997,long,1754902800,1754902800,1754902800,limit,1.3462401612428112,1.3458452862428112,1.3488392403138847,1.3458452862428112,SL,1,0.21218642685309014,0.0002933169068700782,0.0,-1.0,0.9,2.0124999999999997,constant_spread_bid_ask,0.306835,-1.306835,0.0,-4.129095,1.346199661242811,sloped,frozen_range_edge_reclaim,"{""adx"": 0.46583850931985404, ""atr"": 0.0010124999999999876, ""ci"": 47.75182156299032, ""instrument"": ""GBPUSD"", ""range_regime"": ""ascending"", ""range_votes"": 2, ""respect_rated"": false, ""sessions"": [""london""], ""signal_bar_ts"": 1754899200, ""structural_rr"": 6.582029936241531, ""vp"": 10.0, ""width_atr"": 5.214}",GBPUSD,regime_range_reversion_v2:long,stress
regime_range_reversion_v2,regime_range_reversion_v2:USDJPY:long:1756371600:horizontal:147.1087,long,1756375200,1756375200,1756375200,limit,147.1163342857143,147.0419,147.206475,147.0419,SL,1,0.1239970059879383,0.0005059552773367165,0.0,-1.0,0.9,1.575,constant_spread_bid_ask,0.177881,-1.177881,0.0,-2.954328,147.1087,horizontal,frozen_range_edge_reclaim,"{""adx"": 11.492890995264334, ""atr"": 0.1908571428571467, ""ci"": 61.911245423907545, ""instrument"": ""USDJPY"", ""range_regime"": ""flat"", ""range_votes"": 2, ""respect_bounces"": 3, ""respect_breaks"": 3, ""respect_rated"": true, ""respect_resolved"": 11, ""respect_score"": 0.5, ""respect_sweeps"": 5, ""sessions"": [""london""], ""signal_bar_ts"": 1756371600, ""structural_rr"": 1.2110106709658242, ""vp"": 45.0, ""width_atr"": 2.324}",USDJPY,regime_range_reversion_v2:long,stress
regime_range_reversion_v2,regime_range_reversion_v2:EURUSD:long:1758639600:horizontal:1.17937,long,1758643200,1758643200,1758646800,limit,1.1794273285714285,1.178868375,1.1802435343886462,1.1802435343886462,TP_GAP,1,0.280956890107147,0.0004739194674296484,0.041666666666666664,1.460239,0.9025,1.575,constant_spread_bid_ask,0.190433,1.269806,4.042565,-0.635451,1.17937,horizontal,frozen_range_edge_reclaim,"{""adx"": 12.121212121207067, ""atr"": 0.0014332142857142857, ""ci"": 60.35791634488916, ""instrument"": ""EURUSD"", ""range_regime"": ""flat"", ""range_votes"": 2, ""respect_bounces"": 1, ""respect_breaks"": 2, ""respect_rated"": true, ""respect_resolved"": 6, ""respect_score"": 0.4167, ""respect_sweeps"": 3, ""sessions"": [""newyork""], ""signal_bar_ts"": 1758639600, ""structural_rr"": 1.460239023308546, ""vp"": 65.0, ""width_atr"": 2.629}",EURUSD,regime_range_reversion_v2:long,stress
regime_range_reversion_v2,regime_range_reversion_v2:EURUSD:long:1762844400:sloped:1.155766,long,1762848000,1762848000,1762848000,limit,1.1557949128245344,1.15551299853882,1.15652549926941,1.15551299853882,SL,1,0.2837174364147587,0.00024391376236940126,0.0,-1.0,0.9,1.575,constant_spread_bid_ask,0.368983,-1.368983,0.0,-1.510762,1.15576599853882,sloped,frozen_range_edge_reclaim,"{""adx"": 0.3374578177649454, ""atr"": 0.0007228571428571362, ""ci"": 54.52874821462188, ""instrument"": ""EURUSD"", ""range_regime"": ""ascending"", ""range_votes"": 2, ""respect_rated"": false, ""sessions"": [""london""], ""signal_bar_ts"": 1762844400, ""structural_rr"": 2.591519770004445, ""vp"": 15.0, ""width_atr"": 5.277}",EURUSD,regime_range_reversion_v2:long,stress
regime_range_reversion_v2,regime_range_reversion_v2:USDJPY:long:1763024400:horizontal:154.49575,long,1763028000,1763028000,1763031600,limit,154.50255285714283,154.43622499999998,154.69225,154.69225,TP,1,0.14962620747595268,0.00042929942526050396,0.041666666666666664,2.859992,0.9025,1.575,constant_spread_bid_ask,0.210226,2.649766,3.788142,-0.440518,154.49575,horizontal,frozen_range_edge_reclaim,"{""adx"": 15.497690046200443, ""atr"": 0.17007142857143062, ""ci"": 58.87299669063126, ""instrument"": ""USDJPY"", ""range_regime"": ""ascending"", ""range_votes"": 2, ""respect_bounces"": 1, ""respect_breaks"": 0, ""respect_rated"": false, ""respect_resolved"": 1, ""respect_score"": 1.0, ""respect_sweeps"": 0, ""sessions"": [""london""], ""signal_bar_ts"": 1763024400, ""structural_rr"": 2.8599920309292455, ""vp"": 55.0, ""width_atr"": 2.138}",USDJPY,regime_range_reversion_v2:long,stress
regime_range_reversion_v2,regime_range_reversion_v2:GBPUSD:long:1764241200:sloped:1.3227887,long,1764244800,1764244800,1764309600,limit,1.3228417132228822,1.3223252417943108,1.325515602018677,1.3223252417943108,SL,1,0.10442367204149144,0.0003904257201817278,0.75,-1.0,0.945,2.0124999999999997,constant_spread_bid_ask,0.242043,-1.242043,4.888767,-2.719795,1.3227887417943107,sloped,frozen_range_edge_reclaim,"{""adx"": 12.359550561800113, ""atr"": 0.0013242857142856984, ""ci"": 43.64365046653591, ""instrument"": ""GBPUSD"", ""range_regime"": ""ascending"", ""range_votes"": 2, ""respect_rated"": false, ""sessions"": [""london""], ""signal_bar_ts"": 1764241200, ""structural_rr"": 5.177225007761734, ""vp"": 30.0, ""width_atr"": 4.118}",GBPUSD,regime_range_reversion_v2:long,stress
regime_range_reversion_v2,regime_range_reversion_v2:EURUSD:long:1764669600:sloped:1.1606349,long,1764673200,1764673200,1764673200,limit,1.1606561905362207,1.160448654821935,1.1610407857443008,1.160448654821935,SL,1,0.025950670189439737,0.00017880894960788175,0.0,-1.0,0.9,1.575,constant_spread_bid_ask,0.503331,-1.503331,0.0,-1.86748,1.160634904821935,sloped,frozen_range_edge_reclaim,"{""adx"": 16.858237547902498, ""atr"": 0.0005321428571428223, ""ci"": 64.02893496517122, ""instrument"": ""EURUSD"", ""range_regime"": ""ascending"", ""range_votes"": 3, ""respect_rated"": false, ""sessions"": [""london""], ""signal_bar_ts"": 1764669600, ""structural_rr"": 1.8531519232911968, ""vp"": 0.0, ""width_atr"": 5.379}",EURUSD,regime_range_reversion_v2:long,stress
regime_range_reversion_v2,regime_range_reversion_v2:GBPUSD:long:1764694800:sloped:1.3191872,long,1764698400,1764698400,1764702000,limit,1.3192445880522508,1.318685495195108,1.3205229975975539,1.3205229975975539,TP,1,0.11538451761280535,0.0004237977265218815,0.041666666666666664,2.286578,0.9025,2.0124999999999997,constant_spread_bid_ask,0.212955,2.073623,3.501123,-0.549675,1.3191872451951079,sloped,frozen_range_edge_reclaim,"{""adx"": 46.497665110072674, ""atr"": 0.0014335714285714468, ""ci"": 60.08975691828917, ""instrument"": ""GBPUSD"", ""range_regime"": ""flat"", ""range_votes"": 2, ""respect_rated"": false, ""sessions"": [""newyork""], ""signal_bar_ts"": 1764694800, ""structural_rr"": 2.286578211419542, ""vp"": 30.0, ""width_atr"": 2.51}",GBPUSD,regime_range_reversion_v2:long,stress
regime_range_reversion_v2,regime_range_reversion_v2:EURUSD:long:1764925200:horizontal:1.1653362,long,1764928800,1764928800,1764928800,limit,1.16536255,1.1651061249999999,1.166463125,1.1651061249999999,SL,1,0.13300380228151576,0.00022003881967900513,0.0,-1.0,0.9,1.575,constant_spread_bid_ask,0.409019,-1.409019,0.0,-2.590532,1.16533625,horizontal,frozen_range_edge_reclaim,"{""adx"": 10.196445275963029, ""atr"": 0.0006575000000000251, ""ci"": 41.54672583738047, ""instrument"": ""EURUSD"", ""range_regime"": ""ascending"", ""range_votes"": 2, ""respect_bounces"": 4, ""respect_breaks"": 1, ""respect_rated"": true, ""respect_resolved"": 6, ""respect_score"": 0.75, ""respect_sweeps"": 1, ""sessions"": [""london""], ""signal_bar_ts"": 1764925200, ""structural_rr"": 4.29199571024448, ""vp"": 5.0, ""width_atr"": 3.622}",EURUSD,regime_range_reversion_v2:long,stress
regime_range_reversion_v2,regime_range_reversion_v2:EURUSD:long:1765278000:horizontal:1.1640633,long,1765281600,1765281600,1765281600,limit,1.1640939476190475,1.1637954583333332,1.1644715673400672,1.1637954583333332,SL,1,0.3476186032044545,0.0002564133988711191,0.0,-1.0,0.9,1.575,constant_spread_bid_ask,0.350996,-1.350996,0.0,-2.497807,1.1640633333333332,horizontal,frozen_range_edge_reclaim,"{""adx"": 13.42105263157329, ""atr"": 0.0007653571428571768, ""ci"": 57.25023818266102, ""instrument"": ""EURUSD"", ""range_regime"": ""flat"", ""range_votes"": 2, ""respect_bounces"": 2, ""respect_breaks"": 2, ""respect_rated"": true, ""respect_resolved"": 7, ""respect_score"": 0.5, ""respect_sweeps"": 3, ""sessions"": [""london""], ""signal_bar_ts"": 1765278000, ""structural_rr"": 1.2651031011582976, ""vp"": 20.0, ""width_atr"": 3.07}",EURUSD,regime_range_reversion_v2:long,stress
regime_range_reversion_v2,regime_range_reversion_v2:GBPJPY:long:1766048400:horizontal:208.075,long,1766052000,1766055600,1766055600,limit,208.0828214285714,208.0065625,208.23503639378308,208.0065625,SL,2,0.35890410958910773,0.00036648353789062356,0.0,-1.0,0.9,2.7125,constant_spread_bid_ask,0.245577,-1.245577,0.0,-1.68543,208.075,horizontal,frozen_range_edge_reclaim,"{""adx"": 15.715402658325997, ""atr"": 0.1955357142857151, ""ci"": 52.357276557742466, ""instrument"": ""GBPJPY"", ""range_regime"": ""ascending"", ""range_votes"": 2, ""respect_bounces"": 1, ""respect_breaks"": 3, ""respect_rated"": true, ""respect_resolved"": 7, ""respect_score"": 0.3571, ""respect_sweeps"": 3, ""sessions"": [""london""], ""signal_bar_ts"": 1766048400, ""structural_rr"": 1.9960281118969794, ""vp"": 5.0, ""width_atr"": 2.547}",GBPJPY,regime_range_reversion_v2:long,stress
regime_range_reversion_v2,regime_range_reversion_v2:EURUSD:long:1769000400:sloped:1.1734241,long,1769004000,1769004000,1769004000,limit,1.1734711532883881,1.1730123461455308,1.1748104408217608,1.1730123461455308,SL,1,0.41553454538946616,0.0003909828900110442,0.0,-1.0,0.9,1.575,constant_spread_bid_ask,0.230189,-1.230189,0.0,-4.442849,1.173424096145531,sloped,frozen_range_edge_reclaim,"{""adx"": 11.88251001335226, ""atr"": 0.0011764285714285863, ""ci"": 59.28695152492196, ""instrument"": ""EURUSD"", ""range_regime"": ""ascending"", ""range_votes"": 2, ""respect_rated"": false, ""sessions"": [""london_ny_overlap"", ""london"", ""newyork""], ""signal_bar_ts"": 1769000400, ""structural_rr"": 2.919064260926806, ""vp"": 65.0, ""width_atr"": 2.357}",EURUSD,regime_range_reversion_v2:long,stress
regime_range_reversion_v2,regime_range_reversion_v2:GBPUSD:long:1770793200:sloped:1.3670647,long,1770796800,1770796800,1770800400,limit,1.3671155713597507,1.3666191570740365,1.3685143285370183,1.3685143285370183,TP_GAP,1,0.24309769716547394,0.0003631106953309665,0.041666666666666664,2.817721,0.9025,2.0124999999999997,constant_spread_bid_ask,0.248547,2.569175,5.351541,-0.69119,1.3670646570740363,sloped,frozen_range_edge_reclaim,"{""adx"": 14.975159687725407, ""atr"": 0.0012728571428571073, ""ci"": 51.151852663457504, ""instrument"": ""GBPUSD"", ""range_regime"": ""ascending"", ""range_votes"": 2, ""respect_rated"": false, ""sessions"": [""london""], ""signal_bar_ts"": 1770793200, ""structural_rr"": 2.817721442595189, ""vp"": 5.0, ""width_atr"": 3.63}",GBPUSD,regime_range_reversion_v2:long,stress
regime_range_reversion_v2,regime_range_reversion_v2:EURUSD:long:1771257600:sloped:1.1851341,long,1771261200,1771261200,1771261200,limit,1.1851646199660628,1.1848673842517772,1.186034651306982,1.1848673842517772,SL,1,0.04642178773393083,0.00025079698573363487,0.0,-1.0,0.9,1.575,constant_spread_bid_ask,0.358856,-1.358856,0.0,-2.095677,1.1851341342517772,sloped,frozen_range_edge_reclaim,"{""adx"": 14.545454545451294, ""atr"": 0.0007621428571428224, ""ci"": 60.79051390548962, ""instrument"": ""EURUSD"", ""range_regime"": ""flat"", ""range_votes"": 3, ""respect_rated"": false, ""sessions"": [""newyork""], ""signal_bar_ts"": 1771257600, ""structural_rr"": 2.927075378576604, ""vp"": 10.0, ""width_atr"": 2.363}",EURUSD,regime_range_reversion_v2:long,stress
regime_range_reversion_v2,regime_range_reversion_v2:GBPUSD:long:1773918000:sloped:1.3286344,long,1773921600,1773921600,1773921600,limit,1.3287049187065005,1.3280175437065005,1.3316350435935638,1.3280175437065005,SL,1,0.32061349985782656,0.000517327053074514,0.0,-1.0,0.9,2.0124999999999997,constant_spread_bid_ask,0.173971,-1.173971,0.0,-1.263569,1.3286344187065005,sloped,frozen_range_edge_reclaim,"{""adx"": 17.169614984393018, ""atr"": 0.0017624999999999843, ""ci"": 58.96692223353453, ""instrument"": ""GBPUSD"", ""range_regime"": ""flat"", ""range_votes"": 2, ""respect_rated"": false, ""sessions"": [""london_ny_overlap"", ""london"", ""newyork""], ""signal_bar_ts"": 1773918000, ""structural_rr"": 4.2627748857072785, ""vp"": 50.0, ""width_atr"": 3.405}",GBPUSD,regime_range_reversion_v2:long,stress
regime_range_reversion_v2,regime_range_reversion_v2:EURUSD:long:1775732400:sloped:1.1687007,long,1775736000,1775736000,1775736000,limit,1.1687388573400959,1.1683668251972388,1.1716803335339698,1.1683668251972388,SL,1,0.11126898080544896,0.0003183193067643703,0.0,-1.0,0.9,1.575,constant_spread_bid_ask,0.282735,-1.282735,0.0,-2.461698,1.1687007001972387,sloped,frozen_range_edge_reclaim,"{""adx"": 22.491349480960352, ""atr"": 0.0009539285714285402, ""ci"": 57.7379562118358, ""instrument"": ""EURUSD"", ""range_regime"": ""ascending"", ""range_votes"": 2, ""respect_rated"": false, ""sessions"": [""london_ny_overlap"", ""london"", ""newyork""], ""signal_bar_ts"": 1775732400, ""structural_rr"": 7.906510903290301, ""vp"": 25.0, ""width_atr"": 6.247}",EURUSD,regime_range_reversion_v2:long,stress
regime_range_reversion_v2,regime_range_reversion_v2:GBPUSD:long:1781532000:sloped:1.3433941,long,1781535600,1781535600,1781535600,limit,1.3434446077170417,1.3429522327170418,1.3447795538585208,1.3429522327170418,SL,1,0.45971665976898113,0.0003665018990523077,0.0,-1.0,0.9,2.0124999999999997,constant_spread_bid_ask,0.245565,-1.245565,0.0,-2.395911,1.3433941077170417,sloped,frozen_range_edge_reclaim,"{""adx"": 16.253776435041285, ""atr"": 0.0012625000000000552, ""ci"": 52.734120817617715, ""instrument"": ""GBPUSD"", ""range_regime"": ""ascending"", ""range_votes"": 2, ""respect_rated"": false, ""sessions"": [""london_ny_overlap"", ""london"", ""newyork""], ""signal_bar_ts"": 1781532000, ""structural_rr"": 2.711238672717826, ""vp"": 20.0, ""width_atr"": 2.689}",GBPUSD,regime_range_reversion_v2:long,stress
regime_range_reversion_v2,regime_range_reversion_v2:GBPUSD:short:1722016800:horizontal:1.2873475,short,1722020400,1722020400,1722024000,limit,1.2873045142857145,1.2877236250000001,1.2866,1.2866,TP,1,0.09260219341996721,0.00032557231768758153,0.041666666666666664,1.680974,0.501667,1.15,constant_spread_bid_ask,0.154088,1.526887,1.790796,-0.798168,1.2873475,horizontal,frozen_range_edge_reclaim,"{""adx"": 11.855203619902767, ""atr"": 0.0010746428571428712, ""ci"": 67.33143081581585, ""instrument"": ""GBPUSD"", ""range_regime"": ""descending"", ""range_votes"": 2, ""respect_bounces"": 1, ""respect_breaks"": 0, ""respect_rated"": true, ""respect_resolved"": 2, ""respect_score"": 0.75, ""respect_sweeps"": 1, ""sessions"": [""newyork""], ""signal_bar_ts"": 1722016800, ""structural_rr"": 1.680974171503202, ""vp"": 45.0, ""width_atr"": 2.327}",GBPUSD,regime_range_reversion_v2:short,base
regime_range_reversion_v2,regime_range_reversion_v2:EURUSD:short:1723212000:horizontal:1.0926483,short,1723215600,1723215600,1723219200,limit,1.0926171904761903,1.0929208333333331,1.0918916666666667,1.0918916666666667,TP,1,0.3881345565748294,0.0002779041550778263,0.041666666666666664,2.389399,0.501667,0.9,constant_spread_bid_ask,0.180518,2.208881,2.562418,-0.665203,1.0926483333333332,horizontal,frozen_range_edge_reclaim,"{""adx"": 7.207207207208694, ""atr"": 0.0007785714285714221, ""ci"": 64.25080613623287, ""instrument"": ""EURUSD"", ""range_regime"": ""flat"", ""range_votes"": 3, ""respect_bounces"": 1, ""respect_breaks"": 3, ""respect_rated"": true, ""respect_resolved"": 7, ""respect_score"": 0.3571, ""respect_sweeps"": 3, ""sessions"": [""london_ny_overlap"", ""london"", ""newyork""], ""signal_bar_ts"": 1723212000, ""structural_rr"": 2.3893985728846854, ""vp"": 10.0, ""width_atr"": 2.429}",EURUSD,regime_range_reversion_v2:short,base
regime_range_reversion_v2,regime_range_reversion_v2:USDJPY:short:1724925600:horizontal:144.62217,short,1724929200,1724929200,1724932800,limit,144.61182666666664,144.71264166666666,144.44858333333332,144.71264166666666,SL,1,0.4751515151514195,0.0006971421516747186,0.041666666666666664,-1.0,0.501667,0.9,constant_spread_bid_ask,0.07196,-1.07196,0.633064,-8.135867,144.62216666666666,horizontal,frozen_range_edge_reclaim,"{""adx"": 0.5789270551927241, ""atr"": 0.2584999999999959, ""ci"": 65.64786705344369, ""instrument"": ""USDJPY"", ""range_regime"": ""flat"", ""range_votes"": 3, ""respect_bounces"": 2, ""respect_breaks"": 3, ""respect_rated"": true, ""respect_resolved"": 6, ""respect_score"": 0.4167, ""respect_sweeps"": 1, ""sessions"": [""london""], ""signal_bar_ts"": 1724925600, ""structural_rr"": 1.6192365554065193, ""vp"": 20.0, ""width_atr"": 2.55}",USDJPY,regime_range_reversion_v2:short,base
regime_range_reversion_v2,regime_range_reversion_v2:EURUSD:short:1727852400:sloped:1.1070103,short,1727856000,1727856000,1727856000,limit,1.1069744244124842,1.1073237529839128,1.1060153419013665,1.1073237529839128,SL,1,0.34544990229491007,0.00031557058927903143,0.0,-1.0,0.5,0.9,constant_spread_bid_ask,0.158443,-1.158443,0.0,-3.90878,1.1070102529839128,sloped,frozen_range_edge_reclaim,"{""adx"": 14.125560538105574, ""atr"": 0.0008957142857143012, ""ci"": 52.40923073293156, ""instrument"": ""EURUSD"", ""range_regime"": ""descending"", ""range_votes"": 2, ""respect_rated"": false, ""sessions"": [""london""], ""signal_bar_ts"": 1727852400, ""structural_rr"": 2.745502628643419, ""vp"": 5.0, ""width_atr"": 2.221}",EURUSD,regime_range_reversion_v2:short,base
regime_range_reversion_v2,regime_range_reversion_v2:EURUSD:short:1728313200:horizontal:1.097815,short,1728316800,1728316800,1728316800,limit,1.0977722428571428,1.098189125,1.0965474999999998,1.098189125,SL,1,0.170491146007239,0.0003797528545376313,0.0,-1.0,0.5,0.9,constant_spread_bid_ask,0.131665,-1.131665,0.0,-1.804319,1.097815,horizontal,frozen_range_edge_reclaim,"{""adx"": 3.1872509960145443, ""atr"": 0.0010689285714286115, ""ci"": 60.146447275997524, ""instrument"": ""EURUSD"", ""range_regime"": ""descending"", ""range_votes"": 2, ""respect_bounces"": 1, ""respect_breaks"": 0, ""respect_rated"": true, ""respect_resolved"": 3, ""respect_score"": 0.6667, ""respect_sweeps"": 2, ""sessions"": [""newyork""], ""signal_bar_ts"": 1728313200, ""structural_rr"": 2.9378635619866693, ""vp"": 40.0, ""width_atr"": 2.158}",EURUSD,regime_range_reversion_v2:short,base
regime_range_reversion_v2,regime_range_reversion_v2:EURUSD:short:1729080000:sloped:1.089042,short,1729083600,1729083600,1729083600,limit,1.0890127062163613,1.0892986597877898,1.0886726840605616,1.0892986597877898,SL,1,0.18099240419451088,0.00026258056475951194,0.0,-1.0,0.5,0.9,constant_spread_bid_ask,0.190418,-1.190418,0.0,-2.767347,1.0890420347877898,sloped,frozen_range_edge_reclaim,"{""adx"": 9.54356846473744, ""atr"": 0.0007332142857142834, ""ci"": 58.36488176371625, ""instrument"": ""EURUSD"", ""range_regime"": ""descending"", ""range_votes"": 3, ""respect_rated"": false, ""sessions"": [""london_ny_overlap"", ""london"", ""newyork""], ""signal_bar_ts"": 1729080000, ""structural_rr"": 1.1890816893838818, ""vp"": 15.0, ""width_atr"": 2.694}",EURUSD,regime_range_reversion_v2:short,base
regime_range_reversion_v2,regime_range_reversion_v2:EURUSD:short:1731481200:sloped:1.0605686,short,1731484800,1731484800,1731484800,limit,1.060532538921738,1.0608839567788808,1.0592242773413076,1.0608839567788808,SL,1,0.2525204046238848,0.00033135980674404384,0.0,-1.0,0.5,0.9,constant_spread_bid_ask,0.150893,-1.150893,0.0,-2.362487,1.0605685817788808,sloped,frozen_range_edge_reclaim,"{""adx"": 8.16505706760564, ""atr"": 0.0009010714285714316, ""ci"": 49.348163311974204, ""instrument"": ""EURUSD"", ""range_regime"": ""descending"", ""range_votes"": 2, ""respect_rated"": false, ""sessions"": [""london""], ""signal_bar_ts"": 1731481200, ""structural_rr"": 3.7228090543457717, ""vp"": 5.0, ""width_atr"": 2.984}",EURUSD,regime_range_reversion_v2:short,base
regime_range_reversion_v2,regime_range_reversion_v2:GBPUSD:short:1733824800:horizontal:1.2762625,short,1733828400,1733828400,1733832000,limit,1.276218242857143,1.27664975,1.27566125,1.27566125,TP,1,0.31474499677210477,0.0003381139121558652,0.041666666666666664,1.290808,0.501667,1.15,constant_spread_bid_ask,0.148372,1.142436,4.125,-0.753531,1.2762625,horizontal,frozen_range_edge_reclaim,"{""adx"": 28.218243819268864, ""atr"": 0.0011064285714285876, ""ci"": 60.717197562396315, ""instrument"": ""GBPUSD"", ""range_regime"": ""flat"", ""range_votes"": 2, ""respect_bounces"": 1, ""respect_breaks"": 2, ""respect_rated"": true, ""respect_resolved"": 5, ""respect_score"": 0.4, ""respect_sweeps"": 2, ""sessions"": [""london""], ""signal_bar_ts"": 1733824800, ""structural_rr"": 1.2908079654370548, ""vp"": 15.0, ""width_atr"": 2.825}",GBPUSD,regime_range_reversion_v2:short,base
regime_range_reversion_v2,regime_range_reversion_v2:EURUSD:short:1734087600:sloped:1.0493482,short,1734091200,1734091200,1734091200,limit,1.0493048799585325,1.0497271942442468,1.0487520971221236,1.0497271942442468,SL,1,0.3877519405972368,0.000402470524802052,0.0,-1.0,0.5,0.9,constant_spread_bid_ask,0.124233,-1.124233,0.0,-6.351803,1.0493481942442469,sloped,frozen_range_edge_reclaim,"{""adx"": 23.320158102773263, ""atr"": 0.0010828571428571315, ""ci"": 48.05572751447092, ""instrument"": ""EURUSD"", ""range_regime"": ""descending"", ""range_votes"": 2, ""respect_rated"": false, ""sessions"": [""london""], ""signal_bar_ts"": 1734087600, ""structural_rr"": 1.3089370999467573, ""vp"": 25.0, ""width_atr"": 3.853}",EURUSD,regime_range_reversion_v2:short,base
regime_range_reversion_v2,regime_range_reversion_v2:GBPUSD:short:1734426000:sloped:1.2691074,short,1734429600,1734429600,1734429600,limit,1.2690584541915626,1.269535507762991,1.2677936913814956,1.269535507762991,SL,1,0.2848676602555603,0.00037591142460996095,0.0,-1.0,0.5,1.15,constant_spread_bid_ask,0.13301,-1.13301,0.0,-1.246289,1.269107382762991,sloped,frozen_range_edge_reclaim,"{""adx"": 24.639670555932984, ""atr"": 0.001223214285714258, ""ci"": 54.35434765417919, ""instrument"": ""GBPUSD"", ""range_regime"": ""flat"", ""range_votes"": 2, ""respect_rated"": false, ""sessions"": [""london""], ""signal_bar_ts"": 1734426000, ""structural_rr"": 2.6511966072906694, ""vp"": 35.0, ""width_atr"": 3.669}",GBPUSD,regime_range_reversion_v2:short,base
regime_range_reversion_v2,regime_range_reversion_v2:GBPUSD:short:1734688800:sloped:1.2514313,short,1734692400,1734696000,1734696000,limit,1.2513781364352412,1.2518961400066697,1.2495318825033348,1.2518961400066697,SL,2,0.33363323976220094,0.000413946477364647,0.0,-1.0,0.5,1.15,constant_spread_bid_ask,0.120789,-1.120789,0.0,-2.005533,1.2514312650066697,sloped,frozen_range_edge_reclaim,"{""adx"": 3.6780013879244278, ""atr"": 0.0013282142857142956, ""ci"": 45.47556114708929, ""instrument"": ""GBPUSD"", ""range_regime"": ""descending"", ""range_votes"": 2, ""respect_rated"": false, ""sessions"": [""london""], ""signal_bar_ts"": 1734688800, ""structural_rr"": 3.5641722060235383, ""vp"": 35.0, ""width_atr"": 4.263}",GBPUSD,regime_range_reversion_v2:short,base
regime_range_reversion_v2,regime_range_reversion_v2:EURUSD:short:1741942800:sloped:1.0853366,short,1741946400,1741946400,1741946400,limit,1.0852955782440197,1.085696024672591,1.0843583248362956,1.085696024672591,SL,1,0.06873707243644761,0.00036897453246728543,0.0,-1.0,0.5,0.9,constant_spread_bid_ask,0.135511,-1.135511,0.0,-15.054521,1.0853366496725911,sloped,frozen_range_edge_reclaim,"{""adx"": 16.384180790962105, ""atr"": 0.0010267857142857637, ""ci"": 62.19049108506764, ""instrument"": ""EURUSD"", ""range_regime"": ""descending"", ""range_votes"": 3, ""respect_rated"": false, ""sessions"": [""london""], ""signal_bar_ts"": 1741942800, ""structural_rr"": 2.340521330325691, ""vp"": 0.0, ""width_atr"": 2.21}",EURUSD,regime_range_reversion_v2:short,base
regime_range_reversion_v2,regime_range_reversion_v2:EURUSD:short:1744113600:sloped:1.0954357,short,1744117200,1744117200,1744120800,limit,1.0953380033823652,1.0962902998109367,1.0938315874054683,1.0938315874054683,TP_GAP,1,0.1998551222206029,0.0008694087355965674,0.041666666666666664,1.581877,0.501667,0.9,constant_spread_bid_ask,0.057702,1.524175,6.745803,-0.31114,1.0954356748109366,sloped,frozen_range_edge_reclaim,"{""adx"": 23.160588611646787, ""atr"": 0.0024417857142857396, ""ci"": 52.00701829384943, ""instrument"": ""EURUSD"", ""range_regime"": ""descending"", ""range_votes"": 2, ""respect_rated"": false, ""sessions"": [""london_ny_overlap"", ""london"", ""newyork""], ""signal_bar_ts"": 1744113600, ""structural_rr"": 1.5818771673402139, ""vp"": 20.0, ""width_atr"": 3.432}",EURUSD,regime_range_reversion_v2:short,base
regime_range_reversion_v2,regime_range_reversion_v2:EURUSD:short:1748624400:horizontal:1.135823,short,1748628000,1748628000,1748628000,limit,1.1357520428571428,1.136443875,1.1341323333333335,1.136443875,SL,1,0.012426011677099662,0.0006091401263227179,0.0,-1.0,0.5,0.9,constant_spread_bid_ask,0.082083,-1.082083,0.0,-1.162276,1.135823,horizontal,frozen_range_edge_reclaim,"{""adx"": 12.322274881515753, ""atr"": 0.0017739285714285671, ""ci"": 63.484286989865716, ""instrument"": ""EURUSD"", ""range_regime"": ""flat"", ""range_votes"": 2, ""respect_bounces"": 1, ""respect_breaks"": 2, ""respect_rated"": true, ""respect_resolved"": 7, ""respect_score"": 0.4286, ""respect_sweeps"": 4, ""sessions"": [""newyork""], ""signal_bar_ts"": 1748624400, ""structural_rr"": 2.341188596875328, ""vp"": 70.0, ""width_atr"": 3.29}",EURUSD,regime_range_reversion_v2:short,base
regime_range_reversion_v2,regime_range_reversion_v2:EURUSD:short:1749103200:sloped:1.1414557,short,1749106800,1749106800,1749106800,limit,1.1414137014115682,1.1418229228401395,1.1395028364200699,1.1418229228401395,SL,1,0.475277043019458,0.0003585215667774818,0.0,-1.0,0.5,0.9,constant_spread_bid_ask,0.139462,-1.139462,0.0,-2.82906,1.1414556728401395,sloped,frozen_range_edge_reclaim,"{""adx"": 10.303030303027432, ""atr"": 0.001049285714285705, ""ci"": 59.87955930208644, ""instrument"": ""EURUSD"", ""range_regime"": ""descending"", ""range_votes"": 3, ""respect_rated"": false, ""sessions"": [""london""], ""signal_bar_ts"": 1749103200, ""structural_rr"": 4.669513515382948, ""vp"": 0.0, ""width_atr"": 4.249}",EURUSD,regime_range_reversion_v2:short,base
regime_range_reversion_v2,regime_range_reversion_v2:EURUSD:short:1749124800:horizontal:1.1434712,short,1749128400,1749128400,1749128400,limit,1.143423307142857,1.14389075,1.142308125,1.14389075,SL,1,0.38654946364710274,0.0004088099780919989,0.0,-1.0,0.5,0.9,constant_spread_bid_ask,0.122306,-1.122306,0.0,-13.099826,1.14347125,horizontal,frozen_range_edge_reclaim,"{""adx"": 58.07050092764276, ""atr"": 0.0011985714285714297, ""ci"": 64.92002240080498, ""instrument"": ""EURUSD"", ""range_regime"": ""flat"", ""range_votes"": 2, ""respect_bounces"": 4, ""respect_breaks"": 1, ""respect_rated"": true, ""respect_resolved"": 6, ""respect_score"": 0.75, ""respect_sweeps"": 1, ""sessions"": [""london_ny_overlap"", ""london"", ""newyork""], ""signal_bar_ts"": 1749124800, ""structural_rr"": 2.385707955135046, ""vp"": 5.0, ""width_atr"": 2.492}",EURUSD,regime_range_reversion_v2:short,base
regime_range_reversion_v2,regime_range_reversion_v2:GBPUSD:short:1752667200:sloped:1.3397307,short,1752670800,1752670800,1752674400,limit,1.3396797498186552,1.3401763033900838,1.3389453391950419,1.3389453391950419,TP_GAP,1,0.3178960707530615,0.00037065094959876934,0.041666666666666664,1.479016,0.501667,1.15,constant_spread_bid_ask,0.135347,1.343668,5.926635,-1.132425,1.3397306783900838,sloped,frozen_range_edge_reclaim,"{""adx"": 40.08152173913217, ""atr"": 0.0012732142857142842, ""ci"": 61.84533787016394, ""instrument"": ""GBPUSD"", ""range_regime"": ""descending"", ""range_votes"": 2, ""respect_rated"": false, ""sessions"": [""london_ny_overlap"", ""london"", ""newyork""], ""signal_bar_ts"": 1752667200, ""structural_rr"": 1.4790158924857457, ""vp"": 20.0, ""width_atr"": 2.473}",GBPUSD,regime_range_reversion_v2:short,base
regime_range_reversion_v2,regime_range_reversion_v2:EURUSD:short:1754028000:horizontal:1.1431,short,1754031600,1754031600,1754035200,limit,1.1430502142857142,1.143535625,1.1418430000000002,1.1418430000000002,TP,1,0.0925681492107905,0.00042466263355638457,0.041666666666666664,2.486996,0.501667,0.9,constant_spread_bid_ask,0.118133,2.368863,5.044985,-0.847198,1.1431,horizontal,frozen_range_edge_reclaim,"{""adx"": 4.768786127166758, ""atr"": 0.0012446428571429064, ""ci"": 51.42622124596701, ""instrument"": ""EURUSD"", ""range_regime"": ""descending"", ""range_votes"": 2, ""respect_bounces"": 2, ""respect_breaks"": 0, ""respect_rated"": true, ""respect_resolved"": 3, ""respect_score"": 0.8333, ""respect_sweeps"": 1, ""sessions"": [""london""], ""signal_bar_ts"": 1754028000, ""structural_rr"": 2.486995548687731, ""vp"": 5.0, ""width_atr"": 2.288}",EURUSD,regime_range_reversion_v2:short,base
regime_range_reversion_v2,regime_range_reversion_v2:GBPUSD:short:1756371600:sloped:1.3502822,short,1756375200,1756375200,1756375200,limit,1.3502431666857997,1.350623973828657,1.3494836119143283,1.350623973828657,SL,1,0.06469155824407598,0.000282028565115396,0.0,-1.0,0.5,1.15,constant_spread_bid_ask,0.177287,-1.177287,0.0,-6.550852,1.350282223828657,sloped,frozen_range_edge_reclaim,"{""adx"": 4.753673293003469, ""atr"": 0.0009764285714286082, ""ci"": 51.195436659466395, ""instrument"": ""GBPUSD"", ""range_regime"": ""flat"", ""range_votes"": 2, ""respect_rated"": false, ""sessions"": [""london""], ""signal_bar_ts"": 1756371600, ""structural_rr"": 1.9945917132023998, ""vp"": 5.0, ""width_atr"": 3.384}",GBPUSD,regime_range_reversion_v2:short,base
regime_range_reversion_v2,regime_range_reversion_v2:EURUSD:short:1758618000:sloped:1.180573,short,1758621600,1758621600,1758625200,limit,1.1805287534146225,1.1809602605574796,1.1793315052787399,1.1793315052787399,TP,1,0.2745350422668687,0.0003655202311752247,0.041666666666666664,2.774573,0.501667,0.9,constant_spread_bid_ask,0.137247,2.637326,3.060648,-0.45046,1.1805730105574797,sloped,frozen_range_edge_reclaim,"{""adx"": 4.728546409807505, ""atr"": 0.0011064285714285557, ""ci"": 50.552053229068036, ""instrument"": ""EURUSD"", ""range_regime"": ""flat"", ""range_votes"": 2, ""respect_rated"": false, ""sessions"": [""london""], ""signal_bar_ts"": 1758618000, ""structural_rr"": 2.7745731575967767, ""vp"": 25.0, ""width_atr"": 3.925}",EURUSD,regime_range_reversion_v2:short,base
regime_range_reversion_v2,regime_range_reversion_v2:EURUSD:short:1758790800:horizontal:1.1746925,short,1758794400,1758794400,1758794400,limit,1.1746592428571427,1.1749835,1.1737212499999998,1.1749835,SL,1,0.1975429553262391,0.000276043580152253,0.0,-1.0,0.5,0.9,constant_spread_bid_ask,0.181131,-1.181131,0.0,-2.463015,1.1746925,horizontal,frozen_range_edge_reclaim,"{""adx"": 12.55673222390523, ""atr"": 0.0008314285714285623, ""ci"": 61.52631019302326, ""instrument"": ""EURUSD"", ""range_regime"": ""descending"", ""range_votes"": 3, ""respect_bounces"": 3, ""respect_breaks"": 3, ""respect_rated"": true, ""respect_resolved"": 7, ""respect_score"": 0.5, ""respect_sweeps"": 1, ""sessions"": [""london""], ""signal_bar_ts"": 1758790800, ""structural_rr"": 2.892743854083533, ""vp"": 0.0, ""width_atr"": 6.107}",EURUSD,regime_range_reversion_v2:short,base
regime_range_reversion_v2,regime_range_reversion_v2:EURUSD:short:1758884400:sloped:1.1670182,short,1758888000,1758888000,1758888000,limit,1.166977188168157,1.1673773560252998,1.1658516435284707,1.1673773560252998,SL,1,0.18730486280531636,0.0003429097511074444,0.0,-1.0,0.5,0.9,constant_spread_bid_ask,0.145811,-1.145811,0.0,-4.236721,1.1670182310253,sloped,frozen_range_edge_reclaim,"{""adx"": 7.333333333341623, ""atr"": 0.0010260714285714259, ""ci"": 59.59974322131335, ""instrument"": ""EURUSD"", ""range_regime"": ""descending"", ""range_votes"": 3, ""respect_rated"": false, ""sessions"": [""london_ny_overlap"", ""london"", ""newyork""], ""signal_bar_ts"": 1758884400, ""structural_rr"": 2.8126812776084833, ""vp"": 35.0, ""width_atr"": 2.274}",EURUSD,regime_range_reversion_v2:short,base
regime_range_reversion_v2,regime_range_reversion_v2:EURUSD:short:1759496400:horizontal:1.174174,short,1759500000,1759500000,1759500000,limit,1.1741348571428571,1.1745165,1.173487625,1.1745165,SL,1,0.30642335766427065,0.0003250417571892102,0.0,-1.0,0.5,0.9,constant_spread_bid_ask,0.153826,-1.153826,0.0,-4.816176,1.174174,horizontal,frozen_range_edge_reclaim,"{""adx"": 56.714761376250735, ""atr"": 0.0009785714285714478, ""ci"": 58.122920057960485, ""instrument"": ""EURUSD"", ""range_regime"": ""descending"", ""range_votes"": 2, ""respect_bounces"": 4, ""respect_breaks"": 5, ""respect_rated"": true, ""respect_resolved"": 10, ""respect_score"": 0.45, ""respect_sweeps"": 1, ""sessions"": [""london_ny_overlap"", ""london"", ""newyork""], ""signal_bar_ts"": 1759496400, ""structural_rr"": 1.695910537151805, ""vp"": 20.0, ""width_atr"": 3.039}",EURUSD,regime_range_reversion_v2:short,base
regime_range_reversion_v2,regime_range_reversion_v2:GBPUSD:short:1760371200:sloped:1.3335945,short,1760374800,1760378400,1760403600,limit,1.3335323776776282,1.3341378526776282,1.3307809888388142,1.3341378526776282,SL,2,0.33003393083937677,0.00045403846965786656,0.2916666666666667,-1.0,0.511667,1.15,constant_spread_bid_ask,0.112692,-1.112692,1.438134,-2.079968,1.3335944776776283,sloped,frozen_range_edge_reclaim,"{""adx"": 20.689655172416042, ""atr"": 0.0015524999999999884, ""ci"": 54.82057736305712, ""instrument"": ""GBPUSD"", ""range_regime"": ""descending"", ""range_votes"": 2, ""respect_rated"": false, ""sessions"": [""newyork""], ""signal_bar_ts"": 1760371200, ""structural_rr"": 4.544182400287603, ""vp"": 35.0, ""width_atr"": 4.328}",GBPUSD,regime_range_reversion_v2:short,base
regime_range_reversion_v2,regime_range_reversion_v2:EURUSD:short:1762329600:sloped:1.1491342,short,1762333200,1762333200,1762336800,limit,1.1491074802230055,1.1493683623658626,1.1482771186829313,1.1482771186829313,TP,1,0.3251172580968403,0.00022703023637658668,0.041666666666666664,3.182899,0.501667,0.9,constant_spread_bid_ask,0.220969,2.96193,5.561278,-0.821202,1.1491342373658626,sloped,frozen_range_edge_reclaim,"{""adx"": 5.780346820814628, ""atr"": 0.0006689285714285763, ""ci"": 53.45140841466677, ""instrument"": ""EURUSD"", ""range_regime"": ""descending"", ""range_votes"": 2, ""respect_rated"": false, ""sessions"": [""london""], ""signal_bar_ts"": 1762329600, ""structural_rr"": 3.182899109077546, ""vp"": 0.0, ""width_atr"": 2.855}",EURUSD,regime_range_reversion_v2:short,base
regime_range_reversion_v2,regime_range_reversion_v2:USDJPY:short:1763362800:sloped:154.70903,short,1763366400,1763366400,1763366400,limit,154.70400820187288,154.75296713044432,154.60334814855548,154.75296713044432,SL,1,0.08370687124912206,0.0003164683910939849,0.0,-1.0,0.5,0.9,constant_spread_bid_ask,0.157994,-1.157994,0.0,-2.777007,154.70902963044432,sloped,frozen_range_edge_reclaim,"{""adx"": 4.953560371509986, ""atr"": 0.1255357142857138, ""ci"": 50.627272003897126, ""instrument"": ""USDJPY"", ""range_regime"": ""descending"", ""range_votes"": 2, ""respect_rated"": false, ""sessions"": [""london""], ""signal_bar_ts"": 1763362800, ""structural_rr"": 2.0560101345053354, ""vp"": 10.0, ""width_atr"": 4.892}",USDJPY,regime_range_reversion_v2:short,base
regime_range_reversion_v2,regime_range_reversion_v2:GBPUSD:short:1763715600:sloped:1.3066686,short,1763719200,1763722800,1763726400,limit,1.3066154629781688,1.3071336058353116,1.305239762638036,1.305239762638036,TP_GAP,2,0.3428215964711218,0.0003965534404145175,0.041666666666666664,2.65506,0.501667,1.15,constant_spread_bid_ask,0.126507,2.528553,5.134665,-4.602592,1.3066686058353116,sloped,frozen_range_edge_reclaim,"{""adx"": 18.273769386379566, ""atr"": 0.0013285714285714567, ""ci"": 60.78215699567883, ""instrument"": ""GBPUSD"", ""range_regime"": ""descending"", ""range_votes"": 3, ""respect_rated"": false, ""sessions"": [""london""], ""signal_bar_ts"": 1763715600, ""structural_rr"": 2.6550599340859695, ""vp"": 25.0, ""width_atr"": 2.151}",GBPUSD,regime_range_reversion_v2:short,base
regime_range_reversion_v2,regime_range_reversion_v2:GBPUSD:short:1763971200:sloped:1.3098898,short,1763974800,1763985600,1763985600,limit,1.3098538863073648,1.3102041898787935,1.3092011574393967,1.3102041898787935,SL,4,0.3605891294716044,0.0002674371356153943,0.0,-1.0,0.5,1.15,constant_spread_bid_ask,0.18696,-1.18696,0.0,-5.228412,1.3098898148787934,sloped,frozen_range_edge_reclaim,"{""adx"": 11.294765840225216, ""atr"": 0.0008982142857143176, ""ci"": 59.50786293444754, ""instrument"": ""GBPUSD"", ""range_regime"": ""flat"", ""range_votes"": 3, ""respect_rated"": false, ""sessions"": [""london""], ""signal_bar_ts"": 1763971200, ""structural_rr"": 1.8633234748532086, ""vp"": 0.0, ""width_atr"": 3.687}",GBPUSD,regime_range_reversion_v2:short,base
regime_range_reversion_v2,regime_range_reversion_v2:GBPUSD:short:1765796400:sloped:1.338417,short,1765800000,1765800000,1765800000,limit,1.3383681748318392,1.3388446712604105,1.337146925257865,1.3388446712604105,SL,1,0.023060370987900765,0.0003560279133439141,0.0,-1.0,0.5,1.15,constant_spread_bid_ask,0.140438,-1.140438,0.0,-2.400527,1.3384170462604106,sloped,frozen_range_edge_reclaim,"{""adx"": 35.814722911506166, ""atr"": 0.0012217857142856772, ""ci"": 61.61074399887841, ""instrument"": ""GBPUSD"", ""range_regime"": ""flat"", ""range_votes"": 2, ""respect_rated"": false, ""sessions"": [""london""], ""signal_bar_ts"": 1765796400, ""structural_rr"": 2.562977392372201, ""vp"": 35.0, ""width_atr"": 2.079}",GBPUSD,regime_range_reversion_v2:short,base
regime_range_reversion_v2,regime_range_reversion_v2:GBPUSD:short:1770030000:horizontal:1.3703325,short,1770033600,1770033600,1770037200,limit,1.3702530285714285,1.371027875,1.3684332049971375,1.3684332049971375,TP,1,0.11728923242850212,0.0005654768954456036,0.041666666666666664,2.348625,0.501667,1.15,constant_spread_bid_ask,0.088716,2.259909,6.75559,-0.652756,1.3703325,horizontal,frozen_range_edge_reclaim,"{""adx"": 17.891682785298883, ""atr"": 0.0019867857142857087, ""ci"": 61.55494707665825, ""instrument"": ""GBPUSD"", ""range_regime"": ""descending"", ""range_votes"": 3, ""respect_bounces"": 1, ""respect_breaks"": 1, ""respect_rated"": true, ""respect_resolved"": 5, ""respect_score"": 0.5, ""respect_sweeps"": 3, ""sessions"": [""london""], ""signal_bar_ts"": 1770030000, ""structural_rr"": 2.3486248464047197, ""vp"": 10.0, ""width_atr"": 3.263}",GBPUSD,regime_range_reversion_v2:short,base
regime_range_reversion_v2,regime_range_reversion_v2:EURUSD:short:1770102000:horizontal:1.1815775,short,1770105600,1770105600,1770105600,limit,1.1815312142857142,1.1819825,1.1802325,1.1819825,SL,1,0.005370370370326205,0.00038194988742518035,0.0,-1.0,0.5,0.9,constant_spread_bid_ask,0.130907,-1.130907,0.0,-1.034762,1.1815775,horizontal,frozen_range_edge_reclaim,"{""adx"": 21.241830065357473, ""atr"": 0.001157142857142825, ""ci"": 52.48315522091666, ""instrument"": ""EURUSD"", ""range_regime"": ""descending"", ""range_votes"": 2, ""respect_bounces"": 2, ""respect_breaks"": 1, ""respect_rated"": true, ""respect_resolved"": 3, ""respect_score"": 0.6667, ""respect_sweeps"": 0, ""sessions"": [""london""], ""signal_bar_ts"": 1770102000, ""structural_rr"": 2.8778094333643707, ""vp"": 0.0, ""width_atr"": 4.201}",EURUSD,regime_range_reversion_v2:short,base
regime_range_reversion_v2,regime_range_reversion_v2:GBPUSD:short:1771408800:sloped:1.356947,short,1771412400,1771412400,1771412400,limit,1.3569081836135986,1.3572869014707416,1.3563522632353706,1.3572869014707416,SL,1,0.28647080473554487,0.00027910352499642497,0.0,-1.0,0.5,1.15,constant_spread_bid_ask,0.179145,-1.179145,0.0,-1.768791,1.3569470264707415,sloped,frozen_range_edge_reclaim,"{""adx"": 48.32214765100509, ""atr"": 0.0009710714285714144, ""ci"": 58.28287413629077, ""instrument"": ""GBPUSD"", ""range_regime"": ""descending"", ""range_votes"": 2, ""respect_rated"": false, ""sessions"": [""london""], ""signal_bar_ts"": 1771408800, ""structural_rr"": 1.467901150533683, ""vp"": 5.0, ""width_atr"": 5.151}",GBPUSD,regime_range_reversion_v2:short,base
regime_range_reversion_v2,regime_range_reversion_v2:USDJPY:short:1771869600:horizontal:154.58633,short,1771873200,1771873200,1771873200,limit,154.5775161904762,154.66348333333332,154.4735889859541,154.66348333333332,SL,1,0.3675394253618478,0.0005561426071253273,0.0,-1.0,0.5,0.9,constant_spread_bid_ask,0.089905,-1.089905,0.0,-1.139318,154.58633333333333,horizontal,frozen_range_edge_reclaim,"{""adx"": 12.897463379780005, ""atr"": 0.22042857142857436, ""ci"": 49.8976025689979, ""instrument"": ""USDJPY"", ""range_regime"": ""flat"", ""range_votes"": 2, ""respect_bounces"": 1, ""respect_breaks"": 2, ""respect_rated"": true, ""respect_resolved"": 4, ""respect_score"": 0.375, ""respect_sweeps"": 1, ""sessions"": [""newyork""], ""signal_bar_ts"": 1771869600, ""structural_rr"": 1.2089177454088385, ""vp"": 20.0, ""width_atr"": 4.107}",USDJPY,regime_range_reversion_v2:short,base
regime_range_reversion_v2,regime_range_reversion_v2:EURUSD:short:1773140400:horizontal:1.164553,short,1773144000,1773147600,1773151200,limit,1.1644833142857143,1.16516275,1.16355275,1.16355275,TP_GAP,2,0.35778597785983546,0.0005834653927200302,0.041666666666666664,1.369613,0.501667,0.9,constant_spread_bid_ask,0.085981,1.283633,2.532973,-0.911216,1.164553,horizontal,frozen_range_edge_reclaim,"{""adx"": 7.925290257443811, ""atr"": 0.0017421428571428507, ""ci"": 55.38466657231717, ""instrument"": ""EURUSD"", ""range_regime"": ""flat"", ""range_votes"": 2, ""respect_bounces"": 3, ""respect_breaks"": 1, ""respect_rated"": true, ""respect_resolved"": 5, ""respect_score"": 0.7, ""respect_sweeps"": 1, ""sessions"": [""london_ny_overlap"", ""london"", ""newyork""], ""signal_bar_ts"": 1773140400, ""structural_rr"": 1.3696134397242488, ""vp"": 35.0, ""width_atr"": 2.856}",EURUSD,regime_range_reversion_v2:short,base
regime_range_reversion_v2,regime_range_reversion_v2:GBPUSD:short:1773651600:sloped:1.3253378,short,1773655200,1773655200,1773655200,limit,1.3252762602983743,1.3258764424412313,1.322068478098606,1.3258764424412313,SL,1,0.3387163693312385,0.0004528732316700726,0.0,-1.0,0.5,1.15,constant_spread_bid_ask,0.110406,-1.110406,0.0,-3.549025,1.3253378174412314,sloped,frozen_range_edge_reclaim,"{""adx"": 8.421052631579302, ""atr"": 0.0015389285714285978, ""ci"": 57.17368156536573, ""instrument"": ""GBPUSD"", ""range_regime"": ""descending"", ""range_votes"": 2, ""respect_rated"": false, ""sessions"": [""london""], ""signal_bar_ts"": 1773651600, ""structural_rr"": 5.344681173782922, ""vp"": 5.0, ""width_atr"": 4.249}",GBPUSD,regime_range_reversion_v2:short,base
regime_range_reversion_v2,regime_range_reversion_v2:EURUSD:short:1774627200:sloped:1.1522586,short,1774630800,1774630800,1774630800,limit,1.1522072242504406,1.1527080956790121,1.150900312838361,1.1527080956790121,SL,1,0.23143156319072414,0.0004347060303300111,0.0,-1.0,0.5,0.9,constant_spread_bid_ask,0.11502,-1.11502,0.0,-1.496704,1.1522585956790121,sloped,frozen_range_edge_reclaim,"{""adx"": 8.829300196203377, ""atr"": 0.0012842857142856903, ""ci"": 51.7374135699464, ""instrument"": ""EURUSD"", ""range_regime"": ""descending"", ""range_votes"": 2, ""respect_rated"": false, ""sessions"": [""newyork""], ""signal_bar_ts"": 1774627200, ""structural_rr"": 2.609275230186402, ""vp"": 20.0, ""width_atr"": 2.115}",EURUSD,regime_range_reversion_v2:short,base
regime_range_reversion_v2,regime_range_reversion_v2:EURUSD:short:1775210400:horizontal:1.154633,short,1775214000,1775214000,1775217600,limit,1.1546108142857143,1.154827125,1.15411525,1.15411525,TP,1,0.20880875724403422,0.00018734513102533682,0.041666666666666664,2.290984,0.501667,0.9,constant_spread_bid_ask,0.267777,2.023207,12.685375,-0.513825,1.154633,horizontal,frozen_range_edge_reclaim,"{""adx"": 12.88566243194441, ""atr"": 0.0005546428571428429, ""ci"": 58.00679833691565, ""instrument"": ""EURUSD"", ""range_regime"": ""descending"", ""range_votes"": 3, ""respect_bounces"": 4, ""respect_breaks"": 3, ""respect_rated"": true, ""respect_resolved"": 10, ""respect_score"": 0.55, ""respect_sweeps"": 3, ""sessions"": [""london""], ""signal_bar_ts"": 1775210400, ""structural_rr"": 2.2909835388917466, ""vp"": 0.0, ""width_atr"": 7.512}",EURUSD,regime_range_reversion_v2:short,base
regime_range_reversion_v2,regime_range_reversion_v2:GBPUSD:short:1777968000:horizontal:1.3542888,short,1777971600,1777971600,1777971600,limit,1.3542457785714286,1.35466475,1.353666875,1.35466475,SL,1,0.02865026595750634,0.00030937621161600135,0.0,-1.0,0.5,1.15,constant_spread_bid_ask,0.161616,-1.161616,0.0,-1.270055,1.35428875,horizontal,frozen_range_edge_reclaim,"{""adx"": 8.43570843570214, ""atr"": 0.001074285714285726, ""ci"": 56.1212805355433, ""instrument"": ""GBPUSD"", ""range_regime"": ""descending"", ""range_votes"": 2, ""respect_bounces"": 3, ""respect_breaks"": 2, ""respect_rated"": true, ""respect_resolved"": 5, ""respect_score"": 0.6, ""respect_sweeps"": 0, ""sessions"": [""london""], ""signal_bar_ts"": 1777968000, ""structural_rr"": 1.3817256546645222, ""vp"": 20.0, ""width_atr"": 5.634}",GBPUSD,regime_range_reversion_v2:short,base
regime_range_reversion_v2,regime_range_reversion_v2:USDJPY:short:1779465600:sloped:159.18877,short,1779469200,1779480000,1779480000,limit,159.18556906779662,159.2167690677966,159.10050737986583,159.2167690677966,SL,4,0.11336334745770912,0.00019599766601139672,0.0,-1.0,0.5,0.9,constant_spread_bid_ask,0.255105,-1.255105,0.0,-1.076778,159.1887690677966,sloped,frozen_range_edge_reclaim,"{""adx"": 5.612829324173603, ""atr"": 0.0799999999999983, ""ci"": 57.97836358994974, ""instrument"": ""USDJPY"", ""range_regime"": ""flat"", ""range_votes"": 2, ""respect_rated"": false, ""sessions"": [""newyork""], ""signal_bar_ts"": 1779465600, ""structural_rr"": 2.726336151629248, ""vp"": 5.0, ""width_atr"": 2.207}",USDJPY,regime_range_reversion_v2:short,base
regime_range_reversion_v2,regime_range_reversion_v2:EURUSD:short:1780552800:sloped:1.1613656,short,1780556400,1780560000,1780563600,limit,1.1613372842379905,1.1616137663808477,1.160909695690424,1.1616137663808477,SL,2,0.36997272865155156,0.00023807221778688578,0.041666666666666664,-1.0,0.501667,0.9,constant_spread_bid_ask,0.21072,-1.21072,0.0,-5.624391,1.1613656413808477,sloped,frozen_range_edge_reclaim,"{""adx"": 13.303437967121983, ""atr"": 0.0007089285714285369, ""ci"": 63.75676383377247, ""instrument"": ""EURUSD"", ""range_regime"": ""descending"", ""range_votes"": 3, ""respect_rated"": false, ""sessions"": [""london""], ""signal_bar_ts"": 1780552800, ""structural_rr"": 1.5465322394711731, ""vp"": 20.0, ""width_atr"": 2.18}",EURUSD,regime_range_reversion_v2:short,base
regime_range_reversion_v2,regime_range_reversion_v2:EURUSD:short:1781262000:sloped:1.1571833,short,1781265600,1781265600,1781269200,limit,1.157133795980819,1.1576168388379617,1.156560419418981,1.156560419418981,TP_GAP,1,0.0009721031450009199,0.00041744771332453745,0.041666666666666664,1.18701,0.501667,0.9,constant_spread_bid_ask,0.120175,1.066835,1.866849,-1.714775,1.1571833388379618,sloped,frozen_range_edge_reclaim,"{""adx"": 2.3457862728024406, ""atr"": 0.0012385714285713906, ""ci"": 63.50375955798789, ""instrument"": ""EURUSD"", ""range_regime"": ""flat"", ""range_votes"": 2, ""respect_rated"": false, ""sessions"": [""london_ny_overlap"", ""london"", ""newyork""], ""signal_bar_ts"": 1781262000, ""structural_rr"": 1.1870097101315025, ""vp"": 55.0, ""width_atr"": 2.188}",EURUSD,regime_range_reversion_v2:short,base
regime_range_reversion_v2,regime_range_reversion_v2:EURUSD:short:1782972000:sloped:1.139692,short,1782975600,1782975600,1782975600,limit,1.1396667308923054,1.1399132666065912,1.1389370083032957,1.1399132666065912,SL,1,0.3191223155114497,0.00021632263854255314,0.0,-1.0,0.5,0.9,constant_spread_bid_ask,0.231136,-1.231136,0.0,-5.352617,1.1396920166065911,sloped,frozen_range_edge_reclaim,"{""adx"": 10.112359550553387, ""atr"": 0.0006321428571428907, ""ci"": 52.487115000442095, ""instrument"": ""EURUSD"", ""range_regime"": ""descending"", ""range_votes"": 2, ""respect_rated"": false, ""sessions"": [""london""], ""signal_bar_ts"": 1782972000, ""structural_rr"": 2.959906199082411, ""vp"": 0.0, ""width_atr"": 4.254}",EURUSD,regime_range_reversion_v2:short,base
regime_range_reversion_v2,regime_range_reversion_v2:GBPUSD:short:1722016800:horizontal:1.2873475,short,1722020400,1722020400,1722200400,limit,1.2873045142857145,1.2877236250000001,1.2866,1.2866,TP_GAP,1,0.09260219341996721,0.00032557231768758153,2.0833333333333335,1.680974,1.025,2.0124999999999997,constant_spread_bid_ask,0.31483,1.366144,2.338501,-0.930654,1.2873475,horizontal,frozen_range_edge_reclaim,"{""adx"": 11.855203619902767, ""atr"": 0.0010746428571428712, ""ci"": 67.33143081581585, ""instrument"": ""GBPUSD"", ""range_regime"": ""descending"", ""range_votes"": 2, ""respect_bounces"": 1, ""respect_breaks"": 0, ""respect_rated"": true, ""respect_resolved"": 2, ""respect_score"": 0.75, ""respect_sweeps"": 1, ""sessions"": [""newyork""], ""signal_bar_ts"": 1722016800, ""structural_rr"": 1.680974171503202, ""vp"": 45.0, ""width_atr"": 2.327}",GBPUSD,regime_range_reversion_v2:short,stress
regime_range_reversion_v2,regime_range_reversion_v2:EURUSD:short:1723212000:horizontal:1.0926483,short,1723215600,1723215600,1723219200,limit,1.0926171904761903,1.0929208333333331,1.0918916666666667,1.0918916666666667,TP,1,0.3881345565748294,0.0002779041550778263,0.041666666666666664,2.389399,0.9025,1.575,constant_spread_bid_ask,0.324752,2.064646,2.441065,-0.786665,1.0926483333333332,horizontal,frozen_range_edge_reclaim,"{""adx"": 7.207207207208694, ""atr"": 0.0007785714285714221, ""ci"": 64.25080613623287, ""instrument"": ""EURUSD"", ""range_regime"": ""flat"", ""range_votes"": 3, ""respect_bounces"": 1, ""respect_breaks"": 3, ""respect_rated"": true, ""respect_resolved"": 7, ""respect_score"": 0.3571, ""respect_sweeps"": 3, ""sessions"": [""london_ny_overlap"", ""london"", ""newyork""], ""signal_bar_ts"": 1723212000, ""structural_rr"": 2.3893985728846854, ""vp"": 10.0, ""width_atr"": 2.429}",EURUSD,regime_range_reversion_v2:short,stress
regime_range_reversion_v2,regime_range_reversion_v2:USDJPY:short:1724925600:horizontal:144.62217,short,1724929200,1724929200,1724929200,limit,144.61182666666664,144.71264166666666,144.44858333333332,144.71264166666666,SL,1,0.4751515151514195,0.0006971421516747186,0.0,-1.0,0.9,1.575,constant_spread_bid_ask,0.129098,-1.129098,0.0,-1.007475,144.62216666666666,horizontal,frozen_range_edge_reclaim,"{""adx"": 0.5789270551927241, ""atr"": 0.2584999999999959, ""ci"": 65.64786705344369, ""instrument"": ""USDJPY"", ""range_regime"": ""flat"", ""range_votes"": 3, ""respect_bounces"": 2, ""respect_breaks"": 3, ""respect_rated"": true, ""respect_resolved"": 6, ""respect_score"": 0.4167, ""respect_sweeps"": 1, ""sessions"": [""london""], ""signal_bar_ts"": 1724925600, ""structural_rr"": 1.6192365554065193, ""vp"": 20.0, ""width_atr"": 2.55}",USDJPY,regime_range_reversion_v2:short,stress
regime_range_reversion_v2,regime_range_reversion_v2:EURUSD:short:1727852400:sloped:1.1070103,short,1727856000,1727856000,1727856000,limit,1.1069744244124842,1.1073237529839128,1.1060153419013665,1.1073237529839128,SL,1,0.34544990229491007,0.00031557058927903143,0.0,-1.0,0.9,1.575,constant_spread_bid_ask,0.285198,-1.285198,0.0,-4.015857,1.1070102529839128,sloped,frozen_range_edge_reclaim,"{""adx"": 14.125560538105574, ""atr"": 0.0008957142857143012, ""ci"": 52.40923073293156, ""instrument"": ""EURUSD"", ""range_regime"": ""descending"", ""range_votes"": 2, ""respect_rated"": false, ""sessions"": [""london""], ""signal_bar_ts"": 1727852400, ""structural_rr"": 2.745502628643419, ""vp"": 5.0, ""width_atr"": 2.221}",EURUSD,regime_range_reversion_v2:short,stress
regime_range_reversion_v2,regime_range_reversion_v2:EURUSD:short:1728313200:horizontal:1.097815,short,1728316800,1728316800,1728316800,limit,1.0977722428571428,1.098189125,1.0965474999999998,1.098189125,SL,1,0.170491146007239,0.0003797528545376313,0.0,-1.0,0.9,1.575,constant_spread_bid_ask,0.236996,-1.236996,0.0,-1.89325,1.097815,horizontal,frozen_range_edge_reclaim,"{""adx"": 3.1872509960145443, ""atr"": 0.0010689285714286115, ""ci"": 60.146447275997524, ""instrument"": ""EURUSD"", ""range_regime"": ""descending"", ""range_votes"": 2, ""respect_bounces"": 1, ""respect_breaks"": 0, ""respect_rated"": true, ""respect_resolved"": 3, ""respect_score"": 0.6667, ""respect_sweeps"": 2, ""sessions"": [""newyork""], ""signal_bar_ts"": 1728313200, ""structural_rr"": 2.9378635619866693, ""vp"": 40.0, ""width_atr"": 2.158}",EURUSD,regime_range_reversion_v2:short,stress
regime_range_reversion_v2,regime_range_reversion_v2:EURUSD:short:1729080000:sloped:1.089042,short,1729083600,1729083600,1729083600,limit,1.0890127062163613,1.0892986597877898,1.0886726840605616,1.0892986597877898,SL,1,0.18099240419451088,0.00026258056475951194,0.0,-1.0,0.9,1.575,constant_spread_bid_ask,0.342752,-1.342752,0.0,-2.895967,1.0890420347877898,sloped,frozen_range_edge_reclaim,"{""adx"": 9.54356846473744, ""atr"": 0.0007332142857142834, ""ci"": 58.36488176371625, ""instrument"": ""EURUSD"", ""range_regime"": ""descending"", ""range_votes"": 3, ""respect_rated"": false, ""sessions"": [""london_ny_overlap"", ""london"", ""newyork""], ""signal_bar_ts"": 1729080000, ""structural_rr"": 1.1890816893838818, ""vp"": 15.0, ""width_atr"": 2.694}",EURUSD,regime_range_reversion_v2:short,stress
regime_range_reversion_v2,regime_range_reversion_v2:EURUSD:short:1731481200:sloped:1.0605686,short,1731484800,1731484800,1731484800,limit,1.060532538921738,1.0608839567788808,1.0592242773413076,1.0608839567788808,SL,1,0.2525204046238848,0.00033135980674404384,0.0,-1.0,0.9,1.575,constant_spread_bid_ask,0.271608,-1.271608,0.0,-2.464416,1.0605685817788808,sloped,frozen_range_edge_reclaim,"{""adx"": 8.16505706760564, ""atr"": 0.0009010714285714316, ""ci"": 49.348163311974204, ""instrument"": ""EURUSD"", ""range_regime"": ""descending"", ""range_votes"": 2, ""respect_rated"": false, ""sessions"": [""london""], ""signal_bar_ts"": 1731481200, ""structural_rr"": 3.7228090543457717, ""vp"": 5.0, ""width_atr"": 2.984}",EURUSD,regime_range_reversion_v2:short,stress
regime_range_reversion_v2,regime_range_reversion_v2:GBPUSD:short:1733824800:horizontal:1.2762625,short,1733828400,1733828400,1733832000,limit,1.276218242857143,1.27664975,1.27566125,1.27566125,TP,1,0.31474499677210477,0.0003381139121558652,0.041666666666666664,1.290808,0.9025,2.0124999999999997,constant_spread_bid_ask,0.266922,1.023886,3.997639,-0.881102,1.2762625,horizontal,frozen_range_edge_reclaim,"{""adx"": 28.218243819268864, ""atr"": 0.0011064285714285876, ""ci"": 60.717197562396315, ""instrument"": ""GBPUSD"", ""range_regime"": ""flat"", ""range_votes"": 2, ""respect_bounces"": 1, ""respect_breaks"": 2, ""respect_rated"": true, ""respect_resolved"": 5, ""respect_score"": 0.4, ""respect_sweeps"": 2, ""sessions"": [""london""], ""signal_bar_ts"": 1733824800, ""structural_rr"": 1.2908079654370548, ""vp"": 15.0, ""width_atr"": 2.825}",GBPUSD,regime_range_reversion_v2:short,stress
regime_range_reversion_v2,regime_range_reversion_v2:EURUSD:short:1734087600:sloped:1.0493482,short,1734091200,1734091200,1734091200,limit,1.0493048799585325,1.0497271942442468,1.0487520971221236,1.0497271942442468,SL,1,0.3877519405972368,0.000402470524802052,0.0,-1.0,0.9,1.575,constant_spread_bid_ask,0.223619,-1.223619,0.0,-6.435871,1.0493481942442469,sloped,frozen_range_edge_reclaim,"{""adx"": 23.320158102773263, ""atr"": 0.0010828571428571315, ""ci"": 48.05572751447092, ""instrument"": ""EURUSD"", ""range_regime"": ""descending"", ""range_votes"": 2, ""respect_rated"": false, ""sessions"": [""london""], ""signal_bar_ts"": 1734087600, ""structural_rr"": 1.3089370999467573, ""vp"": 25.0, ""width_atr"": 3.853}",EURUSD,regime_range_reversion_v2:short,stress
regime_range_reversion_v2,regime_range_reversion_v2:GBPUSD:short:1734426000:sloped:1.2691074,short,1734429600,1734429600,1734429600,limit,1.2690584541915626,1.269535507762991,1.2677936913814956,1.269535507762991,SL,1,0.2848676602555603,0.00037591142460996095,0.0,-1.0,0.9,2.0124999999999997,constant_spread_bid_ask,0.239418,-1.239418,0.0,-1.361057,1.269107382762991,sloped,frozen_range_edge_reclaim,"{""adx"": 24.639670555932984, ""atr"": 0.001223214285714258, ""ci"": 54.35434765417919, ""instrument"": ""GBPUSD"", ""range_regime"": ""flat"", ""range_votes"": 2, ""respect_rated"": false, ""sessions"": [""london""], ""signal_bar_ts"": 1734426000, ""structural_rr"": 2.6511966072906694, ""vp"": 35.0, ""width_atr"": 3.669}",GBPUSD,regime_range_reversion_v2:short,stress
regime_range_reversion_v2,regime_range_reversion_v2:GBPUSD:short:1734688800:sloped:1.2514313,short,1734692400,1734696000,1734696000,limit,1.2513781364352412,1.2518961400066697,1.2495318825033348,1.2518961400066697,SL,2,0.33363323976220094,0.000413946477364647,0.0,-1.0,0.9,2.0124999999999997,constant_spread_bid_ask,0.217419,-1.217419,0.0,-2.109794,1.2514312650066697,sloped,frozen_range_edge_reclaim,"{""adx"": 3.6780013879244278, ""atr"": 0.0013282142857142956, ""ci"": 45.47556114708929, ""instrument"": ""GBPUSD"", ""range_regime"": ""descending"", ""range_votes"": 2, ""respect_rated"": false, ""sessions"": [""london""], ""signal_bar_ts"": 1734688800, ""structural_rr"": 3.5641722060235383, ""vp"": 35.0, ""width_atr"": 4.263}",GBPUSD,regime_range_reversion_v2:short,stress
regime_range_reversion_v2,regime_range_reversion_v2:EURUSD:short:1741942800:sloped:1.0853366,short,1741946400,1741946400,1741946400,limit,1.0852955782440197,1.085696024672591,1.0843583248362956,1.085696024672591,SL,1,0.06873707243644761,0.00036897453246728543,0.0,-1.0,0.9,1.575,constant_spread_bid_ask,0.243919,-1.243919,0.0,-15.146495,1.0853366496725911,sloped,frozen_range_edge_reclaim,"{""adx"": 16.384180790962105, ""atr"": 0.0010267857142857637, ""ci"": 62.19049108506764, ""instrument"": ""EURUSD"", ""range_regime"": ""descending"", ""range_votes"": 3, ""respect_rated"": false, ""sessions"": [""london""], ""signal_bar_ts"": 1741942800, ""structural_rr"": 2.340521330325691, ""vp"": 0.0, ""width_atr"": 2.21}",EURUSD,regime_range_reversion_v2:short,stress
regime_range_reversion_v2,regime_range_reversion_v2:EURUSD:short:1744113600:sloped:1.0954357,short,1744117200,1744117200,1744120800,limit,1.0953380033823652,1.0962902998109367,1.0938315874054683,1.0938315874054683,TP_GAP,1,0.1998551222206029,0.0008694087355965674,0.041666666666666664,1.581877,0.9025,1.575,constant_spread_bid_ask,0.103806,1.478071,6.707213,-0.349969,1.0954356748109366,sloped,frozen_range_edge_reclaim,"{""adx"": 23.160588611646787, ""atr"": 0.0024417857142857396, ""ci"": 52.00701829384943, ""instrument"": ""EURUSD"", ""range_regime"": ""descending"", ""range_votes"": 2, ""respect_rated"": false, ""sessions"": [""london_ny_overlap"", ""london"", ""newyork""], ""signal_bar_ts"": 1744113600, ""structural_rr"": 1.5818771673402139, ""vp"": 20.0, ""width_atr"": 3.432}",EURUSD,regime_range_reversion_v2:short,stress
regime_range_reversion_v2,regime_range_reversion_v2:EURUSD:short:1748624400:horizontal:1.135823,short,1748628000,1748628000,1748628000,limit,1.1357520428571428,1.136443875,1.1341323333333335,1.136443875,SL,1,0.012426011677099662,0.0006091401263227179,0.0,-1.0,0.9,1.575,constant_spread_bid_ask,0.147749,-1.147749,0.0,-1.217719,1.135823,horizontal,frozen_range_edge_reclaim,"{""adx"": 12.322274881515753, ""atr"": 0.0017739285714285671, ""ci"": 63.484286989865716, ""instrument"": ""EURUSD"", ""range_regime"": ""flat"", ""range_votes"": 2, ""respect_bounces"": 1, ""respect_breaks"": 2, ""respect_rated"": true, ""respect_resolved"": 7, ""respect_score"": 0.4286, ""respect_sweeps"": 4, ""sessions"": [""newyork""], ""signal_bar_ts"": 1748624400, ""structural_rr"": 2.341188596875328, ""vp"": 70.0, ""width_atr"": 3.29}",EURUSD,regime_range_reversion_v2:short,stress
regime_range_reversion_v2,regime_range_reversion_v2:EURUSD:short:1749103200:sloped:1.1414557,short,1749106800,1749106800,1749106800,limit,1.1414137014115682,1.1418229228401395,1.1395028364200699,1.1418229228401395,SL,1,0.475277043019458,0.0003585215667774818,0.0,-1.0,0.9,1.575,constant_spread_bid_ask,0.251031,-1.251031,0.0,-2.923288,1.1414556728401395,sloped,frozen_range_edge_reclaim,"{""adx"": 10.303030303027432, ""atr"": 0.001049285714285705, ""ci"": 59.87955930208644, ""instrument"": ""EURUSD"", ""range_regime"": ""descending"", ""range_votes"": 3, ""respect_rated"": false, ""sessions"": [""london""], ""signal_bar_ts"": 1749103200, ""structural_rr"": 4.669513515382948, ""vp"": 0.0, ""width_atr"": 4.249}",EURUSD,regime_range_reversion_v2:short,stress
regime_range_reversion_v2,regime_range_reversion_v2:EURUSD:short:1749124800:horizontal:1.1434712,short,1749128400,1749128400,1749128400,limit,1.143423307142857,1.14389075,1.142308125,1.14389075,SL,1,0.38654946364710274,0.0004088099780919989,0.0,-1.0,0.9,1.575,constant_spread_bid_ask,0.220151,-1.220151,0.0,-13.182821,1.14347125,horizontal,frozen_range_edge_reclaim,"{""adx"": 58.07050092764276, ""atr"": 0.0011985714285714297, ""ci"": 64.92002240080498, ""instrument"": ""EURUSD"", ""range_regime"": ""flat"", ""range_votes"": 2, ""respect_bounces"": 4, ""respect_breaks"": 1, ""respect_rated"": true, ""respect_resolved"": 6, ""respect_score"": 0.75, ""respect_sweeps"": 1, ""sessions"": [""london_ny_overlap"", ""london"", ""newyork""], ""signal_bar_ts"": 1749124800, ""structural_rr"": 2.385707955135046, ""vp"": 5.0, ""width_atr"": 2.492}",EURUSD,regime_range_reversion_v2:short,stress
regime_range_reversion_v2,regime_range_reversion_v2:GBPUSD:short:1752667200:sloped:1.3397307,short,1752670800,1752670800,1752674400,limit,1.3396797498186552,1.3401763033900838,1.3389453391950419,1.3389453391950419,TP_GAP,1,0.3178960707530615,0.00037065094959876934,0.041666666666666664,1.479016,0.9025,2.0124999999999997,constant_spread_bid_ask,0.243491,1.235525,5.810548,-1.248816,1.3397306783900838,sloped,frozen_range_edge_reclaim,"{""adx"": 40.08152173913217, ""atr"": 0.0012732142857142842, ""ci"": 61.84533787016394, ""instrument"": ""GBPUSD"", ""range_regime"": ""descending"", ""range_votes"": 2, ""respect_rated"": false, ""sessions"": [""london_ny_overlap"", ""london"", ""newyork""], ""signal_bar_ts"": 1752667200, ""structural_rr"": 1.4790158924857457, ""vp"": 20.0, ""width_atr"": 2.473}",GBPUSD,regime_range_reversion_v2:short,stress
regime_range_reversion_v2,regime_range_reversion_v2:EURUSD:short:1754028000:horizontal:1.1431,short,1754031600,1754031600,1754035200,limit,1.1430502142857142,1.143535625,1.1418430000000002,1.1418430000000002,TP,1,0.0925681492107905,0.00042466263355638457,0.041666666666666664,2.486996,0.9025,1.575,constant_spread_bid_ask,0.212522,2.274474,4.965683,-0.926698,1.1431,horizontal,frozen_range_edge_reclaim,"{""adx"": 4.768786127166758, ""atr"": 0.0012446428571429064, ""ci"": 51.42622124596701, ""instrument"": ""EURUSD"", ""range_regime"": ""descending"", ""range_votes"": 2, ""respect_bounces"": 2, ""respect_breaks"": 0, ""respect_rated"": true, ""respect_resolved"": 3, ""respect_score"": 0.8333, ""respect_sweeps"": 1, ""sessions"": [""london""], ""signal_bar_ts"": 1754028000, ""structural_rr"": 2.486995548687731, ""vp"": 5.0, ""width_atr"": 2.288}",EURUSD,regime_range_reversion_v2:short,stress
regime_range_reversion_v2,regime_range_reversion_v2:GBPUSD:short:1756371600:sloped:1.3502822,short,1756375200,1756375200,1756375200,limit,1.3502431666857997,1.350623973828657,1.3494836119143283,1.350623973828657,SL,1,0.06469155824407598,0.000282028565115396,0.0,-1.0,0.9,2.0124999999999997,constant_spread_bid_ask,0.319117,-1.319117,0.0,-6.704036,1.350282223828657,sloped,frozen_range_edge_reclaim,"{""adx"": 4.753673293003469, ""atr"": 0.0009764285714286082, ""ci"": 51.195436659466395, ""instrument"": ""GBPUSD"", ""range_regime"": ""flat"", ""range_votes"": 2, ""respect_rated"": false, ""sessions"": [""london""], ""signal_bar_ts"": 1756371600, ""structural_rr"": 1.9945917132023998, ""vp"": 5.0, ""width_atr"": 3.384}",GBPUSD,regime_range_reversion_v2:short,stress
regime_range_reversion_v2,regime_range_reversion_v2:EURUSD:short:1758618000:sloped:1.180573,short,1758621600,1758621600,1758625200,limit,1.1805287534146225,1.1809602605574796,1.1793315052787399,1.1793315052787399,TP,1,0.2745350422668687,0.0003655202311752247,0.041666666666666664,2.774573,0.9025,1.575,constant_spread_bid_ask,0.246908,2.527665,2.968421,-0.542805,1.1805730105574797,sloped,frozen_range_edge_reclaim,"{""adx"": 4.728546409807505, ""atr"": 0.0011064285714285557, ""ci"": 50.552053229068036, ""instrument"": ""EURUSD"", ""range_regime"": ""flat"", ""range_votes"": 2, ""respect_rated"": false, ""sessions"": [""london""], ""signal_bar_ts"": 1758618000, ""structural_rr"": 2.7745731575967767, ""vp"": 25.0, ""width_atr"": 3.925}",EURUSD,regime_range_reversion_v2:short,stress
regime_range_reversion_v2,regime_range_reversion_v2:EURUSD:short:1758790800:horizontal:1.1746925,short,1758794400,1758794400,1758794400,limit,1.1746592428571427,1.1749835,1.1737212499999998,1.1749835,SL,1,0.1975429553262391,0.000276043580152253,0.0,-1.0,0.9,1.575,constant_spread_bid_ask,0.326035,-1.326035,0.0,-2.585356,1.1746925,horizontal,frozen_range_edge_reclaim,"{""adx"": 12.55673222390523, ""atr"": 0.0008314285714285623, ""ci"": 61.52631019302326, ""instrument"": ""EURUSD"", ""range_regime"": ""descending"", ""range_votes"": 3, ""respect_bounces"": 3, ""respect_breaks"": 3, ""respect_rated"": true, ""respect_resolved"": 7, ""respect_score"": 0.5, ""respect_sweeps"": 1, ""sessions"": [""london""], ""signal_bar_ts"": 1758790800, ""structural_rr"": 2.892743854083533, ""vp"": 0.0, ""width_atr"": 6.107}",EURUSD,regime_range_reversion_v2:short,stress
regime_range_reversion_v2,regime_range_reversion_v2:EURUSD:short:1758884400:sloped:1.1670182,short,1758888000,1758888000,1758888000,limit,1.166977188168157,1.1673773560252998,1.1658516435284707,1.1673773560252998,SL,1,0.18730486280531636,0.0003429097511074444,0.0,-1.0,0.9,1.575,constant_spread_bid_ask,0.26246,-1.26246,0.0,-4.335282,1.1670182310253,sloped,frozen_range_edge_reclaim,"{""adx"": 7.333333333341623, ""atr"": 0.0010260714285714259, ""ci"": 59.59974322131335, ""instrument"": ""EURUSD"", ""range_regime"": ""descending"", ""range_votes"": 3, ""respect_rated"": false, ""sessions"": [""london_ny_overlap"", ""london"", ""newyork""], ""signal_bar_ts"": 1758884400, ""structural_rr"": 2.8126812776084833, ""vp"": 35.0, ""width_atr"": 2.274}",EURUSD,regime_range_reversion_v2:short,stress
regime_range_reversion_v2,regime_range_reversion_v2:EURUSD:short:1759496400:horizontal:1.174174,short,1759500000,1759500000,1759500000,limit,1.1741348571428571,1.1745165,1.173487625,1.1745165,SL,1,0.30642335766427065,0.0003250417571892102,0.0,-1.0,0.9,1.575,constant_spread_bid_ask,0.276888,-1.276888,0.0,-4.920167,1.174174,horizontal,frozen_range_edge_reclaim,"{""adx"": 56.714761376250735, ""atr"": 0.0009785714285714478, ""ci"": 58.122920057960485, ""instrument"": ""EURUSD"", ""range_regime"": ""descending"", ""range_votes"": 2, ""respect_bounces"": 4, ""respect_breaks"": 5, ""respect_rated"": true, ""respect_resolved"": 10, ""respect_score"": 0.45, ""respect_sweeps"": 1, ""sessions"": [""london_ny_overlap"", ""london"", ""newyork""], ""signal_bar_ts"": 1759496400, ""structural_rr"": 1.695910537151805, ""vp"": 20.0, ""width_atr"": 3.039}",EURUSD,regime_range_reversion_v2:short,stress
regime_range_reversion_v2,regime_range_reversion_v2:GBPUSD:short:1760371200:sloped:1.3335945,short,1760374800,1760378400,1760378400,limit,1.3335323776776282,1.3341378526776282,1.3307809888388142,1.3341378526776282,SL,2,0.33003393083937677,0.00045403846965786656,0.0,-1.0,0.9,2.0124999999999997,constant_spread_bid_ask,0.198221,-1.198221,0.0,-1.051835,1.3335944776776283,sloped,frozen_range_edge_reclaim,"{""adx"": 20.689655172416042, ""atr"": 0.0015524999999999884, ""ci"": 54.82057736305712, ""instrument"": ""GBPUSD"", ""range_regime"": ""descending"", ""range_votes"": 2, ""respect_rated"": false, ""sessions"": [""newyork""], ""signal_bar_ts"": 1760371200, ""structural_rr"": 4.544182400287603, ""vp"": 35.0, ""width_atr"": 4.328}",GBPUSD,regime_range_reversion_v2:short,stress
regime_range_reversion_v2,regime_range_reversion_v2:EURUSD:short:1762329600:sloped:1.1491342,short,1762333200,1762333200,1762336800,limit,1.1491074802230055,1.1493683623658626,1.1482771186829313,1.1482771186829313,TP,1,0.3251172580968403,0.00022703023637658668,0.041666666666666664,3.182899,0.9025,1.575,constant_spread_bid_ask,0.397524,2.785375,5.412813,-0.969882,1.1491342373658626,sloped,frozen_range_edge_reclaim,"{""adx"": 5.780346820814628, ""atr"": 0.0006689285714285763, ""ci"": 53.45140841466677, ""instrument"": ""EURUSD"", ""range_regime"": ""descending"", ""range_votes"": 2, ""respect_rated"": false, ""sessions"": [""london""], ""signal_bar_ts"": 1762329600, ""structural_rr"": 3.182899109077546, ""vp"": 0.0, ""width_atr"": 2.855}",EURUSD,regime_range_reversion_v2:short,stress
regime_range_reversion_v2,regime_range_reversion_v2:USDJPY:short:1763362800:sloped:154.70903,short,1763366400,1763366400,1763366400,limit,154.70400820187288,154.75296713044432,154.60334814855548,154.75296713044432,SL,1,0.08370687124912206,0.0003164683910939849,0.0,-1.0,0.9,1.575,constant_spread_bid_ask,0.284389,-1.284389,0.0,-2.883742,154.70902963044432,sloped,frozen_range_edge_reclaim,"{""adx"": 4.953560371509986, ""atr"": 0.1255357142857138, ""ci"": 50.627272003897126, ""instrument"": ""USDJPY"", ""range_regime"": ""descending"", ""range_votes"": 2, ""respect_rated"": false, ""sessions"": [""london""], ""signal_bar_ts"": 1763362800, ""structural_rr"": 2.0560101345053354, ""vp"": 10.0, ""width_atr"": 4.892}",USDJPY,regime_range_reversion_v2:short,stress
regime_range_reversion_v2,regime_range_reversion_v2:GBPUSD:short:1763715600:sloped:1.3066686,short,1763719200,1763722800,1763726400,limit,1.3066154629781688,1.3071336058353116,1.305239762638036,1.305239762638036,TP_GAP,2,0.3428215964711218,0.0003965534404145175,0.041666666666666664,2.65506,0.9025,2.0124999999999997,constant_spread_bid_ask,0.227586,2.427474,5.026143,-4.711534,1.3066686058353116,sloped,frozen_range_edge_reclaim,"{""adx"": 18.273769386379566, ""atr"": 0.0013285714285714567, ""ci"": 60.78215699567883, ""instrument"": ""GBPUSD"", ""range_regime"": ""descending"", ""range_votes"": 3, ""respect_rated"": false, ""sessions"": [""london""], ""signal_bar_ts"": 1763715600, ""structural_rr"": 2.6550599340859695, ""vp"": 25.0, ""width_atr"": 2.151}",GBPUSD,regime_range_reversion_v2:short,stress
regime_range_reversion_v2,regime_range_reversion_v2:GBPUSD:short:1763971200:sloped:1.3098898,short,1763974800,1763985600,1763985600,limit,1.3098538863073648,1.3102041898787935,1.3092011574393967,1.3102041898787935,SL,4,0.3605891294716044,0.0002674371356153943,0.0,-1.0,0.9,2.0124999999999997,constant_spread_bid_ask,0.336528,-1.336528,0.0,-5.389881,1.3098898148787934,sloped,frozen_range_edge_reclaim,"{""adx"": 11.294765840225216, ""atr"": 0.0008982142857143176, ""ci"": 59.50786293444754, ""instrument"": ""GBPUSD"", ""range_regime"": ""flat"", ""range_votes"": 3, ""respect_rated"": false, ""sessions"": [""london""], ""signal_bar_ts"": 1763971200, ""structural_rr"": 1.8633234748532086, ""vp"": 0.0, ""width_atr"": 3.687}",GBPUSD,regime_range_reversion_v2:short,stress
regime_range_reversion_v2,regime_range_reversion_v2:GBPUSD:short:1765796400:sloped:1.338417,short,1765800000,1765800000,1765800000,limit,1.3383681748318392,1.3388446712604105,1.337146925257865,1.3388446712604105,SL,1,0.023060370987900765,0.0003560279133439141,0.0,-1.0,0.9,2.0124999999999997,constant_spread_bid_ask,0.252789,-1.252789,0.0,-2.521752,1.3384170462604106,sloped,frozen_range_edge_reclaim,"{""adx"": 35.814722911506166, ""atr"": 0.0012217857142856772, ""ci"": 61.61074399887841, ""instrument"": ""GBPUSD"", ""range_regime"": ""flat"", ""range_votes"": 2, ""respect_rated"": false, ""sessions"": [""london""], ""signal_bar_ts"": 1765796400, ""structural_rr"": 2.562977392372201, ""vp"": 35.0, ""width_atr"": 2.079}",GBPUSD,regime_range_reversion_v2:short,stress
regime_range_reversion_v2,regime_range_reversion_v2:GBPUSD:short:1770030000:horizontal:1.3703325,short,1770033600,1770033600,1770037200,limit,1.3702530285714285,1.371027875,1.3684332049971375,1.3684332049971375,TP,1,0.11728923242850212,0.0005654768954456036,0.041666666666666664,2.348625,0.9025,2.0124999999999997,constant_spread_bid_ask,0.1596,2.189025,6.679622,-0.729043,1.3703325,horizontal,frozen_range_edge_reclaim,"{""adx"": 17.891682785298883, ""atr"": 0.0019867857142857087, ""ci"": 61.55494707665825, ""instrument"": ""GBPUSD"", ""range_regime"": ""descending"", ""range_votes"": 3, ""respect_bounces"": 1, ""respect_breaks"": 1, ""respect_rated"": true, ""respect_resolved"": 5, ""respect_score"": 0.5, ""respect_sweeps"": 3, ""sessions"": [""london""], ""signal_bar_ts"": 1770030000, ""structural_rr"": 2.3486248464047197, ""vp"": 10.0, ""width_atr"": 3.263}",GBPUSD,regime_range_reversion_v2:short,stress
regime_range_reversion_v2,regime_range_reversion_v2:EURUSD:short:1770102000:horizontal:1.1815775,short,1770105600,1770105600,1770105600,limit,1.1815312142857142,1.1819825,1.1802325,1.1819825,SL,1,0.005370370370326205,0.00038194988742518035,0.0,-1.0,0.9,1.575,constant_spread_bid_ask,0.235633,-1.235633,0.0,-1.123155,1.1815775,horizontal,frozen_range_edge_reclaim,"{""adx"": 21.241830065357473, ""atr"": 0.001157142857142825, ""ci"": 52.48315522091666, ""instrument"": ""EURUSD"", ""range_regime"": ""descending"", ""range_votes"": 2, ""respect_bounces"": 2, ""respect_breaks"": 1, ""respect_rated"": true, ""respect_resolved"": 3, ""respect_score"": 0.6667, ""respect_sweeps"": 0, ""sessions"": [""london""], ""signal_bar_ts"": 1770102000, ""structural_rr"": 2.8778094333643707, ""vp"": 0.0, ""width_atr"": 4.201}",EURUSD,regime_range_reversion_v2:short,stress
regime_range_reversion_v2,regime_range_reversion_v2:GBPUSD:short:1771408800:sloped:1.356947,short,1771412400,1771412400,1771412400,limit,1.3569081836135986,1.3572869014707416,1.3563522632353706,1.3572869014707416,SL,1,0.28647080473554487,0.00027910352499642497,0.0,-1.0,0.9,2.0124999999999997,constant_spread_bid_ask,0.322461,-1.322461,0.0,-1.923371,1.3569470264707415,sloped,frozen_range_edge_reclaim,"{""adx"": 48.32214765100509, ""atr"": 0.0009710714285714144, ""ci"": 58.28287413629077, ""instrument"": ""GBPUSD"", ""range_regime"": ""descending"", ""range_votes"": 2, ""respect_rated"": false, ""sessions"": [""london""], ""signal_bar_ts"": 1771408800, ""structural_rr"": 1.467901150533683, ""vp"": 5.0, ""width_atr"": 5.151}",GBPUSD,regime_range_reversion_v2:short,stress
regime_range_reversion_v2,regime_range_reversion_v2:USDJPY:short:1771869600:horizontal:154.58633,short,1771873200,1771873200,1771873200,limit,154.5775161904762,154.66348333333332,154.4735889859541,154.66348333333332,SL,1,0.3675394253618478,0.0005561426071253273,0.0,-1.0,0.9,1.575,constant_spread_bid_ask,0.161829,-1.161829,0.0,-1.200039,154.58633333333333,horizontal,frozen_range_edge_reclaim,"{""adx"": 12.897463379780005, ""atr"": 0.22042857142857436, ""ci"": 49.8976025689979, ""instrument"": ""USDJPY"", ""range_regime"": ""flat"", ""range_votes"": 2, ""respect_bounces"": 1, ""respect_breaks"": 2, ""respect_rated"": true, ""respect_resolved"": 4, ""respect_score"": 0.375, ""respect_sweeps"": 1, ""sessions"": [""newyork""], ""signal_bar_ts"": 1771869600, ""structural_rr"": 1.2089177454088385, ""vp"": 20.0, ""width_atr"": 4.107}",USDJPY,regime_range_reversion_v2:short,stress
regime_range_reversion_v2,regime_range_reversion_v2:EURUSD:short:1773140400:horizontal:1.164553,short,1773144000,1773147600,1773151200,limit,1.1644833142857143,1.16516275,1.16355275,1.16355275,TP_GAP,2,0.35778597785983546,0.0005834653927200302,0.041666666666666664,1.369613,0.9025,1.575,constant_spread_bid_ask,0.154679,1.214934,2.475217,-0.969089,1.164553,horizontal,frozen_range_edge_reclaim,"{""adx"": 7.925290257443811, ""atr"": 0.0017421428571428507, ""ci"": 55.38466657231717, ""instrument"": ""EURUSD"", ""range_regime"": ""flat"", ""range_votes"": 2, ""respect_bounces"": 3, ""respect_breaks"": 1, ""respect_rated"": true, ""respect_resolved"": 5, ""respect_score"": 0.7, ""respect_sweeps"": 1, ""sessions"": [""london_ny_overlap"", ""london"", ""newyork""], ""signal_bar_ts"": 1773140400, ""structural_rr"": 1.3696134397242488, ""vp"": 35.0, ""width_atr"": 2.856}",EURUSD,regime_range_reversion_v2:short,stress
regime_range_reversion_v2,regime_range_reversion_v2:GBPUSD:short:1773651600:sloped:1.3253378,short,1773655200,1773655200,1773655200,limit,1.3252762602983743,1.3258764424412313,1.322068478098606,1.3258764424412313,SL,1,0.3387163693312385,0.0004528732316700726,0.0,-1.0,0.9,2.0124999999999997,constant_spread_bid_ask,0.198731,-1.198731,0.0,-3.644397,1.3253378174412314,sloped,frozen_range_edge_reclaim,"{""adx"": 8.421052631579302, ""atr"": 0.0015389285714285978, ""ci"": 57.17368156536573, ""instrument"": ""GBPUSD"", ""range_regime"": ""descending"", ""range_votes"": 2, ""respect_rated"": false, ""sessions"": [""london""], ""signal_bar_ts"": 1773651600, ""structural_rr"": 5.344681173782922, ""vp"": 5.0, ""width_atr"": 4.249}",GBPUSD,regime_range_reversion_v2:short,stress
regime_range_reversion_v2,regime_range_reversion_v2:EURUSD:short:1774627200:sloped:1.1522586,short,1774630800,1774630800,1774630800,limit,1.1522072242504406,1.1527080956790121,1.150900312838361,1.1527080956790121,SL,1,0.23143156319072414,0.0004347060303300111,0.0,-1.0,0.9,1.575,constant_spread_bid_ask,0.207036,-1.207036,0.0,-1.57439,1.1522585956790121,sloped,frozen_range_edge_reclaim,"{""adx"": 8.829300196203377, ""atr"": 0.0012842857142856903, ""ci"": 51.7374135699464, ""instrument"": ""EURUSD"", ""range_regime"": ""descending"", ""range_votes"": 2, ""respect_rated"": false, ""sessions"": [""newyork""], ""signal_bar_ts"": 1774627200, ""structural_rr"": 2.609275230186402, ""vp"": 20.0, ""width_atr"": 2.115}",EURUSD,regime_range_reversion_v2:short,stress
regime_range_reversion_v2,regime_range_reversion_v2:GBPUSD:short:1777968000:horizontal:1.3542888,short,1777971600,1777971600,1777971600,limit,1.3542457785714286,1.35466475,1.353666875,1.35466475,SL,1,0.02865026595750634,0.00030937621161600135,0.0,-1.0,0.9,2.0124999999999997,constant_spread_bid_ask,0.290908,-1.290908,0.0,-1.409495,1.35428875,horizontal,frozen_range_edge_reclaim,"{""adx"": 8.43570843570214, ""atr"": 0.001074285714285726, ""ci"": 56.1212805355433, ""instrument"": ""GBPUSD"", ""range_regime"": ""descending"", ""range_votes"": 2, ""respect_bounces"": 3, ""respect_breaks"": 2, ""respect_rated"": true, ""respect_resolved"": 5, ""respect_score"": 0.6, ""respect_sweeps"": 0, ""sessions"": [""london""], ""signal_bar_ts"": 1777968000, ""structural_rr"": 1.3817256546645222, ""vp"": 20.0, ""width_atr"": 5.634}",GBPUSD,regime_range_reversion_v2:short,stress
regime_range_reversion_v2,regime_range_reversion_v2:USDJPY:short:1779465600:sloped:159.18877,short,1779469200,1779480000,1779480000,limit,159.18556906779662,159.2167690677966,159.10050737986583,159.2167690677966,SL,4,0.11336334745770912,0.00019599766601139672,0.0,-1.0,0.9,1.575,constant_spread_bid_ask,0.459189,-1.459189,0.0,-1.249002,159.1887690677966,sloped,frozen_range_edge_reclaim,"{""adx"": 5.612829324173603, ""atr"": 0.0799999999999983, ""ci"": 57.97836358994974, ""instrument"": ""USDJPY"", ""range_regime"": ""flat"", ""range_votes"": 2, ""respect_rated"": false, ""sessions"": [""newyork""], ""signal_bar_ts"": 1779465600, ""structural_rr"": 2.726336151629248, ""vp"": 5.0, ""width_atr"": 2.207}",USDJPY,regime_range_reversion_v2:short,stress
regime_range_reversion_v2,regime_range_reversion_v2:EURUSD:short:1780552800:sloped:1.1613656,short,1780556400,1780563600,1780563600,limit,1.1613372842379905,1.1616137663808477,1.160909695690424,1.1616137663808477,SL,3,0.36997272865155156,0.00023807221778688578,0.0,-1.0,0.9,1.575,constant_spread_bid_ask,0.378037,-1.378037,0.0,-5.766338,1.1613656413808477,sloped,frozen_range_edge_reclaim,"{""adx"": 13.303437967121983, ""atr"": 0.0007089285714285369, ""ci"": 63.75676383377247, ""instrument"": ""EURUSD"", ""range_regime"": ""descending"", ""range_votes"": 3, ""respect_rated"": false, ""sessions"": [""london""], ""signal_bar_ts"": 1780552800, ""structural_rr"": 1.5465322394711731, ""vp"": 20.0, ""width_atr"": 2.18}",EURUSD,regime_range_reversion_v2:short,stress
regime_range_reversion_v2,regime_range_reversion_v2:EURUSD:short:1781262000:sloped:1.1571833,short,1781265600,1781265600,1781269200,limit,1.157133795980819,1.1576168388379617,1.156560419418981,1.156560419418981,TP_GAP,1,0.0009721031450009199,0.00041744771332453745,0.041666666666666664,1.18701,0.9025,1.575,constant_spread_bid_ask,0.216195,0.970815,1.786067,-1.795678,1.1571833388379618,sloped,frozen_range_edge_reclaim,"{""adx"": 2.3457862728024406, ""atr"": 0.0012385714285713906, ""ci"": 63.50375955798789, ""instrument"": ""EURUSD"", ""range_regime"": ""flat"", ""range_votes"": 2, ""respect_rated"": false, ""sessions"": [""london_ny_overlap"", ""london"", ""newyork""], ""signal_bar_ts"": 1781262000, ""structural_rr"": 1.1870097101315025, ""vp"": 55.0, ""width_atr"": 2.188}",EURUSD,regime_range_reversion_v2:short,stress
regime_range_reversion_v2,regime_range_reversion_v2:EURUSD:short:1782972000:sloped:1.139692,short,1782975600,1782975600,1782975600,limit,1.1396667308923054,1.1399132666065912,1.1389370083032957,1.1399132666065912,SL,1,0.3191223155114497,0.00021632263854255314,0.0,-1.0,0.9,1.575,constant_spread_bid_ask,0.416045,-1.416045,0.0,-5.508807,1.1396920166065911,sloped,frozen_range_edge_reclaim,"{""adx"": 10.112359550553387, ""atr"": 0.0006321428571428907, ""ci"": 52.487115000442095, ""instrument"": ""EURUSD"", ""range_regime"": ""descending"", ""range_votes"": 2, ""respect_rated"": false, ""sessions"": [""london""], ""signal_bar_ts"": 1782972000, ""structural_rr"": 2.959906199082411, ""vp"": 0.0, ""width_atr"": 4.254}",EURUSD,regime_range_reversion_v2:short,stress
